#{"t_start": 1776774591.3902214, "env_id": "None"}
r,l,t
-329.856336,14,17.82173
-264.153321,16,23.122289
-240.653192,18,29.138862
-268.594053,21,36.996308
-301.477905,14,43.298773
-200.36673,19,49.593183
-132.434421,12,53.391802
-292.174111,20,60.481788
-258.159305,16,66.513925
-336.362488,19,73.91524
-291.302227,12,79.430637
-259.254673,14,84.69363
-300.186974,15,90.050824
-254.767297,18,97.770524
-250.635442,15,103.37545
-357.058925,18,110.154027
-280.978702,15,118.018082
-274.125398,18,124.295443
-260.288193,13,129.454448
-274.003886,14,134.209258
-358.579046,14,138.502206
-272.525858,15,144.384079
-336.378968,21,151.180554
-248.604451,15,155.552688
-228.975986,15,160.423036
-267.80955,15,166.165977
-286.678624,19,174.245768
-275.442876,20,181.38017
-295.099705,10,185.44749
-317.84738,14,190.360615
-320.631937,17,196.384129
-267.494867,23,204.765198
-261.560027,20,211.39838
-295.672668,21,217.872073
-269.661557,18,223.344658
-232.886251,19,229.722862
-249.879215,21,237.3319
-286.462012,14,244.596774
-308.224096,14,250.343514
-247.883393,17,256.138704
-246.44654,18,264.840972
-305.106202,10,269.604484
-298.331946,11,273.456544
-297.652159,22,280.355613
-234.804736,16,286.624759
-282.704585,18,293.030318
-286.389615,18,299.589206
-293.690214,17,305.351021
-272.094576,22,314.317216
-297.095156,20,320.856505
-268.297022,17,326.957744
-331.594142,13,331.433081
-296.023341,21,338.944737
-266.890745,18,345.819321
-235.47903,15,350.235735
-282.166713,21,357.454371
-301.144667,16,362.527777
-281.525668,18,369.461751
-258.368478,19,376.73102
-286.858014,17,383.019528
-271.046109,19,389.43924
-270.939995,17,395.142124
-321.943,14,399.610848
-306.787574,17,405.285486
-318.424082,17,412.019827
-321.310837,19,417.799245
-312.95121,20,423.865358
-291.641843,11,431.761156
-328.689054,19,438.26143
-286.683688,19,445.74927
-258.389076,20,451.594748
-198.50521,15,456.244092
-309.94555,15,460.825942
-318.617662,15,466.364346
-219.2807,15,471.605597
-309.429225,20,480.313187
-354.330266,17,486.526607
-329.365622,19,493.483939
-287.716025,17,499.229698
-264.44743,14,503.830485
-219.678262,22,513.180654
-199.944898,13,519.307858
-247.415154,19,526.336997
-243.218715,20,532.967372
-159.560396,15,537.580943
-251.809008,13,542.657995
-338.116282,13,547.575392
-256.5488,16,553.273102
-260.470967,15,557.808658
-257.423838,10,561.725447
-284.773491,9,568.191864
-279.351025,17,576.587949
-251.914575,18,582.897198
-293.963466,14,587.893011
-213.635955,12,591.686231
-322.544866,18,597.141749
-357.072593,15,602.767811
-318.795151,13,608.176419
-272.484786,16,614.064407
-264.865553,20,621.630078
-273.360927,22,631.06906
-248.077083,15,635.61123
-282.826037,15,642.529009
-313.94608,18,648.786281
-273.533081,13,653.584362
-309.573824,21,661.114241
-289.596627,19,670.020121
-255.194939,19,676.071325
-236.718559,20,685.107678
-230.90254,17,691.638079
-290.849453,15,697.939758
-283.310214,21,705.086272
-238.068674,21,713.007639
-296.627637,17,719.397215
-259.89116,17,725.062635
-263.817665,17,731.508357
-327.129576,17,738.001856
-295.053344,22,744.909614
-255.847445,20,751.223247
-145.234438,8,755.372524
-155.46521,14,760.68899
-293.213678,22,767.415478
-227.91353,14,771.796418
-238.716055,16,777.132542
-418.826078,15,783.039373
-319.152508,17,789.083347
-301.798452,15,795.709754
-247.556323,17,800.854264
-294.87726,22,808.74085
-304.500244,15,813.158022
-321.39212,18,821.46443
-319.889931,17,826.739858
-265.457078,19,833.635364
-305.734664,17,841.017213
-251.458928,22,848.769964
-295.466135,15,855.488872
-272.81985,18,861.485094
-272.236572,18,866.736383
-258.374891,13,871.149657
-258.930701,18,879.016678
-252.84465,12,883.555219
-273.138019,17,889.482295
-269.55422,19,895.907295
-214.672388,18,901.626121
-261.065904,16,906.598454
-262.022585,14,911.259799
-191.312553,17,917.883366
-199.250932,14,922.898514
-177.105139,13,927.558306
-230.164862,20,934.72847
-228.563024,17,940.307006
-265.242926,21,946.829189
-269.472045,16,952.70378
-320.502661,16,960.819588
-232.925503,14,965.340441
-255.680848,15,970.672971
-264.55175,19,976.900678
-300.784701,15,982.133148
-353.529537,16,988.751701
-231.655341,15,994.468955
-224.326847,18,1000.468573
-245.522649,14,1006.18341
-245.579776,17,1012.339662
-242.538781,21,1019.587708
-426.149724,20,1026.265526
-287.260293,16,1031.832215
-260.535363,15,1037.793642
-245.837392,17,1044.12335
-286.658858,13,1048.373002
-290.879976,12,1052.320712
-302.872737,18,1057.571103
-328.807788,16,1062.769791
-311.706181,16,1067.977855
-304.125875,17,1074.26783
-221.724028,24,1082.195953
-289.746283,19,1089.37844
-249.363066,15,1095.211227
-224.718162,17,1101.75498
-302.144285,17,1107.861699
-361.802536,22,1115.138931
-315.709631,13,1120.923557
-303.705433,17,1126.179257
-228.220457,17,1133.200843
-247.097707,15,1140.08606
-302.766228,16,1146.723612
-254.105,15,1152.437601
-264.044126,17,1157.918452
-300.700988,15,1163.746819
-267.734854,13,1168.619941
-383.776599,18,1175.64617
-283.851419,22,1182.494495
-270.110127,11,1187.946395
-291.145202,15,1193.046947
-331.993554,19,1199.150518
-283.817138,19,1206.630937
-198.448053,22,1214.715806
-184.539049,14,1220.050453
-282.864009,18,1225.974683
-276.777288,20,1233.155306
-287.540556,12,1237.804147
-278.560323,13,1244.131848
-262.415693,16,1251.962813
-304.701186,18,1259.140374
-279.091435,14,1263.908574
-308.581382,19,1269.803674
-136.028666,9,1272.732149
-276.005258,15,1278.560389
-324.639886,23,1285.501045
-370.713364,15,1292.322521
-198.044246,16,1297.012594
-355.866752,20,1303.558003
-228.802713,14,1308.215544
-302.15732,19,1315.409263
-309.600903,18,1321.373178
-262.708544,16,1327.753185
-260.269803,14,1332.502164
-293.459998,11,1336.015931
-301.561534,12,1341.652523
-309.599266,13,1348.700667
-282.250428,11,1351.782615
-379.462901,16,1358.101711
-312.043839,14,1362.434412
-173.331631,17,1368.996526
-304.028163,16,1374.067043
-311.986754,13,1378.292898
-312.009036,13,1382.703727
-309.689807,22,1391.314498
-304.14733,16,1397.413581
-271.917594,15,1401.96288
-321.67427,23,1409.320473
-276.495744,17,1414.897229
-287.229644,20,1424.263564
-261.392899,19,1430.225108
-292.238329,18,1436.580111
-215.488238,11,1440.318318
-296.909941,19,1446.644258
-286.754556,16,1452.297097
-263.387834,15,1458.814267
-242.682387,16,1464.144558
-190.45317,17,1470.01955
-190.060832,20,1476.849444
-246.729214,19,1483.058806
-262.055948,18,1488.694176
-326.080814,20,1495.534636
-311.35072,16,1502.478374
-241.924938,20,1509.603697
-135.222702,14,1514.418255
-238.512308,15,1519.318055
-312.362429,13,1523.212585
-206.782137,12,1528.036466
-333.718269,18,1534.794014
-285.348791,18,1541.468521
-209.693186,20,1550.445467
-253.505741,22,1559.920716
-326.203044,10,1562.912888
-226.061055,20,1572.885518
-259.071811,20,1583.224762
-259.465898,13,1589.222331
-289.944319,19,1596.113987
-242.250913,21,1603.526669
-311.342118,15,1608.110838
-237.263483,22,1615.591001
-278.743505,19,1624.502877
-308.537837,19,1630.731892
-268.566398,14,1635.658914
-272.456651,22,1642.960005
-335.461402,19,1648.944799
-297.959729,23,1658.126087
-338.57501,14,1663.689461
-318.309297,14,1669.243963
-378.374644,22,1677.792735
-238.577149,14,1682.983314
-349.907628,16,1690.052887
-256.477839,18,1696.135603
-248.70879,15,1703.117957
-217.025801,19,1710.579585
-309.583482,17,1716.437182
-289.895997,19,1722.845693
-244.45136,13,1729.083869
-252.639612,17,1735.184031
-297.050373,18,1742.901505
-278.381984,17,1749.525747
-297.45255,24,1759.339692
-259.147175,23,1768.573849
-258.895053,14,1774.456657
-342.025101,19,1781.426314
-245.86285,20,1788.312721
-315.529043,14,1794.430442
-236.540201,18,1801.540756
-278.84157,15,1807.334597
-344.122039,20,1814.436147
-279.052346,18,1820.171719
-259.948279,14,1825.639689
-245.77563,19,1832.743553
-238.645498,18,1838.726923
-289.699953,17,1845.184867
-250.773764,19,1850.824926
-313.107671,12,1854.841854
-331.114971,17,1862.196989
-332.564805,20,1870.785218
-265.825669,12,1875.48039
-289.13766,20,1883.057766
-303.599074,17,1889.338832
-260.672487,14,1893.864583
-264.915957,14,1898.821886
-281.19638,15,1905.121003
-328.356621,21,1911.881546
-201.736068,18,1917.864162
-262.118354,19,1926.945511
-377.163075,23,1934.919127
-324.095532,15,1938.852576
-323.513287,14,1945.418581
-271.688615,15,1951.209722
-248.710781,16,1957.16795
-305.403173,17,1962.586211
-304.67073,19,1968.415673
-227.928181,11,1971.862116
-282.090823,9,1976.573494
-293.810919,17,1982.470588
-359.237195,22,1990.656163
-327.601067,17,1995.59995
-168.799526,19,2002.935116
-268.289638,13,2008.265161
-173.938236,14,2013.819723
-295.58961,17,2020.270615
-297.49874,20,2026.814273
-428.723277,21,2034.848875
-220.661727,12,2040.048544
-258.011312,20,2046.994927
-297.37828,18,2053.238042
-337.725662,24,2061.023423
-410.7491,19,2067.130095
-309.590863,18,2074.790436
-284.55872,14,2081.310101
-304.668036,15,2086.065778
-239.351444,18,2091.802747
-283.001777,19,2098.364505
-453.991461,23,2106.47711
-261.449221,19,2114.969738
-269.713898,17,2120.571903
-296.596492,17,2127.055515
-224.426162,16,2132.444131
-307.392331,10,2139.764234
-190.171304,19,2145.334243
-224.15089,17,2150.85075
-251.136855,20,2157.086463
-243.909807,17,2162.357905
-270.3579,12,2166.884962
-293.579422,24,2177.290766
-246.780851,15,2181.907552
-173.691021,19,2188.418442
-281.38694,11,2193.873645
-232.762719,17,2200.03384
-304.144974,19,2208.464648
-271.966597,21,2216.091334
-292.910904,19,2221.674949
-307.52183,14,2228.326332
-259.459558,12,2233.265936
-256.550979,20,2239.430227
-258.45173,13,2243.980462
-232.857305,18,2249.663033
-295.080878,20,2256.63815
-235.244678,18,2262.412093
-343.425857,12,2266.757074
-251.649665,17,2272.122603
-272.166631,17,2277.776054
-283.076453,18,2284.294519
-257.013107,19,2291.011494
-195.125775,10,2294.352644
-251.996831,16,2299.324471
-343.039889,15,2303.945373
-342.695766,17,2312.318873
-341.274061,15,2318.480173
-222.524524,16,2323.617378
-345.342225,17,2328.976549
-362.61607,14,2336.208208
-267.970605,22,2343.184115
-353.12495,14,2349.164123
-255.317093,15,2354.611837
-250.685513,20,2362.129652
-285.065589,19,2368.758622
-187.164207,9,2372.285765
-247.791673,20,2378.995431
-288.172568,17,2386.120773
-221.84278,13,2392.76821
-259.210103,19,2399.458125
-247.892427,20,2407.672834
-319.571726,16,2413.705052
-292.493579,21,2420.739334
-261.061878,19,2427.948467
-231.884271,15,2434.397419
-385.672788,20,2441.828238
-228.664054,15,2449.861572
-266.321409,15,2456.487113
-318.955288,16,2461.479436
-316.670506,12,2465.942065
-301.955757,20,2472.784454
-260.520314,19,2479.284055
-241.750167,17,2487.167018
-307.291306,18,2492.3749
-186.489021,17,2497.543208
-272.822573,18,2503.827262
-285.413245,18,2509.934075
-290.84294,15,2515.862388
-234.455707,12,2520.388957
-198.264079,20,2528.396762
-183.870144,17,2534.454253
-246.919396,19,2541.742245
-239.199524,11,2547.705307
-272.838258,19,2553.799448
-231.493106,18,2559.502996
-203.576881,15,2565.738878
-244.551341,12,2571.247052
-289.072619,16,2576.926285
-281.899311,14,2581.954496
-300.933183,20,2588.365242
-355.262525,16,2595.382651
-282.935456,18,2601.565711
-335.825636,24,2611.825747
-238.075833,17,2620.126614
-256.02377,12,2624.665425
-234.666646,14,2629.759207
-299.64666,14,2634.553943
-260.922745,18,2641.698336
-236.1284,20,2647.819006
-298.984844,12,2653.055823
-305.997424,16,2659.449075
-286.886648,22,2666.895794
-164.777322,17,2673.225106
-170.199106,10,2676.297899
-264.146322,11,2680.839068
-233.043809,18,2687.29936
-260.328944,10,2692.351148
-239.355044,12,2697.451787
-229.97782,21,2705.43201
-314.025047,17,2711.37775
-233.700796,16,2717.833691
-347.460389,15,2724.957896
-255.160566,18,2731.118015
-387.573676,17,2736.278405
-243.05758,17,2742.023154
-275.033429,19,2748.339791
-323.133727,19,2754.461583
-303.799669,17,2760.79882
-237.212621,16,2768.780926
-221.37026,19,2775.606474
-200.981427,14,2780.435295
-171.929594,10,2784.317108
-380.747852,14,2788.319912
-271.656396,17,2793.90224
-186.128332,19,2800.752897
-241.216211,20,2808.696743
-299.186988,19,2814.767218
-265.417516,13,2820.520007
-277.341571,14,2826.359463
-197.264919,23,2833.687419
-292.94341,22,2845.23074
-257.356466,24,2853.299933
-203.098694,16,2858.737291
-265.864009,19,2864.744256
-261.236167,19,2871.595712
-314.713289,15,2877.272585
-292.511542,14,2881.938025
-276.862996,9,2887.56721
-291.512999,15,2893.571438
-231.386394,13,2898.475884
-295.959182,23,2905.966388
-259.647258,15,2911.911943
-145.334326,14,2917.188222
-247.264746,22,2924.947766
-213.011205,18,2931.427835
-289.216302,16,2937.25705
-266.473663,20,2943.878501
-253.54875,18,2951.259798
-199.023633,17,2957.006392
-263.408747,20,2963.002038
-345.800212,18,2968.647598
-287.749227,12,2972.578245
-222.002577,23,2981.530252
-291.493017,16,2986.821563
-281.832705,9,2989.798681
-264.401735,23,2998.044732
-289.676383,17,3003.49465
-212.095685,18,3008.964361
-296.446018,16,3014.640823
-264.591204,18,3020.228666
-256.884107,17,3025.859158
-236.860397,19,3031.782347
-295.560648,9,3034.802154
-296.181994,15,3040.429596
-182.997079,16,3045.58995
-400.092811,22,3056.490982
-253.718728,16,3062.6457
-297.142579,17,3068.183218
-285.40489,19,3074.193575
-218.919667,18,3083.405421
-246.008157,16,3157.596244
-278.383778,18,3163.780306
-233.676314,18,3171.63198
-237.283516,16,3177.404825
-203.580195,16,3182.79197
-262.829302,12,3186.574439
-238.751908,18,3192.942228
-387.56162,22,3201.938005
-271.337966,16,3208.015915
-292.582541,12,3213.971297
-237.644708,18,3219.823464
-286.817233,19,3226.829136
-335.497189,17,3232.695851
-281.415759,12,3237.500233
-257.551675,14,3245.376295
-149.831472,19,3253.617171
-248.972392,22,3261.445023
-271.416455,9,3264.845066
-301.388606,18,3271.144799
-220.248043,14,3275.773868
-217.201384,19,3282.404068
-285.646504,20,3289.324105
-302.741785,8,3293.175534
-257.839987,17,3299.250024
-267.482801,19,3307.396653
-257.652054,21,3315.031438
-335.249825,22,3322.15004
-252.920679,12,3326.001893
-248.735398,15,3332.750073
-254.868738,16,3338.211513
-236.323501,18,3344.980214
-233.30367,21,3352.302111
-358.439856,21,3359.565059
-231.651266,17,3366.798679
-338.968235,18,3374.202192
-363.721538,20,3381.512267
-297.497022,19,3390.082675
-264.121485,16,3397.326214
-303.491401,20,3405.045392
-307.132548,22,3412.900653
-252.080526,14,3417.53678
-286.810531,12,3423.935022
-323.625587,14,3428.853758
-298.722885,17,3434.636135
-402.360349,10,3437.946386
-289.529285,11,3442.878895
-272.078141,20,3449.718283
-443.03528,16,3458.114675
-269.236744,14,3462.856699
-233.222475,21,3470.375905
-251.742734,15,3475.712907
-256.951242,15,3480.902357
-196.369028,16,3486.413476
-239.986708,17,3492.654091
-247.576415,18,3499.07861
-271.745463,21,3505.755919
-245.668882,17,3512.533658
-239.011667,18,3521.179275
-383.151784,19,3528.106846
-248.173492,18,3533.995799
-292.870481,19,3540.761006
-294.167701,12,3545.14542
-266.926755,17,3551.946965
-260.686274,17,3557.290145
-294.843248,17,3563.670524
-296.727343,18,3569.843153
-224.223336,16,3575.321526
-281.239726,14,3581.737053
-351.466431,14,3586.683686
-167.528483,15,3592.517585
-400.536655,22,3601.084415
-261.890374,20,3610.83219
-274.953562,17,3617.964427
-284.466901,16,3624.091797
-214.751571,14,3630.745481
-302.043738,17,3637.043187
-299.116086,12,3640.807246
-219.352954,12,3645.918856
-266.723126,15,3651.355807
-254.777562,21,3662.541309
-370.532243,17,3669.033191
-250.700447,18,3678.370251
-188.279901,17,3684.212548
-258.795588,12,3689.534149
-290.810455,23,3697.270414
-345.37091,19,3703.640763
-274.268745,18,3709.527014
-222.065341,20,3716.232878
-282.6244,19,3723.858596
-328.486579,19,3730.667358
-287.900379,14,3736.441745
-302.700524,16,3742.346983
-378.015412,16,3748.916565
-366.227467,21,3756.462985
-285.510392,17,3763.174225
-222.18482,20,3769.703681
-281.706124,17,3778.213077
-257.111839,17,3784.012955
-283.437161,17,3790.636833
-251.861588,17,3800.416117
-233.136126,19,3807.840512
-304.74379,19,3815.396669
-258.566626,18,3821.732433
-280.977174,19,3830.877943
-363.347814,16,3837.73072
-258.846844,13,3843.00123
-329.89905,20,3852.844466
-304.44049,17,3860.712158
-239.496821,17,3867.005744
-386.282995,16,3873.45632
-355.09134,17,3881.925656
-244.926544,15,3886.874579
-299.436783,15,3892.609658
-268.969507,21,3900.385854
-274.659929,20,3908.818501
-299.960802,22,3918.061975
-221.789272,17,3924.526463
-289.35938,18,3932.779495
-354.360437,15,3937.855116
-183.577366,21,3947.169928
-260.756367,23,3958.390442
-249.354583,17,3963.922435
-232.702174,18,3970.111211
-182.982505,16,3975.488817
-217.142276,19,3981.973071
-265.194524,24,3990.23182
-285.823124,17,3996.140897
-232.956382,16,4002.666861
-295.763807,18,4010.179558
-285.158965,17,4018.760149
-210.955282,20,4026.477591
-268.795736,15,4032.12382
-255.303051,19,4039.023815
-262.292225,13,4043.717122
-304.6481,10,4046.972847
-445.032123,21,4054.307437
-279.317701,18,4060.865465
-315.920371,17,4066.996734
-244.869582,17,4072.889408
-275.948175,16,4078.173664
-253.969784,17,4084.899265
-273.840078,19,4092.724901
-295.803762,14,4098.197463
-344.394095,22,4105.270753
-262.685932,19,4113.637885
-271.326587,16,4119.402027
-259.415132,17,4125.772314
-220.659108,20,4132.28388
-259.68073,20,4140.447538
-329.828073,19,4146.776929
-266.846313,14,4152.24291
-324.789838,15,4159.18096
-285.149499,15,4164.836289
-253.364545,15,4170.16905
-357.483505,12,4174.931492
-260.614805,15,4182.843301
-303.135929,19,4189.062386
-265.23123,21,4198.311455
-247.965331,18,4204.984806
-193.438867,17,4210.941089
-229.549818,16,4217.428724
-260.653219,15,4223.29472
-215.061806,19,4229.902801
-259.040056,11,4234.529065
-258.928477,17,4240.822027
-248.341154,17,4246.613428
-327.875952,18,4255.082753
-179.537938,22,4262.760986
-230.396975,18,4270.631963
-237.027759,14,4276.328022
-321.089256,16,4283.609142
-249.626407,16,4290.069633
-222.555116,17,4295.810931
-312.137857,19,4303.323365
-312.787218,22,4310.170743
-300.584032,21,4318.357917
-211.781286,8,4321.42941
-241.699175,19,4328.051449
-239.520185,14,4333.441279
-332.688399,20,4341.956602
-247.357708,21,4349.216784
-277.95859,13,4353.74862
-245.669412,17,4359.566559
-243.819436,19,4365.958761
-255.458637,20,4373.412318
-255.408678,15,4379.392577
-245.281532,17,4385.674219
-268.11788,19,4392.955981
-278.618636,15,4399.505685
-272.04082,20,4406.239954
-297.802219,17,4413.233338
-285.298299,17,4418.763288
-224.580338,15,4423.804082
-169.092785,12,4428.19814
-292.034421,13,4435.254388
-229.410041,15,4441.754318
-324.794991,14,4448.169063
-241.197278,15,4454.569383
-160.700392,15,4460.193191
-264.599968,17,4466.496766
-351.257893,18,4473.52068
-379.248384,20,4481.554965
-272.753473,18,4488.463202
-297.530125,15,4494.296288
-304.352158,22,4502.801913
-293.395783,18,4508.833264
-284.980303,16,4515.785048
-253.842993,14,4523.386332
-249.120786,20,4531.050691
-247.619867,17,4538.095051
-277.391239,11,4543.468556
-209.887513,19,4550.037794
-313.529489,18,4556.583328
-293.58453,16,4562.309946
-323.274204,11,4566.443731
-294.615131,16,4574.334141
-277.214455,19,4581.081153
-220.705836,15,4586.337179
-265.633278,16,4593.311273
-297.37652,18,4600.87208
-286.728647,17,4607.44057
-240.799708,17,4613.417342
-233.686889,22,4622.507853
-229.917904,22,4630.57781
-355.164978,16,4636.785892
-183.515885,22,4644.772156
-244.669155,19,4651.169329
-357.789587,14,4657.638894
-325.287027,16,4663.26537
-166.54259,19,4668.980771
-313.500693,15,4674.191298
-241.811866,19,4683.145577
-204.83724,22,4692.085272
-244.389882,16,4697.437336
-227.487756,19,4704.063578
-242.344071,19,4710.829012
-229.800053,17,4719.072296
-331.786203,22,4725.875343
-254.678584,14,4734.673181
-279.724456,22,4742.957279
-301.188577,12,4749.015543
-304.03995,16,4754.540434
-239.021689,19,4761.135203
-294.676507,17,4769.402579
-285.971287,14,4774.938917
-251.038114,19,4782.614274
-299.641906,16,4788.860928
-244.354376,18,4795.112667
-221.402091,19,4801.689455
-268.427588,17,4809.549341
-272.728026,16,4816.827204
-248.494942,18,4823.055268
-194.065958,23,4830.785851
-269.951249,14,4835.335167
-318.119672,22,4842.903404
-300.514807,16,4848.542601
-229.234797,21,4857.31621
-289.096446,15,4862.312979
-254.786571,19,4869.245193
-213.526058,17,4875.326768
-255.023611,20,4882.737274
-264.253036,13,4887.966231
-293.381832,19,4895.542846
-292.915708,23,4904.737506
-255.770984,11,4910.545963
-274.814935,20,4918.819995
-276.417647,16,4924.969527
-273.331354,19,4933.542661
-291.898502,19,4940.51893
-230.372123,17,4946.269694
-280.16656,22,4954.857096
-339.50808,20,4962.270877
-314.15847,12,4968.099499
-266.55699,17,4973.82492
-257.866171,15,4979.640626
-278.032533,15,4984.798615
-365.575211,18,4990.885561
-220.923145,17,4997.443218
-389.50402,19,5005.427375
-279.303742,18,5013.311422
-244.568131,16,5018.613031
-263.125014,12,5023.385224
-242.110307,17,5029.85523
-209.38453,21,5036.811052
-238.189767,18,5044.354884
-194.895448,10,5048.085272
-204.093583,16,5053.924968
-275.401438,14,5058.788026
-312.602535,21,5066.378053
-288.08228,14,5071.927404
-320.403746,16,5077.871119
-393.194015,20,5085.348376
-281.178366,9,5091.19079
-261.461621,13,5095.769805
-238.285828,15,5102.214196
-282.927362,19,5109.805937
-254.751193,16,5115.708655
-308.750399,11,5119.608047
-257.80329,15,5126.826499
-251.128188,18,5134.461483
-279.664288,10,5139.117011
-242.14183,15,5143.968571
-274.965585,19,5151.954759
-157.108659,14,5158.94366
-246.689721,21,5166.574965
-307.847818,24,5175.652585
-351.794894,20,5183.901963
-292.424901,14,5189.288042
-240.554783,17,5195.731347
-315.594612,10,5198.822136
-288.148034,18,5204.908158
-354.241996,11,5208.610581
-250.440519,15,5214.184067
-253.715321,17,5221.592451
-283.853103,16,5228.113739
-218.425181,18,5234.35435
-246.71734,14,5241.690407
-224.282685,18,5248.296221
-253.313301,17,5254.225956
-204.26928,17,5261.377614
-291.175469,18,5267.856375
-253.316589,17,5273.911767
-253.124897,17,5280.84081
-269.827059,20,5288.381027
-207.12523,14,5293.091895
-257.69917,15,5298.955615
-175.194401,28,5308.25985
-291.575646,13,5313.077557
-304.547933,19,5320.289773
-267.593903,23,5331.351858
-336.067579,17,5337.5023
-284.925236,22,5346.235216
-283.549418,20,5353.254667
-291.343276,15,5358.426569
-384.630195,15,5364.935861
-273.342177,13,5371.869633
-219.348562,16,5377.742548
-211.881329,21,5384.786767
-244.877826,16,5391.508946
-224.951397,22,5398.743029
-252.99167,18,5405.061715
-303.130615,14,5409.812149
-229.33565,19,5417.15
-342.298663,17,5422.403979
-295.480324,18,5429.471696
-283.822746,22,5436.820216
-301.211575,17,5445.089502
-257.09259,18,5451.64919
-283.132091,14,5457.262117
-261.122514,24,5466.70682
-112.456602,18,5472.938447
-312.848763,19,5480.151705
-255.867269,18,5487.36057
-267.568558,13,5494.464691
-236.608813,20,5501.780974
-288.623421,16,5507.355222
-242.64201,16,5512.375263
-244.466086,16,5517.308451
-237.735183,20,5524.463757
-280.79185,13,5529.146919
-268.774867,12,5534.573889
-316.60466,23,5542.229623
-261.041768,17,5548.554467
-263.787829,16,5555.551519
-236.620288,15,5564.157565
-326.417253,16,5570.029536
-278.111415,17,5577.292705
-298.465116,17,5586.112
-246.10916,19,5593.492028
-293.170748,18,5602.247135
-282.241697,15,5607.252727
-226.306543,15,5612.133507
-307.164495,18,5619.260829
-301.739929,16,5624.973002
-330.16713,16,5631.841203
-354.229631,12,5636.141242
-253.498669,19,5642.883326
-268.015618,15,5648.881426
-374.729083,15,5655.407475
-368.766978,15,5661.869983
-208.702289,20,5669.124067
-276.772529,19,5676.11301
-183.023526,11,5680.501338
-316.31589,21,5688.35449
-270.310139,11,5694.372209
-285.967715,20,5701.049027
-233.510756,16,5706.782053
-223.676011,19,5714.052955
-279.020615,16,5720.35522
-255.301388,14,5728.250058
-325.495997,18,5734.215748
-193.820315,10,5738.235851
-276.767589,15,5744.761758
-281.493207,21,5752.595351
-297.894032,19,5759.189049
-179.573833,16,5764.756339
-237.994857,17,5771.678135
-286.247739,20,5778.349561
-251.160889,17,5784.200906
-248.003924,15,5790.859885
-237.555295,16,5798.835666
-281.442124,20,5807.207133
-177.919579,19,5815.542011
-271.046245,16,5821.453361
-305.364315,20,5828.544316
-251.42192,18,5835.696597
-277.18977,15,5843.781833
-231.284179,19,5852.51895
-279.463126,15,5858.738358
-343.044711,14,5864.461355
-237.351646,16,5870.679872
-382.84719,19,5877.656544
-245.084348,18,5883.508039
-259.601747,15,5888.498059
-213.343405,21,5896.377388
-299.283097,18,5902.787391
-282.715625,18,5909.528186
-296.798538,11,5914.972569
-216.193944,22,5924.22558
-325.332781,17,5930.049336
-295.457966,15,5936.232727
-266.710667,19,5943.032315
-363.449072,16,5949.709822
-285.001062,12,5954.368345
-225.535549,20,5964.113712
-307.915176,18,5970.785825
-248.359845,18,5977.116421
-291.666459,18,5984.300801
-267.381172,22,5993.021498
-281.274682,23,6002.411482
-301.049301,21,6009.704707
-273.070056,17,6015.982153
-329.808422,15,6021.163015
-280.063513,19,6028.345458
-192.756106,17,6034.215795
-318.229246,22,6042.999413
-262.264735,14,6048.185033
-236.484004,20,6055.405292
-306.817774,17,6061.601338
-284.849087,22,6069.689904
-261.854246,18,6077.606149
-260.944957,13,6083.828648
-310.827983,17,6090.257021
-246.318508,17,6097.988437
-197.783145,17,6104.181753
-276.95526,18,6110.483823
-306.883502,16,6115.849474
-249.234355,17,6121.445088
-202.588383,20,6128.383339
-271.330573,16,6134.660318
-252.139327,19,6143.425499
-239.863124,15,6149.335583
-164.069867,14,6154.010036
-235.213431,14,6159.686628
-214.515772,20,6166.760245
-287.135227,18,6173.151643
-245.063747,14,6179.689007
-337.693387,22,6189.09726
-234.065872,21,6196.90995
-314.580629,14,6202.929204
-269.265906,12,6206.594099
-311.255611,19,6213.654054
-252.528345,20,6220.454547
-300.181048,10,6224.089124
-251.278292,16,6232.251057
-287.542628,16,6237.851269
-327.0257,17,6245.364095
-296.625212,12,6249.343668
-254.29613,15,6255.373783
-262.618126,11,6259.338423
-228.872965,20,6266.945247
-267.843965,20,6274.654494
-260.533001,20,6282.950394
-326.171738,15,6289.784583
-268.636586,17,6295.803946
-344.165131,14,6301.439753
-261.40105,13,6306.230462
-261.105998,19,6313.12219
-360.433195,16,6319.487468
-260.710173,17,6327.206438
-245.93877,19,6335.633721
-300.300088,19,6342.215104
-242.526553,16,6347.824991
-258.116428,17,6353.86552
-359.228484,22,6363.978346
-301.526631,16,6369.448567
-295.909927,17,6376.125667
-269.909732,13,6382.415238
-341.262086,13,6453.134652
-274.680719,19,6462.730996
-244.857503,20,6469.978672
-244.38823,17,6476.545439
-265.25529,20,6483.574529
-203.813552,18,6490.886089
-324.498794,20,6498.649877
-272.620329,20,6505.517099
-327.379348,19,6512.178196
-167.697686,17,6519.664109
-238.947158,23,6527.278075
-240.378746,21,6534.08191
-226.332708,16,6539.94365
-358.457112,19,6547.85678
-236.344578,23,6557.408351
-198.761408,18,6563.603175
-285.815881,11,6567.020813
-266.153327,15,6572.263911
-258.664812,16,6577.919192
-308.406429,10,6581.255225
-217.49743,20,6590.106245
-242.308632,19,6598.43576
-202.438408,19,6605.337897
-229.027267,19,6611.926106
-210.017256,17,6619.333842
-286.395451,16,6625.069329
-313.312991,14,6629.482152
-289.421626,17,6635.140427
-344.016623,14,6641.966033
-243.619156,22,6650.117249
-277.589893,18,6656.560705
-221.150742,18,6663.736775
-250.346153,18,6670.280354
-193.544216,11,6674.648885
-361.316191,16,6682.634561
-265.493947,16,6688.548956
-265.929941,20,6695.603252
-283.52057,14,6703.201277
-223.629815,25,6712.52713
-187.771956,18,6718.95904
-311.650266,20,6727.156585
-260.337435,14,6731.856601
-274.732273,14,6736.317237
-324.018456,11,6740.36522
-302.366305,21,6748.792081
-329.956982,16,6754.451735
-232.516596,21,6761.261221
-240.505831,17,6767.251516
-264.84195,16,6773.053572
-354.795503,23,6780.483409
-215.417395,17,6786.614808
-284.237928,19,6793.95865
-232.923075,22,6804.240335
-271.394726,18,6810.313073
-257.715479,15,6816.185603
-348.859883,17,6822.119958
-298.270672,14,6828.208042
-259.996891,16,6834.129166
-230.25351,20,6842.761611
-286.490028,15,6849.228553
-296.045635,22,6857.470585
-280.345226,18,6865.295221
-256.902982,18,6872.421851
-280.932975,22,6881.461529
-226.492817,18,6889.540142
-232.683512,14,6894.792263
-245.19709,19,6901.748725
-282.022042,19,6908.194429
-268.286638,14,6914.08962
-407.692491,15,6920.376407
-305.366495,10,6925.193551
-262.340281,11,6929.642866
-248.650598,22,6939.661698
-230.232801,17,6947.035206
-234.649785,20,6954.238794
-227.424808,16,6959.461179
-328.981861,14,6965.282356
-260.75753,18,6971.759027
-298.979396,17,6978.137967
-252.497307,16,6984.75964
-246.108368,17,6990.310741
-277.115181,16,6996.596334
-257.183341,11,7001.700372
-243.182606,17,7007.829744
-210.3533,19,7014.466205
-315.587187,17,7022.558179
-168.988856,11,7026.68902
-298.874821,21,7034.264367
-190.433067,12,7038.131879
-240.395252,17,7043.82267
-241.710344,15,7048.60423
-294.951237,15,7054.085521
-314.540212,17,7062.774185
-268.684124,21,7069.941952
-283.639348,13,7074.514661
-283.001229,18,7080.674304
-280.987539,16,7086.774963
-300.98581,19,7094.435579
-241.882028,18,7101.223438
-298.66718,17,7106.540161
-213.753945,19,7112.924871
-334.233512,15,7119.545711
-301.256,11,7125.251586
-291.159433,16,7131.619298
-256.875978,13,7136.51101
-322.212692,19,7143.037677
-253.133648,12,7148.711396
-243.581624,18,7154.857413
-274.775166,16,7161.953783
-250.900614,11,7167.235656
-273.948356,18,7174.834785
-302.552181,19,7181.760132
-264.364932,16,7187.714885
-216.280121,19,7196.214232
-277.166797,12,7202.079784
-241.265325,17,7209.320497
-282.892372,15,7216.440656
-271.351901,14,7223.246053
-394.697686,19,7230.30704
-237.449369,15,7235.559124
-304.59283,15,7240.958919
-232.81702,16,7246.928853
-231.962853,16,7252.924054
-291.213372,17,7259.702847
-253.645464,18,7266.080574
-133.339214,13,7270.470384
-216.298119,18,7276.823215
-348.924551,19,7284.617712
-298.06137,23,7294.654608
-244.966311,17,7301.86658
-272.536787,18,7308.580403
-248.236831,18,7315.685044
-303.53966,19,7324.1018
-280.961583,19,7333.371569
-229.108392,19,7340.262879
-257.166416,19,7347.315185
-295.456486,19,7355.832121
-280.447362,19,7363.455711
-259.278321,14,7370.630745
-221.637818,18,7376.908286
-286.097158,20,7385.890226
-231.672888,22,7394.563161
-328.039571,21,7402.167114
-254.924983,17,7408.508669
-271.368293,24,7416.546941
-213.395339,16,7422.072336
-276.780259,12,7428.30996
-250.583818,14,7434.659852
-224.680128,15,7440.421627
-256.064291,22,7448.449034
-220.369703,14,7454.39055
-245.215807,18,7461.903276
-257.934717,14,7466.618351
-322.531791,17,7472.721671
-198.603544,20,7482.209087
-244.093726,14,7487.834866
-272.484322,18,7493.87065
-288.495706,11,7497.265103
-286.348401,14,7504.742808
-286.650577,20,7511.887851
-269.044645,17,7517.932862
-247.329911,21,7525.141775
-233.211407,19,7532.32612
-214.681877,16,7538.62385
-310.860154,17,7544.548539
-246.820713,9,7548.04813
-332.760296,20,7555.517221
-302.803979,16,7563.296829
-244.810386,16,7570.466739
-265.530998,15,7576.704272
-258.158038,12,7583.073658
-242.004696,22,7591.198392
-262.733059,16,7598.49634
-266.962664,14,7603.23814
-336.414879,17,7610.471297
-290.120107,15,7615.62663
-298.161181,15,7622.311231
-272.124363,14,7627.110717
-189.979728,20,7635.985748
-253.11431,20,7643.271588
-296.6338,15,7648.842473
-267.761733,10,7652.078361
-256.033401,16,7658.692656
-234.237198,18,7665.451365
-236.671193,18,7672.962769
-236.082705,22,7680.866259
-155.457959,7,7683.634272
-241.029313,12,7688.060239
-263.988688,13,7692.898776
-323.303902,14,7699.219244
-280.354609,17,7705.409565
-214.302598,9,7708.940718
-217.753477,21,7715.663041
-242.780611,20,7722.744183
-334.151159,18,7730.021329
-274.124881,18,7736.699785
-286.574075,19,7743.437401
-246.571702,15,7750.092008
-214.583931,17,7758.109534
-280.617876,18,7765.975625
-330.787685,20,7774.99692
-227.071509,18,7781.68577
-232.169919,21,7788.521304
-164.97596,13,7793.999883
-281.217612,14,7799.074994
-358.076631,18,7805.637757
-255.177673,12,7812.315047
-268.687301,14,7819.145529
-272.254012,16,7825.532129
-301.86431,20,7834.377493
-216.880829,15,7839.406937
-266.690233,14,7844.167682
-271.797433,16,7850.152889
-280.950682,15,7855.724347
-270.451221,16,7861.408979
-178.617653,16,7867.976783
-277.241203,18,7874.259979
-369.264978,14,7881.038508
-246.407625,16,7886.416134
-236.83196,19,7894.656469
-255.371225,17,7901.432896
-304.009185,21,7909.30993
-256.191123,15,7914.895803
-205.297596,22,7922.914813
-204.167832,17,7929.144636
-277.65382,12,7933.987888
-279.722284,19,7940.513813
-312.799773,16,7946.383847
-240.144287,19,7953.926713
-317.398318,16,7963.182134
-236.059268,17,7969.897964
-265.500469,21,7978.065747
-233.52167,17,7984.565234
-256.082716,19,7991.84699
-279.080359,15,7998.744053
-262.782225,19,8006.964319
-262.16246,12,8012.046399
-242.329091,17,8017.673661
-186.247532,18,8024.195156
-260.05761,21,8030.853849
-244.193415,16,8036.497476
-275.164019,17,8043.302578
-252.953823,19,8050.256942
-248.075377,18,8057.510464
-233.280845,20,8064.314834
-289.676248,9,8067.990481
-262.203079,16,8073.089429
-332.414913,19,8081.432231
-264.415831,13,8086.958754
-268.510888,19,8093.319739
-275.832441,16,8098.206178
-296.069615,14,8105.3158
-258.035274,20,8112.194016
-263.278785,19,8119.456643
-291.630358,21,8128.452744
-254.755228,15,8133.68037
-282.144281,16,8139.821921
-185.718733,10,8143.280353
-288.825264,13,8148.080622
-257.766681,19,8157.588251
-233.912969,16,8163.554678
-246.918198,18,8170.759566
-292.74545,17,8176.972382
-261.423051,19,8184.979438
-277.396543,21,8195.283778
-254.102112,17,8201.97697
-324.738937,17,8209.723325
-183.026779,22,8219.223018
-163.678497,11,8223.235605
-295.268921,19,8233.54428
-232.339292,15,8238.980736
-210.580986,17,8246.713313
-287.211688,18,8255.221687
-324.362984,19,8261.689784
-252.251398,15,8266.590241
-267.538645,15,8273.511217
-256.777199,16,8279.974387
-320.279479,16,8285.888688
-308.354724,12,8290.644494
-172.783843,16,8295.77002
-246.242299,19,8304.281704
-223.853822,19,8312.591963
-288.908628,13,8318.515108
-259.293802,18,8325.695485
-212.60642,18,8331.776234
-289.26235,16,8337.168708
-228.37882,20,8345.043674
-319.920415,16,8351.32652
-148.720113,16,8358.460271
-266.491699,9,8363.564533
-231.93999,16,8369.828879
-383.360528,15,8374.699564
-253.7918,17,8380.286952
-254.494741,20,8387.640033
-285.848376,16,8393.925426
-254.748324,21,8401.507397
-240.522021,16,8408.01811
-235.349377,10,8411.714946
-273.162138,15,8417.690644
-268.372371,14,8422.773571
-260.78467,16,8429.40243
-227.178274,12,8433.287302
-242.40075,16,8439.480235
-280.285542,13,8444.905679
-304.548521,14,8449.73421
-268.655285,15,8455.000813
-281.11559,21,8462.453043
-247.894519,16,8469.257648
-278.644699,12,8473.398225
-251.822959,18,8479.897507
-240.526433,19,8487.330288
-277.300267,12,8491.89487
-227.561414,16,8497.700055
-267.10313,21,8505.230591
-205.659936,16,8513.486018
-243.27286,15,8518.457423
-304.155276,17,8525.125016
-271.823721,16,8531.452129
-247.403478,15,8540.208731
-311.148488,17,8546.639463
-181.221344,18,8553.295874
-361.535228,19,8559.979295
-235.848898,18,8566.848956
-247.588718,17,8573.575171
-322.391264,14,8579.14244
-258.307392,12,8584.362874
-272.358663,21,8594.980543
-283.375183,16,8601.265059
-334.94466,11,8604.977207
-294.376319,17,8612.314822
-161.565968,19,8620.483891
-283.500669,12,8626.89632
-200.151334,18,8633.130469
-222.11622,12,8637.528467
-189.128462,12,8642.271647
-378.086613,16,8647.544607
-281.660986,17,8654.711516
-236.29785,19,8662.200473
-251.927498,17,8668.74511
-252.022583,22,8677.995776
-313.496973,18,8684.341737
-247.04947,19,8691.337191
-283.25681,19,8697.896565
-335.245374,20,8707.002979
-243.514011,17,8713.209198
-266.166887,17,8719.161548
-316.325198,11,8724.356771
-248.718202,20,8732.478133
-337.511516,17,8738.38563
-257.938043,19,8745.319981
-306.235929,18,8752.000431
-237.379362,19,8758.649464
-147.710339,18,8765.798769
-282.827231,16,8772.803948
-272.889717,18,8778.964961
-318.013107,20,8786.566464
-235.69208,13,8791.403949
-251.325012,15,8796.156024
-296.47728,15,8801.699776
-148.679391,11,8805.579015
-282.874766,16,8811.31316
-330.268112,20,8818.270247
-207.370297,20,8826.055781
-251.505257,22,8834.65323
-295.133598,16,8841.293326
-297.119966,18,8848.202633
-326.033503,19,8854.375413
-219.800582,13,8858.894328
-189.717017,18,8865.53784
-361.894546,17,8871.391242
-273.50469,17,8877.709632
-294.014909,14,8882.835949
-185.893672,18,8890.314816
-189.900706,18,8897.913216
-284.161172,14,8903.640618
-248.734447,16,8911.399295
-217.971104,14,8915.976829
-212.429756,18,8922.502201
-372.925022,21,8929.96616
-284.445176,17,8936.022471
-316.877831,20,8943.921953
-270.759138,17,8951.685211
-224.490555,16,8958.127458
-217.14601,17,8964.736593
-263.823938,17,8971.519009
-251.997713,16,8977.860638
-222.885621,18,8986.393322
-294.621532,20,8994.486033
-233.40089,20,9001.663655
-300.735354,20,9008.914998
-279.937547,12,9012.716965
-279.772452,17,9019.760318
-157.280014,12,9024.587138
-269.084297,14,9032.500442
-299.452264,16,9044.682064
-289.873788,22,9055.68755
-269.542705,18,9061.609232
-202.391924,23,9070.325619
-237.308245,19,9077.602892
-256.940077,19,9085.996556
-288.426557,18,9093.386585
-267.830142,17,9099.902633
-271.775065,15,9105.856121
-304.919581,16,9111.320554
-328.240246,12,9116.06719
-308.594896,20,9123.232022
-304.918509,16,9128.565442
-157.76439,16,9135.913985
-255.09112,22,9144.383756
-274.726552,18,9151.381943
-270.710867,14,9156.871732
-283.29749,16,9162.538774
-268.558034,18,9168.563936
-251.509622,17,9174.451804
-248.271873,21,9183.40003
-232.362371,15,9189.797707
-223.789799,19,9196.113143
-275.24356,13,9200.596278
-214.858858,21,9208.672604
-406.734264,23,9218.368256
-345.153818,17,9224.561924
-221.40459,21,9232.462528
-260.945067,21,9240.536343
-395.050227,24,9249.538485
-257.375231,15,9255.26694
-305.353348,18,9262.023142
-144.925643,15,9269.345238
-248.939828,16,9275.655463
-216.884083,22,9283.080645
-344.617885,15,9288.181836
-224.874336,21,9296.653514
-308.99505,20,9303.298809
-278.695115,15,9309.772182
-211.214965,21,9316.914448
-329.257101,20,9324.95863
-242.019196,15,9330.462829
-266.251691,19,9338.280298
-323.432258,21,9345.557217
-152.315449,11,9349.668681
-178.418655,16,9355.56408
-136.402433,11,9359.393213
-278.956115,16,9365.14607
-266.328897,19,9373.620306
-248.222529,13,9377.769555
-256.066454,18,9384.192991
-292.607697,17,9392.669214
-282.035464,23,9399.964132
-273.041812,16,9406.142637
-242.885305,16,9412.584731
-222.607804,18,9418.385616
-341.953005,20,9428.060272
-195.969467,16,9434.786401
-245.963707,19,9441.575663
-273.572022,16,9446.448448
-283.131146,16,9452.096642
-255.405496,21,9460.27006
-338.314878,16,9466.190265
-248.967929,16,9472.496259
-218.180508,16,9480.637991
-338.368053,15,9487.748059
-199.921979,20,9496.473156
-223.452334,20,9504.906808
-219.899163,18,9511.818658
-240.494402,17,9517.731119
-258.562127,18,9523.861597
-161.58987,15,9529.151863
-146.48644,15,9534.609646
-209.031221,21,9541.917669
-276.74905,12,9547.834635
-256.955171,20,9555.129776
-171.293942,15,9560.126093
-288.965573,22,9568.748288
-263.61028,19,9576.375228
-296.997557,16,9581.602808
-255.557119,18,9589.119685
-253.007398,21,9597.924935
-257.073231,18,9605.359206
-237.831186,11,9610.182035
-319.593518,20,9617.882894
-296.660291,15,9624.090445
-236.502594,21,9632.679513
-194.880966,15,9637.62879
-315.859402,20,9645.06018
-307.913324,19,9652.881011
-245.968023,9,9655.675089
-244.066053,19,9664.570194
-174.755014,11,9670.195273
-264.899157,18,9678.4691
-274.108165,16,9684.754817
-300.650712,21,9692.016078
-312.940414,22,9700.596773
-244.296371,19,9709.092914
-366.437459,19,9787.056441
-212.277685,24,9796.621763
-198.470173,22,9804.406769
-266.707232,18,9810.226944
-261.521032,14,9815.06528
-314.048406,13,9823.515744
-230.784364,22,9831.700929
-322.984093,22,9841.156516
-227.51787,12,9847.56836
-270.044599,16,9854.616479
-262.404102,15,9859.768396
-282.419494,15,9866.114603
-272.523568,13,9871.365519
-304.979702,14,9876.161904
-326.494537,19,9884.08489
-256.059074,21,9892.306752
-288.856784,20,9899.117575
-269.447483,23,9907.731771
-331.846207,20,9916.674799
-302.625259,19,9923.832299
-221.657348,21,9931.693189
-279.970981,17,9938.047259
-235.175216,21,9945.150069
-208.210351,20,9952.714077
-280.076056,22,9963.324349
-244.736315,17,9970.144272
-288.795611,15,9974.773542
-203.344735,16,9981.62975
-226.71101,18,9988.02998
-187.165171,20,9995.677142
-207.776049,20,10004.074562
-246.868635,19,10011.912761
-301.290055,19,10019.261352
-218.502086,23,10026.702059
-262.561897,15,10034.597325
-223.062671,19,10043.658487
-282.836222,9,10046.387648
-246.207833,20,10053.840462
-245.653681,19,10060.518497
-269.588952,19,10067.533505
-236.729731,16,10073.439695
-320.967489,18,10079.514973
-231.087688,16,10085.97158
-273.234355,18,10093.700001
-135.97516,18,10099.750078
-216.556557,17,10106.485871
-198.934822,21,10114.195197
-222.627916,18,10120.179162
-262.762795,16,10125.806998
-257.284692,20,10135.492581
-258.443038,15,10141.798578
-250.826246,21,10150.424374
-302.858872,15,10157.855625
-284.832117,15,10162.802838
-197.353633,19,10169.654392
-240.563248,18,10176.888872
-168.045469,22,10184.863143
-293.220389,15,10192.421988
-231.533972,23,10200.964131
-314.84191,14,10207.239838
-268.380088,19,10216.513609
-299.556883,21,10224.415926
-200.827338,21,10232.024431
-269.591754,22,10242.403131
-236.268119,18,10249.525559
-226.082591,18,10256.14287
-282.861075,17,10263.399259
-261.976067,15,10270.176208
-262.881434,19,10276.878644
-209.478454,21,10284.707069
-212.931264,19,10294.372899
-220.641369,17,10302.303636
-305.175454,15,10308.075946
-246.616772,15,10313.953902
-263.469895,21,10321.507023
-266.388536,16,10328.469512
-252.431615,14,10333.384027
-219.746092,21,10340.977496
-258.165907,22,10349.222245
-253.180122,17,10355.930748
-244.311171,17,10363.304398
-289.246799,14,10368.92705
-140.212427,15,10374.678717
-264.184727,15,10379.784462
-280.38556,18,10386.287948
-300.023954,20,10393.124775
-270.300189,14,10398.961168
-260.399499,23,10406.921464
-282.135091,16,10413.123787
-247.319874,18,10420.801764
-253.194763,18,10426.89476
-292.693439,16,10434.992002
-351.697664,23,10442.658737
-239.507745,21,10450.68371
-294.860588,12,10455.426121
-287.060308,16,10462.730718
-189.40528,11,10467.179442
-185.832765,19,10474.168164
-258.459234,16,10481.898672
-278.279843,24,10492.745818
-309.621163,16,10498.703341
-315.288522,22,10506.998343
-307.330458,17,10513.520427
-211.703448,19,10520.677425
-230.647179,16,10528.678399
-185.126744,10,10532.430475
-270.531772,16,10538.289038
-241.359518,16,10545.235498
-221.720133,19,10551.496825
-309.055161,14,10556.238264
-234.422376,22,10563.900296
-282.324956,17,10570.770201
-214.043952,20,10578.417463
-329.748225,18,10584.300636
-265.25702,20,10592.845877
-312.726463,19,10600.129566
-214.412609,20,10606.94676
-239.952016,19,10615.351156
-263.594407,12,10620.547173
-216.416266,15,10626.2945
-275.360669,18,10632.733449
-324.566365,18,10639.78354
-224.35891,22,10648.14302
-230.182156,19,10654.482712
-239.987506,18,10663.003655
-253.165095,17,10671.147999
-265.544786,16,10676.885535
-314.083226,21,10684.290041
-255.511286,18,10690.574373
-238.189583,17,10697.028999
-285.200317,19,10704.689466
-269.259129,23,10712.392818
-241.95536,14,10718.282736
-233.358061,17,10725.658283
-269.384834,16,10730.997604
-322.769211,19,10742.032
-269.127361,13,10747.511422
-280.419528,18,10753.6395
-300.562035,19,10762.477556
-262.052965,16,10769.127911
-264.086095,20,10775.744866
-308.141471,18,10783.699159
-299.350801,13,10788.870241
-278.141576,17,10797.168763
-298.083349,20,10804.959098
-317.518062,18,10811.306565
-285.989781,19,10819.259494
-238.923664,17,10827.43733
-339.50531,17,10834.009583
-195.752308,18,10840.240529
-240.811163,17,10847.166685
-241.007188,19,10853.702038
-251.260883,10,10859.578091
-259.079143,18,10866.473999
-273.809761,12,10871.115001
-238.940028,16,10876.753086
-257.12346,19,10883.686317
-228.520427,18,10890.90343
-231.177694,17,10898.72209
-285.373082,12,10902.490593
-248.803052,19,10910.705623
-248.808252,16,10918.57427
-187.180774,19,10928.840824
-206.272204,23,10936.457746
-155.245152,14,10941.463751
-355.738773,21,10951.945329
-277.704347,15,10957.855076
-216.995563,19,10965.007403
-312.129183,10,10969.133552
-321.313082,19,10975.747287
-269.020672,16,10982.186644
-371.55788,17,10989.447423
-271.21917,24,10998.416628
-275.717436,13,11003.561599
-255.900473,19,11010.096385
-299.946159,19,11017.000862
-310.012195,17,11023.164343
-301.414811,10,11026.844478
-279.383123,18,11035.380362
-357.069754,16,11041.932979
-293.422687,17,11050.337297
-321.135547,22,11060.61271
-221.836321,17,11066.098377
-239.429225,14,11070.92072
-277.866472,16,11075.784423
-265.37139,14,11080.941775
-234.909607,18,11087.467805
-186.990975,17,11094.574369
-313.081624,16,11100.475227
-269.72945,19,11107.426513
-285.927972,14,11112.984931
-240.932932,25,11121.083296
-265.60018,20,11129.779571
-295.512412,21,11136.653483
-311.630354,19,11143.893922
-229.744338,22,11152.718432
-201.734075,22,11162.389932
-291.389148,17,11169.975521
-236.861709,19,11176.718996
-267.261287,21,11185.123877
-271.28738,20,11193.310542
-381.069002,15,11198.347184
-198.278299,20,11204.821413
-276.383767,18,11212.898314
-326.561522,18,11223.377846
-366.110876,13,11229.284952
-246.683566,19,11236.648886
-217.278283,22,11244.075808
-351.01115,20,11253.020324
-294.420188,20,11259.975267
-275.025719,14,11266.235791
-260.78724,17,11273.943333
-284.181846,18,11280.652498
-249.521845,16,11285.964379
-251.449356,17,11291.950064
-239.488236,20,11299.164267
-221.226985,16,11305.739243
-191.792616,16,11312.619812
-278.511286,15,11318.653077
-273.917833,18,11324.737571
-257.494516,19,11331.030921
-298.755267,13,11335.844778
-259.919821,16,11342.450732
-285.142436,18,11350.916057
-255.420764,17,11357.244535
-307.842345,21,11364.015029
-292.379631,15,11369.635228
-272.216465,14,11376.210696
-257.081066,24,11384.317002
-245.757297,19,11390.607558
-161.925822,13,11395.370791
-328.98129,15,11400.346185
-229.291028,16,11406.291898
-227.728865,14,11411.808095
-276.859474,14,11417.458333
-258.135398,20,11425.537549
-191.970667,21,11433.581815
-237.999927,23,11441.894761
-273.366463,15,11448.054131
-274.843851,12,11453.610964
-247.765779,17,11459.195047
-237.319211,16,11466.455667
-175.172109,17,11473.532805
-170.010739,11,11477.217561
-265.805981,20,11484.627582
-258.89239,17,11492.559875
-255.259482,16,11503.364191
-256.582845,21,11511.424222
-265.85489,15,11516.32321
-244.360668,17,11522.651466
-327.100679,15,11527.747739
-188.381921,15,11534.267063
-285.051782,15,11541.379549
-245.60871,17,11546.993315
-146.726582,17,11553.004697
-254.655999,15,11558.628374
-312.824971,15,11565.676535
-308.657101,10,11569.534175
-297.535752,20,11576.35131
-263.077379,20,11584.312093
-220.709442,20,11592.635721
-147.345775,15,11598.667643
-251.711167,16,11604.505259
-267.327157,19,11612.868637
-264.649495,13,11618.344281
-241.179682,19,11625.446929
-281.621155,15,11630.796957
-241.865293,17,11637.873212
-240.796266,17,11644.15232
-286.158813,14,11651.087734
-296.845763,15,11657.949047
-372.534285,17,11663.984671
-219.577873,21,11671.981166
-196.867856,10,11675.523791
-207.879042,21,11683.730996
-216.057371,16,11689.623284
-333.056657,20,11696.850682
-264.284254,18,11703.122419
-309.16788,16,11710.390416
-190.068956,18,11718.429765
-366.112219,20,11726.114393
-288.664796,10,11732.506805
-242.008048,12,11737.490553
-329.891492,20,11745.49714
-285.339545,13,11750.552635
-181.283068,13,11755.181787
-204.168127,14,11760.001415
-291.670237,16,11764.90642
-243.675058,20,11774.833473
-229.626362,19,11782.632858
-263.540069,25,11791.258847
-254.553868,20,11800.642198
-262.010324,15,11805.946067
-315.918557,16,11813.504663
-275.080408,17,11818.772676
-195.925939,21,11826.398434
-248.401178,18,11836.025449
-256.735971,18,11844.165921
-316.708161,14,11849.177415
-261.009381,17,11855.761543
-246.322386,20,11863.09216
-259.531267,23,11871.51595
-242.4898,15,11877.147028
-286.055504,12,11881.566593
-210.855449,17,11887.6813
-263.090881,17,11893.892535
-277.559441,17,11901.4068
-303.689672,13,11905.973665
-262.299117,15,11911.803305
-232.925484,16,11918.198957
-243.078569,22,11926.058376
-227.04562,18,11933.585495
-244.572727,17,11941.838335
-244.793987,13,11948.497832
-192.026013,21,11955.251387
-226.018639,22,11962.920665
-247.942372,19,11969.67368
-189.712064,20,11976.219553
-259.645699,20,11983.332108
-253.960931,19,11989.856195
-240.272674,18,11997.20962
-322.162663,16,12003.493317
-163.264058,19,12011.303912
-234.928784,17,12020.026803
-241.868073,16,12025.630165
-275.357552,12,12030.10535
-276.330414,15,12035.495429
-289.515717,12,12040.046957
-220.898186,16,12046.419361
-258.198407,20,12053.042169
-318.736341,21,12062.412812
-247.75477,16,12067.844671
-220.555357,18,12073.560978
-199.465553,11,12078.647258
-302.026023,17,12085.330588
-222.145094,16,12092.509948
-258.255532,14,12097.320053
-296.972813,14,12103.072321
-208.595568,18,12109.441062
-251.677315,16,12115.321728
-296.598527,20,12123.511697
-250.961496,14,12128.50464
-262.807193,17,12136.386959
-271.003603,16,12143.414631
-283.107657,19,12153.11185
-392.560015,16,12159.971488
-238.375822,23,12171.173721
-228.983804,16,12178.497123
-259.513403,19,12187.607186
-249.840544,22,12195.249581
-137.614801,17,12201.840063
-195.226351,21,12209.444863
-263.699031,17,12215.818874
-228.70057,20,12224.663939
-322.970237,17,12230.319316
-251.167142,15,12238.027545
-247.633207,20,12246.704185
-247.988842,17,12254.456778
-252.225667,14,12259.533721
-240.291792,15,12265.614254
-239.890697,18,12272.017992
-279.335174,16,12278.384397
-256.48824,13,12284.62899
-179.430023,27,12294.540769
-319.52489,20,12301.515901
-272.26353,13,12306.784122
-218.551914,20,12313.703213
-215.392373,17,12323.217669
-275.614345,18,12331.559086
-213.841169,18,12339.419876
-129.354912,15,12345.030087
-562.801045,20,12351.504508
-301.056915,9,12355.807728
-210.471047,17,12361.73624
-236.925507,19,12370.110163
-212.6861,17,12377.942002
-323.188995,19,12386.650569
-176.830363,21,12396.446185
-299.502788,17,12403.577802
-272.824382,20,12410.444715
-288.392045,19,12417.963558
-243.37608,18,12425.539729
-253.444486,18,12432.280285
-273.135688,21,12440.159361
-410.007041,20,12447.67136
-295.900017,11,12452.804662
-299.148915,18,12458.98556
-282.780037,18,12465.968649
-217.314421,21,12474.28553
-286.285309,22,12483.435298
-259.187457,18,12491.088049
-226.41253,16,12497.765573
-235.883981,17,12503.626006
-193.853044,18,12510.501782
-206.127453,11,12516.448899
-364.687954,16,12522.155576
-236.609677,17,12528.672734
-222.180317,24,12536.934004
-254.547227,19,12544.017989
-244.495364,21,12551.762204
-265.178839,23,12559.766339
-308.486526,18,12565.559042
-220.555549,18,12572.343649
-284.100248,19,12579.08714
-168.128599,22,12587.54855
-278.682522,16,12593.253241
-213.845528,24,12604.039593
-272.670239,19,12611.31366
-247.59894,19,12617.630755
-299.203258,22,12626.638669
-244.26368,16,12631.794939
-143.945585,18,12638.979517
-272.710306,13,12643.474433
-259.163673,16,12649.476386
-284.459753,16,12655.727869
-224.59613,18,12661.694263
-254.82545,15,12666.677713
-360.387991,17,12672.454745
-259.7539,14,12677.536586
-338.679398,17,12683.835973
-234.770689,17,12692.481637
-282.640437,10,12696.965772
-347.594728,14,12703.392096
-221.281872,18,12709.392446
-312.624689,17,12717.00097
-339.76562,18,12725.01363
-289.599795,14,12730.297871
-270.424864,13,12735.572411
-309.313487,17,12741.719911
-247.769843,16,12747.961453
-251.089442,17,12754.408612
-348.24138,16,12761.852637
-272.25739,16,12767.25883
-188.39873,16,12773.015886
-300.069225,20,12782.076257
-242.881678,22,12790.946645
-171.344943,13,12795.679936
-231.752455,15,12800.67325
-241.973238,20,12807.305731
-269.3013,22,12814.722593
-261.27951,15,12820.256633
-239.918988,23,12827.838237
-215.424747,20,12836.568567
-219.58853,20,12843.565189
-237.50445,16,12849.120527
-318.02671,22,12858.536712
-260.344984,16,12864.984603
-239.421695,20,12872.735249
-252.554519,13,12879.065783
-252.922206,18,12887.247387
-255.691912,18,12893.349921
-269.587889,16,12900.60252
-198.438856,11,12904.485787
-299.575251,20,12911.678732
-321.958753,14,12917.106978
-200.302993,19,12924.704863
-234.871652,20,12931.919663
-248.387068,18,12938.364004
-323.407172,20,12946.50762
-306.038276,21,12953.473817
-316.877231,18,12959.356843
-281.759264,16,12966.968703
-239.525967,16,12973.508943
-257.021217,14,12977.920155
-300.426482,18,12984.920516
-309.633199,26,12994.61615
-272.275668,11,12998.234487
-294.584814,19,13004.499151
-308.09801,16,13010.289151
-218.679528,17,13017.420079
-181.698911,23,13025.669757
-353.131929,18,13032.836208
-239.147138,18,13039.008132
-295.213206,18,13045.583556
-214.688459,22,13054.798709
-215.715208,23,13062.721123
-305.784606,16,13139.536558
-283.387472,19,13147.06042
-253.529027,17,13152.906626
-214.233987,20,13160.182162
-279.156521,18,13166.531498
-247.169714,16,13173.064892
-306.705335,10,13177.0095
-156.970654,12,13181.452466
-241.711496,20,13188.645978
-321.490189,19,13195.018406
-352.087596,17,13201.343573
-289.922993,19,13208.553565
-192.038017,14,13216.183244
-352.421559,17,13221.922437
-224.893027,23,13232.023268
-213.83966,22,13239.590029
-194.71938,16,13245.425795
-229.588273,17,13251.830392
-253.711369,16,13258.583596
-366.852838,16,13263.869775
-245.726911,15,13270.096821
-195.285348,20,13277.78731
-287.206871,19,13285.405464
-328.119685,16,13291.998296
-272.763537,20,13299.218863
-333.651044,22,13308.882187
-187.970945,22,13317.017396
-231.618838,21,13323.96023
-247.735918,16,13329.460618
-280.438014,23,13338.216947
-230.867976,16,13344.141127
-195.777803,19,13351.329541
-242.922259,15,13356.716465
-234.432341,20,13363.658557
-126.906405,12,13367.403836
-237.785615,22,13376.032877
-212.926054,18,13383.259024
-274.599265,20,13392.68055
-250.470449,17,13400.357524
-221.014468,20,13408.696978
-254.604816,18,13415.714491
-215.922181,20,13424.980126
-233.75484,19,13432.011961
-277.141539,15,13437.386018
-250.978729,21,13446.720188
-227.320615,21,13454.904369
-248.830241,18,13463.693709
-199.143095,22,13472.486028
-254.406107,18,13480.786093
-355.217683,15,13486.916459
-281.083015,16,13492.387501
-313.450311,18,13498.859707
-315.248071,20,13505.883071
-259.696761,18,13513.979738
-235.055122,21,13522.522266
-337.88685,19,13531.339611
-232.965076,19,13539.919422
-226.423277,15,13547.952078
-258.235783,23,13557.843206
-280.822738,18,13565.170424
-169.616621,17,13573.371837
-234.048609,23,13583.600127
-345.048249,17,13591.509555
-257.144327,26,13601.345867
-229.192296,16,13609.678608
-264.126361,17,13615.509871
-287.92836,19,13621.869164
-212.185448,18,13629.150375
-288.649159,15,13634.131032
-208.159059,18,13640.174239
-236.18102,20,13647.773266
-236.635052,16,13654.020938
-372.108907,19,13660.137116
-230.424521,23,13668.139133
-258.032986,19,13674.649646
-277.749221,19,13681.006929
-208.163984,18,13688.116168
-268.619528,17,13694.921573
-292.535348,17,13701.688375
-249.307902,18,13711.384353
-278.20808,16,13717.386241
-275.485896,19,13723.973168
-191.947744,22,13732.564739
-184.72384,16,13738.968236
-221.903816,18,13745.227739
-261.619837,18,13752.637678
-247.760049,16,13759.042288
-314.138719,11,13763.576809
-302.564627,19,13770.292723
-181.440757,20,13776.996423
-196.733935,19,13784.341278
-255.683504,15,13789.489165
-330.638939,15,13795.710186
-301.571931,17,13801.455083
-179.983979,13,13805.665997
-206.478356,21,13813.149925
-243.115429,18,13819.823399
-314.364714,20,13827.15202
-243.524541,21,13835.142315
-186.022864,17,13841.67692
-199.497927,13,13846.881869
-297.165752,16,13853.281882
-243.615297,20,13860.626915
-233.56325,17,13866.652636
-289.538,15,13874.26273
-223.727728,17,13880.080457
-329.035192,17,13885.790592
-241.522449,16,13890.936545
-237.736906,19,13897.330005
-180.69679,22,13905.079042
-268.192591,24,13914.250936
-204.777595,17,13921.311695
-278.979553,17,13927.625704
-254.97391,10,13931.979167
-246.906363,22,13939.549157
-216.79635,21,13947.902156
-272.290971,20,13955.984784
-213.059509,20,13963.782605
-308.13107,19,13970.981178
-345.750284,13,13976.335553
-172.914292,23,13983.759317
-350.625077,14,13992.290074
-257.172264,20,14000.631613
-205.063859,16,14007.276549
-294.375374,17,14015.87045
-278.24069,18,14023.237927
-222.791986,15,14031.974548
-178.028292,15,14038.479645
-335.728029,8,14042.625359
-227.128627,16,14048.674266
-241.345208,18,14057.500501
-181.407853,22,14066.216448
-211.867945,16,14073.534479
-216.452535,16,14079.045749
-310.768767,16,14085.514069
-290.049512,12,14092.664373
-248.171435,23,14101.254382
-235.787629,17,14107.363098
-276.053251,20,14115.497089
-288.352394,22,14124.926798
-260.449003,19,14134.917862
-194.238483,20,14142.688524
-260.077644,17,14149.239621
-258.409598,17,14157.599706
-258.185004,14,14162.121284
-393.072937,11,14168.74715
-133.586439,18,14177.56824
-222.03986,21,14186.772237
-262.114568,14,14193.141375
-216.432793,24,14203.81317
-256.820837,16,14210.349129
-312.427004,20,14217.560507
-298.613513,12,14222.115904
-275.21276,19,14228.992236
-161.333572,13,14234.348996
-332.650047,15,14242.91334
-298.270399,22,14252.845262
-223.388658,17,14259.840257
-369.232422,20,14267.172834
-318.437594,18,14274.455113
-234.599131,20,14281.189331
-263.945946,19,14287.721014
-249.947579,17,14294.253599
-283.151121,22,14302.456926
-302.355516,19,14309.273266
-357.584228,20,14315.767936
-243.038877,17,14322.298348
-288.888564,19,14328.643319
-218.92945,19,14335.734901
-320.430578,15,14342.115712
-233.192517,17,14349.115742
-302.712781,20,14355.930268
-262.077373,15,14360.832224
-283.967156,14,14365.52976
-266.950405,15,14372.136146
-276.158271,14,14376.964325
-290.852994,18,14382.758246
-303.675919,16,14388.777887
-293.654751,10,14393.347258
-258.453956,21,14401.238055
-263.161119,16,14406.953093
-230.551904,19,14413.439881
-317.155398,16,14421.711703
-154.605694,14,14428.65551
-329.757728,21,14435.652046
-215.952806,17,14441.569238
-323.923897,19,14448.109614
-302.200353,14,14453.118491
-234.119701,19,14459.327826
-235.49147,20,14468.335964
-267.091677,17,14476.663826
-288.689637,9,14481.867106
-250.16814,14,14486.678797
-238.553126,18,14492.726517
-298.375922,16,14498.96752
-244.183865,16,14504.182228
-203.18701,26,14515.243756
-156.540739,20,14522.767285
-237.347465,23,14531.997498
-297.65697,17,14537.722592
-249.325936,20,14545.457178
-233.781131,16,14550.76718
-258.815757,13,14555.186829
-222.761118,17,14561.405049
-271.685439,16,14566.833167
-324.251716,15,14571.803287
-266.068905,12,14578.880581
-409.070002,15,14585.356646
-251.216506,14,14590.991104
-200.6077,21,14598.325765
-335.379889,15,14603.394453
-239.459216,19,14610.496462
-234.112779,19,14617.040617
-242.46234,19,14624.678125
-233.345224,17,14631.525018
-313.578793,9,14635.483548
-206.81536,14,14640.19849
-298.008316,16,14645.630454
-170.686544,19,14652.91357
-174.625991,18,14659.3545
-323.312672,22,14667.743193
-274.436491,19,14674.334415
-254.255715,18,14682.636171
-345.465927,17,14689.062447
-257.082718,15,14694.863927
-250.091145,16,14700.389485
-241.982043,19,14706.767599
-330.973377,20,14714.63877
-249.343483,12,14720.247513
-244.979006,14,14724.689177
-270.147871,21,14731.924146
-256.960238,15,14738.245636
-219.6033,18,14744.567009
-244.491413,19,14751.918995
-231.832818,19,14758.920189
-346.463225,19,14767.783879
-194.010212,18,14776.1267
-260.271738,14,14781.30227
-232.017425,17,14787.681491
-190.762903,17,14793.963574
-233.696414,19,14800.536351
-280.740665,14,14808.566194
-337.891782,21,14820.459982
-239.38087,18,14826.300759
-283.772065,18,14833.950125
-154.957265,11,14838.050853
-286.081039,18,14844.836384
-161.773057,16,14850.539026
-271.088826,19,14857.139466
-270.954367,20,14864.441952
-233.613211,18,14871.225701
-171.617895,19,14877.423769
-252.742693,22,14887.202264
-256.222955,19,14893.662248
-164.905033,20,14900.737279
-259.723163,15,14906.787089
-207.947612,20,14913.65041
-259.82701,20,14920.982702
-279.824374,20,14928.35813
-200.024696,21,14937.543496
-202.32639,22,14947.02383
-285.295818,16,14952.729679
-227.415115,14,14959.139572
-233.932154,21,14966.684191
-251.944374,15,14973.022646
-332.128672,23,14980.830748
-208.072027,24,14989.006475
-342.670159,16,14996.01594
-283.443177,22,15004.29882
-296.936351,16,15009.483589
-171.421672,11,15013.690984
-249.913409,15,15019.414801
-255.245262,20,15027.352999
-236.803665,22,15036.881639
-254.026345,18,15045.280805
-347.792974,19,15052.551135
-292.056525,15,15059.082906
-168.088222,7,15062.187048
-229.581352,14,15068.444237
-189.511292,16,15076.510079
-313.107706,17,15084.270597
-331.222881,18,15090.260885
-246.494385,17,15096.534302
-268.451798,15,15103.273743
-230.710474,17,15109.318666
-279.817546,21,15118.466676
-293.620861,12,15122.540389
-243.517962,17,15128.606648
-216.883902,10,15133.195353
-286.784236,18,15140.443112
-231.615195,20,15148.969927
-165.725808,11,15153.278722
-383.192275,23,15162.031868
-273.322445,13,15166.900605
-291.331214,16,15173.453338
-222.272401,22,15182.83923
-262.438969,18,15190.545677
-272.404295,19,15198.605208
-266.054055,16,15203.976692
-267.558437,18,15210.701297
-278.907291,13,15215.75458
-197.249117,18,15222.710578
-214.318777,18,15230.100075
-287.552456,24,15237.994403
-244.783174,17,15244.223244
-278.001596,20,15252.44104
-250.943965,19,15259.786522
-243.667129,20,15266.834241
-158.144336,12,15271.368081
-167.155001,14,15276.109865
-298.322192,19,15282.675764
-274.063132,17,15288.961205
-241.844898,12,15294.976512
-232.839698,14,15301.73892
-163.078781,19,15308.90905
-217.836441,18,15315.608145
-229.309972,18,15321.926548
-393.217621,19,15328.807141
-248.672064,23,15337.68832
-290.166639,16,15345.189517
-154.179668,17,15351.845913
-144.643374,17,15357.613831
-296.946652,15,15362.920387
-247.289406,15,15368.551784
-283.413829,21,15376.258285
-335.091104,14,15382.882869
-266.619604,14,15388.635127
-273.875264,19,15395.171942
-226.518344,22,15403.092879
-300.512067,14,15408.365105
-228.884374,17,15414.945875
-284.91755,20,15425.318365
-143.342929,12,15430.166775
-272.120193,18,15436.774759
-312.561595,18,15443.277068
-245.674987,18,15450.539496
-278.581608,19,15457.047058
-212.1541,21,15464.949411
-272.912576,18,15471.188246
-260.023928,15,15477.113997
-288.74033,17,15483.36246
-304.688401,17,15490.885737
-333.197343,13,15497.427592
-157.13798,23,15505.271378
-233.952344,19,15513.011429
-290.231392,16,15519.373223
-257.917972,20,15527.795529
-253.219131,17,15537.029268
-246.402149,18,15544.979332
-227.091372,15,15550.989338
-228.291712,15,15556.430181
-324.514534,17,15562.982131
-320.662141,15,15570.245294
-218.12684,16,15578.060644
-236.129227,21,15585.569345
-273.665999,17,15591.617239
-269.836024,19,15598.309225
-308.551774,17,15604.093867
-290.57509,16,15610.679294
-264.103103,18,15620.436064
-137.587677,13,15625.864052
-269.646162,17,15631.630071
-313.571909,16,15637.102764
-261.05275,22,15646.306465
-199.120337,20,15654.048879
-244.670228,20,15663.150202
-227.570099,20,15669.735224
-342.315991,16,15675.159143
-253.901178,16,15680.793937
-233.791904,17,15688.33231
-194.320038,14,15693.287272
-227.652268,16,15698.819483
-215.57875,17,15705.053786
-267.4953,18,15711.838773
-262.794457,17,15718.744653
-230.634162,24,15726.942501
-251.027833,20,15734.705311
-169.596011,12,15739.028167
-279.929775,23,15748.864794
-269.342909,13,15753.295946
-195.202329,19,15760.885876
-226.302595,20,15768.166447
-190.252415,18,15774.622518
-287.353995,14,15781.361908
-138.397517,21,15788.743063
-274.504714,17,15796.29653
-276.882406,19,15803.286455
-272.444289,21,15812.786328
-257.312246,20,15819.723676
-260.041699,13,15826.755065
-311.306551,18,15833.572901
-177.714403,22,15841.792848
-229.969519,17,15848.408807
-310.15627,14,15853.356255
-211.907082,20,15860.540501
-300.595317,25,15869.987294
-272.366804,10,15875.649605
-212.157736,17,15882.272371
-218.693195,18,15888.718864
-193.946496,14,15893.418492
-199.222868,20,15900.868742
-249.826262,18,15908.094924
-258.136095,15,15913.948846
-213.062284,23,15922.492996
-244.40333,19,15930.167813
-256.488817,17,15936.038286
-348.116753,13,15941.061207
-228.518708,19,15948.138678
-266.371779,15,15953.30316
-319.378888,15,15959.396087
-226.865308,21,15966.724098
-296.452172,21,15975.385048
-152.54285,15,15981.247951
-289.110546,19,15987.624026
-228.608666,21,15995.748695
-227.360612,17,16002.223188
-306.084536,14,16006.973709
-261.892384,19,16013.267826
-196.044872,19,16019.904312
-262.848311,17,16025.908308
-226.788429,19,16032.28804
-307.008358,16,16039.606147
-264.218637,18,16047.016362
-306.999364,18,16053.843169
-283.303751,19,16061.397359
-239.92522,20,16069.067204
-269.066305,19,16075.232411
-213.390268,18,16082.590012
-262.970366,13,16087.606626
-268.399593,21,16096.022514
-272.808232,13,16101.692005
-273.676557,16,16108.781171
-257.672227,16,16114.608592
-166.936203,22,16121.979807
-271.908705,13,16126.420804
-206.150239,21,16134.422307
-233.841507,19,16140.55784
-311.44974,12,16144.970894
-374.751876,19,16152.22052
-252.055787,15,16158.248357
-201.183625,22,16165.589824
-301.37292,12,16171.106215
-250.399098,15,16177.591926
-239.703127,15,16182.965434
-294.898932,16,16189.498195
-335.37388,16,16195.082025
-244.53769,17,16201.186895
-289.624913,22,16209.197038
-247.431187,17,16215.434168
-248.912032,11,16221.443984
-318.355537,19,16227.693998
-201.294239,24,16237.755235
-258.593721,19,16244.766551
-230.647212,20,16252.254744
-277.236241,21,16259.930032
-236.563719,19,16267.52532
-198.191756,21,16277.797709
-313.149173,16,16283.485142
-344.703403,22,16292.733754
-250.334805,17,16298.927433
-284.654915,15,16305.013322
-266.939253,19,16313.175801
-188.746449,25,16323.890294
-251.303879,15,16329.394677
-287.134429,19,16336.882708
-263.075721,18,16344.132124
-183.24828,10,16348.377362
-233.724518,15,16355.068209
-272.461348,18,16364.688633
-207.156468,16,16371.263241
-264.584452,19,16377.764903
-170.169586,18,16384.833284
-197.052564,19,16391.564527
-254.708236,17,16473.461161
-199.140308,17,16479.810119
-251.836964,15,16485.397074
-266.860957,20,16492.129593
-285.954337,17,16499.896788
-169.845769,19,16507.819112
-205.163264,18,16514.756787
-204.232105,22,16523.027337
-219.84833,15,16528.272405
-265.43894,17,16535.115507
-193.813719,19,16542.668182
-281.066874,18,16548.644653
-249.614145,21,16556.330279
-246.204918,15,16562.8098
-443.018918,18,16568.829118
-317.488512,11,16572.835253
-254.13278,17,16580.076216
-151.514446,15,16585.924101
-229.633124,20,16593.370588
-228.314165,16,16599.214226
-296.778647,19,16605.946163
-289.557973,19,16613.701147
-268.773913,15,16621.422253
-246.835987,15,16628.031122
-289.197665,10,16632.259437
-249.450953,22,16641.55372
-275.527404,12,16645.5786
-269.609537,13,16650.034137
-210.699025,21,16656.858646
-355.960882,20,16664.812222
-272.803293,16,16672.420731
-252.865114,15,16677.720462
-203.413705,18,16683.989346
-360.883966,19,16690.98956
-222.541659,16,16696.669319
-236.747993,18,16702.700503
-260.437801,17,16709.469992
-276.233629,12,16716.15876
-281.395193,19,16723.946143
-278.28056,18,16730.491527
-221.092179,18,16737.525201
-240.375324,15,16743.758705
-228.968406,19,16752.765263
-216.092523,20,16760.090214
-279.841794,20,16768.482224
-223.898273,23,16777.728345
-300.103843,18,16785.282188
-252.850197,17,16793.131901
-330.944143,22,16800.978139
-262.867755,17,16806.91898
-285.213132,21,16814.034827
-275.011347,16,16819.658818
-287.757293,19,16826.287136
-283.855446,17,16834.372993
-291.806086,19,16840.74464
-285.140336,21,16848.242507
-270.16935,17,16854.893337
-142.427613,16,16861.559357
-269.393749,15,16866.977257
-222.940925,22,16875.784965
-309.516882,15,16881.525946
-285.173207,12,16886.762368
-185.330302,19,16894.621433
-259.754779,14,16899.313738
-259.989356,13,16904.287447
-254.65384,11,16910.656562
-264.947156,15,16917.402776
-164.473155,11,16921.770922
-269.163186,22,16930.1133
-212.206616,23,16937.825873
-261.617732,24,16946.208482
-261.217087,14,16951.136135
-220.812271,19,16958.615052
-238.965287,22,16965.977403
-306.921076,19,16972.794832
-275.368218,15,16978.665462
-312.286573,21,16985.689503
-265.028269,20,16993.309546
-275.081313,14,16999.300151
-334.202953,17,17004.987426
-415.259751,16,17010.490901
-241.142373,19,17018.281853
-192.695116,19,17025.155186
-238.501007,19,17031.525908
-223.17631,22,17038.982678
-271.069299,16,17044.024301
-291.920689,23,17053.658664
-259.487942,18,17061.456999
-297.195396,15,17066.503379
-244.081055,17,17072.090523
-275.868067,16,17078.090545
-280.927292,17,17084.44719
-288.436289,15,17089.328445
-179.662703,20,17096.682415
-237.549541,18,17105.588933
-234.336259,18,17112.493419
-195.388877,19,17122.091571
-270.238541,10,17126.806363
-333.790992,16,17132.815716
-288.062533,10,17136.631555
-310.710172,20,17143.685157
-231.974919,17,17149.439506
-272.333527,14,17154.451955
-260.105348,13,17159.01968
-195.745432,17,17165.153637
-255.790302,16,17171.750884
-232.836387,19,17178.132156
-266.26714,15,17183.233041
-306.390132,14,17188.167868
-224.696025,16,17193.940119
-299.225793,13,17199.740476
-258.092367,16,17205.799272
-290.535902,19,17213.924468
-269.550286,20,17221.060602
-261.576585,20,17228.922858
-230.932404,20,17235.400485
-177.169062,21,17242.783008
-260.628521,16,17248.046635
-286.793252,22,17256.431303
-221.67969,14,17260.745582
-230.614524,16,17267.32904
-245.614263,17,17274.18048
-279.259564,11,17279.855988
-257.453046,18,17286.056407
-255.945311,15,17294.141475
-234.238105,19,17301.688295
-313.373608,21,17308.69085
-182.341007,17,17314.998722
-232.32826,15,17321.678657
-265.508909,16,17327.206986
-229.086466,18,17333.638126
-162.947268,20,17341.545133
-292.988212,15,17346.454909
-250.763172,23,17354.505687
-315.965972,15,17359.96838
-278.48437,20,17367.282503
-175.163743,22,17375.103623
-319.354939,20,17382.648444
-287.111858,15,17387.248994
-335.799828,23,17394.76016
-191.879966,21,17401.910521
-268.47806,13,17407.872506
-244.945818,18,17414.83104
-345.659842,12,17421.077729
-260.199399,18,17429.349741
-284.452052,17,17437.93547
-165.46611,17,17443.591296
-209.866964,19,17450.181066
-249.792622,20,17456.908806
-211.384003,23,17465.722271
-262.175312,12,17469.428497
-256.991379,17,17476.296052
-198.702528,20,17482.62508
-352.956949,20,17490.613679
-311.896083,16,17495.985036
-250.8324,16,17503.312396
-217.74546,19,17509.963416
-151.941597,11,17514.084791
-287.352431,19,17523.897658
-175.63979,18,17532.88184
-283.143086,21,17540.791432
-288.01332,16,17546.374213
-125.870159,10,17550.588459
-285.878427,18,17557.758611
-312.192496,19,17564.790216
-265.281997,18,17571.198624
-276.721454,14,17576.70182
-244.31657,16,17585.067157
-265.381814,16,17591.562716
-314.060418,15,17598.190408
-230.0489,19,17606.409052
-273.730989,13,17610.793238
-213.088319,20,17620.08697
-298.268199,17,17626.420629
-266.199715,14,17632.898634
-349.621003,13,17638.223741
-250.84536,22,17647.33202
-228.601485,17,17654.717217
-207.457926,19,17663.187557
-221.659914,24,17671.621309
-231.252337,20,17678.673141
-263.299201,23,17686.837452
-246.164241,22,17693.8682
-220.461573,19,17700.361836
-257.777091,18,17706.62729
-226.81411,19,17715.256656
-211.920819,24,17724.700529
-202.141351,19,17731.508431
-265.276271,18,17738.259791
-245.653747,16,17744.103688
-283.951343,19,17750.898245
-262.238466,18,17756.773176
-211.288132,20,17764.87887
-258.714489,22,17773.344243
-267.981636,21,17782.169849
-262.539016,18,17790.849477
-273.674008,15,17799.187841
-255.62946,16,17805.681407
-215.051869,18,17814.935239
-267.952423,17,17822.781857
-302.02628,19,17830.64448
-333.395849,17,17836.792063
-276.806531,13,17841.61737
-117.830866,17,17848.647887
-266.034548,23,17858.827381
-242.764217,19,17866.424173
-318.233319,16,17871.824216
-255.347927,19,17879.556039
-264.394987,20,17889.087317
-244.320139,17,17896.493696
-343.95628,18,17902.956821
-210.809366,18,17909.748008
-252.985356,13,17914.308263
-357.706329,22,17923.263709
-324.682383,19,17929.980806
-221.834542,20,17937.287577
-229.362325,19,17944.345166
-171.173182,25,17953.680933
-378.014343,16,17960.078871
-268.09819,19,17967.860669
-217.560446,18,17973.748116
-210.511363,22,17982.715173
-228.107246,22,17991.268997
-268.275116,15,17997.316968
-192.881843,21,18004.428083
-294.378472,15,18010.708725
-232.110906,18,18016.955522
-278.848767,19,18023.691584
-301.708225,19,18031.391353
-214.478834,11,18034.989332
-312.209217,20,18043.721013
-251.541521,18,18050.489905
-243.645036,23,18060.025756
-246.301617,15,18065.809911
-230.195066,14,18071.093391
-264.725863,14,18076.564833
-343.230287,16,18082.540909
-215.292011,21,18090.522216
-272.539787,15,18097.551109
-195.125465,20,18104.47128
-232.738541,17,18110.628429
-246.956534,19,18118.589126
-278.642292,14,18127.756706
-168.296933,14,18133.230138
-334.559292,20,18140.839432
-283.56017,11,18144.866601
-229.098155,27,18155.035993
-124.603671,20,18162.202983
-234.054346,21,18169.305272
-276.849985,13,18174.711783
-365.866388,15,18180.407765
-246.059041,14,18185.962406
-223.775984,19,18194.69341
-222.997249,17,18202.055563
-275.491982,18,18210.080158
-237.670533,21,18218.766392
-279.92231,19,18226.24461
-383.030267,19,18232.679566
-190.125825,19,18239.812225
-258.541703,18,18245.9801
-255.769372,12,18250.379936
-224.75577,19,18259.459587
-346.69307,22,18269.722578
-215.128866,18,18276.610002
-213.709528,16,18282.515851
-239.984604,17,18288.424899
-344.332616,12,18292.865372
-220.549212,20,18300.041548
-315.897615,17,18305.844196
-323.437955,16,18311.61193
-194.278256,22,18318.985965
-170.149108,25,18328.218071
-244.852626,18,18335.436128
-245.584769,14,18340.271001
-332.591764,16,18346.994347
-369.36388,18,18353.519669
-193.884653,11,18357.584403
-274.785796,20,18366.022611
-285.905308,19,18373.690149
-142.726977,14,18379.801171
-246.60212,17,18386.595684
-222.523022,17,18392.571879
-308.792808,20,18400.436377
-346.764402,19,18407.896868
-205.58063,18,18414.481471
-277.80701,18,18420.606857
-311.695252,16,18427.039737
-263.636852,19,18433.407994
-265.188079,22,18440.834405
-261.648709,17,18448.47237
-238.160978,19,18454.911704
-388.13408,20,18462.120833
-199.521773,23,18470.402864
-241.256449,20,18477.560662
-219.393144,20,18485.011438
-216.095735,20,18492.112621
-218.567983,23,18500.299663
-206.681318,8,18503.51488
-130.427503,9,18506.837389
-185.52973,19,18513.971794
-214.245926,22,18522.246302
-311.820455,16,18527.637779
-278.347957,18,18534.28845
-368.290747,16,18539.429241
-248.47262,14,18545.972742
-241.597575,21,18554.309558
-321.589055,20,18561.02896
-246.683833,24,18569.092314
-290.508502,18,18575.884367
-248.082065,13,18580.340147
-232.458676,15,18586.696107
-207.542437,19,18593.218695
-248.357919,14,18598.475636
-196.1647,18,18604.814803
-192.407583,23,18612.968201
-276.891227,17,18618.611073
-216.994887,17,18625.211509
-262.195423,24,18633.51833
-177.526149,14,18638.803763
-248.645655,20,18646.217416
-190.526253,18,18652.593859
-246.034158,16,18659.67334
-283.933679,13,18665.569612
-231.44212,11,18669.34629
-284.271724,16,18674.773492
-248.716937,24,18683.505929
-200.307878,19,18690.621743
-245.237977,15,18695.759648
-271.538618,20,18702.40147
-205.039894,20,18710.077337
-182.71162,16,18716.098368
-255.79798,13,18721.345565
-249.914873,20,18729.394731
-279.73035,16,18735.29368
-297.044623,20,18743.389122
-308.33009,21,18750.887559
-197.970436,24,18758.858771
-222.690827,18,18766.11913
-248.643398,18,18772.793399
-233.70868,15,18778.249714
-275.421947,20,18785.410283
-254.811082,22,18794.051856
-151.703888,15,18800.129857
-250.570293,17,18806.452193
-203.518129,13,18812.490273
-259.081916,14,18817.722691
-120.688803,11,18822.695727
-238.261625,16,18829.078537
-233.337735,14,18833.940796
-257.119708,20,18841.229301
-273.970337,18,18847.708937
-233.161548,20,18856.176257
-256.121349,18,18862.834379
-273.932136,14,18869.00603
-258.121619,17,18875.935607
-161.366655,12,18881.360791
-205.755253,16,18887.569886
-295.735995,17,18894.067311
-207.471261,22,18902.114879
-240.869292,17,18908.105651
-199.980002,20,18915.288524
-196.352832,17,18920.781944
-245.809309,15,18925.733683
-202.271164,22,18934.055716
-263.721923,19,18941.485826
-256.197244,17,18947.245494
-265.070348,17,18953.244687
-257.847912,19,18960.840434
-260.908403,18,18967.519334
-267.062485,14,18972.8322
-293.708672,19,18979.492813
-284.759518,11,18984.006285
-132.192801,19,18991.575973
-292.8817,15,18997.529236
-168.456964,13,19003.432826
-283.90903,24,19011.6709
-273.322681,17,19019.025537
-264.153685,19,19026.618348
-203.955245,23,19035.092451
-169.256095,13,19039.550765
-288.561703,15,19045.063992
-273.288832,21,19051.576794
-285.359573,11,19056.04493
-128.53707,16,19061.95869
-218.085715,19,19068.262199
-137.875238,14,19074.185285
-249.938121,15,19079.590761
-208.901658,18,19085.300782
-204.885305,26,19094.639547
-242.924024,16,19099.936594
-260.90557,18,19106.951617
-125.983516,16,19112.468929
-205.854411,20,19119.153018
-281.049004,18,19125.850883
-244.597891,18,19133.935034
-314.115188,11,19137.684003
-215.656763,19,19145.856185
-230.907623,25,19156.513395
-305.672339,18,19163.896518
-294.630472,25,19172.560794
-239.378709,22,19180.526307
-322.116324,15,19185.551278
-229.475034,16,19192.15136
-267.017188,17,19198.732083
-235.372817,20,19205.382092
-233.890539,24,19213.593772
-289.827679,17,19219.433892
-259.256897,19,19225.518498
-161.964482,15,19230.619402
-229.531546,15,19237.294752
-218.594123,18,19243.45189
-297.272446,16,19249.214099
-302.034956,18,19257.606302
-199.601606,13,19262.744108
-194.6874,17,19268.419053
-162.81094,14,19273.654963
-216.671142,16,19280.865799
-270.749957,16,19287.954259
-241.619342,18,19294.905316
-214.634196,21,19303.36631
-232.427006,20,19312.356601
-262.589701,16,19318.462646
-210.140248,19,19325.498682
-279.838506,21,19333.566416
-230.279324,17,19339.3973
-189.107599,17,19345.94347
-240.327116,17,19353.00943
-216.196176,22,19360.525676
-214.850952,13,19365.065476
-199.815577,18,19371.453586
-231.394228,15,19377.381341
-427.173009,14,19383.195676
-298.130563,21,19394.096344
-262.652928,17,19400.24087
-214.682178,20,19407.265022
-186.933489,12,19412.087454
-278.710358,17,19417.925509
-261.325961,17,19426.543222
-256.603293,19,19433.681176
-188.032469,22,19441.661679
-308.668473,20,19449.419766
-237.812848,21,19457.05669
-195.445739,20,19464.23457
-217.51568,22,19471.383373
-159.958239,22,19478.569335
-271.871325,20,19485.293499
-267.827372,19,19492.668488
-254.752309,15,19498.19768
-313.302375,15,19504.033122
-322.355638,10,19508.436387
-287.195137,20,19515.187359
-262.289837,22,19522.956341
-284.904988,23,19532.403243
-287.868033,20,19542.662487
-250.909178,17,19549.403802
-316.725836,19,19555.658383
-256.830084,20,19562.980026
-250.905695,14,19568.630125
-290.497868,16,19576.7563
-262.90021,23,19586.020102
-326.902706,19,19593.785177
-235.848939,18,19600.439568
-331.775511,16,19606.298527
-249.340674,18,19613.42749
-251.95205,19,19620.116231
-289.01521,13,19624.526096
-284.650888,18,19630.581658
-283.601058,14,19636.893158
-228.856349,15,19642.692235
-314.432903,13,19647.945931
-221.696352,16,19654.883983
-249.247075,19,19662.671219
-275.555006,20,19745.097986
-272.909573,16,19753.256669
-255.772037,24,19762.390334
-190.777091,17,19768.391581
-220.354575,18,19775.057266
-256.839055,14,19780.77562
-320.041242,19,19788.043473
-266.085512,20,19795.971568
-218.896522,17,19802.335666
-250.232247,12,19807.399161
-242.23506,17,19815.706371
-222.632406,16,19821.97718
-263.356171,17,19828.54225
-201.360783,20,19836.426052
-241.075631,20,19843.029509
-240.85832,15,19848.221328
-223.821796,17,19855.374255
-274.638689,21,19862.763981
-313.064647,17,19868.621067
-265.842234,15,19874.665501
-189.208131,18,19881.952555
-307.48598,16,19888.574524
-329.187729,17,19894.72892
-296.713531,14,19900.782423
-264.883779,19,19907.608811
-267.196323,18,19915.559507
-364.13701,15,19921.254786
-254.974008,19,19928.592993
-278.584106,12,19935.069905
-279.299842,19,19942.262774
-244.634808,14,19947.519324
-204.003348,24,19957.112162
-194.115599,19,19963.670823
-345.492976,16,19968.756272
-213.816828,17,19974.322182
-253.088597,17,19981.691983
-227.078956,11,19987.013776
-275.149361,20,19995.103157
-223.234299,19,20001.901658
-192.418929,23,20011.011525
-248.525425,22,20019.050239
-205.011716,20,20026.833278
-206.550904,20,20034.810112
-296.486948,16,20040.189896
-195.461445,19,20047.929638
-254.302923,18,20054.723618
-172.397836,17,20060.148378
-288.514867,19,20067.523912
-183.784203,21,20075.356663
-225.798425,15,20081.102606
-225.618591,21,20092.789704
-156.566889,19,20100.392302
-216.126502,23,20110.152065
-322.404596,17,20117.327807
-222.541909,17,20124.230184
-220.488093,23,20136.01358
-200.281241,22,20144.820145
-183.25836,22,20152.810389
-214.72674,18,20159.270832
-284.29133,15,20164.92268
-221.902762,16,20172.316951
-270.53063,19,20179.102913
-300.237775,22,20187.846636
-214.524214,23,20197.332075
-229.542797,23,20205.313725
-280.473838,14,20210.27945
-244.290229,23,20218.510089
-222.232719,21,20225.818176
-238.762979,19,20233.142874
-258.213345,15,20238.78571
-222.422903,17,20245.306397
-194.614105,20,20251.652089
-198.660787,18,20258.608241
-245.994998,15,20263.6216
-188.893775,18,20269.90962
-226.795963,23,20278.16558
-230.721344,19,20284.849845
-262.868166,14,20290.162902
-194.488535,20,20297.408109
-247.071756,16,20303.119988
-278.306818,17,20311.868958
-197.155182,23,20319.449783
-326.864948,9,20324.456109
-145.430537,20,20331.523639
-246.526931,18,20338.546428
-225.712872,21,20345.826447
-285.074378,19,20353.759935
-282.431956,11,20357.781956
-270.35563,20,20365.021368
-245.79259,22,20372.82206
-269.783372,20,20379.937903
-212.001074,16,20386.077353
-283.496388,14,20391.529169
-235.716757,17,20397.466979
-232.293011,21,20404.996075
-266.262455,14,20410.309939
-150.635775,13,20414.913987
-215.153194,22,20423.588481
-267.941321,16,20429.482505
-276.920577,16,20435.163527
-239.865502,18,20443.326105
-239.886575,19,20449.616437
-243.580002,19,20458.109069
-195.434061,18,20465.714488
-233.070952,21,20473.972696
-258.710246,17,20480.683293
-253.091166,20,20487.62164
-306.70755,15,20492.235609
-222.742136,17,20498.585773
-183.243784,20,20505.240604
-193.103842,18,20512.046746
-335.223938,23,20519.743036
-290.647714,18,20526.178989
-226.011898,16,20531.872793
-414.051641,22,20541.174996
-283.199473,19,20548.033683
-216.630066,20,20555.578044
-182.911294,23,20563.950885
-212.918985,19,20571.491994
-128.562267,12,20576.691354
-202.608915,16,20584.114849
-347.23402,20,20591.071408
-252.300059,15,20596.166722
-238.641952,15,20601.713393
-253.301389,20,20608.654125
-285.669359,13,20613.423138
-242.37269,21,20621.162531
-211.329168,18,20627.33121
-201.143391,18,20634.573169
-351.536507,15,20639.782064
-235.788241,17,20645.563551
-252.876206,15,20650.526611
-215.350328,19,20657.277389
-222.510607,16,20663.40291
-267.783481,19,20670.402911
-218.417823,18,20676.530056
-278.52443,14,20682.122922
-275.238492,13,20687.273696
-256.398821,19,20693.826148
-226.56757,16,20700.208797
-203.220738,21,20707.221393
-260.093162,22,20716.470385
-217.580723,22,20723.967037
-219.11232,15,20730.261238
-196.20973,22,20737.553596
-323.646142,16,20743.007252
-231.866994,20,20751.298918
-324.815271,19,20757.686219
-277.495225,20,20764.498965
-229.66658,20,20773.157723
-218.268504,32,20783.649626
-254.931734,21,20790.776716
-245.701196,13,20795.908843
-268.497415,15,20802.236563
-188.089092,15,20808.340405
-278.558867,19,20815.356713
-317.423534,13,20820.233502
-324.671621,12,20825.058312
-260.17475,17,20832.383889
-210.576532,17,20838.025238
-308.771618,15,20843.727357
-157.930837,15,20850.313085
-257.547391,18,20859.530516
-311.532675,21,20866.708347
-263.049146,22,20874.65863
-225.833527,20,20882.731355
-271.858312,19,20889.251255
-243.760343,18,20896.381611
-282.427591,19,20903.51956
-305.727395,17,20909.508363
-232.06186,15,20915.647475
-245.703316,18,20923.770685
-178.607096,19,20932.422973
-228.921104,17,20939.185639
-211.00416,21,20946.832446
-237.774658,19,20953.548546
-376.401762,20,20961.203649
-274.779888,16,20966.716508
-295.082311,15,20972.304805
-243.140769,22,20979.382702
-259.604226,17,20985.414036
-268.992461,21,20995.385603
-234.229311,15,21001.172033
-98.123766,15,21005.918619
-308.5127,18,21013.018113
-316.821146,18,21019.193937
-217.84109,19,21025.69424
-222.082402,20,21032.775726
-294.034058,11,21037.794658
-269.227773,13,21043.252211
-229.925326,22,21050.721403
-330.736934,22,21057.819241
-248.945425,14,21062.915205
-197.756177,26,21072.606249
-205.01428,20,21081.85651
-272.195236,23,21090.10702
-250.021474,17,21095.767106
-183.368346,19,21102.899491
-227.023162,18,21109.139148
-167.220281,21,21116.396416
-255.179359,23,21125.659306
-232.800678,21,21133.140524
-268.883256,17,21139.806173
-317.438098,18,21147.568381
-231.383541,19,21155.239264
-250.393587,19,21162.394648
-286.918453,14,21167.310644
-160.554435,17,21173.307112
-261.018428,19,21179.853974
-200.439065,22,21187.539955
-149.580743,12,21191.019196
-215.121775,21,21200.276035
-114.972195,22,21207.466746
-215.339082,15,21213.93378
-271.047332,17,21220.466698
-132.29144,17,21226.509471
-324.813585,20,21232.844754
-199.48897,18,21239.690884
-256.049342,18,21246.164986
-328.548152,17,21253.847453
-294.222976,18,21260.046287
-246.390172,17,21266.622188
-219.497327,23,21274.551892
-276.384859,15,21280.130933
-242.451946,19,21286.17321
-213.679812,20,21294.378234
-319.403441,19,21300.888981
-246.750953,18,21307.58812
-219.938387,23,21316.652869
-231.586721,14,21321.336485
-264.278182,15,21326.557072
-228.928598,20,21334.559194
-264.197927,15,21339.881121
-285.444306,20,21346.517594
-194.823052,20,21354.332943
-168.927333,13,21358.843649
-293.74663,19,21365.169847
-233.085956,19,21373.302167
-203.257781,21,21381.584512
-280.166052,13,21386.819387
-225.631221,22,21395.350345
-268.823914,21,21402.58988
-225.44859,19,21409.092139
-259.936445,17,21416.3166
-296.823873,14,21421.257269
-291.716698,19,21427.990313
-233.272725,21,21435.661442
-293.650586,17,21441.524654
-225.924327,17,21449.912025
-279.615609,22,21458.012926
-194.050592,20,21464.493915
-239.432964,14,21469.76332
-250.009401,18,21476.377323
-153.626489,18,21483.033123
-232.355498,20,21493.125227
-299.706088,19,21500.37584
-224.01738,22,21508.309846
-252.548509,18,21514.617429
-234.549498,22,21523.060934
-269.83327,13,21527.713516
-258.632218,19,21534.301779
-166.539029,20,21541.097941
-208.021694,20,21548.945055
-263.029761,16,21554.849789
-205.463564,20,21564.782887
-222.745866,20,21574.030855
-286.12658,21,21582.477696
-307.338664,17,21588.204887
-178.284234,13,21592.647133
-258.907772,24,21601.894692
-256.760444,20,21608.738006
-226.191966,22,21617.204267
-263.273743,19,21624.391484
-339.4598,15,21631.040369
-235.180136,18,21637.163309
-199.264111,16,21643.16012
-275.215774,17,21649.453691
-220.32058,15,21655.531174
-206.571186,18,21662.711023
-356.956663,18,21670.086931
-251.099223,21,21678.327621
-219.545721,16,21684.656326
-274.280726,18,21691.18879
-162.059058,13,21697.151431
-246.68745,15,21702.377168
-290.816847,16,21709.543798
-195.613261,21,21716.63863
-313.465498,15,21722.288707
-246.069652,17,21728.729067
-254.532164,18,21735.131413
-209.555676,15,21740.597498
-271.945671,24,21749.563565
-203.581048,18,21756.553881
-282.660312,18,21763.390486
-266.032783,16,21768.762665
-273.637594,15,21774.060701
-264.757259,19,21780.096339
-259.738742,14,21786.30593
-285.944999,10,21790.616025
-215.155025,17,21798.26976
-211.109655,19,21804.539461
-250.436466,12,21808.791636
-280.731941,18,21814.542824
-261.760735,15,21820.353901
-255.811487,15,21826.726115
-310.70787,20,21833.826987
-232.463234,18,21841.814504
-167.59861,23,21849.455026
-231.106279,18,21856.144737
-253.521729,17,21861.893733
-389.265045,16,21867.487278
-272.751422,13,21872.183426
-294.267159,20,21880.777049
-233.396876,15,21885.949486
-235.207443,15,21891.192326
-239.607174,16,21897.494004
-189.026545,19,21903.855292
-244.288279,18,21910.257387
-284.498621,22,21919.289481
-269.080464,14,21925.650274
-273.42274,12,21929.9843
-179.965058,19,21937.088702
-292.767086,18,21944.883692
-190.647384,23,21953.371049
-306.365301,20,21963.263263
-304.864509,14,21969.016438
-261.35248,20,21977.328415
-245.646839,13,21981.591056
-292.648704,21,21988.999849
-304.616592,18,21995.386846
-226.572889,18,22002.662272
-264.076574,14,22007.458194
-250.121141,20,22014.749135
-208.160173,23,22023.033341
-252.699042,22,22030.433895
-245.971749,13,22035.13692
-245.317871,21,22042.195419
-164.714008,9,22046.578062
-203.628461,23,22057.214979
-344.78991,20,22064.853153
-245.188328,23,22073.99043
-195.870182,18,22081.858563
-218.182554,17,22087.974189
-244.366215,19,22095.400435
-249.291992,21,22102.648617
-289.275977,11,22107.808867
-234.407777,24,22115.594841
-234.556593,18,22122.291965
-240.525315,15,22128.626043
-228.082218,20,22135.313189
-204.211235,24,22143.143297
-313.944646,17,22149.072998
-261.630057,18,22155.746485
-252.73617,14,22161.277649
-352.448048,16,22166.644732
-269.700362,16,22173.578397
-246.796782,17,22179.475389
-241.552279,21,22187.179461
-208.082621,21,22193.881517
-259.978817,14,22199.212769
-189.68623,21,22207.508431
-232.285828,21,22214.960719
-245.81998,19,22223.72041
-154.515223,16,22229.164721
-288.433621,10,22232.436155
-210.768445,19,22240.505266
-249.921961,13,22245.834605
-208.620878,18,22252.671375
-217.530145,18,22259.426761
-115.479735,17,22265.341675
-214.460556,23,22274.589762
-226.364544,15,22279.382837
-254.727673,15,22285.425186
-99.360371,16,22290.580323
-209.345513,22,22299.403632
-244.632964,18,22305.446031
-295.518258,11,22310.317165
-249.620551,20,22317.24157
-238.415708,12,22321.482081
-213.516063,9,22325.120201
-204.634516,20,22332.220788
-296.317199,21,22339.601111
-271.733446,22,22347.532876
-219.881956,21,22355.165903
-291.91098,18,22362.014028
-224.816851,11,22367.172493
-190.996983,21,22374.219555
-149.37359,20,22380.999916
-296.181551,15,22386.052851
-186.155573,22,22393.853204
-223.122262,22,22401.925827
-212.53626,21,22409.821043
-227.539961,20,22416.920125
-267.546566,19,22425.085147
-254.283325,20,22431.757187
-275.312298,17,22437.462653
-267.836503,18,22443.766966
-256.933387,18,22451.560078
-316.771953,19,22458.677505
-244.388901,14,22464.723147
-259.965904,20,22472.018182
-247.783186,18,22479.352858
-173.060828,13,22483.938265
-224.986897,18,22490.53667
-227.248124,15,22496.366706
-225.038099,15,22501.389504
-140.488972,14,22505.968309
-278.963487,12,22510.259461
-180.827919,17,22516.089798
-245.061956,20,22522.566196
-237.283812,21,22530.184473
-242.994216,17,22536.558292
-200.197658,18,22543.411056
-289.595043,10,22547.052298
-240.190142,20,22554.216546
-217.627219,16,22561.056654
-234.110385,21,22568.446112
-203.265722,20,22575.799314
-187.995656,17,22582.554568
-323.10972,13,22586.641274
-191.819258,18,22593.5393
-296.918088,21,22601.778039
-194.858254,15,22608.092421
-314.286768,16,22614.430859
-217.911439,19,22623.267807
-256.986011,16,22629.50625
-279.34841,14,22635.901158
-301.429235,18,22642.179593
-240.06996,21,22650.085471
-233.135497,17,22656.844419
-271.850822,19,22663.119144
-296.052327,17,22669.301537
-275.54539,14,22675.191131
-232.831775,19,22682.045075
-278.508917,16,22688.802051
-297.583531,14,22693.531818
-106.357524,22,22701.617669
-274.602427,16,22707.528411
-233.110779,16,22712.733782
-223.144745,19,22719.44056
-263.158104,18,22725.303864
-193.959172,21,22734.447844
-229.541304,20,22741.685696
-261.752223,18,22748.677051
-236.061798,16,22755.045994
-286.877285,16,22761.16193
-244.617791,15,22768.115734
-233.02775,21,22775.643143
-212.503064,15,22782.262164
-303.450589,23,22792.488856
-317.874273,14,22796.514914
-269.846544,21,22804.526042
-232.514961,17,22810.667106
-387.270707,17,22816.721926
-196.822374,17,22823.195937
-215.820805,18,22829.532888
-302.907447,20,22836.344023
-257.434142,20,22844.54417
-304.182114,17,22850.501772
-285.388047,15,22857.535191
-307.506676,23,22865.590457
-195.601291,18,22871.79806
-254.262523,20,22879.315309
-296.446244,21,22887.28015
-191.228891,21,22975.621515
-284.634362,14,22980.959218
-305.322328,16,22986.472206
-261.461896,22,22994.214104
-165.81769,14,22998.937125
-266.862494,21,23005.908833
-331.690628,16,23011.853988
-267.411554,17,23019.142375
-159.051028,19,23027.091212
-290.060936,22,23034.942593
-270.434195,20,23042.117313
-240.190582,17,23049.79003
-237.564598,21,23057.904228
-248.211092,19,23064.986578
-206.674719,18,23070.559197
-318.982427,15,23077.883557
-233.900915,22,23086.318544
-200.035792,22,23093.759606
-282.189344,21,23104.475544
-234.008721,17,23110.206607
-268.460582,21,23118.434477
-174.227316,20,23125.252516
-258.860836,16,23130.634208
-248.538728,21,23137.59586
-211.180673,22,23145.397783
-263.241612,15,23150.905204
-287.282405,17,23156.890465
-415.237593,20,23164.638985
-306.476029,13,23169.746829
-291.808767,19,23177.078673
-289.395908,22,23185.926515
-244.421968,21,23192.889623
-234.373522,23,23201.54099
-239.851261,20,23209.476936
-199.409403,16,23214.779
-228.261718,14,23222.025846
-265.429283,23,23231.353566
-262.124857,22,23240.830644
-264.809653,18,23247.213496
-178.866143,23,23255.18501
-295.311811,18,23262.31257
-230.098462,17,23270.269679
-203.026679,23,23281.118562
-180.755549,21,23288.615738
-411.916406,18,23295.734623
-336.248242,18,23302.166472
-268.376793,20,23308.781935
-245.714935,14,23314.905801
-262.133967,18,23321.047024
-240.118727,19,23328.744565
-301.464327,17,23335.058557
-219.449387,19,23341.21706
-291.79134,13,23346.818507
-266.146507,11,23352.087041
-252.253591,18,23358.163225
-275.86993,16,23364.194807
-271.549212,14,23369.304469
-231.190312,21,23377.739995
-129.186629,11,23381.541518
-235.378065,14,23387.920535
-219.942649,20,23396.430583
-252.754207,14,23402.345293
-165.343646,19,23410.877003
-259.705492,15,23415.713935
-215.65909,24,23423.759901
-298.176789,18,23430.709855
-178.531378,22,23438.209121
-189.603034,21,23445.248718
-160.149731,17,23451.398101
-235.075943,18,23458.091841
-225.149323,19,23465.313493
-217.910871,19,23474.638171
-219.397087,16,23479.97196
-269.943528,21,23487.591725
-327.61282,15,23493.725469
-260.294559,20,23501.013475
-189.684501,21,23508.257159
-224.042641,20,23516.729968
-342.346582,18,23523.792906
-238.335156,15,23530.11091
-118.119089,20,23537.501489
-237.653354,16,23544.301456
-244.336874,14,23550.541185
-268.858311,18,23556.667545
-268.889682,16,23562.370666
-281.095858,22,23570.744386
-236.943496,22,23579.158841
-288.552682,19,23585.38739
-305.732234,16,23591.199949
-265.214305,13,23595.602056
-305.05111,16,23601.5296
-270.056516,17,23607.392699
-230.698077,20,23614.589654
-247.350088,19,23620.929495
-233.008273,20,23627.873954
-235.334573,19,23634.624152
-179.263663,23,23643.021463
-219.807293,20,23650.264668
-296.905331,20,23660.419588
-278.686899,21,23668.206626
-227.184539,16,23673.453894
-257.904106,16,23679.143743
-337.579042,21,23687.124979
-214.815326,16,23693.720402
-225.429335,19,23701.216236
-238.976046,16,23708.050218
-293.633993,13,23712.969007
-218.762639,23,23721.258818
-260.819141,22,23729.61507
-319.451155,16,23734.760106
-218.851493,19,23740.72894
-271.138886,12,23744.565739
-235.611955,18,23751.840408
-259.698233,15,23758.063145
-206.207177,19,23765.717932
-260.691573,18,23772.383269
-200.58428,20,23780.099671
-263.00484,15,23786.899117
-207.474945,24,23795.254303
-215.245688,19,23803.21263
-198.901976,20,23809.860029
-252.482545,18,23815.861151
-232.0872,14,23820.654017
-176.12897,17,23827.337412
-224.756252,20,23834.189581
-155.538655,20,23841.272823
-291.547151,19,23848.9311
-206.795414,21,23858.289932
-244.173939,14,23863.007651
-240.664207,17,23870.704954
-287.483441,17,23876.152243
-212.762368,24,23885.480819
-239.055397,21,23892.563898
-240.272476,16,23897.843652
-212.701689,19,23904.487978
-229.457959,21,23914.895379
-184.616296,23,23922.943045
-247.778539,18,23931.487309
-267.583822,14,23937.828315
-255.707578,18,23943.861311
-249.962713,21,23951.878485
-223.232571,24,23960.533204
-180.768995,16,23965.834192
-251.024846,16,23972.050426
-222.533708,20,23979.783178
-244.099581,12,23984.746566
-201.673091,16,23990.470371
-319.177883,17,23996.397927
-194.46563,16,24002.054701
-159.879955,20,24009.219924
-266.246288,16,24014.547515
-180.694123,18,24021.967475
-275.460018,21,24030.066562
-144.295818,19,24036.43108
-260.467042,13,24042.354924
-217.099811,16,24048.048199
-267.736512,17,24054.391208
-282.957841,15,24060.056617
-217.203964,23,24068.679366
-331.721433,15,24074.347224
-211.393895,16,24079.886758
-197.444137,17,24085.912585
-230.595663,16,24092.009242
-372.370497,21,24100.949605
-254.739024,16,24106.446152
-215.306768,19,24112.746427
-235.523327,15,24118.111909
-248.551819,13,24123.775613
-249.828964,18,24130.56362
-274.034935,21,24137.837126
-209.384089,15,24145.108252
-310.71385,15,24151.29863
-230.398469,16,24157.210368
-236.96267,17,24164.14121
-195.652544,22,24171.95658
-241.065496,23,24179.318467
-183.52062,21,24186.740625
-268.515531,19,24194.170095
-207.04024,21,24201.119391
-320.679719,17,24207.388989
-252.622916,18,24213.93409
-285.103198,15,24219.351789
-220.296038,16,24224.63481
-199.157717,18,24230.934771
-273.050045,17,24236.404585
-250.145418,17,24242.060138
-212.187822,18,24249.454569
-249.472055,19,24257.016921
-189.093363,20,24264.246323
-203.387138,20,24271.090007
-234.882505,16,24276.976177
-219.392502,19,24284.311098
-174.63719,21,24291.399767
-274.292118,15,24297.438223
-293.418225,21,24305.192576
-228.664328,18,24312.089116
-213.273869,22,24320.041812
-284.90859,15,24325.427345
-242.682489,19,24332.586861
-276.107523,18,24339.370204
-237.707596,16,24347.494841
-219.810528,21,24354.417173
-310.751777,17,24360.106376
-281.117405,21,24367.613244
-126.75192,24,24375.699782
-186.541767,22,24382.864007
-227.292856,19,24389.456515
-167.042012,23,24402.101842
-222.896045,18,24409.403608
-290.181795,14,24414.094404
-199.297442,19,24420.260074
-268.398125,20,24427.891716
-284.757999,19,24434.511238
-176.442772,20,24442.893408
-260.361995,16,24448.782999
-263.413133,21,24455.929326
-268.441787,13,24461.168723
-276.578113,22,24469.691729
-246.450674,14,24474.391995
-177.501136,27,24483.548563
-150.496238,18,24490.81438
-222.530031,22,24500.999401
-280.072026,14,24506.281993
-227.442283,22,24513.694252
-245.696044,17,24519.574075
-250.724213,21,24527.818424
-241.171104,19,24534.804831
-237.012861,19,24542.481201
-185.122737,20,24549.345833
-245.644294,16,24554.841747
-218.981533,18,24561.387529
-220.315451,17,24568.593668
-254.877995,17,24576.486825
-155.191957,22,24583.913364
-326.476539,22,24591.39273
-256.319629,15,24595.823374
-335.950702,14,24601.062976
-253.486212,14,24605.903092
-281.295478,11,24609.6219
-275.845144,17,24616.247773
-247.980795,20,24624.492094
-212.004946,20,24631.351487
-232.413918,20,24637.989555
-227.07366,16,24643.99775
-287.637209,22,24652.430386
-278.657794,17,24659.49933
-200.238114,22,24667.280712
-214.034607,18,24676.234645
-331.311541,19,24683.644497
-196.307776,19,24691.895709
-224.555371,15,24697.376155
-260.352535,16,24703.230642
-223.976692,21,24711.176241
-137.556477,24,24721.956997
-294.933144,18,24728.687659
-287.884062,12,24734.285921
-237.24961,14,24738.892477
-249.901118,14,24745.74552
-254.921857,19,24754.153511
-313.568513,18,24760.719746
-147.402435,17,24766.727736
-228.887722,14,24771.242061
-149.149553,13,24776.088894
-241.033126,20,24784.153404
-132.049948,19,24791.178863
-248.675131,21,24800.291883
-278.126443,12,24807.957642
-289.28332,20,24815.056016
-186.768561,21,24821.694231
-196.720094,23,24830.576101
-245.474657,18,24836.653138
-287.486615,18,24842.725574
-255.494968,20,24849.598646
-231.842331,19,24857.062828
-279.545006,15,24862.775673
-199.642645,18,24868.62337
-237.552927,15,24875.201634
-246.601577,21,24884.11206
-185.59625,20,24890.962759
-233.429337,16,24896.693751
-330.475094,14,24903.709994
-278.087007,15,24910.842134
-268.727186,12,24915.437185
-118.55777,17,24921.699145
-269.22457,19,24928.032532
-209.886903,20,24935.1023
-229.643787,18,24943.172891
-257.540945,16,24950.120307
-210.810175,23,24958.597202
-183.191881,19,24964.711209
-209.121587,24,24974.125457
-230.047624,23,24982.602179
-235.604806,26,24992.163681
-233.285429,17,25000.062613
-340.838168,8,25002.786743
-271.546724,21,25010.627538
-188.359464,21,25019.642351
-266.031165,15,25025.401087
-250.716229,16,25031.39511
-263.742861,12,25035.848374
-271.717636,22,25045.51777
-244.900626,19,25053.247734
-236.525912,21,25060.865602
-239.360619,20,25070.703277
-358.865124,17,25077.47336
-264.615273,20,25085.486855
-278.672044,10,25092.149665
-221.37422,17,25098.01665
-384.241435,22,25105.939597
-280.481735,23,25113.853125
-219.931323,18,25121.622853
-246.730693,20,25128.267866
-271.524136,15,25133.692388
-407.516136,17,25140.484876
-262.768486,20,25147.487622
-232.906753,11,25152.663743
-264.628616,19,25160.18313
-137.416763,17,25166.677685
-179.540796,20,25173.828554
-240.347183,18,25179.815505
-285.587487,23,25189.041067
-212.858621,25,25198.584537
-317.393861,18,25204.802805
-167.889508,22,25212.668945
-263.213941,17,25218.916417
-251.766626,17,25225.00231
-279.464918,21,25233.509623
-141.840188,16,25238.995813
-160.233593,22,25246.472468
-198.182789,19,25252.571856
-205.018745,19,25259.237638
-233.827135,21,25267.715744
-204.769841,20,25274.847126
-291.064978,15,25279.925249
-276.331371,20,25288.223639
-256.448804,15,25294.255848
-266.133785,14,25299.030792
-279.044336,21,25306.5837
-250.622547,14,25312.905612
-230.400954,11,25318.36815
-237.165185,19,25326.169532
-212.023215,21,25333.962554
-188.02384,18,25339.736887
-174.982113,13,25344.436592
-306.169082,21,25352.546048
-222.425089,21,25359.335449
-260.607198,12,25365.383045
-248.662833,25,25374.091015
-208.930987,18,25380.344409
-256.179515,22,25387.809231
-174.165847,11,25393.637112
-310.403684,20,25400.960196
-241.321742,20,25407.826576
-287.30331,15,25414.302949
-223.986812,18,25421.323539
-315.745645,17,25428.053956
-276.276408,17,25434.009483
-242.314041,18,25439.859107
-112.594335,11,25443.597676
-221.337926,20,25450.610002
-202.535961,20,25457.973232
-252.169317,21,25465.539586
-209.294014,17,25474.112122
-262.112325,18,25481.247899
-200.32648,22,25488.597672
-240.71168,16,25494.362124
-247.857818,24,25502.209298
-125.254428,18,25508.449302
-316.395068,17,25514.075897
-172.703203,20,25520.780387
-269.300947,14,25525.908919
-211.426444,20,25532.99397
-281.265185,22,25540.958061
-250.098509,19,25548.268632
-285.179884,18,25555.703932
-250.791918,20,25563.292327
-317.39225,16,25570.490505
-213.494264,20,25578.072711
-216.340751,21,25585.563781
-156.429706,18,25592.993517
-294.366282,16,25599.017665
-292.144527,19,25607.837317
-232.929366,23,25616.114259
-267.560293,18,25622.828202
-124.019455,17,25629.685539
-386.34344,13,25638.013474
-238.967812,19,25645.374883
-279.005915,19,25652.187503
-174.249954,18,25660.02754
-173.772385,17,25666.814972
-205.546646,23,25675.210922
-278.79064,14,25681.276572
-293.328438,18,25687.763609
-291.362996,17,25697.441205
-159.25022,18,25704.978866
-288.163354,16,25711.965742
-221.947062,20,25719.374365
-364.861055,18,25726.128308
-233.897297,21,25733.457223
-305.98121,13,25741.222048
-251.116382,17,25747.855419
-173.334562,21,25755.387609
-245.454064,17,25761.474185
-219.463647,22,25769.330415
-244.278507,16,25775.184814
-230.294039,19,25783.395689
-241.241613,17,25789.489041
-218.248344,19,25796.121475
-203.107142,20,25804.60068
-236.205889,15,25810.254032
-261.899481,18,25817.628775
-211.854044,22,25825.075566
-224.002247,20,25833.478134
-259.558771,16,25840.042516
-284.718803,20,25848.396793
-239.259086,19,25855.50555
-249.756568,19,25862.08791
-250.005776,18,25868.970457
-208.587295,20,25876.049711
-169.304604,18,25882.333373
-243.44148,13,25887.560178
-230.249177,17,25894.591608
-182.972564,23,25902.460768
-265.476644,17,25908.450954
-248.232061,20,25915.264511
-273.912175,19,25924.283779
-306.010122,10,25927.650809
-236.882767,19,25934.436553
-209.385285,18,25940.165806
-260.574621,17,25947.378641
-212.54251,23,25955.045422
-231.515539,19,25962.540499
-197.452258,25,25971.457518
-212.826604,12,25976.448747
-233.279422,19,25983.791778
-188.018546,15,25988.829735
-184.661152,11,25992.517073
-263.596151,14,25998.574046
-258.078033,20,26005.722185
-220.653618,21,26013.354798
-212.610489,21,26020.758798
-175.297766,17,26026.216172
-210.467742,18,26032.49831
-269.145343,11,26036.068676
-271.969606,19,26043.56693
-180.369239,22,26052.36933
-294.14137,19,26058.966324
-235.080468,17,26066.004004
-185.931934,23,26073.933301
-262.182952,20,26080.611282
-259.286664,19,26086.920133
-262.875928,13,26091.866483
-232.161178,23,26099.230415
-241.075122,18,26105.118068
-124.503957,20,26112.089922
-286.399243,15,26117.132576
-244.199709,20,26125.285272
-185.746142,16,26131.199256
-205.755649,19,26222.942185
-280.157351,18,26230.956222
-246.140522,17,26236.485566
-196.814465,22,26245.805314
-268.020313,18,26254.099415
-248.292988,15,26259.715791
-236.693914,20,26266.942986
-255.647389,20,26275.214166
-196.210515,25,26283.900422
-210.196109,18,26291.124364
-186.338302,18,26297.439409
-283.371744,22,26305.471674
-275.446329,20,26313.884901
-190.030902,20,26320.298936
-222.799692,18,26326.715772
-204.961711,12,26330.412592
-251.400827,18,26337.196508
-244.841741,13,26344.942416
-246.73696,22,26352.996897
-274.74879,17,26359.165639
-309.567817,19,26366.120394
-215.363335,19,26372.584339
-145.005393,12,26377.254543
-275.880031,18,26383.716383
-291.077212,21,26390.591015
-251.01659,17,26396.803967
-169.338643,20,26404.375641
-239.420822,21,26412.795034
-146.482071,14,26418.548331
-236.873202,19,26424.921226
-259.939282,16,26432.903885
-301.047863,20,26439.743413
-182.719317,24,26448.045985
-195.959586,16,26453.694709
-201.760513,17,26459.905047
-219.871205,15,26466.082546
-233.597888,16,26471.859191
-214.597487,20,26478.83744
-319.338219,15,26484.275321
-217.709618,17,26489.737451
-288.988366,20,26496.502959
-266.740291,18,26502.752911
-311.171493,19,26510.507655
-264.635083,18,26517.239517
-369.559716,21,26523.961692
-234.867679,23,26531.924372
-212.360813,20,26540.03931
-256.465047,16,26545.518937
-306.327192,22,26553.908068
-251.369572,18,26561.425972
-218.730829,17,26567.384968
-227.219678,22,26576.370486
-261.382873,21,26584.313568
-268.238267,24,26593.021883
-212.055568,24,26604.446025
-234.774618,19,26611.147279
-268.992284,14,26615.994654
-197.4101,22,26624.775407
-233.46403,19,26631.685407
-249.392989,16,26637.419216
-251.009754,17,26644.680574
-266.40493,16,26650.149369
-250.161116,16,26656.790054
-358.436487,22,26665.047957
-263.432723,17,26670.924962
-147.747136,13,26675.332474
-173.861414,20,26682.025692
-292.732933,16,26688.098664
-192.332254,22,26695.411658
-245.996912,15,26700.898861
-189.300013,20,26708.182661
-207.98998,17,26715.967593
-183.149085,22,26725.741338
-215.860784,13,26731.018339
-226.301284,21,26737.827621
-218.518905,17,26745.763779
-234.7316,13,26750.191643
-137.683498,18,26756.245426
-214.376843,18,26763.441757
-263.847793,21,26770.603788
-256.08518,13,26774.972097
-231.137342,15,26780.518921
-181.34024,21,26789.099048
-172.729998,20,26797.366309
-212.313437,19,26804.317878
-109.578382,9,26810.297317
-332.896469,19,26816.870512
-373.980127,19,26825.221291
-283.555894,21,26832.876241
-301.975037,21,26841.446272
-314.901902,18,26847.805421
-283.445303,15,26853.407531
-311.143424,14,26859.303185
-264.987673,14,26864.598609
-239.921157,12,26869.928972
-268.686794,23,26878.454904
-347.404477,21,26887.460472
-247.346905,21,26894.66487
-244.293732,20,26902.284347
-230.066391,17,26908.783337
-316.708912,15,26914.993634
-232.687215,15,26922.633068
-215.369667,26,26931.714015
-134.468753,18,26937.504897
-286.123532,20,26945.792011
-244.085427,16,26952.095811
-277.965397,14,26957.451601
-244.104149,23,26965.505662
-203.261174,19,26972.055056
-258.98241,16,26978.57984
-235.594481,18,26984.380383
-252.703324,19,26990.58516
-209.829246,19,26998.462352
-145.173612,19,27005.271523
-288.22311,21,27014.679307
-200.764877,23,27023.581303
-201.859433,20,27031.645431
-283.36057,20,27039.232807
-299.871335,12,27043.670608
-187.342791,22,27051.077713
-160.810984,17,27056.965363
-270.664754,12,27061.210167
-249.754449,22,27071.353323
-179.4365,21,27079.368486
-267.258642,14,27085.955771
-305.738344,19,27092.509621
-271.586741,18,27101.245383
-225.31179,20,27108.320529
-186.891568,20,27114.836967
-366.83929,18,27122.964946
-240.118828,18,27129.993068
-263.306464,18,27136.095347
-280.521477,12,27143.592336
-190.919577,19,27150.967386
-308.481078,14,27155.478686
-333.778716,21,27163.426017
-251.847628,17,27169.333958
-269.439318,21,27177.902067
-271.166152,12,27182.284149
-300.303167,17,27188.735257
-358.686927,22,27196.287283
-309.027858,15,27202.776198
-253.483554,22,27210.256987
-191.428461,22,27220.015182
-206.4638,20,27227.996024
-267.032193,18,27235.189523
-242.867568,19,27243.124233
-194.511142,17,27248.883251
-249.612797,22,27257.003284
-230.667241,18,27263.240418
-231.818798,19,27273.89569
-324.944698,17,27281.383003
-282.312894,17,27287.055013
-229.109256,17,27293.472353
-231.600757,17,27299.718841
-240.967619,16,27307.237876
-283.987305,14,27312.724461
-210.993796,21,27321.444718
-331.39793,22,27329.878718
-204.50519,17,27335.597392
-190.799847,18,27341.572255
-165.5345,20,27348.762067
-247.825231,18,27356.648861
-252.335502,22,27365.782842
-276.979712,16,27373.86609
-233.659537,19,27381.109054
-243.674913,16,27387.066207
-290.631256,17,27395.21227
-256.302118,19,27402.624374
-270.514119,12,27407.815391
-269.137956,19,27414.677436
-274.393993,11,27420.503122
-272.264532,18,27428.544679
-213.386878,20,27436.498006
-235.216303,19,27442.959899
-194.331989,20,27449.593209
-263.673581,17,27456.424537
-325.512808,28,27465.746332
-221.519983,15,27472.179284
-179.515218,13,27477.599993
-313.230788,14,27481.926821
-265.224565,15,27488.146305
-238.31432,16,27493.620789
-180.458427,18,27500.515629
-270.328076,15,27505.767507
-256.143027,15,27510.692216
-256.488576,18,27517.143856
-238.343193,24,27524.871026
-250.589945,15,27529.786996
-243.360088,15,27535.893757
-244.90048,15,27542.635545
-248.184339,16,27548.039201
-296.949761,17,27553.976221
-269.341978,22,27562.688712
-294.830333,16,27568.85868
-295.330859,21,27576.840832
-241.159604,20,27584.191288
-247.130347,23,27591.815624
-279.384494,16,27598.341791
-172.437189,20,27605.68995
-218.144727,15,27611.316905
-288.439806,16,27618.032138
-219.360206,22,27626.118247
-235.547104,20,27632.947827
-224.368328,22,27640.127339
-285.381588,20,27647.479989
-246.00385,19,27654.94598
-233.696765,20,27662.620471
-249.151831,19,27669.059634
-134.344683,20,27678.559106
-197.559974,19,27684.879384
-252.059489,22,27692.614848
-238.124331,17,27699.832842
-236.772613,14,27704.566437
-227.869458,25,27713.078837
-280.677514,18,27720.162868
-222.70809,20,27729.139374
-206.793945,17,27735.665313
-280.414003,19,27743.819522
-231.512614,19,27750.300677
-244.818631,22,27757.88488
-205.296628,10,27762.174404
-173.669403,18,27768.771444
-198.474316,25,27777.108004
-227.040964,18,27785.63868
-211.382752,20,27794.706219
-216.586399,20,27801.107161
-243.914618,18,27807.044435
-220.8825,17,27813.676073
-206.190892,20,27820.533916
-272.547983,17,27826.8226
-300.165636,13,27832.213243
-299.826651,17,27838.072508
-241.559559,21,27846.319192
-226.843651,17,27852.716674
-248.48058,19,27861.075175
-292.962428,17,27868.524095
-154.974133,19,27877.350895
-242.004218,16,27883.396209
-220.40632,18,27889.782003
-252.605891,16,27895.812331
-281.863726,12,27900.875386
-211.606212,17,27906.702065
-334.274428,17,27915.016647
-255.253608,17,27920.330479
-207.921174,19,27927.142868
-164.887678,19,27934.341072
-176.200695,22,27941.921793
-272.274664,20,27949.659497
-184.58383,15,27954.708199
-246.834861,19,27961.78158
-194.09714,23,27969.734373
-295.264596,18,27976.466526
-272.429245,18,27983.668215
-172.94156,13,27988.194809
-148.796143,19,27994.413945
-360.073208,17,28000.287947
-153.745096,25,28008.747784
-246.470294,19,28016.885106
-175.362059,20,28023.630726
-199.48818,24,28031.636212
-118.920781,18,28037.749233
-249.560516,22,28045.162088
-244.304289,13,28050.737334
-200.686155,22,28059.184773
-218.796888,25,28067.569554
-240.919131,19,28074.389989
-284.295351,19,28082.954515
-301.294824,19,28092.353375
-182.661383,23,28100.209126
-213.298523,20,28107.706645
-203.725264,19,28114.467276
-130.584734,20,28121.651947
-184.803411,18,28128.203052
-317.589991,16,28133.828497
-288.317226,21,28141.857538
-221.75699,22,28149.942018
-192.351854,20,28161.191799
-232.104016,20,28169.844984
-195.618817,25,28179.998729
-171.206159,21,28188.18233
-221.410267,19,28195.129481
-347.073824,19,28202.195256
-230.450603,22,28209.832464
-344.527869,19,28216.388041
-306.832555,14,28222.226622
-230.453445,19,28229.48499
-258.376764,18,28236.897464
-221.708383,16,28242.196205
-287.073694,17,28249.264922
-142.096639,26,28257.889588
-285.288504,22,28266.477061
-135.54784,12,28270.321932
-142.945324,17,28276.905599
-283.98149,21,28283.771891
-264.658482,17,28289.731998
-182.789922,21,28297.283957
-219.662649,19,28304.113052
-221.860386,23,28312.68215
-245.403105,16,28318.21348
-210.484204,21,28325.898822
-246.474428,14,28330.957682
-220.854894,17,28336.922376
-268.863239,18,28343.376535
-278.401409,16,28350.072858
-293.220593,23,28359.981727
-244.381984,16,28365.670058
-162.180615,12,28370.24364
-207.446562,23,28377.922156
-252.260013,18,28384.709714
-193.631347,16,28390.32377
-222.076699,19,28397.706275
-227.839152,25,28406.900272
-223.502784,18,28415.740448
-260.434059,21,28422.97603
-248.938727,18,28428.741039
-307.200461,22,28436.357332
-245.744357,17,28442.181789
-211.872311,17,28447.991016
-266.083706,22,28456.43991
-196.029257,20,28464.75386
-237.887875,18,28470.841474
-244.518749,20,28477.732342
-281.422558,14,28483.265569
-249.085678,18,28489.63609
-204.316708,17,28495.897921
-280.616539,18,28502.381382
-218.47843,21,28509.914609
-300.456471,15,28515.776054
-254.467225,13,28520.060815
-253.363497,22,28527.834217
-147.204259,22,28535.843617
-289.752425,19,28542.846056
-128.898422,20,28549.508186
-214.90742,22,28556.778477
-314.764654,13,28561.292054
-228.134737,15,28567.096025
-224.164585,18,28573.267776
-251.557425,11,28576.668398
-279.067218,21,28584.280646
-268.877193,17,28590.949425
-135.80732,13,28595.184248
-126.817733,14,28600.03433
-259.044907,16,28606.20395
-265.38757,16,28611.572369
-198.77839,21,28618.563287
-213.550896,18,28624.832911
-232.12576,17,28630.655271
-267.832608,27,28640.554662
-214.235195,18,28647.076874
-166.264362,25,28656.504302
-251.79097,15,28662.303312
-130.840974,19,28670.407767
-270.87126,16,28676.028225
-210.94066,20,28683.845443
-290.712403,17,28689.856566
-319.686349,15,28695.652953
-168.770231,24,28704.030952
-264.206181,21,28711.708522
-210.973428,17,28717.763407
-220.777267,19,28724.876834
-294.614822,14,28730.793417
-176.882238,17,28737.514543
-285.048172,13,28742.7894
-337.503862,16,28748.607347
-252.026843,22,28757.202957
-198.248547,17,28762.548908
-282.900464,16,28768.203082
-210.46138,19,28775.156484
-247.858763,19,28782.719985
-159.443008,13,28787.556901
-224.691336,17,28794.095781
-183.760777,21,28801.38406
-276.694704,19,28807.560402
-192.985828,19,28814.447526
-272.806008,15,28819.445515
-157.019028,25,28829.426367
-181.901719,21,28836.815012
-214.623491,20,28844.139333
-310.603504,15,28851.104391
-216.693181,21,28859.077736
-233.819778,23,28866.710443
-182.027957,25,28875.164552
-206.128322,18,28881.081299
-206.57594,18,28886.767648
-175.129521,23,28895.672968
-192.571074,19,28902.054582
-296.242365,22,28910.817285
-281.898151,17,28916.42791
-240.540929,14,28922.715621
-188.509342,19,28929.879996
-191.767077,22,28937.477082
-252.013362,24,28945.674014
-220.648126,17,28951.342962
-223.449063,22,28958.727326
-176.708143,23,28967.05427
-248.583758,18,28973.677756
-288.759008,15,28979.402961
-251.82595,22,28986.502243
-226.097238,21,28995.005347
-235.935447,23,29003.235098
-259.437919,15,29008.320565
-197.897126,19,29015.219429
-135.209063,19,29024.212832
-226.342865,18,29031.55615
-228.53866,14,29036.911432
-236.088356,22,29045.087797
-180.019724,24,29054.276924
-260.588489,16,29059.888717
-266.574513,21,29067.224004
-233.244305,13,29072.432058
-256.592476,16,29079.10274
-207.861145,17,29084.880308
-276.616347,19,29094.309359
-293.727868,18,29101.047358
-235.56015,17,29107.315849
-307.438027,12,29111.712511
-251.983794,17,29118.50106
-158.274271,22,29125.637178
-230.258922,21,29132.97841
-193.780888,19,29139.908397
-291.470942,14,29145.754087
-250.348523,16,29151.625176
-213.485524,20,29159.864861
-170.108293,20,29169.139428
-256.872115,13,29176.155686
-236.341677,18,29185.511274
-142.921455,19,29193.806344
-308.816604,20,29202.787004
-235.61112,17,29212.908664
-182.919301,28,29228.746339
-207.082527,17,29235.466884
-225.799054,17,29241.917104
-335.165815,11,29245.758848
-312.556938,16,29251.642692
-265.885051,16,29257.717812
-199.071165,16,29263.28325
-228.688576,17,29270.325174
-224.233234,18,29277.648867
-298.828724,20,29285.301137
-188.072068,24,29293.900027
-187.000014,24,29305.842652
-220.592129,24,29316.076455
-242.065047,18,29323.352756
-163.527964,20,29330.707004
-189.097475,19,29339.724149
-324.812286,19,29347.204603
-256.907937,17,29354.532205
-115.293426,17,29360.84405
-256.757925,20,29369.653795
-186.517321,19,29378.763005
-240.390436,16,29385.946356
-271.681815,13,29481.677023
-230.063634,15,29487.609467
-181.775968,20,29494.43429
-207.02567,21,29501.836011
-179.782995,18,29507.676325
-206.142427,15,29512.479396
-157.973692,19,29519.507082
-213.739622,20,29526.965435
-185.921611,21,29534.049336
-223.973906,18,29539.99391
-288.841336,14,29544.704182
-212.152606,21,29552.887598
-254.963464,17,29558.493523
-287.311057,15,29564.34966
-182.430718,25,29572.595068
-215.985754,22,29580.158708
-265.048143,20,29587.871473
-266.812831,18,29594.21008
-255.504291,19,29601.260279
-276.392984,22,29609.625565
-186.900622,24,29617.392859
-384.441406,24,29625.182863
-179.521127,17,29631.024711
-229.062297,21,29638.458367
-288.006715,14,29643.270092
-189.372717,20,29650.849598
-229.908544,22,29658.893556
-246.168855,24,29668.054877
-196.827092,22,29675.103746
-222.20781,20,29681.935065
-238.983766,14,29688.318447
-245.628579,16,29694.115854
-216.118174,16,29700.026453
-169.584948,24,29707.622892
-293.177983,11,29712.721817
-228.219677,19,29719.667621
-219.983979,20,29726.791425
-242.197459,19,29733.366282
-219.16806,20,29740.104881
-278.836653,20,29747.624912
-274.800406,18,29755.036044
-218.830077,20,29762.127867
-236.71271,23,29771.481036
-194.220235,21,29779.089244
-178.286167,17,29786.114407
-151.370674,19,29792.340158
-287.008578,19,29800.002784
-154.855759,16,29805.252616
-175.768974,16,29811.040895
-257.701651,18,29817.178041
-318.910003,17,29824.016551
-236.095812,22,29832.036087
-184.31903,23,29839.64474
-146.017806,14,29845.507716
-214.504963,20,29852.628345
-260.845877,16,29858.531105
-313.73386,15,29865.605201
-211.709091,19,29872.747796
-140.811269,18,29878.663176
-204.808256,22,29888.455161
-218.817437,17,29894.873049
-340.266038,17,29901.364588
-280.112073,15,29906.659835
-309.800621,18,29912.745679
-221.371609,19,29918.938546
-231.203683,18,29926.067816
-230.772741,14,29933.276198
-230.430576,20,29941.22563
-250.335738,14,29946.578756
-208.261459,24,29955.088798
-149.312053,20,29962.448105
-223.671234,16,29968.381078
-230.045783,15,29973.472995
-218.954391,22,29981.080872
-248.633873,18,29987.659621
-292.650096,17,29993.688147
-176.550827,24,30001.589793
-269.583897,12,30006.322597
-188.315826,21,30014.822906
-313.505413,18,30021.338094
-272.8777,15,30028.493907
-224.087757,21,30035.740417
-164.883771,23,30043.336982
-255.298668,22,30050.754961
-211.644287,20,30057.529493
-402.966476,19,30064.011468
-213.78644,18,30070.223677
-166.378088,21,30077.209135
-148.106335,22,30084.568553
-284.264541,22,30092.356278
-230.803322,16,30097.627812
-306.003439,20,30105.065439
-255.543607,17,30110.617769
-246.509307,19,30117.914539
-282.002142,21,30124.624875
-343.235693,15,30131.24981
-176.559019,24,30139.997021
-230.265952,23,30147.622978
-250.193365,22,30154.69637
-206.354453,18,30163.102687
-181.0716,25,30172.171849
-292.777815,20,30179.63052
-200.056373,19,30185.658027
-246.827031,18,30192.265128
-219.498629,21,30199.246775
-226.558638,19,30207.249607
-141.170494,17,30213.608204
-210.664612,26,30222.51458
-163.575399,18,30228.709272
-217.988666,23,30237.475496
-262.715281,23,30245.111011
-306.8257,10,30248.719238
-134.210407,13,30253.172107
-268.40589,17,30259.136927
-197.248338,21,30266.016084
-94.803531,11,30270.771069
-269.530553,20,30277.365874
-261.461268,19,30283.555456
-306.201646,18,30289.822408
-239.874836,21,30297.847449
-183.638691,26,30306.694358
-188.104164,26,30315.128677
-202.285838,17,30321.36879
-184.881013,18,30327.585417
-198.838196,21,30334.475571
-268.341551,15,30340.3112
-176.4302,27,30349.975921
-221.337814,19,30356.871325
-301.619781,22,30365.849699
-172.554803,11,30369.926655
-209.615721,17,30376.345442
-232.026524,20,30383.398608
-198.606279,20,30390.102748
-217.033379,15,30395.416108
-255.049621,16,30400.561155
-170.082144,20,30407.998843
-137.596207,19,30415.311768
-183.201581,23,30422.976247
-206.450038,20,30429.385149
-198.291815,23,30437.564341
-111.020278,29,30447.526468
-259.630252,19,30453.95933
-206.574074,19,30461.725924
-299.191664,21,30468.940852
-233.660182,22,30477.156446
-302.854575,19,30484.89919
-219.756164,20,30491.993284
-233.978492,17,30497.968406
-173.248382,22,30505.306531
-216.783885,19,30512.205116
-246.292052,16,30517.860351
-272.821552,14,30523.876549
-265.29179,18,30529.964597
-324.883876,19,30537.854313
-237.115122,18,30544.032024
-199.347252,25,30553.804811
-299.299121,22,30561.76431
-243.958699,22,30569.458945
-208.802772,19,30575.474253
-276.147102,20,30582.940504
-271.451026,14,30587.871878
-246.573154,20,30594.456409
-281.023755,15,30601.793101
-143.888767,18,30607.768984
-81.324001,17,30613.47207
-190.161716,21,30621.053216
-245.704552,20,30628.173074
-134.485081,11,30632.135896
-229.920054,19,30638.300616
-242.285954,21,30646.431672
-254.649013,23,30654.042597
-268.699474,21,30661.182646
-325.797746,19,30667.539583
-265.948272,19,30676.402322
-247.880481,20,30683.237681
-237.192052,15,30688.703231
-274.800998,15,30694.537402
-231.133635,18,30701.22913
-231.418676,23,30709.640859
-207.209156,20,30716.793934
-263.986459,18,30723.983428
-236.434993,22,30731.64326
-168.549984,20,30739.086025
-191.667236,16,30745.131989
-119.136946,19,30751.205926
-265.199604,20,30758.684822
-241.304404,20,30765.666445
-236.289995,19,30773.283121
-223.359345,20,30779.606794
-247.093883,19,30786.088701
-263.87472,17,30792.164675
-203.223377,22,30801.152666
-226.394469,20,30808.154325
-233.67803,17,30815.25455
-227.207637,18,30822.144251
-228.339864,23,30830.125495
-206.522933,23,30838.047115
-188.364356,20,30845.374764
-183.148687,21,30853.039942
-196.263703,23,30860.708827
-306.078285,15,30866.335581
-270.380746,15,30871.707123
-328.441488,18,30877.712204
-297.675937,18,30883.731796
-228.205704,24,30891.765575
-223.983682,19,30899.364299
-241.646001,18,30905.673837
-246.8193,20,30912.750043
-283.777973,12,30916.723572
-224.645108,14,30922.748208
-162.871766,25,30932.745712
-272.745458,16,30938.802752
-279.195209,12,30944.29238
-189.760833,20,30951.417552
-261.479403,19,30957.640223
-228.231553,19,30964.247405
-227.43371,19,30972.972493
-229.483761,18,30979.275996
-226.112582,21,30988.40812
-255.446847,20,30995.013072
-221.18582,21,31002.249975
-262.236768,14,31008.39223
-216.058474,21,31014.897493
-275.547788,15,31020.794048
-271.12831,21,31028.951166
-253.679816,21,31035.82361
-237.862105,19,31042.970184
-221.858358,18,31049.740395
-212.811992,18,31055.678845
-234.633322,17,31061.628684
-217.210598,20,31068.333709
-353.546266,19,31075.656413
-188.277248,23,31083.414098
-232.001909,16,31089.103694
-179.807953,18,31095.774301
-273.214893,14,31103.106648
-224.556497,19,31109.853184
-289.242736,18,31116.660887
-240.514531,18,31122.988545
-258.015931,15,31129.98683
-283.210485,14,31134.824993
-248.957716,17,31140.569794
-253.913616,15,31146.627313
-223.349575,17,31154.462782
-256.513918,19,31160.741508
-297.48074,16,31168.379186
-257.799982,19,31175.176138
-238.293388,20,31182.714284
-243.575025,15,31188.78457
-239.213212,19,31195.113162
-221.815959,21,31202.373869
-217.880702,18,31208.898983
-223.14961,13,31214.387213
-240.297035,20,31221.778897
-187.686308,20,31228.316997
-267.557861,15,31233.768098
-265.646534,14,31240.073311
-253.249327,21,31247.147489
-221.445394,19,31254.458058
-233.447339,17,31260.165348
-181.139807,20,31267.015529
-239.493294,18,31273.754658
-239.987792,18,31279.9186
-247.16822,21,31286.824586
-262.722964,16,31292.441003
-131.339927,21,31301.639837
-232.951348,28,31310.903436
-170.696398,23,31319.211621
-155.30617,9,31322.019439
-180.116786,17,31328.07689
-250.630252,15,31334.06269
-207.921781,21,31342.148277
-160.41001,20,31348.660844
-208.078993,18,31355.343935
-303.268694,19,31361.804106
-247.478857,14,31367.013377
-207.553149,16,31372.175765
-245.929222,14,31376.789832
-209.662308,19,31383.469679
-309.980598,17,31389.06517
-225.267562,16,31395.751605
-230.345183,22,31403.581472
-267.993226,17,31410.389912
-162.964159,21,31418.810358
-266.414611,15,31423.574516
-215.44456,20,31431.163588
-263.545941,12,31436.600145
-198.935892,22,31444.700537
-248.463313,20,31452.115412
-231.154087,16,31457.589728
-153.916482,19,31464.093789
-190.951467,20,31471.738121
-140.571488,14,31476.427029
-210.059738,20,31484.054125
-175.02629,24,31493.362948
-204.559716,18,31500.862752
-178.01549,22,31509.278588
-247.860711,14,31514.836093
-216.566935,22,31521.957495
-236.094754,21,31529.115663
-251.162337,20,31535.567433
-259.731909,14,31540.469102
-198.396717,13,31545.31523
-255.547442,14,31549.708556
-245.047874,18,31557.743678
-211.770499,22,31565.615577
-116.329846,11,31569.064636
-326.698954,15,31574.41519
-105.369952,14,31579.233718
-231.201473,19,31585.857272
-160.577053,19,31593.068889
-229.389646,21,31599.818388
-256.908289,20,31607.143084
-290.291091,19,31614.009686
-201.134467,20,31623.502331
-262.962249,15,31629.002558
-221.155647,20,31637.259089
-249.135202,16,31643.702744
-254.054687,20,31650.866801
-256.083047,24,31660.831997
-248.629747,19,31667.331091
-264.184764,21,31674.489983
-274.808189,18,31680.841721
-224.512011,18,31686.940555
-207.356239,22,31695.416382
-306.973931,16,31701.20784
-186.742016,21,31709.110942
-274.191608,17,31715.204292
-321.393731,20,31722.19311
-208.456831,21,31729.614264
-254.018725,17,31735.579482
-215.82465,18,31743.644921
-298.745719,20,31750.640356
-295.391931,20,31757.587397
-226.565069,18,31764.181758
-250.786312,15,31769.352952
-241.335426,19,31776.521856
-191.055375,25,31785.029242
-275.195721,17,31790.740542
-158.786453,16,31796.88404
-129.599754,25,31805.587723
-294.507075,20,31814.752317
-197.374235,17,31822.100882
-216.114819,22,31830.062292
-139.013397,17,31835.821635
-248.658477,12,31842.904397
-224.444704,22,31852.176913
-213.867738,18,31857.792718
-194.369483,22,31865.949353
-282.216954,15,31871.237546
-290.356308,16,31878.325643
-251.309996,15,31884.256179
-283.991231,16,31890.1066
-159.988662,17,31895.338541
-284.554129,19,31902.120677
-309.624531,16,31908.174344
-229.191414,21,31915.48386
-198.485893,19,31924.010122
-143.631235,18,31929.807972
-238.433627,19,31937.044273
-332.65078,20,31944.304412
-211.570938,27,31953.538484
-316.851242,23,31962.754831
-318.471394,21,31970.43758
-211.726404,19,31977.25177
-265.387041,16,31983.131447
-279.273338,15,31988.738818
-283.282075,19,31995.261116
-229.146086,23,32003.443795
-257.554024,23,32010.804592
-184.440206,22,32018.862779
-274.28131,12,32025.052108
-275.553002,21,32032.193477
-209.27701,16,32037.216713
-187.220759,14,32041.547363
-269.35245,17,32047.743841
-300.315272,17,32053.769225
-313.524571,21,32062.01683
-218.670344,16,32067.854991
-258.188503,20,32074.969141
-217.387374,17,32081.070379
-204.38856,22,32088.934396
-277.860763,14,32093.624129
-222.254346,18,32100.320242
-247.884928,22,32108.416219
-133.693206,8,32111.105843
-243.437473,16,32117.352579
-240.401073,17,32123.713791
-251.38559,17,32132.352095
-185.324732,23,32140.373719
-276.022909,23,32148.955443
-186.683295,23,32156.810974
-328.405347,24,32165.251849
-145.268188,17,32172.13606
-152.488246,23,32181.184851
-206.48637,19,32187.491932
-307.628764,21,32195.478259
-171.399285,17,32202.375576
-296.937909,24,32212.174636
-246.371616,14,32216.781152
-279.988077,23,32225.182832
-200.600051,20,32231.826092
-238.561534,19,32238.799105
-185.049174,21,32245.79294
-244.838804,20,32255.50599
-226.351396,19,32263.719636
-200.310759,15,32268.865873
-198.120115,17,32274.287887
-138.408005,17,32279.804371
-204.518962,18,32286.50125
-234.179967,12,32292.028125
-302.877661,17,32298.417509
-183.423137,19,32305.164204
-194.359045,19,32311.537028
-218.491585,19,32320.127162
-309.588343,20,32327.541265
-189.15159,19,32334.02232
-222.998626,15,32339.37793
-188.966798,19,32346.395825
-137.03383,25,32355.245955
-220.653828,18,32361.70669
-256.686753,15,32367.388255
-259.168601,17,32373.034548
-200.342026,19,32381.87918
-257.834162,14,32387.425436
-321.123679,16,32393.684185
-195.466791,22,32402.566349
-285.755635,15,32407.408172
-262.630693,14,32412.22814
-244.426791,13,32416.977858
-235.610484,22,32424.06878
-227.363987,18,32430.542931
-274.522298,19,32438.783345
-201.410176,23,32446.218534
-139.519351,14,32451.116694
-213.382195,19,32457.851118
-170.629321,22,32465.204749
-258.914058,13,32469.855781
-311.60624,22,32477.130793
-246.5545,19,32483.496521
-239.152638,18,32489.593285
-267.520664,19,32495.539231
-241.828966,16,32500.922501
-198.714783,18,32508.915827
-243.279225,18,32516.616295
-180.106222,22,32606.716216
-294.512621,18,32613.707369
-179.683492,18,32621.550359
-287.455064,23,32629.860863
-220.243258,22,32637.747091
-223.000031,17,32643.639628
-238.822271,18,32650.398765
-139.570812,17,32657.267012
-256.887793,18,32663.528832
-271.130966,19,32670.322133
-129.32545,21,32677.718227
-260.46167,23,32688.635232
-205.14714,18,32695.174189
-176.086345,18,32701.485796
-246.768805,18,32707.539732
-224.375465,21,32715.597715
-257.016963,18,32723.853192
-206.20947,23,32731.923535
-179.264993,21,32740.003134
-279.052453,13,32745.887424
-216.749422,23,32754.724808
-398.789753,18,32760.740464
-243.51548,16,32768.427665
-187.564451,19,32776.242636
-227.783557,21,32783.104216
-270.938515,19,32790.477693
-123.377512,21,32798.44881
-123.995715,19,32804.604669
-304.149547,14,32809.300788
-217.385243,22,32817.875212
-283.438472,14,32824.144004
-337.969081,16,32829.983535
-237.432512,20,32838.525212
-235.009292,24,32846.93233
-224.854685,20,32854.116547
-235.244024,25,32863.712252
-203.960059,20,32870.722805
-194.977972,23,32879.17914
-200.931114,20,32887.100238
-232.618536,18,32894.008426
-212.920604,23,32901.944643
-281.075216,18,32909.142605
-233.60097,20,32916.091855
-327.360946,21,32923.134717
-204.142466,23,32930.991113
-222.878588,19,32938.880814
-225.344638,16,32944.783076
-178.934667,21,32951.924464
-223.994503,20,32958.796895
-239.206549,25,32967.244817
-249.536244,19,32974.520444
-244.46365,10,32979.150475
-279.436984,19,32985.494057
-191.803074,17,32991.641358
-207.971708,21,32998.817475
-299.974573,24,33007.263967
-270.45443,18,33013.485242
-286.765052,13,33019.232418
-292.725785,18,33026.999105
-262.915304,18,33033.028267
-237.217852,19,33040.449882
-238.029197,19,33046.610243
-221.525445,23,33054.7465
-155.702247,19,33061.330473
-269.612185,19,33067.572683
-210.8989,20,33075.655476
-175.84418,23,33084.10174
-208.980019,18,33090.880202
-272.660237,15,33098.212871
-215.801717,14,33102.932169
-342.516168,17,33108.698838
-262.076171,17,33114.980735
-136.448211,30,33126.422772
-289.563692,17,33132.685742
-228.388177,17,33138.269766
-277.98739,23,33146.604133
-179.817253,23,33155.198111
-134.221275,18,33162.770022
-187.461045,15,33169.018297
-248.750751,18,33175.266641
-246.261624,14,33179.956668
-235.256897,18,33187.402544
-216.182095,16,33192.426641
-211.278184,18,33198.70313
-180.561462,19,33205.290216
-242.400078,18,33212.253117
-253.735347,11,33216.869896
-319.707115,22,33224.511653
-216.568252,21,33233.628255
-232.637813,18,33239.621902
-246.835047,20,33246.616771
-194.579049,18,33252.677022
-354.83916,20,33259.511804
-294.662428,15,33264.927692
-190.733226,17,33270.854155
-213.401409,21,33277.916252
-236.214602,17,33284.333095
-167.858512,15,33289.412871
-226.029763,18,33296.404483
-121.576395,12,33301.15926
-231.560272,18,33309.306457
-209.654258,17,33315.037521
-223.980095,17,33321.540484
-282.467284,11,33326.218849
-247.469914,20,33333.583088
-253.142404,12,33338.433259
-257.527024,15,33344.628243
-214.008242,25,33353.044669
-239.019447,18,33360.126036
-305.172732,20,33368.573505
-226.93988,17,33375.742111
-195.611445,20,33382.391258
-288.41444,13,33386.884234
-180.325439,22,33394.433085
-111.418995,19,33401.366684
-332.418579,20,33411.671294
-322.689707,19,33419.120169
-223.028568,17,33425.037197
-215.709114,17,33431.896559
-237.319737,21,33438.859216
-258.751518,17,33444.800532
-229.989076,16,33451.776563
-227.503964,19,33458.826914
-130.679972,13,33463.47338
-272.140046,12,33467.993173
-170.961061,25,33478.523013
-209.199972,18,33485.032534
-255.633644,18,33491.984108
-161.410312,20,33499.671258
-192.107459,23,33507.418395
-159.354134,23,33514.802278
-233.55591,21,33522.153017
-238.621791,19,33528.735403
-198.012882,26,33538.176145
-268.704709,23,33546.626292
-241.939158,16,33552.973251
-157.475026,17,33558.987743
-256.173959,16,33564.835439
-213.647546,18,33571.433714
-258.40004,19,33577.890428
-272.266656,20,33585.467323
-166.36303,16,33590.759163
-232.54963,16,33598.447622
-119.533618,12,33602.810919
-223.784258,17,33608.546928
-277.064298,19,33616.16709
-283.868075,14,33620.667254
-248.314038,18,33627.094711
-187.536647,22,33634.349757
-230.14133,17,33640.381643
-289.078034,19,33647.463583
-219.686798,22,33655.555242
-210.114041,19,33663.478861
-316.355556,15,33668.867842
-206.224968,25,33677.57773
-231.077604,23,33687.389232
-257.537226,25,33697.806765
-221.185576,18,33704.250835
-228.918865,17,33710.02127
-201.401698,22,33717.953971
-252.213906,15,33723.306604
-243.377281,22,33731.006735
-236.781253,24,33740.042971
-211.607046,18,33746.737499
-213.202269,16,33751.984169
-155.933535,21,33759.298701
-205.304188,21,33767.389232
-232.007339,18,33773.44848
-213.867093,19,33780.80367
-297.19498,18,33787.002665
-170.271619,24,33795.69804
-205.827992,21,33803.024169
-247.856225,17,33810.567369
-356.831553,19,33819.420123
-171.086945,19,33827.915069
-187.853628,15,33833.233542
-256.450355,18,33840.629838
-265.785445,23,33848.324596
-278.303201,17,33854.587145
-265.465352,12,33858.958415
-265.903152,19,33866.527749
-200.077738,21,33873.182577
-262.374095,22,33881.156096
-294.105828,13,33886.497305
-149.66094,22,33893.585968
-193.181822,19,33900.598249
-301.642469,23,33907.661596
-266.290547,19,33914.268865
-220.929817,17,33920.30342
-258.330864,17,33925.939927
-195.633412,23,33934.688449
-173.577908,18,33941.538675
-220.472736,18,33947.772652
-315.458359,18,33955.054744
-178.665731,23,33962.647375
-226.247413,14,33967.45926
-260.247755,21,33974.83753
-252.61681,18,33981.464693
-122.923366,12,33985.918405
-334.298071,18,33992.60766
-212.02351,20,33999.061049
-207.297877,16,34006.236896
-250.77911,25,34014.996663
-204.395333,20,34021.657457
-193.40172,21,34028.424504
-255.289455,21,34038.142642
-251.818756,23,34045.530533
-255.85956,19,34053.123888
-303.820448,24,34062.312296
-224.758392,22,34070.565598
-113.610087,13,34075.867029
-293.343329,16,34082.473058
-243.001012,15,34088.152567
-222.395445,19,34095.306725
-221.728494,25,34104.735708
-133.387076,17,34110.490264
-272.036666,10,34113.971759
-288.105146,15,34120.617564
-221.387686,19,34126.685455
-291.941551,16,34132.563854
-239.47818,22,34140.496689
-257.756893,10,34144.001298
-293.683841,18,34150.390433
-216.917067,16,34155.783941
-295.253542,21,34164.365132
-224.975022,16,34170.352267
-207.600056,17,34176.424613
-191.674691,22,34184.608997
-295.558949,18,34190.45799
-244.519849,22,34198.836953
-245.559206,16,34204.64988
-236.065597,16,34209.94525
-257.305637,19,34216.495659
-206.631185,20,34223.125646
-219.552659,19,34229.747408
-294.406873,17,34235.633118
-157.833851,27,34244.519044
-175.7955,19,34250.928865
-225.254346,17,34256.685187
-182.558554,21,34264.074793
-232.315104,22,34271.351801
-318.473185,18,34278.245075
-161.225189,20,34286.363039
-289.86703,19,34292.465608
-136.886098,10,34296.278765
-187.646109,27,34306.512351
-242.818286,17,34312.082127
-403.422364,17,34317.78142
-260.23634,18,34324.877793
-292.184987,15,34332.126085
-256.440997,15,34339.13498
-179.53479,18,34345.655996
-234.415324,21,34352.743986
-287.374462,17,34359.308393
-246.285063,24,34368.532141
-264.653587,22,34376.714637
-255.135374,20,34384.747722
-186.323706,23,34393.812621
-290.340053,12,34397.812692
-155.480694,19,34404.570553
-297.867939,20,34411.921312
-342.633166,14,34416.785213
-200.587103,21,34423.924179
-229.127182,17,34431.337535
-251.095441,16,34437.026776
-220.993091,20,34444.404814
-173.525604,23,34452.582821
-162.96448,20,34461.010505
-287.041801,22,34468.784413
-216.66427,20,34476.605383
-189.93473,19,34483.884177
-202.825165,22,34491.010268
-245.954384,16,34496.402617
-243.515119,17,34502.374474
-277.586906,19,34510.150114
-185.52505,13,34516.274089
-197.928672,18,34521.843448
-203.711206,13,34526.623081
-263.725103,23,34534.425409
-229.257449,18,34540.465511
-206.372037,19,34547.293426
-190.92127,25,34557.601128
-252.723767,19,34565.736017
-303.299636,16,34572.48452
-165.072452,25,34580.798488
-276.89598,15,34585.715019
-211.982403,20,34594.601785
-156.470636,15,34599.873044
-218.951055,24,34608.291498
-146.615247,17,34614.287202
-135.029231,16,34621.273243
-255.709914,16,34626.306737
-208.85609,22,34635.007085
-270.334603,14,34640.977655
-166.135494,22,34648.383248
-192.547955,23,34655.949106
-196.544586,20,34662.899054
-142.624604,17,34668.218446
-325.883163,19,34674.799985
-237.156309,22,34682.426578
-245.758385,15,34689.467818
-197.636104,21,34698.587069
-263.63497,15,34704.076624
-228.246956,26,34713.160123
-380.537616,23,34720.660041
-236.618623,21,34728.031146
-248.915151,14,34734.380348
-222.034406,18,34740.413127
-169.718821,21,34747.645355
-200.788178,22,34757.773058
-284.659543,18,34764.577283
-225.582585,20,34772.093387
-268.183913,22,34780.545943
-217.647408,22,34788.249009
-251.068317,17,34794.116745
-237.874266,19,34800.788151
-246.026345,16,34807.456987
-123.377614,20,34814.528441
-150.614078,25,34823.662383
-171.920661,21,34831.043187
-268.523015,18,34837.89828
-185.855911,21,34844.819925
-308.840226,18,34852.024814
-225.150898,23,34860.086584
-120.992821,21,34869.118595
-101.753709,14,34873.71539
-178.635766,21,34881.141474
-292.322126,17,34886.788837
-291.711541,13,34891.220047
-241.68034,19,34898.118181
-132.558419,18,34904.896575
-265.702443,15,34909.860895
-216.647366,21,34918.000669
-199.83622,16,34925.754877
-207.660334,19,34932.912474
-237.014158,17,34939.11651
-400.106005,19,34945.425383
-275.077026,15,34950.738933
-220.885108,20,34958.311286
-164.137787,24,34966.936023
-247.005982,23,34974.951135
-260.909372,19,34981.953708
-227.410548,16,34987.416287
-232.529833,19,34993.681678
-187.283565,18,35000.502943
-200.501928,25,35009.165855
-234.435077,24,35017.042983
-293.226666,18,35023.226308
-305.736499,22,35030.318487
-247.126632,17,35035.996293
-216.508614,19,35042.372514
-249.886286,14,35048.527407
-137.194155,20,35057.44178
-203.095089,17,35063.769372
-289.980417,18,35070.851964
-229.221024,21,35077.984432
-177.385246,18,35084.414896
-245.394504,18,35090.667614
-272.598428,14,35095.664887
-226.727835,21,35103.982789
-183.732527,25,35113.15521
-331.896035,15,35119.38149
-243.683554,18,35125.464956
-131.718465,21,35132.289848
-216.498564,18,35138.686431
-258.382809,17,35145.956006
-242.519598,15,35151.83228
-101.06608,20,35158.667091
-172.253894,22,35167.402242
-202.86442,21,35176.167923
-184.933087,24,35184.556779
-206.276674,15,35189.959738
-155.725474,24,35197.809092
-195.071896,21,35205.982271
-151.289477,17,35211.703054
-172.680357,13,35217.025329
-259.672794,19,35224.59486
-270.269422,18,35231.304003
-297.1492,17,35237.587965
-246.179629,16,35244.236386
-197.150774,17,35250.243663
-256.922524,12,35254.55362
-141.875017,18,35260.611837
-203.407317,21,35267.333339
-257.772612,20,35274.404731
-231.17568,22,35281.809483
-251.422682,13,35286.399794
-289.784324,18,35292.897652
-247.368274,22,35301.910234
-248.460297,17,35308.089504
-214.130851,10,35311.993474
-257.16715,19,35319.725209
-180.103681,23,35327.444206
-237.104933,19,35335.976693
-249.012655,24,35344.862689
-199.050245,22,35352.376902
-208.51776,18,35360.603003
-256.759203,23,35367.984316
-284.01691,24,35377.313067
-267.037753,14,35381.99039
-280.164143,22,35389.776616
-257.063062,18,35396.214399
-157.221266,24,35405.531305
-225.696395,18,35411.721366
-248.76058,16,35417.943733
-311.797232,10,35423.706219
-278.093982,12,35428.115287
-194.29868,21,35436.413505
-185.914681,22,35443.869597
-172.36957,20,35451.680085
-232.898397,18,35460.726089
-187.688537,20,35467.867777
-242.145466,21,35475.29843
-98.064011,22,35483.159812
-290.225261,19,35490.176424
-198.544942,23,35498.276001
-242.228606,14,35503.628033
-119.319256,18,35509.710271
-242.014271,20,35515.999328
-174.845947,27,35526.120333
-144.645312,20,35532.771299
-152.760057,20,35542.904405
-218.571765,17,35549.234035
-302.944066,18,35555.955712
-281.795676,15,35563.53824
-257.432039,21,35570.904298
-181.693927,24,35579.005721
-159.202398,19,35586.464859
-201.091407,17,35595.533498
-226.340129,23,35602.903533
-142.368812,19,35609.614043
-252.913044,21,35616.877953
-253.620472,19,35623.647936
-258.09586,28,35633.53762
-226.467062,22,35640.731923
-194.243714,15,35646.964998
-231.450078,17,35654.172497
-267.567848,25,35662.786646
-265.831705,17,35669.292796
-233.108889,14,35675.156619
-140.876242,18,35681.318214
-214.2608,17,35773.090699
-265.633216,20,35779.949391
-212.310873,21,35787.420839
-126.3679,11,35790.923563
-166.304195,23,35799.494699
-378.033209,18,35806.766411
-257.136259,25,35815.00201
-269.635726,18,35822.58447
-200.702336,20,35829.300514
-243.577802,14,35835.239929
-179.727734,19,35842.920591
-154.62509,13,35847.420985
-167.021794,20,35853.727813
-265.870026,20,35861.306411
-249.33902,18,35868.598216
-183.582804,24,35877.167672
-187.867728,23,35884.964156
-164.402482,19,35891.729215
-247.602451,22,35899.382165
-103.437464,17,35905.493786
-224.529256,18,35912.301522
-129.085159,18,35918.866892
-249.923186,18,35925.229061
-336.771329,19,35932.420851
-266.018322,20,35939.251793
-239.227914,19,35946.103505
-267.868268,19,35953.985382
-265.164662,16,35959.25155
-246.876053,15,35964.730991
-131.786583,20,35971.403697
-222.448588,19,35978.731629
-97.07157,22,35986.026566
-112.625481,16,35990.880372
-234.574262,17,35998.255213
-262.082733,22,36005.970443
-221.967749,18,36013.191834
-150.142045,16,36019.947944
-203.158709,13,36024.742134
-148.613099,23,36032.99164
-249.935646,14,36040.287163
-226.170895,19,36046.515829
-225.042426,23,36055.3297
-243.545222,18,36064.874731
-212.626745,16,36071.795229
-287.242939,13,36077.215435
-228.264272,26,36085.795703
-253.694798,21,36094.778666
-111.960663,20,36101.697075
-204.346908,24,36110.147214
-178.8776,15,36114.812613
-254.461565,18,36123.369155
-245.098506,24,36131.803257
-264.081447,23,36139.757568
-219.771397,16,36145.838617
-194.788955,23,36153.189917
-229.497563,18,36159.881782
-229.994823,22,36167.030169
-249.891271,18,36174.205889
-168.743875,19,36180.58682
-238.744013,23,36189.909099
-133.894892,19,36196.937025
-243.698012,12,36202.170964
-282.297138,13,36208.01788
-121.439286,21,36215.25808
-203.966124,18,36221.774375
-233.818347,16,36227.188075
-289.691626,18,36234.268402
-246.551492,16,36239.454746
-208.632706,18,36245.921229
-220.889008,27,36256.916817
-220.171327,17,36265.210102
-192.976683,20,36271.894284
-246.792169,17,36279.149903
-294.025716,14,36283.81145
-224.705194,17,36290.107951
-160.109123,16,36296.587974
-222.85551,22,36303.872774
-169.985249,28,36313.684011
-167.329773,17,36319.377108
-144.159859,20,36327.616448
-241.827366,15,36332.708855
-205.209321,17,36339.157964
-230.340607,18,36346.838652
-264.909683,18,36354.221096
-256.226891,16,36360.105032
-210.756702,19,36366.966223
-233.418557,14,36372.598895
-250.695068,14,36377.912333
-237.636641,23,36386.313663
-258.572378,15,36392.249203
-303.929708,18,36397.941478
-211.205654,16,36404.058434
-225.795354,20,36411.32333
-244.400971,22,36420.033013
-219.068609,21,36427.655929
-227.507302,12,36432.953278
-233.937369,21,36441.293229
-161.55097,16,36446.64114
-238.7083,16,36453.428648
-236.19708,17,36459.743237
-228.037368,20,36467.523391
-249.044965,22,36476.161143
-251.125783,16,36482.350746
-177.464134,20,36489.008044
-320.504397,22,36497.839453
-240.360204,15,36502.607064
-295.73295,18,36509.142513
-222.945554,19,36517.845032
-236.898559,21,36525.244658
-262.5302,19,36531.916708
-219.695958,19,36539.190024
-181.916279,22,36546.753579
-93.635769,12,36551.537181
-144.843496,22,36559.981588
-200.70133,20,36566.945735
-179.817379,21,36573.979132
-143.67035,22,36581.853111
-247.072556,26,36589.955902
-146.934623,19,36598.003826
-207.933821,27,36608.175929
-283.00401,17,36614.613116
-198.938371,17,36620.126361
-130.577587,22,36627.174375
-207.253409,20,36633.827854
-145.067052,24,36641.816171
-152.049267,20,36648.467243
-217.516211,20,36655.070802
-241.377557,15,36661.132004
-134.275873,27,36670.177231
-254.279451,22,36677.942302
-300.079314,19,36684.721386
-254.690336,18,36691.151992
-222.143626,24,36699.144507
-245.140924,16,36705.377127
-279.673808,13,36712.066382
-222.97969,18,36718.813135
-276.198883,11,36722.423575
-230.569781,22,36730.041517
-237.005674,17,36735.648815
-224.890389,19,36741.964769
-283.281588,22,36749.808481
-235.272697,19,36756.613318
-184.987655,22,36764.086367
-188.884167,17,36769.648328
-163.375358,18,36776.327732
-244.041412,22,36784.17787
-304.812238,13,36788.787986
-279.694491,21,36796.147615
-147.986131,22,36804.249819
-200.674421,22,36812.589007
-248.835712,17,36818.478768
-254.305906,20,36825.46882
-187.47214,24,36832.988893
-217.699604,22,36841.011461
-275.316699,20,36849.010954
-161.591781,21,36857.85345
-178.399443,20,36865.692497
-253.205408,21,36872.789356
-186.626579,23,36880.640043
-245.970645,16,36886.204036
-134.179105,21,36893.181442
-246.094308,14,36897.573769
-180.332342,23,36909.184254
-240.073654,19,36916.442682
-218.020537,21,36924.61306
-190.855148,19,36932.482318
-277.761498,14,36938.834507
-231.463474,14,36944.296809
-270.898214,20,36952.223629
-221.023365,23,36959.957266
-301.723221,18,36965.948605
-247.504111,21,36974.920094
-212.577013,24,36983.092046
-248.305272,23,36992.489678
-225.495148,13,36996.678993
-268.410533,20,37003.768131
-256.940915,18,37010.751157
-256.96381,17,37016.438141
-162.233768,20,37023.72744
-239.859088,19,37031.599684
-172.551186,25,37042.132178
-267.281395,19,37049.24861
-257.499905,20,37057.107884
-184.887347,18,37063.568035
-272.074862,20,37069.97222
-230.668723,20,37077.00741
-145.035268,21,37084.244515
-192.46641,18,37090.70109
-129.344681,22,37097.840905
-272.34192,23,37107.406653
-226.080337,17,37113.017654
-251.704248,23,37122.986868
-256.314653,23,37130.34594
-173.504881,26,37139.083071
-239.188647,15,37144.330227
-184.296875,22,37152.138944
-315.496393,22,37159.861457
-243.258415,18,37166.634795
-162.064822,21,37175.275647
-256.307045,19,37181.570693
-280.590299,17,37187.460627
-219.585325,20,37194.68663
-161.563992,21,37203.021656
-195.844245,21,37210.888251
-248.461833,15,37216.983574
-227.941753,13,37222.50484
-218.654709,21,37229.814646
-266.421097,15,37235.678237
-345.386338,24,37245.83632
-202.184309,16,37250.808692
-107.876014,22,37257.947177
-223.319568,19,37264.095576
-257.539639,14,37269.621108
-192.571033,14,37275.76126
-122.511355,19,37282.27258
-169.23538,25,37292.036507
-373.091099,20,37299.337052
-169.227849,16,37304.759066
-208.16948,26,37313.878063
-235.015797,16,37320.613331
-186.526466,24,37329.329182
-251.924679,16,37335.069731
-299.136177,18,37341.781184
-179.174436,24,37350.695288
-223.214574,20,37357.773596
-159.813494,19,37365.029669
-271.305203,19,37371.705774
-125.980299,19,37379.019654
-212.373878,21,37386.178838
-191.8855,19,37392.282783
-255.631772,21,37399.808661
-223.0921,19,37409.14994
-257.50512,18,37415.803218
-163.602807,29,37427.326491
-276.524992,21,37437.002167
-195.74736,18,37445.087215
-290.594436,20,37453.044436
-237.732532,23,37462.417329
-440.526304,22,37471.125477
-280.429387,23,37480.156115
-253.084568,19,37486.371815
-270.380451,20,37493.363263
-262.757232,21,37500.848803
-252.415414,15,37506.632256
-233.397783,20,37513.846859
-194.166413,21,37521.145545
-219.692219,22,37531.126747
-268.64961,24,37540.010526
-186.516748,27,37550.448865
-241.818779,16,37556.795663
-198.254917,18,37564.845337
-273.147795,20,37571.682702
-193.330813,21,37578.513295
-251.989316,17,37584.243498
-211.886246,23,37593.276501
-213.889965,23,37601.448618
-217.154404,21,37609.22937
-254.847683,17,37616.569077
-129.672755,21,37623.803472
-232.432142,22,37631.040107
-192.864285,21,37638.261043
-189.578106,20,37645.949795
-204.243701,19,37652.337954
-286.644716,13,37656.729649
-230.562399,23,37667.318079
-188.896689,21,37675.713679
-204.121002,17,37681.583708
-231.173969,20,37689.715585
-181.001924,23,37698.781835
-241.746409,14,37703.539851
-167.791477,22,37712.605911
-326.085762,17,37718.144778
-231.051294,18,37724.494261
-273.389449,24,37732.943549
-164.874647,23,37741.941578
-183.199519,19,37750.825923
-248.005544,18,37757.803256
-180.823186,20,37764.537423
-243.789071,21,37773.063588
-217.993581,21,37779.721893
-147.212668,10,37782.859637
-164.787843,26,37793.65636
-214.716361,16,37799.319725
-263.556727,21,37807.424018
-276.48436,19,37816.005949
-212.886094,20,37822.552038
-243.646801,20,37829.648425
-230.375139,17,37835.760514
-280.882486,15,37841.119059
-199.519268,14,37846.472789
-300.736733,14,37851.252414
-253.749882,21,37858.341794
-248.779227,14,37865.055505
-233.669292,20,37872.187465
-244.326735,21,37879.688733
-169.741705,24,37888.67371
-279.550228,15,37894.180245
-225.919011,21,37901.131314
-229.497777,17,37908.485504
-157.83667,17,37914.3235
-287.936103,18,37921.391923
-151.192786,19,37928.772236
-313.995457,10,37931.950667
-218.015958,23,37939.779842
-214.132605,15,37945.158947
-252.535958,18,37951.553921
-189.370772,17,37957.152946
-176.470375,11,37962.200209
-242.532455,15,37967.201404
-240.864785,18,37973.107208
-272.147548,15,37980.760339
-171.987983,23,37988.453278
-217.122218,21,37995.398791
-182.185241,25,38004.049814
-197.213879,19,38011.124049
-195.219632,20,38019.79003
-236.683899,18,38029.40239
-188.519189,19,38035.670738
-162.507754,23,38043.514153
-297.639509,15,38051.304727
-217.791652,19,38059.44401
-338.295911,15,38066.149978
-201.530678,19,38072.3388
-255.240558,21,38079.075489
-263.911602,17,38086.156301
-232.502142,15,38093.789702
-204.653373,24,38101.673384
-236.727153,19,38108.668555
-291.754726,17,38114.742467
-162.822054,18,38120.662391
-254.325954,18,38128.891761
-239.418895,19,38135.995718
-187.011342,21,38143.744675
-138.21264,19,38150.208404
-201.058852,25,38159.46179
-230.077077,20,38166.712628
-197.858783,18,38172.863842
-246.345135,17,38179.110472
-233.137541,20,38188.122203
-118.96242,19,38194.463104
-175.187149,26,38203.769446
-226.307299,16,38209.428747
-185.600277,25,38220.841024
-177.758904,17,38226.333129
-162.686626,18,38232.70256
-117.514914,23,38241.197008
-204.226689,15,38247.150632
-208.838274,19,38254.532635
-237.57251,16,38260.22336
-264.342205,19,38266.759231
-300.35267,20,38274.733686
-205.067287,21,38282.199641
-231.601415,24,38291.007361
-265.560174,15,38296.17312
-288.819821,12,38300.670066
-154.689281,12,38305.13844
-323.024273,18,38311.599516
-225.885534,20,38318.687124
-183.552546,25,38327.896815
-201.330572,20,38335.632018
-171.542703,25,38344.422797
-242.123057,17,38350.883209
-266.569458,14,38355.370248
-206.910135,19,38361.755667
-309.982296,15,38368.491994
-228.690848,20,38375.463995
-196.277173,19,38383.224222
-274.178153,20,38389.542455
-246.222905,15,38394.997637
-106.53798,23,38402.782167
-225.658465,19,38409.665307
-142.115889,17,38416.219233
-297.403799,15,38421.298493
-233.460665,22,38428.403309
-196.568156,21,38435.332453
-228.752967,17,38441.753358
-280.6973,18,38447.624634
-120.810482,25,38455.885186
-264.450931,23,38463.364224
-168.683223,17,38469.433311
-171.043994,12,38473.629541
-174.788524,18,38479.534064
-196.695719,19,38485.810791
-117.956866,21,38492.559282
-295.093736,20,38499.597732
-160.136331,21,38506.699787
-226.300453,21,38513.445238
-300.180917,16,38519.125037
-194.338392,19,38525.371584
-270.297168,17,38530.858828
-289.050875,18,38537.333547
-239.221925,14,38543.149159
-199.878787,25,38551.204327
-303.907278,18,38558.665003
-216.62515,20,38566.321959
-220.267678,18,38572.573024
-228.009716,16,38578.689533
-207.341519,18,38585.498288
-209.8072,17,38591.394838
-229.336643,16,38596.859981
-209.470347,19,38603.949109
-146.613664,18,38610.321034
-150.347725,22,38617.576929
-134.207273,17,38623.804139
-255.205613,22,38631.033179
-160.534231,22,38639.372504
-256.968254,13,38643.313822
-233.889149,15,38649.18242
-285.92334,16,38655.708148
-227.371631,18,38661.939511
-285.388296,17,38668.064081
-197.015741,23,38675.966367
-216.145447,20,38682.938603
-202.403262,22,38690.856584
-183.780319,21,38698.724983
-244.357104,16,38705.424782
-208.883264,23,38714.009883
-203.526096,19,38720.644382
-193.472929,14,38725.431198
-122.916642,18,38732.062692
-328.08551,18,38737.953118
-169.520598,19,38744.641795
-211.752283,18,38751.339665
-169.14598,26,38759.706034
-305.334859,10,38764.65406
-127.559885,18,38771.582117
-181.772443,22,38779.754165
-112.828836,17,38786.17216
-224.396246,27,38795.033891
-226.158975,25,38804.078003
-261.961646,18,38810.446686
-193.396682,21,38817.479191
-177.0948,22,38825.224376
-273.040158,13,38831.304964
-215.731607,18,38837.602013
-204.11432,17,38843.389303
-134.334978,22,38938.152424
-142.930576,17,38944.072399
-202.477133,25,38953.91652
-339.674178,17,38959.467556
-220.604475,20,38966.49863
-272.235418,16,38972.145126
-245.392604,17,38979.041529
-149.259459,24,38988.240947
-162.77781,19,38994.710186
-221.060806,25,39004.581853
-193.962021,21,39011.960207
-191.329082,22,39021.067005
-260.020323,20,39028.298038
-301.211226,18,39034.83709
-223.063726,16,39040.182334
-180.954306,21,39047.145882
-223.311954,20,39053.811272
-238.372212,21,39061.074485
-244.20937,21,39069.216022
-220.846242,23,39077.686115
-278.544393,17,39084.133196
-179.047828,23,39091.827304
-186.65908,17,39098.327075
-183.435905,20,39105.311066
-200.568255,20,39112.314048
-206.182534,18,39118.453265
-279.743008,22,39126.144058
-181.302749,18,39132.357439
-223.166554,19,39138.979017
-171.367655,13,39143.994606
-338.099234,17,39150.013474
-240.517337,19,39155.979455
-158.406126,27,39165.395772
-228.133366,19,39171.563276
-220.787588,24,39180.063059
-237.656266,16,39186.018204
-208.871469,27,39198.210076
-211.105155,21,39205.23642
-193.844775,24,39213.650891
-209.458334,19,39220.285908
-170.80901,25,39228.493479
-134.119007,23,39236.88447
-183.787115,16,39242.702704
-156.65516,20,39249.864094
-335.519451,23,39258.746999
-127.138772,12,39262.925254
-160.887023,26,39272.060297
-256.327395,19,39278.554317
-266.275181,18,39286.224593
-234.745353,21,39293.22611
-118.298197,15,39299.311059
-190.572328,24,39307.167683
-220.04836,18,39313.575001
-297.488569,22,39321.738225
-200.127551,16,39327.282246
-264.761808,19,39334.595518
-138.843389,21,39341.482004
-217.313571,21,39347.999962
-178.720418,19,39354.335785
-226.084786,21,39362.031243
-315.511347,15,39366.809875
-166.804244,25,39375.599132
-209.56288,22,39383.248723
-188.802379,20,39389.994034
-163.744674,23,39398.276973
-245.056938,16,39404.145906
-212.167228,18,39410.112599
-98.740009,9,39412.841964
-216.571583,16,39419.039881
-313.291662,20,39426.801308
-288.28145,22,39435.115428
-192.52982,17,39441.07413
-185.670928,23,39448.418804
-186.222358,29,39457.658673
-234.108887,15,39463.474464
-218.615039,19,39472.149387
-210.30287,18,39479.629021
-217.008337,21,39486.72461
-226.675099,17,39493.324439
-281.625762,23,39501.032252
-255.885401,24,39508.868522
-238.244583,21,39516.334501
-237.459995,19,39523.334064
-250.893367,22,39530.788147
-195.90139,26,39539.563888
-298.441521,14,39544.411092
-229.107906,28,39553.746769
-142.36879,17,39559.952353
-231.647049,16,39565.522364
-320.639737,22,39572.929214
-189.892926,19,39579.468014
-222.036944,15,39585.867255
-228.455723,19,39593.938867
-245.265814,19,39601.166224
-259.131981,25,39611.095645
-284.256508,16,39618.973243
-128.214125,21,39625.916951
-264.037342,10,39629.653244
-156.884892,7,39632.697067
-225.440347,15,39638.454856
-157.838156,22,39646.387633
-270.254948,24,39654.859845
-155.103461,22,39662.059843
-300.188883,21,39669.3598
-237.617307,17,39676.123984
-238.871128,19,39682.178524
-164.669853,25,39691.28548
-199.179427,20,39697.927595
-241.295436,17,39705.679797
-273.174505,24,39713.487736
-277.327592,22,39721.548408
-180.571462,24,39730.85417
-164.10226,24,39739.275458
-198.479349,25,39749.292105
-215.141422,26,39758.326217
-250.822825,14,39764.218668
-146.152561,17,39769.953589
-212.396446,21,39777.256229
-243.433583,24,39787.639082
-190.351283,23,39795.797539
-307.29754,20,39802.967128
-103.109161,21,39811.564319
-178.463909,22,39818.180574
-200.930663,17,39823.770735
-269.287926,22,39831.653066
-295.181274,24,39840.500049
-250.328476,26,39849.223039
-248.727519,18,39856.53683
-252.472058,15,39862.101208
-231.565546,17,39867.343788
-356.965294,18,39873.531321
-211.083056,23,39881.333855
-224.231117,16,39886.909547
-145.023381,25,39896.781192
-123.119178,10,39900.514857
-110.982515,15,39906.920133
-236.149676,22,39915.847203
-183.768023,26,39924.421302
-221.163978,19,39931.303261
-305.223786,16,39937.28738
-131.378937,26,39947.617833
-146.460011,16,39953.493155
-270.315104,15,39959.503681
-213.338523,22,39967.872472
-160.649402,17,39973.870181
-128.62017,30,39983.970634
-237.193645,22,39992.580623
-182.044469,21,40000.377117
-273.83596,16,40006.200127
-270.623141,17,40012.031403
-195.161214,22,40021.026761
-269.629354,21,40029.658237
-172.348214,25,40038.345411
-218.410798,19,40044.627251
-198.880516,25,40054.205156
-277.949574,18,40060.297035
-205.320396,20,40068.069863
-244.291636,18,40073.892597
-210.051701,19,40080.661236
-207.19384,20,40087.920426
-257.847207,24,40096.705866
-122.006987,14,40102.158856
-232.030005,20,40108.550205
-306.396422,17,40113.931122
-239.292942,18,40119.688135
-286.998316,22,40128.946316
-103.128808,27,40138.086662
-241.959948,18,40145.215171
-141.460072,22,40153.042164
-230.1873,20,40161.527676
-156.857504,21,40168.514933
-202.244722,15,40173.060234
-298.096636,15,40178.617352
-140.298736,20,40186.186667
-216.680564,23,40195.020817
-210.431765,23,40202.822665
-152.313103,24,40211.501697
-151.629305,22,40219.243489
-236.546141,20,40226.037386
-135.21135,28,40236.949335
-245.20222,17,40245.507708
-255.946444,19,40252.431133
-171.659135,16,40258.284696
-201.204537,20,40265.114549
-102.246442,10,40268.654633
-177.601779,18,40275.033683
-199.932016,22,40283.410723
-260.313892,24,40291.71462
-241.603152,21,40298.846139
-287.911125,18,40306.137976
-195.645259,15,40312.938842
-216.401168,18,40319.783606
-210.627643,21,40327.004506
-252.239477,18,40333.140398
-167.352389,18,40338.945527
-195.033055,17,40344.888114
-119.460315,15,40349.808172
-263.577019,11,40354.130303
-216.694857,23,40363.711019
-273.48042,21,40370.644975
-126.361837,20,40377.974461
-232.536097,17,40383.938778
-221.983067,19,40390.846517
-202.912371,22,40399.656382
-368.372792,23,40408.242291
-201.751872,20,40414.775228
-216.221587,19,40421.565371
-261.140274,23,40429.275406
-216.188798,21,40436.437711
-267.007074,21,40443.955699
-261.545526,15,40450.733971
-146.367909,22,40458.726555
-243.321512,21,40465.502043
-365.89132,14,40470.419487
-262.860105,19,40477.200469
-269.367107,16,40483.432799
-220.304438,17,40489.504795
-158.166705,19,40495.801843
-226.075709,17,40502.693876
-287.776609,15,40507.918435
-267.413641,14,40512.628633
-246.062818,15,40517.947437
-211.480766,20,40525.130547
-107.894262,19,40531.681237
-132.777754,21,40539.945249
-175.00087,26,40549.097054
-194.001139,23,40559.840107
-189.055466,17,40565.667866
-120.665251,12,40571.964329
-271.270612,22,40578.84323
-130.005598,25,40588.70476
-275.394048,16,40594.643093
-279.452338,16,40600.620863
-259.308305,21,40607.645963
-268.238588,13,40612.166956
-186.783786,22,40619.987285
-181.459791,24,40630.986891
-192.109294,20,40637.856877
-197.859507,20,40644.388716
-195.681458,21,40652.077206
-200.022639,18,40658.43297
-224.665117,22,40666.536643
-117.145914,23,40674.307984
-178.23721,14,40679.227646
-238.273608,17,40684.809922
-143.925518,23,40693.222609
-109.465579,16,40699.290688
-194.205613,14,40705.36302
-270.494839,10,40708.218431
-197.470852,20,40715.16457
-271.74839,23,40722.436137
-293.154114,12,40727.81245
-226.686194,16,40732.980509
-84.055069,13,40738.242312
-311.160261,18,40745.39564
-285.34042,21,40753.623028
-212.98925,23,40761.417416
-287.237612,15,40768.960412
-204.986651,25,40777.421979
-216.14127,15,40782.949798
-160.396571,26,40792.801429
-169.757072,23,40800.279437
-280.703522,17,40806.524762
-122.387778,17,40812.737112
-262.807561,11,40817.067692
-311.70332,20,40823.999371
-228.748243,17,40829.776155
-218.038593,22,40838.238057
-200.573442,20,40845.712853
-247.373867,19,40852.667409
-225.641746,22,40862.553308
-263.24614,18,40868.64032
-188.453692,21,40875.40832
-194.495112,24,40884.884953
-162.46039,22,40894.251572
-165.34843,21,40901.707682
-175.045285,21,40908.526778
-200.098127,23,40916.492936
-237.595998,17,40922.958616
-195.076691,20,40931.079425
-262.90364,15,40936.281381
-320.51335,21,40943.825984
-225.765035,21,40953.350735
-236.661609,19,40960.476577
-215.680628,20,40967.993923
-249.89708,15,40973.271518
-228.033614,24,40981.122036
-150.77221,21,40987.911788
-193.893698,23,40996.732083
-128.209693,24,41005.424082
-145.616203,19,41012.314929
-225.562431,20,41019.201943
-210.152764,22,41027.653253
-274.587526,20,41034.929688
-169.253538,24,41043.637221
-218.998879,14,41050.024905
-289.878547,22,41057.301908
-158.355002,15,41062.353935
-187.98168,21,41070.516956
-222.290987,16,41076.482475
-264.065841,21,41084.599981
-224.532739,20,41091.599231
-293.981686,15,41097.81439
-268.279894,22,41107.260375
-171.953968,13,41113.24563
-193.075872,24,41121.26243
-191.830706,21,41129.943913
-82.429762,24,41139.687723
-207.333094,17,41145.798187
-199.515987,19,41153.122504
-145.961612,19,41159.769447
-194.480697,15,41165.200901
-170.774854,18,41173.561576
-191.142575,21,41180.707315
-237.941697,22,41189.80134
-244.346074,20,41196.521097
-210.321902,22,41203.808739
-124.279969,23,41211.383568
-361.160431,19,41218.096712
-229.678427,19,41225.329776
-128.226224,18,41231.815911
-239.975457,20,41238.390258
-203.801353,21,41245.993972
-231.41586,21,41252.884151
-229.495635,16,41258.986198
-99.066838,14,41264.967578
-219.075077,20,41272.713213
-158.941088,19,41279.802607
-246.348346,19,41286.734708
-277.98613,13,41291.207947
-106.438401,19,41298.952975
-237.372581,23,41307.245598
-234.979021,24,41315.67409
-309.105878,16,41321.278954
-284.933979,21,41328.285182
-174.633087,23,41337.050662
-197.283009,18,41342.746108
-201.537286,18,41349.346518
-241.483531,17,41355.389842
-187.614183,22,41364.014434
-224.406925,18,41369.881154
-226.101662,24,41378.460057
-264.519503,16,41384.601114
-160.444715,19,41391.363473
-233.79062,19,41398.350823
-288.026044,19,41404.735615
-200.919391,23,41412.784848
-165.411317,21,41421.732998
-152.270641,18,41427.99652
-231.915588,21,41435.134736
-226.471294,12,41439.51817
-150.306505,24,41448.478661
-183.085119,16,41454.015332
-151.814249,18,41461.359445
-232.554031,25,41470.397617
-201.694405,20,41477.261249
-303.576849,19,41483.362558
-138.655165,18,41489.346204
-251.691319,22,41497.82375
-160.006973,21,41504.624147
-114.318787,15,41509.529898
-258.658538,19,41515.590593
-207.118628,26,41524.30898
-240.014642,19,41531.708098
-203.666326,23,41539.556551
-156.148725,24,41547.843665
-189.68779,20,41554.435334
-138.259568,13,41558.609544
-247.911889,19,41565.457259
-183.741605,25,41573.545277
-309.481221,20,41580.233574
-199.083721,24,41588.708381
-219.785743,20,41596.77227
-189.142667,23,41604.181844
-155.270903,22,41612.068715
-228.664097,18,41619.707191
-277.887953,16,41626.381413
-193.756446,19,41633.302551
-140.569323,24,41642.255183
-230.645558,23,41650.071292
-209.451781,19,41658.092121
-234.144584,20,41665.322662
-221.119892,19,41672.051085
-116.255402,19,41678.62365
-202.264643,24,41687.530694
-118.218148,15,41692.903943
-214.225443,19,41699.255296
-248.854767,20,41706.021059
-144.782947,20,41712.875948
-132.972854,15,41719.682974
-262.665719,19,41726.44085
-260.285699,17,41733.872142
-99.108684,21,41741.774283
-260.137721,22,41750.195746
-183.951747,21,41758.114449
-184.161022,19,41764.389498
-199.464153,22,41774.227002
-171.662473,26,41782.840269
-188.793964,23,41790.584686
-263.484627,18,41796.699847
-197.222222,23,41804.518549
-303.450188,20,41811.117145
-267.252395,12,41815.595236
-243.187666,17,41822.516812
-253.03579,18,41828.674838
-215.703139,18,41837.089028
-124.14495,20,41845.484442
-205.106791,21,41852.286808
-187.907285,26,41861.725088
-203.385962,22,41870.289567
-221.447962,18,41876.80972
-179.051362,24,41884.448617
-227.331943,19,41890.819303
-255.452368,19,41897.565189
-151.310041,25,41906.269093
-243.72925,21,41913.330108
-221.160071,19,41921.867515
-318.565159,19,41928.189277
-223.684184,23,41936.480299
-241.758381,27,41946.397325
-294.717121,17,41952.566042
-223.675816,22,41960.949739
-276.071433,18,41967.51336
-199.923991,22,42069.491685
-202.685551,24,42078.231803
-257.778409,18,42084.035966
-224.995614,20,42091.594519
-189.028639,20,42098.70858
-330.652062,21,42106.430103
-112.960075,10,42110.460009
-221.659673,25,42120.936562
-148.645184,16,42126.192411
-193.298403,23,42133.692509
-187.511047,22,42142.336327
-188.308417,25,42151.447086
-227.898784,23,42160.580982
-270.596955,21,42170.52971
-117.234641,26,42179.947265
-251.457709,17,42188.070675
-268.821401,20,42195.89175
-245.465917,23,42205.276366
-249.618678,20,42213.5258
-214.320916,21,42221.258996
-230.241992,16,42229.592167
-219.783122,19,42236.576276
-271.251034,15,42242.122687
-169.57672,17,42248.251541
-250.842666,22,42256.807471
-184.336187,24,42265.091077
-154.137386,15,42271.583689
-175.05474,20,42278.514608
-180.360403,17,42284.402088
-225.546298,17,42290.277468
-166.098994,23,42298.020001
-252.407152,17,42303.853678
-354.612418,20,42311.249767
-290.648727,22,42319.640013
-237.039776,14,42324.527812
-208.853881,19,42331.36998
-171.467018,19,42337.492149
-265.83533,15,42342.76528
-179.174911,21,42350.363945
-260.514447,18,42356.514684
-198.918424,18,42362.578355
-294.108243,18,42371.047114
-239.042034,9,42375.048138
-248.502407,17,42381.795989
-226.467789,22,42389.678528
-148.788743,19,42396.059353
-232.458481,23,42404.228727
-240.770103,18,42410.362328
-119.317271,17,42416.349317
-241.518592,19,42422.55674
-224.087356,19,42429.22531
-257.815822,27,42439.693806
-270.026939,20,42446.373832
-241.535524,21,42453.515237
-204.835147,24,42462.740589
-128.620538,19,42469.282733
-214.741603,21,42476.645156
-228.426753,19,42483.059733
-281.292215,13,42487.328704
-296.887934,18,42494.930454
-133.877548,16,42500.872386
-132.758601,27,42510.091424
-164.306859,18,42517.741657
-156.051486,18,42524.367706
-220.57308,19,42531.929518
-119.712047,23,42539.787315
-185.411171,22,42548.00224
-202.458716,20,42555.038154
-233.764774,27,42564.273784
-136.296641,17,42570.09664
-226.761881,23,42578.002822
-209.262166,24,42585.850575
-106.728235,25,42594.636954
-214.155391,19,42601.385072
-199.4327,26,42609.616528
-279.68055,23,42617.543588
-211.183285,17,42623.257055
-187.744817,21,42630.536647
-136.32343,22,42637.9214
-204.998301,21,42645.662876
-276.051721,20,42652.800211
-400.647923,18,42659.084125
-226.110833,24,42668.063715
-231.013745,21,42676.088645
-190.958107,21,42683.18798
-230.477164,15,42688.322666
-238.312021,19,42694.979877
-264.049366,18,42701.046773
-211.422141,19,42707.487271
-256.350251,15,42712.861137
-419.879603,25,42721.641853
-267.244869,19,42728.902871
-196.357339,22,42736.0446
-347.198924,19,42742.422848
-148.820785,27,42751.318332
-233.471561,18,42758.769114
-257.533826,21,42765.61731
-246.878895,19,42772.805047
-201.887087,18,42779.915317
-275.606597,22,42787.318477
-126.428657,17,42793.635874
-261.475308,16,42800.200486
-177.403452,23,42808.57787
-184.556738,22,42815.942319
-218.066317,19,42822.287461
-163.96173,19,42828.53365
-204.012366,23,42836.584522
-284.034258,19,42843.197392
-181.589793,25,42852.278359
-284.923428,18,42858.146615
-132.94682,21,42865.324599
-143.824475,23,42873.536979
-227.615463,13,42879.52731
-294.11282,19,42885.665821
-216.678855,19,42891.732495
-223.978406,19,42897.765797
-308.209338,17,42904.027331
-182.088431,28,42914.075725
-194.52263,24,42922.306097
-193.638817,22,42929.773637
-215.572008,22,42936.954768
-170.518972,22,42944.202564
-258.802781,17,42950.07056
-186.899393,19,42956.399636
-247.429558,17,42961.827641
-204.991476,19,42969.032572
-209.85009,24,42977.181543
-214.475551,20,42985.33228
-159.748184,24,42992.97252
-238.849781,26,43003.19735
-145.206323,29,43012.772183
-147.318848,21,43020.088703
-198.75467,18,43027.798935
-228.096662,20,43034.782663
-212.957183,22,43041.974269
-86.413164,20,43048.746796
-278.637223,14,43053.512367
-200.234825,22,43061.635869
-193.817276,18,43068.412355
-284.79614,17,43074.667929
-226.210475,20,43082.195587
-285.891151,15,43088.218996
-277.704396,21,43095.908077
-248.051967,19,43103.455403
-322.952443,18,43111.098558
-258.730171,21,43117.937852
-294.116781,9,43123.658735
-254.939914,13,43128.599974
-219.499761,26,43137.971731
-229.636426,19,43144.288147
-247.805411,24,43152.930711
-213.302363,18,43159.255375
-227.954492,17,43165.189878
-215.990583,19,43172.153378
-151.262766,24,43180.237416
-243.717923,15,43185.378064
-242.384008,23,43193.433984
-265.988281,18,43199.647135
-319.428311,20,43208.414481
-154.483461,21,43217.020156
-240.507596,24,43225.305705
-264.885382,19,43232.101376
-204.479289,21,43240.560501
-213.856124,24,43249.358686
-130.601157,20,43256.221485
-198.305878,22,43264.248383
-279.865798,15,43270.388085
-174.48704,24,43278.408437
-229.983727,17,43284.691536
-239.778453,17,43290.375274
-269.737592,16,43296.403398
-282.302677,17,43302.549257
-231.050403,18,43308.964541
-162.108428,22,43316.500123
-238.791094,18,43322.321146
-212.540987,17,43328.293639
-210.531399,24,43336.49029
-114.488211,24,43344.496362
-272.515057,24,43353.950547
-199.006597,23,43361.885758
-249.398603,18,43368.026406
-237.044255,20,43375.272832
-186.275806,19,43381.696459
-255.53049,22,43389.429347
-221.155503,21,43396.346108
-278.75193,13,43400.501174
-215.237506,20,43407.455601
-191.702356,16,43415.54191
-228.693699,17,43421.272737
-212.420594,24,43430.291101
-202.993109,22,43438.393662
-222.269009,18,43447.710813
-270.252143,14,43455.734009
-294.068114,19,43463.54158
-280.373172,16,43469.961447
-201.93946,20,43477.085637
-225.39721,14,43483.199874
-205.8438,21,43490.151139
-261.364077,17,43496.50778
-147.401757,22,43504.134287
-245.76343,18,43510.769118
-190.803599,20,43518.124737
-257.447467,24,43525.900951
-260.628189,19,43533.184325
-252.791799,22,43542.493715
-254.049535,12,43547.382933
-245.861432,17,43554.468011
-192.857587,21,43562.988059
-113.286776,22,43571.032692
-225.650608,22,43578.489314
-196.937457,29,43588.480053
-184.407294,21,43595.553022
-165.024831,21,43602.86012
-197.169868,19,43609.595671
-186.679384,19,43615.780953
-272.33421,19,43622.485422
-221.572228,18,43629.843302
-157.754393,25,43638.44807
-211.774899,21,43645.383193
-191.194072,22,43652.707625
-228.096888,19,43659.384557
-217.963371,18,43665.459391
-146.544015,16,43670.961877
-199.630522,20,43677.563411
-183.341135,23,43685.984754
-188.998825,20,43692.387965
-201.416983,26,43702.244622
-135.477377,21,43709.137795
-333.856741,19,43716.204149
-226.057516,19,43724.043997
-200.936155,23,43731.523645
-255.954205,16,43737.057123
-187.182116,21,43744.410109
-278.539822,10,43749.17706
-218.47871,26,43759.108283
-138.901724,23,43766.47876
-221.598315,26,43776.096139
-205.385436,21,43783.374264
-148.317945,9,43786.985239
-103.945282,24,43795.648004
-218.609546,19,43802.401493
-263.142682,23,43810.118082
-150.159203,23,43817.770739
-354.73952,16,43823.173278
-129.95479,16,43828.710436
-218.479803,21,43836.650812
-195.224274,14,43841.653088
-187.689321,19,43847.895518
-252.077663,20,43854.427204
-206.776935,24,43862.480741
-248.877163,22,43869.7208
-299.535288,17,43876.282595
-229.541297,19,43882.638651
-182.785316,25,43891.016456
-121.397615,22,43898.474532
-191.833486,22,43906.017829
-142.784281,24,43914.547193
-189.7413,20,43922.582456
-277.066396,16,43928.36804
-132.441707,18,43935.545492
-181.234469,24,43944.988707
-187.650387,24,43952.907907
-260.121952,13,43959.56275
-260.082452,17,43965.353703
-233.35318,22,43972.643408
-110.544589,23,43980.225166
-276.800484,17,43986.660094
-250.185413,16,43992.560961
-249.520673,13,43998.414598
-196.206812,22,44005.778147
-128.464483,21,44012.72385
-201.965458,21,44019.846815
-139.767049,19,44026.606784
-201.727459,21,44035.20155
-257.66222,17,44041.293359
-238.708179,19,44049.169993
-210.965914,20,44057.037741
-192.53319,22,44066.323121
-213.015498,24,44074.440815
-182.602656,25,44082.593132
-234.823908,21,44091.026388
-139.170401,24,44099.403588
-222.616708,18,44105.479897
-267.142731,15,44111.049945
-234.014847,21,44118.191296
-343.53259,20,44125.377549
-200.391523,20,44132.922826
-280.114969,12,44137.47818
-176.042948,24,44145.734231
-167.359455,18,44151.975516
-216.574521,29,44161.468457
-214.952784,23,44169.066982
-230.634609,16,44174.538526
-257.663469,17,44180.209415
-160.039718,17,44186.033015
-157.450284,11,44189.606289
-252.586541,23,44198.200433
-265.049579,11,44202.436786
-204.701001,24,44210.639061
-253.510185,23,44218.589353
-202.543406,22,44226.299207
-187.543027,18,44232.656841
-187.582012,23,44240.154071
-190.203408,23,44247.774222
-225.705946,19,44254.757081
-233.053847,18,44261.959737
-133.303933,27,44270.916049
-227.75835,18,44276.9923
-208.60822,23,44284.555338
-166.536257,21,44291.728481
-242.291872,15,44297.213687
-172.536464,20,44303.84499
-256.720647,14,44309.417717
-153.936538,23,44316.401443
-238.514049,17,44322.201673
-303.56232,22,44329.620884
-158.310143,8,44332.036674
-266.946971,25,44341.261562
-216.98929,23,44349.99883
-201.728486,21,44357.376008
-221.52885,20,44363.840373
-180.125,23,44371.483271
-152.491618,26,44381.317402
-200.390262,24,44389.524875
-224.637127,17,44397.217251
-193.778312,28,44406.591712
-255.919307,18,44413.15906
-153.700413,29,44424.116921
-192.021555,23,44431.56874
-164.324735,22,44438.831207
-240.686698,19,44446.105377
-255.041091,22,44454.256904
-195.470908,18,44460.352064
-270.527305,21,44469.256598
-181.787631,21,44476.048976
-194.055346,24,44484.018238
-260.112017,18,44490.031483
-153.078164,22,44497.222514
-265.479322,23,44505.049695
-201.954974,24,44513.936269
-186.78611,24,44521.835399
-232.930674,21,44529.68853
-244.188841,18,44536.126295
-240.139141,19,44543.04502
-246.063938,20,44550.246916
-171.56007,25,44560.788998
-243.305478,16,44567.005523
-143.435009,23,44575.715427
-292.583349,17,44583.055405
-164.649447,17,44589.010293
-290.542716,18,44595.043767
-211.607598,19,44603.202504
-293.589969,20,44610.153436
-213.104617,18,44615.831041
-129.032234,28,44625.163591
-204.720407,24,44633.305903
-210.936667,16,44638.491963
-239.561799,21,44648.011485
-252.907581,22,44656.447216
-178.443655,21,44663.617757
-311.427247,19,44669.847308
-259.976396,19,44677.575285
-207.670588,17,44683.383125
-230.317648,19,44689.945934
-221.052302,21,44697.143872
-229.8548,16,44702.266262
-276.497544,17,44707.926668
-168.514246,13,44712.592067
-201.111222,21,44720.264939
-143.073594,23,44727.93227
-195.966671,25,44736.553717
-313.758651,20,44743.832285
-173.375274,23,44751.874205
-217.956598,22,44760.246843
-213.242929,17,44766.017938
-258.402155,20,44773.026389
-211.87219,18,44780.309709
-207.159061,24,44789.260437
-205.421082,19,44796.048481
-118.146508,31,44806.079496
-300.156615,24,44814.746355
-299.882859,23,44823.177092
-153.675894,23,44830.666913
-198.556152,18,44837.536054
-217.816677,19,44843.963373
-261.893995,14,44848.959696
-163.490663,21,44856.3095
-179.937902,17,44862.122255
-176.841683,26,44872.427623
-129.456481,22,44880.126163
-126.72249,19,44889.530748
-255.16868,22,44896.865981
-305.649671,15,44902.769981
-244.333222,23,44911.343967
-225.889636,25,44919.92051
-206.345888,20,44926.880951
-105.903511,25,44936.307075
-198.029985,24,44944.420361
-213.016284,19,44951.079176
-234.837839,20,44958.007874
-197.432929,22,44965.167317
-206.934561,20,44971.704799
-273.253256,17,44978.647637
-185.548773,23,44986.139047
-253.882618,16,44991.958053
-189.900707,18,44998.738294
-165.00816,24,45006.986429
-203.994555,24,45015.982788
-125.390699,14,45020.717803
-165.778212,19,45027.107422
-277.494822,23,45034.743862
-230.474991,18,45041.031188
-96.868713,18,45047.386259
-260.803705,9,45052.392778
-173.990711,29,45167.191904
-227.915466,23,45175.476169
-171.962072,22,45182.657617
-208.864576,17,45188.490839
-140.276614,20,45196.381378
-167.07695,15,45203.694962
-167.257935,19,45209.957177
-176.581016,23,45217.563977
-195.804082,22,45225.509873
-158.155811,15,45230.86291
-238.774503,15,45236.011279
-159.645045,18,45242.046254
-202.987765,21,45249.147552
-148.790128,19,45256.350891
-199.444302,25,45265.275872
-113.152521,15,45271.465801
-170.599947,24,45279.155746
-200.825317,24,45287.928042
-141.655429,20,45296.156292
-203.10628,20,45302.731616
-197.171911,17,45310.130327
-232.603322,17,45316.11258
-214.324001,21,45324.610333
-179.8547,24,45334.688748
-213.186609,20,45341.025725
-203.765599,18,45347.011663
-237.666718,16,45353.394986
-263.624149,18,45360.762826
-198.8427,22,45370.48253
-296.771053,23,45379.790308
-172.197924,26,45388.668905
-130.555563,23,45396.30601
-261.300389,15,45401.256077
-197.003239,28,45411.033629
-277.386823,14,45415.447255
-252.130799,16,45421.431636
-267.831074,24,45431.449556
-213.656857,21,45439.061977
-173.08016,21,45446.37038
-240.266504,18,45452.576174
-193.611149,22,45460.068567
-238.802634,21,45466.844112
-233.577735,22,45475.400983
-133.698511,31,45487.218988
-185.301296,22,45494.942193
-186.515069,20,45501.636791
-154.131445,21,45508.637747
-285.717227,16,45514.829329
-276.451579,19,45521.267663
-242.915364,24,45529.008843
-143.99119,9,45532.384791
-243.748823,16,45538.95589
-174.697532,23,45546.804722
-146.903958,21,45554.663204
-172.161331,27,45563.394017
-329.30707,22,45571.678616
-179.294399,22,45579.094847
-163.055554,23,45588.393321
-225.619899,22,45596.655371
-178.444802,14,45601.634356
-252.182973,21,45608.985224
-173.885784,16,45615.330416
-254.959102,18,45620.933492
-188.939433,25,45629.597231
-114.583884,19,45636.026401
-200.900143,19,45642.875659
-182.209783,25,45652.06472
-240.254808,18,45659.10785
-172.781519,21,45666.766693
-226.221646,20,45674.31304
-183.955589,22,45681.426753
-111.375243,26,45690.460449
-179.837116,24,45699.109115
-353.599707,11,45702.710031
-176.315103,25,45710.814227
-185.698906,15,45715.856728
-94.731339,20,45723.516185
-115.552448,21,45730.454652
-213.072014,18,45737.140755
-315.983168,21,45744.294455
-155.083551,26,45753.954099
-270.45043,21,45763.127079
-250.966985,23,45770.362065
-191.622465,17,45777.145131
-188.448757,26,45785.496636
-210.597489,19,45793.164321
-261.460676,17,45799.50164
-217.610992,19,45805.944141
-161.540294,29,45815.135358
-148.323299,22,45822.353293
-158.57235,17,45828.145737
-207.3169,20,45834.759973
-202.300801,20,45842.05899
-117.803008,21,45849.164292
-180.086652,18,45856.080344
-212.999394,20,45863.172439
-214.310404,22,45870.805981
-257.736447,18,45876.76518
-244.690226,23,45884.90938
-177.003505,19,45893.527014
-279.461151,20,45900.300031
-239.88855,18,45906.739237
-133.347483,22,45914.301718
-273.103148,19,45921.091735
-200.658918,15,45926.808708
-216.099666,23,45934.551368
-195.214269,23,45942.817362
-233.016203,17,45949.203016
-145.659834,22,45956.372341
-209.326415,23,45964.228124
-173.410684,21,45971.0607
-135.018937,16,45976.49705
-294.6553,13,45981.563528
-197.180357,19,45987.881456
-234.574738,21,45994.417299
-199.846824,14,45999.2113
-117.1533,16,46004.651129
-157.557969,20,46012.245682
-169.222143,26,46021.536836
-156.492989,21,46028.432168
-234.152689,18,46037.199108
-145.591013,17,46044.916153
-277.328257,13,46050.144185
-224.481577,17,46057.932132
-201.291645,20,46065.067799
-230.219379,17,46070.636547
-204.892202,17,46076.737937
-118.621261,18,46083.241761
-151.906194,20,46090.990752
-207.820337,22,46098.16509
-123.833448,23,46105.736111
-206.281174,25,46113.426394
-186.826919,22,46120.975632
-275.564745,18,46127.302177
-252.177815,22,46135.676531
-207.521166,18,46142.031584
-223.455527,15,46147.067613
-172.121901,20,46153.921064
-224.667946,20,46161.104466
-176.678406,20,46167.464011
-167.444902,28,46177.356171
-272.025162,21,46184.736983
-154.137332,18,46191.230058
-228.580741,24,46199.00765
-286.742762,19,46205.826015
-212.449839,20,46212.609093
-214.585823,22,46219.868489
-237.446746,11,46224.4818
-176.306511,18,46230.538273
-138.217203,25,46248.906338
-236.041715,21,46261.785589
-188.508158,23,46271.05363
-172.223268,23,46279.736465
-92.370284,25,46289.06713
-181.492072,22,46296.736866
-282.648485,11,46302.238836
-158.862111,20,46309.685385
-139.539467,27,46320.23588
-104.190085,25,46329.987547
-207.049344,27,46341.421784
-250.061436,16,46347.753939
-191.644504,20,46355.941524
-261.748791,21,46366.435757
-218.699956,18,46373.009871
-277.58514,19,46380.646248
-300.122633,25,46390.516876
-288.455722,14,46399.340249
-111.582222,11,46404.634716
-189.019916,24,46416.135141
-227.277196,20,46423.94501
-177.172157,19,46432.039065
-154.424519,21,46440.387407
-259.54064,23,46449.999496
-312.072711,18,46457.138149
-264.253435,14,46462.3504
-166.830808,16,46469.214245
-214.563865,23,46478.710968
-254.33367,24,46488.486003
-251.977305,13,46493.204509
-395.778984,23,46501.443819
-162.496584,20,46510.527516
-114.851721,10,46517.227101
-184.55299,23,46527.165261
-245.543603,17,46536.39677
-255.147207,19,46544.066489
-175.313851,27,46555.3062
-187.825191,20,46564.789285
-149.190812,23,46573.639571
-270.529994,22,46583.2732
-273.250599,19,46591.721891
-228.482708,16,46600.061103
-201.427876,19,46608.050893
-211.571225,23,46617.209943
-218.915523,19,46625.693797
-149.770926,21,46634.334547
-199.921847,21,46643.517169
-143.209288,10,46647.854178
-189.436846,21,46656.91863
-263.110238,19,46664.436806
-215.789818,24,46673.990934
-247.57921,31,46685.599327
-117.339572,19,46693.549475
-246.359081,18,46701.562407
-105.895334,25,46711.558613
-160.775751,19,46719.619926
-92.517815,21,46728.114182
-240.992941,23,46737.901383
-280.750346,14,46745.441203
-381.929096,16,46751.676117
-171.124659,22,46761.029227
-168.372795,26,46771.254905
-199.75059,20,46779.177343
-211.157828,24,46790.09839
-179.513083,23,46800.693406
-188.178804,16,46809.367477
-159.87114,32,46821.698681
-187.416553,24,46832.384823
-181.397518,17,46840.458005
-251.741125,24,46849.933637
-266.335254,22,46858.433684
-200.291723,24,46867.83044
-220.581763,19,46875.739053
-332.576537,16,46882.435901
-196.851691,22,46891.190933
-265.83731,11,46896.005058
-205.236415,24,46905.986007
-195.221043,22,46914.732296
-151.761732,24,46924.557585
-78.687981,33,46937.64357
-158.627929,24,46948.33009
-260.856114,17,46954.183939
-202.18187,18,46961.303291
-243.965737,23,46970.288731
-234.478115,15,46978.08958
-150.384344,22,46989.414545
-191.438531,23,46999.631942
-303.873244,14,47006.156562
-154.733849,22,47015.088193
-116.487597,24,47026.050762
-207.057198,19,47035.133422
-185.26152,22,47044.543896
-164.900678,18,47051.805642
-221.844105,22,47059.814364
-258.209278,15,47066.007803
-107.02812,20,47074.379863
-217.966845,21,47084.378792
-157.501233,22,47094.665091
-187.529238,26,47104.871493
-167.32405,21,47113.479298
-214.098638,21,47121.978763
-217.851627,19,47131.911823
-149.239835,17,47139.066478
-224.842332,17,47146.101025
-196.274375,22,47153.859087
-179.216025,23,47162.74794
-187.975125,20,47170.6288
-282.494763,23,47180.852769
-237.230048,20,47188.639578
-210.977492,20,47197.844932
-289.979992,21,47206.716617
-253.443408,15,47213.825888
-210.763151,25,47224.133893
-175.541213,25,47234.536401
-280.749862,13,47242.445737
-166.708441,26,47252.353664
-87.939375,24,47262.727541
-241.989024,17,47270.251022
-218.25237,19,47279.422733
-161.31358,20,47287.441508
-233.978654,20,47296.575694
-200.740432,21,47304.668093
-180.284098,22,47313.720271
-180.762042,18,47321.639108
-257.170187,26,47332.387103
-227.187626,20,47342.546635
-106.079134,19,47349.695241
-194.949903,24,47359.618837
-329.132093,20,47368.999848
-179.863334,27,47380.850043
-153.216173,22,47390.485014
-199.386527,19,47397.080218
-217.194382,18,47405.78818
-111.42891,17,47413.60111
-243.009891,21,47421.652351
-186.832678,25,47431.294335
-228.093792,27,47441.406169
-285.327725,16,47447.86947
-123.951838,23,47456.828329
-268.903756,15,47463.743686
-192.77,11,47467.984997
-231.138226,24,47477.950239
-106.265983,22,47486.289338
-161.529831,19,47494.237271
-172.543929,25,47504.282103
-258.435338,18,47513.309497
-173.351264,23,47522.151049
-116.496629,23,47531.80313
-116.254747,28,47542.617128
-229.132983,19,47551.382177
-122.175604,23,47561.358645
-241.508876,21,47570.816834
-226.599793,22,47579.838871
-166.399866,23,47591.194226
-194.853609,23,47600.225093
-210.68666,21,47609.228126
-178.074368,21,47617.466612
-200.640165,25,47628.037604
-292.094821,22,47638.219691
-93.600481,20,47645.780118
-179.750523,20,47653.155899
-237.973474,19,47661.672248
-195.181998,21,47670.333532
-230.765499,17,47677.716754
-124.2344,27,47689.12515
-226.29482,24,47699.876125
-171.105286,27,47709.960142
-189.151467,22,47718.676718
-310.308392,22,47727.3845
-257.012567,17,47734.147149
-145.56333,23,47743.546373
-200.92887,19,47751.435761
-215.260585,15,47757.577138
-231.642541,22,47767.060857
-175.52453,27,47777.553387
-210.619188,24,47786.49301
-181.725848,24,47796.567007
-167.175703,22,47804.847342
-236.482849,23,47814.014497
-220.924627,22,47822.816699
-217.926657,19,47829.824316
-184.379809,22,47838.704441
-236.372088,20,47846.151661
-207.1846,25,47855.971774
-205.7567,15,47863.19134
-243.994895,21,47872.102669
-224.23707,20,47881.076027
-172.207937,26,47891.329798
-228.712755,20,47898.859614
-187.948398,22,47908.956128
-147.270551,25,47918.588588
-161.905739,20,47926.693473
-91.216167,19,47933.893399
-307.593238,10,47937.941949
-134.944603,24,47947.661589
-242.791368,14,47953.040547
-158.084082,25,47963.618742
-268.031176,16,47969.667242
-181.186803,19,47976.891089
-229.434379,21,47987.537693
-274.018288,17,47995.85277
-282.167109,20,48005.57567
-179.21636,23,48015.476985
-134.037098,13,48022.136117
-203.91299,23,48031.267961
-189.106255,18,48039.040729
-144.370839,26,48049.87643
-157.188967,28,48060.768821
-240.585479,23,48070.319763
-234.351761,17,48076.98954
-176.850038,22,48085.471021
-207.737446,23,48096.11677
-263.579411,18,48104.135986
-276.861284,18,48111.626245
-181.103991,24,48121.17816
-282.582499,11,48125.214638
-117.957809,21,48133.17643
-185.275951,20,48141.874674
-270.036603,18,48150.476614
-214.93525,18,48159.647494
-222.687458,16,48167.356081
-144.833554,21,48176.844936
-204.692946,19,48184.738957
-188.887391,21,48193.536759
-222.511797,20,48201.847395
-207.088547,24,48211.055261
-245.280524,25,48220.787931
-161.70974,21,48229.108846
-190.051697,23,48238.503636
-135.046446,16,48245.235652
-199.646744,19,48252.18087
-229.07621,22,48261.207485
-273.046435,16,48267.938207
-280.73485,19,48275.357145
-190.953395,22,48284.813795
-326.00141,16,48290.381149
-155.353308,28,48301.241056
-281.356386,11,48304.950395
-226.040414,26,48315.524285
-227.746021,23,48325.356035
-106.257528,20,48333.676219
-261.408073,20,48344.422731
-133.932028,27,48355.06953
-194.625044,26,48364.810204
-238.59324,14,48370.589933
-233.532469,23,48379.472615
-201.009921,19,48387.303589
-148.474729,27,48399.318326
-180.352149,21,48408.041947
-192.071804,22,48417.031109
-221.620462,17,48424.918043
-176.518243,17,48432.276738
-233.137209,18,48440.067075
-139.125988,19,48447.754851
-199.679314,19,48455.43596
-212.247412,22,48465.94487
-106.1261,12,48470.800813
-246.555362,16,48479.949073
-259.697625,22,48489.960639
-112.429735,20,48613.987544
-178.237711,24,48625.148154
-173.071122,21,48634.072072
-325.194724,25,48644.49926
-242.402062,17,48650.824315
-236.993446,18,48658.459968
-168.68819,14,48664.329118
-120.228439,18,48672.056487
-177.511134,22,48681.861187
-264.321999,15,48688.693644
-215.561456,20,48696.605976
-182.013095,24,48706.102457
-230.057147,15,48712.222304
-226.320652,26,48722.429396
-179.963963,23,48732.051209
-222.396172,23,48742.923817
-213.836193,27,48753.072426
-183.339437,24,48762.85168
-91.886178,25,48772.89218
-174.890163,23,48781.711578
-209.688852,17,48789.683525
-221.566615,25,48801.015029
-182.858053,22,48812.05379
-152.891897,22,48820.652532
-134.433217,25,48830.748551
-184.624582,25,48840.557637
-181.129934,22,48849.04745
-223.909769,23,48857.67861
-146.27703,17,48864.912403
-112.652368,19,48872.723669
-219.627444,21,48880.918438
-264.324843,17,48888.357309
-158.056716,20,48896.714565
-221.383849,19,48904.135491
-231.490565,28,48915.69066
-154.317777,21,48924.06627
-293.293778,22,48933.316449
-270.104258,20,48941.631332
-230.292078,17,48948.77793
-224.915602,19,48956.585969
-149.070446,22,48965.037233
-199.654354,23,48974.925645
-228.912288,24,48984.68407
-227.874334,16,48991.177346
-183.740226,21,49000.404525
-240.724442,17,49007.983843
-192.791063,24,49018.655453
-204.244287,24,49028.764435
-151.256577,19,49036.634197
-115.299832,20,49044.681898
-210.48716,21,49052.647487
-177.844598,19,49060.942134
-214.22495,18,49068.857672
-189.929599,19,49076.55078
-227.115578,23,49086.233951
-254.980104,23,49096.369482
-258.89216,18,49104.156607
-200.445867,20,49113.424936
-184.513149,30,49126.04122
-243.830426,21,49133.881783
-251.538938,22,49142.486749
-206.547091,22,49151.0778
-160.304155,25,49161.679677
-151.509167,19,49168.859339
-263.580023,18,49178.636659
-178.29713,23,49188.658475
-311.891294,18,49195.384374
-197.954479,24,49204.797996
-303.124711,14,49210.641078
-160.936516,21,49219.536905
-159.627735,21,49227.719584
-142.049975,21,49235.711736
-144.238367,11,49242.119611
-187.774504,19,49249.657343
-123.727892,27,49260.727287
-153.708664,26,49271.290031
-207.498292,22,49282.222083
-223.570816,21,49290.677033
-228.186713,23,49299.537287
-218.687786,23,49309.533924
-172.566765,23,49319.798231
-299.486762,22,49328.661527
-210.700766,23,49338.827232
-184.949813,29,49350.85908
-250.792959,19,49358.852261
-274.014472,16,49365.267238
-245.023207,21,49373.320899
-146.800765,25,49383.134108
-208.310538,19,49390.498859
-243.636406,19,49399.335291
-220.672602,22,49408.843696
-275.345095,16,49415.964552
-185.30099,23,49425.03181
-283.75394,23,49434.432625
-197.658258,18,49441.755604
-350.804653,24,49450.739652
-300.609766,19,49458.485072
-200.97821,16,49465.244965
-261.174592,20,49473.636465
-222.235077,25,49483.910062
-274.502469,18,49493.524813
-164.974963,20,49501.552473
-192.372115,24,49512.900112
-96.224843,25,49522.175867
-191.167477,20,49530.047212
-123.12271,19,49537.187182
-266.779616,28,49548.384051
-289.429433,19,49558.155343
-130.67741,20,49566.541013
-191.556241,21,49576.590191
-208.552053,23,49586.255451
-138.384713,21,49595.794181
-172.687475,24,49605.552806
-134.726874,18,49612.556767
-236.719582,20,49622.253854
-164.927466,13,49629.823865
-191.686369,15,49636.063623
-226.208502,25,49645.969355
-241.687952,25,49656.62086
-165.425193,25,49666.692751
-126.355787,27,49677.533082
-224.121264,19,49685.451129
-104.250815,23,49694.946113
-272.50473,16,49704.52769
-203.626291,19,49711.617559
-152.778608,24,49720.835366
-212.202786,14,49726.582019
-250.676728,26,49736.575944
-170.543248,18,49744.216428
-196.668532,19,49752.067242
-239.296382,20,49763.086574
-272.283162,15,49768.891349
-261.590091,24,49779.699821
-238.121065,20,49787.854249
-208.072778,25,49797.921289
-222.576906,16,49803.54341
-149.288282,22,49814.182598
-131.01077,15,49820.335365
-179.033909,22,49828.893537
-205.489631,24,49840.11537
-270.3834,11,49844.773707
-200.827868,23,49853.093338
-261.378987,17,49860.671547
-207.680968,20,49869.993362
-210.47911,23,49880.637679
-222.378343,22,49889.328204
-198.682719,17,49898.448632
-238.647992,23,49908.080195
-239.015631,15,49916.106969
-145.324494,29,49927.482373
-85.94434,24,49937.009906
-248.532935,22,49945.288008
-151.998065,22,49953.841877
-225.677201,23,49963.256842
-187.559539,24,49972.897393
-235.153351,21,49982.724727
-185.524504,20,49990.83319
-292.90326,15,49997.355527
-169.57752,25,50007.242258
-244.671072,19,50015.10338
-179.813391,22,50023.633993
-180.466105,22,50032.045902
-339.949807,15,50038.201585
-290.610969,12,50044.494673
-176.429184,22,50052.518434
-314.069045,20,50062.549418
-304.774898,17,50069.33054
-189.912375,21,50077.8293
-252.513726,11,50083.503343
-179.052311,24,50093.567928
-146.021785,17,50100.916497
-194.172715,20,50109.865984
-209.457474,25,50119.64918
-187.535627,24,50129.542548
-223.084887,21,50138.12411
-113.998846,21,50146.29714
-162.105616,30,50158.923044
-234.149827,19,50166.756256
-103.936776,21,50175.10055
-144.543089,16,50183.01387
-117.16416,8,50186.760993
-187.780823,19,50194.654333
-222.005619,22,50203.680422
-216.573745,18,50212.50001
-257.050063,22,50222.362199
-213.175393,16,50229.669209
-262.410704,20,50236.909807
-163.373652,32,50248.775555
-333.966084,19,50257.791272
-207.478403,24,50268.23251
-110.4765,25,50279.104617
-130.533398,25,50288.913776
-263.469482,18,50295.812206
-224.886029,18,50305.243537
-199.630701,20,50313.412977
-167.863871,24,50323.516268
-151.789388,13,50328.393582
-274.294271,21,50338.527565
-145.022822,26,50349.020062
-235.722227,18,50358.338493
-241.420706,18,50365.329758
-210.750985,20,50373.358695
-194.276207,22,50384.606837
-273.81584,19,50392.256335
-181.987208,25,50402.201617
-273.901088,18,50410.854264
-154.21843,26,50422.561481
-299.604549,15,50430.307326
-178.078047,25,50439.638203
-188.260217,20,50449.060405
-237.381046,22,50457.485555
-278.935866,14,50465.005559
-210.648495,20,50473.48368
-189.152628,22,50483.214224
-239.507477,21,50492.091158
-129.351556,29,50504.144376
-129.601141,17,50510.805711
-264.21456,12,50516.5117
-175.070752,23,50526.929417
-225.362105,23,50537.410836
-103.71633,21,50545.483284
-324.231677,17,50553.9397
-153.614248,21,50561.957634
-185.25515,22,50573.077315
-229.95152,21,50581.775027
-237.164112,22,50590.270132
-180.320045,26,50600.568867
-232.322745,23,50609.558049
-208.984505,23,50619.500988
-114.605418,28,50631.077413
-204.973129,18,50637.478599
-153.125184,18,50644.292753
-183.890959,26,50655.458621
-142.154447,27,50666.835734
-212.860339,19,50674.105199
-102.421442,10,50678.551129
-133.000744,20,50686.50365
-156.540738,20,50694.991492
-135.326844,25,50706.017497
-207.684123,21,50714.998515
-219.990627,18,50722.411657
-272.181807,14,50729.615999
-265.328752,18,50737.383542
-210.82278,18,50744.914683
-173.344986,19,50752.036955
-154.57979,23,50763.574817
-112.273079,25,50772.830917
-229.574469,15,50780.534307
-223.321003,17,50787.440134
-181.612361,18,50794.880229
-227.417125,22,50803.381523
-236.575986,20,50811.142596
-119.838071,23,50820.541085
-206.406148,27,50833.048995
-318.547677,21,50841.812465
-192.921094,22,50850.622961
-232.702057,19,50858.424627
-236.49374,18,50866.939132
-296.996768,15,50873.465221
-140.463824,30,50884.666917
-246.470413,19,50892.342356
-165.578813,23,50901.25828
-213.804577,22,50909.897232
-287.63464,21,50917.696467
-265.925763,23,50926.94624
-159.642032,24,50936.018154
-139.671779,15,50942.053265
-216.074142,27,50953.039747
-241.82372,22,50961.600046
-210.218133,24,50970.951953
-193.389904,21,50979.922252
-173.726439,24,50990.471205
-215.804512,18,50997.305474
-240.307634,18,51005.861531
-197.540179,22,51013.969916
-171.170963,24,51024.684648
-244.036882,17,51032.774916
-220.589422,20,51040.820538
-183.027078,19,51049.811525
-188.946358,22,51058.173528
-160.742136,22,51066.426624
-211.272451,22,51075.237982
-122.943209,20,51082.504871
-175.107869,24,51091.588578
-233.04489,19,51098.825833
-221.750382,18,51107.191579
-187.453543,23,51116.464676
-192.415089,28,51128.218006
-230.475147,24,51138.940624
-256.076895,19,51146.334817
-175.73508,26,51156.978348
-128.795351,18,51163.906813
-166.688909,18,51171.209028
-167.739739,26,51181.94114
-120.009115,24,51194.859424
-157.406669,22,51203.83214
-206.091857,21,51214.46507
-175.494038,29,51226.070817
-235.707228,27,51238.214638
-205.642334,18,51246.221208
-215.478903,24,51255.566023
-162.537795,25,51264.783371
-301.66645,17,51272.722208
-240.877947,15,51278.87618
-111.474149,13,51287.114273
-155.42948,26,51297.60725
-239.080328,12,51304.877143
-246.42604,15,51311.029321
-148.036187,25,51320.642054
-235.678793,20,51329.94317
-212.895244,22,51338.614329
-259.49673,21,51346.988784
-233.871048,16,51354.47155
-117.093485,8,51358.655092
-219.329454,20,51366.660263
-213.013441,18,51374.302253
-162.623642,26,51385.517281
-289.898868,13,51393.636559
-212.800803,19,51400.900958
-158.807055,21,51409.096284
-250.733773,18,51417.127768
-237.0296,22,51425.683472
-159.563165,27,51436.028131
-216.354936,26,51448.831806
-251.578365,16,51455.951565
-234.423175,20,51463.616862
-199.110552,20,51471.791889
-97.224442,24,51481.065171
-204.452063,17,51489.423041
-165.782516,23,51498.642995
-256.160773,18,51505.593549
-269.351318,12,51511.844444
-189.615377,21,51521.863595
-207.556617,24,51531.045611
-181.608357,24,51541.193019
-144.01925,23,51551.447435
-360.230119,23,51560.045721
-177.632438,27,51571.26238
-178.984444,23,51580.774834
-161.399299,21,51589.801368
-153.215168,28,51601.950788
-116.26127,19,51611.569116
-145.468445,12,51616.090131
-155.215338,27,51627.541728
-158.555354,21,51635.760258
-235.883379,20,51644.078247
-256.042215,17,51651.904082
-160.098315,21,51660.464881
-268.529935,18,51667.089511
-307.434564,9,51670.70359
-303.428621,16,51678.439178
-230.890795,20,51688.047512
-257.075311,23,51697.643657
-208.072038,19,51708.375611
-199.003712,23,51722.853473
-236.312366,24,51731.993181
-141.646061,21,51741.321415
-182.016385,27,51751.932539
-155.547205,22,51760.778987
-290.644003,21,51769.000486
-189.401482,22,51778.780341
-176.072941,19,51786.566226
-249.444685,24,51796.166342
-247.436619,24,51805.413461
-202.860676,20,51816.884938
-158.30225,22,51825.170609
-198.731149,20,51833.346793
-142.171634,22,51842.833323
-194.850147,17,51849.981622
-171.077566,24,51859.137753
-189.042266,22,51869.171583
-255.483434,10,51875.594604
-230.238942,19,51884.803096
-174.916174,27,51895.29401
-194.352686,26,51904.935765
-149.115588,24,51915.575826
-262.128339,22,51925.269707
-215.329387,27,51936.152823
-183.702004,26,51946.882298
-110.614434,24,51956.857756
-202.438525,25,51967.543849
-185.971273,23,51976.510417
-217.254918,24,51987.135752
-190.821514,20,51996.260178
-198.844241,20,52004.122537
-185.344981,20,52013.917367
-145.641314,23,52023.812205
-196.403452,19,52031.820358
-200.347151,27,52043.634013
-142.038247,12,52047.937202
-165.828537,26,52058.506394
-267.449064,15,52064.855519
-267.832204,12,52070.961934
-219.934862,17,52077.07113
-218.365705,26,52087.543885
-225.453775,21,52095.334905
-221.57583,19,52102.70184
-176.993604,20,52111.61154
-202.622716,16,52118.368654
-220.772999,18,52126.628753
-218.84812,22,52265.377187
-193.95629,24,52275.364158
-170.264831,27,52287.177145
-188.059629,23,52296.96318
-167.04651,23,52306.579241
-221.131113,22,52316.396701
-166.341919,28,52328.297542
-131.802425,19,52335.867245
-255.275632,22,52345.627263
-281.550242,23,52356.126691
-169.040622,23,52365.174526
-124.156959,23,52374.238435
-130.830869,24,52384.172903
-147.512271,26,52394.344302
-183.68625,26,52404.642139
-136.719831,20,52413.63122
-136.814988,23,52422.602516
-272.408529,24,52432.816571
-215.570976,23,52443.108793
-189.371365,19,52451.405553
-100.008248,26,52461.450841
-187.90993,25,52471.682101
-208.748276,23,52480.899289
-240.531156,17,52488.157418
-115.315861,22,52496.665758
-269.15816,23,52505.571762
-210.571555,18,52513.211267
-204.61563,22,52523.762668
-182.218437,20,52532.05721
-184.383189,23,52541.820032
-241.235487,23,52551.573042
-247.595455,27,52562.647793
-123.46863,26,52572.548232
-178.919286,19,52580.516766
-126.575242,20,52589.61938
-176.046238,22,52598.212026
-214.334842,16,52605.272959
-209.633271,19,52612.998085
-113.073576,21,52622.161898
-180.693121,26,52632.993366
-292.754257,17,52639.860799
-111.045532,13,52645.167453
-164.218224,24,52655.058001
-342.37315,15,52662.007166
-187.249129,21,52670.187868
-199.020096,24,52681.496633
-101.593492,22,52689.970839
-107.382196,25,52700.482208
-217.389292,29,52713.197054
-297.060703,19,52720.332928
-167.345601,17,52728.285631
-226.92899,23,52737.528572
-237.651595,35,52750.580598
-268.239918,17,52758.92734
-142.144073,19,52766.292036
-245.585111,22,52774.542284
-196.187036,24,52784.48685
-199.610687,24,52793.54758
-154.809172,19,52801.235148
-193.09165,23,52810.392619
-131.581804,26,52820.67867
-211.356539,22,52829.444443
-204.269778,21,52838.584114
-160.379608,24,52848.334824
-187.623434,20,52856.579023
-193.396952,27,52867.727495
-212.33077,21,52875.826026
-205.065311,19,52883.184434
-211.160619,21,52891.392109
-236.818316,16,52899.950881
-165.69253,19,52908.781107
-201.717364,19,52916.305624
-125.005027,17,52923.822154
-174.153052,23,52933.050918
-183.099115,26,52943.614475
-232.263387,20,52951.568439
-110.281585,21,52959.703265
-213.229855,21,52969.496698
-273.196484,17,52977.881842
-160.124547,22,52986.422835
-262.831175,25,52996.717089
-244.083676,21,53006.224585
-206.406641,18,53013.896165
-181.50451,22,53022.822115
-116.433758,15,53028.839736
-191.249901,22,53037.535449
-244.211688,21,53048.169265
-222.877274,21,53058.286649
-171.412363,23,53068.151023
-298.938748,17,53075.074114
-198.119955,24,53084.431629
-197.506004,25,53094.822653
-247.584043,22,53105.656641
-183.880038,22,53114.406834
-284.611255,12,53118.633807
-238.838027,24,53128.174771
-204.800603,19,53135.000698
-149.640608,18,53142.410436
-250.468174,24,53152.080405
-131.811256,15,53158.845254
-185.017812,22,53168.333899
-228.241015,19,53175.816888
-251.513697,24,53185.849393
-253.920537,14,53193.875096
-202.630148,21,53202.573774
-244.016217,13,53207.732363
-322.002538,22,53217.143645
-168.811655,26,53228.079591
-162.410288,20,53235.756986
-270.998995,20,53243.724985
-158.182128,27,53254.648788
-147.048911,29,53268.856849
-250.259947,17,53275.731553
-186.912631,21,53284.261026
-234.421072,22,53293.160295
-191.690381,24,53302.351675
-161.234975,24,53311.867009
-209.120538,25,53323.020473
-145.007887,33,53341.063034
-240.934586,20,53348.974945
-171.790622,28,53361.140875
-191.242179,24,53370.816425
-160.88714,24,53380.825578
-164.307161,23,53389.94245
-151.824608,20,53399.074271
-245.754389,20,53407.052053
-172.576252,25,53417.528714
-185.78933,27,53428.692022
-233.547077,25,53440.263375
-222.096074,22,53450.311506
-236.737372,21,53458.307998
-172.887137,19,53467.666304
-223.266789,21,53475.986368
-239.04435,16,53482.152894
-222.171445,23,53491.735362
-178.354806,24,53501.76313
-150.52527,29,53514.389407
-227.373265,20,53523.18305
-156.54551,22,53531.743063
-186.820749,23,53541.260711
-169.150424,26,53552.188909
-186.104498,25,53562.023554
-299.528596,20,53570.372094
-112.058825,22,53578.858012
-148.064621,19,53586.722767
-207.692575,19,53595.36328
-321.454702,17,53601.910157
-107.038475,26,53612.163004
-203.830066,17,53618.945444
-183.673239,28,53631.158206
-181.58342,13,53637.067271
-200.413147,32,53649.848012
-147.484583,21,53658.454695
-180.548954,21,53666.873614
-204.460224,25,53676.470998
-210.49094,20,53684.542708
-190.172857,24,53693.627402
-190.669724,26,53704.456865
-220.085285,19,53712.25589
-219.788972,22,53721.087907
-208.149732,23,53731.14816
-276.897572,14,53737.031172
-192.344348,18,53744.433673
-208.427292,23,53756.058729
-130.757661,30,53768.040816
-232.396368,23,53776.635894
-209.263698,27,53787.356972
-197.966928,28,53798.250299
-254.437066,16,53807.050195
-174.01535,22,53817.142251
-170.728828,20,53828.277762
-104.549802,21,53839.276355
-150.459859,13,53845.368639
-189.525015,23,53855.250877
-211.253553,25,53865.892416
-256.727078,16,53872.712676
-141.904252,23,53882.112923
-246.549979,17,53888.198301
-199.078362,20,53895.781934
-113.80338,23,53904.978175
-125.688588,25,53916.299735
-145.872689,20,53924.420652
-249.536893,11,53930.692444
-164.763288,16,53937.122237
-223.592604,21,53945.21455
-152.216889,27,53955.483967
-193.669565,24,53966.608056
-126.616752,18,53975.133982
-229.404002,16,53981.817112
-136.502175,28,53992.63486
-210.18626,18,54000.732346
-277.285974,19,54008.604512
-240.294832,22,54016.804071
-234.101009,23,54026.445238
-192.312563,20,54035.43407
-179.955165,20,54045.369778
-227.358341,22,54053.879409
-226.800692,20,54061.777726
-182.402352,24,54071.815343
-211.416276,25,54081.772683
-137.021754,24,54091.30443
-211.238634,32,54106.077199
-243.93775,24,54115.562371
-214.813264,19,54123.593518
-183.300079,23,54133.491328
-231.983096,21,54142.555656
-162.986879,25,54152.339548
-244.646807,13,54159.401208
-251.724273,19,54167.149621
-105.731012,15,54173.200601
-187.621105,29,54184.934668
-176.105129,28,54195.755501
-258.513577,24,54206.471083
-145.803907,30,54219.118585
-200.331981,16,54225.787321
-126.964373,16,54233.368855
-166.458274,17,54240.402943
-149.330751,17,54247.21311
-166.632696,30,54258.510906
-184.417751,32,54271.832357
-221.25349,15,54278.101157
-155.474984,21,54286.287939
-207.603536,23,54295.920278
-134.927623,31,54308.871453
-224.180994,23,54318.630976
-173.368816,26,54328.857676
-240.075967,16,54337.721008
-164.694055,25,54347.423314
-236.656678,22,54355.391503
-120.782213,25,54365.434716
-285.416367,16,54371.893898
-154.191382,28,54382.54838
-115.423737,19,54390.437441
-193.367203,20,54401.708274
-124.667675,19,54409.677505
-198.382533,25,54421.521627
-135.821251,21,54429.600572
-154.606709,26,54439.747611
-226.73137,20,54449.348158
-187.312172,18,54457.143478
-229.399611,20,54465.488439
-194.794196,28,54477.559619
-262.068569,19,54485.786723
-103.406457,24,54495.732936
-207.838953,22,54505.903347
-120.404985,22,54515.484974
-91.606631,23,54524.844205
-161.507558,28,54536.218016
-175.682643,20,54545.723425
-175.200491,23,54554.617161
-177.610148,23,54563.131503
-296.743182,10,54566.730399
-186.38825,27,54579.291381
-205.097598,17,54586.804564
-179.891812,21,54594.523559
-174.830749,27,54605.554002
-259.15723,17,54613.578307
-173.476037,22,54622.292002
-250.137728,23,54631.457434
-239.957945,22,54641.980872
-288.400554,26,54652.792002
-157.817289,21,54662.317917
-171.273058,25,54672.147896
-133.357245,25,54682.19297
-212.281194,26,54692.065476
-203.748921,21,54700.098356
-243.318969,23,54709.454033
-223.507488,23,54718.772557
-260.459679,20,54727.022349
-150.96981,21,54735.005908
-237.227604,23,54743.879228
-277.08571,17,54752.072818
-196.830639,18,54760.103481
-268.454977,15,54766.321739
-134.509241,22,54775.348588
-193.880619,22,54785.613349
-230.381906,23,54794.527753
-164.685775,26,54804.248061
-186.181598,16,54811.502258
-150.09436,22,54820.581349
-256.035365,20,54829.963448
-185.781801,22,54838.417981
-229.415219,25,54848.584944
-196.227231,24,54858.973259
-244.103535,15,54864.693191
-202.671369,20,54873.45329
-228.435654,22,54881.97532
-194.017698,23,54893.387887
-190.053094,19,54901.763517
-140.32794,27,54912.484091
-156.419592,20,54920.597057
-187.425282,16,54927.010633
-198.635273,20,54935.869985
-130.47168,27,54946.536309
-137.361748,23,54956.401811
-146.697449,25,54965.657242
-160.62185,24,54974.961549
-253.956628,14,54980.836187
-205.150324,22,54989.636712
-205.377053,20,54998.170351
-198.072829,22,55006.651696
-196.344017,22,55015.103541
-218.926014,13,55021.861583
-213.195535,28,55032.806242
-175.771506,27,55043.057334
-193.130629,23,55051.661376
-131.05636,24,55061.362959
-153.399228,33,55073.888982
-144.779969,26,55084.190145
-245.116938,27,55094.726224
-232.524561,17,55104.781185
-185.743315,18,55113.356143
-252.873989,20,55121.5765
-171.849424,26,55133.998868
-189.213298,20,55141.760203
-257.107192,17,55148.29454
-172.704222,10,55152.501639
-91.349259,29,55164.500931
-212.677976,22,55173.031349
-177.815455,25,55184.113504
-184.548528,25,55196.145356
-199.364676,28,55208.210562
-202.538171,26,55219.465463
-232.604429,20,55226.964105
-205.226866,20,55235.351735
-210.545677,17,55242.162702
-211.146063,18,55250.667804
-268.574223,19,55258.627466
-210.019169,18,55265.179932
-171.365445,21,55273.350981
-135.569263,21,55282.419976
-203.502191,24,55293.144363
-175.635115,20,55301.127616
-209.425921,21,55309.739257
-177.718261,26,55319.578521
-195.155465,33,55333.083537
-208.360032,16,55339.154133
-137.176514,19,55347.105519
-137.396793,21,55355.681251
-120.575969,22,55364.199836
-173.61034,17,55375.525758
-295.293662,18,55381.794086
-229.310874,16,55389.426039
-310.582009,20,55397.544058
-215.223704,23,55406.758255
-167.455517,21,55414.745435
-162.826137,21,55424.174999
-177.475689,17,55431.677275
-178.56753,18,55438.581908
-103.890433,20,55446.582951
-203.01538,21,55454.978805
-134.357694,27,55464.933177
-149.624257,23,55474.67504
-190.241495,27,55485.086396
-138.58436,24,55495.139004
-150.520223,17,55504.32426
-107.754359,25,55513.976662
-254.848875,22,55523.035966
-231.368543,20,55531.949878
-207.647805,15,55538.642642
-241.863223,14,55544.161245
-181.800526,23,55553.516421
-141.719984,27,55564.16382
-182.637621,28,55574.653167
-237.280777,21,55583.041684
-153.040596,28,55594.317173
-222.967931,17,55601.179196
-180.046008,33,55615.27536
-187.586353,25,55627.491603
-207.774678,27,55638.392215
-188.593617,23,55646.615525
-90.885159,30,55658.292169
-212.300066,27,55669.243049
-133.498859,22,55677.952677
-192.422033,24,55687.508302
-147.667327,35,55701.127446
-161.041035,20,55709.562176
-234.911554,19,55717.26646
-103.556649,37,55731.102333
-179.775507,26,55872.738311
-107.852732,31,55887.281645
-269.410947,18,55894.539704
-244.908621,24,55904.422957
-171.961151,23,55913.455697
-138.543539,16,55920.888587
-177.377545,23,55931.577726
-146.150193,24,55941.538728
-151.023913,18,55948.815515
-196.058731,22,55957.529325
-177.996656,20,55966.508449
-91.128488,26,55976.454492
-177.850122,19,55984.382899
-138.077567,22,55993.477306
-238.63662,29,56006.878954
-157.385406,26,56017.188442
-139.164907,24,56026.771806
-225.315691,22,56037.218681
-98.409321,19,56046.040385
-218.31505,18,56053.403527
-147.308792,30,56065.028693
-175.31298,21,56073.219356
-193.946476,26,56083.826116
-213.925844,21,56092.324061
-200.823832,18,56100.651562
-151.985089,25,56110.435496
-216.18675,22,56118.658014
-173.979834,26,56129.300695
-141.676474,22,56137.508135
-157.600965,29,56149.259108
-201.882908,21,56157.993301
-159.810031,25,56168.15717
-182.274798,19,56175.571584
-200.013647,22,56184.521155
-202.917381,18,56192.409789
-140.674761,22,56201.221282
-172.369714,23,56210.156017
-206.162245,22,56218.80408
-260.566501,23,56228.660798
-161.801929,28,56239.71611
-272.020623,15,56245.647483
-152.016521,25,56255.247232
-173.988571,25,56265.081108
-198.489572,24,56273.986961
-253.453098,16,56283.134128
-114.475929,12,56288.558799
-259.57146,19,56297.846594
-216.950049,20,56306.444952
-390.554812,20,56313.769419
-159.731227,25,56324.858376
-210.894882,27,56336.433747
-155.001983,23,56345.0807
-175.97543,22,56354.162619
-190.497448,22,56362.766034
-186.252223,25,56372.411558
-261.359285,20,56381.713132
-141.300842,30,56394.111973
-120.676993,23,56403.08987
-228.12137,26,56413.542497
-192.55712,22,56422.427454
-171.484675,22,56431.127933
-193.984884,24,56440.477946
-100.887732,23,56449.522287
-247.003372,18,56456.921487
-148.75561,24,56466.291763
-146.731278,22,56476.647363
-143.551862,19,56483.215182
-139.168143,25,56494.304803
-307.48588,19,56502.171656
-244.714926,17,56509.045522
-141.205492,26,56519.404863
-157.553671,25,56530.129053
-121.589334,28,56540.954699
-184.68162,22,56550.056247
-142.679978,27,56561.133687
-270.229499,12,56567.642748
-96.035995,27,56578.070346
-192.696229,20,56586.284221
-153.236425,26,56595.816666
-138.129493,29,56607.763828
-236.847036,26,56618.495417
-148.37833,31,56630.812021
-204.28439,20,56639.612321
-169.820267,24,56648.738477
-214.829443,23,56658.011115
-186.657712,26,56668.391098
-201.798039,18,56676.657252
-179.269929,22,56685.030163
-167.079867,25,56694.720591
-139.605166,25,56705.085005
-211.43436,20,56713.043721
-277.22767,18,56719.819568
-279.766947,17,56726.423101
-162.807329,23,56735.533443
-148.149364,23,56744.690524
-131.1626,21,56752.922175
-210.065948,21,56761.173353
-201.213536,25,56771.475928
-335.437772,16,56778.376137
-172.34064,19,56785.740876
-249.139439,22,56794.823028
-162.089487,18,56801.978165
-116.825527,19,56810.80216
-121.471606,25,56821.014276
-193.868995,22,56829.862488
-267.451583,18,56836.912321
-239.149293,16,56844.59766
-161.534476,17,56851.11463
-138.62395,24,56861.231528
-133.891951,25,56871.143672
-104.629695,16,56879.563295
-207.916819,26,56889.648695
-199.632401,24,56900.29616
-124.954354,23,56909.373604
-133.844643,22,56919.65291
-165.402482,18,56927.772165
-123.709739,23,56939.95521
-245.258835,21,56948.58904
-167.720648,26,56958.484993
-159.171905,25,56968.976589
-91.64023,26,56979.212696
-209.226095,18,56987.584052
-131.944363,25,56997.212552
-137.838211,22,57006.116864
-250.442167,21,57015.622325
-239.990216,22,57023.564003
-149.964782,21,57032.505753
-239.6703,29,57043.631216
-181.130676,22,57052.235999
-219.464984,21,57060.669232
-243.442871,31,57072.620315
-251.985538,19,57080.87732
-171.806861,27,57091.632989
-140.642996,28,57102.310797
-96.839395,23,57111.835538
-206.154476,23,57121.162421
-156.61102,14,57126.838322
-180.578242,27,57137.943879
-168.463515,28,57148.835737
-172.779922,19,57159.940325
-187.064613,24,57169.592071
-246.005501,15,57175.55249
-185.957544,21,57183.588709
-165.103508,24,57193.275538
-165.838544,31,57205.865494
-111.571286,22,57215.498044
-241.345184,25,57228.458513
-122.682883,24,57238.561358
-219.764546,20,57245.93575
-207.234888,22,57254.448506
-113.841735,26,57264.352941
-241.070186,18,57271.640527
-135.432567,23,57281.468338
-247.343636,23,57290.334535
-213.062764,21,57299.713436
-210.556706,22,57308.720521
-309.936249,19,57319.819899
-140.488449,18,57327.253498
-209.175771,24,57337.075446
-172.004279,18,57345.059836
-202.135754,21,57354.710246
-95.341155,22,57363.000546
-220.864528,20,57371.563665
-246.876006,19,57379.696401
-155.143163,23,57388.261509
-225.614387,20,57396.960166
-145.774018,19,57404.628554
-194.584707,18,57412.547943
-200.608058,20,57420.541487
-168.768725,23,57429.991138
-174.553996,23,57438.944749
-99.087054,16,57445.499436
-191.355049,27,57456.752725
-191.730175,22,57466.341782
-182.326062,20,57474.681472
-229.862421,20,57484.277302
-156.463667,26,57494.127939
-164.074152,23,57503.119503
-235.307936,17,57510.898749
-137.956274,27,57521.901269
-202.21538,27,57533.191731
-152.177923,29,57546.101342
-167.595025,31,57557.704674
-97.171609,14,57563.279737
-252.231999,14,57569.826289
-266.822943,11,57576.414621
-79.223408,19,57584.434669
-175.010844,37,57599.028435
-210.175842,24,57608.123592
-320.460182,17,57615.850668
-119.201211,26,57626.574115
-126.125439,26,57636.086
-222.51431,19,57645.926799
-199.304616,27,57656.367564
-228.286453,23,57666.513741
-301.768335,18,57673.775544
-200.13908,17,57681.631579
-185.170928,19,57689.395909
-172.69396,21,57697.569721
-127.793341,22,57706.486265
-150.789256,27,57717.787047
-142.135307,24,57727.539289
-223.739378,23,57736.55783
-134.830536,22,57745.833255
-220.517733,15,57753.441605
-187.179625,22,57762.235521
-171.539562,29,57774.310132
-124.277503,23,57783.56967
-184.929068,25,57793.20114
-225.261063,24,57803.152938
-231.49863,22,57811.942164
-222.960205,21,57821.288186
-223.042498,33,57834.038483
-171.126625,24,57843.876674
-189.21747,23,57853.402452
-146.563637,26,57863.102781
-170.184947,22,57873.982779
-326.657133,11,57881.158036
-135.652216,26,57891.062561
-114.547379,21,57899.492779
-241.506933,22,57908.209735
-193.150911,20,57915.514217
-131.907622,30,57927.938848
-195.510869,22,57936.715521
-191.757601,16,57943.321292
-242.398497,18,57949.438651
-145.938788,24,57959.207751
-175.692938,28,57970.284042
-199.580326,22,57979.077096
-236.059618,19,57986.822695
-193.28243,19,57994.763674
-187.480564,26,58005.756005
-115.139278,22,58015.634241
-119.211169,28,58027.57959
-158.616585,25,58038.00011
-151.078412,19,58045.814679
-141.575741,27,58056.889093
-181.842367,26,58068.04728
-214.854694,23,58081.994334
-180.416379,25,58092.548763
-204.630968,26,58103.118861
-168.560136,23,58112.604086
-100.847217,29,58124.885745
-184.765284,27,58134.228789
-167.686453,27,58146.396712
-271.282591,19,58157.529654
-158.591073,12,58163.026182
-281.661613,16,58173.100619
-194.310463,22,58185.204499
-133.190452,26,58195.054741
-112.977339,20,58204.081229
-147.477148,23,58212.999653
-184.865941,19,58221.190902
-182.828985,24,58230.533737
-227.062974,22,58240.342031
-200.26071,20,58248.143485
-200.481079,22,58256.482824
-180.326627,22,58265.347209
-178.406274,26,58275.220607
-113.545615,24,58283.830435
-239.150056,30,58295.869037
-120.514889,25,58305.301869
-282.403993,19,58315.022049
-226.179266,21,58323.555448
-120.677602,24,58332.69852
-138.413773,22,58341.211931
-143.84905,24,58350.918592
-250.188998,21,58359.266279
-130.557177,28,58370.473142
-204.716591,23,58379.316063
-169.036653,20,58387.794959
-217.930675,20,58396.952516
-278.835931,10,58400.922266
-243.118075,21,58409.50124
-192.597961,26,58420.076864
-182.892985,26,58430.646596
-133.489109,21,58441.855003
-83.382137,33,58454.287994
-219.323647,21,58462.600378
-230.465084,31,58475.423825
-204.178689,24,58485.131263
-151.008754,25,58495.633978
-253.463525,21,58503.654099
-232.866152,22,58514.700436
-250.215435,20,58523.806363
-109.642337,25,58533.713626
-225.711467,23,58542.602523
-195.540023,26,58552.867193
-308.780403,14,58561.23393
-168.429067,23,58570.450206
-184.430129,24,58582.694958
-131.619515,28,58593.512721
-166.76057,23,58602.179474
-111.906958,21,58611.123148
-234.699007,15,58616.376316
-202.87422,23,58625.830593
-205.481892,21,58633.982036
-158.66903,23,58643.062911
-103.176113,29,58655.741861
-184.417036,26,58665.973767
-214.506025,27,58676.915644
-160.712044,22,58685.808938
-212.359592,28,58697.768173
-232.957588,22,58705.773957
-335.958131,19,58714.458407
-290.031351,13,58719.378481
-150.07057,30,58733.108765
-122.494974,20,58741.62439
-116.170256,21,58750.054798
-181.358844,24,58759.452129
-136.632179,27,58770.511006
-272.567087,23,58779.889669
-184.496019,20,58789.747233
-280.186047,13,58796.052203
-97.299247,21,58803.623822
-213.979871,24,58813.014658
-249.831383,18,58820.943401
-195.802764,26,58831.235243
-167.98645,26,58841.822151
-150.42193,24,58851.292999
-226.053708,21,58859.871613
-145.283058,33,58872.788084
-229.363755,19,58880.732697
-244.089279,20,58888.253113
-114.851835,22,58897.008629
-204.892031,20,58904.852022
-247.359805,18,58913.632592
-236.644436,20,58922.145296
-174.752091,25,58933.059777
-180.013014,21,58941.202246
-189.660077,23,58950.436986
-190.921477,29,58962.782851
-156.419759,28,58974.305918
-182.956283,26,58984.935807
-132.068637,23,58993.743278
-153.118276,33,59006.400689
-211.922641,23,59016.747998
-151.222704,31,59028.547707
-210.862427,26,59039.566632
-179.426667,22,59048.286116
-194.086456,20,59056.848366
-89.513207,24,59066.633971
-181.53668,26,59076.439029
-161.649776,19,59084.377391
-191.097616,22,59092.994327
-230.788609,19,59100.692458
-201.985515,28,59112.529488
-115.26163,25,59122.499544
-221.320544,24,59132.292752
-279.397578,23,59142.410011
-134.871781,16,59149.452556
-246.187878,23,59159.302025
-132.896841,29,59170.067574
-181.354454,24,59179.855639
-182.874361,21,59189.440743
-205.930308,20,59197.175027
-242.691452,24,59206.129956
-125.30164,24,59215.049407
-124.587036,24,59224.992086
-282.565088,10,59230.211014
-147.596986,31,59242.294232
-162.502145,35,59255.473737
-237.126926,17,59262.407864
-200.958666,17,59269.029652
-151.209392,29,59281.21355
-199.852758,25,59291.841218
-214.861954,17,59299.440979
-218.537249,21,59308.302923
-161.574555,34,59322.777477
-191.368628,23,59475.386632
-165.150775,25,59486.600161
-202.040112,21,59494.611244
-106.879016,24,59503.869318
-143.453313,26,59513.858538
-162.460608,29,59525.036229
-123.531598,25,59534.86049
-104.752253,32,59547.909328
-137.122526,19,59556.899505
-118.833329,34,59570.533046
-190.294896,24,59580.191165
-156.028521,29,59591.859936
-201.41493,22,59600.444189
-234.972917,20,59608.350176
-225.31513,18,59616.801028
-154.420901,27,59627.375679
-252.150435,23,59637.147341
-110.186804,22,59645.745269
-252.875554,27,59655.959966
-216.380715,19,59663.150035
-170.223334,26,59672.917546
-245.336508,21,59684.386388
-257.971351,21,59693.175809
-187.077828,27,59705.289867
-117.908783,17,59711.551659
-236.826215,29,59722.991722
-176.703792,24,59735.494849
-127.483104,24,59745.175096
-135.935146,25,59755.469901
-272.166311,14,59762.93513
-207.991142,33,59776.56144
-202.049344,22,59785.85401
-204.057066,20,59794.652233
-200.515321,22,59803.740966
-220.305151,20,59811.665495
-167.972645,24,59821.594255
-175.996376,23,59833.189999
-212.409879,26,59843.464101
-215.707428,23,59852.962019
-179.934296,28,59864.162539
-106.765901,25,59873.659885
-226.658268,18,59881.351087
-236.584319,26,59891.718799
-130.162074,34,59905.311221
-184.359627,23,59914.966136
-246.663556,18,59921.628896
-225.968179,20,59929.81252
-195.658644,22,59939.94015
-136.13813,21,59948.448098
-185.616178,13,59953.667856
-233.674284,24,59963.516375
-211.305709,23,59972.453394
-231.650832,16,59980.186022
-183.752786,23,59990.40466
-105.544245,26,59999.779468
-216.499972,19,60007.241833
-195.584559,21,60016.11994
-177.523501,23,60025.451506
-97.231759,28,60037.181532
-251.468488,30,60049.265379
-237.181621,16,60057.210803
-146.648266,21,60065.348807
-363.860287,16,60072.128945
-120.213488,24,60081.992929
-184.328872,18,60089.534902
-201.316398,24,60098.580329
-135.926709,25,60108.325369
-162.812509,27,60120.632129
-145.628529,26,60131.969492
-126.059148,21,60140.153048
-177.985469,23,60149.099864
-141.286344,21,60157.466227
-230.64023,25,60169.964992
-225.044042,14,60176.873564
-225.656881,22,60188.02975
-137.00847,26,60200.870221
-134.169053,21,60209.285388
-180.660879,23,60218.613863
-93.198184,25,60228.935658
-158.265054,32,60241.965379
-120.839492,23,60250.637601
-179.622823,28,60260.510829
-107.749308,26,60270.750953
-231.330999,19,60278.240725
-109.735037,22,60287.443063
-142.748967,8,60291.135204
-196.892707,29,60302.498956
-132.673236,23,60312.200022
-145.200628,23,60322.397662
-200.290984,19,60329.805545
-84.620614,32,60342.417246
-242.491004,21,60353.18623
-145.790032,27,60363.784254
-229.859316,22,60372.630987
-240.196277,22,60382.665516
-178.0543,32,60396.220938
-178.629108,24,60406.355099
-158.220063,23,60415.163552
-156.53243,21,60423.724608
-198.033809,25,60433.63527
-122.722094,22,60442.134259
-239.414265,18,60449.618112
-93.81748,27,60460.78169
-89.328621,26,60470.854791
-162.60783,16,60476.383076
-257.381038,19,60484.156191
-207.90013,24,60493.914006
-211.712853,20,60502.385289
-239.318612,23,60511.696626
-218.172066,24,60521.417206
-254.611856,16,60530.057941
-107.098587,22,60539.65854
-115.736797,28,60550.922499
-139.642547,23,60561.000724
-147.509434,26,60571.546738
-142.18839,29,60582.600361
-186.675539,21,60591.36763
-184.97121,23,60599.448348
-99.662513,24,60609.14387
-210.430026,27,60619.826024
-139.731984,22,60629.263532
-205.068943,19,60637.619234
-91.940851,14,60643.958276
-262.613384,10,60649.977043
-223.575738,24,60659.608354
-167.993987,27,60670.526197
-184.708975,22,60679.889886
-210.269115,22,60688.955764
-214.994655,18,60697.682022
-135.631942,27,60708.986065
-191.813669,23,60717.967131
-201.507705,20,60726.045635
-124.68919,29,60737.177042
-245.122175,21,60745.529445
-205.160181,21,60753.301131
-267.589654,18,60761.018317
-102.53938,30,60772.806453
-108.101547,24,60783.035904
-178.362567,25,60792.560385
-104.679974,21,60801.089373
-143.809504,27,60811.528711
-153.51118,23,60820.706242
-160.18688,29,60832.802576
-134.432682,24,60844.365798
-174.182004,19,60851.637129
-261.47266,21,60859.798148
-228.68141,20,60870.250191
-284.400828,18,60878.330634
-104.799222,35,60891.591844
-212.410822,25,60902.065063
-244.188194,18,60909.438275
-241.873084,16,60916.824048
-208.298166,20,60924.849786
-119.067854,20,60932.724841
-169.404185,20,60941.370769
-171.803394,23,60953.28049
-317.351394,21,60960.290398
-166.756764,21,60969.177901
-239.092509,25,60979.722825
-292.936044,22,60988.217576
-141.949466,24,60997.355255
-170.455347,24,61007.439014
-232.767533,15,61012.971336
-132.634324,24,61023.302653
-119.043908,28,61034.938445
-168.599007,26,61045.524854
-205.267048,32,61060.599418
-96.491883,21,61069.120664
-224.604164,16,61074.712863
-250.082144,14,61081.423228
-133.97767,27,61091.645978
-191.538958,29,61102.787396
-206.95867,21,61111.373572
-201.172587,27,61122.597891
-140.934385,26,61132.838218
-127.784762,25,61142.536429
-182.78852,22,61151.313114
-187.822668,21,61159.623208
-287.890529,12,61164.889194
-124.34705,19,61172.512797
-294.456575,17,61181.876155
-161.847728,24,61192.659537
-130.940751,28,61203.752858
-131.911941,19,61211.046029
-176.91749,24,61220.387807
-233.097934,28,61231.855429
-205.184989,20,61239.749137
-204.887473,31,61252.022532
-126.861565,26,61262.16009
-111.749779,25,61271.961549
-159.778644,21,61280.644171
-85.108579,31,61292.927326
-215.98235,20,61301.138761
-279.153324,20,61310.087239
-184.650106,25,61319.946319
-133.112145,22,61329.941834
-88.15685,26,61339.787897
-201.176039,19,61347.909156
-264.433441,23,61356.948539
-155.643304,24,61366.058457
-169.364103,28,61378.174703
-136.832256,20,61387.121052
-138.336305,33,61400.630146
-180.190497,21,61409.792321
-153.909072,27,61420.350083
-255.368245,29,61433.49965
-137.956883,30,61445.331638
-220.984078,26,61456.369893
-204.894928,20,61464.483042
-189.524145,26,61474.681299
-139.124853,26,61484.374952
-133.587644,26,61494.589448
-155.94912,24,61503.794394
-187.062741,24,61513.724229
-267.187103,15,61520.937578
-131.098359,20,61528.896711
-116.61031,18,61535.646711
-107.408003,24,61545.261977
-223.083791,20,61553.095984
-137.611363,19,61561.1289
-188.332213,19,61568.186353
-106.252526,28,61579.197002
-191.87609,21,61588.254124
-223.76754,19,61596.180867
-128.111975,22,61604.876487
-210.618502,16,61612.032079
-241.64184,21,61620.396337
-188.827747,22,61629.900902
-81.548538,25,61640.089859
-257.332093,20,61647.838817
-95.657161,24,61658.386016
-152.279563,25,61667.88584
-200.948397,24,61677.72484
-272.307585,20,61686.224691
-187.375243,20,61693.963903
-116.303158,28,61704.493404
-226.388198,19,61713.070712
-119.475142,30,61725.547939
-121.855475,22,61734.358534
-219.22738,17,61740.862056
-197.540314,25,61752.520342
-157.986789,21,61760.201635
-203.137891,26,61771.284825
-140.167617,22,61779.535493
-217.69869,22,61789.640788
-245.139199,18,61796.741922
-107.637031,24,61806.408261
-216.131495,20,61814.545145
-88.30855,32,61827.373896
-225.57412,28,61837.710367
-317.045358,20,61847.252848
-282.628058,22,61856.574302
-176.780962,25,61866.053828
-131.521315,30,61877.943173
-307.28396,10,61882.964136
-198.576141,16,61889.362316
-156.374145,22,61898.275368
-230.310449,22,61907.049109
-178.667553,30,61918.451743
-256.19427,14,61926.096983
-188.687539,27,61936.163005
-140.313481,33,61949.72415
-209.124059,21,61958.349901
-173.253111,22,61968.090425
-241.943771,19,61975.747943
-166.202832,29,61987.184894
-275.454267,22,61995.862048
-256.65211,19,62004.7353
-206.878387,21,62013.730058
-181.367482,26,62023.878698
-215.865807,25,62033.654802
-163.727355,17,62041.464421
-189.96565,21,62049.209635
-121.722224,37,62063.12397
-150.116877,18,62070.573733
-122.49681,28,62081.527178
-207.72026,19,62090.442831
-317.395785,17,62096.670841
-198.763083,22,62105.708494
-136.650276,20,62114.606172
-170.293503,24,62123.472692
-213.184172,23,62132.82729
-175.742766,25,62142.621729
-113.669976,26,62154.065744
-163.108571,24,62164.837643
-146.989056,23,62175.805137
-125.287617,27,62186.399199
-172.11722,25,62197.13038
-166.733341,26,62207.289731
-225.673493,17,62214.168512
-251.098599,27,62222.906576
-233.327052,20,62230.317446
-144.136378,24,62242.078473
-286.717178,29,62254.000557
-209.084178,28,62264.584787
-244.502027,18,62273.192808
-82.503031,23,62282.135082
-136.719596,31,62294.840995
-158.394704,24,62305.073144
-161.887708,23,62313.518184
-238.17281,15,62319.672153
-131.530591,25,62330.443848
-248.090896,23,62338.952182
-177.39811,22,62347.425838
-141.335453,23,62355.995463
-233.67731,16,62364.113447
-202.062034,20,62372.27072
-230.097471,23,62381.195082
-268.866423,21,62389.837078
-222.850784,25,62399.854032
-227.393159,17,62407.082008
-223.477801,18,62413.929487
-185.963522,16,62421.354728
-187.549956,27,62431.966087
-191.392034,24,62442.857336
-164.632414,19,62450.347357
-189.234312,41,62466.453354
-203.009047,26,62476.824892
-218.427762,12,62481.473263
-118.027878,25,62491.303824
-177.281168,23,62501.28644
-107.421698,22,62510.402116
-307.0941,22,62520.906782
-201.870496,21,62528.82416
-132.808484,18,62536.280007
-162.406243,24,62547.733641
-101.539948,24,62557.101115
-151.885851,30,62568.629385
-184.742966,23,62577.513037
-147.768151,21,62587.440291
-174.487516,23,62596.093556
-167.375114,25,62605.464567
-212.264186,21,62613.984937
-170.192893,23,62624.665463
-252.860352,19,62632.682884
-205.042143,21,62641.362159
-245.020971,23,62650.165799
-269.056354,19,62657.455201
-227.218767,18,62664.076155
-172.585053,14,62670.012776
-86.322515,24,62679.407262
-81.492899,29,62692.047228
-229.58603,18,62700.366838
-208.880624,28,62711.331198
-110.514464,22,62721.618566
-168.349589,21,62729.838847
-129.720088,20,62737.539819
-118.900856,26,62748.322011
-92.874014,24,62757.243665
-124.892418,19,62764.639299
-248.860038,20,62772.617385
-231.527459,21,62781.414265
-162.663521,22,62791.146143
-223.138447,21,62800.70314
-137.905727,33,62813.462088
-97.213969,19,62821.997421
-151.601298,21,62831.332858
-127.353221,32,62844.115162
-121.796074,27,62856.238223
-201.015269,15,62863.253498
-102.236459,22,62871.808647
-225.23864,21,62879.705945
-127.939421,30,62891.83804
-181.166806,21,63050.632109
-161.054653,26,63061.410758
-240.670247,17,63068.486871
-120.953812,20,63077.099524
-108.450906,31,63089.750424
-156.174589,23,63098.940937
-165.193682,23,63107.916474
-161.943658,29,63119.256956
-217.506109,21,63127.989083
-190.376861,24,63137.796069
-89.391083,36,63151.647893
-157.073538,29,63163.183949
-95.643054,35,63177.071971
-91.520195,29,63188.443401
-169.389921,27,63199.451965
-126.859299,20,63207.128791
-165.996603,32,63219.946543
-227.181135,17,63225.994947
-212.486467,32,63238.776115
-173.599604,29,63249.944835
-126.677285,21,63257.476708
-185.602953,17,63264.916122
-218.559427,22,63274.911299
-238.215058,15,63280.708475
-248.625914,16,63288.476332
-128.996596,19,63296.329504
-111.991537,32,63308.573329
-142.891939,29,63320.067966
-182.516456,19,63327.580205
-162.873682,27,63338.417911
-185.78891,22,63347.765032
-140.094429,27,63358.094455
-190.186504,26,63368.66314
-174.012837,28,63380.125009
-193.204118,20,63388.296211
-174.511852,30,63399.884198
-152.901823,15,63406.367892
-155.503169,23,63414.919088
-226.837502,22,63424.349048
-196.035819,25,63434.036981
-142.037662,28,63445.045843
-143.717726,24,63454.635355
-178.745918,23,63463.871799
-236.759445,28,63474.898145
-114.956033,28,63486.208458
-139.296445,16,63492.372716
-190.620518,30,63504.206255
-242.798572,22,63511.980722
-120.263718,14,63519.0266
-147.95792,18,63526.157422
-115.990643,17,63532.917945
-198.019829,27,63543.212179
-167.100114,23,63552.391328
-214.909273,21,63560.423352
-227.730995,22,63569.651195
-166.371589,22,63579.561405
-82.865854,29,63590.506009
-193.852709,26,63600.493712
-118.417484,27,63611.095191
-181.017178,28,63622.418801
-126.734544,18,63629.516519
-165.206109,25,63639.320032
-210.414404,24,63649.169189
-211.003597,22,63657.74103
-173.163054,30,63669.75096
-184.75039,22,63678.655764
-230.880958,20,63686.5838
-241.357612,18,63694.197801
-111.348611,23,63702.91125
-198.533602,21,63711.67964
-229.36225,26,63722.21158
-221.725319,27,63732.876826
-165.216129,23,63742.575847
-172.958781,24,63752.91122
-181.622315,23,63761.867759
-108.265295,21,63769.960591
-109.62976,28,63780.846009
-189.019338,16,63788.42806
-143.2665,21,63796.572429
-183.844671,22,63806.619175
-102.992026,26,63817.051825
-156.687283,29,63828.776736
-202.178881,24,63838.334472
-133.466748,26,63847.695678
-302.80711,21,63854.956606
-158.063234,23,63865.856443
-153.869983,10,63870.218085
-157.107974,22,63878.693483
-187.045207,28,63889.4445
-237.291022,18,63897.054862
-200.367525,23,63906.1159
-124.912985,28,63917.212376
-149.842647,31,63929.312039
-144.951984,34,63943.350819
-192.020529,19,63950.758187
-130.022421,18,63958.184214
-187.435837,25,63968.17566
-250.379869,19,63976.784668
-212.298713,19,63986.689618
-111.499177,38,64000.486938
-155.301443,27,64010.998324
-169.449498,29,64022.411211
-146.578097,23,64031.32244
-279.268131,22,64040.321173
-230.06026,24,64049.984469
-90.015528,35,64064.007493
-220.476172,21,64074.162891
-120.358051,23,64085.110604
-132.321647,21,64094.2342
-224.952922,23,64103.323694
-81.576082,31,64117.15055
-97.301789,28,64128.543097
-185.295185,20,64136.616551
-148.359746,20,64146.659229
-257.516024,19,64155.549076
-88.697165,34,64168.972902
-205.730545,21,64177.500126
-307.603917,18,64185.360083
-148.887223,22,64193.94456
-247.1353,28,64206.17693
-164.722282,18,64212.853617
-215.122766,21,64221.270748
-169.023158,26,64231.496004
-204.141698,22,64240.570342
-138.761739,26,64251.029939
-161.361698,30,64263.215017
-175.695984,25,64273.278988
-140.502384,28,64283.955676
-172.239788,28,64294.510015
-204.672692,28,64305.391375
-238.745724,20,64313.359901
-205.081985,22,64321.846866
-161.045869,36,64336.688036
-202.938184,28,64347.187871
-242.888897,19,64355.092117
-134.926721,32,64369.181123
-195.210308,27,64380.305562
-197.769996,23,64388.743245
-198.166194,20,64397.159944
-170.726315,30,64409.364421
-243.086464,19,64418.09515
-185.050326,23,64428.571636
-146.055057,22,64436.668005
-155.896666,24,64446.028462
-114.316194,15,64453.2311
-176.789853,23,64463.706375
-222.312552,15,64471.221371
-164.17777,26,64481.729896
-146.408333,17,64488.778769
-265.663961,22,64497.781388
-141.988741,28,64508.585222
-207.822749,21,64516.424047
-105.765675,24,64526.061052
-106.831358,17,64533.782301
-138.463605,26,64544.088012
-164.274274,22,64555.546953
-196.938989,22,64563.754616
-180.761821,27,64574.454071
-75.437855,36,64588.62759
-223.968301,20,64596.723006
-183.347225,20,64605.276359
-217.452519,26,64615.457438
-97.85605,20,64623.292647
-110.787218,22,64631.587984
-132.490253,28,64642.913885
-207.650621,16,64653.18288
-103.318321,34,64667.202714
-182.245452,20,64674.721242
-194.989099,20,64682.936341
-160.267221,26,64693.372779
-187.553161,22,64703.19326
-205.253036,17,64709.819674
-200.424487,27,64720.403919
-164.193086,42,64737.501621
-150.840105,31,64749.635881
-183.638643,24,64759.412031
-267.799214,19,64768.193584
-220.173553,24,64777.792065
-150.376281,34,64791.246844
-125.536453,21,64799.526489
-210.320179,27,64809.677277
-260.34729,14,64816.864328
-185.088047,26,64826.874655
-119.757209,23,64838.07424
-173.204815,28,64849.086134
-116.080221,25,64858.813819
-238.194693,24,64870.765899
-147.221123,24,64879.850456
-187.763721,23,64890.741426
-154.543342,25,64899.945713
-231.648631,13,64905.538002
-137.929384,27,64915.713271
-162.701677,24,64925.556749
-213.987787,18,64933.115025
-312.275259,25,64942.877949
-116.457493,22,64951.490246
-165.705114,28,64962.578557
-211.141475,24,64972.71411
-160.998419,25,64982.923642
-134.542062,31,64994.588926
-166.360045,27,65004.764806
-133.057082,27,65015.355649
-134.275105,21,65023.584002
-131.147698,12,65028.727885
-206.317852,23,65037.691663
-176.517413,23,65047.083734
-118.849461,32,65058.629933
-123.612949,27,65070.690021
-272.0063,21,65079.780257
-174.03963,24,65089.321593
-145.685757,33,65102.020147
-98.879691,31,65113.521657
-252.522605,15,65119.83917
-192.599152,23,65129.054544
-179.399867,28,65140.636455
-196.361711,25,65149.730313
-176.862289,38,65164.660066
-74.350204,21,65173.337222
-233.245291,18,65181.536552
-101.057051,28,65192.480958
-181.311613,31,65204.260721
-154.068237,23,65213.846046
-122.252574,26,65224.899074
-194.836531,26,65235.000855
-187.309174,21,65243.648253
-147.905101,22,65252.479764
-107.006354,22,65262.006686
-245.545919,15,65267.885609
-179.078591,26,65278.882963
-218.205549,20,65286.507546
-189.631466,23,65295.814973
-190.743306,15,65301.77599
-177.823052,21,65310.186576
-136.329449,29,65320.824409
-122.685588,30,65333.234605
-149.963092,20,65341.385588
-199.662301,25,65350.196682
-177.184922,26,65360.103771
-197.787128,18,65368.220036
-127.849519,30,65379.17101
-187.809534,23,65387.999651
-187.51449,29,65399.372684
-110.296975,28,65410.946448
-122.844993,21,65421.076106
-147.959767,31,65434.382813
-115.005932,22,65443.24146
-157.301158,27,65454.505867
-132.105815,29,65466.174017
-156.354964,24,65476.602458
-172.446996,30,65489.091289
-206.737784,25,65498.698856
-114.097551,24,65508.461704
-156.943113,26,65518.404445
-170.432005,30,65530.594893
-163.727163,27,65541.20443
-131.331281,22,65549.688251
-146.314654,18,65557.232346
-157.109154,24,65566.280077
-183.43256,23,65575.85393
-171.035289,22,65584.44085
-192.082078,37,65599.208706
-221.560262,19,65607.13992
-111.259246,33,65620.670272
-218.47472,17,65627.362011
-225.827315,21,65636.004719
-179.236472,24,65644.64504
-223.125881,21,65652.732075
-215.835558,27,65663.371038
-148.066847,24,65673.731468
-193.224571,24,65683.23497
-168.667504,29,65694.701072
-171.324344,28,65706.120991
-231.837481,20,65713.595425
-209.82344,36,65728.093005
-48.359514,42,65743.990672
-128.97705,32,65756.322878
-186.348977,20,65765.789301
-118.131276,27,65776.173825
-194.11201,23,65785.35832
-115.270086,30,65797.060092
-243.260458,21,65805.461448
-170.264466,25,65815.897996
-103.140383,21,65824.340153
-137.473579,37,65839.076749
-192.377334,21,65847.001348
-210.961881,26,65858.322935
-138.324492,24,65867.357639
-169.153882,24,65877.468368
-109.736595,29,65888.740347
-210.692533,19,65896.195681
-195.022403,24,65905.009139
-202.914358,21,65913.17293
-202.526876,21,65921.666046
-209.019584,31,65934.268172
-113.419239,28,65944.799267
-181.952081,19,65951.632454
-161.141948,25,65961.51036
-157.611454,25,65971.606878
-199.856951,17,65978.368196
-134.00348,36,65992.595362
-145.895884,18,65999.690725
-141.032836,31,66011.901673
-165.681585,23,66020.64067
-136.72661,21,66029.191629
-171.037653,30,66041.160643
-184.986841,21,66050.329612
-175.335495,24,66059.031854
-193.324978,27,66070.236372
-75.691919,18,66076.625595
-117.992887,41,66092.892724
-161.350172,22,66101.57312
-221.400183,24,66110.714211
-202.474034,21,66119.546816
-128.165442,23,66128.59455
-174.398457,24,66137.88372
-128.015473,33,66151.46206
-184.518126,19,66159.915939
-150.003616,27,66170.787815
-139.591856,27,66181.040936
-207.406939,22,66190.327853
-187.130871,22,66198.427905
-163.559647,26,66208.605595
-229.585665,30,66221.131846
-142.227978,31,66232.938055
-197.592848,20,66241.117335
-271.789712,15,66247.079618
-143.699243,23,66255.670827
-131.566604,38,66271.952548
-216.64458,23,66280.954813
-256.217259,26,66291.065407
-101.481389,21,66300.306017
-140.308357,25,66311.043661
-246.061761,21,66320.328928
-58.584858,33,66333.915832
-132.667051,24,66343.226034
-154.739709,33,66355.754879
-171.894427,19,66363.443047
-116.371804,20,66371.287325
-140.331488,19,66381.332935
-214.501311,20,66389.80341
-120.148686,41,66405.335344
-95.982727,27,66569.819606
-153.49411,33,66582.942446
-133.821138,26,66594.956104
-175.823224,25,66605.527654
-135.68576,29,66616.557765
-245.132209,19,66625.871182
-159.716442,22,66634.178724
-148.586402,26,66645.082588
-248.808222,23,66655.109268
-144.324519,25,66665.175294
-244.49849,15,66671.049735
-168.604105,28,66682.324808
-152.80788,26,66692.795696
-180.292797,22,66701.560847
-72.154681,27,66711.909634
-177.145816,33,66724.910331
-267.959013,23,66734.385777
-224.640566,20,66742.686175
-179.084656,24,66753.349806
-238.909977,22,66762.157109
-258.761751,16,66769.131904
-78.679014,30,66780.950654
-272.585585,18,66788.47266
-159.963808,23,66797.261223
-128.987279,26,66807.200953
-227.126642,24,66816.787217
-162.168324,17,66824.106541
-202.027985,24,66833.75475
-151.092466,25,66844.641058
-113.055317,25,66854.043626
-218.940867,18,66861.82436
-166.367634,25,66871.771919
-213.296899,22,66879.761463
-169.684562,23,66889.130341
-203.292375,20,66896.561674
-200.994899,19,66904.106445
-145.362674,28,66915.936202
-110.584915,31,66927.949491
-93.059646,22,66936.580653
-296.752927,19,66944.489674
-195.512499,24,66953.868019
-183.047905,29,66965.994387
-203.677742,26,66977.285931
-133.420077,27,66987.71649
-253.075134,24,66997.045117
-147.141038,29,67009.203508
-169.467007,22,67017.791086
-147.688084,26,67027.580617
-180.537576,25,67037.348257
-154.992573,24,67046.395379
-159.987572,27,67057.574681
-93.350152,32,67071.000499
-248.576708,14,67076.229245
-107.972538,26,67087.857848
-298.212708,14,67093.97742
-126.916564,40,67108.668183
-128.130084,19,67116.484324
-141.581882,47,67133.991165
-192.954319,30,67147.448807
-138.155835,27,67158.149601
-196.010303,27,67168.845032
-92.685404,28,67179.428309
-157.78788,27,67189.647351
-260.252651,19,67198.162768
-145.930206,23,67207.713403
-149.981119,24,67216.265807
-185.579326,27,67227.013916
-203.52057,29,67239.521142
-99.939774,23,67248.144622
-168.392332,23,67257.355396
-216.482212,22,67266.422572
-195.893136,41,67282.145693
-207.491822,21,67291.458114
-119.991109,24,67301.086184
-185.105898,24,67312.119095
-222.997575,18,67318.40304
-174.220437,30,67330.591538
-199.269568,17,67336.671835
-75.941846,29,67349.267236
-153.647595,27,67359.657056
-125.081052,18,67367.242008
-108.898559,28,67377.73989
-212.210307,22,67386.131786
-252.657335,18,67394.546316
-157.666349,27,67404.980398
-155.871857,22,67415.388648
-132.151327,25,67425.725545
-206.433691,26,67435.626633
-214.219568,25,67446.428836
-108.946851,25,67454.673718
-186.083098,17,67461.286612
-164.885436,27,67471.470953
-172.498692,27,67482.124614
-260.15255,20,67489.992716
-187.961942,25,67500.022385
-220.8855,25,67509.331682
-211.263305,32,67522.491946
-262.490616,21,67530.937491
-190.032614,22,67539.653663
-137.622682,34,67553.353966
-86.444389,18,67561.488337
-237.302945,25,67571.417979
-181.389671,27,67584.038597
-233.799558,25,67594.517269
-80.546758,27,67606.549447
-192.285569,25,67616.935193
-166.906999,21,67625.062074
-182.50365,27,67635.441043
-221.654313,31,67647.902624
-127.704425,22,67656.096159
-171.520921,24,67665.972969
-111.548748,39,67681.37951
-166.61373,32,67693.818334
-156.232888,34,67708.233405
-165.886239,28,67719.306238
-108.646063,30,67730.449379
-187.547828,18,67740.524552
-230.071747,23,67748.943361
-172.430504,27,67760.153869
-100.636265,34,67773.451252
-218.375249,22,67781.88277
-170.165786,20,67789.885504
-185.009366,21,67797.66894
-120.214749,24,67807.418235
-139.567235,30,67819.107225
-153.053967,23,67828.676268
-98.820116,23,67837.6703
-190.061056,29,67849.266256
-171.587515,21,67856.879798
-242.445724,19,67864.38722
-179.05636,23,67873.257501
-132.03794,37,67888.096008
-74.439202,24,67897.332966
-117.376504,23,67905.555692
-191.898595,13,67911.292575
-236.605936,26,67921.296115
-110.856967,27,67932.540266
-213.008214,20,67942.043326
-148.597883,27,67953.455881
-55.718749,34,67967.093292
-132.328818,19,67974.278932
-108.736697,29,67986.053671
-105.592077,27,67996.618792
-143.937548,18,68004.052067
-214.345382,27,68015.215395
-229.47786,27,68026.10037
-131.839719,25,68035.977327
-221.252367,18,68043.3012
-245.098959,20,68051.273882
-119.414561,23,68060.366186
-184.950785,21,68068.337955
-113.119693,37,68082.756464
-256.040164,24,68092.044585
-142.533477,25,68101.83667
-146.317943,26,68112.310549
-179.384217,25,68121.899227
-164.953605,22,68130.859231
-112.049304,15,68137.177291
-210.178379,26,68148.071392
-172.705863,31,68160.371772
-181.068915,25,68170.006157
-179.421369,24,68179.932216
-235.499676,21,68188.293705
-128.116809,21,68197.612418
-232.437216,23,68206.269532
-89.299797,30,68217.817492
-119.395111,25,68228.679675
-169.681291,22,68236.961901
-166.957799,29,68249.532716
-156.436126,22,68257.812514
-166.374686,25,68267.617867
-105.620048,30,68279.435464
-236.1433,18,68286.11518
-96.98964,12,68291.997265
-111.423078,20,68301.081375
-192.895502,24,68311.466951
-152.85246,17,68319.127036
-159.817185,27,68331.706655
-206.025037,30,68343.279112
-168.036494,26,68353.038266
-239.095626,26,68363.798205
-175.795426,22,68372.524236
-133.837987,30,68383.864259
-137.487303,28,68395.042556
-210.930484,29,68406.491114
-179.126666,23,68414.693684
-100.74825,26,68425.011488
-226.970757,23,68434.277918
-130.771458,29,68446.007988
-139.021618,31,68458.040418
-221.236444,24,68467.016631
-208.736677,19,68474.606812
-90.69981,28,68485.863594
-173.066471,23,68495.067872
-208.130675,16,68501.62242
-122.94401,19,68509.633613
-121.132169,29,68521.793674
-255.875562,26,68532.920594
-115.635302,26,68542.841769
-99.96334,27,68553.570132
-88.683698,34,68565.909833
-104.077747,33,68578.864688
-113.127821,35,68592.745658
-118.351574,27,68604.001913
-99.480206,26,68614.765488
-232.252343,16,68622.935873
-196.669788,25,68633.651197
-141.254096,25,68643.159762
-104.041327,13,68647.518695
-106.180778,23,68657.719404
-175.556151,20,68665.537287
-113.1449,34,68678.686549
-107.310325,25,68690.066509
-225.901633,24,68699.651028
-160.569548,18,68707.132617
-188.969639,35,68721.340619
-122.487267,31,68733.607481
-213.995941,28,68744.467555
-134.788112,28,68754.734641
-91.521222,29,68766.95174
-125.500358,23,68776.925922
-107.551653,30,68789.331303
-213.925136,28,68799.938666
-230.654719,24,68809.337264
-219.549345,27,68820.567647
-180.387468,25,68830.564127
-193.712478,25,68840.935182
-202.672376,13,68845.748728
-221.71006,15,68852.350195
-122.821092,39,68866.943036
-162.564803,34,68880.261472
-161.473327,31,68892.547942
-191.029641,28,68903.40781
-122.46886,27,68914.065522
-230.679423,27,68925.337675
-145.916257,23,68934.089708
-114.019053,22,68942.948045
-121.891948,33,68955.089416
-80.813085,29,68965.790174
-60.105474,29,68977.22805
-115.70733,19,68984.536789
-203.439294,16,68991.077248
-125.866913,38,69006.249955
-136.870528,26,69016.016189
-85.42172,32,69027.654285
-146.825151,24,69037.569396
-149.549008,30,69049.352708
-290.570065,24,69059.177035
-110.699151,27,69069.265124
-86.448145,39,69084.147894
-104.772272,32,69096.867237
-109.138025,25,69107.075338
-179.14814,22,69115.789071
-211.629907,23,69125.715738
-230.408827,29,69136.776486
-67.601049,30,69148.720999
-165.086647,26,69158.920476
-127.789106,28,69170.648676
-254.144562,27,69181.603969
-149.384258,28,69192.696558
-204.706413,26,69202.78286
-125.403704,27,69213.161056
-108.389166,26,69223.793337
-198.464516,28,69235.140769
-184.819889,27,69245.567192
-205.06342,25,69254.999915
-143.357391,27,69265.395516
-84.729104,24,69274.592646
-132.509349,33,69287.658031
-145.40771,18,69294.3515
-167.406742,23,69305.525409
-124.618575,23,69316.856251
-163.387156,33,69330.984621
-158.336337,23,69339.636016
-191.983588,24,69348.817681
-180.095858,27,69359.907395
-179.99101,24,69369.853092
-182.843056,24,69379.432922
-179.125807,31,69392.346641
-130.506316,26,69401.854087
-113.650702,33,69415.248614
-221.65646,31,69427.512475
-220.659658,21,69435.873593
-165.949376,30,69447.669209
-103.994259,27,69459.306594
-207.836633,20,69466.782251
-119.11712,27,69477.616235
-120.877673,30,69488.828738
-191.474635,30,69501.639965
-80.09325,34,69514.678926
-179.766083,25,69524.22553
-205.337273,25,69531.944732
-141.015796,28,69542.568435
-173.080122,28,69552.993351
-66.884095,36,69567.332126
-102.820999,27,69577.661592
-198.197181,19,69585.435486
-133.189945,32,69598.506049
-147.696791,27,69608.990804
-155.872623,30,69620.77481
-105.35028,31,69633.329592
-106.741426,21,69641.77153
-219.081907,25,69651.706329
-219.526036,19,69660.973242
-193.668241,28,69671.821956
-114.999061,31,69683.379043
-126.675005,34,69697.605184
-106.278832,27,69707.960313
-172.094829,26,69719.305262
-155.515147,26,69729.313565
-79.744186,26,69739.304739
-181.207358,21,69747.921215
-166.890632,23,69757.384082
-209.834296,20,69764.947026
-112.483033,22,69773.356752
-177.553266,27,69784.085163
-151.989106,28,69794.748926
-227.207869,24,69806.253156
-309.108448,25,69816.021583
-166.705968,33,69829.413615
-175.855085,25,69839.055431
-190.671149,20,69846.704334
-183.677472,20,69854.468406
-110.175028,20,69862.16721
-154.033702,25,69872.178042
-275.762733,22,69882.519916
-159.324712,35,69895.711476
-189.509342,22,69904.627887
-177.27911,22,70081.777076
-183.616221,27,70092.042972
-139.55745,25,70101.612298
-129.195117,27,70112.016078
-151.489862,37,70126.1238
-241.644655,22,70135.811224
-138.012599,27,70146.350121
-225.671942,37,70161.29603
-208.493968,18,70170.582439
-189.592307,28,70181.29684
-102.562842,29,70192.817716
-168.767402,24,70201.693017
-93.652317,32,70212.548539
-82.415758,28,70223.51616
-158.590045,32,70236.505602
-130.538146,30,70248.076988
-184.994097,21,70257.277144
-134.498287,28,70267.855114
-133.356827,27,70278.898931
-144.127504,25,70288.336304
-195.638047,20,70297.68594
-208.535319,20,70307.959815
-220.95369,25,70317.772645
-119.895034,32,70330.034353
-139.456854,21,70338.574021
-157.175123,25,70348.11242
-96.239303,26,70359.290426
-183.594724,27,70369.993796
-236.693055,20,70378.136004
-182.962174,23,70386.854289
-222.150194,27,70397.171924
-146.951761,26,70408.312703
-209.440713,19,70415.615094
-153.286731,25,70425.536797
-177.517537,30,70436.707505
-146.339404,23,70445.741173
-144.952375,23,70454.32402
-96.411078,31,70465.987165
-71.153504,22,70475.504182
-123.836108,35,70488.813768
-201.935181,28,70499.19977
-159.458391,28,70511.069757
-274.984265,19,70518.862444
-106.02629,17,70526.89613
-108.355557,24,70535.76508
-191.123592,25,70546.048755
-102.217195,24,70555.103038
-90.768288,30,70566.865248
-91.260982,24,70575.699191
-138.203941,29,70586.741934
-121.056587,33,70599.54592
-172.429589,23,70609.316187
-152.646517,17,70616.074151
-131.534732,25,70626.164011
-149.90422,27,70636.948082
-218.158431,26,70647.121666
-211.526379,24,70656.70661
-127.911199,26,70667.299938
-221.568188,20,70675.366688
-175.009902,30,70687.376307
-151.202404,21,70695.943088
-210.391927,26,70708.924532
-120.636691,26,70718.74609
-109.587493,30,70730.544077
-109.035225,28,70740.909544
-213.490474,25,70750.9018
-56.788382,41,70767.0645
-134.967871,23,70776.055005
-189.62559,29,70787.259298
-102.965424,29,70798.605113
-98.991882,23,70807.927656
-125.161696,29,70819.782567
-109.240839,26,70829.556278
-94.926971,17,70837.014063
-174.619103,26,70847.329669
-107.200594,27,70857.380981
-84.64141,32,70869.478179
-189.029733,20,70877.510109
-202.975536,28,70890.372072
-233.791615,19,70900.263728
-189.541699,25,70910.191149
-92.295033,25,70919.305735
-67.205611,31,70931.4568
-148.781578,27,70943.722322
-124.905505,23,70954.412284
-55.163724,43,70971.178545
-231.856372,26,70981.350122
-167.272915,25,70990.75715
-177.719571,28,71001.790187
-166.382684,26,71011.411774
-163.536371,30,71020.967721
-246.873931,22,71031.039696
-206.103895,46,71050.874397
-123.117331,25,71061.852067
-92.207021,33,71074.801767
-60.353576,33,71087.21737
-173.574596,28,71098.569136
-261.496949,17,71105.387451
-90.245519,30,71117.535739
-133.312764,25,71127.037929
-83.999686,38,71141.977296
-141.119859,27,71153.366024
-235.360666,25,71164.034105
-176.456005,26,71174.574356
-84.975809,25,71184.071446
-137.917007,30,71195.737539
-202.923592,30,71207.346751
-259.31645,26,71219.200148
-102.497578,30,71230.664762
-179.272442,23,71240.110802
-194.29137,23,71249.475191
-178.4497,23,71259.131468
-108.17272,30,71270.477939
-200.55707,24,71281.194464
-144.836265,26,71291.071924
-142.115472,27,71302.632201
-162.795718,33,71315.961896
-97.511143,29,71327.313399
-152.343808,21,71335.775845
-91.944542,24,71346.114868
-123.334151,27,71356.401544
-145.814437,29,71366.9155
-70.941904,30,71378.695573
-144.793915,26,71389.125795
-167.768617,37,71405.975728
-173.718274,25,71416.152827
-74.857929,32,71429.413193
-97.877771,24,71438.938454
-122.323773,29,71450.510506
-107.111225,21,71458.407927
-214.190289,25,71468.207817
-119.924302,31,71479.813101
-186.172365,23,71489.233883
-183.054224,22,71497.890888
-160.578513,29,71509.177272
-122.131402,20,71517.468959
-164.285664,26,71527.63452
-115.183731,25,71537.079816
-163.567427,17,71543.743245
-59.418618,32,71557.074246
-157.81621,26,71567.517323
-139.400523,34,71581.114207
-148.571249,32,71593.16862
-247.70625,22,71602.734854
-174.155093,32,71615.955882
-123.98856,40,71631.101237
-218.903911,19,71638.275188
-100.435035,22,71646.6675
-156.045986,25,71655.91369
-278.823336,24,71666.084151
-162.725339,31,71678.316916
-117.273613,37,71692.201172
-88.966444,27,71702.549527
-215.088739,20,71710.463175
-105.67063,14,71715.866388
-201.804253,25,71725.657893
-98.788442,22,71734.332574
-211.880342,23,71743.19339
-94.076609,28,71754.072964
-106.437195,29,71765.669091
-218.670815,21,71773.591776
-215.572951,18,71780.71875
-97.550459,26,71790.749628
-104.777725,23,71799.545069
-63.989331,32,71812.286494
-184.23413,26,71823.158144
-151.711086,36,71837.323051
-222.346739,20,71845.541086
-47.121156,37,71859.836944
-180.118747,21,71868.002437
-198.885767,22,71876.550562
-257.744929,12,71881.804952
-195.778826,45,71899.73192
-143.412511,32,71913.127941
-186.987007,29,71924.165449
-123.782947,24,71934.167563
-116.506061,23,71942.814641
-195.255145,23,71951.165963
-71.825948,31,71963.243757
-175.946582,30,71975.921727
-164.030142,25,71985.784817
-128.401732,31,71998.186986
-68.477086,30,72010.234438
-84.439027,31,72022.011972
-142.362557,25,72031.441789
-175.29273,29,72042.341781
-181.79569,25,72052.551725
-86.690636,25,72061.483652
-83.219182,42,72079.845003
-189.709974,23,72089.443791
-140.786072,24,72099.725128
-187.784816,27,72111.349771
-243.023654,23,72120.487045
-129.933472,19,72128.756029
-193.159431,25,72138.262424
-123.620509,38,72153.634404
-97.279605,27,72164.32501
-184.917563,26,72174.236504
-71.773636,28,72185.185399
-108.061911,25,72194.394075
-206.900274,27,72204.715241
-196.660659,33,72217.993981
-192.207922,26,72228.7404
-205.652306,26,72238.966728
-161.573479,25,72248.514261
-100.730945,34,72261.269918
-110.144609,31,72272.949933
-179.059089,28,72283.852604
-183.105664,23,72292.852654
-106.065766,27,72305.478326
-98.193652,37,72321.260088
-109.336367,21,72333.664411
-219.976434,24,72343.756244
-133.157652,27,72353.980385
-133.978775,25,72363.893547
-210.332675,26,72374.907589
-163.435907,19,72382.605095
-122.996462,37,72396.889025
-134.695767,31,72409.746585
-241.22218,18,72418.045523
-105.254068,28,72429.313391
-145.534791,28,72439.871103
-143.781143,25,72450.311209
-168.147401,33,72463.254322
-161.463353,27,72473.953636
-171.090121,28,72484.778612
-104.123023,27,72495.959213
-54.25076,39,72511.782166
-104.824886,27,72521.922673
-194.041624,20,72529.737133
-96.441101,34,72542.781265
-151.205139,31,72555.240847
-118.945247,34,72568.938115
-83.406404,32,72581.404616
-146.410358,30,72593.136129
-148.483552,29,72605.072471
-104.847543,31,72616.87476
-112.244842,27,72627.344525
-233.529866,18,72634.808933
-154.646015,27,72645.390015
-120.273285,33,72658.562762
-283.545251,14,72665.288098
-113.336171,31,72677.240215
-181.983918,21,72685.058275
-112.633085,31,72697.190146
-166.988261,36,72711.263387
-106.87891,15,72717.599108
-94.473023,30,72729.067582
-36.367079,43,72745.705434
-147.537391,30,72757.57619
-108.608049,27,72768.503544
-158.401632,32,72781.374744
-146.771804,23,72790.588963
-181.552593,27,72801.805932
-176.607291,27,72812.026682
-119.147459,32,72824.143195
-171.80136,30,72836.409137
-186.28063,17,72843.280689
-114.6805,25,72852.866865
-154.516105,30,72863.535682
-119.892458,23,72871.956369
-143.664198,35,72886.208177
-113.957403,29,72897.108176
-123.765916,19,72904.593817
-117.961768,38,72919.58388
-81.998102,27,72930.317716
-137.726589,32,72943.84446
-104.165501,37,72958.590813
-191.767701,27,72969.762769
-116.25741,36,72984.972217
-201.634391,23,72994.520509
-112.802687,36,73009.006695
-195.96032,29,73020.380473
-117.021293,27,73030.769524
-193.132281,23,73039.79735
-116.661064,26,73050.358964
-112.435125,25,73059.384999
-320.865382,14,73067.443107
-100.779122,23,73076.193132
-95.805072,27,73086.785913
-165.296069,25,73096.48318
-113.942845,28,73106.880779
-185.28845,24,73116.232482
-121.872095,34,73129.806035
-80.181896,29,73141.34166
-116.129826,38,73155.876072
-36.536257,47,73173.844758
-142.797023,32,73186.679619
-128.659316,43,73203.789863
-95.759327,24,73213.906705
-112.702105,29,73225.131799
-101.014742,23,73233.912613
-78.9441,35,73247.82981
-87.582308,26,73257.526441
-180.165576,25,73268.129974
-131.879177,28,73278.88656
-95.534555,23,73287.550624
-141.606846,25,73297.187644
-69.116094,36,73311.432717
-82.02074,30,73322.514836
-104.350511,33,73335.365332
-73.515501,29,73347.432753
-98.883697,32,73360.395984
-183.281558,22,73369.391451
-277.83524,26,73379.95105
-111.937732,30,73391.909782
-174.303682,31,73592.245889
-135.801229,23,73600.669209
-101.699402,26,73610.429979
-121.450009,33,73623.960674
-93.924902,19,73631.414777
-205.032805,27,73644.547085
-198.311007,22,73652.967058
-145.400697,36,73666.514792
-102.197446,22,73674.914554
-152.400535,27,73686.044372
-101.481802,38,73700.636996
-147.276617,25,73710.495703
-176.901662,24,73720.226741
-149.418054,28,73730.8574
-129.683567,27,73741.039743
-101.714201,29,73752.570177
-238.525051,28,73763.04633
-125.589586,32,73776.237215
-209.566255,23,73784.9208
-115.384991,28,73795.995376
-196.456466,29,73807.094192
-107.072957,36,73820.512858
-131.042886,28,73830.787552
-98.757555,43,73848.639817
-140.199237,22,73857.990373
-162.933253,26,73868.059443
-118.025374,31,73879.748185
-77.187931,34,73892.884001
-105.726338,25,73902.309286
-92.106348,29,73913.493129
-150.519428,22,73921.630437
-148.004308,31,73936.014603
-119.719558,29,73949.860273
-111.030374,25,73960.593397
-94.34396,24,73969.682522
-197.493541,19,73977.072834
-180.888327,26,73987.47732
-142.104923,24,73997.405693
-133.622789,32,74009.465654
-232.392179,24,74019.730381
-213.420176,18,74026.749633
-125.615742,38,74042.152562
-177.583436,23,74051.775616
-143.344406,30,74062.744185
-191.744258,26,74073.293582
-83.104536,35,74086.720699
-147.339124,33,74100.026374
-132.800825,27,74111.038259
-90.84111,34,74125.426078
-77.370867,33,74138.535175
-79.984767,27,74149.499338
-87.002166,22,74158.118997
-120.07474,25,74168.471794
-93.517748,28,74179.256073
-117.320071,33,74191.676084
-169.48006,22,74199.125517
-159.256377,30,74208.958565
-213.548844,35,74221.700032
-131.592175,26,74231.058414
-117.861189,26,74239.902916
-196.666867,29,74248.893307
-115.605781,25,74257.167979
-254.427474,19,74264.013248
-90.470849,35,74275.401073
-118.555137,19,74281.740725
-44.49497,40,74294.444313
-139.767486,24,74303.219402
-184.308654,20,74309.809143
-136.431202,28,74318.70108
-158.662208,24,74326.650782
-163.355077,24,74333.970698
-107.64235,27,74342.780338
-88.942427,29,74352.638344
-124.543326,17,74358.140969
-182.745706,28,74366.936859
-144.132104,23,74375.047569
-157.763655,28,74384.377648
-166.80089,22,74391.95044
-121.124608,35,74403.265594
-186.175992,23,74410.584853
-59.579078,40,74424.329386
-104.965739,22,74431.610613
-169.324683,22,74438.929797
-46.887294,40,74451.583049
-195.13305,27,74461.456739
-106.38814,40,74474.56842
-104.654189,34,74486.281875
-70.016213,38,74498.796619
-81.962987,30,74508.396743
-237.795467,21,74515.754085
-103.396377,26,74524.609323
-88.996334,26,74533.304384
-171.488813,26,74543.588008
-105.75071,27,74552.980651
-124.121646,24,74560.755397
-151.118808,31,74570.51299
-225.062247,21,74577.426172
-217.792917,20,74584.525367
-198.138062,20,74591.561774
-98.286131,28,74600.636669
-121.667568,26,74609.436826
-53.9503,52,74626.184229
-53.769859,42,74639.198475
-169.106227,24,74647.079748
-80.369234,32,74658.182108
-209.131238,27,74666.860052
-94.587361,26,74675.280264
-138.425839,29,74684.56472
-108.218348,35,74696.732278
-144.060686,27,74705.71974
-214.909814,25,74714.564168
-105.812762,31,74725.205647
-121.110095,38,74738.382915
-80.015543,32,74748.488037
-158.427784,25,74756.797128
-144.860877,30,74766.548555
-109.27999,28,74776.012943
-86.684133,38,74788.207549
-81.406244,24,74795.915811
-144.305687,36,74807.608785
-96.104744,31,74817.820429
-199.750755,28,74827.497524
-95.340029,30,74837.320621
-189.041393,27,74845.896147
-222.952355,27,74855.730511
-145.687528,34,74867.283534
-128.416991,41,74880.740142
-158.247112,20,74887.705803
-211.703079,17,74893.346681
-112.469703,28,74902.659205
-129.131587,28,74911.513357
-106.474882,26,74919.926627
-95.934008,33,74930.518874
-183.377026,26,74939.450715
-205.94217,26,74948.331411
-60.073874,43,74962.286704
-157.153621,32,74973.098538
-168.245398,24,74981.740709
-59.376364,39,74994.477899
-70.100327,27,75003.478467
-203.049467,20,75009.793009
-120.101344,36,75021.9382
-193.849304,33,75032.610011
-111.255629,33,75044.266823
-107.316083,27,75052.855987
-217.934927,22,75060.321432
-148.622753,32,75071.079372
-175.956955,23,75078.397618
-73.675744,28,75087.463427
-252.257508,17,75092.993048
-79.278595,35,75104.206704
-100.243489,27,75113.003461
-97.606578,28,75122.13422
-77.261522,38,75134.70148
-143.128565,34,75145.123474
-138.575293,34,75156.539189
-127.61511,37,75168.402364
-191.580334,31,75178.441379
-103.810159,21,75185.528352
-188.334588,26,75194.279027
-124.63429,24,75202.149885
-78.239804,33,75212.65165
-204.672015,23,75220.302223
-181.829814,20,75227.038792
-71.169071,37,75238.954497
-97.774794,32,75249.217531
-83.713578,26,75258.371592
-168.145533,28,75267.689255
-103.101015,42,75281.260837
-197.023381,35,75293.492068
-136.9017,27,75302.304261
-192.376538,24,75310.640285
-117.597964,27,75319.738371
-97.784302,35,75331.126013
-159.910487,25,75340.141393
-82.429632,31,75349.978555
-162.162148,23,75357.556872
-152.841828,29,75366.895555
-93.157612,27,75376.576987
-134.201402,21,75383.923591
-164.890662,29,75393.112097
-106.805939,29,75402.139572
-55.016711,41,75415.99698
-144.667392,34,75427.235215
-96.621334,32,75437.787768
-104.443518,23,75445.859324
-116.979375,32,75456.204827
-88.346504,31,75466.221223
-139.614059,25,75475.068745
-152.151642,22,75482.222981
-115.582364,31,75493.519708
-173.937334,23,75500.961672
-102.701187,25,75509.07267
-82.313449,25,75518.088938
-217.860832,24,75525.794816
-106.293946,22,75532.799459
-85.798688,38,75545.035483
-115.907381,29,75554.717258
-65.411596,37,75567.330937
-93.054218,29,75576.714805
-109.778791,33,75588.828357
-84.259678,22,75595.98196
-67.862641,32,75606.451078
-107.819134,27,75615.661349
-165.487179,25,75623.989851
-108.811559,15,75629.143063
-155.513231,29,75638.389849
-155.519207,29,75648.268464
-162.006246,29,75657.662442
-145.214308,31,75668.011964
-69.723953,45,75682.415076
-229.553467,20,75689.312662
-218.691074,24,75697.91523
-174.399252,28,75707.994531
-38.323455,39,75720.66914
-216.672252,30,75730.375362
-95.324072,19,75736.645244
-83.917565,32,75747.34724
-66.681984,33,75758.240212
-110.02198,32,75769.424973
-79.288974,30,75778.730551
-209.004536,26,75787.325877
-255.41017,18,75794.359421
-87.910262,41,75807.899947
-91.640459,18,75814.706059
-142.586024,31,75824.636019
-85.679362,41,75837.542752
-121.511495,25,75845.469814
-151.007935,27,75856.862854
-139.402076,26,75865.817413
-114.053854,26,75875.327932
-202.680841,28,75884.560687
-87.144334,35,75895.987977
-108.669578,34,75907.012078
-165.821912,21,75913.851146
-184.752025,26,75922.475756
-147.721484,23,75930.03936
-109.748844,32,75940.385352
-124.787114,28,75949.717299
-175.557856,24,75957.56709
-243.947605,32,75968.015365
-187.876299,24,75975.767963
-119.893856,31,75985.639443
-107.299146,27,75994.179595
-263.308399,14,75999.217826
-230.754343,21,76006.11394
-294.998528,22,76013.870278
-218.308266,27,76022.715082
-173.167179,27,76031.873855
-217.257189,21,76040.492792
-100.111807,28,76050.529673
-87.137636,36,76062.361281
-165.001518,22,76069.240904
-99.842289,27,76078.021281
-129.044913,24,76085.318692
-101.803239,25,76093.923804
-93.00129,23,76101.882873
-172.063286,27,76110.557031
-121.540124,33,76121.041836
-102.991918,27,76130.050389
-105.822093,35,76141.603886
-98.885237,42,76155.449325
-176.306702,25,76163.779337
-71.32149,42,76177.464944
-213.167443,17,76182.990513
-134.676878,27,76191.559995
-131.062325,30,76201.246959
-154.564675,30,76211.194801
-111.717332,28,76219.834455
-116.895992,24,76227.693403
-247.865638,19,76234.091213
-102.627279,35,76245.390611
-119.730994,29,76254.704277
-217.022327,23,76262.211302
-76.238335,38,76275.043732
-155.683391,27,76283.513777
-73.700577,17,76291.151117
-187.793696,31,76301.283868
-105.513214,37,76312.949181
-153.030089,30,76323.243474
-161.041782,27,76332.282352
-146.806813,29,76342.343248
-148.88204,27,76351.458736
-143.669895,29,76360.726038
-73.582763,30,76370.290629
-108.023629,27,76379.012115
-141.1626,33,76390.419659
-238.604227,20,76397.242636
-95.245598,40,76410.204628
-55.319508,37,76421.67894
-164.509117,25,76430.220841
-230.4891,21,76436.802697
-92.49435,31,76447.306146
-84.875952,23,76455.731036
-88.551644,16,76623.075281
-118.864457,45,76638.533973
-168.658895,29,76647.591327
-170.80484,30,76657.318598
-277.424493,19,76663.48687
-211.602884,23,76672.077485
-125.264514,14,76676.859641
-159.129597,26,76684.969507
-156.895995,24,76692.707423
-58.627596,37,76704.62738
-172.227882,24,76712.818621
-109.689513,19,76719.028767
-65.693628,30,76728.972819
-162.910002,42,76742.586115
-81.676639,35,76754.048899
-162.446155,26,76762.893412
-109.632494,29,76772.349963
-120.085992,32,76782.659626
-211.25662,18,76788.944812
-167.344229,24,76796.649896
-242.128811,34,76807.464467
-162.178263,22,76814.954519
-100.413044,16,76819.805141
-100.169313,39,76832.599134
-88.791167,33,76843.551328
-284.737907,25,76851.622607
-246.468336,20,76858.817164
-220.915402,22,76865.731385
-85.503174,30,76875.694975
-53.086823,41,76889.054991
-148.244201,32,76899.011365
-93.71281,33,76909.667461
-83.197677,43,76923.725321
-127.914333,31,76934.430613
-235.280046,23,76942.113867
-101.624092,34,76953.045247
-149.478874,28,76962.559085
-190.767145,26,76970.948475
-110.808829,31,76980.824093
-176.840682,26,76990.031035
-108.181316,34,77000.843502
-88.29639,34,77011.645506
-69.004326,33,77022.206584
-210.822938,27,77031.456278
-140.37931,35,77042.471038
-155.543843,34,77054.581825
-87.120783,31,77064.913617
-148.650835,33,77075.353604
-114.880103,27,77083.98688
-72.510855,28,77093.310376
-203.937452,25,77101.487308
-232.996563,22,77109.311619
-149.113692,28,77120.426825
-83.437045,41,77133.486315
-177.943367,31,77144.77527
-127.26755,43,77159.654278
-81.611347,31,77169.754664
-186.201961,29,77179.328281
-99.254292,28,77188.417536
-133.030375,30,77198.158842
-95.454148,29,77207.397142
-177.675608,29,77217.212979
-110.102138,35,77229.090795
-98.341021,31,77239.38552
-70.859231,35,77250.413944
-35.683513,43,77264.695413
-140.311587,35,77276.220916
-106.06342,30,77286.803118
-74.322136,25,77295.52058
-60.611612,35,77307.033025
-124.13947,21,77313.424026
-176.543611,25,77321.717681
-62.440951,33,77332.544685
-112.665203,26,77341.248119
-199.542747,16,77346.205306
-207.639797,21,77353.103094
-82.651979,24,77361.777952
-163.962641,30,77371.689128
-140.923485,35,77383.243716
-164.247043,32,77393.878439
-89.427205,32,77403.935186
-104.627182,33,77415.478573
-108.87883,28,77424.981629
-106.210179,25,77432.996594
-136.897924,30,77443.037517
-98.807762,37,77455.005309
-82.484587,29,77464.511144
-141.3728,37,77477.305815
-242.174733,17,77482.905966
-121.679136,30,77492.843033
-100.92704,29,77502.167274
-136.568083,28,77510.985418
-156.29547,30,77521.191241
-131.530412,22,77528.304225
-110.439667,35,77539.744144
-99.852762,36,77552.43614
-89.863398,48,77568.108462
-129.52348,31,77577.718341
-146.85294,39,77590.242258
-137.269172,36,77602.182115
-75.176611,30,77612.031513
-266.507622,19,77619.004936
-158.716285,25,77627.790467
-144.554627,23,77635.206138
-218.624934,31,77645.166806
-161.9424,23,77653.307252
-126.188878,24,77661.738444
-132.276018,36,77673.805121
-92.907358,33,77684.270104
-78.867415,37,77696.297488
-120.665219,26,77704.500071
-53.04701,36,77716.617458
-115.554535,38,77728.995546
-184.145649,23,77736.180732
-125.42569,32,77746.689419
-87.540093,36,77758.093356
-101.281826,17,77763.620821
-120.604908,36,77775.440529
-103.500245,35,77787.101049
-90.609773,40,77800.767051
-92.426755,38,77812.986502
-118.737361,47,77828.854876
-97.088696,24,77836.535372
-113.038188,29,77846.454764
-67.541758,40,77859.16231
-144.024201,32,77869.436839
-125.49785,20,77876.908575
-124.81495,34,77889.195506
-157.936924,28,77898.530923
-153.552659,37,77910.87971
-86.219368,24,77919.124576
-85.633579,28,77928.151879
-112.040656,28,77937.016702
-168.934292,25,77945.246483
-159.977485,29,77955.82414
-100.902397,28,77964.716235
-114.600479,40,77977.997699
-124.050348,33,77997.81362
-84.533961,35,78010.872874
-174.742987,26,78020.70376
-123.459045,25,78032.081047
-71.80372,36,78046.719074
-117.641222,34,78059.534543
-270.98697,24,78068.651866
-135.639533,31,78079.493604
-132.907843,22,78087.011971
-122.191492,31,78097.16082
-163.485042,26,78106.195411
-223.839761,30,78116.483503
-209.888946,23,78124.192383
-149.63341,30,78134.082153
-101.077882,32,78144.513912
-144.499832,24,78152.583635
-107.815027,16,78158.026847
-80.529999,34,78169.358916
-103.358487,23,78176.838976
-144.445943,39,78190.01237
-140.989047,34,78201.525535
-121.901857,29,78211.167335
-189.833314,29,78221.050426
-114.654171,39,78233.820277
-55.318579,38,78246.467144
-138.413687,33,78258.192527
-127.655076,35,78270.463862
-169.442938,35,78282.302357
-107.008684,32,78293.220116
-129.163479,19,78299.560255
-126.507466,31,78311.29937
-73.720624,35,78322.901931
-105.78949,29,78332.23793
-213.939363,24,78339.767905
-111.389326,32,78351.496766
-195.612303,23,78358.979223
-213.090725,25,78367.473732
-184.612873,28,78376.619721
-129.949592,32,78387.174657
-162.714082,37,78399.706697
-73.953879,39,78413.451236
-130.516171,30,78423.242325
-157.826864,31,78433.387404
-105.580288,36,78445.344584
-144.573526,35,78456.630571
-112.377239,34,78467.664866
-145.789648,27,78476.700738
-87.675811,33,78487.93656
-203.167273,25,78496.022854
-117.036271,24,78504.217067
-141.251972,22,78511.076423
-71.978685,31,78520.965877
-256.970299,17,78526.692406
-87.688509,28,78535.973738
-63.492914,49,78551.898355
-89.762441,29,78561.491889
-102.380253,29,78570.608023
-120.110412,36,78582.937079
-96.367958,28,78592.306961
-125.294092,23,78599.701685
-160.921459,21,78606.524451
-143.960601,32,78616.956882
-62.273483,49,78632.735821
-108.989772,26,78640.757068
-104.498376,19,78647.087818
-116.457032,28,78655.867386
-92.141229,36,78667.505771
-162.736349,40,78681.057435
-38.261071,48,78696.666452
-120.161369,36,78708.521559
-105.097036,38,78721.112151
-114.298376,28,78730.299241
-128.912038,28,78739.331247
-101.457666,32,78749.239627
-142.625043,24,78758.107773
-70.363653,27,78767.322632
-134.708207,18,78773.300943
-174.551387,24,78781.621106
-72.59702,31,78791.841464
-70.740412,43,78805.640067
-59.482911,38,78817.978095
-140.062491,27,78826.748795
-89.509342,31,78836.366049
-90.416271,44,78850.721016
-108.85647,35,78863.009034
-95.285806,26,78871.64413
-144.702606,27,78880.436161
-136.804063,21,78887.142461
-80.821802,35,78898.358403
-119.852367,20,78904.550464
-191.144937,28,78913.561924
-98.226798,36,78925.450799
-109.060475,28,78934.439907
-134.661684,34,78945.388468
-118.551157,21,78952.257138
-147.547911,34,78963.239226
-159.634134,21,78970.167379
-59.399761,35,78981.838432
-138.840957,38,78994.219149
-123.378887,33,79004.818028
-89.572012,32,79015.253884
-106.859719,21,79022.342286
-199.947652,29,79032.1531
-79.179084,38,79044.418311
-66.16462,34,79055.397726
-133.273313,34,79066.381343
-153.224025,30,79076.907594
-91.280943,37,79088.827188
-180.005238,36,79100.674472
-78.615736,33,79111.200199
-109.652514,28,79121.385745
-81.685006,39,79134.25182
-121.398228,36,79146.077642
-197.270891,20,79152.917162
-107.198511,38,79165.641298
-81.19802,25,79173.780297
-141.944532,32,79184.021272
-117.796776,32,79194.35279
-76.993179,29,79203.536541
-162.410333,27,79212.963813
-88.956053,26,79221.572387
-69.36714,30,79231.145102
-114.325597,36,79242.975103
-114.787312,33,79253.42871
-140.844913,31,79263.511443
-144.675544,39,79276.555772
-58.34094,42,79290.08749
-46.771788,45,79304.245825
-65.677869,34,79315.181887
-85.48397,31,79325.396108
-69.226034,36,79337.010893
-123.206748,30,79346.899647
-53.035311,37,79359.069772
-87.483446,38,79371.408451
-95.974692,44,79385.206511
-58.380454,36,79567.394984
-153.572314,34,79578.362033
-117.528124,36,79590.117823
-100.89213,22,79596.988098
-150.811521,29,79606.450973
-99.167953,37,79619.274431
-169.779207,27,79628.090665
-82.977336,37,79640.419873
10.320159,59,79659.947372
-108.085524,44,79674.061571
-169.048403,26,79682.347049
-103.835789,30,79692.136983
-176.248528,25,79700.081472
-155.083538,32,79710.948858
-89.476684,31,79720.98213
-125.09512,34,79732.083409
-134.296554,23,79739.843394
-156.905123,23,79747.494048
-87.073202,32,79758.183523
-129.975824,27,79766.885367
-129.519356,28,79776.118962
-136.905007,37,79787.630713
-78.744535,40,79800.694818
-49.260528,43,79814.994025
-85.634975,36,79826.538468
-126.369216,25,79835.167501
-134.425979,36,79847.539658
-108.774024,25,79855.606951
-178.538046,36,79867.609104
27.312096,64,79888.504279
-125.175518,26,79896.835976
-190.322389,30,79906.222632
-118.722567,37,79918.309448
-264.39886,15,79923.631933
-109.194617,34,79934.813819
-101.663865,31,79944.425849
-61.732537,42,79957.710954
-124.560688,30,79967.395918
-156.215636,22,79975.891678
-63.594527,38,79988.582602
-107.043536,22,79995.711155
-134.607388,33,80006.603531
-109.047827,37,80019.132721
-73.050053,21,80025.637822
-193.415822,24,80034.4197
-58.770771,39,80047.319555
-112.652491,42,80063.214859
-94.779085,30,80073.581179
-88.82395,26,80082.146443
-75.828819,39,80094.06029
-94.317948,38,80106.084179
-71.65845,27,80115.651402
-76.723287,39,80128.153227
-147.486073,26,80136.28387
-141.414053,26,80145.210556
-192.004027,35,80157.301939
-241.549109,21,80163.969018
-41.440686,58,80183.531363
-77.363422,35,80195.516415
-141.911007,34,80206.472429
-243.552414,34,80217.720335
-118.809321,24,80225.381121
-78.22309,37,80237.391341
-105.957461,41,80250.697917
-223.178651,21,80257.662976
-197.305209,20,80264.301859
-117.990023,30,80273.982999
-79.421046,41,80287.245113
-64.233571,30,80297.185296
-85.938934,39,80309.496939
-180.479417,22,80316.666796
-156.790486,23,80324.336438
-76.800457,36,80336.05602
-121.969871,39,80349.355823
-78.712711,30,80360.011127
-116.354688,27,80369.177008
-203.195764,16,80375.026496
-160.15163,32,80385.70584
-63.603609,36,80397.582388
-104.191915,29,80407.114907
-68.04578,35,80419.1943
-263.928527,29,80429.501673
-75.162846,47,80443.654098
-54.432874,34,80454.939604
-164.862279,30,80464.624733
-106.67795,40,80477.612573
-105.952611,27,80486.753414
-121.135221,28,80495.836251
-138.517905,35,80506.985711
-111.16637,25,80515.431274
-31.144025,56,80533.121196
-134.092489,45,80547.797564
-95.712894,30,80557.270265
-87.087558,30,80566.710083
-235.904064,17,80572.873763
-112.920337,36,80584.591871
-120.480576,21,80591.732989
-119.940277,32,80602.134877
-54.342894,40,80616.654923
-100.010204,30,80627.90244
-173.099678,23,80635.785531
-75.887493,30,80646.287342
-68.068223,31,80657.017779
-152.442308,31,80667.347939
-99.877845,30,80676.939776
-134.357207,31,80687.350876
-122.890837,27,80695.75538
-151.80454,31,80705.991951
-139.279315,26,80714.577198
-60.181424,33,80725.178536
-152.620269,32,80735.764854
-126.609861,27,80744.351755
-174.856133,29,80753.320069
-68.094683,32,80764.233221
-145.522354,32,80775.071051
-68.049533,38,80787.349922
-224.373533,25,80796.36252
-80.526501,32,80806.601141
-105.384477,28,80815.433725
-53.479698,37,80827.484151
-117.194457,22,80834.341603
-25.090948,52,80851.34597
-139.81704,35,80862.473012
-66.550581,42,80876.172005
-147.162861,30,80885.923435
-143.713669,24,80893.869433
-57.096751,43,80907.383148
-53.305012,26,80916.173799
-138.237201,32,80926.262454
-60.905482,31,80936.225437
-217.101984,21,80943.242871
-118.580297,37,80955.714663
-93.019557,36,80967.296548
-77.02158,34,80978.423304
-116.632566,34,80989.295455
-116.239234,25,80997.508476
-63.966654,33,81008.267023
-128.363132,22,81016.264961
-100.671922,32,81026.383121
-129.923349,26,81034.789365
-194.153995,17,81041.240426
-109.215294,32,81052.116981
-84.39338,28,81061.180307
-100.79597,23,81068.789654
-66.023224,33,81080.135941
-159.523409,33,81090.721128
-99.588065,26,81099.146307
-195.652491,21,81106.103211
-96.597352,22,81113.599015
-71.032655,33,81124.129214
-53.200611,46,81139.365097
-138.103029,35,81150.430411
-134.52586,29,81160.01401
-120.515552,31,81170.714487
-164.481144,30,81180.40976
-98.18863,35,81191.889117
-203.702998,23,81199.254461
-111.459992,41,81212.731503
-117.809598,43,81227.232906
-74.984801,26,81235.854144
-44.422947,36,81248.021093
-118.987642,28,81257.974339
-30.509108,48,81274.038877
-66.474137,32,81284.634722
-74.672609,38,81297.40907
-99.395419,24,81305.063396
-87.34215,39,81317.785389
-108.586968,35,81329.1262
-147.00338,30,81339.005584
-126.558817,40,81352.038458
-96.675821,42,81365.659682
-68.394317,36,81377.387907
-150.167654,34,81388.785437
-113.575911,32,81399.016629
-40.750962,43,81413.854716
-169.846835,53,81431.389352
-113.249609,31,81441.745226
-112.161932,30,81451.499705
-133.59916,34,81462.823426
-56.757296,34,81473.49815
-71.614925,42,81487.419332
-92.159189,38,81499.608757
-186.421966,31,81509.842484
-93.663242,29,81519.026119
-108.642539,35,81530.753936
-100.778023,29,81540.110705
-70.697946,37,81552.636325
-79.754555,27,81561.896952
-105.928606,35,81573.59795
-100.635105,32,81584.027279
-57.971046,45,81598.573778
-86.160367,25,81606.538691
-110.881849,34,81617.978068
-69.606259,52,81634.324339
-109.209984,23,81641.838993
-132.579489,34,81653.181286
-69.890386,34,81664.28024
-97.206435,28,81673.544986
-115.601985,27,81682.324773
-92.003836,35,81693.561346
-148.614785,25,81701.585717
-94.841019,34,81712.50189
-134.0995,29,81721.822236
-113.724558,33,81732.861182
-101.899948,25,81740.784184
-148.018723,28,81750.12286
-89.959186,28,81759.303554
6.904297,61,81779.133151
-39.632516,38,81791.479503
-119.857066,21,81798.503104
-145.257634,22,81805.498993
-86.302367,38,81817.960231
-162.526193,23,81826.36291
-180.325869,26,81834.72644
-158.349494,27,81843.595388
-113.822875,30,81854.188672
-130.501268,32,81864.544061
-186.683952,23,81873.913561
-208.791685,17,81880.401914
-109.170091,31,81889.953311
-82.318961,29,81899.715019
-94.939014,29,81909.155222
-72.390936,42,81922.860114
-43.09483,37,81934.686161
-50.284738,38,81947.187853
-126.363458,30,81956.840952
-232.624774,22,81964.184054
-156.463627,29,81973.614065
-74.965098,50,81989.766021
-66.865408,46,82004.78334
-39.700903,55,82021.961296
-107.049247,24,82030.086087
-51.889061,34,82042.137915
-71.435073,49,82057.723686
-87.497657,27,82066.728872
-125.632722,31,82076.890118
-131.697949,35,82088.34351
-77.309846,25,82096.590231
-118.315624,30,82106.104753
-48.969272,41,82119.216324
-65.565985,41,82132.499409
-79.646967,33,82143.211414
-68.262354,30,82153.357985
-147.841109,31,82163.111655
-24.391479,54,82180.924699
-66.429778,37,82192.735832
-84.075006,33,82203.453529
-91.934734,28,82212.519949
-119.321006,36,82225.805322
-118.40868,29,82235.396513
-155.682914,27,82244.284792
-92.660428,30,82254.595937
-82.752492,37,82266.596856
-116.257081,41,82279.682909
-78.530687,32,82290.179002
-103.14937,31,82300.671234
-78.99218,33,82311.065268
-99.206754,31,82518.718082
-113.351232,33,82529.964191
-178.140022,25,82538.693834
-95.933575,31,82548.863635
-110.753037,36,82560.54938
-62.885572,37,82572.707753
-38.7974,46,82587.964793
-79.410239,28,82597.272089
-122.207115,48,82613.138446
-121.820978,28,82622.826711
-46.171073,35,82634.713786
-162.871718,33,82645.743167
-91.865543,38,82657.944795
-98.417717,31,82668.171181
-18.136359,56,82686.810827
-117.126454,33,82697.770008
-51.403457,37,82709.856614
-153.579994,32,82719.917945
-52.082426,38,82732.238068
-105.699374,35,82743.346501
-47.588232,37,82755.770367
-82.507561,28,82764.872359
-107.943027,34,82775.674152
-8.772275,53,82792.789006
-144.599342,26,82802.626107
-89.85714,24,82812.057824
-85.765689,33,82824.443076
-50.791764,51,82843.67285
-149.789203,32,82856.818684
-148.524262,33,82869.974813
-99.863637,42,82885.688721
-45.50026,39,82900.987265
-97.754079,37,82914.257161
-46.582099,44,82928.839774
-37.983715,48,82944.801947
-77.946306,34,82955.788014
-41.2793,40,82968.988794
-158.302913,46,82984.215935
-121.180296,35,82995.782387
-78.54812,30,83005.596027
-71.838558,32,83015.519227
-170.518918,30,83024.920488
-49.950592,41,83039.576378
-188.783814,23,83047.449277
-52.524501,41,83061.381498
-52.665934,39,83074.336785
-58.99778,41,83087.764064
-74.300206,46,83102.566665
-189.782291,22,83110.020334
-116.443029,25,83118.093423
-70.011766,33,83129.408207
-153.25435,31,83139.514135
-60.056504,36,83151.232652
-45.663788,43,83165.24736
-109.009948,31,83175.429166
-105.556543,31,83185.087855
-93.230537,39,83197.79121
-71.480918,34,83208.882873
-138.798633,29,83218.778024
-63.776014,40,83231.640211
-187.871402,31,83241.423332
-71.746365,36,83253.070267
-82.012468,35,83264.48878
-5.000463,56,83283.140737
-74.498498,38,83295.489953
-177.716591,23,83302.844023
-73.994564,44,83317.050774
-88.09412,30,83326.96135
-94.510266,39,83340.226265
-75.290211,31,83350.593687
-62.197911,36,83362.022455
10.913481,53,83379.895736
-113.762457,29,83389.322581
-57.763284,40,83402.441486
-43.649413,45,83418.152083
-74.361854,32,83428.653584
-89.992178,31,83438.285708
-53.558546,40,83451.447727
-95.506922,16,83456.644653
-124.406,26,83465.01647
-85.035175,42,83478.864713
-63.543714,34,83489.908082
-98.14596,30,83499.571425
-260.130434,21,83506.531617
-27.552629,47,83521.542705
-160.981955,33,83533.257641
-144.197903,27,83543.593423
-81.870434,30,83553.08043
-79.260318,30,83562.677656
-78.766617,32,83573.001378
-156.642904,27,83581.841455
-131.837073,38,83594.548164
-156.620157,33,83605.07841
-199.6467,30,83614.453176
-197.676871,25,83622.730599
-95.138687,32,83633.054502
-53.149772,44,83646.660574
-48.815891,46,83663.189748
-113.265569,27,83672.358525
-143.616282,29,83681.466924
-156.677928,25,83689.316062
-101.895478,28,83698.258699
-118.150144,38,83710.6841
-1.663899,60,83730.138624
-73.630636,28,83739.311209
-35.433057,59,83758.410576
-188.569013,24,83766.092388
-128.406701,34,83777.254573
-136.838982,32,83787.628453
-140.79943,29,83796.909347
-98.880227,44,83810.999769
-98.148623,31,83821.016554
-98.292814,26,83829.870119
-74.953552,28,83839.200924
-83.643533,38,83851.543391
-88.77458,27,83859.986475
-95.819963,32,83870.149223
-166.392901,27,83878.802628
-102.009213,23,83886.21507
-9.155944,47,83901.611789
-145.087042,27,83910.496198
-97.541756,27,83919.059062
-134.809116,29,83928.479038
-69.925847,36,83939.930457
-98.638572,36,83952.160843
-83.277218,40,83965.691168
-116.992231,28,83974.472538
-59.926765,39,83986.852972
-68.539493,40,83999.962915
-89.406202,29,84009.305886
-80.204654,29,84018.374301
-163.773783,37,84030.459589
-71.09374,38,84043.036463
-46.085164,42,84056.804132
21.191881,64,84077.899446
-170.557852,29,84087.264751
-112.824776,24,84095.417531
-89.974626,40,84108.242557
-86.02995,42,84121.700312
11.022362,59,84141.276408
-133.814183,31,84151.359304
-227.827947,25,84159.758086
-112.28322,24,84167.422427
-108.011605,28,84176.723286
-96.508363,31,84186.574308
-47.940631,47,84201.882019
-109.295724,30,84211.513499
-77.279918,42,84224.734157
-69.739794,38,84236.999629
-110.184893,27,84246.121023
-156.068822,27,84255.469408
-85.995692,45,84269.854885
-130.410815,38,84282.58459
-81.370386,33,84293.272271
-92.630949,32,84303.924477
-110.045141,26,84312.428403
-152.688417,38,84324.762478
-100.565711,33,84335.486507
-47.075815,44,84349.677038
-101.484272,29,84359.127493
-105.693315,35,84370.353528
-25.299948,46,84385.400672
-80.226858,39,84397.579329
-15.849451,49,84413.827649
-56.753974,38,84425.890507
-103.801759,40,84439.444973
-76.984266,29,84448.685539
-17.969587,46,84463.745571
-90.567137,33,84474.781944
-135.083569,31,84484.704268
-125.035301,27,84493.923855
-56.501124,43,84508.004466
-119.862256,33,84518.326789
-83.946609,16,84523.798303
-78.092854,32,84534.178404
-167.981698,26,84543.116443
-173.91914,28,84552.704635
-109.631422,41,84567.758497
-62.784332,46,84582.844445
-106.390452,33,84593.26935
-65.154145,43,84607.144802
-60.273107,43,84621.516243
-95.562154,29,84631.215405
-155.717713,28,84640.285079
-73.250413,30,84649.699359
-27.43969,44,84664.401409
-61.502601,43,84678.756143
-90.803552,39,84691.096614
-200.922635,28,84700.310993
-75.40391,45,84715.025667
-140.584949,21,84722.330479
-99.467239,25,84731.887658
-53.512925,36,84743.567082
-153.4527,36,84755.587107
-136.54981,25,84763.41052
-81.117825,33,84774.065902
-53.436376,49,84789.659339
-42.418374,47,84804.763327
-98.223309,35,84816.347411
-81.59014,39,84828.872865
-171.592249,24,84836.768689
-142.270744,25,84845.113071
-98.791423,32,84856.486069
-66.542439,42,84870.219483
-98.7441,31,84880.196148
-62.309493,32,84891.09833
-97.7781,26,84899.509155
-84.233751,52,84916.462946
-91.422357,51,84932.974776
-132.739932,31,84943.197472
-96.41304,34,84953.733597
-76.027226,45,84968.67399
-46.474699,42,84981.827085
-86.155623,28,84990.852744
-88.042504,37,85002.817368
-47.438004,45,85017.085241
-62.210748,31,85026.65199
-66.417112,39,85038.85441
-22.711428,56,85056.888864
-120.588668,34,85068.160464
-101.093496,24,85075.656121
-79.681987,42,85089.242291
-68.589033,34,85100.234796
-49.659173,36,85111.999115
-63.872203,36,85123.488881
-54.885478,44,85137.67619
-67.12098,50,85154.060467
-68.011771,45,85168.394307
-80.766018,51,85185.134752
-133.327686,36,85196.804805
-62.442167,39,85209.836133
-124.728016,37,85222.434385
-52.120188,49,85237.97259
-37.542878,46,85252.950472
-54.545794,38,85447.75209
-75.616646,30,85458.001893
-56.831302,42,85471.79785
-83.229191,34,85483.421844
-114.833584,37,85495.058578
-65.44223,41,85508.190309
-43.34183,43,85522.938169
-95.93487,42,85536.892015
-102.52854,34,85548.364091
-49.779564,41,85561.951887
-112.13069,53,85579.220082
-48.869885,50,85595.184354
-88.626118,35,85606.430426
10.762673,51,85622.784967
-43.588383,47,85638.342785
-97.903345,26,85646.424821
-267.228468,23,85654.180748
-90.366948,39,85666.641658
-72.827992,38,85678.95382
-69.160368,40,85692.254979
-91.807007,26,85700.746273
-149.269437,39,85713.473628
-24.121611,51,85729.549597
-57.55166,39,85742.495199
-105.743352,37,85755.18808
-66.661773,33,85765.594569
-95.839946,26,85773.994157
-184.311261,28,85783.23556
-86.296087,41,85796.00891
-54.117971,42,85809.828937
-131.532965,45,85824.439237
-66.130838,49,85839.813624
-118.054621,33,85850.324682
-46.568636,52,85867.98083
-36.054932,49,85883.977203
3.184185,53,85900.992351
-37.431996,44,85914.954811
-200.563664,36,85926.548908
-87.348606,30,85936.532849
-51.368823,52,85953.057818
-61.659027,59,85972.316429
-152.411267,33,85982.959724
-222.621805,27,85992.002326
-25.797109,52,86008.63009
-24.626762,56,86027.302693
-60.439399,38,86039.673029
-97.049333,38,86052.336869
-36.627922,39,86065.119585
-77.563902,36,86076.942556
-138.437903,29,86086.477569
-58.625856,43,86100.820749
-68.88135,34,86112.158847
-146.006203,51,86128.46743
-111.136033,46,86143.62096
-42.063931,44,86157.965034
-90.730861,28,86167.380206
-47.626405,39,86180.197355
-75.589393,41,86193.57691
-114.532679,30,86203.266266
-58.898399,34,86214.505724
-69.7321,36,86226.517404
-59.80907,29,86236.449609
-25.406086,48,86251.274583
-101.763724,34,86262.1574
-38.046848,39,86275.293324
-159.815635,26,86283.436782
-84.567497,41,86296.245793
-127.232753,36,86308.34878
-25.975717,44,86322.468068
-12.429011,51,86339.272675
-66.769247,41,86352.882435
-44.65684,37,86364.569
10.109919,67,86386.495532
-71.05877,31,86396.755128
-132.960152,34,86407.861673
-58.888281,55,86426.716956
-32.194662,49,86442.380451
-98.293414,30,86452.264438
-69.766499,41,86465.656455
-39.292577,54,86483.151978
-40.949035,44,86497.572901
-66.868893,39,86510.117933
-175.337358,28,86519.371957
-46.326967,49,86535.240952
-58.619573,43,86548.959417
-111.764527,35,86560.247266
-154.667302,38,86572.84401
-94.865314,32,86583.60682
-101.287481,25,86591.958262
-90.051966,28,86601.231385
-88.387452,45,86615.549256
-24.788678,60,86634.761155
-82.082995,39,86647.907355
-46.872928,45,86665.043326
-55.461824,60,86684.481876
-108.842085,36,86696.77934
-79.033461,33,86707.760939
-54.943026,43,86721.354724
-123.450066,35,86733.462875
-141.4787,44,86747.763932
-22.128488,56,86766.008758
-52.480268,43,86780.111088
-22.763468,61,86800.30777
-212.668832,36,86811.375589
-52.140705,37,86823.726463
-61.463156,38,86836.582289
-100.718303,38,86848.171416
-67.812305,44,86862.763817
-89.09202,37,86874.803088
-125.752457,33,86885.36852
-78.555069,44,86899.618183
-3.702544,53,86917.089096
-62.776116,36,86929.490527
-83.121361,50,86945.459127
-80.202835,38,86958.339562
-72.049005,49,86973.79591
-128.032468,29,86983.455777
-95.018915,40,86996.017422
-39.037211,51,87012.177537
-70.395016,43,87026.230847
-41.142432,42,87039.798415
-84.612781,37,87051.666375
-105.100928,41,87064.968622
-107.301239,41,87078.572206
-111.24407,27,87087.168045
-58.733121,32,87097.5037
-45.180515,49,87113.131385
-57.214179,41,87126.468603
-99.732557,40,87139.572851
-10.102454,49,87155.169482
-101.86059,40,87167.820183
-115.985206,33,87178.268493
47.244419,73,87201.884237
-21.013678,49,87217.600534
-94.774298,39,87230.019953
-153.790245,34,87241.037692
-70.74741,41,87255.182131
-130.686664,38,87268.20617
-153.043027,41,87281.450143
-72.386779,31,87291.105184
-91.696716,38,87303.829
-121.557469,35,87315.470649
-114.679871,35,87326.696589
-52.332415,47,87341.786091
-39.887383,39,87354.484971
-69.835612,33,87365.256397
-5.425712,51,87381.446607
-30.134423,58,87400.570642
-83.29076,34,87412.300676
-51.019339,43,87426.407504
-52.911936,36,87438.125615
-77.00705,33,87448.904279
-48.563711,42,87462.384629
-18.714089,60,87481.684289
-96.820779,48,87497.325451
-98.973383,42,87510.739318
-53.145793,33,87521.70912
5.019385,56,87539.181174
-97.29057,35,87550.738544
-54.472012,47,87566.068666
-83.033064,49,87582.045225
-86.91664,37,87594.084333
-80.733994,33,87605.228131
-106.349608,33,87615.905347
-11.145491,49,87631.410628
-74.068044,29,87640.407699
-56.429981,37,87651.873816
-75.647199,34,87662.97216
-114.385434,37,87674.69874
-59.093006,38,87687.072969
-118.370325,29,87696.500629
-42.37913,42,87710.200951
-52.770927,41,87723.106469
-85.714351,41,87736.557586
-78.300227,36,87748.197781
-23.758788,48,87763.495396
-25.303845,55,87781.063744
-80.068348,22,87788.180363
35.389373,67,87810.197965
-69.401165,33,87821.10989
-16.631577,50,87837.212276
-62.178868,44,87851.27559
-86.109625,39,87865.141985
-49.77353,42,87878.553375
-43.171833,51,87895.131085
-9.062864,61,87915.003499
-25.451061,52,87931.641961
-106.533557,30,87941.243576
-10.90765,52,87958.346571
-64.688741,46,87973.445412
-71.113205,41,87986.550112
27.684965,77,88011.387486
-85.502192,34,88022.495332
-83.315972,28,88031.404614
-67.850423,29,88040.631196
-54.980037,35,88051.559594
-4.210852,59,88070.513291
-12.630231,55,88088.553866
-90.961862,46,88103.09907
-54.822151,41,88116.372654
-107.341712,43,88130.228649
-39.885199,51,88146.740603
-60.027727,32,88363.649743
-86.141669,42,88377.672587
-60.459257,41,88390.633229
-73.779231,33,88401.808405
-43.496609,57,88421.927674
-110.886357,44,88436.699057
39.332495,72,88461.778416
-135.463203,30,88471.773963
-68.017197,49,88487.721602
-58.140873,50,88503.794983
-124.411083,27,88512.650933
-14.788709,59,88531.646285
6.410748,54,88549.014042
-47.849963,40,88561.979971
-106.798269,37,88574.456038
-152.72598,30,88584.171932
-39.709684,48,88599.798668
-35.633476,42,88613.665226
-93.370516,35,88625.548168
-135.257476,33,88636.080517
-40.599051,45,88650.519305
-131.963677,39,88663.424732
-232.853465,15,88668.211566
50.947454,76,88692.926981
-114.156398,35,88703.839926
-181.21739,27,88712.422529
-40.141097,40,88725.401927
-16.734536,57,88743.78318
-53.376592,33,88755.203695
-69.085672,48,88772.784165
-104.365471,34,88783.759949
-76.08164,41,88797.096396
-196.42114,27,88805.889772
-16.859319,55,88824.109401
-73.955671,38,88836.523717
-65.528379,49,88852.232846
-50.196267,41,88865.868691
-51.189169,37,88877.44501
-56.397518,40,88890.436986
-94.215675,27,88899.344256
-88.913305,39,88912.007277
-33.60189,52,88928.699167
-91.195349,41,88941.925399
-71.777981,44,88956.424707
-94.381383,49,88972.353927
-32.044432,51,88989.220273
-113.492645,37,89001.207035
-72.467599,32,89011.866025
-10.512659,52,89028.964786
-13.231519,52,89045.414333
-12.71722,53,89063.025245
-76.758749,30,89073.321586
-95.929532,36,89084.7553
-124.240817,37,89096.433537
-50.829856,39,89108.864485
-36.369645,46,89124.142748
-24.578564,62,89143.959368
-3.057502,57,89162.579215
-89.733461,41,89176.022589
-33.396258,52,89192.577981
-102.010836,37,89204.72413
-90.438558,45,89219.192038
-49.773404,35,89230.224167
-134.460361,44,89244.670563
-94.005427,36,89256.192027
-43.610809,39,89269.047881
-46.044691,39,89282.069756
85.566938,101,89315.343528
-56.567508,41,89328.87066
-48.117047,39,89341.409758
-111.307592,39,89354.691846
-58.507467,36,89366.402981
-150.866142,25,89374.622543
-69.013403,34,89385.770201
-89.935054,49,89401.420673
-94.546954,18,89407.496504
-35.215496,45,89422.820842
-43.017274,33,89432.949758
-58.801872,32,89443.228825
-83.022337,33,89454.265035
-98.286532,38,89466.308374
-45.132014,52,89483.149509
-47.186867,36,89494.897745
-110.133287,42,89508.878978
-95.177649,42,89522.159777
-102.037617,37,89534.371198
-30.22031,53,89550.882676
-43.587145,42,89564.695659
-48.995775,44,89578.980365
-91.693575,29,89588.236735
33.375253,68,89610.750562
-40.284698,46,89625.793082
-117.808308,34,89636.949794
-3.843188,54,89654.780003
-76.341233,35,89666.324879
-56.144429,42,89679.842016
-97.363653,26,89688.502638
-120.121144,38,89700.967153
-63.455229,43,89715.368154
-60.325672,49,89730.75265
-131.001531,24,89739.04003
-112.205886,32,89749.26303
-46.440932,57,89767.838634
-102.524034,33,89778.650226
-43.270931,52,89795.499809
-75.707464,32,89805.890587
-87.658428,43,89819.154707
-47.505302,42,89832.999247
65.641658,82,89859.439886
-64.974373,33,89870.045498
-81.578127,34,89881.065205
-91.374826,34,89892.367199
-47.620528,74,89916.514647
-58.047544,44,89930.78404
-36.1436,51,89947.359064
-49.123664,42,89960.996758
-45.191077,44,89975.399486
-25.843071,56,89993.232232
-89.675244,56,90011.64833
-57.841242,45,90026.558502
3.871634,63,90046.820873
-82.005822,48,90062.145719
-26.887812,46,90077.725134
-41.514891,39,90090.430326
-79.746034,27,90099.198243
-39.360812,45,90113.671237
-55.075144,47,90128.798611
-77.875902,33,90139.762213
-74.237429,34,90150.709129
-12.4115,59,90169.561439
-39.649116,43,90183.311181
-45.60107,42,90196.777493
-20.311675,59,90215.857548
-125.570008,36,90227.50372
-49.209481,34,90238.999376
-33.182966,43,90253.587823
13.409866,55,90271.515394
3.818668,66,90292.905064
60.458775,75,90316.906438
-32.581927,46,90332.024124
-49.636511,54,90349.40931
-128.811921,39,90362.014545
-115.727916,63,90383.294571
60.715432,93,90413.463095
-149.476961,31,90423.257933
-71.80756,42,90437.199064
10.653931,60,90456.765365
-99.678315,39,90468.902863
-42.853567,62,90488.752491
-4.667138,54,90506.249753
-23.400674,42,90520.017027
-93.557711,52,90536.522675
-46.567598,45,90551.017136
5.825657,57,90569.735151
-57.622504,44,90584.039643
-51.972591,37,90596.13711
-44.288974,42,90609.873587
-55.522889,35,90621.200134
14.998315,63,90641.837583
-35.024196,41,90655.144403
-67.498173,33,90665.945942
-31.418157,50,90682.160494
-46.241115,58,90701.167358
-59.519063,48,90716.651668
-70.215408,26,90725.284708
38.628208,69,90747.725671
-58.317524,35,90759.065339
-70.557467,29,90768.729128
-92.245574,49,90784.405618
-68.837295,43,90798.522609
-34.119773,63,90819.045044
-28.276338,57,90837.345813
-58.848668,43,90851.562531
-59.201919,32,90864.148313
-42.362812,42,90878.149585
-54.327432,47,90893.547346
-75.174699,33,90903.90646
-36.098507,42,90917.581172
-34.283496,50,90933.426356
-61.618059,37,90945.907121
-6.180063,56,90964.117093
-73.549358,47,90979.245632
-39.853931,37,90990.968367
-35.450829,51,91007.190881
26.306549,62,91027.475292
-9.25458,51,91043.940589
22.062373,75,91068.026519
-58.414079,50,91298.027844
-38.989267,44,91312.412611
-26.960963,51,91329.082276
-45.760945,39,91341.723841
-84.130465,42,91355.380569
-42.237479,41,91368.745007
-19.846387,70,91390.909062
32.394561,75,91415.199323
-116.453885,33,91426.290494
-14.415582,44,91440.893804
-56.486475,38,91454.273907
-19.494151,66,91475.482036
-75.505468,33,91486.28287
-48.274984,37,91497.889121
-63.426639,46,91512.861727
-62.666222,37,91524.693511
-43.793711,58,91543.182473
-19.65846,52,91559.682544
-31.917806,50,91575.856245
-151.59755,26,91584.309362
-64.207152,43,91598.203877
-75.892987,41,91611.627681
-120.78328,32,91621.868449
-90.480329,47,91636.988278
-25.493367,71,91660.032503
-135.368506,30,91669.392893
13.558681,67,91691.520633
-69.262972,45,91706.1411
-164.98293,29,91715.252906
57.583993,78,91740.714979
3.345772,63,91762.032906
18.027453,60,91781.484717
-75.180583,40,91794.543127
-20.298677,45,91808.916597
-23.743034,55,91826.872135
-75.193921,36,91838.262235
-5.482991,55,91855.611926
-98.236272,34,91867.110498
37.777389,68,91888.724746
-56.366485,44,91902.989271
-36.393891,48,91918.424257
16.521015,68,91940.707333
-9.705357,44,91954.514033
-70.25298,58,91972.822577
-32.707792,54,91990.072033
14.172721,54,92007.974349
-6.900384,57,92026.748233
-63.17995,36,92038.336084
-13.359941,48,92054.613159
-42.809527,42,92068.335464
-70.079174,35,92079.58567
8.945428,69,92102.042778
-97.200223,41,92115.481467
-12.036659,57,92134.038811
-50.818925,44,92148.485729
-64.525972,46,92162.832997
-71.498531,39,92175.634412
-62.264088,40,92189.129091
7.871756,63,92209.842654
10.986593,61,92229.706309
-118.507291,40,92243.138428
-49.88939,39,92255.352055
-58.065137,43,92269.384587
-96.362179,33,92280.284409
-51.198128,49,92295.986891
-92.680834,28,92304.988203
-10.045052,50,92320.998557
-51.052764,44,92335.790637
-25.614727,54,92353.799115
-18.480269,68,92375.831479
-47.676408,43,92389.796066
-39.63567,59,92409.081284
-112.66736,34,92420.291341
-101.910545,41,92433.91357
-81.626305,41,92447.105876
49.511088,79,92472.695006
-46.674776,36,92483.968793
-25.264078,54,92501.267289
-29.938581,40,92514.120643
-60.378868,38,92526.517144
-18.802764,62,92546.263402
79.87717,76,92570.986714
-31.287483,39,92583.439602
-73.864392,32,92594.092132
-24.960037,54,92611.493254
-6.535526,55,92629.926022
-35.023091,71,92653.593129
-8.683867,54,92671.285367
105.69432,95,92701.717989
-59.39491,35,92713.052474
5.122143,81,92738.927148
-19.457858,57,92757.444221
-105.55731,37,92769.370312
-31.663451,51,92785.682156
-49.083169,47,92800.597784
-13.945228,47,92815.627935
-66.57449,48,92831.190197
-57.436386,38,92843.397803
-14.276847,50,92859.878562
-78.453767,48,92875.280476
2.572721,59,92894.458365
-43.589811,58,92913.398648
6.06092,64,92933.579641
-86.386712,62,92955.295991
27.523096,63,92977.496236
-31.072263,48,92993.057724
-58.200723,58,93012.219374
-36.493702,40,93024.789266
-65.513984,36,93036.594963
1.458757,78,93061.998503
-55.811584,39,93074.994386
-16.176925,52,93091.909226
-28.344403,49,93107.682364
-9.902905,52,93124.559097
-21.739267,45,93139.280041
-83.741446,39,93151.629159
-121.293239,43,93165.416061
-12.8339,52,93182.016298
-71.507284,44,93196.345158
-36.455942,38,93208.810906
-52.282071,42,93221.934648
-25.693781,55,93240.203534
7.327649,61,93260.023933
-24.475932,51,93276.475096
-35.75264,45,93291.411993
42.559444,61,93310.845307
73.745241,79,93336.382946
-47.327147,51,93352.528901
-63.204477,45,93367.028867
-34.733814,44,93381.215549
-75.969073,51,93397.630936
-52.082238,40,93410.197634
108.544564,92,93440.187617
-14.442321,48,93455.361548
43.999097,73,93479.111833
25.712757,73,93501.898157
-39.207327,54,93519.334928
61.56684,74,93543.60166
-34.681629,61,93563.051578
-21.72182,54,93580.326353
-39.851221,49,93595.813035
1.475981,58,93614.702054
78.504554,86,93642.194149
-47.606928,52,93659.073869
-44.45632,43,93672.901041
-45.722555,44,93687.155026
-143.694092,41,93700.441285
-68.701302,32,93710.566123
-9.882024,51,93727.143898
16.323217,71,93749.944539
-19.024162,57,93768.640039
4.990271,58,93786.96485
44.239204,68,93808.796961
13.223642,69,93830.956706
-50.819153,37,93842.828553
27.737124,66,93864.421557
94.423354,84,93892.087069
-0.318779,55,93909.640424
-21.634773,51,93926.495648
-72.170056,39,93938.790907
-10.442841,72,93962.632026
113.492611,83,93989.695574
-45.788973,56,94247.573643
-64.377912,35,94258.697044
92.603658,83,94286.195025
49.221944,67,94307.754309
55.489003,78,94333.172346
21.594335,71,94355.874378
-117.988447,51,94372.360455
42.706069,70,94395.353781
-2.933608,59,94413.530407
206.2893,119,94452.52684
62.884762,74,94477.172275
64.819726,78,94502.885566
-15.495383,54,94520.302353
15.49216,64,94540.882533
-70.752369,63,94560.996621
16.169265,59,94580.552891
-72.680276,36,94592.130064
134.104499,92,94623.2249
-33.739093,36,94635.007969
-25.18729,46,94649.84348
-173.901719,37,94661.881577
4.726843,65,94682.969486
20.058734,75,94707.885144
-2.52625,58,94726.002088
54.28498,80,94752.582634
38.868809,71,94776.003354
19.331083,61,94795.394753
7.686116,65,94816.503903
57.865247,76,94840.629054
40.490395,68,94862.36724
-14.777637,54,94880.120428
-28.823483,46,94894.672643
-67.220081,53,94911.825854
45.485934,74,94935.217747
-44.635835,43,94948.939879
12.380528,57,94967.800978
23.527191,65,94988.588823
-167.063739,30,94998.566961
-16.173008,49,95014.395838
-25.015263,46,95028.878243
169.964612,101,95064.580635
-44.435411,58,95083.237105
-2.864555,52,95100.122822
-91.898827,49,95116.04257
-57.153442,37,95128.040553
38.638911,65,95149.248291
69.571763,88,95177.409385
8.414894,57,95195.505485
0.92987,55,95213.80748
-2.72918,56,95232.300613
181.372943,117,95270.195888
-29.595924,49,95285.819882
-7.570674,53,95303.054614
-55.453252,34,95314.206199
-19.262284,66,95335.125755
-29.52477,46,95349.991857
0.894564,63,95370.118356
-31.80594,58,95388.487518
-23.669042,51,95405.358982
9.293025,67,95430.34399
69.866947,78,95461.007103
40.753224,69,95483.323565
-49.897894,45,95498.293679
-1.626924,66,95518.990441
5.390775,62,95539.204137
-20.89657,57,95557.385873
-51.570981,45,95572.112632
-32.52768,49,95587.441029
74.232214,89,95616.224727
14.233054,58,95635.087157
-9.650292,65,95656.737616
27.792674,64,95677.35147
230.523601,129,95719.936288
-5.144751,58,95737.857801
3.588524,61,95758.057032
-84.268299,36,95769.599449
-11.689143,54,95786.947242
-9.889898,56,95804.931772
0.849423,58,95823.899477
-5.062389,53,95840.928702
10.34501,66,95862.106467
98.119264,84,95889.196771
16.021993,64,95909.696301
23.726598,59,95928.66745
38.208384,70,95951.959984
37.618132,78,95977.168605
-12.778458,54,95994.982996
68.142446,87,96023.497243
5.884502,53,96040.286919
108.724034,89,96068.851226
25.779532,68,96090.363848
21.935445,67,96112.232776
-40.469103,49,96128.178229
82.365014,82,96155.298661
30.368291,57,96173.855863
40.747008,82,96200.315351
-12.520795,62,96220.225852
-60.740563,50,96236.489319
-45.445042,38,96248.721086
195.744739,108,96284.9943
35.146547,75,96308.907069
67.244569,78,96334.57592
5.730274,57,96352.82131
-36.20142,44,96367.211398
-58.112365,35,96378.458913
102.130513,97,96409.892118
60.290989,74,96434.2021
24.789152,71,96457.300028
141.763065,99,96488.991073
12.264369,59,96507.575532
116.539635,99,96539.598238
-30.084603,48,96555.831084
-21.89817,48,96571.73756
57.778029,73,96595.188067
48.518413,89,96625.278861
39.249832,69,96647.622206
-30.452798,60,96667.164125
11.960148,64,96688.382159
118.626559,97,96719.42529
-35.201754,49,96735.491042
29.395046,69,96757.746702
129.818693,92,96787.728538
25.369572,60,96807.08744
161.624021,103,96840.339567
-72.715537,53,96858.190813
154.977155,99,96890.957331
63.107916,77,96916.007981
81.537039,89,96944.281438
92.23958,96,97250.361259
126.493213,96,97281.683363
130.83916,89,97310.669786
5.577669,57,97328.995099
125.863254,88,97357.362308
47.406981,71,97380.36379
25.272822,59,97399.756406
-42.660494,51,97415.750963
6.634413,63,97435.68522
35.811567,63,97456.612503
99.983059,87,97485.831062
-40.883122,47,97500.825794
98.358622,85,97528.53764
3.791082,63,97549.011526
-14.756586,60,97568.194072
137.346493,102,97601.137213
-6.271876,57,97619.273195
-16.895718,54,97636.977967
26.185659,65,97658.140242
69.758523,71,97681.222679
94.409463,81,97707.382409
70.664573,80,97733.101009
158.533108,103,97768.404227
107.108627,117,97805.999777
-43.389037,43,97819.941369
28.339896,64,97840.738005
256.378746,126,97881.817823
18.9282,74,97904.979647
97.118661,83,97931.861595
-1.807633,51,97948.344102
119.570891,86,97976.007358
160.512754,101,98008.820834
14.936388,66,98030.32612
8.566025,55,98048.026855
153.0487,95,98079.723637
73.174025,82,98106.046793
-105.906541,39,98118.976015
44.976988,69,98141.647473
-60.529876,44,98156.477776
16.83048,62,98176.405067
70.383445,77,98201.702181
8.263822,56,98219.519465
136.040523,100,98251.88638
18.910271,61,98271.441586
68.029268,79,98297.213732
-14.549965,53,98314.547395
60.188178,70,98336.999028
-19.574632,48,98352.482538
-34.165435,46,98367.547014
27.40829,72,98390.732444
-42.102251,46,98405.634647
-25.486499,45,98420.524696
144.521067,89,98449.079906
6.558269,51,98465.799078
27.517863,76,98489.667681
28.461884,69,98511.579313
-0.994986,58,98530.392226
99.117897,94,98560.737537
0.848125,53,98577.386322
-31.550278,46,98592.811563
41.084372,87,98621.186058
45.356345,66,98642.239697
-39.937099,50,98658.972109
200.502696,107,98693.748118
91.831182,87,98722.150512
3.901879,60,98741.437439
65.927756,83,98767.957313
18.092536,59,98786.942405
52.11314,73,98810.361144
7.918806,58,98829.384901
59.912871,75,98853.681028
88.634205,88,98881.200862
-34.887771,41,98894.294539
156.842495,112,98930.396347
82.15416,89,98959.488454
-43.807685,44,98973.667434
45.9747,68,98996.084554
-8.9942,54,99014.403521
-5.881332,55,99031.816134
183.033789,115,99069.232631
-35.344729,41,99083.155939
-45.321112,55,99100.856074
10.6701,71,99123.944801
-26.178161,46,99139.383701
-40.613522,49,99155.235367
-19.700993,44,99168.97264
168.430727,110,99204.639225
15.980039,70,99227.371747
121.780192,87,99256.599891
-29.058842,45,99272.510244
49.97067,69,99295.646424
-104.644082,26,99303.975604
9.357276,60,99323.521209
176.537,108,99357.948162
-7.01979,71,99380.491314
-14.812841,58,99398.873616
169.465219,100,99431.356015
74.387715,82,99457.285764
239.874838,120,99496.833047
96.536429,82,99523.001132
240.892766,125,99563.344537
159.047574,102,99596.721792
72.435122,76,99620.60453
-20.080765,55,99638.502737
138.128607,92,99668.287276
55.063738,75,99692.388357
45.590864,69,99714.239631
26.841997,70,99736.895575
54.9888,78,99761.74623
-31.900309,39,99774.068391
224.480155,138,99818.931868
313.037982,153,99869.375162
30.496204,66,99891.857596
143.281399,105,99926.116405
110.697731,85,100194.454196
25.461497,71,100219.079114
-31.180163,50,100235.897002
109.182275,81,100262.087987
90.940545,93,100291.999947
208.549132,107,100326.476368
67.41785,90,100355.682188
36.980897,74,100379.157784
69.462375,79,100404.507214
4.032033,51,100420.73796
243.660852,133,100465.683988
-6.100082,66,100487.356533
-53.676989,36,100498.92933
-66.858971,42,100512.829226
112.7781,99,100545.057302
71.881484,80,100571.011051
22.455065,63,100591.119697
209.015836,116,100628.495271
-17.086625,51,100645.188102
-37.005504,56,100662.672205
128.744223,93,100692.963414
70.126697,71,100715.743166
338.72544,153,100765.698524
27.890186,65,100787.05961
-24.382106,66,100807.933365
125.913516,98,100839.958461
122.593601,101,100872.814354
-39.54897,42,100886.777411
35.322526,69,100909.034354
149.846156,102,100942.422132
66.242798,81,100968.565834
20.708001,61,100987.914317
-87.218054,50,101004.118836
51.811034,75,101028.3634
67.045,74,101052.72522
2.768862,58,101072.431991
57.941895,88,101100.332961
301.916109,133,101144.782826
121.044061,92,101176.49989
22.618056,60,101195.399438
0.921003,59,101214.486719
-0.876833,53,101231.407646
424.243481,176,101288.160964
54.000873,70,101310.738008
83.945591,83,101337.814283
-24.188119,58,101360.168854
178.289839,110,101395.755577
-1.800639,53,101413.083354
181.193578,102,101447.110434
2.029806,59,101466.001383
198.416245,119,101504.358763
-17.508264,48,101519.949591
153.522048,95,101551.567832
46.962789,78,101576.215869
6.111819,56,101594.597874
-26.493228,45,101609.377486
118.210271,91,101638.844978
67.062903,96,101670.733152
45.651258,71,101693.527163
58.112483,78,101719.149195
93.382703,84,101746.743927
201.861278,118,101785.121292
129.762226,94,101815.456289
52.104704,70,101838.682085
10.682703,66,101859.735018
7.852283,64,101880.120854
-7.867358,53,101896.898803
112.278183,89,101925.941945
55.157015,71,101948.52236
-46.821137,37,101960.835177
78.934375,91,101990.110476
-23.047365,42,102003.520947
98.346354,90,102032.990771
442.478098,169,102088.827747
-60.429245,44,102103.028043
735.146933,226,102176.454336
190.216997,106,102210.922074
68.684231,76,102235.523496
-63.012159,42,102249.044633
210.085868,117,102287.923991
28.497274,73,102312.011935
44.519462,71,102334.919742
118.694141,94,102365.508708
184.358016,116,102402.912413
-7.123375,61,102422.405581
54.982944,69,102445.087324
-11.544415,48,102460.623564
240.170693,136,102504.250637
70.415762,80,102530.148328
142.700187,103,102563.610071
120.247093,94,102594.361069
4.333407,66,102617.381856
70.579995,76,102642.517733
106.492581,88,102670.261976
18.127138,66,102691.779526
37.201175,63,102711.538608
-25.412054,54,102729.231287
43.805661,64,102750.70132
74.125448,84,102778.020864
-16.79245,46,102792.417117
297.119186,140,102837.955065
31.501102,83,102865.975345
316.908173,140,103179.566231
152.313879,101,103212.291232
48.294686,70,103235.2127
264.757756,144,103281.552331
-37.751606,41,103294.628125
113.531377,105,103328.241201
44.388077,85,103355.25933
132.345925,104,103388.854315
80.052737,82,103415.405633
18.455329,74,103439.508712
407.874789,155,103493.924183
223.089336,124,103535.04441
16.577072,74,103558.755123
-8.470389,51,103575.485977
140.210976,88,103604.773113
82.826378,84,103632.121253
-8.659413,52,103648.900998
152.844194,104,103682.740802
113.075111,98,103715.163713
57.758551,72,103738.275701
311.077803,142,103784.954988
76.038142,82,103811.030801
42.527179,73,103835.566064
75.747406,88,103863.336475
181.477486,115,103900.523509
6.2205,61,103920.236359
-12.641536,53,103937.857172
154.040269,99,103969.419122
162.884687,105,104003.000718
198.155164,126,104044.201854
98.616368,95,104075.273949
41.299554,80,104100.981558
87.502818,90,104129.637431
15.180728,64,104150.170759
58.190335,87,104178.950229
-57.199535,30,104188.560578
104.600346,93,104223.509234
254.759708,133,104271.177909
-39.467849,60,104290.188999
86.540219,80,104315.938366
308.011937,144,104362.804268
22.757334,63,104383.604798
69.38098,100,104416.445568
3.107319,68,104438.313579
131.438709,101,104471.086161
54.288369,72,104494.275266
81.413824,79,104521.292257
125.590813,97,104554.044055
663.812204,206,104620.395951
278.921763,117,104664.540982
102.181822,88,104696.491339
64.511826,74,104726.13115
-7.488773,46,104741.780891
100.862858,88,104770.665848
156.724807,112,104807.245575
196.462695,109,104843.135416
758.00518,228,104916.247705
9.213688,63,104936.805537
102.558867,93,104967.359619
27.504245,61,104986.804862
84.644186,86,105014.705757
69.560651,75,105039.104089
59.286781,98,105070.485986
31.283819,63,105090.579357
119.088065,102,105123.829125
225.237702,117,105161.866855
-45.276493,61,105182.050341
45.893772,72,105205.168454
81.562983,78,105229.980255
230.925227,126,105272.128051
535.653674,196,105335.044744
49.041524,69,105356.835398
233.431877,126,105397.400707
-38.634366,50,105413.514544
377.486152,148,105461.674996
21.733749,61,105481.135816
241.412012,125,105520.953687
87.704093,99,105553.571241
51.06744,86,105584.014811
325.284976,146,105630.636438
105.340251,88,105659.083855
247.739199,116,105696.534427
-13.579802,76,105720.988477
235.539178,127,105761.62759
480.747701,173,105816.766261
197.823849,102,105849.574101
354.114539,164,106225.596212
-34.449832,48,106241.253058
116.437534,84,106267.85721
264.513371,127,106309.380032
28.427816,65,106329.950355
96.494512,87,106358.152205
100.975755,92,106386.821006
46.791132,74,106411.359461
54.075866,73,106434.606921
250.983423,130,106477.60971
110.749664,86,106505.520555
285.433091,133,106548.37177
102.8295,91,106577.667477
49.326628,68,106599.887866
5.988324,55,106617.646123
164.120625,104,106651.424254
-11.397828,50,106667.579057
66.091404,80,106692.987966
212.413484,122,106732.176499
405.248035,164,106785.474946
124.432435,92,106815.506495
62.222502,75,106839.915336
147.580639,95,106870.479407
136.308692,110,106905.616196
107.165156,89,106934.906922
78.703465,79,106960.379197
49.921979,91,106989.912827
66.02624,86,107017.932626
23.948034,74,107041.555034
194.42912,119,107081.467473
294.481832,151,107129.966994
-0.669615,65,107151.055754
94.566021,89,107179.270683
172.182284,124,107219.055304
139.933276,100,107251.292719
36.805529,66,107271.97791
-34.312798,55,107289.350064
195.285945,115,107326.688192
36.343028,69,107349.844763
125.05544,92,107379.783651
88.561835,95,107410.234987
503.173221,183,107469.408612
267.702317,114,107505.014029
27.95018,69,107527.937453
93.706444,97,107558.483028
209.70776,119,107596.843736
274.817332,137,107641.293782
77.870632,74,107668.287597
316.249497,144,107718.36554
25.723929,59,107739.006837
271.520221,141,107786.999665
13.91233,78,107813.867518
83.036189,85,107842.995842
217.020028,116,107880.093859
111.6175,102,107913.295612
14.975759,63,107933.204071
36.549638,74,107957.498672
131.532409,97,107988.610269
21.808195,77,108013.202634
88.307249,82,108039.587186
16.485506,67,108060.029904
91.850462,81,108086.091161
45.310078,82,108112.251991
219.155819,125,108152.618794
443.690814,173,108207.813672
16.387587,63,108228.190536
-101.906313,42,108241.657679
175.8628,104,108276.17726
2.624504,53,108293.360867
400.919272,160,108345.42831
305.935682,141,108390.912284
61.597499,76,108415.143719
281.269549,127,108456.579475
285.128263,134,108499.104972
-3.104706,58,108517.564557
121.400937,92,108546.88156
73.301489,86,108574.558351
204.673839,127,108615.203626
-10.95606,59,108633.967964
0.247869,61,108653.797316
128.433808,95,108683.818983
78.165746,88,108712.384311
154.348644,109,108746.802535
58.532752,77,108771.226809
-15.000301,56,108789.634749
54.571792,85,108817.118569
200.848698,133,108859.990917
207.664777,130,108902.251358
-132.033092,42,109240.724507
361.686755,157,109291.914564
133.554419,102,109325.192712
214.400477,116,109362.857356
73.336245,83,109390.311629
236.119281,129,109431.326694
38.229245,69,109454.924744
158.54347,103,109489.236729
371.97835,147,109536.753549
12.079325,68,109558.815735
184.693809,116,109596.764317
351.586867,152,109645.902305
98.452982,88,109673.999895
164.304194,98,109705.685812
146.2188,99,109737.365027
64.534213,70,109762.14828
-30.150266,54,109780.245402
-24.597938,53,109797.54942
605.322271,208,109865.567174
28.690574,71,109888.663577
163.809827,109,109922.836491
240.47664,122,109962.840928
77.912876,73,109985.850781
-37.940378,49,110001.994911
113.234794,92,110031.567205
119.287935,93,110062.962578
254.288538,137,110106.466474
208.506409,127,110147.379673
302.389693,146,110194.002758
78.417676,77,110218.403797
338.857351,143,110263.831063
82.53638,80,110290.078424
248.435863,126,110330.953655
200.300653,112,110367.411917
627.199802,207,110435.198583
160.870322,109,110470.431271
108.795142,88,110498.656566
191.395466,108,110532.909341
107.940107,96,110564.251913
531.422082,197,110627.876102
312.394438,143,110676.507534
542.8266,187,110736.75456
94.931311,90,110766.045692
115.455788,96,110797.123365
61.698948,87,110825.276186
164.483046,113,110862.212668
50.907905,78,110887.45729
-35.802339,42,110900.58325
172.254934,109,110935.441877
89.750011,87,110962.884681
83.980758,77,110987.375916
288.93976,145,111033.482088
25.528989,67,111054.661847
58.84136,78,111079.629679
47.881777,69,111101.76475
177.698185,102,111134.602217
-63.179192,39,111147.223019
82.665648,87,111175.243382
111.102545,92,111204.45606
-11.718852,51,111221.071762
-64.220031,32,111230.833036
11.414135,58,111250.707328
-27.146457,50,111267.47464
647.833813,211,111335.813646
67.460722,73,111358.905658
148.95056,110,111393.807582
78.028857,81,111419.816935
258.516042,134,111462.48645
75.238237,87,111490.483562
220.401554,118,111528.607857
162.646365,102,111561.646604
65.346211,71,111584.740804
-4.84731,52,111601.838407
148.860562,106,111636.238647
106.499231,88,111664.103498
71.784943,75,111688.048082
474.108485,183,111747.758536
57.920877,76,111772.283059
55.717156,81,111798.820417
-25.477836,65,111819.265714
431.923726,171,111878.215996
17.294347,57,111896.678412
388.6455,157,112359.928342
308.62248,143,112406.228693
576.654595,207,112474.123005
268.545744,130,112517.045365
58.393027,78,112542.674547
155.482594,111,112578.285816
104.231867,79,112603.332218
313.091574,143,112650.373638
575.963689,199,112714.311209
147.852223,98,112745.903619
88.344284,86,112773.763945
438.76391,169,112828.973326
378.268575,154,112878.685927
13.696518,65,112899.798017
125.713431,102,112932.033739
49.498656,72,112955.136673
119.188853,89,112983.673996
267.564288,126,113023.919552
322.271826,151,113074.223338
243.85341,133,113116.893553
397.913016,169,113171.757644
199.094897,107,113206.686453
84.154067,118,113244.866417
575.891993,193,113307.111181
43.444722,75,113330.882837
175.86437,110,113368.272048
233.438856,118,113406.542588
331.825568,150,113455.192606
257.376599,132,113497.188268
44.376754,69,113519.330493
123.122703,97,113550.49222
176.440736,107,113583.96036
50.288916,73,113607.247249
43.263167,71,113631.223307
40.04054,67,113653.177654
-67.270801,40,113667.586914
81.619072,93,113698.336197
65.044264,79,113722.921359
150.241558,110,113758.115839
188.274241,113,113794.348325
97.167289,86,113821.703628
67.288803,91,113851.214298
4.739731,65,113871.706472
75.572921,77,113896.908127
203.46906,122,113935.622133
12.749793,70,113959.927122
307.200742,148,114007.32736
309.274965,146,114054.508885
50.267317,75,114078.631412
240.441758,131,114119.315085
88.765159,74,114143.149128
445.090496,173,114198.557194
108.518126,83,114224.559388
66.970595,93,114254.621275
55.155229,60,114274.411283
215.323835,131,114316.184439
162.90191,112,114352.051092
465.096239,169,114407.145382
89.720621,97,114439.809444
136.820321,103,114472.335028
64.709816,76,114496.792528
162.787272,102,114529.569047
125.057385,93,114559.852293
55.092081,87,114587.732266
571.456223,203,114653.241715
48.898792,78,114677.903621
208.664029,119,114715.381721
249.214697,121,114754.844002
115.864394,100,114786.946286
39.727831,76,114811.461745
42.26034,79,114837.075621
140.649216,104,114871.34546
268.591893,129,114913.233785
475.681686,174,114968.599214
526.545196,192,115031.067595
85.725714,82,115449.772901
306.961831,145,115498.546417
572.085701,202,115563.793785
35.718573,72,115587.373487
981.279334,256,115670.179024
177.836578,124,115710.016376
319.365942,136,115754.574646
118.906129,99,115785.505643
154.16262,109,115821.004251
202.825952,121,115859.475348
43.572828,72,115883.579141
453.006603,174,115939.471653
47.21114,75,115963.01668
-42.950544,60,115981.717144
-28.848044,56,116000.370926
220.507601,123,116039.573102
318.60684,149,116089.894553
459.822691,189,116149.704748
181.350992,118,116188.154851
65.051759,78,116212.513263
118.6821,92,116242.787377
417.769504,164,116295.146293
350.249755,141,116339.155351
85.843197,75,116363.808467
94.797442,88,116391.677189
480.155683,173,116446.516635
177.992194,115,116484.175909
302.012033,140,116529.720231
350.478603,148,116577.379378
217.848974,128,116618.813793
231.700271,129,116661.138773
1293.771883,310,116761.267035
165.24656,108,116795.878226
116.380306,99,116827.400148
53.3123,72,116850.30083
171.435256,116,116887.940862
376.596815,153,116937.208882
173.999156,107,116971.261909
109.060664,81,116997.137921
775.154934,211,117065.824793
205.202825,128,117107.504385
134.521306,98,117139.051182
246.643879,124,117179.673003
96.852526,91,117208.069549
182.841293,114,117245.288351
249.093894,120,117284.904084
74.747944,82,117310.877671
59.645772,86,117338.26695
373.752318,154,117389.528775
13.574158,63,117409.785569
194.031333,117,117447.436442
159.828577,113,117483.516266
391.567051,164,117536.146729
529.710356,185,117597.663077
74.741974,78,117623.328251
-20.592493,56,117641.521137
235.123916,135,117684.605348
180.875048,119,117721.748793
350.01176,148,117769.264215
72.059144,86,117796.494018
272.860645,131,117837.741918
178.520093,123,117878.58785
296.296277,136,117923.083565
442.649135,165,117976.593651
138.553206,104,118010.030375
394.44595,160,118061.589068
316.05406,165,118113.664438
555.106544,196,118668.12439
102.389842,114,118704.40228
166.874432,109,118738.752277
92.184256,85,118766.597155
-57.283599,57,118784.791526
224.832875,132,118828.626612
248.955697,131,118870.528782
839.207773,238,118946.135128
75.222987,91,118975.515484
788.115435,215,119045.142964
143.723544,103,119079.775112
798.582107,248,119158.970962
122.685001,114,119195.486662
678.835761,211,119264.332894
251.244261,133,119307.290905
24.13102,65,119328.285337
362.947463,167,119380.988533
58.98736,76,119405.521596
406.662229,173,119461.202511
43.694915,83,119487.787892
215.999372,113,119525.678076
888.255435,257,119608.143737
105.220518,92,119638.390843
532.637973,201,119703.826031
180.34209,107,119739.001567
-36.331774,58,119757.430276
89.920814,89,119786.567972
425.960078,172,119841.840318
54.003709,67,119863.70717
75.99415,68,119885.304052
157.736579,105,119918.09604
437.250975,174,119974.306207
267.025172,128,120015.458044
130.121213,97,120046.224311
554.934038,191,120107.873216
3.436382,69,120129.874758
414.733295,172,120184.478769
85.858368,81,120210.963319
107.790208,100,120243.57132
139.784191,99,120277.023484
208.512071,127,120317.71146
334.540342,146,120364.615454
142.853774,103,120397.785058
625.508658,222,120468.480082
782.899662,242,120546.862089
-4.087077,59,120566.017779
464.485703,171,120621.0153
152.136381,108,120655.642296
239.730388,123,120695.224581
32.842865,61,120714.9244
349.432015,158,120768.748924
310.02417,144,120817.137406
190.002547,125,120861.774369
192.924122,120,120904.097735
326.863884,148,120953.348564
392.834537,165,121006.485788
114.034913,95,121037.62992
293.318405,140,121082.394478
84.018105,87,121110.491724
310.001225,136,121155.553885
26.471465,83,121181.965978
97.017278,94,121212.264256
521.051052,186,121272.071344
141.723322,101,121303.776961
196.963571,118,122007.369042
130.636603,96,122038.88412
1560.594912,351,122155.727002
77.395652,81,122182.624413
211.441611,123,122222.454001
152.422745,101,122255.083243
45.197115,61,122274.056417
-14.424363,48,122289.573141
127.03848,97,122320.707785
306.156237,151,122373.053198
310.729915,136,122417.104605
793.638843,235,122493.39089
473.384622,171,122549.363872
642.117809,215,122617.923515
106.346545,88,122646.747316
-6.53798,56,122665.97475
353.297834,149,122713.737417
789.537253,240,122790.191374
187.460348,118,122827.806477
375.111444,148,122876.338874
793.130046,233,122955.749283
18.801907,55,122981.074031
39.823755,75,123010.191048
608.118769,212,123092.160473
184.872881,125,123140.53293
769.544786,231,123229.01628
49.779412,74,123258.251076
103.62788,99,123298.115998
774.890407,226,123385.309397
91.53471,91,123419.689576
93.837506,80,123449.487596
65.680161,80,123480.988068
453.909419,177,123547.2313
300.179058,141,123602.330575
178.775118,122,123647.958846
317.539964,150,123704.463977
-1.464779,58,123726.538392
508.334991,192,123800.358429
793.936346,239,123892.642161
5.839981,60,123915.641444
1163.613376,297,124029.896067
111.721149,100,124068.219704
395.271052,157,124129.574105
253.52491,138,124182.840288
608.489448,196,124258.147223
139.107511,109,124300.766525
355.783883,160,124362.302479
88.127618,98,124399.248014
228.866179,119,124446.762278
699.462927,227,124544.668865
337.398934,154,124604.631476
280.80265,132,124653.566073
1188.93981,307,124770.380894
52.012117,82,124801.649296
374.931864,158,124861.549239
95.997292,86,124894.168195
217.939154,119,124940.595509
451.400558,178,125007.809117
75.277884,82,125643.254949
162.975274,116,125687.610617
13.014817,71,125715.13268
125.197467,112,125758.953122
1025.425128,274,125864.213135
313.801007,157,125924.747491
324.04315,146,125978.706652
970.895232,262,126079.514481
329.782841,145,126134.346815
191.113413,122,126181.913965
213.323258,123,126228.666633
480.09437,177,126294.988047
29.35581,66,126320.686734
114.10776,88,126354.85152
86.740994,87,126388.470176
1483.564902,333,126515.909238
360.451598,151,126573.093189
1385.576855,328,126698.820452
160.43527,107,126740.247961
186.583266,120,126782.314109
1167.816885,293,126894.576129
110.302803,92,126929.927011
1198.650013,279,127036.685019
478.672403,178,127105.697853
242.389481,127,127154.056852
5.185188,54,127175.711529
166.750048,112,127219.589984
277.025839,136,127272.113463
783.026453,236,127363.259098
26.974127,64,127387.678724
256.812434,130,127465.536475
630.926553,216,127567.105149
434.586549,159,127629.037365
434.929038,166,127692.764324
190.136537,127,127740.335165
480.159922,166,127804.255405
989.2708,277,127909.030974
482.977608,184,127978.57609
88.915712,93,128014.490193
346.355256,145,128068.828813
149.993053,98,128107.182921
552.638271,193,128181.506004
1086.501194,275,128288.507863
260.963455,132,128339.667542
298.421847,142,128393.87197
870.592371,259,128494.604639
853.78943,234,128586.525565
820.632531,248,128680.348391
151.550673,105,128723.155341
281.008582,147,128781.389227
383.574886,177,128850.721792
139.644345,102,129599.036103
653.900105,211,129680.595133
308.617205,135,129732.711543
308.298803,138,129786.797327
86.936504,96,129823.695605
568.845699,202,129900.634811
584.783011,204,129980.783881
843.039027,265,130086.78921
1369.48377,319,130208.787854
478.86048,190,130282.060792
963.324924,262,130383.565976
424.120369,171,130446.782353
52.951295,70,130473.606418
406.950806,166,130538.456488
1131.790125,294,130651.268677
1033.568237,279,130759.208474
52.671013,82,130791.802001
379.60515,168,130857.134161
-72.697205,49,130875.955649
490.710274,183,130948.040007
644.847027,212,131029.777025
255.808042,140,131081.060226
44.678332,71,131108.34194
236.925133,132,131159.818617
467.889478,180,131230.037083
180.46649,121,131277.558369
158.681524,109,131320.469923
235.239902,129,131370.872719
143.443039,101,131410.141479
268.731899,128,131458.089814
160.123239,104,131498.028975
701.421406,218,131583.47646
371.98292,160,131644.763923
593.557715,196,131719.620138
462.925365,168,131785.260163
494.463583,185,131857.566119
386.0474,156,131918.82788
199.956733,125,131966.621615
629.848452,218,132049.905336
104.652474,94,132085.658413
454.631503,182,132156.70597
996.686011,251,132254.973162
391.96792,170,132319.514462
734.517732,223,132406.965618
96.958913,93,132442.832151
711.434347,228,132530.374583
308.297163,149,132587.796144
534.777847,190,132660.350694
176.8504,103,132700.552978
621.088267,200,132777.422721
918.067163,261,133759.690197
918.686863,255,133859.305262
173.933082,122,133908.166437
165.440296,109,133951.277675
131.184587,94,133987.034644
97.703676,90,134021.946691
79.79971,80,134051.302385
189.731352,118,134095.961892
312.257168,147,134153.473244
10.839287,63,134176.718038
62.268153,88,134209.401121
1647.353419,359,134347.625002
733.225669,208,134429.259125
-0.176334,79,134459.410573
312.097739,150,134517.672952
1186.157926,298,134631.346169
212.861089,122,134679.362297
201.90888,110,134721.260172
1037.568769,249,134817.525894
197.257398,108,134859.818047
156.188832,99,134896.537126
193.36064,119,134943.217985
261.761349,130,134994.045899
232.930564,130,135042.894623
629.386321,207,135121.853325
791.10632,231,135211.926031
124.579218,95,135247.654727
474.765732,172,135311.9122
87.372434,88,135345.265919
278.760175,137,135397.131785
54.947818,76,135427.771152
737.954656,204,135504.214021
198.957178,103,135544.439911
71.029382,88,135577.904975
261.059873,121,135624.462406
123.630545,101,135663.820827
174.844509,108,135703.726573
1599.760861,330,135832.125962
598.417675,204,135909.393984
143.959017,105,135949.926171
22.976376,73,135977.298778
671.073228,213,136060.702827
67.911074,73,136088.531742
953.126414,255,136188.041465
165.394841,117,136233.403414
14.172287,86,136264.935866
93.326835,86,136297.921321
-20.7731,62,136322.678309
200.102597,133,136374.197182
478.752659,176,136442.818714
303.674463,144,136497.647792
973.887816,272,136602.075584
205.49233,116,136646.39458
548.683623,205,136725.194333
357.206193,163,136787.251051
41.647546,81,136818.689625
446.781288,188,136890.184798
960.596401,263,138038.29135
149.070002,124,138086.21078
26.35738,66,138111.269109
247.200888,122,138157.835504
339.347567,147,138215.170881
133.838627,92,138251.271463
269.13805,140,138305.61559
856.000528,248,138400.667881
360.431608,154,138458.881288
56.378991,71,138485.855966
121.083515,109,138527.14863
1069.576614,271,138629.596544
340.626135,166,138693.039867
88.902244,78,138724.495908
189.09864,106,138765.196168
429.147327,178,138834.631715
495.704214,174,138899.543173
863.039344,256,139002.834965
537.656577,191,139076.608514
80.296215,88,139109.07405
1217.953126,295,139222.695389
403.562503,160,139285.359888
816.991893,237,139378.346314
660.948985,212,139459.893323
-13.174474,71,139486.674568
402.011458,158,139548.462167
751.394247,221,139634.116413
93.066045,106,139673.641241
761.13892,215,139755.045481
1499.487349,328,139882.307339
492.449776,180,139952.893178
218.484714,129,140001.934742
419.439363,179,140070.190802
86.574158,94,140106.450316
818.927497,239,140198.910483
156.91165,106,140239.910643
-91.609426,49,140259.372318
686.38683,220,140344.841513
935.317735,264,140446.180499
181.30091,117,140492.576435
257.308749,142,140546.905676
-3.020142,70,140574.148873
126.312986,98,140611.235452
327.536032,152,140667.654047
507.006766,190,140741.65043
377.354411,155,140801.203901
58.524794,79,140831.456823
3.797969,72,140858.527158
76.464204,80,140888.788979
945.835874,254,140988.599364
1266.190431,295,141100.533802
160.873913,133,141924.05953
200.750607,118,141970.983868
271.875739,143,142026.067679
965.453613,252,142125.368734
315.109944,148,142182.140345
244.354709,127,142230.326761
1078.320105,263,142333.642333
301.281922,140,142389.317426
867.820591,251,142484.64836
468.553884,183,142555.475434
88.58338,87,142588.417483
2323.27972,428,142753.259449
1148.10015,296,142867.34792
1095.76712,285,142977.081548
1055.045754,274,143080.828397
-86.706002,44,143096.885698
685.839502,212,143178.0866
179.284004,123,143224.364452
138.165671,95,143261.163297
540.931589,194,143335.445228
142.12035,100,143373.368922
-1.539486,69,143400.547441
76.187507,85,143434.893185
997.506662,263,143536.066491
700.135874,214,143619.28417
134.796044,99,143656.469411
1093.680347,268,143761.063858
290.972454,135,143812.410383
531.343408,181,143882.374686
751.546067,228,143970.359236
721.054742,218,144054.107099
291.772356,148,144111.74408
87.081983,87,144145.409032
303.199444,138,144197.697968
115.580559,114,144240.532572
-30.051751,69,144265.338604
464.643266,162,144328.771461
123.016344,91,144363.91165
1045.967594,263,144463.604485
1145.185591,289,144573.83731
344.895539,168,144638.505407
70.271647,81,144669.941164
402.903564,174,144735.920974
323.964261,155,144795.985896
1251.546063,298,144911.890305
257.581726,131,144962.673627
387.089259,159,145024.530782
559.228211,199,145099.709106
152.543626,108,146060.695282
1760.698922,370,146204.979319
1059.006998,275,146312.39964
-20.073579,72,146340.27248
137.911679,97,146376.729372
176.387471,121,146423.203071
167.016294,114,146466.704219
734.515492,242,146558.635221
667.429998,211,146639.502344
557.166209,202,146715.576056
1763.036615,360,146855.520129
32.135363,67,146880.676984
179.472532,109,146923.133604
77.794507,85,146955.58099
-49.146361,36,146969.226862
1113.677409,280,147076.482173
419.369179,167,147141.570009
353.774399,152,147199.484358
1292.860109,307,147318.326686
1033.35951,266,147421.467531
103.819299,96,147458.582089
696.436663,224,147545.041383
2990.87009,455,147719.817963
1109.725555,285,147828.361281
812.774139,232,147915.558939
211.343959,134,147966.26291
1661.535781,354,148101.843431
878.465703,253,148197.685928
1361.265025,315,148316.830722
159.365844,112,148360.814918
539.235293,178,148430.089978
1322.93505,306,148547.750193
59.452914,83,148579.199104
281.570158,151,148635.567011
658.867795,214,148717.19933
2376.320188,433,148885.675414
77.005042,88,148920.297482
609.580423,211,149003.233231
2892.860843,427,149170.276661
1109.376096,286,150348.148148
1788.332039,358,150486.183955
306.237041,137,150540.854713
768.631744,232,150630.768918
331.748005,150,150689.881157
892.335333,257,150788.924317
357.391671,142,150843.855616
291.256845,135,150894.23712
1837.85307,364,151036.742044
1083.94071,277,151144.769166
1649.725288,354,151279.590516
480.166992,162,151342.917075
656.280071,210,151424.377952
223.942402,118,151468.701207
40.754185,90,151502.864723
285.871702,144,151557.25138
1715.464654,339,151687.539111
1051.157272,279,151793.169987
968.364723,262,151894.279706
333.345566,144,151949.802706
1335.42857,320,152071.792166
60.097127,88,152105.684201
358.165357,162,152167.371597
1315.630417,309,152294.501127
534.183697,186,152370.33092
797.913318,250,152469.062245
1197.663862,300,152587.45571
717.024232,214,152670.406513
684.663597,209,152752.0265
327.951388,151,152810.348442
679.133003,224,152897.305963
457.047364,189,152967.246334
960.319678,264,153068.691216
276.659476,142,153123.415598
1000.40835,260,153223.211382
655.05182,203,153300.078607
229.129026,168,153367.562874
130.060285,95,153402.115003
458.993822,172,153467.63242
434.859345,172,153533.210112
358.500328,160,154593.813868
70.446346,84,154627.255005
1527.852569,318,154750.724403
2037.653123,392,154900.781606
161.709674,121,154947.501726
34.046369,93,154982.777699
1066.305123,275,155101.772201
42.591377,83,155133.364642
-26.345785,46,155151.668629
617.074771,201,155230.607063
263.471739,133,155281.377101
409.691576,165,155345.587676
279.48582,134,155397.672549
286.941013,136,155448.718922
607.782125,204,155528.366956
148.640566,116,155574.461335
507.809854,174,155645.421734
320.498799,146,155710.471466
15.940335,76,155739.524707
1045.141461,280,155846.116371
-76.660671,68,155873.403845
1139.010374,286,155983.584621
892.581155,261,156083.362565
856.242299,255,156179.953314
1432.085648,327,156317.769584
1073.506337,278,156421.41048
195.584057,125,156470.286427
938.722056,254,156566.630026
184.419262,121,156613.048288
1031.531648,263,156715.311408
249.236162,128,156764.922141
398.361086,177,156832.277505
355.901441,148,156900.782077
2314.475924,427,157064.375351
264.588354,105,157104.472246
259.958946,155,157163.757486
768.359354,207,157244.031329
493.909007,183,157314.628091
332.29943,151,157373.09981
691.932062,212,157465.249483
472.19117,165,157528.699291
810.193543,224,157618.353181
496.792733,162,157681.935457
1147.612547,301,157798.347461
-89.945439,42,157814.719907
1699.165991,365,159204.854326
1543.828178,344,159352.378085
1111.241976,288,159464.378906
623.667763,205,159544.078601
960.052565,278,159652.932586
1579.783808,333,159785.188946
109.573946,100,159823.57282
18.148769,57,159849.661914
354.903222,151,159914.019621
-12.972782,56,159936.378232
926.116451,276,160044.183511
1649.318246,350,160181.401538
1253.235019,304,160296.87132
-37.338885,43,160312.454416
897.942762,253,160411.25778
1022.064014,274,160527.937404
623.188627,209,160610.0383
1214.576501,306,160728.801281
355.008151,158,160788.683016
665.262574,219,160873.216005
1907.383039,361,161012.909773
187.426328,113,161066.918342
222.309017,131,161117.839705
761.44186,237,161209.113028
611.340893,209,161288.63895
1298.62,288,161400.841947
105.444024,101,161439.28672
201.77895,123,161486.886861
905.116617,254,161584.950979
234.854175,133,161634.373531
1490.118467,317,161769.39876
270.613669,139,161823.121047
491.175302,191,161896.499113
68.9589,89,161931.575271
2365.439301,420,162095.397396
190.585422,123,162142.683651
395.522184,161,162204.266506
349.020148,178,162284.429741
77.247842,85,162316.595376
50.228152,78,162347.105407
224.290742,130,163525.449993
527.154133,201,163607.488839
1616.700521,355,163747.575793
776.256936,239,163838.467117
857.460898,239,163931.538548
329.737283,150,163991.281159
1086.858078,272,164107.363777
312.930751,148,164164.659149
1315.164143,302,164282.559059
1678.697236,348,164414.158732
492.158645,183,164485.200955
877.43471,248,164580.193674
1019.423494,263,164692.008094
28.218547,77,164721.639424
1501.119583,341,164854.878864
293.489187,142,164908.148311
387.226138,168,164973.22808
617.909746,210,165056.678139
1628.533589,345,165191.188334
146.280385,130,165239.192113
108.446101,92,165280.702564
397.562464,166,165348.885751
1695.18354,360,165476.493105
692.619805,207,165543.677107
367.191683,147,165591.038553
1272.759505,313,165694.83772
1099.914228,276,165784.96971
430.385546,171,165840.727576
887.937008,245,165921.760319
524.135589,194,166001.830674
738.062692,228,166077.067376
428.803454,182,166133.980538
1267.437993,303,166232.851429
334.608587,143,166290.200623
448.877052,183,166357.961426
1503.20072,324,166499.318819
160.798529,109,166542.11672
396.479122,171,166609.326666
634.863791,220,167761.620142
480.376931,179,167832.731521
580.149173,204,167912.299227
24.509635,59,167935.93882
111.004146,90,167971.718374
1199.932672,288,168086.60543
380.863417,169,168151.452804
677.855313,221,168237.978873
652.695459,206,168329.796046
101.632276,104,168369.940445
884.342257,250,168467.252321
740.098223,223,168553.280014
209.058521,113,168596.778325
291.609527,133,168648.467848
250.708993,153,168706.672991
174.573781,115,168751.564923
322.408896,149,168809.003094
335.189035,174,168885.080138
220.866845,109,168928.119208
512.606028,188,169002.385618
1176.464545,281,169110.501681
714.120695,230,169198.976285
1182.365892,292,169311.146344
654.207793,202,169387.117476
-11.671013,55,169407.996478
113.355382,97,169449.587298
2023.07352,398,169608.4937
421.023925,171,169674.454291
348.375081,169,169739.618737
1108.328818,278,169845.217931
906.105418,252,169943.547721
193.711276,128,169993.247943
1469.211033,331,170130.895009
23.348428,82,170162.474343
1652.760184,346,170295.153626
1165.654776,291,170409.150661
2097.019651,397,170563.904655
1468.695157,332,170700.406216
1749.081734,377,170846.58349
300.439742,139,170901.652713
354.250286,157,170961.958635
347.286784,145,172132.029249
205.337171,126,172181.319158
726.233336,215,172267.839436
653.782171,202,172346.768793
135.976776,111,172389.81233
951.772089,257,172501.706198
991.614243,273,172607.922559
1387.742025,288,172720.141683
111.533214,113,172763.112727
1473.82119,326,172891.619506
83.174769,82,172923.581028
1067.420321,279,173030.353035
216.617044,131,173092.70187
122.915047,115,173137.754398
296.837791,153,173197.729944
343.243832,154,173257.18549
1816.415861,375,173403.290338
190.720397,123,173450.338296
107.279154,97,173486.859616
937.210379,268,173590.874646
785.405876,239,173693.28674
1367.36363,311,173814.17449
57.781228,89,173849.45617
953.146353,272,173955.089147
401.625175,161,174016.266991
244.922792,120,174060.387052
115.118249,114,174104.057073
1015.413671,283,174215.091981
257.037073,122,174271.771144
2447.52646,403,174425.444279
2370.606483,424,174591.899633
276.297984,142,174645.436541
2497.596696,452,174818.531672
2350.382948,423,174997.168665
2761.316208,465,175175.434716
1015.842155,259,175275.597893
548.082607,194,175352.105718
448.443045,181,176462.668426
210.949626,118,176511.577682
763.306844,238,176603.248788
1724.473466,363,176754.05354
1251.786834,299,176872.375318
1422.949424,326,176998.808643
799.827958,245,177092.636537
1008.820499,275,177198.183618
939.092648,249,177307.104302
13.51958,64,177332.901304
208.476905,127,177381.454227
989.94111,265,177484.810431
264.18465,142,177538.158376
66.279107,79,177567.934278
199.131397,124,177616.174212
970.024308,265,177719.714186
2279.898505,423,177892.012264
895.982828,255,177990.366399
1309.91904,322,178113.184233
1069.079765,283,178223.178217
169.254383,105,178262.174354
916.870939,245,178358.177448
2507.599044,431,178534.988526
692.749849,208,178617.169374
1076.117691,278,178726.403296
297.774551,127,178776.506701
1184.669408,291,178891.866188
1548.32516,328,179017.777809
2007.649695,400,179186.880252
2551.940079,441,179358.427981
170.88075,114,179401.234282
1541.522929,335,179530.709924
1675.365321,358,179682.233243
1848.36405,371,181026.580078
151.046851,108,181068.364357
20.394097,68,181094.538596
1436.605426,329,181223.451303
1190.798409,278,181333.685342
252.713142,134,181386.443458
1156.190306,285,181506.107625
243.317892,140,181559.547647
1118.708388,285,181669.526305
1182.362342,270,181773.393869
828.707436,245,181872.905352
150.077045,104,181913.355263
887.992623,240,182007.424772
701.600647,214,182101.219741
1313.102055,318,182224.704215
1129.499074,280,182332.475339
607.011572,212,182411.939343
267.84336,136,182465.774881
807.059213,242,182559.486081
506.224976,180,182627.386732
108.781967,97,182674.864944
1173.657819,287,182785.969675
304.211084,137,182838.15521
-38.450241,53,182858.852725
107.11327,84,182890.384406
303.20463,150,182948.000576
1652.478551,355,183082.978057
205.472047,120,183130.539389
1543.153584,340,183271.211164
387.05165,162,183332.213398
689.497317,216,183415.638764
581.135263,197,183493.28816
1765.930718,356,183632.081569
1196.126269,300,183748.92497
628.004983,221,183833.477608
1797.717214,359,183983.378971
1824.564193,354,184122.386875
1029.562893,276,185276.706042
628.773503,207,185362.187205
1086.220632,277,185471.775367
1104.158391,288,185582.999312
453.977762,167,185660.205058
271.774816,157,185722.012053
1693.829906,361,185862.307634
219.467067,135,185914.351597
-43.450115,46,185931.925201
1160.161166,290,186043.719443
830.491936,237,186134.961833
2481.837345,400,186301.522473
249.451392,135,186354.226302
950.817638,275,186458.937644
393.652691,151,186517.866435
461.191894,174,186586.117009
750.133441,218,186671.004536
244.045748,140,186725.326779
545.202759,190,186799.689444
1074.098823,281,186917.567825
878.529674,257,187015.793435
396.856295,166,187081.024117
160.851437,111,187122.552694
412.327113,170,187187.43832
85.449786,100,187226.140992
841.189751,237,187317.202663
539.032412,167,187380.614247
1049.496708,277,187497.211091
20.926006,58,187519.262669
2767.54675,434,187689.553704
139.152549,94,187730.409288
1329.525355,315,187850.420408
273.766496,144,187905.295293
470.316985,181,187974.617568
324.747679,159,188034.58497
121.254833,103,188085.299201
30.052061,68,188110.853207
532.276039,185,188181.985973
1452.930885,327,188308.286319
2364.363356,430,188474.681859
192.911596,110,188518.820275
1233.311881,272,189747.14887
1207.722508,293,189863.346588
1234.646314,300,189980.928493
708.80831,229,190068.983235
1309.608212,311,190187.379634
20.768422,82,190217.452521
1336.257774,307,190337.802967
2010.971025,366,190480.378969
618.590039,221,190566.522352
355.67072,161,190631.442401
1605.573895,347,190767.334737
273.971329,142,190821.14209
2441.950107,438,190993.605572
2660.389936,426,191156.977456
407.59506,154,191216.046784
1015.024534,250,191313.259781
1119.250871,279,191421.019642
160.055543,107,191461.55026
307.525244,146,191517.657811
31.108808,81,191549.564507
325.721753,153,191607.460298
1448.937712,324,191730.89734
1384.96963,314,191852.724928
370.682743,156,191912.958584
1851.915274,379,192057.071418
534.726116,191,192131.042352
459.118943,195,192205.325038
1901.864145,391,192356.281285
2079.53424,404,192513.702637
336.598453,146,192569.539282
453.506806,181,192639.211211
680.37246,220,192723.662346
1308.798764,324,192845.750542
107.273461,115,194076.844309
1250.611052,312,194200.130271
2585.368861,444,194373.250825
259.043765,141,194427.014019
1779.88926,366,194567.558452
331.433069,147,194625.442337
1182.776,290,194737.499952
616.460017,209,194817.464877
438.236742,169,194882.263757
398.439697,180,194951.344214
2209.140202,416,195114.41872
888.387293,245,195209.680453
2099.443308,396,195363.090898
2215.599337,386,195514.486192
-29.355399,51,195533.520391
1842.786599,378,195675.722289
117.494912,99,195714.127831
497.592737,195,195789.498132
1189.009661,275,195894.229187
302.774124,146,195950.70306
-0.53405,64,195975.352897
506.273583,190,196049.278366
101.394498,93,196084.451854
416.306906,193,196157.569629
1586.745895,340,196290.190274
2155.380495,388,196439.579628
60.11663,77,196468.591341
335.041035,159,196529.83691
253.884019,144,196583.835838
571.302693,199,196661.947524
710.876806,219,196747.425024
2112.816423,405,196899.495856
1430.405835,326,197025.562735
809.086758,243,197118.729629
278.66279,139,197172.188583
451.655662,175,197241.213952
1125.180102,302,198582.631089
130.672703,114,198628.468531
504.139466,177,198695.588737
1850.23611,366,198838.854728
1137.699816,284,198945.313528
518.329372,185,199015.628075
-24.325489,98,199054.828754
85.078417,111,199099.536092
352.09144,157,199161.483668
780.671683,237,199255.901773
1073.249246,264,199359.727202
1466.135357,328,199486.601505
-13.647983,55,199508.319115
97.633075,90,199543.276518
1014.013035,266,199648.724629
712.20477,194,199725.512158
2456.679342,434,199892.071758
204.72274,127,199940.846541
460.161688,185,200012.041814
2625.008796,457,200187.264028
832.848183,257,200285.614823
1897.060223,391,200434.878538
103.665792,97,200472.862998
117.693664,104,200512.518228
1453.262605,322,200638.437086
1014.884096,264,200739.884928
185.602123,104,200781.275826
2051.777586,392,200932.166207
2010.462721,375,201076.876114
1706.423046,351,201212.297135
172.111987,121,201257.434948
949.304671,275,201364.602683
768.83648,220,201448.589219
72.914255,85,201481.496974
205.848981,121,201528.736518
1077.065986,273,201630.979914
1993.055308,385,203048.392631
1741.917913,372,203193.10997
283.472144,142,203248.105799
1550.433895,350,203383.766124
1264.479782,300,203498.561541
1106.342603,286,203609.071448
833.0099,237,203701.152687
714.683058,224,203787.918559
838.15191,244,203881.514605
175.862786,117,203926.9509
242.222139,115,203971.995463
100.614698,106,204012.915443
289.124273,137,204066.911629
-101.741159,42,204082.291019
2267.158193,374,204230.159196
468.256032,181,204297.782883
444.096174,173,204363.85302
1619.454212,345,204499.337561
1058.867081,274,204604.352114
527.890462,188,204677.59102
269.171888,123,204726.832013
592.418885,220,204809.27041
1074.360193,277,204914.235766
1072.131628,279,205020.590236
1912.71721,373,205164.989244
357.99583,155,205222.78109
494.761527,185,205294.567142
921.382451,256,205393.943046
931.998206,253,205490.386793
2335.860327,435,205659.806489
2000.405865,395,205813.011045
2141.387353,391,205963.529989
920.755996,256,206062.283115
412.466316,175,206128.948594
1529.882276,329,207466.983739
1468.414637,332,207594.624098
661.516468,216,207678.086234
2135.530326,396,207833.884373
467.866779,177,207899.633133
1218.847728,285,208011.559353
498.904187,168,208077.765542
616.613216,193,208153.23253
617.094712,207,208233.01808
1384.552996,322,208358.070811
972.494638,270,208461.115816
184.790374,118,208507.234205
671.906761,228,208595.080574
1162.556976,284,208705.869397
1194.005932,289,208817.31553
82.94091,86,208850.919397
2120.887893,391,209004.517662
598.477676,196,209078.803551
2004.918351,388,209226.782007
1829.220212,380,209373.019108
1760.486195,334,209500.575215
144.57287,98,209538.418369
700.068675,226,209627.054074
1716.511251,352,209765.193781
324.132718,142,209823.616613
-86.601873,38,209839.117016
383.129286,161,209907.946937
2555.818205,453,210083.782599
2599.872145,441,210256.57287
587.021598,210,210336.472054
1143.461482,289,210447.629815
2240.279374,397,210601.467372
1578.627138,332,211922.733601
1270.571852,291,212039.557291
550.4089,191,212112.858407
381.398897,160,212173.269644
2421.07694,441,212340.446064
2171.263664,417,212505.848785
1050.078783,273,212610.158358
1171.416838,281,212719.367939
1704.88593,353,212855.558665
275.612067,141,212909.807749
2532.06508,436,213077.510373
55.828614,69,213103.394648
194.485676,108,213143.561373
186.592938,108,213184.83796
330.682875,145,213241.266149
299.735483,144,213295.591025
980.309699,269,213399.416029
272.34519,132,213449.370749
221.101443,126,213497.100273
1662.998224,344,213631.32067
1294.344735,307,213748.744381
1179.049169,293,213859.799798
189.41466,125,213906.35501
2485.799982,448,214078.603428
491.145474,189,214152.399333
362.016191,154,214210.821542
873.150001,241,214303.334331
1965.147806,389,214452.978728
1441.715421,315,214572.73146
448.225484,186,214644.960185
1789.943755,373,214787.323338
1173.268024,299,214904.136147
846.84031,242,214997.8277
276.562203,136,215048.54503
1199.529916,292,216393.120823
1869.433541,383,216545.809702
1707.706817,357,216682.658744
-30.064354,52,216702.714982
122.357679,96,216739.367224
696.287949,229,216827.776685
1536.980425,330,216953.513318
573.845243,213,217033.32906
112.861206,96,217069.80476
1881.533027,366,217208.947444
991.767657,270,217314.636188
304.01586,143,217371.82862
485.435091,177,217439.129004
463.92092,184,217508.967881
283.369067,184,217578.009553
1519.351861,332,217705.930345
31.2258,74,217735.157237
675.250893,218,217818.788878
1346.995474,311,217939.666311
639.361994,221,218023.085156
217.000876,120,218069.187855
688.760861,201,218146.225394
1283.96543,285,218256.899293
2552.100224,419,218418.84352
1731.76045,367,218560.480613
1661.627219,359,218697.566979
1601.493529,349,218828.895968
3291.848149,456,219005.232815
1693.481517,352,219143.035295
485.901506,166,219207.191696
925.875117,257,219304.776005
2005.326664,391,219455.342079
895.980534,244,220691.26417
985.155815,253,220795.902311
1155.78012,297,220914.724728
2357.581479,425,221079.976063
2359.220244,428,221245.148584
2539.280765,447,221414.460423
1758.434179,362,221555.844316
1188.823911,301,221669.58671
2638.307188,447,221839.310276
1712.566528,377,221985.951419
1905.824595,371,222130.069874
1728.644297,367,222271.439678
311.814936,157,222332.900543
503.374713,192,222405.881848
1.792838,91,222440.641465
1075.573148,278,222549.768927
569.234879,188,222621.754934
274.765325,131,222672.173419
895.216768,235,222765.247241
2523.924643,433,222935.176392
493.14374,172,223002.711568
584.335249,201,223079.161317
274.302838,135,223130.402335
914.890653,250,223226.626904
70.673946,91,223261.243397
180.377059,119,223306.972415
1250.2099,322,223432.193779
345.858913,146,223487.874503
954.139776,253,223586.342974
290.321359,159,223647.721212
797.882714,227,223736.396541
176.636344,114,223779.120961
278.918138,129,223828.208459
74.520044,109,223869.246615
989.580585,273,225148.51983
1082.115518,274,225255.381651
1909.600888,382,225403.834312
1779.078064,369,225547.6796
336.814338,140,225602.179828
183.176559,118,225648.328766
262.97267,135,225702.132614
377.455863,136,225755.702865
1830.52087,378,225901.325594
1557.803636,330,226029.014036
532.470709,201,226105.614249
1069.270023,278,226213.069782
1254.301953,297,226330.002584
343.505819,154,226390.368475
1822.464468,378,226534.56025
505.092434,165,226598.023355
1744.548808,350,226734.116601
813.76182,236,226825.263856
404.970495,170,226891.001851
21.52976,93,226926.043188
1976.076478,387,227072.810693
131.563178,110,227115.339129
226.675832,118,227161.16937
1718.841975,352,227296.866963
920.940198,261,227398.213746
2424.771716,439,227568.716519
1452.197202,325,227694.41633
1270.449092,304,227811.532654
625.655081,207,227890.486084
1309.564952,308,228008.46555
827.22613,241,228100.472059
317.873109,153,228160.662082
1025.549203,264,228261.570072
1201.856558,302,229584.996451
830.02493,245,229679.599305
335.01683,162,229740.046004
383.954367,162,229803.688901
907.368331,259,229905.142263
1876.960239,374,230051.14193
2823.741286,465,230226.107951
1115.891979,288,230343.843399
1172.089674,286,230454.783103
1419.154211,306,230573.917947
1885.34255,385,230720.571036
342.587337,168,230784.069905
468.44749,182,230855.439148
186.033357,126,230905.143778
732.516029,217,230989.818133
1225.956772,299,231105.749619
1661.56971,336,231234.519883
1170.29366,289,231347.337178
1364.828782,312,231467.518281
311.635155,147,231525.924504
1821.209076,366,231665.517928
-14.096107,46,231683.630395
826.266968,238,231775.614479
932.328395,260,231872.865116
333.704702,158,231934.754304
606.172144,188,232007.416054
1934.93689,391,232157.341282
1929.970559,378,232300.084982
778.819531,237,232389.329542
2692.327147,430,232553.201043
667.614283,227,232641.704843
1639.927215,334,233924.034137
1927.632473,381,234070.294931
1435.002185,317,234192.691851
-47.083236,53,234212.659209
110.325643,97,234249.64639
271.983056,148,234303.309125
2562.098361,433,234469.496997
1753.632512,374,234612.445993
2412.375101,415,234771.930746
307.701615,151,234829.517356
213.548095,114,234871.294641
1693.247568,361,235011.082521
657.66162,187,235085.71716
466.921422,180,235155.300143
830.315548,220,235242.814966
1049.676956,259,235341.893596
1284.21801,296,235457.133162
267.847575,144,235511.403348
1478.564451,352,235647.704421
597.461205,191,235722.096694
553.817115,190,235794.305135
2036.037987,394,235947.702526
1705.719178,346,236081.379426
1426.176486,336,236211.751384
74.578005,91,236246.748383
1120.937351,281,236355.588233
240.567947,146,236413.100979
85.28854,94,236449.820759
290.353271,138,236502.154468
198.037208,122,236549.151817
-43.985308,66,236574.487865
408.280382,165,236637.13861
220.446026,120,236684.264255
-15.745851,46,236702.156867
1589.496236,341,236833.484674
1196.980306,273,236941.295944
322.70798,146,236996.182663
-116.699637,59,237017.438207
136.882058,106,238285.05198
1774.251614,382,238429.923723
143.524576,106,238469.269674
260.528887,134,238522.885874
60.24301,67,238549.070858
464.743877,156,238608.729335
2520.726666,433,238776.420541
1620.990627,345,238911.787148
2112.269274,392,239063.627569
403.559481,161,239125.554006
1013.299402,263,239228.128695
1760.08854,367,239370.078714
337.391719,157,239428.523514
261.4514,144,239484.076812
1633.727695,335,239615.121404
2541.236484,434,239781.167485
1401.437059,311,239902.264634
1845.634602,367,240045.984031
1000.8602,265,240147.069637
584.272013,203,240226.399247
2725.449339,429,240391.849421
478.639411,203,240470.143182
1501.879206,338,240598.287502
1276.907253,303,240715.593936
443.357843,172,240782.708423
431.522671,174,240849.995934
1871.082666,362,240990.470705
1674.005502,311,241111.667058
492.390985,182,241179.927764
1625.920479,343,241313.050265
2709.63172,414,241471.749678
387.246365,169,242987.712467
2838.298197,456,243165.194047
2479.943088,435,243335.158443
172.38308,118,243381.452033
338.72637,163,243443.871036
466.064828,186,243516.031512
2444.868085,447,243689.09156
430.942778,164,243752.488648
2970.974091,463,243931.318315
1403.590346,329,244058.403803
1462.896531,353,244191.833053
1237.472725,306,244311.308273
463.017528,180,244380.894127
216.322441,128,244428.922901
1550.361277,350,244561.647015
480.330487,189,244634.608113
61.846101,96,244671.862376
92.376143,97,244708.817573
461.589633,192,244782.784375
1677.835627,359,244920.752311
418.501352,184,244990.888392
224.611726,118,245037.205609
1430.272747,333,245163.942779
1842.176267,349,245300.305029
642.007077,208,245382.186932
178.845082,120,245435.785994
2819.377319,435,245617.527972
599.502666,191,245695.33307
1494.574206,329,245827.643556
2739.604296,426,246007.773046
471.76184,179,246082.903872
240.922144,132,246133.889695
2345.616608,432,247608.843008
45.127695,102,247648.072582
1598.442984,313,247768.115641
1170.32415,283,247875.215615
433.118205,167,247941.241246
407.072686,162,248002.966376
1173.169811,296,248115.864114
2656.484954,443,248287.268906
1003.799806,265,248390.743856
283.596893,146,248446.151961
2633.585235,447,248618.59944
445.049941,172,248685.214886
957.153142,252,248782.760421
156.596402,109,248824.217182
408.289934,176,248893.33657
1197.956372,296,249006.471837
2376.001181,426,249171.659979
2068.489153,401,249322.986191
2447.609028,427,249488.222633
255.720994,133,249539.312333
1586.858008,320,249664.642694
1638.633361,351,249796.162439
1067.405612,275,249901.596888
2492.661707,441,250073.606037
176.043596,119,250120.705428
1209.739321,290,250233.727552
2618.82692,439,250403.24425
1717.359274,330,250531.568166
541.098145,191,250604.326825
2471.62798,430,251844.385036
187.704313,113,251886.001044
1227.062851,304,251989.648094
1658.906608,346,252103.598844
1704.615889,351,252216.639801
1695.689926,360,252333.422034
454.385889,176,252390.630639
341.389846,149,252438.071748
206.834577,127,252478.282168
722.690491,232,252554.096776
1186.185963,296,252648.334385
1357.833182,312,252758.863669
533.820495,193,252832.372498
1158.079739,286,252941.868479
1775.118837,356,253077.683686
771.971686,237,253168.712574
2075.391219,407,253323.586964
173.988661,109,253366.036876
1591.560545,333,253495.513464
925.980011,259,253603.418532
204.838462,124,253652.524234
316.793362,162,253714.571268
616.377161,197,253788.844125
481.241992,174,253855.747107
1589.54948,344,253988.378153
142.862063,103,254027.442216
1057.081654,251,254135.399834
1481.762418,325,254263.525818
2313.651334,408,254425.15736
1302.745796,322,254550.845718
1829.265597,354,254701.321174
1742.405816,361,254841.64521
81.624776,104,254880.33626
2769.289111,470,256309.450703
1060.188207,266,256412.972908
1513.411545,327,256554.512391
1401.325109,318,256676.718383
1413.884309,319,256798.391486
1189.051498,277,256906.170325
2719.468129,437,257090.366301
1256.331096,298,257210.827438
979.978717,254,257314.939607
2749.125029,433,257486.618098
907.650597,255,257586.249776
1708.193984,346,257734.883502
930.096842,248,257834.94714
168.854178,111,257879.146775
1757.15253,360,258023.046339
1186.671739,288,258135.091824
1070.680849,280,258249.332456
1572.18645,331,258387.023372
1059.039611,279,258495.552405
359.171011,167,258560.817811
1373.230356,323,258688.705627
91.288969,82,258720.251158
1550.286521,343,258851.151949
1092.589179,270,258968.079586
2589.111435,432,259136.186616
386.766216,165,259198.99273
433.919786,178,259267.729007
303.983035,151,259326.723242
412.828004,169,259390.867583
1822.787712,354,260772.865322
551.615315,193,260852.646694
966.795259,259,260954.64503
511.698359,193,261028.437699
1234.691307,299,261144.616247
436.546238,179,261212.70974
1740.299791,316,261348.733067
373.201402,157,261410.607978
1310.973832,327,261537.95896
827.307394,229,261626.260448
2949.370682,454,261802.868774
1089.074951,283,261920.929013
425.509251,162,261984.540871
612.586904,208,262065.537485
51.578301,99,262104.77707
806.904686,242,262196.953049
592.031434,213,262277.553654
576.136963,198,262354.158105
8.858005,77,262383.883867
256.634152,130,262433.450471
-56.039224,54,262466.320104
1147.334293,283,262576.142854
2240.369146,425,262739.405162
1178.256174,298,262854.528432
251.145477,133,262905.875565
744.221468,251,263002.378288
903.564795,250,263110.892024
891.53617,247,263206.9326
27.003444,83,263239.672629
1972.387769,388,263391.759915
811.22227,221,263478.341848
558.869225,201,263554.531766
200.990403,130,263604.745161
2227.412189,412,263775.419425
716.224282,214,263858.393293
695.229492,226,263945.781083
1864.205638,358,265417.519732
828.692769,239,265511.824356
1295.505641,308,265632.309003
2355.770701,430,265800.014276
2750.074103,462,265977.139697
17.829045,74,266005.737043
486.553454,193,266079.446952
1863.462859,385,266228.413115
2627.351503,432,266396.319935
2112.667731,410,266551.49746
2770.404083,450,266722.581394
-65.780151,68,266749.133969
1009.55623,252,266848.328101
904.96196,263,266949.697598
736.097915,217,267031.835549
987.363721,256,267132.043299
1500.381826,312,267252.95572
1539.368892,322,267378.362168
2400.899118,439,267545.874848
209.305206,136,267597.485466
241.849031,134,267650.333882
1236.358663,291,267763.091814
208.803374,149,267820.536644
2063.510265,388,267971.913468
987.283361,270,268075.998378
1811.903034,367,268215.793265
370.307959,161,268283.942893
798.874119,235,268376.822342
2532.725543,424,268553.394835
1005.687241,254,270020.617092
352.096674,150,270078.624766
1121.551873,263,270181.83554
383.082433,174,270250.811585
-14.169136,75,270279.287969
922.753048,252,270377.422718
1466.150145,303,270494.942262
716.020352,204,270575.522224
-67.950312,54,270596.143976
319.642271,139,270651.65262
375.798091,155,270710.180839
134.529459,112,270751.607918
2361.784413,426,270914.192885
1816.12704,345,271046.267309
1402.453964,328,271174.064402
28.764883,72,271201.240499
1240.691754,303,271319.636606
768.303991,204,271398.940451
671.690244,218,271482.869861
1592.034748,340,271615.52411
1137.040114,279,271723.722577
825.51391,245,271817.204105
2256.51075,421,271976.728564
2560.093901,429,272141.48006
54.758871,77,272171.770033
2217.19158,414,272331.268126
1230.432368,294,272445.55146
122.827448,108,272487.326422
1843.745506,368,272629.284259
356.871678,154,272689.49364
260.669633,131,272741.02022
1703.274641,320,272862.551231
255.877683,126,272912.189544
194.949949,126,272961.562248
1458.190781,326,273087.827373
2423.31397,426,274570.628965
1883.480701,378,274716.602621
2656.027466,450,274896.445196
167.44431,115,274941.287187
91.978765,88,274976.03271
1387.463662,279,275083.910456
1664.756981,366,275222.856608
1673.901883,340,275356.034294
120.764919,94,275391.443734
210.107476,146,275446.791532
463.666803,172,275513.60565
1049.822806,279,275621.342438
2538.651754,422,275783.863461
1208.330574,297,275899.79084
566.036797,179,275970.587594
189.480702,122,276016.774921
1071.14483,276,276122.073782
79.312303,87,276155.175935
1607.089687,348,276289.578259
758.21593,231,276379.157245
1474.495197,320,276501.504622
885.460327,247,276597.105815
726.141162,213,276678.135951
871.166289,268,276781.767731
510.63637,179,276861.475419
616.111389,219,276949.320471
316.892563,163,277012.522698
1232.600795,299,277129.90205
736.946913,229,277216.782725
1729.686396,363,277352.078354
522.378211,190,277426.157036
2415.313187,435,277591.946421
535.783174,176,277659.687487
708.383943,222,278975.900979
2659.443726,438,279149.760123
1414.027731,328,279276.155811
658.812675,205,279355.41904
-49.3803,50,279374.573796
2572.598753,436,279544.616183
2784.445423,449,279717.694911
1485.47262,332,279849.549828
1092.384134,265,279951.29813
2029.21601,383,280098.762856
2564.370739,433,280264.991489
1126.057666,281,280372.720022
588.136867,202,280452.764959
356.43187,150,280509.252806
2064.794411,353,280646.609218
1229.643924,300,280763.394638
-10.172488,68,280789.742273
1834.907184,369,280930.768081
112.145784,106,280972.302073
394.009885,170,281038.068864
662.230251,212,281121.199242
3080.377144,468,281301.28317
1924.64065,403,281455.571304
51.049066,72,281483.240373
724.235344,217,281566.797512
64.702461,91,281600.578107
208.144548,117,281644.054024
343.885454,154,281714.481613
386.885848,185,281785.031354
-26.883728,49,281803.482173
235.171076,130,281854.105383
743.898851,228,281943.091685
3096.143555,452,282120.048501
96.437686,98,282156.794089
2160.572892,398,283685.923962
2624.947141,452,283858.062608
2589.69693,450,284033.807759
1168.056852,285,284141.987218
1655.833377,323,284263.410222
1385.064425,306,284381.218849
254.803978,128,284431.088559
1231.731979,301,284545.007964
1981.769922,405,284698.962293
1508.308721,332,284827.203072
922.672293,241,284921.106169
1692.389522,344,285053.669739
382.760533,159,285115.207175
1559.460939,337,285242.748949
2340.475854,396,285393.265367
853.988851,249,285490.976394
1106.359605,280,285599.572852
2699.391285,442,285772.541213
1515.444686,330,285910.444818
640.572303,213,285993.761327
1594.765862,337,286125.828846
1253.402056,293,286236.757301
513.044758,188,286310.572248
230.187134,119,286357.462972
80.666427,87,286391.029733
1947.20271,385,286539.535079
364.363515,167,286604.502766
2622.875909,439,286775.271163
1299.964167,320,288319.749506
2448.216392,432,288487.711982
1417.76618,303,288599.7463
1447.870157,326,288724.077407
316.208312,150,288781.603874
613.056047,210,288861.523533
1374.712257,316,288982.686433
2694.486112,425,289146.892173
1694.529163,349,289281.769007
2001.86798,386,289432.7277
2474.118068,417,289593.434366
2183.400849,409,289753.31537
2234.437253,409,289911.090225
1784.707955,371,290052.923336
122.954638,101,290090.362097
454.753128,184,290159.502658
1192.242784,302,290279.130713
2295.591707,429,290444.670134
387.661321,163,290507.754352
2503.642832,424,290682.511394
1429.413889,300,290795.517491
2919.508836,434,290964.695827
92.449774,96,291002.464052
1755.869216,327,291129.343842
1163.717025,285,291239.899998
1494.57391,339,291370.969388
1090.145959,254,292797.739686
749.613455,233,292900.86003
1102.290615,280,293018.77895
1383.421081,309,293137.187365
1006.279063,270,293244.077209
1622.994974,340,293376.652111
1123.308167,286,293485.400113
600.375589,189,293558.822651
344.832784,145,293614.663857
56.816184,87,293649.027381
1025.964669,258,293747.961685
120.202395,89,293781.567935
1015.748351,260,293883.071675
1043.816368,268,293984.573655
1148.627165,297,294098.384054
1645.334927,343,294231.05402
512.58493,184,294301.048786
271.286326,130,294349.354126
832.419139,243,294441.704586
2630.184062,427,294606.451286
1771.771908,368,294749.123542
252.736882,133,294799.625952
1153.774686,289,294910.001884
2696.155631,423,295073.761694
1748.822056,352,295210.992552
2091.350122,403,295366.425615
2563.672467,439,295532.89341
30.152273,79,295563.090825
908.15391,256,295660.667261
485.250704,204,295738.034838
1628.040167,347,295870.313626
870.474678,236,295960.661756
1064.641037,280,297438.367119
299.23872,142,297495.334038
1536.137715,340,297626.775383
566.729509,203,297706.158568
724.66652,231,297794.140567
639.442743,217,297877.598459
1474.681813,318,297999.795505
1209.756164,300,298117.183716
323.134562,153,298175.374954
1208.566043,302,298292.520853
569.916325,192,298364.832342
2533.9408,434,298545.891279
971.753599,266,298647.501969
364.506725,161,298710.236937
281.737651,130,298761.417861
1940.154612,386,298912.330436
655.982978,211,298993.972639
1518.229184,335,299123.735194
2504.621172,429,299291.704977
2705.400221,409,299447.163345
-118.71751,57,299469.382439
210.40799,138,299523.559809
2214.509214,381,299672.1906
1377.221596,304,299790.421866
1315.432755,309,299907.776511
553.039923,195,299983.728231
540.972988,187,300054.31998
338.496624,156,300112.894735
2511.265806,431,300278.22842
912.210602,255,300379.780713
1341.69957,320,300504.479265
1328.07958,313,302073.763039
1030.797754,272,302183.466528
1711.928605,342,302320.21864
672.588171,205,302398.843306
1068.815051,271,302501.929735
1101.81886,275,302608.708493
2450.557544,430,302772.094641
367.926527,166,302838.10586
1697.375398,362,302977.364926
688.136931,225,303064.787617
209.373757,112,303108.331651
298.781324,146,303166.26975
358.18123,160,303227.423887
2360.185827,430,303404.142619
1259.983548,303,303521.112017
1089.889182,292,303635.345363
1196.218456,303,303757.170156
78.859741,74,303785.320878
117.742867,87,303818.095848
527.388359,195,303892.163909
812.035766,245,303987.849161
1335.156188,309,304107.170554
2583.179211,446,304278.375754
198.413594,122,304326.87821
550.360413,167,304390.820826
1492.257432,313,304510.960183
1136.267739,285,304621.904706
1617.814358,333,304752.482163
463.734399,177,304821.706305
2668.716358,451,304996.424341
814.469378,244,305091.565574
758.377524,249,305188.093956
678.987229,213,305270.838269
-30.821477,54,306577.21338
-60.542562,45,306595.493446
2032.370451,383,306746.867107
234.20974,126,306793.825123
711.930908,214,306877.466718
-52.501666,74,306905.806096
296.938068,163,306968.606228
1456.072535,317,307089.096242
2701.070686,434,307257.245072
166.291697,104,307298.780439
376.245203,158,307360.7894
1646.484792,342,307510.500147
1593.398259,339,307643.206806
1069.283177,276,307750.685376
1209.089373,290,307863.223073
462.597031,168,307929.26708
697.280421,225,308016.210263
256.635364,134,308067.123184
798.755705,254,308163.685921
3215.801412,467,308342.926132
2507.694469,435,308513.42914
2257.282259,422,308677.14994
1260.53873,291,308790.501434
816.116389,229,308879.698131
41.845056,79,308910.47269
1195.993918,296,309023.198404
1572.073505,341,309155.699379
2741.696258,449,309327.670654
1223.232007,300,309444.749562
1496.884814,331,309571.478377
1335.369118,316,309693.655737
2398.348435,424,311395.895714
405.83449,180,311466.245632
1041.665109,259,311569.391011
172.062617,105,311610.470747
2571.722401,432,311792.968714
888.791411,246,311887.890687
161.066414,114,311932.045062
1670.774865,336,312064.652576
2622.461814,431,312230.237172
2393.901149,434,312409.218125
2012.650628,363,312550.364713
526.954235,193,312623.680847
1772.387982,386,312771.409797
476.069411,204,312855.048963
1595.974866,316,312991.86853
871.548069,215,313074.11202
379.227329,168,313140.239814
688.473959,219,313224.762806
189.825284,115,313269.376438
2071.413101,397,313422.230497
748.39718,228,313520.880064
1101.353307,277,313628.486694
189.57978,119,313673.823839
778.78179,230,313762.841217
-29.437634,71,313789.705993
1009.455606,274,313896.404315
2563.113902,431,314072.270576
753.601438,234,314170.110865
280.410312,144,314225.159749
210.33298,120,314270.502101
1883.309058,378,314414.803761
1441.422721,305,314532.08762
181.41075,122,314579.789827
1130.800522,275,315956.476932
1810.703238,369,316102.055336
3028.327938,477,316284.747857
1358.471339,315,316406.677843
2679.732447,435,316590.850816
1775.838822,364,316731.93923
955.699361,242,316821.686822
105.290652,98,316860.612647
1831.328177,371,317003.767924
165.369005,118,317052.902984
1325.16585,323,317188.788167
270.972321,138,317241.907017
2367.109231,438,317411.558823
424.22721,176,317479.464755
3301.885905,470,317672.459801
2029.274186,382,317818.127235
1533.801179,335,317950.684287
2381.277985,421,318114.830342
947.594735,230,318202.138601
1675.306495,332,318339.990583
12.32762,66,318364.747437
1749.08732,368,318507.186241
1375.979698,292,318620.763136
618.103095,198,318699.384965
1046.718727,272,318804.043046
2536.023121,453,318989.822436
141.491485,96,319026.584327
1287.596901,289,319138.50778
1940.858878,376,320866.963335
-11.709263,63,320891.047249
864.687849,237,320986.755368
1223.699579,312,321106.906126
984.55333,260,321207.742054
457.338635,172,321283.977918
2635.525749,449,321455.956318
1818.083909,361,321595.998297
301.493649,131,321646.903096
372.597532,162,321710.978123
453.735099,174,321777.936275
2209.617627,397,321944.032935
1117.474393,288,322057.5723
665.651393,214,322139.872229
2022.911672,386,322287.556087
1188.900677,292,322398.733592
942.621372,269,322513.945414
2445.354962,425,322680.262605
191.824171,124,322727.875937
1186.08395,282,322835.764442
1811.300107,371,322979.793557
-2.2013,68,323005.379046
652.469262,210,323099.735624
3130.129006,490,323287.135431
371.620594,159,323348.550159
700.249596,215,323431.697234
2590.087263,439,323597.26396
838.205344,247,323704.40022
229.463244,144,323759.629349
90.302709,107,323801.026019
2691.75027,437,323970.516495
225.387581,145,324025.953965
920.858832,253,325540.393223
3020.445375,436,325710.343586
2380.198225,437,325879.233427
293.561663,140,325932.711948
343.619893,156,325992.546776
2412.002133,430,326170.31575
-4.717081,79,326201.75031
362.258358,168,326266.802372
164.214898,106,326308.116884
2416.911342,434,326475.100186
1837.48281,372,326617.907322
2456.619235,429,326794.018576
455.534626,168,326859.368181
1015.938985,259,326959.071769
1185.126325,288,327070.075848
2321.766245,421,327231.141432
1107.404263,273,327351.368728
1135.937096,274,327457.653385
1415.453598,310,327577.271258
1990.729724,383,327724.359098
171.374093,133,327775.053147
570.287129,195,327856.944287
2537.708167,433,328028.321304
797.736871,231,328117.870544
1974.779985,378,328263.612607
2454.01597,430,328430.80276
2658.749515,446,328616.752633
2427.487756,433,330153.979227
2287.958783,430,330337.540007
343.948524,150,330397.421752
2846.568419,466,330575.724701
530.381175,187,330647.598149
484.950211,174,330714.19384
35.090793,82,330746.450415
2488.766952,432,330927.177501
711.97235,217,331012.587635
1466.272581,346,331146.877076
2510.248709,432,331313.688918
1159.174357,283,331422.13065
676.209672,226,331522.863352
490.084043,183,331594.045787
777.296364,227,331681.818182
2590.528813,435,331849.62195
1556.126567,336,331980.290998
352.533256,166,332048.673771
205.875472,112,332100.400203
2299.124023,381,332247.865588
524.034252,179,332318.271939
280.654207,123,332366.568876
2319.307003,431,332534.784491
2560.693202,444,332718.06585
2498.675067,424,332881.767892
1080.422086,280,332991.6026
1741.986748,369,333133.965768
2562.768189,448,333319.335632
42.17107,67,333343.818237
1088.2599,258,334828.571307
1157.968951,296,334951.365062
1463.412183,323,335089.745587
2538.410824,434,335260.818792
386.875293,168,335325.2312
294.451712,129,335373.459882
290.413718,157,335433.647484
883.621741,256,335534.29203
1212.198558,319,335669.441817
2577.51654,442,335837.222224
3193.827365,467,336017.151251
1305.075888,303,336134.339172
1579.465208,346,336278.831135
522.852345,191,336353.378801
2610.290223,436,336537.870605
2146.331648,386,336686.505343
1408.944642,313,336804.055269
2453.405517,432,336981.215614
1247.830218,298,337096.270015
2861.245191,460,337272.539954
631.227261,201,337351.28618
811.596287,218,337434.434723
2366.270401,422,337610.011405
2215.882558,397,337764.673641
2950.913084,434,337932.853927
111.725847,97,337970.427706
1300.373931,297,338097.579141
677.342838,214,339544.18025
1552.89067,345,339680.666427
434.715305,177,339749.061163
1169.650925,277,339871.160444
256.590642,149,339929.113006
328.533747,150,339987.368945
2694.30676,456,340165.860346
2837.496486,446,340339.784453
1345.046664,310,340467.855163
806.185989,244,340564.728435
2427.30715,429,340729.906685
2013.761207,390,340880.671556
139.950934,104,340921.489344
1387.085933,317,341044.631511
1890.568358,370,341197.916425
686.773538,219,341281.184259
2998.338324,474,341462.594736
1418.037079,320,341585.979998
1509.886416,326,341723.727903
338.593446,156,341784.067609
2185.85306,400,341940.447763
754.872697,229,342028.480694
917.263415,250,342126.884649
297.306311,140,342179.78549
2454.480806,441,342361.533186
1052.466629,267,342466.476941
2588.48198,441,342637.901205
-30.76549,43,342654.926797
524.278647,198,342730.051107
758.594934,225,344236.690176
1204.780164,289,344340.473492
643.134176,224,344415.601797
2210.207113,408,344548.936212
2469.304023,425,344703.946751
1107.050673,276,344796.013314
1671.370337,369,344914.603494
1000.719424,261,344998.552708
3063.879249,454,345162.612863
325.52838,131,345214.200734
153.929348,116,345265.793713
499.07324,183,345338.686864
2570.925909,446,345511.893283
1101.388895,282,345620.400377
150.160703,107,345662.444915
2355.663905,432,345829.164729
2493.285488,431,346007.187999
629.52854,192,346081.550715
1317.941025,306,346200.200435
-24.14119,99,346237.880214
2075.124881,375,346381.498801
2354.71446,426,346557.216214
442.542398,174,346625.796103
440.536639,170,346690.674216
2481.401622,452,346864.941717
1038.582945,269,346968.047269
965.549651,256,347080.933836
1235.820091,299,347195.388883
2897.774687,444,348677.10297
166.488792,114,348735.016549
2501.477548,444,349047.834549
339.053301,154,349144.505347
268.592117,136,349243.36402
2576.859693,445,349765.19792
137.782147,107,349851.78462
517.037042,201,349938.398304
1445.849707,331,350112.248567
1510.068292,327,350260.666966
503.9965,187,350352.240407
2861.912642,456,350567.792202
762.623386,248,350711.931669
248.575207,127,350769.28968
-19.693403,64,350809.102676
721.370449,227,350916.626087
1503.406527,319,351048.571692
279.431698,138,351104.876754
351.017672,161,351173.390459
1127.636637,293,351338.741731
2335.890495,425,351543.895867
554.873009,195,351634.166031
3029.535256,453,351924.738177
2487.380625,434,352144.221619
249.334425,143,352212.45633
31.455171,76,352243.779372
138.624204,91,352286.886333
1255.45589,301,352452.645614
434.614857,158,352583.60001
2372.986991,430,352859.085388
1970.537339,358,353378.475779
1267.42644,307,353803.386496
838.262059,242,354081.326875
344.821938,166,354326.086212
1519.658445,321,357572.234344
1028.592969,256,357710.90829
312.79081,140,357781.939674
2406.317666,437,358034.792487
1056.945386,289,358183.01887
1132.164131,273,358295.477119
96.190522,88,358331.632036
402.499315,157,358404.277662
3001.106762,464,358674.448949
327.264856,152,358735.307236
2925.887667,432,358908.864024
52.365762,79,358939.853876
3087.972099,475,359137.646452
59.967966,66,359162.826989
1828.96663,397,359315.154339
1105.638042,259,359418.726969
2586.790804,448,359592.979313
1823.759109,344,359751.458713
2523.3243,437,359924.662685
1442.376617,324,360047.156264
298.917205,155,360105.527781
2676.433748,437,360293.272391
2713.948895,430,360458.217475
2945.733231,466,360641.078777
1879.496578,362,360782.552643
2408.599221,430,360965.115338
2770.876654,429,362426.872899
112.562055,111,362473.1287
2622.371352,451,362664.209906
591.959753,186,362738.763023
2037.525033,374,362882.244898
91.606963,90,362916.672775
421.605905,174,362983.621193
2645.586089,406,363141.909126
609.951583,205,363218.64086
306.089144,153,363277.634195
1819.974607,349,363419.00425
939.090545,260,363523.044101
918.823625,253,363619.641326
2465.998778,438,363786.178031
1188.513609,285,363895.218819
2147.639283,403,364050.129127
1957.221643,346,364180.439102
-94.531392,41,364196.183483
1003.344358,269,364299.687466
2551.893403,449,364467.064951
319.102064,139,364520.809032
2774.766455,447,364689.988407
838.336704,254,364788.274821
707.845678,217,364871.932868
2144.86832,396,365022.816975
532.25569,199,365097.39805
1159.767534,290,365209.919512
1019.593789,263,365311.730515
1845.033514,350,365445.747874
2031.876404,364,367129.633518
2272.62461,410,367302.107995
497.232482,183,367373.891669
1928.705089,357,367529.692228
776.583226,232,367620.483237
1465.17378,329,367746.656597
1200.604126,294,367858.08288
742.400789,220,367944.116496
938.138466,255,368040.919669
2782.767398,455,368215.762041
2477.123991,431,368379.366932
1751.085196,342,368511.483161
415.137661,167,368577.483555
2373.025296,434,368740.556213
2993.287556,427,368907.429709
200.11395,131,368956.705723
2113.990114,397,369105.689823
1061.841352,269,369208.563423
127.283395,100,369247.617069
217.480191,126,369295.120992
558.962475,206,369374.704146
546.303224,179,369441.256776
799.1489,255,369540.793226
87.635223,98,369577.690276
986.71737,264,369677.795579
2431.371416,427,369840.676697
1633.879824,354,369974.933355
549.571712,201,370051.143853
728.750136,238,370143.547091
1500.010096,336,370271.334463
33.66432,79,370301.687518
1700.773943,350,371891.924544
1591.392262,288,372006.319592
1638.203473,347,372138.89681
401.212312,167,372203.385305
2149.2289,406,372358.569234
1458.666834,325,372484.856564
232.264332,135,372537.309505
852.637838,238,372628.902609
2132.496648,383,372775.515501
2368.019714,428,372940.003881
2357.788743,429,373104.123857
1030.960351,266,373207.990547
2772.190472,445,373379.126227
992.112726,245,373472.967428
177.623477,125,373520.244046
1937.810915,381,373665.180839
508.309016,186,373736.276227
504.184421,177,373803.078575
2655.03067,438,373970.935241
2297.870796,422,374130.286576
1540.506902,331,374258.121394
1743.08584,364,374407.553401
2019.438395,386,374560.131324
1345.273145,301,374673.983528
2953.312436,454,374849.43518
622.688098,206,374928.152686
1854.852122,367,376478.808715
868.72164,248,376578.084179
2504.595622,434,376744.600517
2931.254851,438,376911.768367
2679.585125,439,377085.883399
2437.550329,425,377249.850444
555.594523,206,377330.261331
2534.020159,439,377499.671003
1050.569026,256,377596.715454
820.481437,246,377688.869612
2443.811461,429,377850.242113
1279.003355,300,377964.501458
645.253116,214,378046.811543
1942.552236,370,378187.52561
353.686854,151,378258.929119
571.951157,190,378332.207454
2526.3376,438,378499.79934
455.223899,167,378562.345562
2808.68396,450,378734.193959
943.623499,262,378834.429685
960.708342,249,378930.150082
233.170859,148,378986.361069
1798.410043,365,379124.633702
80.473475,82,379154.497633
275.028159,145,379210.637981
1221.592916,293,379321.941695
1453.517746,324,379445.075276
1478.908063,325,379568.268454
2057.294547,378,381099.294771
1778.959745,368,381246.08243
1075.476973,274,381354.503885
1477.709104,310,381475.688765
1534.366745,332,381603.348882
1581.905618,336,381731.750473
1384.705213,327,381854.286788
2748.127638,449,382029.454611
1436.196744,321,382152.222677
107.026976,95,382189.08841
1302.98563,283,382295.613484
887.883889,266,382396.060714
1098.73339,268,382501.000468
1455.364924,332,382628.131783
848.820442,231,382715.98229
130.226827,112,382757.319634
448.48302,154,382816.334107
2196.957924,390,382964.823077
2564.668906,427,383127.437301
1631.295627,351,383265.597671
3038.484002,437,383432.715872
2730.770405,436,383599.381044
1971.785185,396,383766.407102
2421.759538,423,383929.04226
2555.415706,439,384104.418548
2727.072284,449,385817.921576
2619.927464,448,385997.169902
1059.186547,260,386100.515683
1700.486721,357,386238.693093
534.350089,187,386311.022804
2428.21212,426,386475.909497
263.813239,133,386528.556048
425.773866,184,386598.108591
-31.479296,59,386619.151542
-60.297388,40,386634.029956
991.027971,267,386735.304801
2834.92747,434,386903.003446
386.504363,158,386963.297815
1825.817659,375,387106.210506
2079.892403,397,387255.434648
2294.616795,425,387416.078235
2319.7195,408,387572.310549
2270.615958,387,387719.555096
1117.967361,279,387827.623693
2509.699422,441,388011.431783
1939.133043,399,388156.245115
1723.21448,349,388290.482909
2508.526583,437,388465.002715
692.426031,215,388548.948236
2406.756218,436,388714.214541
2494.788203,431,388878.452818
1363.450152,306,388994.958964
266.917865,135,390522.82441
2311.550039,436,390696.622667
1432.658891,329,390821.916932
1474.040463,330,390947.461983
39.732853,79,390978.770342
1156.490788,291,391087.981751
1987.11725,365,391231.028637
2917.910688,474,391416.268095
2426.935915,427,391578.199123
2998.50174,475,391756.529029
1304.654883,305,391874.479641
889.334319,245,391968.052078
1327.759762,320,392108.522207
1123.017035,286,392219.020611
2670.497362,431,392384.862489
216.644294,119,392429.76898
-52.532364,59,392453.115979
915.968107,254,392551.65689
1570.33045,317,392672.760919
1706.150499,324,392797.04939
965.069527,266,392897.893624
2532.43538,446,393068.416736
1926.66548,378,393215.358117
586.868043,203,393291.689171
2526.0026,407,393445.750498
184.167924,120,393492.750842
116.185376,88,393526.864908
1301.940865,293,393639.457783
967.684343,255,395045.339155
1263.542721,310,395160.28744
613.113611,206,395228.796917
1762.77037,367,395351.224213
644.692218,214,395421.930191
2440.110408,429,395562.742062
317.934551,136,395606.29851
2537.272937,435,395750.66284
1551.405689,337,395860.230139
1486.243743,332,395967.975042
78.376856,93,395998.501363
2414.149125,436,396142.054427
1191.180416,271,396231.483239
359.733015,168,396303.236516
162.449406,121,396343.450995
2419.730437,428,396482.220831
-75.456676,34,396492.778401
2418.545367,440,396637.746965
136.47854,99,396669.27878
2154.886491,420,396806.166729
77.579789,78,396830.801182
525.905494,184,396892.365332
2461.534034,413,397027.892298
2051.430638,387,397153.459914
2528.17048,444,397298.240569
413.103149,170,397353.910964
1752.750904,358,397470.285616
2702.868976,463,397618.648979
2525.366075,439,397760.048127
2602.606669,437,399107.633781
1814.947856,370,399229.186182
1864.373528,363,399346.935393
1255.621142,270,399436.900728
768.18751,233,399513.327485
1867.058284,380,399638.328265
2578.702094,426,399775.537847
1289.08456,293,399871.006758
2091.82611,384,399995.222073
1127.045686,289,400087.609639
2673.800515,448,400234.551847
60.167621,77,400259.89777
1737.165068,347,400371.384053
-8.27318,53,400388.263815
1724.910193,368,400507.124192
2970.979019,476,400659.609071
2389.924561,438,400800.590539
1362.676675,309,400899.783758
1314.389018,273,400985.798486
2412.922396,434,401145.251956
1158.681274,280,401235.854027
2595.115512,441,401375.850776
2986.319255,464,401526.069951
2603.803965,456,401692.222024
