#{"t_start": 1776774591.3796756, "env_id": "None"}
r,l,t
-286.098517,16,18.51823
-282.564683,18,24.675002
-265.885037,14,29.157193
-247.48656,18,35.924774
-267.561399,18,44.435547
-264.256355,13,48.248481
-273.643219,17,53.400337
-266.523736,18,59.719258
-210.715069,17,66.12732
-253.442258,15,72.331607
-150.415657,17,79.470555
-294.146725,19,87.062891
-273.759585,13,92.2981
-279.784443,10,95.553324
-285.239894,14,100.776794
-236.178762,14,107.030241
-303.508433,18,115.135171
-250.263087,19,122.529197
-306.382516,12,127.35372
-243.0099,17,132.690897
-266.450937,20,139.78059
-253.373625,14,144.843988
-258.580954,20,151.218939
-241.240461,18,156.678783
-205.076218,24,164.531344
-362.397693,19,171.805206
-266.975071,20,180.29853
-246.904976,11,184.605507
-259.770869,12,188.747432
-283.522365,23,197.372256
-235.168906,12,201.086909
-289.760085,15,206.627591
-244.219286,19,212.784144
-277.493038,14,217.166821
-246.610747,15,221.770365
-266.53784,15,226.518666
-238.464788,19,233.255101
-265.31758,14,239.987906
-267.709877,18,247.222771
-245.538963,16,253.596804
-292.948836,13,257.820489
-342.71049,11,263.737227
-271.080895,14,270.527926
-245.282783,17,276.212949
-287.029088,17,281.897522
-225.576938,21,290.09391
-322.881781,18,295.616811
-274.77002,24,304.398765
-169.330752,20,312.501327
-256.86968,19,319.092854
-281.476284,19,325.65938
-268.307542,16,331.0187
-374.898693,14,336.064321
-286.520937,22,344.423055
-250.040544,21,350.991356
-325.153133,16,356.428317
-334.429517,16,361.471785
-326.153275,16,367.251737
-272.79323,19,374.160803
-322.428385,14,379.703934
-183.721008,7,382.244715
-243.667885,14,387.085645
-198.099561,20,394.276661
-230.09249,17,399.6363
-263.463394,15,404.506747
-269.086735,15,410.740618
-331.703746,15,415.181779
-272.520655,19,421.086272
-396.501114,19,431.298867
-334.099716,17,437.110779
-236.473047,22,445.775629
-302.718368,21,452.114316
-226.401499,21,458.80498
-227.354745,22,465.962
-249.512259,17,472.019757
-284.37496,20,480.72998
-261.967088,16,486.564754
-139.097702,11,490.55305
-282.798995,19,497.406339
-401.437045,17,502.757319
-261.068665,16,508.654808
-277.505916,16,516.928455
-425.870416,22,525.382995
-249.987391,13,529.965467
-297.23355,18,535.728735
-319.930809,9,538.428138
-311.000584,15,544.775364
-270.071289,15,549.721664
-271.685329,13,554.414586
-444.912744,17,559.746339
-245.954061,18,569.770136
-278.478116,18,578.010754
-267.514404,15,583.780158
-308.372066,22,591.051454
-145.516096,10,594.412631
-270.153261,22,601.463275
-212.131559,15,607.772028
-265.318717,17,614.102585
-225.63882,17,620.032834
-273.898217,12,626.858441
-310.11176,17,632.295327
-258.910868,14,638.60893
-286.591893,19,644.944986
-262.633489,18,651.684781
-300.450051,13,656.306481
-233.006691,22,664.174971
-316.732745,16,671.606619
-290.98506,17,677.213962
-263.413806,17,685.138082
-251.44458,13,689.809528
-258.826193,18,696.647536
-299.056176,20,704.367709
-293.526866,17,710.365439
-276.633886,12,715.206722
-253.983264,19,722.38618
-340.451724,20,729.206971
-204.070732,19,736.394244
-291.512115,19,742.642935
-303.392987,12,746.666358
-260.043141,14,750.799215
-401.69626,18,758.970345
-261.104784,16,764.108209
-244.93052,11,767.443841
-323.435858,19,773.527133
-243.584221,15,778.628768
-233.51972,12,784.257121
-338.303075,16,789.119496
-291.125729,13,794.184264
-331.185535,21,801.609029
-268.565821,19,808.301658
-295.444791,18,814.506947
-316.340694,10,818.37192
-174.044366,18,825.212972
-351.100314,20,831.146612
-236.242382,20,840.262471
-290.075964,19,847.350679
-300.835673,15,854.084815
-247.832976,14,858.760804
-262.219277,19,864.747308
-247.717017,17,869.68258
-284.89114,17,877.686288
-259.51518,14,882.704904
-317.583121,17,888.842336
-226.891373,18,895.073364
-367.189279,15,899.658955
-305.118403,14,903.927131
-249.051525,19,909.962961
-227.855533,17,916.898459
-317.316114,15,922.05795
-289.736642,17,928.698666
-200.807934,19,935.153374
-260.823461,18,940.945206
-331.597018,20,947.299053
-329.741568,17,953.538321
-208.709655,17,961.834385
-300.787086,21,968.452384
-217.127902,18,974.396619
-297.509797,18,980.446075
-254.959172,14,987.197814
-303.912014,20,994.511357
-325.068467,14,999.070526
-237.519077,14,1003.57005
-235.496756,18,1011.377845
-249.538571,18,1017.298251
-332.259995,20,1023.913701
-309.349437,12,1028.843117
-221.133152,18,1035.50801
-317.869548,20,1042.86575
-262.70245,17,1048.401375
-258.423448,18,1054.019409
-286.68557,19,1060.119903
-181.902773,13,1064.109909
-352.392356,19,1071.019952
-172.87806,13,1075.407667
-252.497002,18,1081.246572
-328.701287,15,1087.158962
-336.315345,17,1093.610377
-372.819053,23,1102.205389
-283.836611,18,1108.627386
-287.395003,10,1111.962145
-249.882697,16,1118.370346
-141.92406,17,1123.9532
-307.445225,15,1128.456983
-234.163142,15,1137.020023
-254.305916,15,1142.191212
-272.291157,20,1150.270627
-281.203484,15,1155.905297
-287.302143,14,1161.514999
-352.915151,16,1166.996875
-363.371464,18,1172.835097
-232.481367,17,1179.344328
-312.168649,11,1182.934494
-262.015338,16,1189.824545
-271.346556,18,1196.285117
-246.596539,12,1200.934098
-268.552186,11,1204.287349
-219.343055,20,1212.034102
-192.429758,16,1218.240967
-282.612275,11,1221.491281
-255.733594,19,1227.927338
-253.944415,14,1233.197499
-261.116857,13,1238.254701
-271.00676,11,1243.75142
-261.911455,16,1251.580494
-296.042793,14,1257.458878
-284.169725,16,1262.883928
-278.56153,19,1268.875487
-282.241165,16,1274.571841
-236.131665,16,1280.000138
-240.782481,15,1284.625036
-274.897897,12,1290.435087
-215.176172,14,1294.699676
-253.889778,20,1300.924242
-171.911438,11,1304.628199
-206.590322,13,1308.999222
-268.567286,20,1316.371843
-264.611169,20,1324.020554
-255.325848,18,1330.233796
-233.207665,11,1333.775259
-313.89995,15,1338.525639
-270.719777,18,1349.11011
-289.196665,16,1354.051619
-340.790709,23,1361.972005
-309.208251,18,1369.009082
-284.111154,17,1374.479701
-230.570878,20,1381.070066
-297.378969,15,1387.236733
-363.866079,21,1394.026379
-230.542776,18,1400.708146
-243.048193,17,1406.495025
-242.348141,21,1412.8695
-285.864055,19,1420.865602
-277.196193,19,1427.900646
-320.462731,19,1434.494112
-288.544156,25,1443.248231
-357.558103,16,1448.595624
-290.847873,18,1455.013274
-285.174753,20,1462.871635
-272.044429,11,1466.889347
-231.770338,17,1472.532053
-267.807288,14,1477.497421
-294.987343,13,1481.255299
-217.573966,19,1487.15581
-221.405619,12,1491.355362
-253.669011,16,1496.823978
-214.206543,17,1504.467163
-230.791512,17,1510.879626
-269.112148,14,1515.181862
-391.135273,19,1521.293082
-273.081239,14,1526.423003
-219.636272,16,1531.84471
-254.152021,19,1539.699573
-230.708398,13,1543.899891
-305.67161,10,1549.149208
-257.41021,14,1555.359192
-326.231351,16,1561.490219
-394.304897,17,1568.094506
-277.210754,9,1573.778096
-204.987014,21,1584.066458
-271.936443,16,1591.532623
-256.919525,16,1596.830034
-272.580916,19,1603.541227
-313.712142,16,1608.635436
-311.012754,18,1614.658202
-240.500886,16,1621.988006
-257.587745,14,1626.842957
-240.223764,14,1631.731231
-280.216453,22,1639.660413
-265.577524,14,1643.989009
-275.858784,17,1649.371732
-241.972571,11,1653.184504
-239.37206,17,1660.232015
-270.801944,20,1668.53058
-244.233225,20,1676.436
-229.164827,15,1681.363295
-251.797098,17,1689.448056
-236.074604,17,1695.203843
-287.251214,12,1700.283375
-282.049167,18,1706.838885
-393.956499,15,1713.098463
-259.535277,19,1719.825013
-311.897687,19,1727.569687
-291.855503,17,1734.221975
-277.375165,15,1740.531247
-206.116609,19,1747.206957
-322.293515,21,1755.652989
-240.229317,17,1762.952114
-353.564669,17,1770.762916
-332.061063,15,1777.003212
-262.737267,17,1782.406651
-195.0182,14,1787.391149
-288.31908,17,1794.457955
-287.761379,17,1801.129076
-259.461021,12,1805.837041
-232.619723,15,1811.360186
-298.773838,18,1817.129544
-317.447666,16,1823.105601
-268.194203,19,1829.399282
-246.686963,18,1835.893949
-262.729956,20,1843.840818
-265.774155,22,1850.413228
-228.55724,14,1856.415192
-304.877826,19,1863.27728
-319.19121,19,1872.378613
-249.82439,16,1877.65992
-258.415943,19,1884.683186
-280.982795,14,1889.979731
-250.582144,18,1895.896615
-297.120349,16,1901.514239
-297.031408,18,1908.087159
-170.404206,9,1911.490068
-278.167994,18,1917.498033
-354.33703,18,1925.031365
-199.604677,21,1933.40677
-308.991934,20,1939.331088
-286.192574,11,1942.912942
-259.40066,19,1951.911716
-302.365764,17,1958.254117
-277.382943,22,1965.010914
-233.830059,21,1971.139091
-202.36013,14,1977.703208
-265.299889,18,1984.894325
-267.539357,17,1990.689121
-271.25823,17,1995.628327
-227.36198,17,2001.877619
-245.150491,21,2011.061486
-243.478375,15,2016.827559
-285.387547,13,2021.457956
-237.202046,20,2028.52655
-191.261666,22,2036.288242
-232.394885,14,2042.222232
-234.719771,18,2048.582159
-277.126984,19,2055.402032
-275.163343,19,2061.080365
-285.776828,19,2067.140641
-281.29807,21,2075.6737
-229.043994,17,2083.093746
-277.52912,16,2088.157605
-258.358217,20,2094.975182
-266.468365,16,2100.673455
-246.098653,15,2105.758275
-443.656595,19,2114.262023
-252.720814,14,2119.111451
-362.086838,19,2125.481048
-337.130659,21,2134.724205
-238.207528,16,2141.979668
-278.38908,19,2148.316894
-228.284037,18,2153.802466
-384.777027,19,2159.597025
-288.706469,19,2165.714839
-209.171192,16,2172.349663
-353.134531,18,2180.014315
-288.977007,20,2186.357495
-241.286064,20,2194.771479
-274.374704,20,2202.970502
-135.04516,10,2207.398828
-316.97241,18,2213.672549
-277.072014,15,2219.022457
-286.287223,15,2223.454637
-286.461278,15,2229.976285
-225.758462,19,2237.182317
-256.274821,13,2241.312087
-254.643664,13,2245.868021
-344.962315,16,2251.047403
-290.309013,16,2256.664516
-238.032627,15,2261.037724
-300.260325,18,2268.087832
-235.618605,18,2273.671544
-260.255129,15,2278.904316
-253.593294,17,2284.748077
-297.405968,15,2289.957168
-330.909846,13,2294.379225
-291.15991,18,2299.992443
-252.901533,19,2306.539998
-345.396669,18,2315.599201
-300.845871,16,2321.022054
-300.774432,10,2324.385954
-131.964198,10,2327.198862
-307.047623,15,2334.864195
-277.2024,16,2340.275009
-247.184911,15,2345.035794
-235.06994,17,2352.750874
-285.066873,14,2357.851727
-311.02196,22,2365.472507
-255.209004,17,2371.424536
-308.845316,19,2377.790119
-292.792683,17,2384.050463
-236.212792,21,2394.690133
-272.518596,18,2402.397307
-295.931358,18,2408.52823
-271.677976,18,2415.264014
-245.409981,14,2419.698536
-269.269458,20,2427.225312
-259.0638,17,2434.429816
-286.940563,19,2440.589688
-424.00453,18,2450.553164
-273.632708,22,2459.432418
-235.205172,20,2466.351171
-238.304437,19,2472.783199
-268.056141,21,2480.487916
-284.080429,16,2487.601992
-309.969193,21,2493.563004
-216.956071,22,2500.103085
-304.903374,14,2505.945104
-299.600641,23,2512.983595
-261.116382,18,2520.843872
-245.245837,13,2526.038417
-173.934003,15,2532.048716
-320.900106,18,2537.744376
-242.757253,12,2543.066008
-256.318801,16,2550.049393
-219.679029,19,2556.183135
-338.634588,15,2561.013734
-423.097198,18,2569.160882
-232.410583,20,2576.942861
-232.139356,15,2582.357943
-247.05684,15,2586.874658
-327.57916,20,2595.395427
-255.218933,11,2599.011147
-311.353775,17,2605.487179
-268.144384,14,2611.856136
-234.773572,16,2619.558635
-287.315942,19,2626.602158
-331.773382,16,2632.761805
-270.827368,19,2639.70091
-190.856055,17,2645.356848
-283.531974,20,2653.084186
-278.905391,17,2659.884076
-249.817298,16,2665.399353
-252.806944,17,2671.555516
-207.423432,22,2679.58558
-208.817628,18,2686.149673
-251.934955,18,2693.651933
-273.730204,18,2701.511745
-233.069586,18,2708.470601
-269.750997,17,2714.291786
-359.360724,15,2719.715913
-340.824831,20,2728.464489
-174.979148,16,2733.490193
-228.694763,20,2739.964533
-274.87986,19,2745.934024
-258.670515,16,2752.039516
-296.54703,19,2757.804
-278.100001,15,2766.137589
-230.617455,14,2771.962283
-296.511731,18,2777.493646
-236.493948,16,2783.438959
-296.669787,19,2789.400729
-316.77109,15,2794.322301
-247.841205,17,2800.286054
-220.34883,16,2806.823867
-318.955765,20,2813.4563
-283.944597,18,2820.940204
-158.080166,12,2825.964458
-272.1638,14,2830.426676
-299.662454,21,2838.358357
-338.132411,14,2847.060532
-238.728876,14,2851.193545
-251.786735,18,2857.262209
-263.014897,14,2861.58318
-251.039493,18,2868.48928
-305.862514,14,2873.357415
-297.327193,19,2879.888635
-290.346647,19,2888.6706
-294.597922,20,2896.176936
-243.336009,16,2902.757905
-267.294436,18,2909.346933
-293.19523,20,2916.13956
-284.783268,18,2922.799824
-255.495604,15,2928.439427
-270.957478,18,2933.949286
-303.907999,21,2941.037491
-245.910644,17,2947.101091
-245.232377,19,2954.574294
-215.03925,20,2961.29065
-313.465757,19,2967.140227
-370.608616,21,2974.150462
-283.996464,15,2980.337706
-268.771358,22,2987.649207
-330.51798,16,2993.487097
-233.125763,16,2998.739663
-293.429561,15,3003.527059
-272.393702,16,3008.093465
-175.336675,12,3011.800191
-299.298359,17,3017.796135
-272.881207,17,3023.100627
-297.821608,20,3029.733021
-276.901334,17,3035.515249
-281.927885,18,3042.231467
-203.821512,21,3051.048971
-314.516221,19,3059.810515
-296.029298,18,3065.662411
-378.359684,21,3072.289484
-379.150419,14,3078.155457
-253.965743,21,3155.198354
-248.724648,20,3162.658318
-267.060315,20,3171.209254
-233.265241,16,3177.015672
-164.437623,12,3181.095123
-248.110607,19,3187.332525
-355.89387,19,3194.892971
-180.310605,17,3201.131005
-266.247001,20,3209.067983
-234.860328,22,3217.783074
-283.51066,19,3224.938223
-199.216798,17,3230.732634
-287.464457,12,3235.72595
-258.052433,18,3243.011654
-266.146835,14,3251.111784
-270.11126,20,3258.093646
-262.559143,19,3265.382987
-286.020369,18,3271.61374
-244.53452,21,3278.924763
-286.590807,15,3283.806764
-290.362226,16,3289.340678
-280.701044,17,3296.837159
-308.80782,9,3299.691288
-277.187905,14,3304.760794
-316.465126,18,3311.931797
-216.73848,21,3319.182849
-226.489222,17,3324.902007
-345.058445,13,3331.113098
-331.629845,20,3337.795892
-313.929007,16,3343.813655
-235.089793,19,3350.242397
-322.116395,17,3356.403861
-221.698672,14,3361.080047
-312.594542,17,3368.486758
-273.031787,14,3374.669158
-306.661802,18,3381.114471
-298.720461,21,3390.548041
-282.024022,19,3399.725676
-293.717236,16,3405.078912
-401.876958,20,3411.863792
-245.605862,19,3419.10796
-239.700962,16,3426.1281
-270.811552,17,3432.381789
-276.518728,17,3437.964715
-302.050036,13,3443.759252
-292.842808,14,3447.965246
-286.131532,13,3453.737322
-240.932495,19,3462.015909
-252.419119,17,3468.002826
-228.046642,17,3474.075983
-234.244338,20,3481.399922
-193.570519,20,3488.145611
-296.999848,19,3495.056848
-209.701979,21,3502.261704
-299.427936,17,3508.797804
-301.137585,21,3518.077287
-293.998728,17,3524.937295
-317.168192,15,3529.709843
-291.156493,17,3535.666077
-321.962872,14,3540.371943
-289.758929,16,3546.133311
-277.725308,14,3551.971307
-338.203903,17,3557.344066
-222.657621,16,3563.245361
-484.998863,23,3571.550007
-234.230947,20,3578.381399
-281.520911,15,3584.837761
-279.747664,20,3592.560411
-214.495046,21,3600.702575
-294.093538,10,3607.607966
-214.325409,21,3614.912777
-262.71339,21,3623.314735
-316.200974,17,3631.187172
-268.121834,11,3635.084769
-233.561103,17,3640.813773
-275.551456,17,3647.59151
-272.759866,15,3654.206439
-250.500069,21,3664.042213
-290.953046,13,3671.215942
-245.92059,15,3677.51635
-106.728615,10,3681.079202
-298.167041,19,3688.613002
-232.308378,19,3695.345293
-167.293281,20,3701.995762
-248.479406,15,3706.570112
-175.578593,17,3712.093968
-348.772771,21,3721.082557
-278.240445,19,3727.628307
-292.18833,13,3732.08574
-327.583352,18,3739.685151
-287.114312,18,3746.791627
-321.741805,19,3753.633019
-269.281373,19,3760.530695
-316.56147,20,3767.733004
-273.799419,19,3775.108414
-248.80569,18,3782.783656
-319.664901,24,3792.350802
-272.076724,11,3799.672537
-306.166863,12,3804.027981
-175.761201,18,3812.160411
-321.945114,17,3818.09737
-347.179869,13,3822.59894
-276.390943,18,3831.31766
-270.18924,18,3839.835046
-271.002461,17,3846.848632
-275.480058,19,3854.972804
-300.87464,17,3862.812006
-206.515833,21,3870.640729
-284.160381,13,3878.246345
-277.636904,21,3885.348793
-284.512534,16,3891.342304
-264.560023,21,3899.43976
-296.37356,14,3905.320607
-360.890562,14,3910.813056
-225.711878,21,3919.383747
-250.937467,17,3925.844702
-237.317278,17,3933.798535
-230.283984,18,3939.765044
-239.789158,14,3946.70781
-277.729079,21,3957.24469
-298.970377,17,3962.739335
-305.120477,16,3967.931423
-263.452515,16,3973.824101
-236.354476,19,3980.139765
-390.176728,15,3985.523041
-216.559915,21,3992.542858
-273.027142,12,3997.201659
-252.801514,19,4004.90305
-229.54818,22,4015.606958
-339.256489,18,4022.984953
-240.422789,16,4029.301
-171.076216,18,4035.283305
-283.765333,19,4042.362682
-277.378541,20,4049.07615
-234.798468,16,4055.090211
-288.592703,16,4060.384471
-270.625412,13,4064.787446
-313.006443,17,4071.069967
-117.697147,11,4074.753801
-240.417406,20,4082.457114
-264.35036,16,4088.456044
-300.405328,20,4096.751337
-249.26256,20,4103.324914
-233.267456,19,4110.91083
-224.289365,16,4116.831114
-269.654242,13,4121.464606
-297.377753,18,4128.323164
-251.690621,20,4135.44275
-236.841481,23,4143.920785
-238.930747,17,4150.011446
-289.787571,18,4158.004839
-269.20841,15,4164.176537
-392.0831,19,4171.820168
-356.753547,17,4179.126654
-270.412366,18,4185.91383
-251.660202,17,4192.351207
-340.473917,19,4200.894798
-232.628834,16,4206.412836
-248.178014,16,4212.074061
-293.776336,13,4217.464461
-255.013627,17,4224.1626
-301.898795,22,4231.796202
-273.22972,18,4238.256188
-225.014738,18,4245.009545
-240.242202,18,4253.668324
-251.86186,13,4258.155489
-321.183812,18,4265.340849
-330.067942,18,4272.8438
-285.849285,16,4278.510669
-243.261916,19,4287.860167
-299.710141,10,4291.374259
-263.339549,25,4300.615734
-285.572553,15,4305.86738
-262.036727,17,4311.576251
-230.570637,17,4317.9661
-314.805275,20,4325.327314
-238.769859,18,4331.84688
-279.6286,20,4340.11334
-202.203793,18,4346.959326
-252.663568,15,4352.133883
-244.990842,18,4358.229119
-228.03178,19,4364.416589
-235.014587,20,4371.482776
-282.426305,11,4376.852101
-295.62564,15,4381.924889
-242.496382,18,4389.502649
-243.664485,13,4393.732815
-299.351747,20,4401.562772
-273.103096,14,4406.685512
-208.514432,11,4410.388592
-197.364628,19,4417.763277
-252.245883,18,4423.835859
-298.767429,22,4432.490054
-281.160377,19,4442.569791
-286.682178,12,4447.783124
-250.262391,20,4456.109731
-287.209319,18,4462.793476
-252.354365,18,4469.646993
-241.316354,15,4475.449543
-303.339201,21,4483.550875
-194.873799,16,4489.962925
-285.454039,21,4498.699148
-245.011408,18,4504.709652
-268.116909,14,4509.55285
-294.00999,18,4518.128211
-180.717883,19,4526.453742
-320.511815,23,4535.832113
-242.847255,19,4544.414034
-301.048167,17,4550.525941
-308.447376,21,4558.793418
-295.867271,15,4563.752317
-211.377655,22,4573.27835
-249.55461,17,4579.272785
-271.735191,21,4587.127001
-274.065917,17,4594.297754
-351.734559,10,4599.013357
-328.273546,19,4606.491473
-332.845177,16,4612.198614
-286.403635,21,4619.793886
-239.300277,21,4628.581501
-293.443713,16,4634.822583
-277.035536,21,4641.881802
-246.03572,19,4648.621313
-335.750549,22,4658.092773
-274.626508,19,4664.513499
-239.296589,19,4670.553063
-301.480611,17,4676.87853
-257.842572,22,4686.028677
-275.016308,20,4694.460251
-311.810892,9,4697.449638
-180.880646,13,4701.967048
-290.054077,20,4708.770362
-232.244939,14,4715.572346
-256.273209,15,4721.103846
-277.747003,18,4728.618329
-257.965746,21,4739.038828
-281.113727,19,4745.587005
-275.361547,12,4751.497893
-239.289731,17,4757.253447
-275.61128,13,4761.916889
-267.903138,14,4768.210758
-260.966387,24,4778.580058
-164.59684,14,4784.041161
-278.402379,17,4790.704443
-337.482035,22,4798.117175
-225.81338,18,4806.477157
-262.39981,20,4813.940515
-274.759565,11,4818.916869
-261.191923,22,4826.455997
-257.130731,17,4832.128819
-227.492458,18,4838.20747
-161.20584,10,4841.547004
-280.939366,18,4847.649217
-443.252019,17,4854.647816
-280.022637,15,4860.213521
-290.443167,12,4864.709492
-269.93946,19,4871.687328
-278.745451,17,4877.975903
-311.43054,17,4883.97984
-285.948219,18,4891.764187
-224.857742,18,4898.691118
-314.179218,19,4906.319447
-284.920178,20,4915.404264
-240.125438,18,4922.776424
-234.113126,20,4931.747352
-333.757512,14,4937.129205
-321.057372,17,4942.714976
-212.376617,14,4948.530272
-284.675947,15,4953.947229
-270.749488,17,4960.328448
-190.767155,19,4968.62811
-301.858533,18,4974.72804
-233.869142,14,4980.078885
-258.034043,17,4985.759383
-258.051707,16,4991.422834
-280.719753,15,4997.057112
-251.718554,17,5004.180452
-189.6717,14,5010.137429
-220.108123,19,5017.355021
-249.509838,23,5025.721715
-244.24384,16,5031.881674
-271.269938,17,5038.131016
-226.332511,17,5045.106086
-209.25886,13,5049.541066
-278.008613,18,5055.849822
-282.982115,20,5063.385585
-351.530014,20,5070.907067
-237.448338,18,5076.834576
-121.796943,12,5081.695859
-127.403975,12,5086.344602
-360.741791,21,5096.673384
-309.408403,20,5105.921526
-231.959594,21,5113.446682
-224.94634,20,5120.321684
-334.99874,18,5128.507754
-204.251358,19,5136.587113
-282.659393,12,5142.012538
-180.07657,17,5148.412624
-303.351765,21,5156.420785
-299.604179,18,5164.629066
-326.580174,17,5171.436148
-254.520559,17,5177.299732
-205.834279,17,5184.587386
-272.726566,21,5192.244359
-231.623793,20,5199.683697
-267.847877,16,5204.934849
-223.392504,15,5210.011583
-242.720283,16,5216.424457
-292.913701,16,5223.162192
-265.743466,19,5230.314944
-265.190819,18,5238.912621
-345.954678,17,5244.813426
-326.739031,18,5251.403858
-163.312428,15,5256.655874
-297.380447,22,5265.861713
-277.062228,20,5273.27153
-254.608199,15,5279.39578
-251.991295,19,5285.759276
-290.402608,19,5293.124283
-332.737673,21,5301.006159
-265.882227,18,5306.831192
-277.741412,16,5312.684396
-272.17871,17,5319.062016
-229.312761,15,5327.136153
-241.851391,21,5334.51368
-281.510707,15,5341.460335
-298.968442,20,5348.27229
-295.447357,20,5355.72509
-301.494324,10,5360.253948
-260.970804,17,5368.346227
-244.304729,19,5375.03075
-306.497298,18,5381.490893
-357.697055,19,5388.006481
-292.126062,18,5394.973887
-251.633447,19,5401.436775
-233.323462,16,5406.989661
-322.932436,17,5413.056246
-368.903231,16,5419.220376
-282.584452,13,5423.403235
-279.651256,17,5429.910976
-277.615645,15,5434.796993
-256.61231,19,5443.234349
-246.591556,18,5450.162024
-239.480851,16,5456.01162
-292.924139,20,5464.537757
-314.02415,19,5471.202933
-314.605283,19,5477.608502
-230.554311,20,5486.254514
-249.612687,14,5492.972869
-175.406786,12,5497.599549
-195.059562,17,5503.883572
-256.232247,19,5510.180204
-249.819347,17,5515.712145
-293.001814,15,5521.301111
-249.161949,19,5527.884608
-289.558628,14,5533.823138
-312.04224,13,5538.171295
-269.978855,17,5544.494444
-275.278968,22,5552.995363
-366.57257,12,5559.471383
-275.207834,22,5568.945824
-273.07366,14,5575.288678
-304.225872,19,5583.586217
-317.752713,20,5592.340794
-223.225214,16,5599.056279
-269.475402,15,5605.376895
-243.437215,18,5611.473851
-261.891531,11,5616.292847
-285.793647,19,5622.978128
-268.658654,12,5628.755906
-256.119561,16,5634.103025
-314.563267,16,5640.145518
-375.30324,18,5646.54718
-235.973082,18,5654.430223
-271.992387,19,5662.294453
-277.531012,17,5668.221941
-261.708302,13,5673.26403
-334.313173,21,5681.730528
-276.454517,20,5688.809598
-221.006104,21,5698.288685
-208.576774,19,5704.735122
-240.125895,16,5711.211923
-301.101657,15,5716.602828
-215.10519,16,5723.38098
-273.052727,17,5731.424815
-268.792012,14,5736.290812
-292.879856,18,5744.001189
-310.381654,19,5751.266105
-291.51393,16,5756.686787
-206.429992,20,5763.492227
-277.049676,16,5769.467136
-272.809444,15,5775.3127
-271.18108,19,5782.140025
-225.722419,15,5788.011959
-250.1295,14,5792.950822
-329.208907,12,5799.868777
-262.835852,15,5806.464992
-293.635712,13,5812.66357
-272.3106,16,5818.568815
-279.994065,18,5825.314308
-263.986005,19,5832.881049
-319.699716,18,5841.580887
-228.470116,19,5849.524562
-260.220645,16,5856.985792
-303.438897,13,5861.962642
-243.58824,21,5870.258355
-209.771219,16,5876.23669
-255.224261,16,5881.507189
-296.055057,17,5887.26678
-344.03128,16,5892.709062
-280.003491,22,5900.466054
-281.887718,13,5905.377106
-264.726287,13,5911.07433
-347.217878,21,5921.494469
-371.512548,18,5927.49925
-212.956547,16,5934.09269
-246.627585,16,5939.672596
-305.788347,18,5946.50906
-183.602115,11,5950.914246
-220.879431,19,5959.985354
-296.111511,15,5965.921506
-267.711573,16,5971.956702
-261.931677,21,5979.886997
-227.012519,23,5988.409407
-256.276268,17,5995.241663
-275.927828,16,6002.029185
-126.8792,12,6006.819932
-268.681201,14,6011.622307
-386.153603,18,6018.189629
-330.328393,17,6024.853481
-300.794241,14,6029.047786
-461.192284,15,6034.25598
-252.011337,14,6039.557349
-264.668409,11,6044.250057
-256.930132,15,6050.185181
-402.765967,21,6057.231076
-354.848113,19,6064.750082
-288.510862,18,6070.836834
-252.803037,15,6077.631759
-232.176202,19,6086.625904
-231.71314,18,6094.61234
-243.888007,16,6099.755701
-248.92423,17,6106.449847
-256.220296,16,6112.025172
-274.253888,16,6117.317895
-241.892521,19,6123.679212
-286.497859,19,6130.209545
-306.270088,16,6138.607848
-249.540462,20,6146.531774
-214.122431,23,6154.022592
-301.774279,18,6161.121459
-252.919177,17,6167.207963
-329.226904,14,6171.972415
-237.436915,15,6178.012783
-322.256965,19,6187.312556
-210.644772,18,6193.849446
-303.721974,17,6200.115551
-151.500888,15,6205.881278
-267.134127,12,6210.945717
-202.999214,19,6217.238693
-297.726673,13,6221.489289
-221.824823,16,6228.200202
-281.04473,16,6235.169131
-293.73296,15,6241.276058
-298.077274,17,6248.055951
-367.25057,21,6256.06218
-237.455249,17,6262.757106
-256.36885,14,6267.775794
-262.004718,18,6274.671068
-216.389074,15,6281.358746
-294.883025,11,6285.157437
-272.976085,16,6292.331773
-400.79784,21,6300.35598
-284.606166,23,6308.786285
-297.045866,18,6315.784302
-283.187496,12,6320.677901
-372.395601,17,6328.061015
-272.32573,18,6336.037199
-162.016469,16,6341.519268
-348.591122,19,6348.357963
-232.141983,16,6353.862254
-261.09119,15,6359.852034
-235.043692,18,6367.879823
-278.175004,19,6374.944241
-297.929901,19,6383.5656
-345.599842,21,6459.649471
-287.134395,18,6465.913883
-317.245382,21,6474.235615
-304.154056,16,6479.761008
-284.280586,17,6486.942555
-259.853168,19,6493.544776
-221.285791,14,6499.492708
-346.202453,16,6504.599284
-259.132462,18,6511.013718
-257.132528,13,6516.888043
-257.282758,15,6522.518599
-394.450903,17,6528.056894
-321.000654,21,6534.93638
-157.058281,10,6538.380426
-277.819939,15,6545.106435
-162.604603,15,6550.513833
-229.11671,20,6558.87668
-290.125003,18,6564.850702
-306.007462,16,6570.224316
-265.456103,15,6575.45301
-351.485932,21,6582.648409
-343.161505,14,6588.868006
-263.079949,17,6596.154597
-224.715449,22,6604.928417
-315.139884,17,6610.805161
-266.905238,16,6617.44538
-307.22472,17,6623.299454
-228.819296,17,6629.512512
-287.184306,25,6640.074613
-239.690095,18,6646.407563
-293.882599,20,6654.024818
-302.808645,14,6659.472006
-266.889305,17,6665.368113
-272.276927,22,6673.9294
-301.355855,16,6681.234011
-274.784248,21,6689.824614
-301.667284,16,6694.763197
-319.715234,18,6704.43151
-232.138604,15,6709.356745
-206.167467,22,6717.404328
-269.066849,10,6722.806274
-259.283521,20,6729.39939
-256.854986,21,6736.345614
-314.909933,18,6743.118908
-273.99601,21,6751.539645
-279.821739,16,6756.917976
-262.437469,17,6762.839822
-271.047889,17,6768.420881
-255.817334,18,6774.588758
-216.650404,23,6782.861566
-255.319229,20,6790.597614
-342.483354,17,6798.736607
-278.381008,18,6805.268112
-312.939571,19,6811.349271
-250.036712,13,6816.729553
-269.078639,18,6823.124295
-286.443926,20,6831.496045
-237.675002,15,6837.524494
-188.636521,20,6845.543756
-230.750214,17,6853.107698
-210.816697,18,6859.08551
-202.733958,20,6867.89684
-402.788631,18,6874.888949
-374.122355,21,6883.290605
-330.047631,19,6892.154691
-280.250654,20,6899.180424
-402.523883,20,6906.284832
-295.834823,13,6911.901988
-320.81125,20,6919.923491
-282.252901,19,6928.553257
-320.641856,20,6938.119055
-332.205948,18,6945.331371
-207.477597,17,6952.152686
-266.612165,18,6958.015972
-249.959988,16,6963.375161
-321.431102,14,6969.365113
-303.462209,17,6975.738732
-264.250061,21,6983.208841
-264.461874,18,6989.920497
-273.065337,21,6998.164459
-327.159616,14,7004.328431
-275.225469,17,7010.304583
-366.718406,20,7017.572101
-356.279745,15,7024.770439
-354.034133,16,7030.150136
-214.224431,17,7036.575541
-241.214238,19,7042.699183
-271.643812,19,7049.04249
-336.592421,19,7055.985966
-236.35005,20,7065.48812
-285.766813,18,7071.612504
-257.938908,15,7076.949706
-208.627907,20,7083.952457
-288.408424,15,7090.767297
-257.023091,15,7096.185483
-268.515479,13,7100.824058
-247.025924,18,7106.540908
-272.64969,18,7112.521968
-287.215034,16,7119.540438
-275.327088,12,7125.676954
-221.318464,14,7131.23194
-218.977347,18,7137.936808
-267.965772,15,7143.07119
-271.057891,12,7148.683871
-235.543247,22,7156.655308
-158.563767,11,7160.484124
-229.80567,20,7169.691519
-232.677965,14,7176.447614
-319.202291,19,7183.397484
-295.953811,14,7189.116815
-306.966969,12,7194.642858
-243.505348,18,7202.5118
-269.595893,20,7211.885234
-264.63418,19,7219.985777
-340.622933,18,7227.916797
-182.929567,15,7233.00311
-222.408253,20,7240.194207
-224.444032,16,7245.717413
-226.319317,18,7253.011694
-256.051379,13,7258.433666
-276.827754,21,7265.67475
-217.821557,16,7271.491134
-282.325712,14,7276.001862
-292.426917,15,7282.03188
-322.971688,14,7288.18098
-280.982303,18,7295.770078
-272.624368,15,7302.443666
-251.620359,15,7307.920251
-216.761795,19,7315.254646
-370.517616,19,7323.704126
-259.878092,19,7332.906871
-249.497299,21,7340.700539
-302.780385,16,7346.030758
-230.072626,16,7353.034044
-149.991989,17,7360.090435
-290.278507,22,7371.095268
-214.46756,18,7377.43282
-257.146551,20,7386.485497
-218.074894,17,7393.167699
-292.953475,13,7397.408048
-286.344514,15,7403.301242
-261.327937,16,7409.344355
-234.996159,18,7415.19541
-205.640182,19,7421.640381
-316.933827,19,7430.714914
-304.097019,10,7435.496073
-226.286033,19,7442.702246
-357.446977,18,7449.547743
-371.845936,19,7458.226123
-301.119672,11,7461.930978
-251.025818,16,7467.409627
-252.024392,17,7473.577787
-276.55852,18,7482.225662
-245.78489,16,7488.645537
-282.392517,13,7492.700031
-165.160925,12,7496.533793
-269.021968,13,7502.757168
-250.780483,18,7509.892081
-314.942905,21,7517.498104
-223.877632,18,7523.777225
-214.84587,17,7529.663015
-286.877309,15,7535.60155
-267.573502,17,7542.160579
-317.393577,17,7548.567
-270.251419,16,7554.512386
-337.479363,12,7558.519433
-253.241676,16,7567.880569
-164.802691,24,7577.529061
-258.807922,24,7587.861193
-313.352199,18,7595.44628
-197.846177,21,7603.68309
-277.253739,14,7609.73146
-314.618278,19,7616.640693
-301.576321,15,7623.193515
-298.496043,25,7632.199719
-303.1397,19,7640.202204
-255.883376,15,7645.692749
-229.356988,17,7651.686867
-301.328808,12,7657.172102
-305.282081,19,7664.290663
-124.397167,16,7669.66131
-223.285895,18,7676.957553
-285.953113,9,7680.464448
-268.233862,17,7686.965226
-260.563611,20,7694.989474
-244.824044,15,7701.164813
-246.882235,27,7710.880644
-286.561208,13,7714.892511
-296.458847,17,7720.56221
-190.07252,12,7724.850782
-168.357323,16,7731.775336
-281.530662,16,7738.230791
-247.756837,19,7744.600819
-226.257236,16,7751.7415
-375.39387,13,7758.113698
-247.464338,18,7765.993939
-200.014575,19,7774.580945
-229.062639,18,7781.245727
-268.348255,20,7787.842419
-196.08918,22,7796.146458
-318.172517,23,7804.708564
-284.80478,19,7816.292389
-247.565372,21,7823.909956
-310.195481,18,7831.854776
-204.006878,17,7838.062605
-241.049161,19,7844.654945
-248.27034,18,7851.390043
-239.344599,21,7859.000696
-290.359956,21,7867.117258
-277.888491,17,7873.296636
-277.646916,14,7879.133713
-250.010403,21,7887.186747
-327.907395,16,7894.262084
-265.747867,14,7900.118973
-324.607383,19,7906.66062
-264.261437,16,7913.028282
-248.511893,14,7917.994394
-398.349025,18,7925.162168
-275.662357,19,7932.030251
-160.602926,13,7936.417759
-235.499651,16,7942.494793
-281.938428,17,7948.550529
-214.073701,18,7957.659389
-267.467923,13,7963.963592
-259.014705,18,7972.059516
-255.389875,23,7979.577343
-244.2558,18,7987.071142
-277.990334,18,7994.451966
-249.26206,16,8003.029802
-274.7604,20,8009.288756
-286.07359,15,8015.027628
-300.847566,19,8021.619397
-362.712974,20,8028.69107
-271.941442,15,8033.300204
-279.744888,21,8041.063639
-297.021415,17,8048.407148
-254.48418,18,8054.860248
-201.348025,20,8061.97508
-203.988121,15,8068.021947
-313.983494,21,8075.587913
-385.825529,18,8083.009317
-214.788493,15,8089.183352
-199.054261,20,8095.630253
-363.591872,18,8101.980004
-339.024378,24,8111.724957
-252.01776,20,8119.487034
-246.153726,20,8127.971438
-220.081241,21,8135.613069
-217.348559,21,8143.273053
-188.965338,17,8150.231527
-247.714187,18,8158.888898
-274.352512,18,8166.746659
-346.529646,19,8173.524114
-273.068992,14,8179.261977
-206.027164,19,8187.74931
-222.87438,16,8193.791031
-228.83026,21,8204.110796
-317.624664,17,8210.699193
-306.141147,19,8218.77675
-298.960943,19,8227.61158
-288.862987,11,8233.151064
-258.155397,14,8238.157447
-213.522504,19,8246.735644
-239.587087,16,8252.406955
-280.646714,16,8259.698449
-158.300004,17,8265.392843
-273.398587,11,8270.227107
-233.146449,18,8277.320162
-278.363937,16,8284.163924
-323.893741,16,8289.749566
-247.868957,22,8297.688955
-306.554651,14,8304.288239
-266.880359,16,8311.262064
-257.71735,11,8316.810417
-256.185168,13,8321.984544
-314.236671,16,8327.63199
-260.048795,18,8333.843466
-262.707586,14,8339.252595
-243.797674,17,8345.754659
-243.24644,12,8350.006371
-263.502134,13,8355.521902
-310.072718,20,8365.904067
-216.744414,16,8371.696251
-263.409077,20,8378.184986
-254.857927,19,8384.65635
-231.923294,20,8392.574204
-174.206853,17,8398.89702
-294.025215,18,8404.760219
-236.92281,20,8413.190914
-309.554876,15,8419.08434
-241.498355,15,8425.473173
-397.737104,24,8433.807626
-264.94349,15,8439.484756
-277.173718,18,8446.786028
-344.552162,19,8452.837055
-277.640932,18,8459.281766
-289.71416,19,8465.767038
-256.167318,19,8474.55293
-265.647384,17,8481.682947
-277.259803,18,8487.342842
-211.378264,17,8494.207994
-398.578472,21,8501.914346
-204.733386,18,8508.152345
-275.920154,18,8516.607553
-295.36673,19,8523.203751
-268.350163,18,8530.561138
-278.348505,11,8536.115182
-339.743274,21,8545.953497
-251.258744,17,8552.119924
-220.047955,18,8558.263009
-294.455656,13,8563.944157
-256.165768,21,8570.84912
-299.056658,19,8579.152986
-258.143434,18,8588.326078
-248.066713,17,8595.775709
-242.530471,15,8601.768361
-320.199166,16,8607.06276
-306.540416,18,8616.766134
-252.884264,19,8623.855779
-316.575393,17,8631.088069
-302.0466,10,8634.612446
-334.411781,19,8641.823124
-172.588956,20,8649.125925
-180.6686,15,8655.254579
-248.567678,16,8661.317364
-260.315358,14,8666.91845
-251.872189,21,8675.472471
-208.431388,19,8682.502847
-239.751749,20,8689.620873
-208.070758,22,8697.4853
-293.947881,11,8703.151164
-263.944337,18,8709.863958
-284.979543,16,8715.677823
-298.013898,11,8719.593537
-248.423492,20,8728.23047
-261.375672,17,8735.0325
-207.300824,20,8742.686444
-215.591627,22,8749.98563
-225.497801,18,8756.851097
-177.162878,14,8762.209539
-157.856962,13,8767.445546
-289.521447,20,8775.270155
-259.529269,14,8780.283377
-292.688764,14,8784.855925
-293.046882,19,8792.537371
-212.407914,19,8799.214081
-204.590713,20,8806.152497
-304.33581,19,8812.638192
-246.52535,15,8817.858665
-218.465189,19,8825.259496
-260.493787,14,8831.134576
-241.840762,11,8835.113344
-225.425468,20,8843.302894
-533.816731,20,8850.517302
-268.554997,19,8856.895207
-264.954005,18,8863.633206
-329.326538,16,8868.933992
-320.032882,19,8876.063883
-278.072506,17,8881.971349
-316.378784,17,8889.331007
-240.424309,15,8895.969717
-285.561899,17,8901.429377
-270.535491,17,8910.532158
-183.646018,18,8916.87012
-204.806047,18,8923.182796
-314.033283,20,8930.454099
-261.844796,17,8936.493161
-335.887319,16,8941.889676
-262.985703,17,8950.45273
-285.287622,15,8956.570312
-240.574313,17,8963.352633
-192.445034,18,8970.53861
-398.223217,25,8980.439938
-332.843982,14,8987.088529
-315.259722,22,8995.994831
-252.963982,17,9002.148598
-273.701604,16,9007.832489
-176.592397,17,9013.802538
-303.271965,19,9021.526166
-273.101257,15,9027.42676
-247.230944,17,9039.648046
-224.947166,18,9050.798873
-239.125283,20,9058.928667
-291.312698,19,9065.427248
-303.189722,19,9073.972872
-308.210381,15,9079.068383
-262.667745,21,9088.117609
-289.460437,23,9096.938546
-153.875551,11,9101.191174
-278.287039,16,9107.418068
-336.164888,14,9112.836456
-313.398202,16,9118.752584
-348.38628,23,9126.408906
-251.567842,19,9133.46975
-274.114762,16,9140.270715
-194.657911,22,9148.817569
-169.378324,13,9154.36415
-273.771717,20,9161.762068
-235.959958,13,9166.132604
-232.635006,18,9172.458324
-207.423692,20,9179.628448
-242.120938,18,9188.289337
-336.687922,16,9193.731676
-305.628925,20,9200.640509
-223.755787,23,9209.644611
-296.848344,18,9217.427909
-303.362387,17,9223.169961
-315.086391,14,9229.028054
-151.637473,13,9233.590862
-210.073123,19,9241.025356
-217.636246,17,9247.309281
-241.421929,17,9253.82695
-312.085018,12,9258.459898
-209.7798,24,9268.921591
-212.793178,13,9274.135141
-278.878999,21,9281.32263
-254.635006,17,9287.014881
-303.940982,21,9294.842298
-291.02935,16,9300.968291
-311.953025,21,9309.337326
-239.523131,22,9316.924994
-282.414049,12,9320.8896
-309.84885,19,9328.689345
-183.629532,19,9336.914497
-258.812528,20,9343.920041
-244.640933,23,9351.780111
-205.477949,17,9358.249661
-312.932311,12,9362.802963
-217.43232,17,9369.512956
-231.739378,20,9376.969401
-238.786018,14,9381.935832
-310.645571,19,9390.755101
-363.394323,24,9398.802771
-320.809405,15,9404.704551
-215.790239,17,9410.720272
-256.376915,16,9416.788431
-254.110074,15,9423.309561
-297.350535,22,9432.998723
-268.912667,18,9439.559645
-266.789047,16,9444.835849
-256.971556,19,9451.398683
-246.741743,18,9457.979923
-268.781069,20,9465.37493
-307.52989,20,9474.357171
-243.07264,14,9481.175466
-291.534915,12,9486.747508
-269.938135,17,9494.663129
-273.862623,17,9501.350599
-249.677041,21,9510.032925
-241.748931,18,9516.332392
-299.477558,23,9524.364018
-314.559425,16,9530.34922
-157.226278,17,9536.031113
-326.363522,19,9542.715107
-296.976373,16,9550.330034
-220.102322,21,9557.634382
-143.789369,15,9562.913708
-276.406502,18,9570.293212
-275.636639,10,9574.287124
-278.522739,20,9580.780033
-237.108292,17,9587.588502
-292.538196,20,9596.242159
-238.157154,19,9604.364996
-338.473921,16,9611.006831
-264.212392,18,9617.914196
-249.252542,14,9623.604746
-260.929251,18,9631.16357
-195.034135,16,9636.496779
-198.548804,22,9644.098802
-283.591775,17,9651.402848
-298.693611,19,9659.592412
-262.53479,14,9667.159887
-288.720082,21,9676.009078
-295.941283,16,9682.325923
-216.29385,18,9688.828686
-203.828965,20,9695.950169
-303.956311,17,9703.240272
-271.806051,21,9781.717931
-216.624141,18,9789.797039
-260.876379,20,9798.191863
-250.88677,18,9803.979568
-279.88175,21,9811.017029
-307.349472,19,9819.649288
-262.094865,17,9828.103867
-280.147676,13,9832.447619
-242.468562,17,9840.188347
-286.896757,16,9849.307447
-253.2701,20,9856.57408
-281.870224,13,9860.944652
-327.106567,15,9867.027228
-266.397675,18,9873.672835
-227.523649,18,9881.322699
-293.931502,21,9888.823806
-264.777798,21,9897.151702
-334.167663,14,9902.61685
-197.166125,23,9910.542683
-272.268291,9,9915.795963
-301.660493,14,9920.531229
-204.433658,17,9927.735699
-257.199366,15,9932.991599
-230.214942,20,9940.20114
-200.631114,22,9948.591426
-230.782733,22,9957.443865
-274.859754,11,9962.578036
-187.558569,15,9968.615916
-247.74382,20,9975.727103
-297.401197,15,9981.572265
-248.438248,21,9989.937739
-267.564243,17,9995.708024
-237.225048,18,10003.287332
-313.456844,14,10008.004664
-293.145267,23,10018.069141
-237.421438,16,10023.402609
-278.756317,21,10032.083794
-298.583013,21,10042.491351
-197.581826,15,10048.161781
-234.241421,19,10055.138234
-239.59516,20,10061.73725
-289.311132,16,10067.98078
-266.29261,18,10074.456616
-249.26264,15,10079.539812
-270.263104,14,10085.123642
-240.924478,18,10093.040822
-318.827502,18,10098.788183
-235.487366,14,10103.551417
-143.770407,16,10110.361433
-257.676705,14,10115.486012
-268.79212,20,10121.959907
-264.185463,14,10127.862485
-257.214413,15,10135.069952
-262.180616,18,10142.509937
-165.868021,15,10147.869237
-244.061139,17,10157.039254
-286.232022,17,10162.801583
-242.810473,16,10168.442119
-296.16176,13,10173.85371
-253.430753,12,10178.426846
-224.527122,20,10185.545844
-243.011752,19,10195.071525
-258.00475,14,10199.753592
-303.941657,20,10208.242312
-283.935379,12,10213.740495
-301.157094,16,10221.399424
-286.789752,14,10226.303633
-202.511454,18,10233.354782
-260.490792,11,10239.763785
-264.500455,16,10245.262712
-283.885919,21,10253.546874
-244.70861,19,10259.621523
-267.312732,22,10270.734159
-274.49744,16,10276.208821
-195.586681,16,10282.270873
-280.33654,13,10287.64341
-190.126332,17,10297.124213
-199.7842,21,10305.120734
-198.484759,19,10312.935285
-246.151364,17,10319.234879
-212.388713,23,10328.501907
-345.493805,17,10334.571879
-308.054229,16,10339.867618
-193.113659,9,10344.081741
-274.117733,21,10351.72299
-344.965988,15,10357.695129
-240.970198,12,10362.925511
-261.158148,18,10370.676746
-213.31667,20,10377.290832
-295.0701,21,10384.905492
-285.229507,17,10391.007884
-201.714439,19,10397.829023
-201.112967,18,10404.329602
-162.085445,9,10407.619078
-235.007714,13,10412.698451
-276.618311,15,10418.941867
-287.840122,16,10424.683609
-284.224397,15,10431.821786
-336.056452,17,10438.305142
-294.226032,18,10444.656801
-276.841684,18,10451.889926
-275.271401,18,10458.173301
-378.383081,21,10467.965217
-283.233345,13,10472.833134
-261.223909,14,10479.07864
-315.639227,16,10485.659569
-265.364764,12,10491.869859
-438.504256,16,10498.009542
-162.402044,15,10502.929146
-226.610363,21,10511.211133
-370.887505,15,10516.484062
-243.42146,20,10526.514222
-392.72976,20,10534.919945
-340.273663,17,10540.905874
-249.392424,22,10548.987285
-267.594417,19,10555.53449
-250.056181,19,10562.256156
-274.702888,15,10567.953429
-225.786977,19,10575.590056
-263.778299,17,10581.279772
-188.242677,13,10585.833132
-325.366288,17,10593.313915
-291.023824,13,10598.243159
-174.062086,17,10604.047325
-157.14129,11,10608.243433
-302.496035,14,10614.336051
-164.697079,15,10620.997573
-217.037031,18,10627.59737
-245.887132,22,10636.78199
-290.454219,17,10642.740377
-260.615545,17,10648.9103
-230.722735,16,10654.086447
-207.61164,19,10663.002403
-235.684193,15,10668.578052
-289.605477,17,10676.465468
-319.691966,15,10681.647818
-391.128041,14,10686.676029
-277.582234,16,10692.984192
-181.181178,16,10698.319143
-213.629067,19,10705.970279
-221.304286,15,10711.220253
-343.013961,18,10718.30333
-245.936609,20,10726.569494
-308.834735,15,10731.700341
-292.085134,12,10738.482762
-233.486525,16,10746.747142
-246.141453,23,10754.750089
-248.456269,14,10761.69715
-238.76469,22,10770.501709
-286.546271,11,10774.038323
-274.769526,14,10780.326195
-253.197919,15,10785.957176
-304.616845,18,10795.058271
-316.019088,21,10803.334643
-267.365502,14,10808.420843
-166.868838,17,10814.878311
-242.520399,15,10820.48737
-271.421468,19,10829.366299
-235.646494,19,10836.778718
-352.475026,14,10841.666174
-238.287292,12,10846.771297
-342.298026,22,10854.529195
-253.408633,17,10862.93213
-339.799557,16,10869.096133
-278.545316,18,10875.609926
-292.176837,20,10882.899007
-296.955528,16,10889.4655
-315.786112,18,10895.79903
-232.620524,19,10904.159834
-220.76694,21,10913.655124
-293.541406,17,10922.073277
-337.326706,17,10930.757629
-291.699859,20,10937.404796
-281.971449,14,10943.851198
-276.101683,17,10951.162017
-180.476649,12,10956.192702
-218.034432,18,10962.466844
-223.927782,19,10970.308363
-319.11274,18,10976.448467
-288.860249,22,10984.942359
-209.644012,20,10994.026788
-289.379413,19,11000.778106
-319.535392,19,11007.510606
-268.391762,19,11014.263742
-267.846358,17,11021.073543
-340.844383,17,11026.872126
-311.703061,13,11033.340905
-180.889416,24,11043.007629
-237.296425,20,11053.406645
-267.139491,16,11060.628255
-308.609707,25,11068.673575
-201.404064,25,11077.042131
-287.286455,18,11083.065566
-307.478195,24,11093.137568
-242.178273,19,11100.050692
-214.993938,19,11107.00221
-298.4704,12,11111.695566
-280.740817,19,11118.30377
-200.554561,17,11124.247588
-339.975583,21,11132.622143
-279.64801,19,11138.875927
-256.036625,19,11146.908313
-261.979091,15,11152.747051
-259.232065,15,11159.071503
-338.330807,21,11168.759591
-273.723277,13,11173.640629
-262.472605,17,11179.919383
-245.220252,15,11187.172559
-222.788486,17,11192.879043
-311.32299,18,11199.063821
-301.987096,12,11202.588873
-307.910009,14,11207.98797
-276.018714,13,11215.499813
-227.866057,19,11224.903137
-278.713936,16,11231.615724
-237.963591,18,11238.744222
-331.799816,21,11246.372708
-234.176792,17,11253.930273
-215.598699,19,11260.46412
-290.256715,15,11268.877907
-226.687901,19,11275.45278
-298.547796,16,11281.382913
-275.90775,17,11287.422303
-261.738362,22,11295.03158
-229.382325,18,11301.03025
-247.204697,16,11307.834777
-362.817739,15,11314.502155
-340.493675,15,11320.69313
-206.642604,22,11327.62438
-291.801444,16,11333.222885
-215.862529,17,11339.500072
-283.65362,19,11348.241158
-247.43131,14,11353.957426
-229.966562,17,11359.925004
-370.571495,23,11368.337682
-224.3836,14,11373.523329
-279.241181,21,11381.585945
-450.285704,19,11388.255783
-330.426202,18,11394.512545
-213.202363,20,11401.522728
-323.820433,22,11409.776868
-282.567922,12,11414.600199
-304.149803,10,11418.491082
-222.507539,17,11425.561897
-232.186786,20,11433.162725
-320.34866,19,11440.078167
-296.205257,18,11447.190999
-238.670029,14,11453.72098
-250.137111,14,11458.242325
-237.051546,21,11467.181263
-183.285072,22,11475.874683
-127.764067,17,11482.227243
-295.507294,15,11488.868506
-268.627496,15,11499.080662
-119.330301,14,11505.601738
-265.675193,15,11510.358747
-218.039881,17,11516.335766
-250.1421,21,11524.358661
-369.683697,24,11533.551603
-240.865916,20,11542.464146
-230.187325,21,11549.754011
-261.399104,17,11556.08332
-293.035383,19,11564.298735
-212.530012,19,11571.164155
-245.311605,15,11576.356085
-244.228338,14,11581.61549
-290.701255,18,11590.084126
-359.905954,12,11595.169662
-134.533292,17,11600.872514
-263.640586,21,11610.37104
-274.584472,20,11617.929281
-275.143021,16,11623.738817
-157.244415,18,11630.339397
-299.814345,18,11637.871957
-289.479095,17,11644.180861
-339.5039,12,11649.478366
-266.558352,15,11656.912361
-247.092618,18,11663.443037
-217.566465,17,11669.717556
-232.399501,18,11676.573941
-344.404712,17,11683.305066
-289.933496,18,11690.075481
-280.790728,21,11697.729313
-251.531215,20,11705.015366
-267.971944,14,11712.066211
-266.287783,21,11719.905619
-268.105071,15,11726.093816
-213.937528,15,11734.261515
-226.290367,20,11743.359509
-254.59029,23,11751.79623
-206.17084,22,11759.267329
-236.341776,19,11765.469909
-404.48721,15,11773.264596
-295.910212,18,11780.420092
-304.509285,10,11784.177792
-275.676127,18,11790.512415
-188.268807,17,11797.818015
-286.041306,19,11805.560908
-284.467402,17,11813.51896
-267.995621,13,11817.390712
-294.258468,18,11823.941397
-262.869321,17,11830.737713
-235.012831,20,11841.849622
-242.602463,17,11847.589984
-255.513028,18,11855.05553
-213.160829,16,11860.703108
-202.424526,19,11867.865327
-289.403832,18,11874.513516
-251.013622,17,11880.822234
-355.192891,13,11885.18829
-290.364127,17,11891.826439
-283.654628,16,11897.392578
-253.834425,19,11905.217803
-219.342685,20,11914.190786
-230.105239,19,11920.609397
-281.898074,19,11927.29775
-261.177009,21,11936.226066
-221.878553,17,11944.812246
-222.596366,20,11953.086182
-172.685313,22,11960.836788
-247.680397,20,11967.876459
-270.49577,17,11973.59885
-251.717664,16,11979.334539
-288.556751,20,11986.047909
-282.719122,16,11991.723988
-286.074717,16,11998.720391
-296.278461,18,12005.231414
-239.247298,20,12013.315681
-295.688764,15,12020.992677
-329.499869,23,12029.392529
-222.239047,23,12037.583333
-257.802937,22,12046.435932
-234.69444,16,12051.735939
-329.373575,18,12059.540463
-140.775073,17,12065.689341
-225.504663,19,12072.112059
-271.095892,17,12079.105148
-335.150369,16,12085.345148
-296.648004,17,12093.23071
-290.391207,16,12099.881535
-283.081352,20,12106.252064
-280.081485,12,12110.56795
-263.310661,13,12115.332274
-199.639887,21,12123.959824
-278.345035,14,12128.983091
-254.171684,15,12135.975385
-218.825681,16,12142.79307
-222.944313,18,12152.25941
-245.082954,17,12159.585377
-270.032365,17,12168.300977
-225.365878,17,12176.136307
-298.179686,12,12180.277806
-291.170245,9,12186.340801
-229.501776,19,12192.843777
-195.847513,21,12200.828057
-216.4727,18,12207.671923
-256.572173,16,12213.440262
-271.262725,24,12222.895645
-232.528846,18,12229.654487
-311.73177,10,12234.841123
-278.002148,16,12241.911611
-244.382835,18,12249.238225
-234.679919,18,12257.411076
-301.315275,19,12264.095371
-248.162915,16,12270.734362
-241.526253,20,12278.394942
-319.807372,17,12286.238742
-224.957025,19,12293.135495
-286.845105,14,12298.13245
-362.203862,18,12304.790425
-291.093652,20,12311.779318
-252.414814,13,12318.414985
-287.516821,18,12326.238973
-273.652392,12,12334.364107
-249.446935,20,12341.969505
-264.681873,21,12348.786625
-353.174866,20,12356.583795
-234.264175,18,12363.087473
-262.784448,12,12368.901286
-307.349621,17,12375.944967
-253.050502,17,12384.557054
-289.300414,15,12390.479388
-290.207424,19,12399.699116
-247.533553,16,12405.540166
-275.797812,20,12413.059019
-236.911453,19,12419.934865
-282.32857,9,12424.594648
-173.076422,19,12431.562199
-251.773316,24,12440.631691
-318.104233,20,12448.164323
-280.761862,14,12454.201685
-346.440142,18,12460.714816
-134.578185,11,12464.619888
-278.630117,17,12471.779263
-275.823979,14,12477.818477
-253.331996,13,12482.57322
-263.683421,15,12488.022132
-273.445438,16,12496.176045
-235.862881,19,12502.57788
-301.450431,11,12506.556757
-230.709993,18,12513.891532
-225.632114,20,12522.70566
-241.62443,18,12529.548225
-278.040464,13,12533.799611
-262.522979,11,12537.754734
-210.999652,21,12546.249645
-226.933222,17,12551.774765
-249.56851,19,12558.403576
-221.396178,21,12565.153112
-226.345062,20,12572.775035
-230.925852,20,12580.546161
-341.246498,20,12587.596522
-238.456158,16,12593.271555
-223.073992,16,12600.914113
-307.226659,20,12608.796932
-307.319093,17,12614.79978
-141.49104,11,12618.503658
-253.221128,11,12622.526438
-286.394102,19,12629.583218
-253.50877,20,12637.437288
-217.364308,20,12644.634161
-251.755326,19,12651.436114
-302.272743,19,12658.707576
-164.162929,20,12665.203708
-274.834941,19,12671.795634
-232.959258,22,12679.894814
-313.613279,16,12686.998885
-109.457732,12,12692.518823
-180.915465,12,12697.834077
-374.507855,19,12705.798627
-248.19173,17,12713.418106
-271.282367,20,12720.596286
-223.746772,21,12729.442779
-241.952989,15,12735.573158
-412.307459,19,12742.502701
-330.945172,19,12749.5996
-302.335902,21,12758.5071
-246.65706,19,12765.689938
-249.162937,21,12773.479925
-279.547569,14,12780.39877
-251.689107,18,12787.304558
-233.607822,23,12796.126062
-213.254092,21,12803.242174
-227.409224,16,12808.5829
-273.466948,22,12815.942364
-220.887654,25,12824.411074
-172.025317,17,12830.464291
-246.46689,21,12839.652978
-280.319584,17,12845.172124
-362.787411,16,12852.501312
-306.744685,16,12857.730048
-346.040304,19,12865.803929
-341.677139,17,12872.302984
-307.213926,21,12881.368549
-244.526867,21,12890.500683
-335.261402,23,12900.216056
-237.814453,18,12906.498538
-285.163957,17,12913.396137
-258.101416,20,12920.935608
-232.212488,13,12925.774029
-202.298326,20,12932.9139
-285.817532,16,12938.959677
-267.319115,17,12945.752612
-216.796152,18,12951.703043
-228.41581,22,12958.946872
-291.432871,12,12965.072849
-240.773934,18,12971.539239
-248.521587,18,12978.48676
-260.460679,22,12986.894083
-313.799315,19,12993.325291
-254.467997,18,12999.962729
-274.723479,20,13006.957623
-194.613505,17,13014.334169
-226.759222,13,13018.729447
-278.387014,19,13024.89066
-287.565962,14,13030.776735
-283.614931,17,13037.021306
-176.554539,20,13044.115617
-264.402577,12,13049.314462
-278.637422,16,13055.640356
-253.351722,17,13061.384228
-286.718448,15,13137.439716
-237.755933,18,13144.629268
-228.390879,14,13149.750145
-191.195758,18,13156.287732
-265.476364,19,13163.094939
-225.697394,19,13169.874142
-313.075631,22,13178.588081
-226.776015,15,13184.044054
-182.510247,19,13190.730689
-378.198784,18,13197.03994
-198.208423,17,13203.51744
-178.676685,16,13211.09476
-358.206519,21,13219.716784
-270.091604,10,13225.185458
-212.528506,18,13231.29014
-282.104712,14,13236.147156
-266.884842,12,13240.550791
-243.56354,19,13246.990607
-319.707685,18,13254.209597
-385.387844,19,13261.558118
-271.070439,17,13267.634374
-285.215967,21,13276.147785
-261.222551,19,13283.472377
-261.934282,18,13290.689213
-259.683751,18,13297.725243
-319.742339,18,13306.549865
-178.187035,16,13312.199137
-268.850378,15,13317.481618
-200.548664,19,13323.52896
-261.0916,20,13330.703315
-105.360721,16,13336.453584
-268.272321,20,13344.153682
-248.55935,20,13351.77983
-249.508201,16,13357.458693
-228.356572,18,13363.682925
-288.925063,12,13367.451094
-284.988418,23,13376.652057
-224.840808,19,13384.650471
-284.434236,15,13391.47694
-244.535274,21,13400.903033
-216.386838,16,13407.527005
-305.0298,15,13413.552016
-241.253465,23,13423.66364
-310.071219,23,13432.482854
-188.026697,19,13439.480788
-251.124266,16,13446.724704
-252.049779,22,13455.430019
-222.080347,18,13464.168106
-259.762183,19,13471.746576
-255.093398,17,13479.665677
-298.395687,15,13485.885763
-207.359677,23,13494.170735
-184.502481,27,13503.304968
-324.966042,19,13509.84804
-305.520188,14,13517.072829
-327.400994,20,13526.164239
-322.915854,21,13535.474118
-201.25094,20,13546.120714
-215.943428,19,13553.154994
-289.284219,18,13561.318478
-242.486509,15,13567.405858
-137.706135,19,13576.981835
-313.717407,14,13582.869774
-201.539063,13,13588.155699
-367.36007,17,13595.975822
-256.958251,15,13602.383429
-276.692298,11,13608.180664
-275.982365,20,13615.02173
-252.761888,19,13621.438173
-259.079235,13,13627.015421
-229.773259,19,13633.297997
-243.597488,18,13639.243311
-304.272769,20,13646.799016
-359.394277,16,13653.195981
-319.621298,17,13658.914873
-276.109819,20,13665.727465
-258.652289,16,13671.530566
-184.977054,18,13677.256645
-250.330645,18,13684.528687
-244.665615,18,13691.158943
-234.485534,18,13697.693396
-191.461593,19,13705.127617
-171.52355,14,13713.825216
-233.390806,21,13721.119713
-321.375329,19,13728.951542
-267.975212,17,13735.549856
-267.562593,21,13742.681505
-268.631324,17,13749.53197
-197.459249,18,13755.708378
-433.51433,20,13764.544496
-150.417809,13,13769.326035
-275.821685,18,13775.351507
-232.003594,20,13783.086284
-236.107947,18,13789.046639
-263.022068,13,13794.392505
-252.940372,17,13800.366516
-239.704718,19,13806.857213
-253.688675,21,13815.063391
-358.690113,16,13820.292991
-235.562822,17,13826.388449
-237.847983,18,13832.957238
-314.848051,20,13840.382701
-277.672513,18,13848.394061
-263.368826,18,13854.853883
-236.239497,20,13862.071671
-232.272701,19,13869.947135
-222.004135,21,13878.470066
-303.002798,17,13884.510389
-236.874538,23,13892.025207
-242.218065,18,13898.019246
-211.616407,19,13904.639318
-173.500449,15,13910.149724
-248.760893,21,13918.411711
-136.082505,17,13925.100332
-215.997745,21,13933.888768
-243.908067,22,13941.350403
-225.373402,18,13948.833861
-326.01348,14,13954.53238
-286.289206,23,13963.109099
-258.167745,15,13968.897283
-341.182754,21,13977.465613
-198.226752,22,13984.489412
-236.738975,12,13992.294589
-316.885835,17,13999.482944
-263.235425,19,14007.267234
-247.715455,19,14016.709818
-267.664335,20,14027.387487
-261.537836,16,14034.631628
-218.791492,17,14042.097808
-262.452963,17,14048.672748
-276.211102,19,14058.107422
-238.554895,21,14066.242162
-255.270034,20,14074.882569
-266.59096,15,14080.201656
-267.660391,19,14088.155746
-253.67609,16,14096.289042
-236.569627,22,14104.868463
-237.329538,16,14110.585571
-332.67743,21,14118.937275
-248.969305,14,14126.398422
-259.999746,18,14134.936432
-287.126215,18,14141.793899
-234.026338,17,14148.345423
-244.491209,16,14155.473215
-275.786005,18,14162.723353
-227.701128,20,14174.880744
-253.179572,18,14181.692811
-304.886456,21,14190.4853
-183.930249,16,14198.48978
-299.784094,23,14207.936956
-262.602268,15,14214.108636
-311.497935,12,14218.287793
-208.531496,19,14225.580692
-292.608342,17,14232.092875
-293.599893,21,14242.939314
-341.783424,16,14250.391019
-315.88439,19,14257.959306
-251.136138,24,14267.158865
-249.939089,15,14273.220972
-288.420841,24,14281.642052
-253.825184,23,14289.498903
-325.13098,21,14297.549982
-215.293255,22,14305.478534
-294.626437,15,14310.79713
-214.886325,19,14317.278162
-222.726819,15,14323.220862
-216.312608,17,14328.642065
-283.809607,21,14336.932092
-270.226747,17,14343.430527
-284.055546,20,14351.383844
-269.755966,14,14356.382128
-244.732586,20,14362.909401
-244.734158,17,14368.575619
-218.550726,18,14376.223221
-246.982761,20,14382.76303
-310.832739,17,14389.227653
-345.221973,15,14396.455485
-261.59207,19,14402.55421
-230.434368,22,14410.460657
-245.998336,17,14418.30124
-311.612096,16,14426.345674
-231.686096,17,14432.214722
-183.212784,13,14436.716317
-147.505997,20,14443.338289
-198.142045,20,14450.338821
-285.869116,19,14456.772513
-230.233559,17,14462.409842
-244.330767,15,14470.666999
-396.451238,20,14479.297859
-209.015212,19,14488.15499
-199.279764,23,14495.972483
-235.091808,22,14503.743042
-265.932458,16,14509.872699
-284.394659,9,14514.587439
-259.717965,14,14519.543284
-253.937299,21,14528.237112
-235.908118,17,14534.206103
-281.664246,14,14539.219736
-320.781556,11,14543.928657
-219.660343,22,14551.233182
-192.685723,18,14557.467278
-191.986551,19,14564.265087
-239.730955,19,14570.434169
-233.51932,13,14577.336134
-220.322875,18,14585.363175
-174.269302,19,14592.962457
-221.904432,17,14598.797962
-177.900294,15,14603.851914
-220.648522,18,14610.502006
-213.637903,24,14618.769515
-140.840593,18,14626.136456
-239.213162,23,14635.923107
-264.434035,17,14641.714832
-269.469375,18,14648.265763
-265.57929,14,14653.428009
-293.049018,12,14657.687111
-239.606879,18,14664.845487
-219.586448,21,14671.742981
-244.083183,17,14679.080015
-292.156464,17,14685.382763
-295.690208,21,14693.89243
-315.038767,16,14699.701451
-218.332032,20,14706.267643
-250.721667,19,14713.825414
-272.956362,14,14720.271871
-320.248227,19,14726.371068
-234.508623,23,14735.527483
-206.714834,20,14742.229481
-229.705473,18,14749.429017
-239.389877,21,14756.898424
-240.81047,17,14765.661811
-223.745767,18,14771.97012
-180.994982,19,14780.065616
-218.185748,14,14785.713568
-213.964232,20,14793.259944
-148.55849,21,14800.552922
-261.706599,15,14809.066666
-278.242759,19,14820.031902
-130.542474,20,14826.803571
-221.874099,16,14833.529637
-209.00071,19,14841.00578
-208.080233,17,14847.215446
-263.767844,19,14853.286013
-292.898055,17,14860.254744
-289.211767,15,14865.202845
-233.098245,20,14872.538699
-296.119728,16,14879.030599
-273.284746,20,14886.728679
-289.272837,24,14895.223389
-147.708062,16,14900.771392
-256.984063,19,14908.70955
-212.224051,16,14913.660956
-246.977918,22,14921.780263
-323.576571,9,14925.520469
-258.024661,11,14931.010691
-244.45628,22,14938.564214
-294.315382,15,14945.586341
-256.984013,20,14952.762072
-246.542547,13,14957.219107
-251.709347,19,14965.666564
-269.266765,18,14973.056158
-400.756539,21,14979.96637
-263.913361,20,14986.923999
-266.766166,22,14996.098497
-241.115861,21,15003.813379
-269.446441,15,15008.749341
-271.654529,14,15014.311555
-235.404483,21,15022.461455
-212.038574,20,15029.677777
-224.79289,17,15037.760013
-246.506843,14,15044.073439
-228.121477,21,15052.582972
-264.019305,20,15061.404986
-255.262663,17,15068.863177
-347.829601,17,15077.252369
-233.932315,15,15084.281143
-225.674028,23,15092.224318
-202.092884,22,15101.005074
-346.441946,19,15108.191647
-249.384874,18,15115.71172
-221.459655,21,15123.646417
-376.44151,16,15130.311472
-294.016586,18,15136.875495
-235.763789,20,15145.810234
-305.362433,17,15152.581058
-214.745273,17,15159.416987
-242.468085,16,15164.974203
-235.352223,18,15170.912721
-211.860569,19,15179.721071
-240.780081,19,15187.701998
-222.020969,17,15196.553329
-288.085556,16,15201.911284
-251.943692,18,15208.265036
-280.642835,20,15215.782542
-246.189233,22,15224.851182
-289.120744,19,15231.902944
-287.837353,19,15238.025686
-248.185655,14,15242.630922
-227.532272,21,15251.670822
-139.988867,16,15258.289277
-188.397778,18,15264.731254
-114.831312,11,15268.433974
-239.299661,17,15274.340572
-237.056801,21,15281.577459
-299.489866,16,15287.496594
-289.028792,11,15291.608189
-286.63235,19,15301.765262
-237.686418,22,15310.300467
-262.070725,17,15316.544598
-296.248625,18,15322.71695
-247.445409,17,15328.847225
-256.166784,10,15332.930925
-221.722369,21,15341.00288
-276.057399,16,15348.693113
-251.540335,17,15354.522538
-296.49319,17,15360.761981
-241.30638,15,15365.805563
-250.25986,20,15373.660177
-239.573652,20,15382.016178
-356.866162,12,15387.41668
-297.988976,17,15393.054123
-276.332044,16,15399.17383
-215.583264,20,15406.064823
-201.081072,22,15414.520898
-299.716307,18,15424.36841
-289.069772,13,15428.815647
-209.027488,23,15437.915715
-241.437454,21,15445.170473
-280.884238,16,15451.864645
-292.345953,15,15457.065373
-274.52013,15,15462.488579
-245.196667,18,15468.647422
-225.099636,18,15475.545086
-264.912578,14,15480.991331
-260.832281,16,15487.490093
-199.304076,18,15495.668705
-221.471186,22,15504.085439
-281.652487,15,15510.547021
-235.038385,21,15518.272991
-259.420369,17,15526.252018
-344.814075,12,15533.988954
-236.758419,16,15540.259962
-237.118205,24,15549.823752
-280.366192,17,15556.037315
-319.489126,13,15560.771178
-297.725717,11,15566.125263
-313.766645,12,15572.272664
-241.855384,13,15578.105922
-249.755937,19,15584.868482
-219.810114,19,15591.633814
-313.219068,11,15595.673898
-261.024907,17,15601.314261
-290.280705,12,15606.107942
-239.951324,20,15613.823159
-364.887595,13,15621.412328
-240.393606,17,15628.728334
-260.272088,20,15634.907679
-257.068885,17,15640.945608
-174.708095,15,15648.455667
-157.475911,15,15653.581747
-234.382106,18,15661.954774
-285.58323,24,15670.181371
-211.785485,18,15676.581629
-256.689382,15,15683.294772
-280.109331,18,15689.481939
-304.781573,12,15693.859003
-242.278367,17,15699.920828
-222.216765,12,15704.115425
-214.948166,14,15709.315694
-229.501926,14,15714.9845
-215.528319,22,15723.169553
-255.786473,14,15728.402882
-261.368554,14,15732.793594
-307.012092,23,15742.2737
-291.946339,22,15751.00177
-258.93298,19,15758.397393
-194.67958,15,15763.901009
-169.440846,22,15772.191663
-207.182569,18,15780.058166
-233.677058,16,15785.998354
-138.970874,16,15790.946034
-323.292164,19,15799.542408
-285.933803,13,15805.227972
-280.9222,23,15814.737333
-307.795122,13,15818.885512
-329.607342,16,15827.183474
-255.607905,14,15832.446437
-239.9562,20,15839.48538
-172.494422,12,15844.109773
-280.481532,19,15851.324751
-214.455601,21,15858.502834
-289.790694,10,15862.670547
-303.780234,18,15869.5164
-235.502911,15,15877.011705
-226.313105,20,15884.84357
-289.557968,14,15889.940099
-316.07854,12,15893.850421
-204.329825,20,15901.328633
-174.814846,11,15905.724861
-235.99703,17,15912.229421
-221.427579,23,15921.142182
-316.824095,14,15925.903416
-195.043457,12,15931.230818
-275.803138,18,15938.287499
-285.253979,18,15945.064752
-265.401506,19,15951.228699
-228.70299,21,15959.409523
-286.20381,17,15965.286398
-291.122393,17,15972.165763
-266.188833,19,15979.844946
-182.164404,16,15985.266652
-173.069133,12,15989.415618
-244.715805,12,15994.349374
-237.307514,18,16001.258954
-167.354791,20,16007.985594
-286.528148,19,16014.272002
-291.208229,14,16019.110473
-291.343273,12,16023.371734
-116.405168,14,16028.219871
-270.264124,18,16034.122858
-264.177425,17,16041.814242
-277.314287,22,16051.149257
-218.795892,18,16058.686672
-281.839379,19,16065.438734
-238.582676,22,16073.121717
-352.422866,20,16081.023314
-283.143621,20,16090.041496
-216.249586,22,16098.698815
-247.068406,18,16105.74854
-175.372354,21,16113.767776
-230.897047,22,16121.155398
-311.237418,16,16126.94047
-236.422435,17,16133.26517
-289.644757,21,16140.115694
-226.136551,14,16145.460136
-221.824752,17,16151.838474
-305.896392,23,16160.697827
-240.83446,20,16167.408012
-240.72237,21,16176.554527
-213.646853,16,16182.97196
-162.391563,13,16186.951406
-289.392012,13,16192.705426
-240.050992,12,16197.435535
-209.667564,18,16203.616909
-242.54098,13,16208.413208
-256.309361,16,16214.344105
-236.348713,20,16223.428715
-245.079973,18,16229.625617
-267.387663,16,16236.688132
-230.650907,18,16242.68373
-215.559381,18,16250.484586
-311.338729,21,16257.184282
-235.277058,20,16264.909526
-255.856451,15,16271.85278
-217.830848,22,16281.348285
-350.018236,13,16287.283635
-234.017752,17,16293.992116
-263.643983,17,16300.041996
-248.270051,22,16310.287476
-285.712617,19,16318.306866
-207.084792,22,16326.117176
-204.5932,16,16332.337246
-264.010607,19,16340.152753
-236.915832,18,16346.609799
-308.000089,17,16355.088546
-182.064651,12,16362.382272
-287.611915,18,16368.821726
-342.005277,19,16376.167389
-281.897296,19,16383.780196
-248.860744,17,16389.556979
-285.704118,16,16395.384016
-311.182775,16,16476.821664
-305.311412,18,16484.096574
-262.10319,18,16490.12857
-198.015398,15,16496.208206
-303.007945,14,16503.426676
-277.513741,21,16511.11623
-231.712189,18,16517.504721
-222.443374,11,16522.024526
-142.341552,17,16527.871677
-245.517571,17,16534.701593
-286.622674,15,16539.909235
-236.029605,17,16546.372314
-236.464093,14,16551.434349
-176.472598,18,16558.288001
-267.347778,19,16565.78639
-223.139526,23,16575.198779
-165.14605,15,16580.503125
-253.156431,14,16585.936655
-189.2248,15,16591.544127
-206.332604,21,16599.235824
-285.807147,21,16606.78442
-202.096226,18,16614.192544
-197.252068,20,16623.599284
-329.755191,13,16629.516991
-295.741834,15,16635.658919
-196.612976,20,16643.713181
-289.898169,16,16649.170354
-275.163743,21,16656.130974
-272.780671,19,16663.480741
-223.724177,18,16671.663542
-271.443914,18,16678.499763
-234.996546,19,16685.108278
-429.40798,17,16691.601185
-221.726176,20,16698.478819
-234.956885,23,16706.089881
-214.629823,16,16713.389414
-285.511966,16,16721.415836
-213.176428,20,16728.871531
-269.703951,15,16735.220552
-298.044711,19,16742.753162
-263.707345,18,16750.227135
-228.025544,15,16756.925886
-251.570443,18,16763.800255
-286.785211,15,16769.75072
-158.659584,17,16776.278734
-271.535739,16,16783.800067
-288.840805,16,16790.731677
-197.190174,17,16797.048998
-247.754226,15,16802.660264
-260.486053,22,16810.138476
-200.363147,20,16817.085127
-289.602856,18,16823.410924
-299.307733,22,16832.826451
-332.510297,15,16838.379928
-225.461455,15,16843.51414
-276.30987,17,16850.309899
-188.906522,21,16858.532329
-287.769206,15,16863.895833
-272.579698,19,16871.454872
-257.381273,18,16878.150603
-301.914662,18,16884.650348
-318.636837,17,16892.351426
-239.320579,21,16900.513754
-293.507629,20,16908.370143
-322.480998,22,16920.132818
-227.401572,19,16927.389965
-280.00988,18,16933.738307
-254.996456,24,16941.615136
-162.816495,11,16945.49803
-269.455597,16,16951.162581
-215.362446,14,16956.659534
-208.915236,18,16963.197403
-245.876346,17,16969.123595
-260.407486,19,16976.310857
-239.32111,16,16981.649929
-156.467302,19,16988.181989
-328.873371,13,16993.338169
-228.503352,20,17001.392203
-267.588233,18,17007.4171
-219.86094,20,17014.223403
-280.936475,15,17020.948009
-257.245169,20,17027.668075
-228.936446,13,17032.361651
-203.5506,20,17039.026099
-198.497888,22,17046.656249
-218.642017,21,17055.034178
-257.46981,13,17060.943138
-224.649657,18,17067.254354
-285.874525,20,17074.195283
-259.350574,14,17079.360233
-295.343575,17,17085.433103
-281.845124,17,17091.968891
-348.332175,17,17097.6756
-234.870732,21,17107.326598
-274.059597,19,17115.336714
-223.382407,22,17124.916144
-205.996756,17,17132.848118
-263.19507,24,17141.370401
-307.308716,19,17147.832208
-233.851196,17,17153.968885
-297.110948,18,17160.626829
-184.777814,20,17167.249627
-195.75258,18,17174.939755
-259.698076,22,17182.22544
-249.55936,20,17189.156551
-299.161928,23,17198.250663
-227.333699,20,17206.423002
-288.609952,16,17213.239259
-187.541834,15,17218.785045
-263.528978,22,17226.633225
-169.7722,14,17231.807698
-264.155493,13,17236.12697
-239.833679,17,17241.909049
-278.221588,20,17249.091213
-192.623049,15,17254.151476
-279.47519,12,17258.509028
-278.751927,23,17267.355404
-299.082513,17,17274.195044
-208.044824,19,17282.777429
-227.233296,17,17290.565284
-262.646188,16,17297.50566
-203.161292,21,17305.121472
-242.123138,17,17311.106384
-214.74286,18,17317.282717
-264.364126,13,17323.318776
-287.394659,9,17326.508047
-243.684197,18,17332.928647
-278.020662,17,17339.283162
-194.204807,22,17347.247918
-255.462568,17,17352.81624
-267.486446,23,17361.443488
-293.735372,20,17368.895668
-192.994992,21,17376.270714
-313.043096,16,17381.780842
-344.778584,20,17388.743268
-270.494712,23,17396.124113
-298.301807,17,17401.954675
-201.879745,13,17407.857615
-306.5315,10,17411.090377
-155.060993,12,17417.859772
-252.490521,18,17424.511009
-259.17099,18,17433.183969
-293.067284,20,17442.089357
-181.743247,21,17449.389858
-350.712711,12,17453.743224
-231.423069,18,17460.351844
-286.714221,18,17466.755635
-351.175472,18,17472.911925
-257.712516,17,17479.350306
-308.850426,11,17482.635626
-212.905992,21,17491.057587
-223.926484,17,17497.124268
-272.837594,18,17504.602501
-265.000682,18,17511.074508
-225.135221,19,17520.983138
-309.676865,19,17529.74672
-264.932633,15,17536.867504
-133.394431,16,17541.742906
-280.765047,23,17550.605028
-246.699274,15,17556.816884
-254.099054,18,17562.761058
-333.445553,15,17568.391401
-226.108634,18,17575.366797
-215.478126,16,17584.017956
-205.330898,17,17589.911138
-271.248245,14,17596.967279
-300.684974,10,17601.451241
-250.425916,20,17609.190983
-220.861481,16,17616.262158
-203.375681,21,17624.271008
-252.902188,16,17630.915705
-280.116498,17,17638.663317
-231.655611,18,17646.236978
-262.67971,17,17653.225281
-283.924918,14,17660.304673
-225.237322,16,17665.914079
-232.882559,20,17672.848458
-273.669004,19,17679.974335
-244.386896,16,17685.638567
-208.389802,19,17691.684153
-279.175385,21,17698.782044
-118.274576,11,17702.435584
-289.536668,14,17708.636753
-340.51587,16,17714.818225
-221.540533,17,17721.969932
-156.558632,13,17726.441089
-245.233652,17,17732.789785
-274.189116,23,17741.11276
-169.364256,15,17746.216072
-288.856108,15,17752.067322
-262.176019,18,17758.013958
-292.110315,15,17763.9882
-230.12582,22,17772.374876
-279.607342,24,17782.622769
-311.853773,22,17793.575855
-217.431018,22,17804.186973
-235.603317,19,17813.846184
-302.715562,18,17822.002562
-215.109143,18,17829.562933
-246.148022,17,17835.485394
-250.416163,16,17841.627916
-216.700943,18,17849.834817
-162.943097,14,17856.277247
-209.579589,21,17863.172947
-247.994042,18,17870.532984
-190.073656,20,17878.05949
-135.220621,10,17884.024915
-242.221335,17,17891.730482
-310.257384,17,17898.112944
-267.15766,14,17902.975409
-166.185394,23,17911.676968
-211.881064,19,17918.755547
-214.722804,18,17925.844769
-236.956394,11,17929.570715
-146.194975,13,17934.77291
-282.044912,24,17943.021343
-194.621806,19,17949.733244
-326.161112,17,17956.392682
-358.435547,20,17964.405394
-317.739959,17,17971.067841
-216.310267,15,17976.377574
-272.194449,15,17982.733014
-297.955281,18,17989.950707
-270.842173,17,17996.526489
-211.24887,19,18003.147485
-307.131992,15,18009.493178
-267.725495,18,18015.562155
-262.43487,16,18021.179672
-331.618567,12,18025.992105
-191.190661,16,18032.155544
-259.594945,18,18038.602349
-303.489508,20,18046.683461
-279.338606,11,18052.914928
-297.879535,19,18059.293839
-241.486954,20,18067.308231
-243.376917,24,18076.074508
-265.812299,21,18083.89044
-286.249082,21,18093.021111
-143.389381,14,18098.53832
-181.887056,20,18105.505143
-298.150133,16,18111.492398
-293.471312,9,18115.889016
-264.944314,14,18123.04318
-240.064388,18,18131.752277
-191.466912,23,18140.345311
-247.104664,15,18146.335214
-275.72737,16,18151.617512
-168.430325,21,18159.377948
-231.933303,18,18166.097941
-280.985328,17,18172.786187
-224.374136,19,18179.727937
-280.755667,22,18188.025023
-272.016406,20,18196.797305
-283.082526,15,18205.251005
-255.490499,24,18215.307511
-229.377953,20,18222.90195
-327.626551,16,18228.670204
-163.665338,17,18234.824324
-259.458182,15,18240.295209
-265.690793,20,18247.50035
-378.801739,14,18253.947381
-237.795044,20,18261.969434
-279.53523,21,18271.273782
-331.310789,23,18280.501589
-180.416735,18,18286.759811
-330.064122,18,18293.371315
-250.534798,15,18298.264287
-290.599746,18,18304.578306
-342.901243,20,18312.119902
-238.318689,14,18316.363461
-345.794498,17,18322.304109
-273.035241,17,18329.047055
-211.153705,20,18336.707256
-272.048324,21,18344.206475
-347.607761,15,18350.609823
-304.398851,15,18356.271267
-192.349319,19,18364.078529
-223.252574,20,18372.400048
-211.256322,21,18380.775957
-325.271387,20,18388.670186
-253.063656,17,18394.892272
-238.176986,16,18401.286295
-221.734756,18,18408.529835
-247.936095,19,18415.230454
-342.095834,22,18423.576562
-192.858114,20,18430.441643
-179.68756,9,18433.423539
-201.33587,20,18440.00166
-344.843448,15,18446.253568
-229.306415,19,18453.630433
-310.516831,16,18459.300417
-288.859551,13,18463.892225
-237.307755,16,18469.73688
-241.821782,19,18476.397061
-235.774663,16,18482.193408
-307.770448,16,18487.848454
-275.454159,16,18493.684102
-207.755709,22,18501.694919
-250.479165,21,18510.503415
-215.858186,17,18515.907846
-240.016056,16,18522.256847
-227.41545,18,18528.469685
-361.162415,23,18536.551178
-191.554772,23,18546.003127
-290.734936,17,18552.661138
-252.02086,19,18559.367437
-234.608502,21,18566.591127
-279.354356,17,18572.842808
-336.189364,19,18579.276039
-304.273461,18,18586.719705
-209.897611,17,18592.310539
-202.20955,18,18599.199415
-194.495614,23,18607.076233
-239.604514,18,18613.821921
-245.428921,22,18621.150802
-167.709107,17,18627.859261
-224.068881,17,18633.538684
-226.087162,17,18640.086491
-244.232091,21,18647.669568
-241.854476,20,18655.436085
-240.784381,22,18665.148206
-272.578472,21,18672.518098
-276.858267,21,18680.282451
-222.316007,19,18686.86894
-297.500359,14,18692.217212
-320.578147,19,18698.650829
-271.716155,14,18703.158303
-231.971728,15,18708.696381
-260.597934,20,18716.605195
-259.507325,16,18724.089751
-134.477702,13,18728.11605
-285.305306,13,18732.6695
-257.474654,15,18739.389217
-257.854682,16,18745.338395
-288.694955,9,18748.102036
-232.383899,21,18754.952714
-241.308102,21,18763.942037
-288.087687,16,18769.779308
-244.041148,14,18774.479556
-284.272662,20,18782.212946
-184.266282,10,18785.436663
-302.567941,11,18789.370069
-300.196096,15,18795.462219
-291.28465,15,18801.650573
-219.104927,22,18810.839729
-200.594692,18,18817.733237
-222.711478,19,18825.207683
-222.683659,19,18832.636398
-210.352834,18,18839.018596
-271.886234,20,18846.260948
-253.233402,20,18855.158248
-257.741052,18,18861.560058
-225.027383,14,18867.752321
-259.310073,24,18877.398921
-242.907071,17,18884.124823
-209.791568,20,18891.760511
-247.641203,20,18899.513823
-242.73113,21,18907.193619
-246.142152,17,18913.3588
-242.285119,18,18919.437858
-239.133698,20,18926.176328
-230.184368,19,18933.035035
-258.978771,17,18939.530114
-259.039711,20,18946.822426
-264.379208,21,18954.478356
-270.184659,25,18963.827167
-253.655849,23,18972.838984
-275.62201,19,18979.521451
-296.025196,11,18984.028361
-226.696854,22,18992.865048
-274.9964,16,18998.838684
-288.132199,13,19004.797799
-336.663261,17,19010.536653
-256.812167,13,19015.827485
-232.773303,19,19023.470817
-273.089365,16,19030.027161
-308.552957,20,19037.31992
-280.388973,17,19042.851861
-254.826312,17,19048.747018
-204.277788,21,19056.509025
-265.489848,26,19065.512181
-312.873602,18,19072.546479
-318.850244,19,19079.621991
-235.923148,21,19086.664907
-256.798835,20,19093.242303
-295.981914,10,19096.814312
-225.111305,17,19102.32703
-250.049138,19,19110.020635
-271.3465,15,19115.459115
-244.490665,16,19120.899436
-209.150123,18,19127.306909
-271.45131,13,19133.466339
-209.344392,24,19143.495986
-289.542993,10,19147.308838
-309.158772,15,19153.261975
-357.684143,16,19160.728012
-218.408019,22,19168.44797
-118.739282,8,19171.114948
-236.846357,19,19178.155249
-190.367006,19,19184.560415
-199.117836,13,19189.406287
-270.357269,21,19197.489652
-266.619931,19,19204.250098
-272.180758,17,19209.882988
-307.864657,16,19215.823551
-224.253567,22,19223.173392
-174.601374,13,19227.530318
-244.779516,16,19234.236949
-166.181901,19,19240.710711
-270.859857,18,19247.176216
-237.361861,20,19256.035574
-288.704693,20,19263.93373
-197.96248,21,19270.755338
-370.095539,19,19278.256873
-265.868639,12,19284.855577
-196.050893,19,19292.767866
-223.476233,14,19297.597987
-314.111243,16,19304.195546
-243.135801,17,19311.94938
-351.844788,19,19319.253229
-350.635468,14,19324.35402
-277.58949,16,19330.775987
-188.815685,21,19338.235496
-177.017992,11,19342.928605
-305.974109,12,19346.728375
-226.654507,17,19353.843006
-307.337877,15,19358.890594
-162.419541,17,19364.676629
-287.466551,18,19371.023912
-274.119229,18,19378.687097
-317.399704,19,19387.147319
-308.11602,16,19394.828664
-235.752707,16,19400.817113
-198.983613,18,19406.841497
-183.244095,21,19414.851882
-269.985305,12,19419.703342
-265.237349,11,19425.451855
-249.683279,20,19432.805206
-214.370749,18,19439.668981
-297.142224,19,19446.73299
-240.432625,18,19453.382466
-216.793189,14,19458.943877
-249.090697,21,19466.074501
-254.0278,15,19470.674179
-243.167021,21,19477.48993
-277.258584,13,19481.926804
-217.987753,15,19487.402249
-123.573038,19,19494.317143
-193.000335,13,19499.5654
-235.186999,22,19508.450948
-223.39091,17,19514.054693
-268.529334,21,19521.48998
-211.692678,18,19528.951699
-274.708475,11,19534.589445
-236.492383,22,19544.09948
-233.55295,19,19551.758039
-257.091517,19,19559.080165
-246.851327,17,19564.293003
-257.605653,15,19570.094473
-232.249059,22,19580.404954
-272.56498,16,19587.027196
-334.384628,21,19595.614474
-225.712163,23,19603.651249
-326.311825,11,19608.472425
-326.623297,17,19614.89743
-324.833458,16,19620.57798
-212.244293,21,19627.979829
-239.702952,21,19635.433156
-342.396913,20,19643.952489
-346.226641,10,19648.028476
-205.054985,18,19655.721765
-231.493254,13,19660.936769
-206.44665,20,19743.6993
-262.110318,22,19754.112948
-130.552892,16,19759.808755
-252.691149,14,19764.818513
-197.530538,18,19771.409222
-242.15012,21,19779.994598
-234.460799,14,19785.663515
-237.56839,20,19792.394886
-173.741622,15,19798.705718
-234.570021,21,19807.435575
-179.107644,19,19816.460623
-295.400738,22,19825.338908
-274.257123,20,19833.3279
-338.120349,18,19839.614451
-132.175458,13,19843.750984
-279.395488,17,19849.660101
-326.267084,20,19857.94024
-266.44536,17,19863.826776
-251.465744,21,19871.78562
-285.011741,16,19877.178737
-293.420384,16,19883.959057
-291.571728,17,19891.69568
-338.753702,18,19897.531132
-233.168628,17,19905.186487
-226.941928,19,19912.057632
-297.992327,21,19920.859715
-346.816743,18,19927.591787
-279.894716,19,19937.594916
-253.676497,17,19943.431632
-245.363386,16,19949.42717
-244.67291,19,19957.14255
-254.784392,21,19964.551031
-242.535655,17,19969.970596
-245.316737,17,19977.549861
-231.757634,19,19984.399228
-264.287907,15,19990.618578
-225.223634,19,19997.566143
-243.951128,17,20004.700497
-170.598723,21,20012.519697
-293.419196,20,20020.03037
-348.712754,21,20029.279415
-246.938704,22,20036.564682
-225.596309,21,20044.813617
-295.402141,21,20052.620437
-198.102234,19,20058.777175
-254.922151,22,20067.084098
-202.819224,21,20074.466274
-221.734707,17,20081.617787
-344.023471,13,20089.416686
-256.019131,16,20096.065464
-376.022563,20,20104.334537
-268.286874,21,20113.051456
-233.293704,18,20120.628945
-244.260398,20,20129.609188
-254.576969,12,20137.232224
-299.060186,18,20143.638326
-214.809873,19,20150.760025
-238.553127,13,20155.274817
-248.241472,21,20162.639832
-264.198661,16,20169.855638
-235.643705,16,20176.278861
-308.21922,22,20185.406209
-311.099602,11,20190.665247
-192.163641,17,20196.353721
-163.527683,23,20204.254054
-274.084511,20,20211.378639
-199.740253,20,20218.544491
-260.230114,17,20224.50748
-245.170788,18,20230.532687
-252.661158,16,20237.315052
-239.991393,16,20243.543381
-342.005174,24,20251.219984
-324.74244,18,20258.200913
-192.357804,20,20265.071584
-346.79224,15,20270.647318
-246.430068,21,20277.703248
-285.339291,14,20282.924278
-214.887748,21,20290.661985
-189.761416,20,20297.843115
-239.753884,21,20307.116889
-210.49268,14,20313.010688
-153.846993,22,20320.196197
-217.969672,18,20327.878111
-169.149657,19,20334.749742
-258.894419,16,20341.258487
-251.905961,16,20347.417675
-298.057305,21,20355.585383
-271.343707,15,20361.112378
-273.516377,24,20370.094787
-270.655457,18,20376.048956
-256.323065,17,20382.784088
-274.321744,19,20388.915022
-261.758099,16,20395.265016
-197.317402,20,20402.052359
-271.088718,18,20408.777441
-228.847089,17,20416.199972
-349.829546,23,20424.323551
-376.967889,16,20430.39753
-261.3848,19,20439.19238
-275.431214,17,20444.657954
-202.112627,18,20451.087605
-300.451172,17,20459.258028
-217.375454,22,20468.049508
-392.828831,23,20476.855979
-250.401188,8,20480.031532
-227.055479,20,20486.799334
-309.063187,17,20492.238118
-179.139832,18,20499.032603
-295.00087,17,20504.524251
-282.005668,17,20510.90493
-237.094678,21,20518.099525
-318.640598,15,20523.052948
-232.130163,17,20529.495287
-303.499863,16,20535.163313
-280.018367,15,20542.538703
-292.208251,20,20549.055734
-125.02025,13,20553.545141
-178.804384,23,20561.822625
-283.04163,19,20568.663267
-208.720284,19,20578.161546
-267.406384,15,20585.090703
-236.532076,20,20592.051891
-197.768544,21,20598.882257
-229.06112,23,20607.185294
-211.050907,24,20615.751879
-179.940703,14,20621.180265
-178.386498,25,20629.775794
-250.057195,15,20636.05953
-286.291358,20,20642.800765
-229.381291,21,20649.828327
-227.857907,23,20658.27573
-248.806916,19,20664.921974
-198.088095,21,20672.491564
-218.33935,21,20679.955242
-196.106651,19,20688.08077
-229.180381,19,20695.118363
-352.63782,17,20701.200736
-202.631986,24,20709.620904
-213.620761,15,20716.052111
-198.261692,16,20721.491597
-283.677635,16,20727.812001
-197.000046,26,20736.842867
-202.112036,21,20744.032527
-242.449419,15,20750.537397
-228.646289,20,20757.159989
-281.429528,22,20765.143569
-206.011055,15,20771.810973
-200.433789,20,20778.4654
-296.513428,10,20781.56971
-280.242558,15,20786.726106
-131.567941,16,20792.175134
-315.477688,14,20798.014919
-277.316623,23,20807.352893
-233.390903,20,20814.934984
-266.217118,14,20820.272084
-277.670786,10,20824.380391
-337.558851,13,20829.273059
-207.959849,17,20835.863122
-286.088431,17,20841.706022
-381.769517,14,20848.570562
-206.733769,18,20856.486594
-244.027947,17,20863.64659
-281.095731,20,20871.169224
-310.973468,19,20878.144888
-202.636066,24,20886.930725
-257.122337,21,20894.683202
-232.022705,19,20901.745603
-289.651633,16,20907.801439
-257.377811,14,20912.903378
-296.357085,12,20917.728594
-300.472913,15,20926.473526
-260.058349,20,20934.204328
-245.361787,19,20941.627778
-247.213632,18,20948.274913
-294.524807,19,20954.844521
-210.143108,15,20960.482565
-227.895376,21,20967.708595
-268.613589,15,20973.242308
-211.44565,22,20980.705702
-271.928057,16,20987.194686
-291.124578,14,20993.43094
-270.328085,19,21000.291709
-243.473654,19,21007.743219
-331.15829,21,21015.124003
-206.244818,22,21022.76269
-252.311781,18,21029.440615
-358.74185,20,21036.644766
-181.490374,21,21045.392694
-256.255985,24,21053.038436
-244.77072,17,21058.874517
-261.759304,16,21064.695396
-290.632068,20,21072.213078
-281.3239,17,21079.4675
-278.034777,16,21086.338779
-253.521173,16,21091.767669
-281.907135,19,21098.395123
-201.727382,23,21106.310764
-204.045165,24,21114.393823
-259.40353,14,21120.080827
-326.904266,17,21126.940575
-239.685849,17,21133.147304
-247.64104,22,21142.265741
-331.837725,20,21150.035924
-243.512101,21,21158.414885
-274.055071,18,21165.037416
-244.766119,23,21173.319668
-323.888237,18,21179.444156
-318.525435,20,21186.062856
-232.788232,18,21193.493558
-226.591394,18,21200.27676
-253.931774,16,21205.425102
-247.880275,19,21212.515153
-229.962891,19,21220.477244
-228.610764,25,21228.959781
-265.271311,16,21234.437695
-235.678398,21,21242.552684
-183.476459,21,21250.453374
-263.357671,18,21257.677143
-293.740295,10,21262.102194
-386.772432,17,21267.707125
-279.085657,19,21274.160628
-216.609836,19,21281.437733
-173.631978,21,21288.425378
-223.581891,18,21295.584604
-290.887408,12,21299.660035
-243.934121,15,21304.826513
-218.382785,23,21314.169612
-265.661887,16,21319.387455
-258.833676,21,21327.030367
-230.317715,19,21334.579804
-242.169596,17,21340.581698
-266.84818,14,21345.272621
-176.161363,18,21352.163943
-183.083393,18,21358.424291
-190.883341,17,21364.109107
-255.521028,21,21372.90554
-254.654042,18,21380.266284
-282.436451,12,21384.862247
-204.598811,21,21392.706398
-180.904366,23,21400.88333
-233.090822,18,21407.265659
-260.409431,17,21414.590346
-261.008946,16,21420.268265
-330.346275,14,21425.184705
-150.048156,18,21432.031703
-259.675462,20,21438.91385
-294.153151,16,21445.808052
-282.776181,22,21454.97066
-283.900965,19,21461.163037
-150.324104,19,21468.010985
-156.371747,17,21474.466922
-206.391495,23,21482.611892
-333.596891,11,21488.335795
-245.723449,17,21496.215866
-192.379366,21,21503.213958
-217.97813,17,21509.652439
-361.324865,21,21517.638036
-344.425623,20,21524.932137
-231.131453,20,21531.981758
-262.537238,16,21537.328342
-197.410328,13,21542.021237
-283.522234,18,21548.951571
-230.567622,20,21558.104824
-247.108508,14,21563.742811
-243.453453,18,21571.712367
-204.725388,19,21580.162507
-204.102887,23,21588.237282
-170.568135,13,21592.670679
-229.413634,15,21598.441275
-271.626069,18,21604.816262
-287.027928,18,21611.970788
-241.640057,18,21618.189905
-209.22046,22,21626.797745
-209.399173,19,21634.23917
-213.375007,21,21642.063384
-275.107873,13,21646.367571
-250.48346,18,21653.226232
-139.284289,13,21658.915817
-251.935474,21,21666.490549
-200.712584,15,21673.346803
-278.891972,17,21680.281907
-207.502632,14,21685.659765
-256.731434,17,21692.084589
-266.377208,17,21699.69589
-188.962173,19,21706.800178
-234.36528,21,21714.828001
-273.564179,11,21719.007629
-232.61628,18,21725.14962
-288.393929,21,21733.249595
-227.81403,19,21739.805865
-271.966455,14,21744.973284
-260.407122,15,21750.803001
-158.729956,11,21755.118592
-248.259643,17,21761.375096
-244.784531,17,21767.101589
-223.298374,19,21774.089085
-225.871117,22,21781.16684
-224.35244,20,21789.27396
-150.66748,17,21797.835776
-217.246531,20,21804.563814
-278.791034,16,21810.187027
-224.460235,22,21817.70545
-234.016321,15,21823.19625
-264.902882,18,21830.747152
-247.269862,20,21839.271232
-150.60127,20,21846.110216
-224.794332,19,21853.337767
-212.918952,23,21860.809948
-214.174574,18,21867.059951
-207.165038,16,21873.269526
-299.134204,17,21880.34731
-222.608754,22,21888.167506
-210.286584,20,21895.752165
-228.474527,16,21901.161398
-196.173743,20,21908.09806
-275.583643,17,21915.328099
-266.193546,16,21921.839955
-139.314894,22,21930.500865
-239.743417,17,21936.652124
-306.633849,13,21942.731471
-307.54724,17,21948.730758
-278.428576,19,21956.564615
-274.212093,15,21964.118013
-274.071829,17,21971.374724
-244.446192,18,21978.526412
-267.035157,18,21984.552078
-318.109761,17,21990.436323
-260.093373,14,21995.410967
-241.856196,16,22001.241831
-262.365283,26,22011.025224
-244.191482,17,22017.678285
-250.034671,20,22024.452087
-100.132096,17,22029.996069
-238.232796,15,22035.719092
-201.420092,21,22042.68388
-250.344421,16,22049.503579
-235.118065,13,22054.462316
-264.390905,16,22062.541497
-314.670554,20,22070.840933
-249.944581,22,22079.78711
-218.941574,20,22086.923719
-266.399656,17,22093.973406
-227.238802,20,22100.915708
-264.170527,20,22109.050435
-260.471463,17,22114.666433
-204.26002,18,22120.583503
-256.744941,20,22129.377396
-279.643495,22,22136.850628
-250.752795,18,22142.418974
-240.874556,16,22148.154922
-346.820564,19,22154.993464
-226.648044,15,22160.486763
-228.139398,18,22167.107713
-249.762565,19,22175.279386
-334.263112,17,22181.490293
-168.873824,22,22189.212528
-222.120506,19,22195.505648
-197.062655,11,22199.21729
-251.160832,18,22206.26874
-228.543614,18,22212.401527
-353.925753,17,22221.113983
-287.17173,21,22228.207142
-255.380839,21,22235.029384
-320.659388,20,22243.908101
-342.855457,15,22250.576735
-120.916737,21,22257.974597
-249.965283,14,22262.926368
-173.364338,12,22266.826917
-176.078989,16,22273.791914
-242.659153,19,22280.477483
-293.599067,14,22285.97734
-237.027787,19,22292.487393
-178.6945,11,22296.73012
-269.098641,17,22302.684749
-252.69846,17,22309.400424
-244.532964,20,22316.132675
-265.902304,15,22322.036589
-160.192556,20,22329.20303
-234.26196,18,22335.796576
-227.309495,21,22343.134689
-233.859441,20,22350.829789
-236.557379,22,22358.452298
-247.396161,19,22366.771855
-267.271282,21,22373.812823
-262.315168,20,22380.537788
-239.784814,20,22387.879983
-301.289224,19,22394.304572
-236.87364,19,22401.192739
-266.480215,19,22408.26325
-203.6408,17,22413.845778
-220.234909,20,22421.281143
-291.600137,16,22427.897215
-180.804368,20,22434.761923
-221.991867,15,22440.528202
-276.668914,20,22447.672766
-250.524426,18,22455.062441
-239.230546,21,22463.023321
-240.929765,19,22470.947667
-356.71318,21,22479.365412
-208.427318,15,22484.809633
-297.522162,17,22491.053036
-255.830534,13,22495.944816
-197.235114,16,22501.409109
-265.25567,19,22508.194808
-300.250135,15,22513.346834
-253.545646,17,22518.749865
-276.35221,20,22526.396111
-260.96912,14,22530.964259
-279.798159,20,22538.579933
-161.061208,16,22544.263067
-213.354673,24,22552.784022
-267.919923,17,22559.70693
-256.474692,17,22566.1721
-212.881283,19,22572.785604
-260.039516,23,22580.973606
-214.119363,16,22587.093207
-217.15205,21,22595.560322
-201.030418,20,22603.198686
-277.980389,24,22613.178118
-269.451292,20,22621.804652
-260.166613,19,22629.542826
-150.886568,16,22636.89943
-181.353747,18,22642.896883
-272.397508,12,22647.591844
-285.752046,23,22656.24182
-182.770365,26,22664.97379
-171.166568,17,22672.270504
-331.48597,16,22677.876518
-237.184546,21,22686.721533
-292.511796,16,22692.257158
-216.90925,18,22698.066654
-245.777411,18,22704.847957
-316.816978,19,22711.554371
-241.905992,14,22716.205291
-261.960283,15,22721.665674
-222.211675,24,22730.295704
-165.557732,17,22737.893885
-192.971706,19,22744.329941
-281.583405,19,22751.793489
-190.049832,19,22759.683757
-229.854016,17,22766.774688
-202.151484,21,22774.971428
-265.819816,19,22783.856528
-239.994439,15,22789.219853
-217.694596,20,22796.529474
-340.081469,9,22800.082941
-216.827463,22,22808.389812
-339.824616,17,22814.478451
-282.263772,22,22822.285464
-256.363694,14,22827.771669
-274.027383,13,22832.149343
-248.416339,15,22837.771438
-133.769242,14,22843.020916
-305.825038,16,22848.790022
-285.446056,16,22856.062002
-333.108304,18,22862.704552
-246.973291,19,22868.964966
-277.572843,20,22876.516159
-230.756536,18,22883.103272
-130.1282,15,22888.652378
-238.911541,21,22976.977386
-237.612615,17,22983.551749
-210.927294,21,22990.485439
-209.422475,19,22997.338903
-160.538607,18,23003.652742
-166.333923,17,23009.666335
-233.115293,16,23015.81483
-273.479785,15,23022.341515
-183.465084,19,23029.695161
-207.880006,23,23037.471239
-253.690344,18,23044.65807
-307.307974,11,23049.839822
-241.834345,17,23056.321304
-234.810218,19,23063.578406
-369.511849,22,23070.567993
-248.424858,15,23077.888077
-254.886844,18,23084.770092
-181.643133,20,23091.4865
-283.257593,13,23099.696279
-234.015149,22,23107.120673
-272.539873,18,23114.180529
-234.118612,22,23122.356596
-236.450728,20,23128.737133
-267.600782,16,23134.266182
-360.120913,19,23140.469946
-261.785791,20,23147.922177
-192.861618,25,23156.361337
-201.511681,19,23163.944865
-268.870945,22,23173.055171
-252.066909,20,23180.161483
-156.447532,16,23186.753118
-210.742065,18,23192.473849
-421.577387,18,23198.980635
-285.254347,18,23206.085133
-247.375015,21,23213.746221
-251.750495,14,23220.193821
-230.410222,17,23228.054983
-295.268116,13,23234.820211
-280.05551,19,23241.284954
-200.64991,20,23248.381562
-183.672908,25,23257.272283
-281.971396,14,23262.794662
-281.960837,11,23268.303936
-221.015021,13,23273.159168
-283.386341,12,23280.034484
-201.35545,22,23287.857499
-250.595426,16,23294.235992
-253.55212,14,23298.701138
-297.613957,14,23304.023276
-335.3332,15,23309.290252
-215.152339,25,23318.772093
-229.774886,18,23326.416905
-270.944756,16,23332.48046
-161.104669,22,23339.581056
-270.095298,16,23344.697106
-225.959406,18,23353.789505
-248.628222,20,23361.008897
-252.217311,19,23367.873075
-279.511214,20,23375.632113
-214.675184,18,23382.461471
-267.306144,12,23387.964695
-207.673162,14,23393.437729
-345.480331,14,23400.16281
-271.11402,14,23406.62112
-268.98925,21,23414.081699
-198.646187,23,23421.617725
-262.009258,16,23427.09074
-252.380949,11,23432.230926
-208.692708,23,23439.864872
-262.856117,17,23445.243185
-188.33849,19,23452.388687
-217.395035,18,23458.827893
-173.405158,16,23464.854745
-337.640387,15,23472.612403
-245.193028,22,23480.406605
-244.530941,16,23485.971445
-273.910136,19,23493.731999
-242.783748,15,23499.379507
-234.164367,19,23505.783409
-181.57667,15,23511.369426
-334.546666,14,23517.541414
-319.250392,17,23524.378133
-210.848263,15,23530.770726
-202.905303,19,23537.542889
-315.710421,10,23541.908201
-294.245714,13,23547.087602
-296.140965,18,23554.296309
-259.036128,19,23560.640411
-265.278655,22,23569.230425
-257.451126,18,23576.225877
-154.527786,18,23582.584345
-210.20154,21,23589.645583
-197.781909,21,23596.945241
-220.979352,17,23603.071631
-252.788021,17,23609.10944
-225.458808,17,23615.567298
-290.83263,15,23620.020323
-254.412689,12,23624.430141
-266.741817,15,23629.659157
-330.992249,15,23635.898699
-325.788787,9,23638.522454
-243.159025,16,23644.36202
-181.261438,20,23652.241
-279.900567,13,23657.759756
-277.110874,20,23666.354702
-233.502474,19,23672.777102
-235.29781,18,23679.170102
-319.603141,14,23684.928221
-368.876282,19,23692.132022
-167.059378,18,23699.529781
-244.164455,15,23706.164313
-245.782131,17,23712.242122
-261.136988,17,23718.605174
-300.85413,12,23722.814471
-213.267267,17,23729.17
-168.525045,17,23734.782707
-295.032034,16,23739.695001
-300.941373,17,23745.475046
-234.701634,19,23753.493156
-226.257039,20,23761.183848
-244.743831,15,23767.836629
-274.986291,20,23775.608564
-258.60534,18,23781.699786
-283.013927,19,23789.607175
-240.607798,19,23797.405797
-267.991495,17,23803.640529
-225.789752,17,23809.213377
-197.075556,21,23816.341431
-287.268767,18,23822.433751
-286.255963,18,23829.58089
-260.011058,18,23836.008353
-242.024656,22,23844.427633
-144.646261,11,23848.071876
-244.753358,16,23854.493351
-260.301898,21,23863.016189
-235.333205,17,23870.729301
-268.747442,18,23876.593627
-252.859431,20,23884.175992
-227.451092,21,23891.585995
-184.629147,8,23894.512686
-255.856865,20,23901.57361
-311.422377,13,23905.895661
-301.063454,14,23913.431806
-325.545527,17,23919.150007
-260.692287,23,23929.376508
-305.54639,14,23936.122871
-224.043405,19,23942.312873
-320.19502,19,23949.633452
-157.333256,18,23956.232897
-220.387012,22,23963.654526
-287.179101,12,23968.395176
-245.638333,17,23974.770713
-240.098663,20,23982.481218
-304.548529,19,23989.736254
-217.938546,25,23998.518337
-210.728831,20,24005.559394
-87.995469,18,24011.795943
-279.74024,18,24019.247047
-238.389711,18,24026.071013
-211.273468,21,24033.314901
-195.576258,17,24039.123654
-259.249485,16,24045.791433
-278.035405,15,24051.222148
-155.642008,10,24055.646201
-220.403483,20,24063.01046
-235.199657,17,24069.574895
-243.251091,18,24076.556514
-202.093407,19,24083.197819
-192.137682,23,24090.951715
-232.215267,18,24099.137196
-226.287574,21,24106.468747
-145.3623,23,24114.382214
-242.363253,21,24122.661017
-293.548739,18,24128.850548
-177.412172,19,24135.759675
-246.295838,15,24142.474426
-133.727557,20,24151.330017
-268.801157,20,24159.673217
-206.228345,25,24168.699335
-241.881768,21,24175.095331
-221.07359,18,24181.176387
-198.372656,17,24187.571024
-244.352702,21,24195.675971
-190.376793,20,24202.200914
-242.691709,21,24209.568685
-193.151381,17,24215.855667
-236.998777,20,24222.781406
-274.618435,19,24229.458328
-252.983696,20,24236.01427
-272.550929,14,24240.894161
-326.399686,19,24248.331409
-254.127889,19,24255.026763
-260.396027,19,24262.929933
-132.454381,16,24268.490421
-192.928108,19,24274.626722
-270.821411,15,24281.087842
-172.521851,24,24289.146968
-295.850755,16,24295.129347
-265.729544,18,24302.421446
-230.092288,15,24308.265644
-121.6361,11,24312.095643
-276.835428,11,24316.198493
-226.392906,20,24323.200604
-246.678192,17,24330.042809
-277.861679,17,24336.235584
-163.118258,12,24340.582175
-235.097233,19,24349.306719
-220.399387,18,24355.503909
-315.04304,16,24360.960322
-204.207686,18,24367.014661
-239.285219,20,24374.081213
-219.191428,25,24382.204523
-218.751108,23,24390.27925
-293.996027,9,24396.629133
-186.239879,8,24399.404504
-273.848276,17,24407.611253
-137.284649,16,24412.929231
-240.743308,21,24419.797179
-200.6899,18,24426.614705
-257.827896,16,24432.16714
-270.464916,16,24439.663247
-232.475335,17,24444.992281
-192.38996,17,24451.189126
-167.521282,25,24460.794535
-189.228229,17,24467.175151
-232.881923,18,24473.732314
-257.894214,23,24481.644661
-138.38501,13,24486.528872
-330.775244,22,24496.632935
-218.039554,19,24504.309605
-200.689889,20,24510.782312
-276.530331,17,24516.810865
-273.051706,22,24524.690036
-233.79185,20,24532.493174
-309.868782,16,24538.049581
-231.326815,18,24545.59814
-265.019697,17,24551.954362
-233.658672,20,24558.673177
-275.857732,17,24564.994602
-303.41255,22,24575.385406
-227.196096,17,24580.913701
-217.51243,24,24588.673648
-171.991623,24,24597.134867
-204.820676,19,24603.780985
-240.369371,23,24612.50551
-196.821094,22,24620.666905
-163.493226,26,24630.369521
-246.194446,14,24635.035093
-246.464615,19,24641.8946
-242.519637,17,24648.001108
-259.771251,9,24651.393303
-272.143902,16,24658.430038
-243.666692,20,24665.668058
-290.110412,16,24673.198359
-242.310485,15,24679.237296
-226.732225,19,24686.33774
-282.504038,11,24691.933872
-251.927674,21,24699.192148
-194.631965,18,24706.493239
-275.33041,11,24710.081921
-310.753836,18,24717.877212
-230.338444,14,24724.810892
-211.765315,18,24730.938203
-272.486747,22,24739.888693
-280.851848,20,24749.261559
-255.710992,20,24757.526902
-148.844826,23,24765.500409
-339.677196,22,24773.335121
-278.64516,22,24781.783876
-166.462388,18,24788.108223
-256.644351,16,24795.678261
-191.529985,18,24803.197458
-242.027864,18,24811.451755
-249.545056,13,24816.751198
-239.982664,21,24823.610872
-293.484698,20,24831.287187
-223.273505,20,24837.955915
-291.549984,22,24845.48757
-222.217257,23,24853.507911
-315.965043,17,24860.54395
-243.362371,16,24866.161175
-290.226698,18,24873.129649
-187.708657,20,24881.563442
-218.690157,21,24889.30691
-206.450007,19,24895.803206
-224.44569,13,24902.756815
-226.112252,22,24912.705913
-195.97111,15,24917.847528
-196.493028,24,24926.31026
-221.540619,21,24933.778393
-282.515803,16,24940.00245
-267.763853,17,24948.485399
-201.036026,18,24955.631245
-188.982817,14,24959.802909
-235.789031,19,24966.188632
-174.470011,16,24972.868231
-225.329081,19,24979.503763
-216.690647,20,24987.193082
-188.814885,20,24994.613265
-220.722987,21,25003.560613
-302.262604,23,25013.739427
-283.319901,21,25021.017055
-167.355294,11,25025.44904
-257.897776,19,25032.590001
-148.453203,19,25039.542024
-163.787536,17,25047.648204
-266.880268,17,25054.56515
-261.877416,22,25064.047416
-251.983445,21,25073.370829
-219.042407,15,25079.010043
-213.850495,23,25088.98237
-252.714284,18,25097.073287
-213.102201,16,25102.772644
-255.520695,19,25109.216063
-254.407763,15,25114.614904
-274.217749,17,25122.059207
-258.895208,22,25129.336524
-293.848814,17,25135.477764
-263.940707,23,25144.108211
-134.571937,12,25148.567112
-207.734594,15,25155.690269
-184.320856,21,25163.526435
-215.286818,22,25171.24602
-299.560292,17,25177.523155
-269.654656,22,25185.676615
-395.665928,19,25193.551043
-220.227076,25,25202.35199
-304.822711,10,25205.973679
-251.847745,17,25211.698448
-235.746893,16,25217.945079
-206.69801,18,25224.084936
-222.933213,19,25232.155073
-269.758969,17,25237.90333
-260.468727,19,25244.187674
-218.367257,21,25251.056937
-247.480063,17,25256.916683
-175.45223,19,25263.158793
-228.515374,16,25270.936498
-318.148611,21,25277.674673
-210.097989,18,25284.614818
-196.254366,17,25291.252355
-223.071169,21,25299.847234
-299.320362,20,25306.611839
-232.251759,23,25316.17061
-246.799543,15,25323.358908
-241.446552,21,25331.457098
-141.832568,15,25336.998005
-124.715648,11,25340.602388
-193.189467,23,25348.797193
-213.303947,17,25355.312904
-240.215077,20,25362.421848
-306.555037,18,25370.199291
-175.648008,22,25377.651464
-298.459802,25,25386.290842
-210.518374,15,25393.234424
-209.446275,18,25399.488071
-185.277434,16,25405.520429
-253.662001,17,25411.364503
-243.26852,18,25419.684885
-230.660201,18,25426.246033
-237.369858,20,25433.609406
-246.505919,17,25439.142611
-234.425281,15,25444.412298
-229.302881,19,25451.296752
-209.530418,21,25458.746429
-276.276427,19,25465.567959
-130.584168,16,25473.372951
-243.205053,18,25480.816517
-316.227394,14,25485.592072
-175.15709,19,25492.050083
-240.885492,18,25498.143112
-285.053206,19,25504.696424
-201.239229,23,25512.308518
-238.234328,13,25516.479374
-341.595301,14,25521.624474
-328.444846,16,25527.240844
-271.986244,17,25533.463322
-317.770476,18,25540.00735
-406.066688,19,25546.63326
-239.013618,18,25554.263657
-264.313091,19,25561.90999
-186.76246,16,25569.032572
-214.465819,24,25578.077493
-205.923533,20,25584.961829
-201.535468,11,25589.43303
-208.629672,19,25597.140785
-154.713818,13,25603.479216
-268.737769,20,25610.661215
-179.946056,17,25617.186973
-234.960693,18,25624.090051
-221.787411,19,25632.579077
-230.409521,20,25641.786249
-274.549737,22,25650.735196
-124.755824,17,25657.741188
-224.692205,20,25666.036423
-215.017949,26,25675.680859
-272.15939,19,25683.328948
-216.877046,19,25692.774076
-252.570981,24,25703.362036
-254.553294,23,25713.136392
-118.842483,22,25721.552507
-303.076964,19,25728.408835
-227.439049,19,25736.534796
-149.609342,16,25743.82257
-278.929793,20,25751.607645
-225.913262,17,25757.844553
-188.673366,16,25763.668994
-241.753997,19,25770.049535
-218.549452,23,25778.311868
-117.834164,12,25784.257421
-247.061329,17,25790.579938
-216.312583,16,25795.686998
-220.519232,21,25804.621549
-209.73764,24,25813.884089
-222.451811,19,25821.074354
-228.811788,19,25827.980367
-216.395456,18,25835.267941
-221.120527,20,25843.106123
-230.032952,19,25851.783354
-286.888201,17,25857.449865
-306.010074,14,25863.501517
-263.320457,21,25870.468041
-250.273843,16,25876.081857
-213.900359,23,25884.161654
-137.862747,11,25889.878315
-352.229784,20,25896.72126
-292.467396,20,25903.449177
-257.53476,15,25908.893525
-230.235177,17,25914.559401
-258.203425,15,25921.131476
-292.31505,16,25927.682363
-227.858233,21,25935.139658
-251.545942,20,25941.829083
-215.793852,21,25950.044362
-222.789895,18,25956.92564
-272.042797,19,25963.694398
-281.179377,20,25970.299529
-262.127458,14,25976.468444
-242.903191,16,25981.905769
-249.106334,17,25988.376378
-244.39938,23,25997.549224
-322.356235,21,26004.886092
-275.955716,16,26010.35842
-290.330544,19,26017.321667
-224.189933,22,26024.941098
-220.513115,24,26033.418602
-262.896237,12,26037.821206
-209.210984,17,26044.246526
-232.727012,20,26051.962366
-285.352473,20,26058.988926
-283.916755,19,26066.903129
-264.965667,18,26072.80839
-222.671428,16,26078.189161
-260.292492,17,26084.242993
-312.06628,21,26091.173335
-261.857773,21,26098.234986
-130.483088,14,26102.601616
-181.14812,18,26108.471375
-187.921025,21,26116.071144
-218.074696,19,26124.039742
-205.584493,21,26216.827297
-131.882006,18,26222.964556
-203.694266,22,26232.341229
-253.240951,15,26237.490637
-248.306015,9,26242.051375
-262.796547,18,26248.100279
-275.329317,11,26254.12734
-225.993565,21,26262.174702
-256.047759,17,26268.787734
-239.267772,18,26275.6673
-236.914922,19,26281.666746
-150.93496,15,26286.836571
-187.165075,17,26294.169736
-223.529913,22,26301.96142
-218.732724,23,26310.892147
-263.477144,18,26317.6029
-279.344531,15,26322.6766
-200.100616,20,26329.487831
-282.01843,17,26335.592294
-303.380257,21,26346.846595
-259.977198,19,26353.446337
-224.588556,18,26359.981604
-376.350004,23,26368.067594
-259.314522,22,26376.228235
-169.676375,20,26382.805217
-234.848997,21,26390.165729
-225.147362,17,26396.341125
-182.942164,22,26404.813726
-238.506315,15,26410.727326
-259.503165,16,26416.942985
-156.14573,18,26423.44492
-177.501833,13,26428.105005
-216.316074,20,26437.149011
-258.160939,13,26442.016288
-263.172643,21,26449.34706
-301.529912,16,26454.785705
-222.370378,17,26461.139769
-228.674847,22,26469.627104
-209.307747,21,26477.111351
-255.345292,17,26482.986295
-233.304995,19,26489.311499
-203.383447,20,26496.082933
-266.092665,18,26502.340148
-241.55133,18,26509.836595
-236.216007,18,26516.47969
-238.842434,20,26522.684014
-179.411062,22,26530.188098
-191.28243,25,26540.477049
-195.322818,16,26545.966276
-167.848492,16,26551.915068
-281.014086,17,26559.451507
-157.496176,21,26566.376973
-167.615947,20,26574.173808
-262.992737,14,26580.913496
-237.69182,22,26588.652017
-222.668288,22,26596.917405
-255.221897,11,26603.300537
-209.531642,15,26608.720333
-223.342261,20,26615.323992
-201.907508,15,26622.183505
-220.753047,23,26630.234109
-229.755176,16,26635.82377
-259.941224,15,26642.452333
-310.679086,18,26648.619878
-289.07757,19,26656.097225
-221.93576,20,26663.528258
-305.168268,18,26669.90171
-206.420852,22,26677.193548
-228.239883,24,26684.837081
-184.067537,24,26693.897956
-253.215734,17,26700.120192
-242.269217,19,26706.888946
-249.646707,16,26713.561078
-308.808644,9,26719.759611
-226.957975,19,26726.506665
-224.721239,22,26734.569606
-219.957627,23,26743.849576
-213.675068,24,26752.669554
-318.459278,15,26757.723844
-227.067215,17,26764.523613
-206.962562,19,26771.173668
-270.368447,21,26778.446211
-298.841025,16,26785.37092
-218.584254,18,26792.060054
-305.106391,16,26798.430315
-199.849336,17,26804.741291
-237.470423,20,26814.695318
-244.318833,18,26822.537131
-321.242028,15,26827.910457
-207.087153,23,26836.634493
-257.516597,17,26843.395763
-272.789072,15,26849.159866
-244.442985,16,26854.71633
-266.463705,15,26860.616595
-140.386452,19,26867.870075
-310.400448,18,26875.44882
-253.852638,15,26881.290615
-212.324762,23,26890.071515
-271.919325,12,26894.675416
-279.953283,14,26900.317942
-156.100742,13,26904.958518
-273.051754,18,26912.309705
-338.881919,19,26921.66672
-229.264592,18,26927.935183
-205.888826,26,26936.564672
-233.916777,19,26944.31253
-229.540145,23,26953.344085
-310.645888,20,26960.221219
-212.588043,17,26966.626494
-206.504999,22,26973.98038
-318.340682,19,26981.408676
-201.113825,18,26987.186207
-282.288015,18,26994.552622
-215.446075,21,27002.227892
-190.380469,14,27007.067189
-204.003042,15,27014.258684
-309.507945,16,27020.64229
-330.827254,20,27028.591584
-249.005354,14,27033.924959
-236.952558,17,27040.460144
-223.989088,21,27047.961824
-240.011321,22,27055.205791
-127.599428,23,27063.933929
-230.833609,17,27071.832103
-258.912843,18,27077.948013
-254.195972,15,27085.539656
-276.031566,14,27090.394656
-236.277566,17,27096.843843
-195.821136,23,27106.246035
-220.187885,17,27112.429768
-132.823008,12,27116.894931
-269.151674,17,27124.215758
-273.76097,18,27131.360394
-319.452345,21,27139.817279
-214.492093,19,27149.304641
-236.210118,16,27154.50472
-343.87793,17,27160.069956
-193.009334,14,27165.945442
-283.234317,18,27172.613375
-214.219486,18,27179.883002
-266.227641,15,27184.970508
-266.008205,16,27191.270148
-409.873054,21,27199.3528
-258.699225,16,27205.168935
-309.834624,18,27211.395312
-332.649526,13,27217.81233
-235.009818,15,27223.784099
-272.343056,22,27231.938457
-242.037396,26,27243.155703
-279.442938,19,27249.713111
-277.610691,12,27253.994359
-153.868213,17,27260.079613
-311.82465,17,27266.829719
-216.838399,23,27279.355968
-192.165411,21,27286.615889
-230.863715,14,27291.553322
-239.027522,18,27298.552165
-171.712357,26,27309.641203
-312.062549,18,27317.037081
-174.77944,11,27321.991299
-201.130137,18,27328.607019
-240.823095,22,27336.307618
-109.61212,16,27341.568982
-348.425284,17,27347.609877
-224.626573,21,27356.659406
-222.043856,18,27364.363696
-273.911249,14,27370.032431
-155.297684,12,27375.879896
-211.048077,22,27384.387078
-202.496378,17,27391.132562
-155.235784,16,27399.329657
-229.257376,19,27405.546052
-199.955261,22,27414.69803
-240.871292,25,27426.561741
-134.004967,17,27434.427454
-251.794625,20,27441.219619
-244.639656,24,27448.781389
-288.315969,11,27453.450451
-318.432217,17,27459.507305
-208.044289,18,27465.271078
-266.918526,25,27475.583905
-214.820134,20,27482.802538
-223.57045,19,27490.200072
-228.737827,17,27496.248691
-375.166329,22,27504.211676
-247.296927,16,27509.428081
-238.39458,19,27516.303348
-243.37418,22,27523.440834
-194.569114,20,27530.291106
-224.589,18,27538.564507
-199.100085,18,27544.913889
-245.479061,22,27552.505803
-134.610186,15,27558.803054
-153.46821,17,27565.639049
-117.66299,10,27568.8911
-244.76101,17,27575.174879
-242.657402,19,27581.744327
-244.719156,17,27588.248487
-250.980101,13,27592.622828
-184.452253,19,27600.066445
-241.913052,21,27607.516989
-180.888572,14,27614.291676
-199.218587,22,27622.608667
-191.699778,14,27627.164645
-193.264699,21,27634.234467
-270.074573,20,27640.915856
-256.053195,16,27646.60058
-179.755201,23,27655.671845
-283.743502,14,27661.220091
-327.503039,22,27668.441984
-159.340738,16,27677.008843
-247.224262,20,27683.532366
-253.122833,19,27690.555215
-243.446686,16,27696.573924
-208.737436,24,27705.281336
-165.307041,17,27711.289807
-249.865381,19,27718.358692
-197.316269,20,27727.040904
-214.862789,23,27736.125404
-231.712561,17,27743.362822
-162.901963,13,27747.589612
-238.29547,15,27752.980425
-241.00824,16,27758.624161
-245.946713,23,27767.800756
-261.407536,12,27771.933794
-240.789156,20,27779.645957
-231.731542,19,27787.545195
-306.260172,16,27795.136951
-227.235149,20,27801.600311
-198.517583,18,27807.508743
-232.15201,19,27814.640302
-244.206707,18,27820.981939
-193.65769,15,27826.397557
-246.410996,24,27835.513992
-190.869711,17,27841.581363
-203.446719,22,27849.979119
-287.630777,21,27858.265673
-284.562696,16,27866.707751
-256.326334,17,27874.827265
-363.725998,19,27881.119651
-179.356228,17,27888.081166
-221.921289,21,27895.850487
-263.76499,11,27900.459464
-294.73631,24,27909.380685
-363.994482,18,27917.303699
-207.410132,16,27922.794712
-291.648505,16,27928.142874
-203.189461,18,27935.056833
-228.239973,18,27941.124992
-243.200136,26,27950.976479
-192.834878,21,27958.402279
-253.871804,15,27964.672293
-254.567474,18,27970.207488
-253.393106,18,27976.956044
-249.788672,16,27982.359073
-228.92787,23,27991.575295
-323.186558,15,27996.387967
-178.290326,22,28003.825861
-230.725544,18,28009.961887
-255.338942,20,28018.347656
-227.278834,21,28025.321633
-252.149381,17,28030.761888
-195.922251,21,28038.317974
-258.92372,19,28044.347561
-212.88471,17,28051.589189
-217.105216,17,28058.046325
-283.780277,14,28062.880512
-188.809717,17,28068.80882
-273.539975,13,28073.412468
-202.726994,20,28082.262648
-189.6233,20,28091.852992
-239.848347,22,28099.290354
-195.538882,24,28108.55366
-181.54721,17,28114.479828
-283.980727,22,28122.398129
-192.483475,20,28129.919831
-224.545916,17,28135.416371
-253.503188,17,28142.319738
-230.025085,23,28150.984777
-320.007724,17,28160.756845
-183.241953,21,28169.87563
-171.528743,19,28176.162012
-202.281334,21,28186.172658
-282.783212,15,28191.520649
-161.380879,24,28200.191828
-205.688408,21,28207.691519
-213.024179,16,28213.350353
-284.13049,14,28218.700085
-340.874766,15,28224.920254
-212.27958,16,28230.552265
-172.025797,15,28236.925831
-270.647888,18,28243.42475
-254.452407,14,28248.837454
-200.529503,25,28257.194459
-331.726037,17,28263.241636
-224.8668,21,28272.123096
-197.295535,22,28279.369138
-334.923086,19,28285.314569
-267.163931,21,28293.048737
-298.498498,19,28300.155669
-272.203371,14,28305.004283
-236.901949,14,28310.011154
-181.912316,20,28316.92695
-145.54996,8,28320.777765
-229.704503,21,28327.713389
-239.311651,18,28334.206063
-196.635125,25,28342.550495
-194.208787,15,28349.106443
-219.865362,23,28357.972546
-291.255826,19,28366.164364
-188.542531,21,28373.798407
-234.202136,16,28379.021294
-161.158559,13,28384.009759
-190.690201,19,28390.790037
-154.500388,15,28395.813812
-263.483337,18,28403.832891
-243.952758,17,28410.259878
-251.049331,16,28417.256501
-324.308203,19,28424.217871
-235.496012,23,28431.643355
-350.851951,22,28439.238866
-217.626528,18,28445.271746
-308.074487,21,28452.812488
-236.191182,14,28459.172586
-166.777467,15,28464.786255
-273.579576,17,28470.447386
-313.802148,16,28475.99977
-221.072198,19,28483.300099
-217.433895,19,28490.122234
-351.510509,11,28493.722598
-191.517101,23,28502.395682
-194.501075,19,28509.046625
-161.624686,15,28515.049483
-203.185633,20,28522.066984
-188.550667,19,28528.622524
-324.491128,22,28536.551545
-179.982344,16,28542.363753
-162.495641,12,28546.400541
-163.214547,23,28554.16643
-239.123886,19,28560.580091
-284.27876,16,28566.688861
-247.871044,16,28572.247976
-304.013892,16,28577.606426
-192.575234,20,28584.756479
-224.438501,17,28591.402974
-235.140869,21,28598.249033
-236.483587,18,28604.601254
-275.118959,15,28609.902685
-228.487319,17,28615.779213
-163.649187,24,28624.075038
-247.017945,22,28631.732939
-246.118825,18,28638.366157
-238.268912,19,28645.005726
-206.287524,20,28652.728517
-205.052904,19,28659.723509
-256.92779,14,28666.861438
-241.061428,15,28671.722693
-273.696822,15,28677.638916
-214.05579,25,28687.073422
-243.156526,22,28694.899598
-144.119089,19,28701.4877
-277.080919,19,28709.048558
-302.007383,20,28715.659453
-219.310431,21,28723.019319
-216.58386,19,28731.260654
-171.762504,18,28738.314195
-167.489686,14,28743.958133
-270.938632,21,28751.346585
-251.249787,18,28758.630671
-382.770853,20,28765.202491
-310.050621,19,28772.00084
-290.783793,17,28778.377148
-287.424069,19,28785.523244
-234.447926,20,28793.330455
-210.8686,15,28798.571976
-178.584554,16,28804.000018
-289.81747,14,28809.135197
-206.475175,22,28816.439461
-233.146742,16,28821.582257
-206.931219,24,28831.170527
-188.602532,24,28839.665269
-271.569206,20,28849.251652
-295.91628,18,28855.847368
-252.212393,14,28860.677551
-257.71773,17,28866.248335
-212.219254,20,28873.040963
-240.667894,24,28881.087827
-189.17236,23,28888.74476
-249.53871,20,28896.514954
-235.163857,23,28904.606289
-308.583651,17,28911.245313
-251.803198,22,28918.444977
-284.209199,14,28924.947056
-233.206069,21,28933.219357
-155.975409,21,28940.112435
-222.951921,20,28946.925807
-238.032734,19,28953.056195
-205.154979,24,28961.974916
-170.401669,18,28967.952147
-318.355882,16,28973.688302
-286.649495,20,28981.013443
-306.570097,20,28987.523674
-215.768715,20,28995.685719
-192.303121,17,29001.807642
-244.738926,16,29007.086239
-259.256864,15,29012.341465
-255.697328,12,29019.450724
-225.666449,17,29025.330749
-254.084589,24,29035.006466
-223.482184,21,29042.201287
-268.344203,19,29050.145902
-184.665774,17,29056.410194
-304.518384,14,29061.728447
-135.958107,21,29068.692274
-327.342656,16,29074.799921
-260.127494,15,29081.465149
-223.32674,19,29088.75124
-289.901118,10,29093.643595
-210.137874,21,29102.164401
-279.630688,19,29108.702377
-263.502306,18,29116.252996
-196.169037,16,29121.581141
-220.069775,22,29128.682843
-193.018054,21,29136.24646
-215.139288,21,29143.62575
-223.957336,22,29153.005522
-276.038382,22,29162.148681
-127.4632,13,29167.879837
-164.237309,16,29176.603886
-165.226529,17,29185.498926
-189.490625,20,29194.321949
-209.605422,18,29202.058505
-298.733956,20,29214.162215
-184.044625,17,29224.799064
-205.630857,18,29232.234113
-253.247673,20,29240.017544
-235.283142,18,29246.5414
-211.618344,18,29253.177563
-259.409169,15,29258.83445
-119.750785,16,29264.540142
-221.649705,21,29273.120529
-220.9761,21,29281.498992
-216.684154,19,29288.487229
-210.567408,20,29295.7603
-294.658296,15,29304.172768
-301.920705,16,29311.151739
-250.363448,15,29317.12489
-301.440167,21,29325.491126
-278.672582,23,29333.741281
-232.809938,19,29342.873021
-213.229282,20,29350.890884
-220.91003,21,29359.729994
-232.38098,19,29367.619015
-238.775607,21,29377.877166
-230.520419,17,29384.812598
-363.483171,16,29482.534888
-171.021232,20,29489.854705
-236.980538,21,29497.558117
-219.481086,21,29504.080914
-183.834318,20,29510.643576
-172.249581,21,29517.723524
-159.054289,24,29527.430232
-163.784048,18,29533.292696
-213.438155,18,29539.158972
-331.21035,22,29546.882015
-235.169645,21,29554.946715
-304.272256,17,29561.297851
-211.434298,23,29568.990686
-184.1352,25,29577.107056
-182.41272,17,29584.022183
-202.404623,19,29590.808703
-139.919654,10,29594.237671
-207.828924,17,29599.973321
-122.882129,22,29608.040719
-214.761281,24,29616.503464
-259.06578,20,29623.02654
-133.722706,17,29628.657109
-219.735853,20,29636.02216
-218.787849,20,29642.871593
-297.730372,21,29650.893582
-131.230286,22,29658.943517
-257.980627,21,29666.968777
-297.412491,20,29673.432313
-177.241832,22,29680.901802
-205.993324,23,29690.706653
-369.198862,17,29696.49402
-157.539819,21,29703.554543
-237.783771,24,29713.164711
-203.521409,20,29720.923888
-182.312579,20,29727.533602
-255.135278,19,29734.150538
-305.560776,20,29741.399629
-294.200376,9,29743.984698
-221.106225,23,29753.743776
-287.671948,21,29761.080961
-375.120175,17,29768.232458
-201.260967,21,29775.443544
-228.995838,22,29784.610599
-309.313222,23,29792.346942
-255.672057,17,29799.181855
-246.516863,18,29805.275224
-158.214784,25,29814.231943
-293.065431,19,29820.701122
-235.448574,20,29828.559117
-289.992752,15,29834.066361
-194.890604,25,29842.633783
-287.109891,19,29850.426746
-247.616149,15,29855.937285
-251.489952,18,29862.186981
-293.010628,26,29873.434055
-202.051474,19,29879.800063
-227.713528,15,29885.077872
-222.608848,17,29893.036275
-260.187143,15,29898.915706
-250.535719,17,29905.300437
-382.357437,20,29912.014272
-239.217653,20,29918.424109
-239.063337,18,29925.622527
-181.387816,19,29934.587987
-264.788207,19,29942.361667
-206.796176,20,29949.512325
-202.139914,20,29957.044868
-234.791182,22,29964.720218
-215.690372,22,29972.759665
-259.260191,23,29980.668555
-204.952861,18,29987.203222
-242.157065,20,29994.655865
-251.01235,25,30002.849745
-350.005808,13,30007.790647
-136.836179,13,30012.472186
-223.397154,17,30019.372221
-356.509394,17,30027.553012
-205.537135,21,30034.373732
-218.903791,18,30040.621958
-294.998392,26,30049.397577
-265.456679,17,30055.214197
-230.566556,15,30060.270429
-266.497627,17,30065.804355
-312.167884,19,30072.883702
-247.54505,24,30080.677009
-155.800251,12,30084.56804
-226.775872,20,30091.386061
-173.609683,22,30099.809574
-220.87013,20,30106.453984
-216.628066,20,30113.296275
-297.183888,18,30119.7626
-193.35032,16,30125.115047
-236.102338,16,30132.705128
-144.848269,20,30139.298233
-235.358458,19,30145.446906
-349.220292,23,30153.076915
-300.296483,19,30161.439831
-239.185988,16,30168.131218
-227.821026,19,30174.496332
-155.339964,12,30178.795355
-248.370609,20,30185.270213
-219.771121,15,30190.210776
-148.699832,26,30199.721479
-284.813229,18,30207.269937
-225.231993,19,30214.933116
-231.234443,18,30220.474695
-183.527638,26,30229.489332
-190.558353,17,30236.149136
-213.73462,18,30242.40504
-244.025065,19,30248.726787
-200.569353,25,30257.497436
-343.132353,15,30262.681
-242.871147,13,30266.725101
-190.665626,17,30273.178404
-297.881883,18,30279.344733
-204.763092,14,30284.142233
-219.015313,19,30290.685445
-224.424149,18,30297.434437
-112.101766,22,30304.993225
-171.006176,12,30308.99607
-247.372888,19,30315.141233
-200.949496,19,30322.13383
-236.01365,24,30330.699301
-258.048056,19,30336.847665
-199.254537,21,30344.444954
-166.209509,16,30350.441191
-182.114077,23,30358.449896
-249.393687,15,30364.785322
-214.944721,21,30372.981767
-251.712741,18,30380.026319
-245.48559,24,30387.810035
-304.720359,17,30393.479313
-251.063316,21,30400.579733
-322.414821,13,30405.471858
-152.803409,17,30412.074121
-265.228443,17,30418.107964
-326.270876,20,30424.479046
-150.467619,21,30431.884825
-161.301137,13,30436.15623
-107.453914,24,30444.070271
-215.772866,22,30451.791938
-157.810938,21,30459.847347
-313.161041,16,30465.90887
-262.094186,21,30473.738991
-244.320804,17,30480.938502
-164.495608,23,30488.33495
-239.735801,19,30495.48606
-356.160445,23,30503.365827
-282.264813,14,30508.747554
-244.084246,18,30514.715803
-266.280966,17,30521.982936
-206.781317,13,30526.447975
-219.434079,19,30534.586397
-230.404635,19,30540.629869
-229.562171,13,30545.872662
-187.58977,23,30554.233747
-237.968192,19,30560.840379
-236.163824,24,30569.491092
-150.307577,23,30577.230356
-313.688423,18,30583.836878
-202.850171,20,30590.742073
-271.638719,19,30598.251154
-177.960009,21,30605.929354
-275.832976,11,30609.80304
-165.002075,16,30615.304839
-239.02971,17,30621.481386
-284.217349,23,30629.612488
-218.995736,23,30637.327402
-237.545462,15,30642.93608
-352.525029,18,30649.195148
-316.523007,21,30656.251531
-211.824817,18,30662.478386
-208.022202,15,30667.573636
-234.434129,17,30675.559734
-280.391145,17,30681.70643
-291.577165,18,30687.728786
-228.784918,17,30694.567778
-226.147111,17,30700.647364
-211.012936,15,30706.749784
-263.119702,18,30712.876241
-144.955884,17,30719.212652
-214.508892,17,30725.509105
-273.954152,12,30729.955214
-277.463321,16,30735.472398
-254.090128,23,30744.365463
-182.322216,23,30752.476652
-208.088978,18,30758.715169
-96.83849,10,30762.378628
-250.395642,19,30769.420408
-222.746484,19,30776.054757
-308.047927,27,30784.555474
-208.792988,27,30794.596651
-315.8066,15,30801.19688
-245.320048,17,30807.106311
-286.524675,18,30814.166697
-187.39883,12,30818.406257
-228.885907,14,30824.410089
-277.354563,19,30830.916736
-234.160011,17,30836.775919
-148.833052,22,30844.483562
-213.755042,20,30851.956343
-187.120405,17,30857.766486
-254.190125,19,30864.643109
-383.084451,18,30870.581622
-226.827503,17,30876.409493
-313.738159,17,30882.142236
-242.570648,22,30889.679519
-296.743696,15,30894.872204
-183.921031,22,30903.660337
-207.271183,23,30911.707883
-271.678826,17,30917.426298
-257.684534,17,30925.414018
-295.482625,14,30930.696639
-192.085252,21,30937.649296
-308.69691,21,30946.76489
-135.397921,17,30952.953248
-277.585714,18,30958.890745
-241.005014,20,30967.260963
-130.415785,12,30971.979417
-220.576962,22,30980.181894
-253.467628,15,30986.599435
-225.366817,22,30994.333534
-354.063852,22,31001.759419
-128.530502,18,31009.381835
-164.591562,22,31016.366585
-205.250739,24,31025.456137
-178.72733,16,31031.678608
-272.415254,17,31037.329406
-218.984884,17,31043.752332
-274.924869,15,31048.917449
-256.153627,17,31054.801725
-283.848775,17,31060.915112
-245.227478,22,31068.350273
-290.535105,21,31076.557375
-276.939846,21,31083.438707
-223.423577,18,31090.138445
-326.283489,21,31097.740886
-312.861246,22,31107.786556
-263.978602,16,31113.680067
-207.72495,19,31120.618033
-307.552596,14,31125.843102
-240.064763,18,31133.638588
-345.115862,22,31141.028015
-206.334425,21,31149.877104
-173.923403,23,31158.787714
-156.978028,19,31166.677066
-215.07142,19,31173.784963
-241.207887,15,31179.405607
-141.290417,11,31183.910149
-240.875623,20,31191.360592
-267.369852,15,31196.564547
-301.521233,18,31202.865975
-207.878992,21,31210.711272
-289.925327,15,31216.338571
-270.207792,18,31223.027832
-281.869467,19,31229.602922
-257.458249,23,31237.878504
-280.036832,16,31244.494802
-236.111743,19,31251.401676
-204.441235,21,31258.73006
-367.248977,23,31266.586952
-246.630321,18,31273.324726
-267.462786,19,31279.950741
-163.798608,18,31285.874997
-214.826588,23,31294.866196
-201.753559,27,31304.935597
-215.965136,19,31311.35146
-247.938388,18,31317.742233
-268.493005,17,31323.678977
-224.629826,26,31333.180351
-209.700171,19,31340.588274
-262.610361,22,31347.795377
-173.361179,16,31353.506234
-248.277691,15,31358.906571
-218.365644,21,31366.576439
-246.205211,18,31372.604497
-263.88335,16,31378.076433
-235.980688,21,31385.289365
-185.833084,18,31391.67929
-173.845287,19,31398.327295
-191.898558,19,31405.443316
-247.066172,25,31416.233038
-224.173154,22,31423.589081
-250.827339,16,31429.77418
-252.34614,21,31438.909135
-112.902071,25,31447.522944
-196.986296,19,31454.942552
-166.724479,18,31460.616042
-215.565382,18,31467.650094
-275.635478,20,31474.305609
-191.632413,19,31480.507787
-295.196821,17,31487.994604
-143.99311,16,31494.783846
-300.074232,21,31502.356197
-235.545217,17,31509.279342
-196.057481,19,31516.444551
-312.323074,16,31521.490919
-250.510568,19,31527.815939
-200.239175,24,31536.017016
-258.627137,20,31542.849379
-205.856525,17,31548.733883
-192.344176,23,31559.135372
-225.190035,19,31565.206144
-295.662847,15,31570.313943
-261.170455,13,31574.888693
-252.629203,18,31581.013616
-256.381015,23,31589.43612
-187.464161,21,31596.41999
-294.342341,18,31602.151485
-277.551912,20,31609.518809
-220.314276,16,31617.049828
-238.693999,21,31626.021321
-309.231643,20,31634.360105
-234.753166,22,31642.225476
-279.798276,16,31648.845059
-229.998485,19,31655.196203
-283.217699,19,31663.279964
-205.596881,19,31669.684818
-182.654459,22,31677.484142
-155.988269,18,31683.764848
-191.914121,19,31690.761571
-241.944329,19,31697.201066
-185.688812,20,31704.252473
-161.231085,23,31712.916804
-237.914288,22,31721.001555
-245.597545,23,31728.979033
-225.453593,17,31735.1112
-165.455559,15,31740.359055
-181.182808,24,31750.650901
-260.363546,19,31757.154855
-259.23904,22,31765.580752
-155.028036,24,31774.097406
-266.850454,19,31780.442872
-281.160524,14,31785.466596
-230.698742,18,31791.785424
-198.123456,21,31799.086915
-105.209686,20,31806.91325
-245.606781,13,31812.911083
-329.582163,16,31819.599432
-306.30818,15,31825.364553
-313.640951,19,31832.168594
-221.048178,21,31840.878711
-278.123597,16,31848.40572
-236.538639,19,31855.693081
-291.318833,13,31860.922462
-226.721856,22,31868.577342
-212.948846,22,31876.809402
-165.977654,18,31884.28079
-264.668155,12,31888.393895
-283.329737,20,31894.901237
-264.310923,24,31903.920072
-223.759353,16,31909.41636
-268.66273,15,31914.799638
-232.147107,18,31922.584673
-188.806369,20,31929.365847
-227.978582,19,31936.248584
-224.165582,21,31944.325001
-238.281879,23,31952.24462
-234.848316,17,31957.966508
-306.591751,12,31963.794737
-115.963867,18,31969.872076
-248.116563,17,31976.106962
-267.011267,21,31984.008806
-203.771709,25,31992.858944
-247.840803,21,31999.800897
-211.210162,24,32008.301478
-269.057924,14,32012.720697
-239.888111,16,32018.881102
-155.279376,24,32028.854426
-167.53479,20,32035.592304
-204.246576,23,32043.411845
-137.420066,16,32048.749056
-255.473202,22,32056.642265
-211.288986,19,32063.984633
-264.165454,19,32070.498455
-232.519985,15,32076.586071
-179.748975,16,32082.105805
-167.047266,16,32087.816496
-314.062033,22,32095.540248
-216.762791,19,32102.211884
-300.627697,15,32107.948162
-221.506178,18,32114.821496
-292.502753,22,32122.612844
-153.391872,16,32130.790454
-242.227391,23,32139.175922
-219.960859,18,32146.312209
-174.13411,19,32152.762804
-249.470876,22,32159.952122
-175.408763,18,32166.491942
-245.542348,17,32173.525763
-219.360307,19,32181.191384
-265.092039,19,32187.506238
-251.986879,20,32194.919478
-145.134682,20,32203.097282
-153.538085,23,32212.663837
-267.172614,19,32219.074667
-188.084588,19,32225.989515
-207.849217,22,32233.294777
-237.757709,18,32239.837352
-294.140545,18,32245.819725
-176.771921,26,32257.755657
-197.300394,18,32265.575538
-250.915008,20,32272.058399
-228.482773,18,32277.80878
-277.324606,19,32284.554985
-277.462091,15,32290.520532
-238.177575,15,32297.119206
-253.139855,18,32303.464846
-302.698717,19,32309.972786
-287.099399,9,32315.289588
-246.50899,17,32320.844969
-160.632547,17,32327.122436
-203.773934,15,32332.222909
-181.771173,18,32338.476863
-252.143929,23,32347.366242
-215.119631,18,32353.736586
-257.972987,19,32360.194649
-328.850805,16,32366.232256
-136.349871,15,32371.518096
-271.276534,15,32379.066037
-272.305305,16,32385.268973
-237.774078,23,32393.692721
-306.266623,18,32401.135588
-230.43753,19,32407.437752
-227.86808,21,32414.507916
-263.813898,18,32420.669649
-198.403037,22,32428.330128
-243.166068,15,32434.220043
-216.48813,17,32441.074297
-202.626776,21,32448.141349
-226.001542,23,32456.273902
-312.424743,17,32462.14314
-271.561033,19,32468.194554
-322.660078,19,32474.689193
-223.768508,17,32480.212418
-153.97731,22,32487.901405
-246.80094,22,32494.719769
-161.863339,21,32502.724354
-155.406334,12,32507.809558
-398.155933,17,32515.279338
-214.653388,17,32521.449788
-227.531993,19,32610.114602
-227.436664,22,32619.455438
-162.991327,18,32626.632934
-199.284175,19,32633.156062
-243.590621,18,32639.922742
-276.453485,19,32646.467573
-219.717801,26,32656.856214
-276.423395,20,32663.962903
-224.274235,19,32670.873728
-361.968267,17,32676.634196
-269.811445,17,32683.376878
-322.806518,16,32691.096898
-118.451652,19,32698.157473
-188.559544,26,32706.684714
-263.591987,21,32714.785006
-144.373134,13,32719.239817
-256.51428,22,32729.395374
-155.416151,21,32737.286474
-282.008112,17,32744.562052
-286.997158,13,32750.334031
-170.25186,16,32755.664094
-253.351439,24,32764.428477
-222.896301,16,32772.511174
-232.938556,19,32778.720563
-251.374598,17,32784.529119
-305.554657,16,32790.954082
-214.934899,16,32797.041055
-326.422019,26,32805.682083
-277.974849,18,32812.658894
-290.782571,20,32819.496074
-226.865935,17,32826.935825
-191.338573,19,32834.823259
-195.500539,17,32841.387383
-227.867095,16,32846.975858
-221.563404,20,32854.125093
-258.779791,20,32862.032544
-263.950848,14,32866.980709
-125.77873,23,32874.660664
-240.5124,12,32880.746215
-340.153675,21,32888.381762
-369.884163,21,32895.948861
-118.196043,14,32900.604467
-190.440605,21,32907.932882
-232.005857,20,32915.692263
-204.323567,20,32922.346312
-219.302754,23,32929.962604
-239.331593,18,32937.938081
-261.6001,19,32944.811702
-194.744275,20,32951.462069
-235.612837,20,32958.397871
-232.666778,15,32963.59868
-221.492113,23,32971.462394
-193.806871,18,32979.646686
-269.40339,16,32984.732133
-197.561331,27,32994.923295
-305.82274,21,33002.022237
-280.413978,19,33008.725958
-256.273257,18,33014.621802
-244.158216,17,33022.349125
-135.819784,21,33029.867476
-244.14279,18,33036.192644
-223.081028,21,33044.54316
-322.434226,12,33048.536924
-242.706155,20,33055.480933
-270.826248,21,33062.830323
-242.255498,16,33068.07121
-291.284452,19,33075.687607
-231.479485,14,33080.743709
-204.566747,21,33088.231794
-205.454189,16,33094.497211
-220.261534,19,33102.942715
-293.330531,12,33106.8094
-234.500106,21,33114.553115
-242.508963,19,33121.722437
-129.911946,20,33128.979654
-179.13938,21,33136.589116
-315.967751,15,33142.435193
-328.86719,17,33148.461229
-229.759527,17,33154.429873
-211.758109,19,33162.327569
-252.909421,18,33170.168276
-262.839923,24,33177.755378
-258.468786,21,33185.557548
-220.668061,19,33192.429718
-247.398153,23,33200.340148
-155.137649,13,33204.850422
-278.086452,18,33211.854249
-225.619651,22,33220.309238
-224.814316,17,33226.434505
-250.290103,15,33232.950017
-238.434859,17,33238.723411
-288.798075,21,33246.083458
-199.941254,27,33255.8216
-275.680535,21,33263.054968
-168.624577,19,33269.521888
-263.3803,19,33275.987416
-230.950295,21,33283.540227
-221.806692,21,33290.762851
-230.983379,20,33298.737269
-200.392203,19,33307.182518
-129.931882,17,33313.245905
-293.022001,19,33320.515516
-224.536024,21,33328.595073
-230.291645,17,33335.518192
-301.078501,20,33342.323904
-261.009438,24,33351.661028
-249.262697,11,33356.299738
-203.161305,18,33363.126024
-245.631499,20,33370.888698
-238.721214,19,33378.528084
-223.5296,22,33386.11534
-348.073133,19,33392.525197
-253.298869,21,33400.413748
-315.568018,19,33409.319582
-252.362725,24,33419.545038
-247.602003,22,33427.778931
-234.672417,18,33434.331875
-222.824025,22,33441.958821
-216.023385,22,33449.738229
-268.020177,21,33458.410098
-218.457792,17,33465.013226
-243.728931,18,33471.055702
-231.95278,21,33480.877258
-220.532173,20,33487.494075
-209.532832,12,33492.426671
-229.956777,18,33499.142231
-290.667948,19,33505.68989
-184.756945,24,33513.337413
-266.283266,20,33519.931215
-242.961383,14,33525.557979
-273.777198,17,33531.681761
-210.635125,26,33540.502923
-255.935501,18,33547.533044
-241.972024,20,33555.31366
-207.973894,21,33562.707685
-187.409481,19,33569.465034
-296.272132,19,33576.279825
-139.451953,14,33581.117249
-228.322783,20,33588.151979
-286.076377,16,33595.194614
-212.189491,19,33602.829502
-190.92913,19,33609.870184
-205.573971,19,33616.920089
-296.461935,20,33623.952131
-186.584193,23,33631.57597
-252.858961,16,33637.015885
-273.742602,17,33643.544987
-259.200685,18,33650.162144
-114.916589,13,33654.622344
-192.203349,20,33662.47144
-209.841869,21,33670.467062
-172.551875,23,33678.329028
-160.088642,9,33682.980073
-233.111357,19,33690.451253
-372.192074,22,33699.516029
-219.897119,17,33705.358945
-265.826139,14,33710.053631
-259.897322,17,33716.019742
-262.92405,11,33719.897395
-207.298499,17,33726.508588
-263.24385,17,33732.761811
-237.671278,20,33739.640863
-306.637983,19,33746.773102
-260.502389,17,33752.453524
-214.501128,21,33759.981573
-184.773406,21,33767.827619
-226.747241,19,33775.001753
-116.262411,27,33784.473065
-167.535121,23,33792.255825
-310.288772,19,33799.023045
-253.603534,16,33806.673361
-207.178058,18,33815.124888
-152.822463,20,33822.578368
-210.290742,19,33830.272477
-291.335825,14,33836.317343
-216.28969,15,33841.645815
-232.404698,21,33848.86309
-219.518479,22,33856.646976
-252.859524,23,33865.79919
-210.702569,26,33874.359042
-201.215257,12,33878.946974
-250.772783,18,33885.736274
-167.204723,26,33894.55881
-204.843381,16,33900.162664
-268.441915,24,33907.699805
-296.557725,22,33915.389735
-281.535393,17,33921.480224
-241.611503,16,33927.471223
-260.02717,21,33934.710785
-250.01828,21,33942.534823
-213.089631,24,33951.114738
-181.346824,21,33958.80963
-252.499737,18,33965.177334
-261.828449,23,33972.901994
-248.49031,16,33978.946637
-244.892139,20,33986.396373
-118.077304,19,33993.353195
-220.217232,21,34000.193902
-247.763426,10,34004.345304
-157.778262,19,34011.648528
-215.433099,18,34017.935094
-89.222446,15,34023.004375
-200.084227,22,34031.797858
-270.744845,16,34038.169327
-194.505048,20,34044.603471
-181.608172,21,34052.661836
-276.467745,11,34057.657146
-216.961195,20,34064.416376
-234.31853,21,34072.370292
-318.415098,20,34079.667584
-269.623951,17,34086.933536
-226.090176,20,34094.159491
-218.810802,17,34101.766425
-260.445144,14,34106.295877
-271.801003,22,34114.002402
-267.414731,15,34120.643939
-225.237225,18,34126.256084
-285.24744,13,34130.718754
-293.556332,18,34137.812696
-222.478901,20,34144.754829
-247.176147,17,34150.892749
-128.486163,15,34155.808581
-234.67222,19,34163.467114
-299.282357,18,34170.361802
-205.745514,16,34176.027552
-273.107628,16,34181.978877
-237.875941,22,34189.429089
-144.996924,20,34197.223503
-257.831295,20,34204.193333
-260.030777,20,34211.205403
-235.816496,24,34218.880106
-180.677633,18,34225.354095
-201.844172,18,34231.660583
-150.671999,22,34239.19326
-187.528016,24,34246.876655
-179.59363,20,34253.968723
-273.709875,20,34260.780205
-147.263145,21,34267.63355
-233.159111,21,34274.501412
-200.566656,21,34284.058049
-212.616443,20,34290.468527
-238.769118,24,34298.941527
-260.539205,14,34304.667129
-200.233564,26,34313.413694
-241.029417,15,34319.835948
-284.506343,20,34326.263477
-136.345502,17,34336.255058
-217.968702,20,34343.176963
-132.172706,20,34350.163862
-262.990001,16,34356.470574
-246.685373,19,34363.481784
-308.145242,15,34369.043921
-251.086126,19,34375.827787
-260.996748,24,34386.155589
-206.951449,21,34393.82518
-270.084713,22,34401.129014
-275.684134,19,34408.350303
-247.078851,20,34415.390662
-265.73182,17,34421.198363
-185.28923,21,34428.473831
-208.290911,17,34435.890976
-218.568083,16,34441.65616
-170.332591,19,34448.370052
-171.358545,22,34456.376905
-144.175887,18,34464.051873
-159.68958,17,34470.362341
-236.443258,19,34477.697436
-173.142994,19,34484.855684
-248.255365,20,34491.451309
-251.894508,16,34496.865611
-165.424622,23,34504.893713
-271.448046,23,34515.352322
-304.686473,21,34522.370678
-259.180262,18,34528.509546
-244.585977,16,34533.994412
-164.225507,19,34540.499667
-214.283054,21,34548.089981
-171.40137,18,34555.878826
-277.803402,24,34565.761592
-301.846882,14,34571.567565
-241.166376,21,34578.670686
-186.246286,22,34586.153083
-209.17166,15,34593.05913
-316.176525,22,34601.386419
-122.538923,18,34607.042993
-255.859514,15,34612.030226
-287.505186,18,34620.08944
-260.033314,20,34626.991048
-189.941401,17,34633.54834
-280.479267,19,34641.449195
-247.793446,14,34645.895819
-150.196461,24,34653.808449
-212.040704,19,34660.350702
-163.995271,24,34668.252795
-261.945718,16,34673.432544
-240.463343,21,34681.152203
-198.08215,17,34687.803752
-184.940847,26,34699.826895
-303.931486,21,34707.216886
-355.961673,14,34712.017344
-146.525323,19,34718.469972
-204.912204,20,34725.054137
-187.338811,14,34731.007461
-223.559386,24,34739.711463
-251.492389,21,34746.785332
-219.067154,21,34755.99533
-218.587145,18,34763.480226
-185.588033,22,34771.667035
-216.052941,15,34777.153371
-244.971975,13,34782.341474
-148.505627,17,34788.288464
-283.65836,20,34795.37419
-148.245517,10,34799.048729
-242.126715,13,34804.263487
-171.350537,21,34811.976251
-242.223574,20,34818.967056
-176.031956,22,34826.611865
-184.35387,15,34832.341766
-218.229851,20,34839.734286
-261.440756,21,34846.823141
-151.73303,23,34855.36403
-218.124378,20,34862.564889
-281.5115,13,34868.709713
-168.27437,24,34877.28495
-185.61725,19,34883.575486
-190.437622,22,34890.742431
-178.575942,21,34898.614465
-157.418066,23,34906.863816
-226.187286,16,34912.413987
-436.719355,18,34919.576809
-121.469983,8,34924.043689
-321.004123,22,34932.229366
-204.047904,23,34940.864186
-281.687076,20,34947.541498
-244.157578,20,34954.896687
-276.037014,23,34963.610937
-145.588148,19,34969.793763
-228.572549,20,34977.405651
-241.680032,21,34984.300531
-246.520579,19,34990.613212
-169.402426,14,34995.671247
-221.788012,19,35003.002613
-217.440087,22,35010.639656
-192.421729,21,35017.501254
-170.518449,20,35024.233121
-143.876574,16,35029.297832
-231.3226,20,35036.042267
-166.599878,22,35043.700367
-375.97505,18,35052.235762
-172.343583,28,35062.67704
-232.133533,19,35070.383141
-134.971784,19,35076.871596
-207.30914,21,35084.441591
-147.659399,19,35091.120748
-289.79681,18,35097.799951
-217.747435,18,35105.041927
-218.730556,17,35111.043515
-295.507669,14,35117.093732
-216.097761,14,35121.6104
-151.470222,18,35128.085013
-216.11617,21,35135.339623
-259.361183,20,35143.310677
-201.751977,22,35150.977817
-138.177351,20,35158.243296
-191.874452,21,35165.988856
-247.027442,21,35175.158768
-165.652915,26,35184.586247
-288.945856,21,35191.981877
-126.293961,21,35199.142304
-193.580426,20,35206.747195
-194.192532,20,35213.294823
-285.804406,15,35219.787046
-127.357775,15,35225.691206
-254.63752,16,35231.749761
-217.491972,16,35237.614332
-209.803398,20,35245.611918
-216.741075,16,35251.480389
-342.642763,21,35258.551792
-242.156788,20,35265.01347
-267.042034,17,35270.561685
-180.553042,22,35277.811028
-236.177823,21,35285.419869
-156.752168,22,35293.721045
-263.565684,15,35300.246639
-290.888522,15,35305.446045
-225.832485,19,35313.00474
-225.071705,19,35320.477137
-263.279054,19,35326.715011
-231.915253,16,35333.760168
-215.570509,21,35342.151543
-376.160836,23,35350.0795
-203.98704,20,35358.525242
-223.293178,21,35365.534499
-304.849332,18,35371.655352
-314.04439,28,35382.480238
-188.439993,19,35389.020292
-220.335285,15,35394.563572
-171.995282,10,35399.108339
-297.948233,21,35406.383965
-247.435089,22,35413.753196
-210.010439,16,35421.074
-226.694136,15,35427.714753
-226.886933,20,35434.612428
-184.261126,24,35443.897978
-244.150482,18,35450.940359
-237.619304,10,35456.019245
-137.981896,12,35461.551266
-242.698384,16,35467.034897
-247.874724,22,35474.895706
-182.841372,18,35481.044831
-222.140549,20,35488.916544
-249.340334,21,35495.61057
-236.427285,19,35503.192577
-235.956828,19,35509.748909
-242.892468,23,35517.287866
-214.371642,23,35525.727189
-351.935975,22,35533.234851
-273.127407,14,35541.129387
-183.053432,27,35550.979514
-155.679472,21,35560.344991
-228.367115,17,35566.891599
-218.215834,19,35573.354089
-242.408566,20,35580.522536
-208.0178,23,35591.387654
-143.295797,23,35600.031493
-245.850301,19,35606.685838
-219.530371,22,35613.92748
-255.892715,19,35620.507598
-244.537815,18,35626.975713
-216.925424,16,35632.776658
-183.710774,17,35638.531165
-259.205441,17,35645.110616
-223.894406,21,35653.732749
-203.28102,24,35661.770823
-203.959406,18,35668.406988
-288.286589,22,35677.749669
-198.237934,23,35685.366611
-224.935917,22,35778.665936
-226.87378,22,35786.66533
-170.77101,21,35793.78847
-166.490001,15,35799.52834
-163.348837,14,35805.236762
-243.908765,25,35813.419741
-245.497489,14,35819.099849
-288.360074,20,35826.948065
-279.578867,20,35834.418734
-225.976365,15,35840.914344
-223.674103,16,35846.376248
-236.891894,23,35853.748412
-246.447384,22,35862.037089
-201.120083,13,35867.556267
-122.096514,22,35875.56737
-169.476411,20,35882.239079
-258.906552,12,35886.481022
-228.518798,25,35896.033231
-243.337793,17,35901.502117
-259.776321,11,35905.05028
-134.013418,16,35910.651055
-221.261257,22,35919.317793
-221.702925,18,35925.670641
-306.301017,18,35932.410035
-164.158018,19,35938.779599
-217.627391,23,35947.257565
-280.559634,14,35953.077342
-271.366916,22,35960.600101
-272.534243,19,35967.77364
-217.86465,19,35974.996578
-194.252596,19,35981.196734
-305.428756,18,35987.127229
-234.987152,23,35995.370221
-247.785359,14,36000.880273
-236.679041,18,36008.09503
-249.773373,19,36014.666466
-250.068012,21,36023.169711
-159.80324,24,36031.702039
-287.103232,13,36038.37985
-188.502017,19,36045.33441
-206.291073,17,36051.851465
-208.560264,17,36060.540434
-170.153779,12,36065.329664
-137.070467,23,36074.35373
-241.954393,21,36082.487485
-185.667185,19,36090.295777
-259.753114,20,36097.856827
-178.077249,21,36105.149909
-191.923982,18,36111.127628
-270.601849,14,36116.94606
-134.244728,18,36124.267301
-142.94348,21,36131.350543
-279.70623,16,36137.039572
-265.954887,20,36144.179842
-155.787398,16,36149.464956
-217.033873,23,36157.767091
-181.423561,23,36165.169307
-264.915695,19,36172.449064
-344.868549,17,36178.776013
-117.163882,20,36186.932477
-321.392206,14,36191.807039
-240.324337,21,36200.439483
-344.878922,19,36208.433761
-134.121064,13,36212.867305
-244.514195,21,36220.479113
-234.919056,20,36227.22048
-255.435795,25,36236.410408
-219.723135,19,36242.75749
-121.946692,21,36250.818504
-176.990032,22,36260.581868
-208.526782,24,36270.192706
-289.809431,17,36277.518707
-252.418373,21,36284.916521
-155.375364,22,36292.360664
-248.286736,15,36298.446302
-112.42333,18,36304.684439
-207.775378,18,36310.79965
-212.394785,18,36317.197446
-272.633818,18,36324.625219
-236.688095,28,36334.488167
-178.375358,17,36340.672598
-212.189097,17,36348.31632
-304.972272,20,36356.07062
-205.649825,15,36361.619898
-244.591259,18,36368.022159
-247.082044,19,36375.706644
-148.818888,25,36384.819893
-348.246591,12,36390.061032
-286.831964,13,36394.242213
-287.032893,12,36398.013201
-230.565331,21,36405.690222
-217.080361,18,36412.60039
-201.643276,22,36421.217849
-306.002042,16,36426.786774
-280.194182,9,36430.071167
-238.544607,18,36438.174482
-258.160119,23,36446.245153
-247.75555,20,36455.29007
-277.147944,14,36459.819765
-145.635252,18,36466.654898
-258.721734,17,36472.587072
-169.252081,18,36479.876232
-289.508379,25,36489.042199
-186.302075,21,36497.376377
-260.229818,19,36504.217512
-172.881827,13,36508.449945
-243.491485,17,36515.680367
-240.527198,18,36523.031883
-230.152184,18,36529.299733
-248.012822,19,36535.927359
-278.788859,21,36543.535522
-243.939141,22,36552.546815
-134.178387,18,36558.335686
-197.813281,22,36566.52886
-260.707821,21,36573.549862
-262.988641,21,36581.123641
-220.268762,17,36586.514549
-192.812459,22,36595.601376
-209.148861,19,36602.444812
-259.283668,20,36609.770238
-168.574243,25,36618.37767
-119.999076,21,36625.273468
-245.228254,22,36632.362181
-123.76532,21,36639.452458
-173.354753,20,36645.899997
-244.179386,17,36651.843965
-212.660557,18,36657.705344
-195.421195,24,36666.469115
-206.15539,15,36671.955652
-238.451044,23,36680.116992
-134.761372,20,36687.050569
-264.183709,19,36694.11033
-195.050354,16,36699.190742
-147.694982,18,36706.383604
-94.56499,13,36712.894193
-313.378891,20,36720.095517
-207.120669,16,36725.264904
-158.109844,19,36731.961784
-265.969841,23,36739.432208
-227.701779,17,36745.866002
-167.814627,20,36752.944643
-271.8572,16,36758.484059
-197.253428,18,36764.575289
-233.088023,17,36770.65254
-117.470207,24,36778.589296
-255.897875,19,36785.745795
-282.576192,16,36791.506254
-190.892818,22,36798.876814
-155.59697,17,36805.313024
-229.029523,18,36812.044427
-136.238797,17,36817.699766
-229.560545,20,36825.024689
-171.402141,21,36831.571263
-218.374363,16,36837.269809
-271.724669,21,36844.647087
-288.511683,16,36851.859767
-244.64296,14,36857.966544
-100.667461,23,36866.870017
-246.248578,23,36874.593706
-150.630122,27,36883.819034
-245.60811,22,36890.820361
-250.095545,21,36898.307587
-210.851577,21,36908.57483
-204.895683,22,36917.362828
-276.253052,10,36921.631065
-208.518823,18,36929.398977
-211.417888,20,36936.380057
-209.270755,24,36946.178509
-161.610305,19,36953.738161
-174.253229,13,36958.246403
-238.326893,18,36964.260132
-189.805618,15,36969.420733
-272.005996,16,36976.946776
-197.924987,24,36984.672613
-246.638274,17,36992.057332
-278.726152,22,36999.580795
-253.199281,19,37006.702199
-165.391913,18,37013.365842
-200.183399,20,37020.21689
-227.44617,19,37026.581322
-164.955486,24,37037.794689
-104.166094,17,37044.500193
-178.844818,21,37052.017107
-238.545654,20,37059.536487
-228.549015,21,37066.952777
-121.713495,19,37073.417435
-315.393514,24,37081.733099
-135.196417,23,37089.73269
-188.372374,22,37097.075635
-304.622818,21,37106.031463
-230.240922,22,37113.464174
-256.960894,16,37119.473062
-139.190313,25,37128.856366
-146.260942,26,37137.507581
-131.088597,23,37145.770237
-161.715159,15,37150.780355
-206.830647,20,37158.215557
-155.377512,17,37164.767404
-199.166341,20,37172.474373
-190.507804,19,37179.18707
-176.453765,11,37183.021367
-292.193032,19,37189.413228
-216.555123,25,37198.936517
-171.18705,24,37207.371757
-164.929031,14,37213.46186
-327.857675,11,37219.13542
-115.432807,17,37225.021665
-260.514738,19,37231.953427
-222.806988,22,37240.309494
-259.66879,13,37246.252941
-210.62215,22,37253.430198
-176.948057,22,37260.669719
-356.919986,22,37268.293136
-212.604021,20,37276.503707
-132.688592,22,37284.043803
-163.428362,24,37293.433374
-211.490056,19,37300.70611
-141.180754,21,37308.147033
-187.807196,21,37315.19217
-261.002307,16,37322.613841
-225.807334,28,37332.021646
-234.809007,22,37339.526153
-204.397697,16,37346.220404
-225.100536,19,37353.205266
-245.229175,18,37359.183522
-282.665588,13,37364.298624
-199.950191,18,37370.717041
-193.371943,20,37378.301884
-209.19226,19,37384.789977
-250.153868,23,37392.299089
-250.517262,17,37398.410729
-243.84141,17,37406.660181
-101.93357,22,37414.253609
-157.148315,28,37426.249434
-145.779331,23,37436.567319
-198.413289,14,37443.293143
-200.690404,22,37451.848205
-186.492921,15,37458.448111
-203.765636,21,37466.591939
-251.897983,19,37474.559026
-157.351174,21,37481.898936
-253.991736,23,37489.34483
-205.579925,20,37496.353106
-221.562133,18,37503.351637
-211.138706,19,37509.491375
-196.739269,23,37517.632375
-269.632426,15,37524.995467
-235.135275,25,37535.166907
-207.70842,18,37541.639791
-218.851799,17,37548.404507
-259.187825,16,37553.817972
-165.878843,12,37559.994515
-239.171355,14,37565.902235
-188.222443,21,37572.880356
-136.969558,15,37577.447234
-197.65442,19,37583.805984
-227.757536,12,37589.482606
-315.836751,17,37595.300108
-202.396562,22,37602.694514
-245.680036,20,37610.378039
-210.955206,21,37618.885251
-220.836867,20,37625.812258
-204.359092,19,37632.243712
-276.358537,23,37640.014417
-95.771565,21,37647.835825
-255.495393,19,37654.277251
-260.417045,9,37659.337108
-222.544269,15,37665.100739
-279.500539,14,37670.661057
-244.655072,22,37678.786796
-243.581536,19,37686.773986
-135.046977,21,37695.396884
-261.424162,20,37701.719764
-239.293053,14,37708.440816
-169.556584,22,37715.388278
-183.810786,24,37723.826323
-156.364835,19,37730.784557
-205.242538,21,37739.232403
-209.748751,17,37744.694725
-189.781191,21,37754.923501
-239.08894,17,37760.734679
-201.717974,20,37767.912095
-225.425926,15,37774.128054
-207.187078,17,37779.290259
-231.521328,20,37786.686851
-212.606196,18,37794.085983
-89.668629,14,37798.892319
-254.449926,17,37805.644411
-184.870878,18,37813.493323
-140.028935,22,37821.258593
-165.242096,18,37827.33988
-245.095603,18,37833.504902
-253.779593,19,37840.298423
-132.002148,11,37845.144848
-288.12065,16,37850.412755
-244.415266,23,37858.369259
-215.485159,17,37866.218311
-149.53687,13,37870.427874
-220.725312,18,37877.612363
-192.45715,21,37884.434706
-247.039357,16,37890.638042
-167.531079,23,37898.916008
-217.31438,25,37908.926326
-176.097887,24,37917.407916
-313.716618,11,37921.90787
-160.98354,21,37929.774148
-225.143862,16,37935.749815
-210.583742,16,37940.548789
-238.22907,18,37946.590055
-127.596305,25,37955.506845
-271.157536,13,37960.974169
-232.235037,13,37965.521468
-222.770515,17,37971.191099
-193.607831,21,37980.796508
-169.637748,19,37987.142716
-291.67242,15,37992.130867
-121.369826,23,37999.372127
-173.076061,13,38004.510282
-106.871474,11,38008.570924
-177.712411,21,38017.200597
-147.448978,18,38026.924972
-293.350139,11,38031.39793
-221.726174,20,38037.686796
-241.437823,21,38045.904788
-254.425395,17,38053.664761
-244.269694,21,38062.415634
-232.947724,17,38069.043
-188.281769,19,38075.322943
-244.140952,21,38082.886668
-254.696484,15,38090.317369
-381.609047,21,38098.628619
-241.289985,18,38104.270478
-189.6219,22,38112.247244
-219.296325,17,38118.39734
-224.960084,21,38127.487587
-183.202268,23,38136.008272
-128.872734,16,38141.386243
-170.219614,22,38149.486558
-300.64667,17,38155.951241
-245.29962,18,38161.9966
-268.25019,17,38168.312853
-299.269265,20,38175.078791
-240.133913,22,38185.497894
-228.768784,27,38194.491489
-228.676386,24,38202.920901
-228.649087,13,38207.623557
-227.347552,19,38214.159658
-251.996037,11,38220.867389
-201.814337,18,38226.778617
-162.360119,20,38233.702471
-179.080888,18,38240.458687
-190.924088,15,38246.457665
-136.388211,15,38252.628699
-175.426799,17,38258.677022
-300.550905,22,38266.113113
-205.328206,18,38273.065545
-209.471735,19,38279.461714
-244.456824,19,38287.131011
-136.97211,19,38293.805936
-260.231593,15,38299.148763
-245.146692,12,38303.85513
-235.696032,19,38310.142266
-184.677638,25,38319.922648
-203.885109,21,38327.144513
-189.180354,18,38334.377502
-205.405683,20,38341.264807
-165.388614,19,38348.438921
-263.775512,22,38355.810103
-294.386646,22,38364.249425
-161.622362,27,38373.867737
-286.298816,22,38382.808693
-286.437469,20,38389.122067
-124.007435,21,38396.719576
-243.076787,17,38402.290924
-213.292428,19,38409.2672
-179.780394,18,38416.251044
-112.08911,23,38423.706062
-153.163652,20,38430.511137
-278.624385,22,38438.492699
-280.386855,21,38445.458194
-144.287554,19,38451.609473
-161.739551,20,38458.303589
-273.301516,19,38464.482021
-128.714923,15,38469.866126
-292.13419,23,38477.549506
-249.434841,24,38485.338256
-257.231801,16,38490.516445
-279.01044,22,38498.004419
-210.661683,18,38504.474088
-225.333633,22,38511.6964
-218.967623,19,38517.774643
-135.028152,21,38524.925622
-189.836458,22,38532.54184
-210.642407,17,38538.337137
-216.092685,23,38547.031632
-291.279065,18,38554.422471
-215.50539,16,38559.845096
-199.394737,19,38567.159023
-202.168829,18,38574.123245
-178.463594,23,38582.043009
-259.566614,20,38589.214053
-217.548663,18,38595.30878
-252.314559,20,38602.762155
-208.825761,18,38609.26068
-219.918254,21,38616.323897
-223.536503,13,38621.152291
-310.163325,12,38625.209652
-241.997579,19,38631.847588
-133.453816,17,38637.484151
-216.264143,24,38646.434354
-125.718816,20,38654.120656
-121.188858,19,38660.761103
-232.774591,22,38668.884176
-209.708064,20,38675.510545
-216.087695,18,38681.650913
-268.254039,15,38686.939564
-265.492056,18,38694.06952
-141.828233,25,38702.799885
-192.658609,16,38710.389488
-161.53275,24,38718.769798
-183.861812,25,38727.142383
-167.34837,23,38735.114478
-174.137381,22,38742.405126
-255.472224,21,38750.458262
-275.743476,22,38757.776633
-162.080483,19,38765.635737
-154.429892,23,38774.412936
-255.884775,17,38781.656256
-161.060356,25,38790.181566
-270.642072,19,38796.055459
-225.14553,17,38802.094648
-204.971691,22,38809.984603
-198.410083,21,38817.087315
-164.706256,20,38824.212746
-175.526566,10,38828.086637
-149.407023,19,38835.968706
-256.041744,19,38842.442921
-227.255093,14,38848.346278
-221.164156,19,38941.256397
-156.989765,28,38951.708925
-224.824618,17,38957.586056
-207.206053,21,38964.463882
-274.16421,24,38974.557914
-292.276339,13,38978.640586
-135.512098,18,38986.046075
-215.260478,23,38993.755619
-163.589606,27,39003.809698
-255.653667,18,39010.312176
-181.858171,22,39019.629537
-294.567855,19,39026.154437
-158.137623,13,39030.918875
-201.165765,20,39037.889119
-143.831776,21,39045.003471
-202.883527,16,39050.489024
-207.58801,18,39056.651261
-216.777946,22,39064.282617
-118.720631,21,39072.516016
-315.741984,18,39079.094121
-245.45334,17,39085.661837
-273.641807,15,39090.192143
-111.219893,12,39094.577933
-203.97804,21,39102.303051
-192.723869,19,39109.174438
-181.415781,26,39117.754496
-269.146824,21,39125.395916
-177.700642,24,39133.796093
-145.067936,22,39141.427736
-274.338981,20,39148.919536
-245.65741,24,39156.767179
-209.15961,23,39164.722584
-291.389558,21,39171.572403
-190.796519,24,39180.097458
-231.842306,22,39187.918062
-233.387443,18,39196.350453
-186.737273,26,39205.915294
-286.082701,19,39212.612904
-236.072378,21,39219.594368
-180.742213,21,39226.791887
-184.701499,14,39232.063656
-252.413887,16,39237.724256
-154.251766,27,39247.166062
-214.777491,20,39254.826235
-110.210081,10,39258.751273
-205.364362,21,39266.390079
-171.226933,23,39273.901771
-246.908735,14,39278.990079
-165.368655,23,39288.194756
-324.33164,15,39293.260509
-243.912396,21,39301.334999
-186.708554,22,39308.504372
-170.602236,22,39316.564259
-271.544157,16,39322.54647
-282.896457,14,39327.31162
-227.150514,16,39333.418908
-92.832669,22,39340.751952
-203.22234,23,39348.004483
-181.852671,27,39357.414739
-219.649142,21,39364.674508
-142.831237,18,39371.451981
-248.443855,23,39379.056845
-155.561564,27,39388.000108
-266.106955,24,39395.993401
-306.388852,20,39403.485585
-237.950603,15,39408.430652
-211.478328,24,39416.648935
-233.655173,17,39422.756369
-186.022361,23,39432.864312
-309.100283,14,39437.561725
-184.46472,24,39445.656435
-197.351804,18,39451.468212
-162.485559,21,39458.120757
-230.045569,19,39465.172154
-273.831637,11,39471.111694
-269.638074,18,39478.353708
-258.115228,21,39485.631367
-146.27525,22,39494.046325
-202.73019,23,39501.708277
-142.877891,20,39508.135082
-241.394558,14,39513.322646
-219.228056,17,39519.577047
-212.534558,23,39527.527567
-250.288376,17,39533.112331
-167.740335,27,39542.357249
-198.769101,21,39549.339334
-290.293177,22,39557.420422
-161.773938,20,39564.155309
-194.872061,23,39571.84785
-311.499378,19,39578.457959
-227.755764,16,39584.549359
-116.949227,17,39591.916736
-157.415223,19,39599.411291
-239.660881,16,39605.03406
-140.371802,16,39612.480512
-205.395193,23,39622.551435
-150.521968,22,39630.110445
-193.546407,15,39635.517036
-270.905068,16,39642.413123
-254.323638,25,39650.817321
-368.923778,18,39657.337996
-154.753897,15,39662.092063
-256.813059,19,39668.595053
-287.051311,13,39673.592231
-135.942348,20,39680.566839
-225.010769,17,39686.764411
-232.349833,16,39692.462574
-105.030719,11,39695.942944
-193.533351,14,39700.677478
-284.245499,23,39710.086369
-235.931969,20,39717.517642
-205.120034,21,39725.715518
-206.819074,22,39733.600986
-197.462118,17,39739.294036
-115.247313,14,39744.129933
-294.336865,19,39752.639325
-121.361311,22,39759.63866
-136.237756,22,39768.029078
-249.13964,22,39775.919223
-208.573297,19,39782.548766
-273.839556,19,39791.330079
-216.414293,21,39798.566652
-180.075857,21,39806.402525
-307.921516,11,39811.147558
-217.493812,26,39819.487047
-250.841185,20,39826.675742
-134.687663,19,39832.92945
-216.402931,22,39840.963101
-148.505993,20,39847.42889
-249.513247,19,39854.650023
-241.756812,18,39861.321602
-198.216668,20,39868.150122
-238.235071,19,39874.647866
-215.623495,26,39883.413693
-334.145295,19,39890.224462
-207.346348,18,39897.75575
-228.47405,18,39904.512707
-252.013999,14,39911.053101
-288.690963,17,39917.394813
-179.607844,24,39925.147748
-183.092911,19,39932.173769
-193.21026,21,39939.925769
-258.24058,18,39947.116121
-220.054423,17,39953.52352
-222.191976,18,39960.83277
-212.987003,18,39967.428186
-339.886862,14,39972.52069
-133.117494,23,39980.282661
-288.642794,20,39987.295521
-225.605045,21,39996.153324
-261.846461,13,40000.395695
-98.902662,18,40006.97085
-287.049221,15,40012.041949
-251.029877,18,40018.851723
-255.734213,12,40023.630181
-305.183616,15,40030.811691
-134.542751,25,40039.075824
-208.469734,22,40046.956453
-178.067899,19,40053.783631
-239.480597,16,40059.131519
-297.175402,18,40066.491127
-205.243159,21,40073.148465
-232.242967,18,40079.534561
-184.499879,24,40088.371138
-226.4014,18,40094.933789
-217.217013,15,40100.617576
-272.3352,22,40107.789039
-258.303641,19,40113.955453
-269.489892,20,40120.416983
-257.275703,17,40127.436498
-113.367921,18,40133.854875
-138.215951,27,40143.829823
-167.558125,19,40150.623611
-111.114351,20,40158.958037
-306.728111,19,40165.558006
-119.774697,27,40175.069649
-196.153315,25,40184.427842
-285.322399,21,40192.081916
-175.560924,20,40199.492834
-175.534816,12,40203.271702
-231.380104,18,40209.372787
-340.406933,17,40215.375882
-237.402392,21,40223.000926
-235.498661,26,40233.46743
-188.493175,24,40243.677636
-252.620096,25,40253.45664
-166.631592,22,40261.147128
-225.068952,17,40266.835152
-242.008912,23,40275.038456
-185.87435,21,40283.028054
-218.26215,22,40290.7228
-196.040824,26,40299.652612
-158.302986,20,40308.222861
-235.758785,18,40315.766562
-201.932195,17,40321.89776
-123.565626,20,40328.688354
-259.162582,19,40335.226498
-200.695405,25,40343.593763
-177.774545,26,40351.867855
-186.291826,24,40362.629306
-193.07254,18,40368.522183
-222.01474,24,40376.845583
-215.812698,22,40385.104488
-286.931376,20,40393.029502
-256.207177,21,40401.0323
-200.001,14,40405.854876
-323.753279,20,40412.700521
-176.848889,23,40420.807401
-143.823919,26,40429.730908
-292.997941,22,40437.31199
-259.975468,20,40444.431664
-197.637074,22,40454.382834
-277.685663,21,40461.131647
-209.439964,22,40468.422982
-153.924198,13,40472.655312
-253.527941,19,40480.020608
-188.610674,22,40487.9742
-135.066809,17,40493.660958
-303.097993,11,40498.662065
-263.898706,16,40504.278061
-209.0287,20,40511.013112
-238.924278,19,40517.518882
-282.075274,15,40523.251921
-149.873382,24,40531.242917
-177.465215,20,40539.144847
-114.456998,19,40546.324851
-250.910757,17,40553.170415
-299.233914,20,40561.612622
-153.113297,19,40568.205829
-182.673717,19,40576.405518
-191.817136,16,40582.044374
-197.310847,23,40590.863588
-218.291724,19,40598.0408
-118.396374,12,40602.563821
-184.805542,19,40608.893832
-185.722272,21,40615.755377
-272.992461,11,40619.987789
-192.045765,29,40632.956478
-163.445191,23,40640.424139
-111.514464,19,40646.948717
-119.832251,15,40652.575977
-253.189906,20,40659.630744
-131.913064,20,40667.094622
-126.738875,17,40672.776137
-191.435155,20,40679.738726
-263.453897,17,40685.310959
-242.47088,14,40690.86548
-225.636363,17,40696.926082
-230.170202,17,40703.791442
-232.985434,23,40711.549667
-158.722278,25,40719.774928
-185.612607,25,40729.058376
-261.964653,21,40736.046036
-152.309186,17,40743.407587
-275.760282,23,40752.5033
-259.371715,16,40758.179797
-266.431299,19,40764.143991
-236.814174,20,40773.595209
-201.059521,19,40780.472615
-207.653345,22,40787.817554
-179.151304,15,40794.118417
-175.792526,18,40799.860225
-206.328541,23,40808.239649
-208.491624,24,40817.657578
-198.014591,18,40823.563439
-174.135747,20,40830.633464
-244.088451,15,40836.424326
-112.75552,11,40840.312488
-250.147977,16,40847.179922
-192.918796,23,40854.610752
-214.976025,17,40863.019665
-173.201475,24,40870.91111
-255.388885,20,40878.371481
-217.092492,26,40888.643461
-195.065071,20,40896.354396
-308.34855,22,40903.918659
-205.470535,22,40912.078421
-266.297035,15,40916.523101
-307.465752,19,40924.971529
-273.030879,18,40931.08997
-230.715135,19,40938.233142
-254.708935,20,40945.088416
-270.808376,15,40952.317688
-250.921556,19,40959.414827
-262.934187,16,40965.746976
-250.161599,24,40974.072792
-208.100883,20,40980.223664
-220.352717,17,40986.070136
-223.425495,15,40991.060884
-270.498806,18,40998.122657
-106.250972,18,41004.721538
-185.487858,23,41013.137297
-285.189346,16,41018.468817
-115.317145,16,41024.956731
-246.124093,21,41032.540293
-292.422357,22,41040.36865
-218.381324,15,41047.142197
-200.242537,21,41054.263194
-134.086437,14,41059.175003
-267.304689,11,41063.724315
-139.141027,15,41068.876329
-232.245138,16,41074.969925
-221.093323,20,41081.57185
-199.479903,21,41089.864642
-216.089312,21,41098.927692
-135.518826,13,41104.556086
-298.076984,16,41110.627503
-123.124738,20,41118.309643
-195.818269,21,41125.213969
-242.480717,18,41133.878622
-180.27559,27,41143.811605
-216.591989,20,41151.595951
-97.077692,12,41155.808258
-189.226559,21,41163.53835
-260.964809,18,41169.778704
-183.706188,24,41179.84529
-254.090084,20,41187.995494
-120.60029,19,41195.015045
-155.30727,22,41202.219115
-258.5244,17,41207.887274
-245.393155,17,41213.996524
-208.053152,21,41220.67376
-139.708261,14,41226.378093
-195.986938,27,41235.867717
-182.084232,17,41241.9691
-143.833741,16,41247.531768
-176.790205,25,41255.780719
-229.061016,11,41261.336276
-197.021202,23,41270.20876
-204.249262,19,41276.423736
-185.611287,19,41284.037225
-219.818824,22,41291.697299
-279.629892,17,41298.434408
-199.761476,24,41307.262036
-203.76171,21,41314.569892
-156.683472,21,41322.471087
-246.378027,21,41329.097268
-194.34104,18,41335.839866
-253.986207,23,41343.891027
-256.274338,22,41351.878257
-294.92803,12,41355.920164
-261.742343,23,41364.932353
-204.797953,18,41370.819891
-148.459011,20,41377.70943
-238.343235,21,41385.902153
-239.195239,25,41394.937076
-211.727507,20,41401.895601
-194.351521,23,41409.84808
-223.146716,16,41417.281942
-225.208757,17,41422.878717
-193.272208,20,41429.916967
-133.65833,19,41436.236772
-278.497186,16,41441.815222
-245.459748,12,41446.679605
-218.588867,24,41455.810681
-326.666937,19,41463.360221
-120.870045,21,41470.404145
-192.917623,20,41477.283597
-174.833892,21,41484.102375
-154.677318,22,41491.515937
-135.09976,20,41499.389495
-131.248241,25,41507.329149
-229.268935,19,41513.579936
-116.594919,20,41520.291843
-224.071849,20,41527.777039
-180.956449,20,41534.953137
-289.751897,17,41540.255648
-213.120851,14,41544.854101
-182.782068,20,41551.653483
-191.280692,17,41557.339869
-171.102092,18,41563.37177
-150.815794,20,41570.465127
-132.0105,24,41578.425319
-207.528569,21,41585.421985
-233.976267,21,41593.61773
-267.970011,19,41600.204421
-259.379621,18,41606.188833
-200.202657,21,41614.534281
-270.354196,18,41621.527167
-221.400365,23,41630.512924
-286.009114,19,41637.179657
-231.285497,21,41644.986869
-153.241805,22,41654.177173
-234.069484,20,41661.736573
-227.644059,20,41668.907015
-128.365604,12,41672.978368
-207.888415,21,41680.146208
-210.385917,24,41689.286467
-212.653405,21,41696.287144
-236.15657,15,41701.299092
-146.880534,20,41708.1634
-267.624298,17,41715.790809
-265.517796,20,41722.826374
-182.009275,17,41728.535957
-255.368438,14,41734.978127
-217.074095,23,41743.470378
-266.705586,17,41750.232834
-243.636037,14,41755.524225
-160.101644,16,41760.73975
-146.442054,20,41767.499617
-236.534808,13,41774.647148
-183.164613,26,41783.28378
-196.711323,20,41789.889112
-274.470237,22,41797.588672
-202.297346,24,41805.735435
-236.719248,20,41812.347955
-343.485464,13,41818.059891
-227.424249,22,41825.76502
-226.686485,11,41829.980266
-285.881152,13,41835.93713
-304.493609,13,41842.118704
-124.776542,22,41849.369533
-220.505667,19,41855.537891
-204.218049,21,41864.493238
-183.229869,19,41871.097508
-254.503949,15,41876.358033
-207.247381,24,41884.013505
-145.157529,24,41892.302024
-223.013544,16,41898.055139
-202.046839,21,41904.878587
-142.495938,25,41914.931612
-235.464731,20,41922.558101
-278.554327,22,41930.644597
-214.294697,17,41936.070223
-152.025439,16,41941.2908
-234.632503,19,41948.761055
-188.726523,21,41957.228314
-326.09302,19,41963.562364
-215.28079,18,42064.793635
-238.278077,19,42071.130598
-120.914464,17,42077.569196
-287.866859,21,42084.498499
-182.394212,23,42093.240918
-206.937893,19,42099.766417
-107.433329,12,42104.172524
-222.317682,18,42111.220059
-214.316278,18,42118.388024
-130.457232,20,42125.768068
-182.039548,26,42134.691047
-305.975408,11,42138.033736
-232.533235,22,42146.334313
-232.428182,17,42154.007744
-247.906045,18,42160.593539
-216.853801,19,42169.794066
-144.454495,24,42178.383839
-168.767376,21,42188.079104
-310.210444,16,42193.702296
-293.559119,21,42202.084946
-223.244152,21,42210.748675
-253.358649,15,42217.818102
-277.537872,16,42223.373706
-169.187894,21,42233.438241
-186.331062,25,42242.638867
-226.731188,17,42248.789241
-178.099213,23,42257.613875
-213.646968,24,42265.809132
-337.107132,22,42274.674002
-196.18441,16,42280.638722
-117.965929,17,42286.253945
-232.412531,18,42292.293175
-212.383808,19,42298.758521
-205.500285,19,42305.304108
-313.451157,15,42310.757146
-166.966962,18,42317.055575
-193.884908,19,42324.546141
-213.712101,19,42331.410179
-253.208994,24,42339.212522
-176.522727,25,42347.654466
-256.969792,17,42353.990447
-116.754599,21,42361.122747
-227.247607,19,42368.809184
-286.061159,13,42376.450679
-260.462079,17,42382.244764
-253.520725,20,42389.241111
-215.222042,17,42395.081775
-128.542819,19,42402.100259
-130.227538,17,42407.746565
-216.225057,21,42415.069435
-234.875685,20,42421.604596
-199.341394,18,42427.896857
-238.797599,16,42435.250922
-137.866601,18,42441.01676
-244.366603,22,42448.777153
-208.716232,21,42456.244422
-174.487628,21,42463.514286
-147.926169,10,42466.780288
-104.801028,20,42473.263204
-305.398752,19,42480.163737
-183.288883,21,42487.373778
-270.883549,10,42492.379518
-236.302981,21,42499.884162
-211.401587,18,42506.373152
-248.529386,18,42513.499619
-211.748455,22,42521.537298
-258.66842,15,42527.769339
-226.108132,17,42533.996634
-252.404106,24,42541.787847
-275.638094,18,42548.781409
-148.253948,16,42554.317717
-181.635753,18,42560.454484
-186.731136,22,42568.07172
-247.167655,19,42574.458033
-156.385685,26,42582.937401
-171.13507,22,42590.781858
-225.325729,20,42597.743251
-131.716247,18,42603.882843
-233.653256,19,42610.147164
-203.888268,22,42617.532551
-131.641379,21,42624.527715
-146.681158,27,42634.148318
-133.785799,31,42644.657739
-291.397659,17,42651.088182
-249.389228,24,42659.55527
-292.821241,18,42666.550664
-309.493287,22,42674.396547
-231.574527,22,42681.894371
-257.712098,21,42689.311383
-183.5691,23,42697.167264
-214.390623,18,42703.20499
-241.266412,16,42708.842564
-226.257026,24,42717.196372
-172.656867,23,42725.559915
-220.735497,22,42733.453876
-232.351175,18,42739.327352
-179.20852,22,42746.719056
-197.621843,23,42754.370726
-202.508729,21,42762.372373
-234.718671,20,42769.640578
-191.995516,18,42777.037386
-193.26286,18,42783.11341
-244.721499,21,42790.769888
-240.502623,16,42797.017462
-160.31475,19,42804.525952
-216.879275,17,42810.338245
-192.120612,19,42816.729163
-159.437177,22,42824.055788
-89.959237,21,42831.27415
-246.741801,20,42837.98771
-283.412284,20,42845.210925
-282.207399,22,42853.162624
-193.717623,21,42860.090966
-166.876301,23,42867.524992
-120.963342,12,42871.846147
-235.760393,20,42880.796795
-238.606206,17,42886.196818
-229.442143,18,42891.764119
-133.525024,24,42899.638866
-128.729617,21,42908.045094
-222.006226,22,42915.189963
-241.677632,23,42923.152307
-239.802889,16,42928.339731
-250.779915,18,42934.201272
-248.229466,18,42940.296165
-207.354458,21,42947.23261
-150.935236,17,42952.7792
-218.137606,19,42959.342771
-256.76596,18,42965.793725
-126.200036,20,42972.824078
-206.706632,22,42981.149558
-206.203967,22,42988.852544
-225.371525,17,42994.87752
-207.134454,19,43001.957803
-173.593911,19,43008.467952
-235.175318,21,43015.832711
-197.512276,18,43021.704368
-147.439031,26,43032.013065
-207.090251,20,43039.110765
-203.425939,20,43045.630448
-177.018513,23,43053.557781
-226.084957,17,43060.143289
-155.473104,10,43063.483144
-168.63166,24,43072.718708
-238.234797,17,43078.520069
-246.269922,24,43088.229542
-247.408356,13,43092.845504
-253.754012,14,43098.201562
-211.184068,18,43105.644462
-288.295662,17,43112.798935
-202.556997,20,43119.536036
-233.194608,14,43126.401587
-177.571588,21,43133.882784
-117.504426,19,43140.870707
-344.75399,18,43147.642658
-280.933026,22,43155.379477
-252.149107,14,43160.063069
-330.363552,24,43168.997017
-287.582072,24,43176.794446
-229.396964,15,43181.841185
-181.995871,20,43188.845199
-313.903774,21,43196.164479
-201.031881,22,43204.374154
-146.785518,18,43212.138017
-229.925361,18,43219.597906
-255.007067,11,43222.933926
-186.085894,18,43229.448389
-187.165639,23,43238.999416
-203.181612,22,43247.217179
-240.170592,17,43253.101738
-256.861186,20,43260.450848
-261.070178,19,43267.436367
-197.553201,23,43275.540383
-238.775853,21,43282.900755
-264.882582,20,43289.659143
-154.506796,26,43299.079755
-158.963875,27,43308.988291
-180.838717,25,43317.442471
-135.003004,19,43323.899033
-256.470919,23,43331.906593
-188.094637,23,43339.877792
-160.094151,21,43347.275833
-209.356232,18,43353.98068
-206.31132,19,43360.148947
-217.863166,20,43367.215645
-235.891344,22,43375.301215
-237.717729,21,43382.751886
-100.079365,19,43388.98469
-307.386032,17,43394.322796
-230.689927,18,43400.517498
-190.904021,20,43407.472174
-258.746906,19,43416.560981
-117.303638,15,43421.732323
-161.640448,25,43431.10167
-239.950642,15,43436.728367
-190.754356,18,43445.707226
-253.706241,16,43453.238112
-191.781876,23,43464.196814
-211.916605,19,43471.607403
-285.723302,25,43481.213516
-121.492244,22,43488.861104
-163.46302,18,43495.215401
-256.051073,22,43503.161593
-213.538474,20,43510.37609
-238.273145,26,43519.702341
-235.938399,23,43527.875024
-247.984809,20,43535.317404
-174.222113,12,43539.98509
-180.419137,20,43548.521457
-169.497492,20,43557.165877
-206.945437,21,43565.402112
-193.130295,27,43574.75376
-128.733542,16,43580.035364
-199.187323,22,43587.230665
-262.057004,21,43594.820539
-223.663649,17,43600.442817
-258.764884,19,43607.091554
-160.513839,24,43615.345092
-227.645527,20,43622.462214
-211.834872,20,43630.901367
-172.859006,24,43638.912954
-223.746678,23,43646.356386
-277.119596,12,43650.29226
-262.286854,17,43656.256626
-287.657115,21,43663.477774
-249.457207,21,43670.501827
-187.306759,23,43678.706481
-262.362868,20,43685.558091
-240.190588,10,43688.733994
-124.031428,23,43696.687999
-179.175172,18,43703.802509
-230.911912,21,43710.859812
-215.831057,19,43718.02804
-180.650457,28,43728.020139
-222.706176,22,43735.381611
-125.646057,17,43741.507788
-207.17954,17,43748.741653
-269.737947,24,43757.809292
-172.515777,26,43766.493066
-192.230234,19,43773.301517
-203.946494,29,43784.169506
-245.11609,18,43790.814572
-175.98628,27,43800.245231
-213.100459,20,43806.866012
-211.044668,23,43814.600526
-172.90574,24,43822.679125
-248.760637,22,43831.227347
-129.284485,22,43838.733432
-201.210741,22,43846.239885
-246.852235,17,43852.030004
-236.768132,18,43858.159214
-206.861102,24,43865.954115
-212.811443,19,43872.888243
-304.57352,10,43876.3041
-185.992017,22,43883.66213
-110.269024,18,43889.712268
-291.907756,17,43895.322026
-218.765402,17,43901.275282
-179.161814,19,43908.849648
-215.811686,24,43916.487546
-206.267439,24,43925.731397
-229.882674,19,43933.501027
-224.096748,18,43940.597522
-210.773051,23,43948.759007
-178.09285,21,43955.96902
-148.078652,17,43963.65918
-154.712888,21,43970.863783
-171.285562,23,43978.398409
-111.265865,21,43985.799639
-204.496177,21,43993.668825
-262.630803,18,44001.52273
-205.698145,22,44008.682005
-208.521948,17,44014.202122
-203.035451,20,44020.809913
-236.307906,19,44029.064115
-204.188965,18,44035.225792
-222.531135,19,44042.430825
-321.574704,16,44048.694761
-213.4355,24,44058.222889
-191.720685,22,44067.270451
-243.920227,21,44074.453365
-246.32562,25,44082.642876
-207.354501,23,44091.796813
-164.22665,18,44097.854878
-161.023661,21,44104.94638
-194.902854,22,44113.644569
-208.08799,20,44120.013987
-163.668329,10,44123.622891
-271.42934,15,44129.795149
-241.095796,19,44136.311749
-165.646302,16,44141.811759
-219.332203,22,44149.678239
-180.232878,26,44158.297267
-234.234846,17,44163.788903
-201.382255,22,44171.081862
-237.379407,20,44177.800463
-214.89551,18,44183.617587
-247.675489,20,44191.145354
-210.977951,15,44196.682666
-193.666764,16,44202.44157
-215.855761,20,44209.03335
-231.099853,17,44215.030709
-173.876771,17,44221.247745
-130.603409,21,44228.425536
-196.328037,26,44237.17578
-205.550241,23,44244.629286
-202.312698,21,44252.293892
-297.447923,16,44258.940898
-230.810662,24,44267.152789
-217.682404,23,44274.804557
-213.115546,20,44281.120881
-238.378353,19,44287.569088
-238.170489,21,44295.027971
-169.299782,19,44301.129666
-243.169374,19,44307.482667
-227.62095,24,44315.987289
-218.321703,19,44322.664512
-157.995856,18,44328.579211
-251.477366,18,44334.81322
-233.488611,17,44340.848771
-169.924596,24,44350.035889
-269.462749,17,44355.726122
-206.28163,21,44362.711347
-220.247386,23,44370.591374
-224.50307,18,44376.429599
-224.313622,22,44385.149771
-222.52872,20,44393.800366
-143.828956,12,44397.992963
-137.329661,28,44407.492632
-256.926046,22,44415.504787
-139.626047,18,44422.560991
-156.411875,29,44432.092634
-134.484725,22,44439.295819
-140.00593,22,44447.510146
-206.065713,20,44455.340752
-263.33339,20,44462.524791
-255.984427,16,44468.569106
-180.23404,21,44475.642074
-222.031907,26,44484.479103
-245.893106,23,44491.992614
-211.378927,24,44500.1083
-178.757549,19,44506.56326
-207.544659,26,44516.02085
-175.956007,16,44521.082803
-150.996871,25,44530.384338
-166.769361,25,44538.746465
-126.694772,20,44546.11688
-236.786096,15,44554.4804
-307.984859,15,44559.240972
-204.478703,22,44567.451651
-184.354592,26,44577.237634
-149.083695,22,44586.030981
-293.599716,20,44592.776344
-200.385212,18,44599.581404
-226.272141,23,44608.030586
-121.533502,22,44615.865217
-139.347679,29,44625.724518
-186.087039,25,44634.083825
-183.387547,14,44638.500499
-210.499565,19,44647.07971
-178.04061,22,44655.351674
-188.229305,20,44662.4181
-198.980536,23,44670.287495
-248.803715,20,44678.411501
-179.63648,29,44688.071579
-244.432749,20,44694.867007
-162.056123,23,44702.783153
-161.774851,19,44708.951509
-199.713674,22,44717.101965
-215.215206,20,44724.098758
-147.809702,19,44730.447183
-157.38191,25,44739.441138
-269.921822,18,44746.09881
-146.816857,29,44755.547669
-228.579728,19,44763.172094
-186.135152,20,44769.889928
-214.567541,16,44775.574474
-202.696682,24,44784.646158
-208.208502,19,44791.927187
-270.715919,14,44797.105459
-129.509395,23,44804.502777
-187.551573,16,44810.827162
-228.819764,17,44817.049468
-293.168533,22,44824.555854
-137.900033,21,44831.2724
-216.112608,16,44836.546059
-181.153728,20,44843.98195
-102.148647,14,44848.978133
-207.417103,18,44855.084063
-104.021442,11,44859.245364
-241.621259,17,44865.529953
-229.60786,21,44873.75122
-202.687173,23,44881.687345
-180.053711,17,44890.298173
-237.658795,21,44897.399399
-160.851043,20,44904.735156
-179.479384,24,44913.871761
-169.528507,28,44923.378332
-165.414586,21,44930.098814
-164.797642,25,44939.869387
-299.958119,21,44947.014549
-200.476038,20,44954.147468
-198.239125,20,44961.055789
-262.080617,18,44967.016577
-252.098833,19,44973.270785
-308.989823,14,44979.067239
-226.385501,22,44986.173475
-222.296025,19,44993.146272
-161.258917,19,45000.598531
-86.707355,25,45009.086879
-235.102786,22,45017.082994
-203.996121,18,45023.395237
-191.84786,21,45029.87764
-299.935227,19,45036.94299
-205.28837,20,45043.519679
-231.426363,16,45048.995183
-149.631335,25,45059.600766
-176.821001,20,45171.370434
-149.372899,25,45179.639533
-147.030665,17,45185.357486
-193.304479,18,45193.014101
-302.194984,11,45197.59066
-212.193722,23,45206.503551
-187.601827,20,45213.141271
-205.547432,24,45221.330027
-195.018721,25,45230.416703
-267.680839,25,45239.131087
-189.96774,19,45245.661067
-135.135074,21,45253.048481
-225.28211,13,45257.925943
-154.996514,23,45267.171454
-187.231922,19,45273.921043
-195.538257,21,45280.447024
-232.089393,23,45288.678931
-170.139172,27,45299.015048
-227.101914,21,45306.588744
-189.628125,28,45317.565431
-127.215772,16,45324.140998
-127.295194,24,45333.972102
-135.282742,21,45341.067419
-202.595755,25,45349.357217
-156.444092,14,45356.062755
-140.689562,16,45361.919932
-169.54589,22,45371.747815
-273.996942,18,45379.016739
-153.144271,27,45388.225257
-201.082887,20,45394.889612
-223.987541,15,45399.639914
-163.741773,28,45409.481726
-216.652561,16,45414.768747
-227.796878,16,45420.504802
-202.948284,20,45428.2573
-246.00247,20,45436.074054
-263.105092,17,45442.545446
-223.071073,24,45450.947049
-175.972643,25,45459.334987
-252.209104,23,45466.852645
-271.43794,14,45472.384245
-251.488008,15,45479.225963
-136.84206,21,45486.065644
-108.961626,21,45493.183914
-235.912858,25,45502.092433
-174.186897,27,45510.994935
-189.792499,25,45519.763385
-282.706716,19,45526.649612
-240.588701,14,45531.188418
-254.760524,19,45538.996039
-306.014968,21,45545.979864
-175.200101,19,45553.318208
-155.897252,25,45561.353246
-255.645408,22,45569.136173
-208.26468,18,45575.704507
-154.553822,21,45584.80828
-131.327232,26,45593.530013
-327.324305,18,45600.270655
-195.145169,20,45607.378474
-311.204851,20,45614.87007
-194.076837,25,45623.378377
-165.376501,23,45631.126578
-206.484354,21,45638.294873
-156.733388,22,45647.083248
-252.277167,23,45655.479957
-211.359769,19,45662.613617
-190.1004,18,45668.860918
-186.173193,23,45676.918236
-302.572379,20,45684.025214
-208.367615,28,45693.506242
-160.378835,22,45700.926329
-167.422094,28,45710.123129
-292.355027,21,45717.184784
-176.222834,21,45725.389114
-238.306498,25,45734.180822
-263.315828,21,45741.510138
-217.384172,17,45747.620218
-158.666656,22,45755.678024
-324.679888,16,45762.705866
-214.887522,14,45767.534293
-161.221378,17,45773.432198
-234.170793,21,45780.601573
-289.350347,18,45787.243032
-247.995918,23,45795.571428
-193.595317,19,45802.130851
-116.52953,21,45809.178858
-292.592754,21,45816.399192
-117.790393,19,45822.376905
-148.390112,24,45830.21753
-197.980186,24,45838.491419
-364.151713,22,45846.257814
-235.155876,26,45856.088881
-192.480727,19,45862.706022
-159.697246,20,45869.903695
-197.453274,18,45875.614253
-242.905949,21,45882.922283
-322.263524,20,45891.850716
-165.731237,22,45899.581289
-233.895551,24,45908.315203
-122.204041,20,45915.085625
-180.047401,17,45921.106039
-195.103866,18,45927.95014
-202.410961,20,45934.591841
-280.516619,17,45940.964194
-296.990627,22,45948.543995
-117.312752,23,45956.412119
-177.877604,19,45962.55584
-253.454209,16,45968.300652
-205.131146,22,45975.380594
-147.610845,20,45983.104309
-172.583064,27,45991.568521
-230.578749,18,45997.529917
-196.501955,23,46005.543325
-245.005269,16,46011.589578
-217.63642,29,46022.119641
-174.410932,20,46028.458726
-266.89861,21,46039.307221
-249.470681,12,46044.201522
-246.117601,20,46052.682626
-197.72133,21,46061.590618
-243.493128,20,46067.902187
-111.327053,8,46070.662922
-131.641822,19,46077.520587
-203.580139,24,46086.224405
-249.459459,18,46093.154819
-143.555029,23,46100.457789
-196.293709,15,46105.331651
-177.168299,22,46112.182596
-268.36908,18,46118.163245
-192.738449,22,46125.839487
-206.440142,26,46135.693106
-246.19133,13,46140.17473
-174.091975,21,46147.565473
-191.314977,20,46154.445985
-213.743784,20,46161.576828
-267.830316,25,46169.524665
-136.265685,22,46177.366716
-232.994986,19,46184.047763
-219.614239,19,46190.829605
-194.61322,23,46198.339253
-184.492461,24,46206.889503
-130.067888,20,46213.796455
-172.846912,22,46221.042041
-166.759592,23,46229.543907
-231.262301,22,46244.63707
-258.273623,24,46259.365182
-181.023557,23,46269.386665
-195.253703,20,46277.25567
-294.865332,17,46283.737481
-170.730996,23,46292.170196
-178.490455,21,46300.256056
-168.011174,20,46308.337207
-241.852354,20,46315.820604
-276.578779,22,46324.732746
-289.494526,20,46332.472407
-256.085526,21,46342.054038
-270.109752,14,46347.204779
-318.879736,16,46353.874317
-220.613929,19,46361.855308
-293.046514,13,46368.680161
-161.031967,20,46376.425365
-232.94918,20,46384.478055
-170.097471,25,46394.532033
-223.43924,20,46407.410501
-242.707177,20,46416.147695
-282.443112,24,46425.775574
-227.322645,19,46433.675954
-144.708351,24,46443.6669
-92.03238,14,46449.003115
-186.701931,19,46456.577883
-192.561505,18,46463.511226
-148.876194,17,46471.020661
-224.0146,19,46478.74915
-163.317168,19,46486.296129
-193.469986,23,46495.554982
-182.798,20,46503.31343
-211.550257,19,46511.066925
-156.886849,16,46520.480613
-207.452039,18,46528.092628
-213.914456,19,46537.934067
-184.387567,24,46547.206149
-198.900107,27,46559.411993
-124.150515,29,46571.641179
-159.523622,21,46580.317355
-291.85827,22,46590.440884
-198.196181,21,46601.176997
-188.480922,21,46610.077669
-170.497925,22,46618.59064
-226.922157,20,46627.84901
-172.594549,27,46639.424293
-245.853934,17,46646.236538
-262.060772,19,46654.352285
-156.858705,26,46664.988278
-129.638409,19,46672.228702
-116.893222,27,46682.789607
-218.501609,18,46690.338717
-175.310507,22,46699.116452
-177.991657,24,46709.305938
-226.38184,18,46717.064188
-190.445912,20,46724.428018
-174.900464,24,46734.186445
-152.075222,18,46742.564519
-298.943359,17,46750.51459
-193.009333,22,46760.044361
-197.81269,18,46767.407112
-159.656492,25,46777.098274
-166.232176,22,46785.96406
-219.032902,23,46796.418941
-282.803874,21,46808.718095
-142.613978,22,46817.529497
-265.485834,17,46823.864384
-248.037715,22,46833.757516
-184.408927,17,46841.754409
-300.690487,22,46850.473549
-239.001427,18,46856.945891
-207.69822,21,46865.219352
-294.690494,16,46872.044011
-249.701429,20,46880.285
-244.659008,19,46888.0791
-228.249599,17,46894.79129
-213.130079,27,46906.639272
-117.329619,16,46912.796885
-151.061216,28,46923.97063
-158.620915,25,46933.785193
-192.028406,27,46945.167072
-207.040638,23,46954.215589
-200.611887,9,46958.44929
-176.193555,21,46965.46994
-215.874293,25,46976.095645
-234.665225,17,46986.833665
-137.159573,25,46998.02989
-224.827826,22,47007.783964
-260.825558,18,47015.094718
-242.197155,16,47022.48763
-192.303601,21,47031.578063
-133.267115,15,47038.801168
-215.274867,26,47049.440772
-186.909031,23,47058.287843
-301.560811,17,47065.065612
-113.451984,24,47075.353694
-104.005341,24,47086.247019
-230.949268,24,47097.53551
-189.241465,21,47105.528905
-174.947111,21,47114.586417
-166.483731,20,47122.558847
-338.506784,19,47132.50794
-230.125467,11,47136.630036
-213.451158,26,47147.463358
-120.865952,26,47157.646566
-217.020849,16,47163.434468
-112.061656,22,47172.258451
-253.248137,18,47179.103646
-258.708799,16,47185.946434
-187.819197,24,47196.93093
-134.22955,13,47203.072546
-187.53959,20,47211.851897
-205.97769,19,47219.333764
-174.771558,15,47226.04413
-321.563261,16,47232.011816
-224.296435,19,47243.038559
-133.32684,20,47250.412047
-207.735517,25,47260.826478
-178.34072,24,47271.387179
-178.375284,24,47282.980279
-340.550258,19,47290.460791
-136.372077,25,47300.591717
-226.692795,18,47308.267643
-194.456321,25,47319.34527
-116.17934,18,47326.626963
-294.067872,19,47335.044292
-276.027682,15,47342.56723
-182.743932,25,47352.406892
-228.137022,18,47359.641191
-237.868987,16,47365.756378
-122.429158,11,47371.636958
-167.334662,32,47386.65303
-144.70615,32,47398.733447
-219.813323,21,47408.847066
-249.963033,16,47415.460715
-150.130378,12,47420.147491
-199.895161,22,47428.649059
-138.630101,23,47437.427288
-233.128674,24,47446.517857
-145.799927,26,47456.842896
-210.114797,15,47463.748456
-186.965772,17,47470.743703
-264.172399,22,47479.889019
-235.625772,22,47488.588718
-206.387414,24,47498.021004
-175.437077,21,47506.984756
-128.440309,11,47511.917865
-201.534735,22,47520.926112
-273.848051,16,47527.875946
-190.192604,27,47538.900404
-242.82149,19,47547.432338
-193.455952,23,47557.269844
-230.534408,23,47567.061945
-248.085488,17,47573.981816
-214.808655,25,47586.14222
-222.278316,20,47594.487983
-132.003176,22,47603.399657
-254.708655,18,47611.183617
-247.873133,22,47619.630291
-207.840162,21,47628.740432
-200.274666,18,47636.635847
-220.762071,22,47645.280454
-195.954412,22,47653.778749
-271.307639,11,47658.631446
-152.354069,26,47669.480274
-304.983495,21,47679.100951
-140.847546,18,47686.310776
-207.185831,22,47695.693891
-352.344191,22,47705.142345
-233.967128,19,47712.191659
-104.637099,14,47717.50574
-220.303863,20,47725.087024
-138.229509,17,47731.892104
-240.374478,22,47740.925502
-222.226003,21,47749.441427
-138.851802,18,47756.099247
-187.610617,18,47764.682002
-113.297727,20,47772.632725
-132.605928,25,47782.247286
-260.664437,14,47787.789416
-153.890161,26,47798.643676
-127.217735,21,47806.937119
-230.941891,23,47815.570236
-152.957354,21,47824.195472
-297.443778,25,47833.807044
-255.771455,19,47841.478787
-252.244061,15,47846.730753
-178.287149,23,47855.386793
-194.792667,19,47864.450679
-218.284316,24,47874.813351
-194.17264,22,47884.029604
-201.69773,25,47894.02504
-264.784592,24,47903.699767
-113.773127,19,47911.879513
-130.667705,22,47920.793167
-177.642689,26,47930.574819
-177.102321,18,47937.968595
-201.866303,23,47947.102129
-134.299408,18,47954.248767
-183.065465,20,47962.315021
-114.009677,25,47972.226308
-130.566799,24,47982.294045
-205.732876,22,47993.829645
-259.125788,18,48002.83153
-221.025159,22,48012.560202
-265.078091,21,48022.746551
-167.672499,27,48033.605763
-222.977607,20,48042.048954
-176.079513,21,48050.927097
-147.455298,26,48060.797205
-283.62661,22,48069.779676
-198.508457,18,48077.014911
-163.729429,24,48086.502912
-284.195052,17,48094.635054
-246.545479,19,48102.695665
-219.718115,16,48109.478941
-202.499108,19,48117.065675
-186.969027,22,48125.755506
-202.517883,26,48136.108383
-204.114083,26,48148.29802
-250.869407,14,48156.094482
-262.487181,12,48160.618802
-308.099999,18,48169.783842
-205.332695,17,48176.839731
-157.284382,22,48186.031634
-198.773455,27,48197.095502
-190.001707,26,48207.454515
-230.327339,26,48217.659194
-276.003491,20,48225.968764
-252.174543,20,48233.750156
-191.890177,22,48242.744943
-184.442298,18,48249.419235
-202.802501,23,48258.697337
-197.348829,21,48267.299019
-164.66682,23,48276.683538
-167.913728,19,48284.810517
-267.092336,15,48289.877938
-239.73397,26,48300.113823
-183.852751,19,48307.435232
-157.076826,20,48314.717631
-164.995032,22,48324.419033
-230.672489,20,48332.656924
-266.680684,20,48342.500099
-285.923751,20,48351.156307
-93.027522,25,48361.159817
-202.463831,22,48369.377536
-208.787039,23,48378.626487
-119.274039,24,48388.867428
-221.033289,20,48397.822119
-148.291359,21,48406.135916
-153.364624,13,48412.01757
-320.366922,21,48421.337697
-199.369488,20,48429.746933
-206.259104,20,48437.821136
-138.584374,16,48444.862759
-198.717478,28,48456.420913
-270.34053,17,48464.532796
-310.297745,19,48472.885236
-177.459159,22,48484.789838
-226.347903,19,48492.368035
-287.854562,16,48616.558506
-267.658147,21,48625.160709
-225.936951,21,48634.090405
-192.931482,23,48643.468751
-110.454539,19,48650.82507
-219.00107,19,48659.074231
-239.608046,17,48667.078179
-318.607238,16,48673.093929
-195.547368,12,48678.26294
-255.145662,27,48690.835321
-137.077462,17,48697.059246
-109.651738,26,48707.37118
-236.812741,25,48717.651692
-250.501107,20,48725.977539
-244.40159,12,48730.591841
-192.017855,21,48739.91098
-226.209672,14,48746.048737
-105.405904,28,48756.820982
-164.359971,27,48767.784417
-160.230257,23,48777.089807
-272.929354,22,48786.643161
-262.432302,19,48793.970074
-250.152242,20,48805.564135
-247.908953,23,48815.115196
-142.880133,22,48823.524536
-153.736743,27,48834.001929
-221.545944,23,48843.133128
-138.109662,23,48852.194648
-327.665686,19,48859.536011
-229.30955,20,48867.991803
-183.314191,30,48879.581911
-139.438596,28,48891.874814
-163.08398,26,48901.996798
-173.042689,24,48911.686269
-136.338579,21,48920.986396
-244.593246,18,48926.854031
-242.200376,22,48936.43788
-291.675108,21,48945.641656
-208.829551,20,48953.637046
-222.612772,17,48960.645447
-152.695265,16,48966.864065
-220.742155,22,48976.591087
-298.368224,21,48985.236366
-238.434707,22,48994.529564
-168.766046,22,49003.907077
-178.627752,24,49014.775207
-184.395866,20,49023.186853
-164.099532,17,49030.456695
-212.188761,17,49037.37253
-170.133492,20,49045.534749
-155.982732,28,49056.281173
-250.764506,18,49064.182457
-146.659444,20,49072.626854
-118.393019,21,49081.088761
-159.496648,21,49091.120841
-115.33312,15,49097.311574
-304.7946,20,49105.634932
-190.468035,24,49116.451143
-182.484422,25,49127.241676
-206.346786,18,49133.898355
-106.602181,16,49139.837632
-177.534103,22,49148.155794
-84.90566,20,49156.456164
-138.105094,28,49168.05162
-318.66889,19,49178.029259
-183.755805,20,49186.980952
-293.636307,22,49195.381111
-222.132785,24,49204.792712
-246.556167,15,49211.157326
-176.885906,26,49222.151844
-122.701191,18,49228.840568
-163.44885,27,49241.264348
-143.260766,25,49251.267782
-207.51126,16,49258.214792
-220.186634,25,49268.168034
-256.058518,20,49278.844521
-250.48329,19,49286.071159
-232.973248,22,49294.59516
-245.878515,21,49302.661477
-171.779434,25,49313.467817
-176.17085,23,49323.927065
-160.991738,17,49330.702621
-219.849991,18,49338.835769
-206.101413,23,49347.989181
-210.688805,24,49358.027886
-312.088405,18,49365.849985
-128.917715,22,49374.251433
-195.215664,23,49383.120784
-201.397366,20,49391.088411
-276.895153,15,49398.034895
-247.159878,24,49408.317238
-122.520783,20,49417.178926
-133.905433,20,49425.020493
-222.325867,22,49433.782569
-308.285928,15,49439.913094
-113.139084,9,49444.237925
-357.861516,19,49450.767776
-242.983,18,49457.886738
-168.820426,18,49465.805552
-268.301592,17,49472.736064
-291.690369,20,49481.309786
-326.264272,20,49491.354515
-179.581301,25,49501.541151
-117.006724,29,49515.159708
-213.335947,23,49523.877434
-250.794227,18,49530.664282
-213.29488,19,49537.734778
-126.01841,23,49546.394068
-243.791666,21,49556.911952
-260.632461,23,49567.118081
-245.677908,18,49575.50636
-145.470959,24,49584.650317
-244.406478,19,49594.372079
-177.292044,22,49603.396099
-198.36862,26,49614.124995
-223.575416,23,49624.759719
-209.851752,20,49634.846636
-119.887662,15,49640.903072
-215.967671,23,49650.55007
-231.482355,20,49659.120236
-137.730047,30,49671.391171
-192.911974,23,49680.157033
-262.535036,24,49690.510401
-217.675709,26,49703.657873
-170.504331,23,49713.139646
-206.928462,23,49721.76179
-188.954457,20,49729.98617
-164.295134,22,49738.791672
-222.668979,22,49747.659427
-224.64327,21,49756.519044
-108.535717,19,49766.591258
-172.321358,22,49775.594903
-225.626962,24,49785.87852
-137.543363,25,49796.059541
-256.647699,27,49806.587156
-319.709539,25,49818.164525
-197.880453,20,49826.303877
-237.681304,21,49835.41494
-228.921236,23,49845.817741
-232.483682,16,49851.614928
-329.551071,19,49859.384176
-208.458886,16,49866.993171
-219.635673,20,49874.971789
-177.004787,16,49883.236092
-201.263004,19,49890.895353
-277.705258,11,49897.055365
-193.881709,24,49907.148729
-245.502922,10,49913.375019
-149.987719,19,49921.140738
-241.464485,20,49928.919897
-140.683022,20,49936.477296
-261.842898,24,49945.917915
-136.173183,27,49956.433989
-121.064529,21,49964.895811
-115.402356,25,49974.914289
-135.116798,18,49983.62725
-251.239452,14,49988.740521
-264.735637,19,49997.372099
-216.713846,30,50009.070643
-303.100804,13,50014.476063
-232.059618,23,50023.650564
-89.505343,24,50032.893017
-196.835915,23,50042.27287
-238.749707,20,50050.768177
-234.633822,20,50060.015702
-233.98941,24,50070.937983
-280.365086,24,50080.304926
-153.498874,21,50090.272468
-190.768195,15,50096.206173
-145.248494,22,50105.33959
-150.16763,18,50113.688281
-154.414375,17,50120.681321
-158.659988,18,50127.995652
-192.633108,24,50137.565241
-251.433374,24,50147.214464
-235.544195,23,50156.659636
-174.042277,21,50164.671329
-256.265745,23,50174.562989
-215.118996,16,50182.436952
-192.202162,19,50190.406112
-181.758261,21,50200.03731
-214.29469,22,50209.852511
-229.251787,17,50216.947891
-269.305578,29,50230.5733
-232.492742,22,50238.714432
-155.193563,31,50250.423578
-179.74792,21,50260.324065
-263.815034,22,50269.465891
-213.51084,28,50281.605015
-182.489365,31,50293.712843
-218.725497,20,50302.085448
-241.785341,17,50310.534317
-195.269129,23,50319.970172
-152.662888,21,50328.374489
-136.745541,14,50333.899136
-210.622784,16,50342.478797
-202.351012,23,50351.4907
-163.93733,29,50364.847518
-229.163038,16,50371.550083
-225.310014,19,50380.369916
-172.878974,17,50388.227312
-177.168327,24,50397.687072
-229.422384,16,50405.777566
-120.277032,13,50410.858286
-106.034141,18,50418.869467
-236.510977,20,50427.607774
-140.96061,32,50441.576222
-112.680185,23,50451.963949
-167.384189,26,50462.148281
-193.686583,21,50472.532136
-243.717823,28,50485.278003
-261.185817,19,50493.298491
-162.126288,22,50502.004265
-153.647288,20,50509.906765
-140.018331,17,50519.450606
-237.598804,25,50529.35494
-182.309498,25,50540.107747
-298.712542,27,50550.71545
-170.163965,21,50560.434664
-176.771018,25,50572.329581
-226.135602,18,50579.663589
-192.980486,20,50587.605238
-164.975885,22,50596.506092
-167.275832,27,50606.841029
-216.103103,20,50614.971353
-225.273313,15,50622.480024
-186.646459,19,50629.808112
-302.142937,21,50637.506989
-130.250786,24,50647.739291
-153.228918,18,50654.436629
-187.130034,23,50663.965085
-186.606976,25,50674.115744
-272.655473,20,50682.528061
-256.922682,23,50692.265144
-208.059842,18,50700.064645
-179.948648,23,50709.955218
-191.827019,21,50718.629067
-205.213699,16,50724.981103
-198.163351,21,50735.690222
-120.62781,23,50745.585609
-167.521603,21,50753.34814
-252.092349,13,50758.994291
-110.981053,23,50769.407614
-169.37397,20,50777.531417
-254.712308,24,50788.793621
-294.221351,15,50794.925526
-115.297907,26,50805.365378
-238.284583,22,50813.419696
-152.280292,27,50826.344995
-249.040304,18,50833.791804
-187.857276,26,50844.013035
-254.538431,17,50851.172626
-213.017068,19,50859.778189
-156.593789,23,50869.178938
-225.303074,25,50879.372357
-274.47005,24,50888.893881
-158.943207,21,50897.240056
-246.902698,20,50905.666882
-226.149491,20,50912.865529
-199.172956,23,50921.69803
-163.969661,25,50931.119888
-152.777394,21,50939.223518
-247.355808,24,50949.330732
-99.981628,16,50955.624212
-211.245698,21,50963.740826
-233.615029,18,50970.349411
-217.57406,16,50977.651114
-119.178312,23,50987.809299
-146.937133,17,50994.204905
-244.575229,21,51002.656169
-192.992095,24,51012.705672
-146.892267,22,51022.165991
-255.318143,18,51030.14356
-172.028032,23,51040.27387
-259.506609,11,51045.978168
-211.689187,24,51055.459954
-147.274812,17,51062.081866
-134.604565,25,51071.830692
-139.429108,21,51079.775302
-129.630503,33,51092.125333
-226.139163,19,51099.411176
-166.755619,22,51109.660069
-197.489504,21,51118.050781
-199.44409,27,51129.082353
-138.703015,13,51134.699637
-212.818641,18,51142.826416
-188.759225,25,51152.416554
-249.999371,24,51161.916736
-321.542972,22,51170.685909
-245.083848,17,51177.814787
-202.084862,15,51185.28334
-239.376411,32,51200.058363
-240.237448,23,51210.466607
-256.236332,19,51219.08357
-209.9888,17,51226.067543
-221.55049,20,51234.847879
-190.846862,22,51244.565763
-178.005489,26,51254.911742
-107.082332,28,51265.795428
-268.72164,14,51271.633493
-142.077282,21,51281.945706
-155.423711,24,51293.257857
-187.723168,29,51308.030864
-179.603146,25,51317.785137
-226.219278,22,51327.763558
-218.092663,21,51335.749707
-150.245234,23,51344.839809
-261.771299,18,51352.230729
-214.80832,19,51361.494403
-211.949625,16,51369.088115
-112.291647,20,51378.101205
-392.898824,27,51389.083578
-338.559983,20,51398.917922
-230.900452,21,51407.582986
-131.990593,24,51417.669217
-141.870981,25,51427.382079
-196.799279,27,51438.094374
-256.068366,16,51446.284118
-142.408908,26,51457.938727
-215.305538,19,51465.69241
-226.928598,21,51473.374024
-99.074247,24,51482.810156
-274.600143,12,51488.661542
-232.76746,17,51495.935228
-131.01545,28,51506.85052
-237.482406,18,51516.809792
-187.403326,26,51527.444764
-198.863389,26,51538.199355
-154.998266,23,51547.249112
-168.007491,20,51555.501102
-185.537425,21,51564.152515
-167.364546,21,51573.147774
-252.539187,21,51581.883851
-233.447983,19,51589.827746
-183.974975,20,51598.301542
-137.661345,20,51606.116321
-120.571587,18,51615.439156
-124.315473,25,51625.967658
-176.511797,19,51633.653579
-317.250304,19,51641.441468
-182.447292,21,51651.036871
-193.21465,20,51659.292608
-257.057138,20,51666.396945
-161.179293,24,51677.515743
-138.923098,24,51688.949014
-165.879896,18,51696.419613
-170.47221,26,51710.134798
-259.272215,8,51718.435753
-155.263842,21,51726.717533
-134.27527,27,51736.955263
-270.501283,16,51744.893767
-178.663077,25,51754.165399
-148.083482,23,51763.500687
-155.560479,19,51771.644052
-216.498745,17,51778.802699
-244.590989,25,51788.961107
-290.590508,14,51794.253678
-228.866661,20,51802.335482
-248.625754,23,51811.912313
-185.014791,30,51826.70434
-232.102072,25,51837.257509
-241.674187,15,51843.528828
-175.811495,25,51853.070541
-229.531305,22,51861.779626
-219.905521,14,51868.611281
-253.028874,16,51877.752901
-151.599819,20,51887.3304
-207.30218,24,51896.579357
-125.349273,10,51899.945311
-267.735026,16,51906.239759
-263.073248,14,51912.142495
-161.968332,24,51922.521162
-228.263621,21,51931.000815
-177.208894,21,51940.104734
-116.120696,28,51951.696174
-229.760334,18,51959.246559
-146.914453,17,51966.577872
-151.840053,23,51975.366085
-172.12939,21,51985.146873
-189.672277,28,51997.445573
-194.090978,22,52005.976844
-250.538869,17,52014.85342
-104.568836,23,52024.758747
-220.844135,18,52032.957543
-194.721458,25,52043.082384
-131.809657,17,52050.095713
-195.737249,23,52059.131481
-120.326833,22,52067.599425
-137.715824,19,52076.253591
-173.245405,27,52086.788171
-195.99999,20,52094.473097
-191.527851,19,52101.862055
-148.476163,23,52112.161654
-225.95738,18,52120.14167
-184.370376,28,52260.774494
-184.188149,21,52270.051072
-93.866964,20,52278.480514
-198.182268,19,52287.197739
-106.798605,15,52293.923573
-153.237963,24,52304.016794
-126.170304,16,52311.246481
-179.111049,24,52321.60881
-151.615631,23,52330.751769
-216.371499,20,52339.656578
-223.480005,20,52348.782776
-164.416362,25,52358.996148
-197.981539,21,52367.258488
-215.906928,18,52374.231134
-184.581625,24,52384.199255
-117.761654,22,52392.82843
-165.267011,22,52401.453623
-198.521936,24,52411.085703
-235.839428,16,52418.294933
-224.223431,20,52425.958754
-137.900066,21,52435.499559
-156.598684,15,52441.134771
-188.165325,19,52450.195098
-155.459073,25,52460.179761
-179.299886,19,52468.040985
-248.768612,21,52476.34851
-203.240554,23,52485.479722
-146.154953,16,52492.751752
-124.360716,20,52500.930918
-182.697831,25,52510.828088
-266.853955,14,52518.043175
-196.134948,25,52527.600659
-220.773014,21,52537.141013
-202.788281,18,52544.834547
-171.638858,20,52553.059411
-255.687982,15,52558.632965
-227.391827,21,52566.836051
-232.774769,20,52574.742729
-303.568144,25,52586.757673
-137.725239,21,52594.751155
-290.450036,24,52604.685976
-210.128401,24,52614.718038
-204.277637,23,52624.845712
-136.923993,18,52632.125584
-240.302276,20,52640.428842
-266.266096,21,52648.893068
-147.756684,17,52656.029818
-206.540909,17,52663.731922
-188.846415,23,52672.752571
-136.308738,22,52683.250469
-154.758589,19,52690.620337
-256.889196,19,52698.48446
-225.921168,15,52705.848892
-182.871434,22,52714.450845
-178.82299,24,52723.168598
-228.342484,17,52731.10424
-132.509911,11,52735.705093
-195.556841,18,52742.328403
-236.903725,29,52754.083246
-203.179299,23,52764.318759
-202.514264,29,52775.553464
-179.847118,18,52782.630544
-275.29732,18,52790.076325
-238.803281,19,52797.714916
-191.107682,31,52809.452633
-94.337435,24,52819.139071
-106.897366,26,52829.454989
-211.908228,17,52836.406051
-185.930422,24,52846.505386
-260.804496,25,52857.140611
-156.287685,25,52866.959644
-222.088855,26,52877.864198
-176.61806,18,52884.670999
-282.691061,21,52893.512939
-269.610974,21,52904.329542
-131.047908,12,52909.387257
-233.566264,17,52915.767995
-131.19213,25,52926.669985
-153.538059,19,52934.309575
-142.713071,19,52941.717892
-227.111441,20,52949.943458
-138.689853,22,52958.229434
-252.975443,25,52970.062143
-205.370955,20,52979.56621
-230.552429,20,52987.452125
-179.023481,18,52994.022609
-251.372808,22,53003.063673
-177.654094,22,53013.910733
-128.594745,25,53024.263011
-164.701979,26,53034.263725
-164.152311,22,53045.294321
-193.117537,27,53056.811291
-198.318526,26,53069.186701
-96.911059,15,53075.086669
-230.530828,23,53083.797092
-266.232837,22,53093.100114
-196.794299,24,53104.742699
-250.098929,22,53113.159473
-152.034286,16,53119.527514
-187.355063,22,53128.187327
-205.297618,22,53136.568369
-136.759583,23,53145.791651
-94.170613,20,53154.085722
-239.117763,18,53162.274137
-128.287027,17,53169.622719
-251.768493,18,53176.437211
-246.299122,17,53183.169847
-263.638322,17,53190.497587
-193.844494,20,53200.942851
-171.748021,29,53213.254468
-223.176162,21,53222.083737
-175.42459,14,53227.565066
-219.689731,20,53235.249896
-202.226285,24,53245.040841
-138.617759,29,53257.036395
-161.621156,23,53268.337919
-150.310061,21,53277.226637
-260.179638,19,53284.844427
-230.913963,16,53291.030938
-209.262922,16,53297.360145
-203.809409,21,53305.938192
-224.925212,17,53312.438463
-229.326964,19,53320.522117
-310.369844,19,53331.103426
-192.435939,18,53340.511841
-197.08996,23,53350.212841
-242.770099,18,53358.305291
-211.795933,18,53365.50403
-209.276824,16,53371.870255
-131.941947,23,53381.431017
-214.489448,25,53391.47691
-144.478977,24,53401.859886
-168.610492,25,53412.048385
-193.870388,20,53420.354202
-135.514824,26,53431.840387
-205.515211,16,53438.529254
-233.404656,24,53449.792736
-197.177804,23,53458.975252
-237.678885,20,53468.581623
-310.221653,15,53474.26078
-225.465585,22,53483.091269
-147.609181,29,53495.296571
-128.173538,24,53504.924731
-225.566021,25,53516.279486
-159.661911,19,53524.874982
-263.454471,20,53532.356668
-193.811684,20,53539.999658
-158.706947,25,53550.104467
-284.489769,20,53559.088569
-168.114655,17,53565.725472
-211.867819,23,53574.659789
-279.775941,21,53583.215328
-152.780858,22,53593.503871
-225.837007,16,53599.498576
-113.248973,27,53610.025367
-176.503536,23,53619.476132
-175.618319,18,53627.072979
-267.534095,17,53634.953043
-181.790618,26,53644.840743
-264.988415,14,53651.70901
-141.326686,25,53661.193027
-206.041746,22,53669.762689
-215.421719,21,53678.223967
-128.509369,23,53687.461944
-262.464412,19,53694.455535
-260.343127,17,53701.797602
-171.593124,25,53711.730134
-204.567316,18,53718.75799
-112.997253,25,53729.907567
-237.083883,25,53740.294385
-208.152097,23,53750.450671
-143.905558,19,53759.694297
-194.042758,28,53770.457352
-258.171066,22,53779.21354
-214.840551,18,53786.136633
-137.527138,21,53794.394719
-232.50407,21,53803.4786
-180.2048,22,53814.095418
-202.290059,24,53827.627937
-261.23558,15,53836.442708
-124.261736,19,53844.821044
-123.921286,19,53853.11852
-192.689051,23,53862.547995
-203.85838,20,53871.351632
-188.197153,25,53881.611773
-270.602014,20,53889.708253
-228.446323,21,53897.309928
-126.034234,27,53907.721968
-231.76358,13,53914.284795
-128.871742,23,53923.450366
-225.881953,22,53934.435148
-184.106105,27,53944.612059
-103.998665,22,53952.931649
-156.092837,25,53964.249907
-236.521325,23,53975.136989
-228.269248,17,53982.36323
-120.237499,27,53992.629565
-207.207153,20,54001.845907
-138.197693,24,54011.079432
-187.150863,24,54021.376139
-192.708913,23,54031.41453
-182.660336,18,54038.445461
-293.734299,12,54044.764469
-218.317194,26,54055.526307
-222.83279,18,54062.364775
-196.977477,20,54070.3281
-122.895164,22,54079.184095
-182.584227,20,54087.401203
-85.313256,25,54097.382283
-186.367009,15,54104.771563
-192.386257,22,54113.986679
-167.769216,23,54123.604064
-429.180937,22,54132.867924
-200.271999,19,54140.587768
-201.12466,21,54149.549383
-263.818769,16,54156.255216
-273.761422,18,54165.284099
-189.63852,20,54173.195313
-161.856276,22,54182.448578
-217.902901,19,54190.146243
-169.442183,23,54198.745912
-167.001157,16,54205.708997
-207.232632,21,54214.195175
-109.184943,19,54222.146779
-166.309889,33,54237.863467
-117.76406,19,54245.14447
-212.730649,16,54251.543152
-99.983949,29,54263.375767
-194.124285,22,54271.837637
-236.354311,19,54279.99659
-177.772307,29,54291.283226
-123.457987,32,54304.53013
-138.589652,29,54316.460619
-211.505807,16,54323.195977
-194.791991,19,54331.009282
-245.380958,19,54340.788883
-197.128333,22,54349.148663
-183.719264,24,54358.576592
-149.576114,30,54370.064516
-116.170052,18,54377.184825
-196.498838,17,54383.979655
-228.056378,21,54393.916593
-211.420227,26,54406.322167
-150.628074,23,54416.980455
-135.144457,24,54426.717144
-213.281621,22,54435.592019
-273.235868,15,54441.650454
-189.996077,19,54450.870464
-139.669692,15,54457.134057
-229.311532,17,54464.255397
-278.123919,21,54472.479267
-160.25417,20,54480.905041
-85.662628,25,54491.342009
-227.858469,27,54504.077429
-219.325463,24,54514.866402
-224.825635,25,54525.609813
-170.978928,26,54535.703688
-236.978818,23,54546.540772
-177.765317,22,54555.240503
-123.81696,25,54564.279902
-149.586897,25,54575.192276
-160.674062,22,54584.424759
-118.344802,24,54593.977111
-231.444406,12,54598.943076
-167.789354,24,54609.75482
-220.264588,21,54618.291239
-239.643725,24,54627.603091
-225.053806,20,54636.71575
-120.987334,19,54644.937113
-196.693732,22,54655.110369
-126.23185,22,54664.655134
-125.443499,22,54673.053627
-117.664988,21,54681.273609
-223.697359,22,54689.845834
-133.874392,27,54700.11468
-298.064912,14,54705.901442
-190.275399,24,54715.451117
-239.708309,22,54724.023571
-178.67907,24,54733.74473
-188.910876,31,54745.895238
-219.383165,23,54756.00703
-217.041513,23,54766.915546
-160.843599,12,54771.826197
-223.570827,17,54778.965983
-256.490457,16,54786.555846
-114.57248,20,54793.999754
-163.040665,29,54805.383223
-111.797379,21,54814.091642
-201.299238,19,54822.939756
-196.724373,17,54830.508656
-186.133965,28,54842.015444
-224.121969,18,54848.627153
-250.858206,18,54855.915103
-231.360108,21,54864.707499
-255.22991,20,54873.46182
-106.786656,23,54882.519506
-101.664778,28,54895.800328
-110.583192,23,54906.220832
-215.506274,21,54914.11788
-170.457571,24,54923.825074
-168.533403,24,54933.19795
-208.878802,22,54942.61989
-183.990602,21,54951.120089
-191.833289,22,54960.135307
-142.051257,19,54967.741425
-168.680825,22,54976.199082
-123.246142,20,54984.432977
-166.445554,18,54991.754997
-236.58345,23,55001.291732
-159.65463,30,55012.41996
-246.309729,23,55023.712925
-147.38646,22,55031.807569
-116.232359,26,55041.487215
-219.880995,24,55050.593105
-144.507066,20,55058.604439
-255.876067,17,55065.765426
-97.549923,23,55074.533136
-90.465913,23,55083.341826
-162.185387,26,55093.100358
-253.534206,20,55104.821387
-202.640122,21,55114.589793
-243.522956,19,55122.986817
-96.032669,17,55130.292128
-201.27899,17,55138.133455
-166.525283,24,55147.100495
-96.126015,22,55156.248323
-171.443861,31,55168.849761
-239.816968,16,55176.460387
-141.396273,25,55186.071497
-204.448297,22,55197.283237
-162.122717,23,55206.886145
-281.856794,19,55214.929697
-183.518942,24,55224.721828
-171.8375,24,55234.247913
-179.827996,19,55242.171236
-221.396175,22,55252.41657
-219.804153,13,55257.640034
-235.373878,27,55268.398562
-230.406294,24,55277.510612
-274.088981,13,55284.508708
-208.597181,15,55290.502237
-191.189663,19,55298.145303
-193.653875,24,55307.853819
-203.058161,23,55316.826508
-300.799492,15,55323.265265
-74.818779,26,55333.109911
-233.885274,17,55339.759674
-105.396761,21,55348.342843
-130.630542,21,55356.912499
-175.537664,22,55366.366241
-233.470046,12,55374.673903
-167.624491,28,55385.102982
-198.204229,19,55394.10457
-239.58632,17,55401.295744
-141.724889,22,55409.552502
-132.153867,20,55416.904862
-156.99048,26,55428.719098
-257.448464,20,55436.914981
-178.19044,26,55447.441106
-266.516557,23,55456.607673
-189.474676,24,55465.468343
-211.548966,21,55474.10684
-210.286091,23,55483.027333
-114.88549,24,55492.823101
-122.699711,17,55502.412463
-96.120137,24,55511.326874
-193.558067,22,55520.907484
-208.123189,16,55527.862607
-252.536767,21,55536.559352
-310.63849,19,55544.756841
-121.073702,23,55554.225281
-209.974905,26,55564.195976
-161.839135,34,55577.299131
-172.76448,19,55585.302756
-114.859968,25,55594.954531
-154.938411,20,55602.75399
-207.259935,19,55611.581918
-129.968736,19,55619.167372
-127.361656,20,55629.370534
-195.294986,21,55637.198469
-167.831579,26,55647.340253
-130.955511,33,55660.07955
-156.590643,18,55666.827323
-77.852435,20,55675.155556
-292.338915,10,55679.39154
-238.815034,25,55689.689501
-166.396467,26,55698.943068
-241.619935,19,55707.090111
-194.313142,26,55717.910878
-204.689918,21,55725.368885
-181.013817,21,55733.188351
-155.81893,24,55875.262619
-165.254161,23,55885.381201
-161.684993,38,55900.746339
-246.796218,26,55911.008978
-252.714954,18,55919.661942
-170.000724,25,55931.077441
-242.776676,22,55940.234205
-233.23208,18,55947.576013
-231.186323,23,55956.673955
-187.234309,14,55962.334256
-198.733063,29,55974.37166
-235.550162,19,55981.830127
-142.850355,25,55992.47715
-195.241261,19,56000.737231
-147.645002,15,56008.475899
-175.492339,24,56017.844205
-222.115562,17,56024.489639
-122.658891,29,56037.908826
-223.826036,15,56044.761904
-158.034809,18,56051.851129
-167.462483,28,56062.872608
-202.107328,22,56071.389768
-92.097104,30,56083.854759
-168.031354,30,56095.630827
-185.609067,21,56105.482155
-192.67,21,56113.476964
-131.701344,15,56119.364437
-207.181166,24,56128.616753
-182.578979,19,56135.837125
-205.58152,23,56144.495122
-114.843389,23,56154.640088
-151.050396,23,56164.056993
-224.737144,24,56173.280078
-142.717185,25,56183.621001
-133.707126,17,56190.915156
-139.51389,21,56199.664286
-167.047019,19,56206.989683
-189.400384,22,56215.560675
-133.020058,26,56226.447559
-90.444371,29,56237.982954
-156.949163,19,56245.654007
-175.646308,24,56254.687288
-177.093584,26,56265.105469
-133.919979,28,56275.924
-310.964538,13,56284.045923
-169.433234,22,56293.256791
-164.47429,26,56304.077205
-173.207205,19,56312.244867
-311.437304,23,56322.832308
-121.164794,19,56330.95264
-164.659324,24,56340.558507
-143.551001,24,56350.395977
-239.008688,15,56356.132411
-174.103261,23,56365.058856
-122.792313,20,56372.976618
-258.146216,17,56380.806335
-88.312305,23,56390.477789
-120.725466,24,56400.046111
-138.381625,26,56410.337974
-241.525587,15,56416.121419
-140.547585,21,56424.779877
-220.612558,19,56432.374341
-195.139882,24,56441.799954
-82.951024,23,56450.802509
-235.246513,23,56459.990388
-154.825247,22,56468.716717
-261.426986,12,56474.745851
-131.877668,26,56484.840448
-181.00635,26,56495.885663
-138.7128,22,56504.788403
-245.072425,19,56512.567956
-97.72502,27,56524.223427
-178.639931,18,56531.237881
-235.672083,21,56539.434091
-130.00771,22,56548.195955
-106.034655,21,56557.471978
-236.4723,22,56567.634877
-166.357472,30,56579.305359
-132.294252,24,56588.670537
-146.854004,23,56597.472193
-183.084364,24,56607.06859
-234.643596,26,56617.89101
-173.259858,24,56627.321372
-174.918704,22,56637.222139
-200.378244,23,56646.231394
-111.153236,23,56655.351004
-159.367923,21,56663.778085
-199.493647,24,56673.801374
-211.632515,18,56681.077735
-87.856854,16,56687.530368
-174.094808,26,56698.340971
-171.950391,22,56706.875385
-168.816675,25,56716.677756
-243.453807,21,56724.139364
-184.150231,24,56733.615211
-234.465847,21,56742.269153
-226.583341,24,56751.566329
-210.978132,17,56758.598796
-216.83249,17,56765.773445
-168.6213,25,56775.310486
-191.864645,15,56782.075855
-232.751914,19,56789.998077
-258.168002,16,56796.08852
-283.69392,16,56803.745877
-103.978574,22,56813.006105
-188.22667,24,56822.617029
-198.521972,29,56833.805032
-271.369119,22,56843.675772
-195.000452,24,56853.582071
-130.180198,24,56863.127765
-137.047625,27,56873.643847
-119.609742,21,56884.087651
-284.161745,16,56890.901033
-209.186202,13,56896.423251
-140.987343,19,56904.763726
-170.025841,23,56915.072919
-180.694694,21,56924.044119
-225.999953,18,56934.294365
-184.361829,30,56946.728016
-148.204869,26,56956.491651
-200.411461,20,56965.049589
-228.214717,23,56973.956619
-148.713926,26,56983.900759
-235.549132,21,56993.552517
-234.358497,23,57002.758688
-199.076591,27,57014.568772
-209.547297,28,57025.309309
-212.186564,21,57034.487176
-174.585206,25,57043.641761
-92.730488,26,57054.107187
-246.940623,15,57059.482144
-178.520175,21,57067.83822
-168.308142,22,57077.158799
-200.650737,21,57085.546629
-191.948085,25,57095.411071
-216.451955,27,57106.23441
-163.363615,23,57115.414496
-146.836788,24,57125.056818
-258.305824,20,57133.520306
-212.290224,28,57144.041591
-228.68936,16,57152.450623
-173.802718,26,57164.681919
-208.185934,19,57172.337176
-178.208555,27,57182.725077
-289.824304,22,57191.23871
-220.90758,18,57199.633706
-178.866902,24,57209.034368
-185.902085,20,57218.307404
-118.99256,22,57229.381049
-162.773974,23,57239.112837
-217.24238,20,57246.43764
-177.892255,19,57253.563749
-152.543749,22,57261.728774
-192.506139,25,57272.273296
-186.806415,19,57280.02928
-216.082303,26,57290.360913
-156.36564,27,57302.683423
-197.865475,23,57312.378151
-172.813863,22,57324.102845
-244.36234,17,57330.50969
-317.538029,21,57340.265387
-208.848987,21,57348.592662
-220.328168,18,57356.984485
-156.418242,24,57366.215822
-124.819688,24,57375.991793
-201.032676,22,57385.022616
-224.404988,17,57392.454051
-170.347039,22,57401.151904
-287.539209,20,57409.96779
-118.433592,29,57422.114236
-204.017984,23,57431.493818
-198.91497,35,57444.920687
-130.181144,21,57454.236143
-156.824062,26,57464.492651
-266.180327,20,57473.555702
-195.787865,20,57481.501951
-229.119024,27,57493.312107
-222.292051,21,57501.524307
-233.792135,20,57509.274163
-146.974478,22,57519.065908
-153.847495,23,57528.640159
-196.143966,19,57536.911415
-134.317432,17,57544.412912
-168.84007,22,57552.786957
-181.991614,21,57561.245986
-316.602945,18,57568.329038
-262.089508,21,57580.495599
-91.236273,22,57588.957406
-126.830757,18,57596.214965
-191.764672,33,57608.955361
-159.30713,22,57618.327171
-225.456925,19,57626.568831
-139.770236,29,57637.653355
-124.875609,37,57653.901974
-280.652232,12,57658.881923
-244.097652,22,57668.434356
-132.915432,25,57679.838006
-204.70781,21,57687.942415
-132.519131,19,57695.650666
-164.472005,17,57702.56595
-161.588249,26,57712.973161
-291.634598,17,57720.219812
-143.543081,26,57730.642544
-212.926089,19,57739.110952
-174.496855,25,57748.457108
-239.325601,24,57759.516878
-118.421654,24,57768.588704
-251.519442,19,57777.521552
-181.327737,26,57788.015204
-157.725518,22,57796.303505
-262.112457,21,57805.183347
-168.271474,17,57811.936886
-97.887472,29,57824.405667
-127.771504,14,57830.296605
-194.240353,19,57837.35788
-184.208991,20,57846.180885
-192.530298,21,57854.246057
-191.236549,29,57865.43021
-269.203051,13,57872.338925
-148.719752,16,57881.719973
-234.809814,22,57889.925541
-139.423786,38,57905.082205
-141.996532,23,57913.675804
-161.16438,27,57924.541397
-170.106394,23,57933.73227
-102.1577,22,57942.793204
-202.980102,23,57950.884032
-235.879706,19,57958.573837
-154.835577,27,57969.373706
-232.529943,21,57977.436768
-89.520268,23,57987.521963
-138.875745,18,57994.784271
-290.947318,18,58002.24826
-160.513134,21,58012.040517
-204.705624,22,58021.555945
-156.817993,24,58032.065997
-170.169037,25,58041.951552
-186.327858,24,58051.715803
-189.54697,29,58063.766819
-197.596827,22,58073.988171
-226.307045,14,58083.252606
-245.781463,19,58091.0588
-180.474652,26,58101.877548
-156.576651,17,58108.664788
-130.598328,26,58119.912388
-207.344903,27,58131.069488
-217.88755,24,58139.481395
-203.259108,26,58150.895627
-255.518652,15,58160.146424
-219.932247,19,58171.733312
-164.694176,24,58185.187403
-161.570833,23,58193.874324
-178.352545,23,58204.072172
-181.413643,25,58214.479921
-121.524592,22,58223.065902
-168.744967,28,58234.374281
-141.277179,22,58243.459571
-178.120053,23,58252.570715
-163.843352,24,58261.990847
-178.951487,31,58273.624285
-143.565068,34,58287.22693
-98.424372,20,58294.491948
-182.827331,27,58304.7714
-161.513979,19,58314.405744
-147.174205,21,58322.798207
-146.252585,24,58332.10303
-182.369989,22,58340.616853
-207.320699,25,58350.903498
-223.002492,20,58358.710387
-203.734379,22,58367.665935
-181.879784,19,58375.184983
-194.143536,22,58384.56332
-227.63532,14,58391.067964
-192.261616,25,58400.932811
-168.80399,20,58408.91398
-189.28193,20,58417.171885
-138.669442,25,58427.024337
-229.569618,17,58435.365411
-136.331571,33,58450.176912
-117.408678,27,58460.002016
-98.180953,21,58468.104089
-233.944662,23,58478.468155
-157.24998,25,58488.217314
-114.687049,26,58499.181006
-188.516209,25,58510.025864
-244.616303,21,58520.285869
-89.789945,24,58529.904466
-175.493798,23,58539.302601
-130.240145,32,58551.219463
-229.362671,12,58558.808977
-117.372774,31,58572.645904
-246.59276,16,58579.814099
-110.414849,22,58589.026559
-170.611177,27,58599.359011
-202.786535,17,58606.463829
-115.543702,23,58615.103173
-152.695903,28,58626.797058
-262.587734,17,58632.620022
-199.396314,26,58643.594507
-188.512793,20,58651.557148
-183.685639,24,58662.329892
-206.639073,21,58671.305171
-237.333631,22,58680.173249
-123.778272,22,58688.615346
-203.7493,19,58696.324383
-214.04827,20,58703.51686
-209.877789,26,58715.464248
-199.561791,19,58724.786762
-124.119392,24,58734.104426
-171.857836,24,58743.935236
-238.766356,21,58752.284048
-253.546769,24,58761.968138
-148.58671,25,58772.309189
-236.401285,31,58786.603377
-294.990473,17,58793.596323
-137.725472,29,58805.520642
-204.767375,17,58811.482165
-261.422777,20,58820.414744
-160.110658,23,58829.705873
-131.401863,34,58843.800828
-177.734914,24,58853.33963
-124.446944,25,58863.105758
-116.434228,21,58871.060954
-224.856645,23,58880.768424
-274.548363,18,58887.313394
-154.565261,27,58898.350353
-251.016744,19,58905.975312
-134.352996,23,58916.83255
-237.865122,20,58926.49406
-193.289208,17,58932.521258
-229.037378,14,58938.267849
-212.111965,28,58949.285124
-186.875552,20,58957.953504
-127.591833,10,58961.827392
-127.448321,29,58973.639102
-116.392884,20,58982.503855
-240.32092,19,58989.657407
-204.935619,26,58999.812996
-187.794814,22,59009.076042
-197.475056,30,59020.937074
-191.709616,26,59032.02205
-208.606288,23,59041.139415
-81.151328,28,59052.309899
-180.795585,27,59063.371074
-252.714336,11,59068.215591
-116.101774,26,59077.690985
-195.592146,25,59088.04865
-170.016275,19,59095.478543
-225.212832,18,59103.037132
-176.421643,24,59113.184372
-165.527457,24,59122.510089
-171.331682,22,59131.431699
-161.484374,23,59141.537906
-212.377506,22,59151.207939
-163.831165,24,59161.236374
-97.526302,26,59171.233111
-218.593866,25,59181.312165
-298.387929,19,59189.980668
-159.427496,26,59200.252448
-130.789681,20,59207.866398
-81.938169,24,59216.631128
-177.986421,24,59226.349929
-123.58577,26,59237.252529
-178.517927,24,59246.965564
-232.511721,23,59255.486293
-190.051949,18,59262.962118
-125.339478,24,59272.888778
-211.025686,22,59281.7439
-102.242534,20,59290.1018
-199.091334,27,59301.706307
-303.68119,19,59309.937546
-230.081301,21,59319.009721
-186.787014,23,59471.322288
-184.964145,25,59482.522972
-171.016623,25,59492.396413
-237.061735,18,59499.280947
-339.90572,23,59508.350834
-122.505001,23,59517.700483
-192.408351,21,59525.668926
-227.172236,17,59532.281793
-193.047159,20,59540.54302
-189.57509,33,59553.028728
-162.285684,29,59566.380573
-144.018254,26,59576.200442
-138.551034,29,59587.788675
-217.3994,23,59597.293565
-239.945804,18,59604.717588
-189.435281,19,59613.71789
-119.271018,23,59622.560144
-137.534466,25,59632.16532
-120.275667,14,59639.080403
-133.895241,20,59646.742468
-240.341803,22,59654.229057
-180.53059,23,59663.724674
-139.71156,25,59672.957736
-271.382728,21,59684.412014
-102.998982,23,59694.081254
-137.661523,20,59701.711621
-140.956022,22,59711.532533
-116.719121,24,59720.823239
-212.311513,20,59729.219537
-113.723485,35,59746.056212
-162.850663,21,59754.477937
-138.285903,33,59770.30444
-222.972598,17,59777.155475
-146.214902,28,59789.02431
-222.872972,16,59796.261853
-181.536926,21,59804.860118
-191.630722,23,59814.140522
-96.714127,27,59824.752308
-231.014704,15,59833.21839
-213.415074,18,59840.239649
-217.734149,21,59849.076987
-138.087308,33,59861.886817
-161.515915,29,59873.131598
-216.376512,26,59884.044387
-214.040556,20,59892.251042
-187.506845,17,59898.87969
-118.661708,31,59910.534986
-242.282305,23,59920.341403
-144.518461,25,59930.792334
-180.374362,19,59939.360172
-198.469168,20,59947.497327
-131.040284,22,59957.995056
-189.666151,15,59962.616502
-172.09252,22,59971.168894
-225.879585,14,59978.194588
-235.071871,26,59989.466198
-142.816706,31,60001.082127
-114.814158,21,60009.448325
-234.068583,12,60014.046912
-251.120171,19,60021.958224
-153.220845,19,60029.73178
-187.158967,24,60040.349225
-174.439172,21,60048.163989
-212.497607,19,60057.749304
-113.180325,25,60067.8501
-316.981914,20,60076.100645
-172.823415,27,60086.809564
-102.301784,30,60098.574774
-166.335287,25,60108.375108
-115.707352,28,60121.20926
-194.040639,27,60133.113493
-193.527347,24,60142.314883
-231.025708,19,60149.690212
-142.228051,21,60158.315655
-296.131203,22,60168.888443
-204.264619,20,60178.486592
-201.166898,23,60189.648822
-185.446698,19,60199.539567
-134.411451,29,60211.948092
-162.534023,23,60221.060185
-148.021576,30,60233.610209
-108.438082,14,60239.010895
-125.383256,26,60248.988525
-254.105115,19,60255.375722
-222.187467,16,60262.059043
-175.773545,29,60272.913319
-180.45314,23,60282.41142
-240.536081,21,60291.675153
-172.860822,27,60301.872108
-133.788145,21,60309.812784
-249.600028,14,60316.733918
-157.765046,25,60327.108545
-154.442925,23,60336.414131
-104.554933,27,60348.407697
-188.645296,20,60357.198451
-147.39755,19,60365.240564
-167.636046,21,60374.66274
-195.930773,24,60384.516922
-120.467393,24,60394.629933
-179.071004,24,60404.052143
-209.064565,21,60412.96341
-169.776786,27,60423.748984
-307.531008,28,60434.873912
-114.726716,24,60444.068121
-247.097469,21,60452.529684
-140.339667,28,60464.303947
-109.520355,36,60477.549719
-149.975382,19,60485.457401
-115.972234,18,60492.532944
-152.550761,15,60499.228248
-145.66786,29,60510.870065
-158.305409,27,60522.06159
-195.242244,21,60532.73507
-122.03594,12,60537.732213
-166.209069,23,60547.734411
-136.521757,19,60556.045201
-142.339754,20,60563.983457
-157.908608,29,60575.350544
-164.217448,23,60584.185198
-120.532462,20,60592.651025
-154.627015,23,60600.688489
-91.140504,19,60608.290885
-104.436089,13,60614.233322
-176.079072,25,60624.273926
-169.178938,24,60634.146011
-265.155755,18,60642.090209
-195.017156,22,60653.811826
-143.814499,32,60665.957656
-228.809854,20,60674.539333
-207.405868,25,60684.592608
-155.434403,24,60694.431584
-109.461926,28,60706.959675
-186.13751,31,60720.00248
-212.886365,15,60726.074018
-143.631898,39,60741.032005
-104.566919,35,60754.593659
-163.792326,27,60766.101984
-251.916294,19,60774.418641
-135.442634,31,60786.424312
-143.045658,20,60793.86639
-186.832878,22,60802.847976
-225.036251,22,60811.028044
-141.045422,25,60821.272868
-271.985631,21,60829.613887
-185.743925,26,60841.905047
-202.465408,25,60852.138855
-370.094828,14,60857.263801
-253.401003,14,60863.679121
-239.51223,20,60873.241147
-77.456688,29,60885.2913
-158.332435,19,60892.848823
-178.241196,22,60902.081641
-250.234127,26,60912.23093
-288.49338,23,60922.084929
-184.72747,21,60930.788794
-218.989079,19,60939.134952
-232.574714,24,60951.4731
-146.085037,21,60958.710325
-169.55858,22,60967.771915
-240.820397,18,60975.774612
-214.648769,21,60984.098521
-130.531866,21,60991.54196
-181.98812,25,61001.396357
-264.768933,21,61010.338428
-194.3173,18,61018.109734
-158.726449,26,61028.6505
-153.124994,22,61037.704539
-202.932306,22,61046.845694
-177.16252,23,61057.985768
-273.938526,19,61065.705498
-185.46381,25,61075.314897
-313.50194,19,61083.679753
-154.168109,20,61091.070112
-269.108798,21,61099.287738
-307.398319,23,61108.708607
-127.205708,20,61116.469757
-273.133307,14,61122.610821
-196.911781,23,61131.514492
-111.919842,30,61143.445989
-182.755425,22,61152.22339
-180.713044,25,61162.815163
-218.887211,26,61173.170608
-169.14633,19,61184.034428
-169.775853,26,61194.869263
-161.630906,26,61205.031964
-229.864532,20,61212.488013
-130.819813,23,61221.674645
-169.305895,25,61231.863965
-294.749476,18,61238.862736
-178.248642,27,61249.648108
-106.540787,19,61257.424927
-113.597471,29,61268.698265
-152.65713,23,61277.923778
-158.613614,31,61290.129135
-144.056099,22,61299.117615
-194.01232,20,61306.894902
-129.118732,27,61318.723312
-128.20833,19,61326.606128
-177.467102,25,61336.991399
-190.588123,22,61346.298495
-165.695774,24,61355.849663
-155.559818,21,61363.640015
-180.716013,24,61374.638015
-219.737876,21,61383.760259
-163.316096,22,61392.387666
-119.043441,23,61402.306478
-204.004895,16,61408.769546
-277.63532,19,61416.245747
-168.422702,17,61422.887257
-202.167412,22,61433.539836
-230.852619,16,61439.827757
-156.97178,24,61449.668593
-95.502225,25,61459.9576
-193.357311,26,61469.923959
-112.968725,16,61476.548469
-217.880839,23,61485.341097
-108.577405,30,61496.838663
-141.170412,24,61505.955983
-210.615699,20,61514.879005
-254.874407,23,61524.672145
-172.915218,29,61536.207807
-141.276605,26,61546.809861
-138.091638,25,61556.468036
-98.008904,33,61569.685783
-235.807328,33,61582.975319
-173.287075,15,61589.125766
-166.274489,25,61599.139255
-154.104582,26,61609.093712
-181.210955,21,61618.984891
-197.467331,25,61629.368633
-238.559692,21,61638.135801
-225.255862,20,61645.599478
-135.91625,18,61653.177869
-156.119185,21,61662.029617
-170.173213,23,61671.17613
-190.952268,27,61682.085615
-136.912462,24,61691.843825
-119.196995,23,61700.675447
-239.426945,14,61706.76833
-238.86274,21,61715.681688
-116.651985,36,61729.901523
-97.78688,26,61739.813857
-152.781269,32,61754.963759
-149.580285,26,61764.832766
-217.154304,25,61775.494637
-140.001012,24,61785.180439
-211.224976,19,61793.363587
-89.960628,21,61801.484702
-145.405325,27,61811.968722
-112.865139,23,61821.648038
-79.933629,31,61833.760284
-250.980769,22,61841.975208
-178.464542,23,61852.527773
-176.34208,25,61862.840358
-152.013006,28,61873.337563
-161.349209,19,61881.748086
-157.968991,19,61890.286235
-128.239815,27,61900.889091
-164.093762,27,61911.654154
-183.874795,23,61920.594919
-253.553125,18,61929.707099
-163.242322,34,61942.989922
-178.254612,21,61951.50577
-167.104805,22,61960.407367
-203.675657,20,61969.52184
-237.966948,20,61977.395612
-148.205503,25,61987.199205
-170.758063,20,61995.034897
-237.288004,22,62005.812442
-223.240766,18,62012.772601
-242.953615,21,62020.870393
-157.364691,25,62030.568581
-190.164155,20,62039.755012
-132.260237,18,62046.495123
-152.899617,29,62057.206021
-128.506111,24,62066.674694
-198.782492,26,62076.949617
-172.929122,20,62085.092046
-152.40938,25,62095.817021
-213.092658,23,62105.155429
-133.046609,22,62115.15831
-92.638202,17,62121.44065
-160.175865,22,62130.447778
-172.982674,24,62139.863341
-153.876674,24,62149.9648
-150.464305,33,62164.086329
-101.87555,13,62171.509609
-281.648262,19,62179.339793
-191.866324,22,62187.910132
-150.666982,26,62198.838599
-204.004497,22,62207.284449
-151.023259,32,62218.224208
-116.76308,27,62228.249974
-171.613674,22,62237.229438
-282.685709,22,62247.999435
-197.716936,26,62258.73357
-186.914128,23,62267.760721
-144.820701,22,62277.820319
-177.079674,18,62284.8817
-154.714579,29,62296.579633
-228.608295,24,62306.614015
-183.407151,19,62313.542805
-205.845821,21,62322.448646
-190.605605,30,62334.209485
-215.184998,21,62342.316343
-207.192658,19,62349.551291
-195.640709,25,62360.595975
-195.776205,25,62370.691746
-149.922615,19,62378.283442
-101.648833,27,62389.221885
-185.155294,22,62398.238352
-217.70645,20,62406.526445
-171.755947,25,62416.947955
-285.361362,17,62424.186951
-195.849831,22,62432.93622
-219.702892,22,62442.865871
-227.232273,18,62449.673487
-156.455632,34,62463.383132
-231.950186,21,62471.587982
-271.361261,32,62484.42148
-240.849153,24,62494.375158
-191.55715,20,62502.982834
-255.275901,19,62510.394811
-177.207177,16,62517.739658
-165.404679,30,62530.073338
-220.94365,25,62541.468109
-81.380131,30,62554.204026
-130.43787,32,62566.444748
-247.305636,18,62573.483274
-165.409076,32,62587.463946
-102.185352,28,62598.202147
-132.833609,26,62608.04279
-288.05848,20,62616.288363
-153.582041,19,62625.263834
-179.073984,21,62633.815868
-112.071535,19,62641.923587
-237.830808,19,62649.051961
-155.592507,21,62656.876598
-284.363071,27,62667.633981
-146.151539,25,62677.370068
-113.582805,17,62684.612396
-147.606023,26,62696.684633
-173.695951,21,62705.170535
-188.293089,20,62714.874271
-211.703171,30,62726.123613
-154.824271,31,62738.599908
-259.845609,19,62745.870166
-186.516489,22,62754.205808
-173.41075,31,62766.940364
-216.14051,26,62777.111957
-153.321063,24,62786.898181
-173.728286,17,62794.515637
-167.593772,21,62804.148273
-111.059696,25,62814.092619
-204.563507,19,62823.36035
-240.710231,24,62832.864239
-193.804804,20,62840.652341
-186.747501,20,62849.347534
-181.423207,30,62863.252234
-188.425972,22,62871.813173
-110.740035,22,62880.391496
-137.303769,32,62893.053462
-157.803878,23,63052.871299
-160.739559,29,63064.389195
-120.102588,16,63071.612123
-176.142103,40,63088.192419
-116.011044,33,63101.316895
-248.108908,19,63109.035438
-169.983653,25,63118.114697
-182.803866,19,63126.561474
-198.049441,25,63136.399622
-208.900371,22,63145.275361
-100.784623,29,63156.382467
-228.798116,22,63165.371335
-117.55516,26,63175.621794
-99.713224,25,63185.306125
-217.147635,26,63196.013464
-166.66541,26,63205.963851
-103.784998,30,63217.788267
-207.238223,21,63225.483942
-190.610113,26,63235.481148
-159.465879,34,63248.975493
-121.345488,27,63259.291454
-217.583868,16,63266.577329
-192.275692,17,63273.830966
-158.341207,32,63285.98243
-153.059895,26,63298.981837
-133.182252,31,63311.129694
-178.072959,27,63321.399909
-210.378121,23,63330.804487
-185.211922,31,63342.5099
-103.462073,26,63353.45745
-170.665949,22,63362.166446
-190.63742,26,63373.244541
-111.772914,31,63385.177838
-186.620216,27,63395.753834
-171.422844,21,63404.489962
-142.145994,27,63414.912043
-212.30017,19,63423.143855
-103.541639,32,63435.273738
-120.591184,21,63443.748387
-207.60806,17,63451.36316
-155.830752,22,63459.752974
-150.744998,29,63471.03827
-191.223815,24,63480.779477
-100.487832,27,63491.229983
-127.697005,26,63501.163067
-103.430746,34,63514.196223
-187.579202,21,63523.583084
-148.511033,26,63534.191054
-150.070492,25,63543.819431
-128.111452,16,63550.060316
-118.964125,19,63557.365292
-214.884594,22,63566.791913
-280.665564,24,63576.759392
-189.312988,25,63586.997849
-105.216243,28,63597.458846
-163.488174,24,63606.657985
-108.875516,19,63614.460716
-191.770187,27,63625.210655
-94.174023,21,63633.440268
-180.408251,27,63644.172122
-187.327457,23,63653.396697
-168.710423,27,63664.57578
-221.919966,26,63674.031024
-267.008901,20,63682.677972
-256.790367,20,63690.595989
-104.264828,32,63703.520655
-267.960729,17,63710.333463
-75.798928,27,63721.279477
-200.653456,21,63729.460088
-93.762046,24,63738.665871
-100.638132,30,63752.364826
-122.953085,24,63761.860462
-161.73026,27,63772.402443
-126.64601,22,63780.840719
-95.485572,25,63791.566303
-195.40007,17,63799.210677
-233.476771,17,63806.635748
-219.273682,23,63815.876352
-215.483657,17,63822.655321
-134.655821,23,63832.156681
-133.813616,30,63843.574481
-180.533438,19,63850.547743
-207.280958,20,63857.274029
-234.242655,13,63864.382554
-265.92553,15,63870.885562
-123.485407,32,63883.155557
-216.303559,24,63893.114564
-140.017384,18,63900.079499
-127.701127,33,63913.119707
-114.195826,24,63922.441178
-210.638897,21,63930.555062
-106.527165,26,63940.645263
-241.27507,14,63946.88159
-205.367213,17,63953.979711
-208.942811,25,63964.133603
-254.303646,15,63970.075801
-257.376345,16,63977.446448
-309.407258,13,63984.813312
-119.159966,30,63995.749657
-98.378904,30,64006.99323
-222.168247,21,64015.569349
-137.567611,18,64022.449437
-141.311043,20,64030.174333
-150.665861,21,64038.27496
-259.578283,21,64046.900018
-193.215661,20,64055.998403
-228.282666,23,64064.625241
-222.032488,17,64072.862689
-329.517962,18,64081.539039
-114.284415,22,64091.441042
-166.817528,23,64100.542522
-167.568048,23,64109.775442
-144.864787,36,64125.630116
-201.055087,25,64135.458987
-270.854498,22,64146.644112
-195.929129,19,64155.544806
-75.639575,30,64167.164977
-157.512291,15,64173.058048
-104.011315,17,64180.093417
-170.344298,14,64186.669328
-238.574799,16,64192.755555
-141.159114,25,64203.076861
-138.213009,31,64216.13991
-69.813354,32,64228.323773
-173.185657,28,64239.380258
-170.305424,25,64249.856864
-127.312301,24,64258.978641
-190.824017,21,64267.542308
-203.359657,21,64276.176656
-192.99869,19,64283.447925
-151.914562,29,64294.516021
-118.295259,26,64304.385551
-153.246799,25,64314.471908
-86.238357,24,64324.744386
-155.371428,29,64335.815586
-120.808127,28,64346.249624
-124.512984,24,64356.556198
-102.539631,16,64362.928834
-207.000259,20,64372.282783
-241.016617,24,64382.00623
-180.217902,23,64391.328087
-182.992351,21,64400.071205
-240.026041,25,64409.363161
-149.22987,11,64414.27175
-136.509063,26,64426.358627
-205.228601,29,64437.924221
-288.790781,27,64448.611611
-137.428567,23,64459.522902
-228.913007,26,64472.247462
-194.222636,25,64481.732399
-186.758841,30,64494.031828
-134.671326,29,64505.210503
-117.03399,19,64512.741167
-274.203295,19,64520.610736
-107.05151,24,64529.744906
-146.406678,26,64540.812567
-203.787682,25,64551.953356
-208.899931,20,64561.261277
-97.364407,24,64570.534881
-99.580595,27,64581.737211
-212.387175,38,64596.222737
-171.303619,20,64604.733029
-151.759344,28,64616.047046
-208.395001,28,64626.404224
-106.706697,24,64635.930521
-199.378911,27,64649.24257
-235.78057,23,64659.632691
-184.301977,25,64670.287023
-275.717276,21,64678.630308
-278.670649,24,64688.264803
-157.843486,28,64699.905125
-279.47069,20,64707.921058
-160.116859,22,64716.869618
-113.673364,21,64725.806569
-180.375602,26,64736.025418
-170.24571,24,64745.602099
-155.029611,25,64755.414421
-115.707285,26,64765.576317
-200.386129,22,64775.865085
-114.757493,22,64784.328822
-167.895992,19,64792.138679
-163.233808,25,64802.089867
-158.964218,27,64811.556876
-100.226038,23,64822.012087
-194.916358,19,64832.257313
-192.439731,24,64841.916987
-126.800596,22,64850.313472
-110.794394,26,64860.617049
-126.31573,27,64873.240047
-211.47285,20,64881.208469
-184.573454,18,64889.784587
-163.46042,29,64901.203161
-188.216666,20,64908.75941
-112.680029,31,64920.888372
-200.0878,18,64928.0791
-238.288145,24,64937.904527
-121.403643,22,64946.823721
-75.093902,26,64956.7638
-82.018268,27,64967.444291
-192.712595,21,64976.497433
-155.830273,35,64990.514191
-230.825551,13,64995.70698
-98.220259,25,65004.773341
-105.170059,35,65018.828298
-164.678469,21,65026.789646
-235.46585,24,65036.541461
-235.719317,16,65043.073517
-158.755371,32,65054.850316
-213.931338,23,65065.365341
-154.827981,27,65075.945119
-148.93799,27,65086.897919
-312.74878,18,65094.136871
-235.739734,19,65101.501963
-124.11871,39,65116.634155
-189.175337,26,65127.0562
-101.340077,23,65136.23558
-210.854696,31,65148.062267
-219.442484,20,65155.676838
-164.283815,23,65165.252304
-210.480384,28,65177.469557
-133.527255,20,65185.41137
-120.207712,29,65196.518007
-132.124598,28,65208.016143
-184.715793,28,65219.491819
-240.681699,24,65229.484576
-155.1676,18,65236.521312
-121.919508,22,65245.534344
-215.998439,24,65255.86521
-193.003227,35,65269.641381
-125.473232,21,65278.341477
-218.940357,26,65288.958722
-227.469983,21,65297.448397
-119.269944,27,65308.059724
-181.685799,23,65316.032909
-206.227804,26,65326.606362
-147.937695,22,65335.257702
-117.049709,29,65346.692748
-93.493272,22,65354.620527
-93.198174,39,65370.84197
-92.705274,28,65381.04698
-205.255663,23,65389.941351
-150.106484,26,65400.264781
-183.484426,21,65409.025043
-265.201152,20,65418.690533
-134.479593,23,65428.906949
-107.927597,24,65438.332682
-262.602705,24,65447.913466
-213.348286,22,65457.459357
-168.10617,23,65466.725875
-237.267368,30,65479.446005
-187.118304,22,65488.57921
-106.940496,35,65502.26081
-277.361093,29,65514.118687
-194.836018,22,65522.930169
-193.547482,21,65531.262599
-175.109828,25,65540.652214
-129.233615,30,65552.400043
-136.708441,30,65564.361736
-137.076865,23,65573.725933
-250.702197,18,65580.879744
-102.828817,24,65590.223463
-160.024578,27,65601.410846
-96.245324,26,65612.013474
-139.812892,24,65621.962183
-125.464537,11,65625.863408
-193.085921,23,65635.417625
-204.500325,26,65645.562852
-106.975028,19,65652.279692
-191.812207,14,65658.014066
-178.194663,23,65667.921152
-180.297602,27,65678.542714
-208.089613,21,65686.789541
-319.442512,18,65693.842666
-124.312521,25,65703.999006
-188.58123,22,65712.279075
-110.20613,24,65721.476068
-135.487149,29,65733.034412
-74.407212,27,65743.443641
-86.212509,25,65753.158648
-168.075634,16,65759.941077
-173.584236,23,65770.186076
-154.950159,21,65778.177089
-130.784266,25,65788.133572
-131.339881,26,65798.330332
-215.776872,20,65806.530341
-198.768978,22,65815.289582
-267.372721,24,65825.324481
-124.474677,22,65834.292604
-173.685939,29,65845.227301
-116.099637,25,65855.861862
-82.878972,33,65868.527765
-111.370935,40,65885.189862
-117.823285,24,65894.138326
-156.205365,29,65905.013915
-130.821435,22,65913.726254
-147.037786,28,65924.829066
-252.504065,20,65933.08293
-167.250442,28,65943.405125
-117.77741,28,65954.333055
-134.75224,27,65965.16406
-116.126758,23,65974.48579
-161.022529,22,65983.09777
-134.364943,25,65992.609921
-187.897449,23,66001.640648
-177.967885,25,66011.346308
-171.518692,21,66019.239789
-145.530272,23,66028.722646
-141.832435,19,66036.031336
-183.612196,24,66045.875656
-259.484875,15,66052.557731
-285.610225,22,66061.024981
-139.42486,19,66068.451131
-138.857401,25,66077.87658
-86.511318,32,66090.403406
-111.23283,26,66100.714335
-116.639035,27,66111.275839
-229.018284,21,66120.110783
-130.813279,24,66129.48476
-260.53106,19,66136.463301
-93.09453,34,66150.566353
-90.098494,23,66161.218477
-199.82875,29,66172.391083
-121.485766,33,66184.92708
-146.965845,22,66193.915779
-172.039285,13,66198.970215
-235.96525,23,66207.662892
-206.515207,29,66219.385593
-162.856173,32,66231.933989
-114.128786,27,66243.094377
-94.694846,21,66251.552306
-107.147813,25,66261.156577
-182.691075,18,66269.266115
-169.150916,23,66278.250541
-153.406528,29,66289.426216
-220.354424,18,66297.466013
-94.672356,27,66308.997307
-113.966022,30,66322.325621
-66.802889,39,66337.847547
-158.360961,31,66350.218343
-142.090897,23,66358.840546
-157.818079,35,66373.053644
-214.646744,26,66385.066749
-172.0433,25,66395.580346
-116.52387,26,66405.371524
-84.785761,34,66572.852265
-224.098557,32,66587.141194
-209.702266,31,66599.213956
-121.133347,20,66607.8841
-203.522206,32,66619.73242
-133.339158,20,66629.185479
-133.158634,33,66642.922277
-202.200784,14,66649.926119
-105.63555,31,66662.002382
-156.54464,26,66672.48495
-176.486951,27,66683.272303
-101.931189,23,66692.270237
-59.379408,35,66705.955299
-197.688262,24,66715.491675
-130.969631,20,66723.023636
-164.148793,23,66732.478616
-169.898563,22,66741.610903
-225.339704,16,66749.329385
-132.014311,20,66757.181564
-335.339703,21,66765.957054
-132.268707,21,66774.168126
-148.699983,28,66785.503036
-156.580879,29,66797.283834
-88.21241,23,66805.994593
-116.789086,12,66811.134566
-172.586198,27,66822.083422
-85.454356,22,66830.916672
-230.532267,23,66841.19169
-199.34676,24,66850.53463
-203.216288,22,66859.081482
-189.105984,19,66867.460137
-230.905081,16,66873.729519
-205.7941,24,66882.278489
-167.000679,25,66892.055722
-201.589519,23,66901.33106
-107.742997,23,66909.929377
-128.508124,38,66925.62733
-144.248149,42,66942.35029
-221.587458,22,66951.270766
-157.493562,26,66962.032644
-142.969126,31,66975.487345
-185.932451,23,66984.573312
-222.260326,20,66992.49568
-204.103684,27,67002.900949
-212.281821,21,67011.909973
-115.446922,22,67020.331995
-117.14671,27,67030.93115
-108.588505,23,67039.367839
-126.57759,27,67049.756494
-217.835067,18,67057.048612
-149.869139,28,67068.623056
-184.799168,23,67077.981463
-223.579829,20,67086.515727
-232.283598,21,67095.904009
-101.188938,29,67106.394306
-119.490485,24,67115.931354
-85.019655,32,67128.195029
-236.727795,22,67137.007477
-165.908991,26,67148.442466
-230.009083,23,67157.112426
-169.135701,25,67167.087611
-182.337786,14,67172.802697
-132.710374,31,67184.810755
-115.652355,22,67193.160733
-94.312692,32,67206.727461
-169.84168,24,67215.32917
-89.691066,38,67230.588094
-189.783993,25,67241.652999
-118.404643,23,67250.000056
-110.57675,28,67261.05028
-172.335061,24,67270.344279
-84.269523,27,67280.828967
-157.679255,21,67289.58796
-169.416104,20,67298.525361
-182.384074,24,67309.500087
-184.082402,28,67320.368455
-112.709387,21,67328.423948
-224.214563,24,67337.764242
-142.550526,32,67351.107688
-241.498758,23,67360.250995
-118.230887,32,67372.570575
-237.23103,23,67381.557593
-154.570847,22,67390.106262
-159.956149,23,67400.673145
-118.939408,23,67409.352266
-221.444934,21,67419.900511
-266.965469,20,67427.925647
-175.917877,21,67435.637179
-167.737461,21,67443.671317
-149.479663,27,67453.847599
-138.488536,23,67462.722521
-156.862346,26,67472.68059
-175.799158,29,67484.56904
-165.534172,27,67494.921621
-129.020259,27,67504.878824
-179.128945,23,67514.086332
-144.769907,31,67526.623188
-140.927255,24,67535.93605
-183.734104,22,67545.713716
-101.316228,27,67556.210992
-164.890099,18,67564.143316
-188.531366,23,67573.43386
-175.652219,23,67584.660805
-224.835443,20,67592.417616
-97.149671,30,67606.036649
-204.273375,24,67615.473361
-115.457006,24,67625.613809
-132.958051,24,67634.566612
-185.380981,25,67644.712372
-153.447303,21,67652.777392
-74.975481,20,67660.604546
-74.589774,34,67673.622668
-182.367069,30,67686.005855
-130.659125,24,67696.06192
-114.232001,30,67708.251993
-139.370577,26,67717.852812
-152.793138,32,67730.461934
-243.187895,16,67739.288942
-225.765392,30,67751.204482
-90.217338,18,67758.31137
-236.451493,23,67767.199399
-91.876976,27,67777.886087
-165.334243,25,67787.514333
-127.132654,29,67799.088741
-156.154993,20,67806.896438
-140.953745,23,67816.088925
-148.998024,25,67825.501565
-219.613174,26,67836.359182
-175.742496,29,67847.763711
-195.83662,31,67859.851161
-195.986471,25,67869.632456
-155.839002,27,67879.53763
-119.683649,24,67889.742929
-207.354257,23,67898.634822
-134.199466,29,67909.730017
-156.841098,26,67919.723208
-125.408846,17,67927.548008
-193.743666,24,67937.236173
-231.399743,22,67947.215615
-115.884672,28,67958.742189
-131.916737,28,67969.98433
-190.809089,27,67980.334921
-98.589696,24,67989.86919
-109.530008,22,67998.61588
-130.92269,17,68005.712392
-65.386068,26,68016.495119
-188.771308,25,68026.669162
-332.800523,17,68033.201982
-193.760169,39,68048.773206
-188.87783,23,68058.092869
-175.577434,28,68068.843004
-157.943204,20,68076.911462
-134.320745,27,68087.127416
-127.217529,30,68098.718632
-178.484552,21,68107.456516
-97.46614,20,68115.572364
-309.428062,23,68124.351134
-131.234628,26,68134.546476
-242.956276,22,68143.451822
-212.255822,22,68152.724807
-119.726343,23,68162.137303
-214.663106,29,68173.705042
-110.88727,24,68183.178736
-135.132971,21,68192.659767
-152.283142,31,68204.236272
-139.531529,27,68214.488456
-223.446661,19,68223.561383
-124.198849,30,68234.747219
-166.459443,31,68247.023504
-152.478981,22,68256.123397
-175.326868,27,68266.528305
-96.055017,30,68278.39345
-156.874624,20,68286.097383
-156.073573,22,68295.804258
-144.964251,29,68307.908741
-113.244301,28,68322.675862
-138.793686,26,68333.838845
-156.420045,27,68344.368168
-207.420708,27,68354.706834
-219.287365,20,68362.317581
-149.68623,25,68372.554631
-113.891504,30,68383.856467
-184.66828,32,68396.669229
-180.320376,25,68406.50166
-163.831496,23,68414.708252
-151.146949,32,68427.446019
-177.703973,21,68436.454625
-109.291716,26,68446.585935
-139.240226,30,68458.037139
-108.170239,23,68466.441819
-140.679164,14,68471.942371
-132.110338,31,68484.484284
-127.225194,30,68496.697584
-249.038223,19,68504.625128
-245.150059,23,68514.096531
-184.991085,27,68525.721497
-146.62115,36,68539.856436
-157.630417,26,68550.120504
-201.33047,21,68558.448701
-177.959589,23,68566.834365
-82.633556,37,68581.423088
-116.205164,25,68590.741112
-110.954048,26,68601.707642
-93.061602,24,68611.778225
-220.55652,15,68618.879853
-199.89154,26,68630.357187
-84.695064,26,68640.74036
-229.522747,21,68649.154901
-89.448817,26,68659.588034
-99.604492,39,68675.136947
-185.838392,19,68684.189767
-115.640811,28,68694.938795
-201.73181,27,68705.993172
-200.098504,18,68713.890072
-193.280215,24,68723.284411
-152.496824,29,68734.505736
-145.891657,26,68744.483882
-114.694447,29,68755.345661
-151.244605,30,68767.829254
-221.894818,22,68777.474888
-130.017746,24,68787.16918
-123.219957,32,68799.406868
-143.18993,25,68809.363105
-220.513777,21,68817.791335
-186.73777,21,68825.954917
-197.667994,28,68838.437626
-293.858773,25,68847.804862
-105.301648,32,68860.39652
-94.391354,25,68870.034954
-119.351588,25,68879.686369
-129.444146,30,68891.544768
-161.039172,31,68903.964769
-87.038331,30,68915.734158
-185.151141,24,68925.914884
-143.479183,26,68935.799635
-107.00723,27,68946.309498
-147.312953,25,68955.751284
-101.276065,32,68967.731213
-138.05107,28,68978.535847
-193.695106,24,68988.127537
-199.437397,17,68994.874427
-113.668392,41,69011.050464
-187.727693,27,69021.119645
-148.963021,25,69030.486129
-131.361391,25,69040.690214
-87.835104,30,69052.478185
-232.048847,20,69060.600688
-129.144316,27,69070.666442
-94.536129,28,69081.185856
-196.20241,29,69092.849307
-215.533239,20,69100.278831
-117.138232,19,69108.488605
-227.465109,24,69118.47349
-170.126117,15,69124.511396
-144.603362,27,69134.1565
-129.501921,37,69149.805996
-110.814294,26,69160.030249
-143.678617,22,69169.247552
-142.954331,32,69182.311695
-131.118619,32,69195.059354
-126.75995,24,69204.381016
-154.697721,30,69216.157594
-170.772831,26,69226.775993
-157.398612,24,69235.997133
-89.480992,28,69246.84269
-244.827847,22,69255.014225
-219.871669,22,69263.172114
-137.361117,20,69271.398709
-125.791695,23,69280.468389
-294.816458,21,69288.731572
-213.492534,26,69300.655513
-175.179324,26,69313.112983
-203.692761,17,69320.747128
-144.258893,27,69331.66315
-183.66744,20,69338.668838
-168.06253,27,69349.872197
-77.071553,35,69363.682302
-170.455111,26,69373.935493
-270.840298,24,69383.388402
-96.515849,28,69395.715758
-209.290355,21,69403.469
-121.372193,31,69415.787708
-144.34437,28,69426.492092
-180.522386,26,69437.288547
-158.320128,28,69448.230482
-172.807696,24,69458.309516
-195.265005,26,69468.510702
-205.515383,29,69479.784416
-132.725878,23,69488.277202
-186.531357,24,69498.934025
-105.529135,29,69509.843095
-106.965371,26,69520.380599
-124.876689,41,69533.853802
-62.863242,31,69546.04237
-117.860328,20,69553.019694
-246.583103,21,69560.701516
-146.078703,38,69576.135535
-234.133653,17,69582.402275
-133.871222,27,69593.255728
-125.118516,23,69603.285018
-107.63084,24,69612.620135
-178.160426,20,69620.230335
-59.140073,36,69635.266022
-262.001731,24,69644.659808
-232.22651,29,69656.347969
-62.446753,28,69668.639255
-101.832342,26,69678.672747
-185.160594,24,69687.992426
-114.193743,33,69701.757155
-188.797065,23,69712.000067
-97.24429,27,69722.356081
-191.303147,20,69729.864014
-174.085794,31,69741.856971
-115.849026,24,69751.711499
-144.587691,28,69762.119857
-97.809036,49,69781.523324
-135.828753,25,69790.730785
-215.067321,22,69801.623016
-109.135536,22,69810.573719
-173.909296,20,69818.879896
-201.405354,30,69830.716429
-168.521045,28,69841.714137
-255.868173,17,69848.014789
-76.301253,31,69859.966106
-175.312475,20,69867.867923
-149.392706,28,69878.600473
-122.947596,26,69890.575755
-116.155738,26,69900.757476
-144.326165,29,70080.423567
-142.852709,29,70091.525255
-109.704152,21,70099.719671
-210.752483,24,70108.862269
-115.874456,36,70122.729706
-211.7097,17,70130.46523
-102.610102,29,70141.864191
-299.141822,28,70152.241128
-194.873598,20,70160.771977
-163.671059,27,70173.884417
-322.82138,22,70182.258919
-359.607209,22,70190.934018
-101.118054,30,70202.460591
-141.270734,33,70213.570014
-92.423424,26,70223.544547
-124.70674,28,70234.328908
-118.689495,32,70247.153738
-123.693857,27,70258.95002
-180.673916,27,70269.667678
-166.958979,18,70276.15363
-121.963436,20,70283.748011
-70.495524,29,70296.253852
-291.134586,13,70304.411505
-136.048299,21,70312.816379
-92.719053,23,70321.712816
-76.008467,33,70334.686043
-150.776485,34,70347.604824
-191.449694,21,70356.880802
-188.815424,21,70365.018479
-111.178047,30,70376.905194
-189.503431,26,70387.404442
-140.13293,28,70398.214393
-84.214635,25,70408.880926
-188.325387,26,70418.912797
-217.42066,25,70428.414827
-171.270672,25,70438.127899
-87.900564,27,70448.414616
-100.86209,28,70458.997258
-109.864561,29,70469.506948
-123.392006,22,70479.419023
-52.490634,34,70492.44356
-177.92909,23,70501.257011
-211.094285,24,70511.090128
-250.149102,18,70518.238228
-236.204941,18,70526.880752
-165.768693,29,70538.74697
-116.491686,39,70553.302972
-141.58159,32,70565.388791
-134.107241,30,70577.038924
-108.13567,30,70588.631452
-122.719879,27,70598.49606
-114.126108,32,70612.072719
-189.668265,19,70619.71447
-174.613794,23,70628.870564
-91.473242,24,70638.591025
-245.860599,21,70646.181998
-118.366983,23,70655.529049
-134.672113,24,70665.360409
-102.652305,17,70672.60782
-176.692759,26,70682.797768
-208.726309,22,70692.262481
-156.698564,30,70704.442487
-142.079557,32,70718.77623
-131.21403,30,70730.554623
-91.328964,30,70741.853156
-121.805592,21,70750.022614
-171.957725,36,70764.121018
-170.093835,31,70776.605714
-163.080224,25,70786.089226
-85.935792,24,70795.313371
-196.993727,33,70808.926226
-147.316435,24,70818.35601
-101.493737,28,70829.007912
-127.285579,19,70837.545375
-71.3724,34,70850.647296
-142.560354,33,70863.665551
-140.948984,28,70874.049759
-195.644915,22,70883.660815
-203.330198,23,70893.793836
-189.795278,27,70906.497026
-109.688064,35,70919.866754
-112.731229,24,70929.468381
-127.592368,29,70942.082373
-212.587948,20,70951.198942
-77.751257,30,70963.116224
-98.851566,35,70976.614558
-104.195806,29,70987.899037
-168.025681,30,70999.819817
-117.427355,23,71008.106847
-145.006239,47,71024.652646
-182.932774,31,71037.778204
-111.064537,37,71054.757089
-158.140089,26,71065.577232
-71.077657,38,71080.369995
-67.320761,28,71090.793002
-189.575994,25,71101.34586
-286.5697,23,71110.612887
-103.108878,37,71124.876015
-179.242428,32,71137.67196
-153.310227,25,71147.894737
-171.300334,25,71158.311284
-83.472614,28,71169.685683
-153.520256,33,71182.692745
-69.503393,29,71194.222476
-92.148717,35,71207.917175
-205.613556,18,71216.349816
-160.978824,24,71225.881772
-214.517378,22,71234.548764
-165.995584,25,71244.127676
-253.895098,20,71252.479907
-153.786343,31,71264.910051
-263.989323,15,71271.094118
-128.595494,24,71281.761503
-134.252625,32,71294.182264
-113.949919,21,71303.264269
-86.423767,26,71313.8543
-181.169362,23,71322.928329
-207.978179,28,71333.699822
-192.980234,29,71346.125414
-119.158669,28,71357.027169
-120.151199,28,71366.908443
-90.107415,29,71378.043293
-256.163233,15,71384.219093
-198.962742,29,71396.46896
-73.722935,23,71407.607023
-110.534789,22,71416.161363
-124.107366,21,71424.725216
-195.26282,21,71433.13466
-136.579954,37,71448.050001
-90.872334,35,71461.848362
-90.231344,29,71472.843955
-126.616332,25,71482.337385
-139.53042,30,71494.135214
-82.723546,27,71504.770861
-216.19469,16,71511.191807
-197.180134,23,71520.491269
-76.911116,43,71537.096132
-231.886032,19,71544.580978
-163.67668,26,71555.375751
-114.789934,33,71568.742403
-100.945852,28,71579.86009
-83.414452,27,71590.292581
-202.575784,16,71597.515203
-178.31949,23,71606.705024
-103.136396,39,71622.083894
-201.417898,29,71633.314493
-157.88226,22,71641.333704
-91.515402,25,71650.995672
-151.162093,26,71661.502603
-300.545928,20,71669.449996
-80.898833,24,71678.947652
-122.169181,31,71690.440984
-159.075902,18,71697.692072
-76.535764,38,71712.023992
-94.41815,29,71723.175201
-166.612351,37,71737.833969
-186.59869,26,71747.994184
-164.026384,26,71758.373102
-134.123707,28,71768.807866
-191.573983,23,71777.664007
-135.35747,20,71785.627964
-212.239296,21,71793.773202
-103.15858,27,71804.191353
-182.154293,22,71813.410613
-141.719281,28,71824.502455
-144.321061,27,71835.461115
-119.926757,26,71846.142066
-84.935409,30,71857.166074
-102.435614,23,71866.365134
-98.401958,29,71877.814369
-104.841034,27,71888.871642
-141.963259,25,71898.857161
-129.593856,33,71912.561811
-119.739152,21,71920.479284
-131.434834,24,71930.432771
-120.718321,39,71945.680567
-73.44373,30,71956.997769
-96.424171,35,71971.217913
-203.312627,20,71979.14005
-132.782929,28,71990.62844
-171.303139,24,72000.345335
-75.981639,32,72012.451699
-123.727363,25,72022.02453
-125.46556,31,72033.881413
-116.440414,37,72048.112933
-115.901118,24,72056.849393
-96.953865,28,72069.827247
-134.654423,27,72080.48955
-203.934509,22,72089.441174
-92.81452,27,72101.638379
-144.149546,32,72114.880341
-219.277845,18,72121.657802
-198.977777,30,72133.788362
-98.892709,32,72146.328402
-79.764028,29,72158.772696
-146.098362,30,72170.492591
-99.488631,34,72183.056611
-156.11932,32,72195.364981
-112.600679,24,72204.13134
-74.291566,34,72218.006283
-147.657928,35,72232.361056
-175.833004,20,72240.33709
-88.171451,27,72250.320838
-135.173162,22,72258.477153
-137.01193,25,72268.128817
-226.262233,21,72276.045216
-228.039383,21,72284.455218
-117.44743,27,72295.767002
-138.92614,31,72309.08376
-190.112759,36,72326.257137
-99.187293,25,72338.855854
-226.770294,21,72347.397676
-128.711953,21,72355.303132
-125.625575,26,72365.503651
-197.916919,29,72377.608204
-87.964007,23,72387.003143
-119.985973,29,72398.395635
-189.668036,18,72405.09961
-169.044393,23,72415.904953
-174.500768,27,72427.070381
-78.240669,32,72438.98383
-194.918059,18,72446.288518
-129.739796,33,72459.571028
-103.259736,20,72467.225107
-210.310985,26,72477.79586
-70.992718,28,72488.943511
-164.839416,36,72503.513775
-232.236335,19,72511.257976
-103.391084,41,72526.574191
-157.018417,29,72538.108511
-110.638779,30,72549.370138
-78.933562,35,72563.943569
-127.002575,32,72576.586088
-193.920537,24,72586.24344
-98.784407,22,72595.076941
-140.132038,29,72606.688571
-125.482306,36,72620.194612
-90.051995,31,72632.618321
-234.20563,20,72640.708413
-125.262057,25,72650.530732
-165.968639,23,72660.168495
-120.747464,31,72673.110124
-135.214715,23,72681.971629
-76.538495,32,72694.202517
-98.38689,32,72706.652257
-183.690039,22,72715.803322
-216.20717,24,72724.752996
-138.35801,29,72736.062054
-78.792948,30,72747.829956
-74.958845,35,72761.150316
-204.823137,18,72769.076972
-189.188479,26,72778.897599
-117.959121,28,72790.595487
-180.882918,23,72799.982379
-167.064035,27,72810.326071
-156.266983,19,72817.644822
-160.705832,25,72827.299102
-111.700614,30,72839.848945
-187.251748,26,72849.577981
-112.321737,39,72864.042447
-222.522487,23,72872.579464
-177.931218,23,72881.567262
-180.573455,32,72894.156978
-113.993968,36,72908.165915
-124.296137,41,72924.282897
-122.519636,24,72933.532599
-95.613823,35,72949.299148
-193.107706,28,72959.848064
-104.370238,15,72966.475698
-148.785625,22,72975.256937
-237.213823,15,72981.258916
-121.921758,29,72992.734744
-227.582393,25,73003.980599
-151.611789,25,73013.847002
-83.376906,29,73025.422939
-172.676299,25,73034.520164
-177.870541,26,73044.796466
-119.591599,29,73056.073338
-166.904875,22,73065.405121
-86.284147,26,73077.441385
-50.859111,43,73093.915393
-96.064675,28,73104.472749
-215.20388,25,73113.803792
-251.543113,21,73122.552971
-210.259458,25,73132.554279
-101.683901,26,73142.704503
-85.512655,34,73155.306282
-123.054907,31,73167.760204
-87.748229,27,73178.143341
-109.028055,27,73188.90337
-98.61446,44,73206.327751
-82.727358,30,73218.157548
-104.017594,37,73232.719696
-78.241168,29,73244.115971
-149.329078,40,73259.555138
-84.045159,30,73271.685055
-237.91819,19,73279.512843
-144.626638,25,73288.873588
-84.175578,23,73297.85067
-95.091233,34,73310.885692
-94.293911,33,73323.714821
-87.149509,48,73342.502541
-216.191727,19,73351.388958
-111.793994,26,73360.929966
-181.448425,21,73369.410624
-208.596411,24,73378.714284
-141.457329,27,73390.180543
-137.07142,26,73587.973821
-114.118077,35,73601.740531
-136.151683,31,73613.351909
-236.806411,27,73624.612693
-223.36592,23,73633.396539
-102.189502,28,73646.942128
-123.853123,38,73661.370763
-106.447102,32,73673.376227
-147.911176,24,73682.888254
-221.888355,17,73690.097336
-75.443153,32,73702.201612
-125.147975,35,73716.179547
-89.026538,24,73725.224284
-158.064084,38,73739.746188
-171.064218,27,73750.590205
-196.512023,20,73758.010359
-102.079197,27,73768.576502
-104.596699,20,73777.098683
-174.226664,28,73788.199739
-110.424461,26,73797.906567
-248.387861,29,73808.985936
-124.079587,31,73820.519386
-189.030295,28,73830.794078
-84.15122,39,73847.19418
-181.841152,22,73856.437912
-206.707274,29,73867.505317
-150.821522,36,73881.448468
-156.39769,33,73894.156522
-189.718911,24,73903.194714
-87.380087,26,73912.933445
-184.836557,24,73922.241055
-196.854361,24,73932.026796
-295.675527,23,73944.394723
-122.633791,30,73957.590772
-213.275927,21,73965.861514
-140.47474,28,73976.433157
-183.304876,23,73985.575025
-138.733394,29,73997.997035
-186.220216,18,74004.562829
-104.883919,28,74015.304984
-199.68509,20,74024.185031
-85.558495,33,74037.08223
-228.708834,17,74045.210764
-130.189792,29,74055.966671
-119.652703,34,74068.6203
-96.527346,25,74078.76288
-190.412758,27,74089.382252
-108.737781,30,74101.254997
-283.045384,23,74110.50033
-58.624121,37,74126.318019
-176.46225,34,74139.96249
-110.281371,27,74151.199058
-93.249969,23,74160.279205
-137.357815,26,74170.42342
-95.644585,32,74183.314863
-64.206784,44,74198.396456
-233.000147,21,74205.480265
-93.515763,35,74217.563766
-218.388606,22,74225.607901
-119.052434,32,74236.598782
-104.990302,30,74246.260612
-125.267187,29,74255.681148
-160.582904,26,74265.061683
-116.862568,21,74271.687163
-172.330995,33,74282.769396
-98.78896,31,74292.550526
-144.270467,29,74302.807478
-110.565099,24,74310.83775
-192.951588,30,74320.528811
-118.841369,37,74332.247991
-127.983283,30,74341.822981
-63.150582,46,74356.97957
-205.957236,35,74368.860149
-107.757079,32,74379.279165
-175.688219,27,74387.986578
-164.119837,24,74396.534546
-132.265242,23,74404.205197
-197.673232,25,74412.768789
-84.14516,33,74423.214227
-94.95121,25,74431.650358
-221.900742,21,74438.523877
-126.470784,25,74446.39693
-139.114942,22,74453.873318
-143.469229,26,74463.025119
-131.887653,31,74473.344826
-142.750772,33,74484.66197
-140.866164,26,74493.208404
-120.695467,34,74504.31079
-121.600778,32,74514.635192
-115.777944,33,74526.135141
-112.631643,30,74537.353449
-151.216359,24,74546.580752
-109.430464,25,74554.530658
-137.901137,33,74565.442242
-215.265308,21,74572.221417
-186.172343,25,74580.025955
-207.442888,20,74586.944718
-188.633282,28,74596.580187
-76.338224,32,74607.378041
-184.840874,34,74618.752712
-96.993693,33,74629.308484
-131.096469,24,74636.289287
-128.385669,28,74645.505615
-96.766978,31,74656.220844
-146.934298,24,74663.928495
-82.59556,35,74675.331928
-107.959237,16,74680.410704
-151.56562,29,74689.975251
-207.210878,20,74697.17778
-151.393166,30,74707.166332
-206.57625,24,74715.712445
-85.158599,24,74723.864571
-72.514392,36,74736.37214
-79.194931,31,74746.363762
-181.364648,19,74752.794216
-77.914807,32,74763.005943
-67.039323,35,74774.603191
-154.182812,38,74786.918436
-128.814596,25,74794.836605
-155.252073,35,74806.341565
-137.92515,24,74814.129847
-108.486939,34,74825.2291
-85.359123,32,74836.263779
-138.498752,33,74846.992854
-236.506995,27,74856.764229
-175.850749,24,74864.841739
-191.331202,22,74872.292799
-126.219194,24,74879.796712
-141.081225,29,74889.771369
-156.6735,20,74896.70343
-76.949195,36,74908.360036
-140.010645,30,74917.954259
-133.112263,29,74927.533281
-122.627972,27,74936.360234
-110.010514,25,74945.176535
-64.851503,29,74955.033653
-170.828089,29,74964.039292
-178.561256,25,74972.363362
-213.936309,21,74980.113128
-102.480666,28,74989.185809
-78.673893,30,74998.964757
-176.984385,39,75012.152296
-142.038197,27,75020.600311
-147.799022,25,75028.961986
-359.390155,15,75034.463487
-75.930867,28,75043.811576
-104.353552,34,75054.749531
-105.646473,22,75062.363661
-161.115181,26,75071.103293
-148.007356,26,75079.52125
-131.183037,31,75089.427229
-197.129047,19,75095.716798
-139.918899,29,75105.102995
-127.798112,35,75116.374752
-136.677345,24,75124.38262
-75.843027,41,75137.564831
-145.479528,27,75145.994215
-114.892698,26,75154.245559
-136.10922,28,75163.510759
-104.988975,28,75172.494414
-78.977866,31,75182.941318
-200.255974,18,75188.751059
-191.928257,26,75197.335529
-83.820566,40,75210.472855
-153.352854,34,75221.648496
-151.128914,27,75230.591364
-86.90496,41,75243.700988
-151.823209,23,75251.166729
-64.828536,35,75263.254627
-103.806122,24,75271.27801
-87.654733,27,75279.875401
-157.311542,36,75292.312179
-82.386571,29,75301.855752
-169.638559,28,75311.765252
-107.783969,32,75322.332705
-118.587083,28,75331.630686
-112.052367,30,75342.138954
-176.688238,32,75352.478174
-95.075826,38,75364.514446
-134.561514,12,75368.893775
-132.78636,31,75380.043684
-91.966462,37,75391.888814
-86.872298,34,75402.797305
-110.811064,26,75411.189422
-134.35703,35,75422.664853
-115.303027,32,75433.049033
-95.030204,27,75442.375172
-82.587795,32,75453.137158
-92.949779,25,75461.195246
-169.767958,27,75469.970577
-230.631153,20,75477.430336
-217.192337,20,75483.881637
-183.93227,22,75492.180059
-106.606128,26,75500.568626
-137.097335,31,75510.98706
-103.227052,32,75521.794621
-109.561308,28,75530.827399
-121.987866,21,75537.743493
-119.146774,26,75546.179563
-133.418268,37,75558.680375
-219.67426,22,75565.814435
-161.172772,31,75575.972084
-200.017981,20,75582.884366
-115.40083,30,75593.657279
-126.537861,32,75604.072061
-126.654198,32,75614.937515
-147.801038,32,75625.736173
-280.976758,19,75631.99725
-143.501343,23,75639.354336
-157.944949,27,75648.723531
-146.048284,31,75658.731137
-116.436283,24,75666.704528
-75.918347,30,75676.723213
-175.677224,22,75683.396435
-212.777377,22,75691.463457
-269.989649,21,75698.692528
-59.043658,38,75711.970898
-135.392036,32,75722.424366
-195.486206,27,75731.101279
-195.668313,26,75739.875307
-57.971357,30,75749.609094
-92.305634,28,75759.027557
-103.304563,27,75768.335693
-148.861208,35,75779.666866
-105.866729,26,75788.211853
-91.609577,27,75798.232476
-109.848521,22,75805.15845
-177.207283,22,75813.239471
-111.636848,25,75821.614527
-193.286298,28,75830.553292
-77.395257,26,75838.515772
-149.922108,24,75846.159925
-177.278,28,75858.026738
-115.117187,34,75870.121495
-149.199614,31,75880.262644
-154.1057,28,75889.853153
-127.174206,36,75901.506104
-136.252267,28,75910.360984
-81.303758,24,75918.186483
-102.687043,25,75926.541596
-145.235152,21,75933.24599
-95.922871,29,75943.02683
-113.227145,28,75952.146359
-191.327474,29,75961.648541
-142.329482,33,75972.226305
-187.445266,25,75980.372516
-97.47713,25,75988.435332
-170.036864,26,75997.391758
-129.072772,29,76006.90691
-207.59794,16,76012.489975
-119.287384,30,76022.236942
-114.934597,34,76034.218591
-202.772634,18,76042.319875
-145.766877,25,76050.530176
-111.250609,28,76059.777934
-106.180184,32,76070.037442
-101.584803,24,76077.565203
-106.683118,33,76088.273878
-125.071763,25,76096.568311
-127.854925,38,76109.089162
-139.325347,30,76118.70496
-145.461395,34,76130.043118
-165.079566,22,76137.471823
-66.174748,39,76149.979787
-153.372433,40,76163.345357
-98.363753,35,76175.033237
-158.145084,25,76183.014402
-118.381835,29,76192.365906
-71.411504,36,76203.918026
-206.287246,21,76210.741726
-130.433486,33,76221.641229
-104.053228,36,76232.820761
-133.341582,22,76240.093665
-197.32936,30,76249.7071
-105.482688,24,76257.517853
-73.05492,42,76271.602664
-96.800843,32,76282.021982
-118.9032,26,76292.462131
-127.221894,26,76300.86875
-154.695603,29,76310.070258
-89.993847,26,76318.501515
-204.77334,21,76325.78319
-109.569548,22,76333.397487
-139.674115,29,76343.405521
-122.68287,37,76355.907907
-80.985633,29,76365.266655
-102.87798,27,76373.846812
-91.074829,29,76382.69303
-64.984915,32,76393.924615
-115.818837,27,76403.076368
-74.270987,33,76413.621264
-106.188533,36,76425.20613
-146.226255,31,76435.299585
-97.162216,25,76444.058968
-102.519678,27,76453.041971
-95.77346,27,76624.411077
-79.521615,34,76636.006089
-116.23974,31,76645.942247
-122.84427,24,76653.404578
-220.172674,20,76660.398719
-179.423209,27,76669.403642
-245.378154,19,76676.401005
-189.862584,25,76684.137172
-142.111241,28,76693.410444
-124.15476,39,76706.204582
-124.767675,26,76715.120087
-153.778238,30,76724.732907
-124.734653,36,76736.372363
-108.081631,34,76747.549573
-155.342835,35,76759.136677
-176.955069,24,76767.416502
-69.79366,33,76778.001478
-239.042179,22,76785.172536
-157.472844,28,76794.261395
-54.756504,31,76804.215718
-129.648211,17,76809.76773
-151.211845,23,76817.573917
-134.230675,20,76823.93302
-148.786318,33,76834.647769
-70.87791,33,76845.634276
-95.301403,30,76855.340277
-73.254527,35,76867.361522
-88.948779,26,76875.689703
-46.557461,36,76887.341055
-76.897766,41,76900.332318
-126.651536,30,76910.126106
-85.706068,34,76921.109096
-159.4724,28,76930.609274
-162.408947,38,76943.432724
-79.400902,36,76955.232434
-103.925763,21,76962.171532
-135.070656,25,76970.206517
-107.803509,37,76982.30406
-228.836022,15,76987.243819
-85.18871,28,76996.829767
-105.707856,54,77013.919339
-197.05028,25,77021.76362
-89.353481,33,77032.995042
-67.956865,37,77044.887158
-168.731797,29,77055.429559
-85.28184,25,77063.611901
-98.082181,29,77072.934744
-131.960427,41,77086.064699
-100.378145,26,77094.604605
-201.699308,24,77102.537197
-155.673675,33,77115.152621
-138.403037,24,77123.778606
-161.860669,33,77134.747598
-151.22595,28,77144.365564
-93.878905,30,77154.943687
-125.483599,21,77162.131851
-99.678026,42,77175.699373
-136.429059,27,77184.651579
-99.327698,34,77195.520026
-164.325849,40,77208.355398
-213.199903,18,77214.315536
-110.584096,25,77223.533848
-95.716788,33,77234.140354
-101.431632,26,77242.617108
-118.776482,31,77252.523572
-88.055081,27,77261.289705
-99.221765,34,77272.503674
-193.167682,22,77280.053199
-104.318687,18,77286.391985
-97.460819,24,77294.783731
-69.406205,34,77305.974848
-152.026969,23,77313.003497
-130.88912,25,77321.306648
-111.930135,30,77331.207614
-136.037522,24,77339.202709
-156.856843,27,77348.152608
-203.678761,18,77354.192382
-53.638206,39,77367.338332
-74.850606,38,77379.471467
-260.279213,29,77389.388666
-141.259419,22,77396.950994
-213.477847,28,77405.932578
-94.26181,24,77414.099573
-137.820785,30,77424.255877
-87.143094,30,77434.358812
-174.821543,31,77444.229958
-173.422619,18,77450.448008
-194.102497,25,77458.448814
-55.263576,30,77468.143073
-142.247671,32,77479.435067
-230.503052,19,77486.166178
-114.105029,29,77495.392238
-125.142252,37,77507.189131
-100.451712,29,77516.292467
-38.079745,50,77532.702619
-112.054319,41,77546.479209
-85.58612,31,77557.180834
-111.857362,16,77562.622032
-122.60221,29,77571.862823
-164.799672,30,77581.373262
-103.206257,33,77592.115268
-108.186271,23,77599.684086
-85.597306,35,77611.0869
-271.71341,16,77616.973273
-137.500501,33,77628.463827
-220.78301,23,77635.937772
-126.813813,31,77645.966616
-149.973489,26,77654.972035
-139.281743,32,77666.271628
-81.889248,29,77675.828724
-93.232242,32,77686.023036
-111.003359,36,77697.755392
-81.786892,25,77705.461087
-91.196734,33,77716.647576
-86.925642,34,77727.694929
-288.868968,25,77735.421428
-155.469983,29,77744.677593
-157.771216,29,77754.352319
-112.381162,29,77763.643157
-117.298748,31,77773.896706
-64.680931,30,77783.740852
-111.628605,39,77797.181008
-148.127016,28,77806.348531
-269.571238,26,77814.905334
-79.064892,36,77826.611931
-105.007927,25,77834.809665
-133.771897,20,77841.889033
-64.202907,28,77850.966764
-139.33237,33,77861.463341
-175.438209,42,77875.047997
-163.504218,35,77888.455909
-84.270463,36,77900.394044
-90.516624,37,77913.071851
-78.516944,40,77926.093879
-75.489853,28,77935.01907
-194.072304,27,77943.759247
-136.511439,25,77952.855195
-100.653995,27,77961.974434
-91.752026,26,77970.302649
-257.009299,26,77979.240931
-157.119671,24,77994.36997
-126.676448,31,78007.483224
-217.652661,23,78016.118089
-175.198537,25,78026.979584
-113.600109,31,78039.441754
-105.449496,32,78052.198129
-121.055985,30,78063.058226
-139.907666,34,78075.64298
-106.817104,29,78085.702823
-180.29481,26,78094.247451
-139.150138,26,78103.037522
-55.70587,34,78114.981994
-208.37689,27,78123.755256
-118.394669,26,78132.400504
-189.552774,25,78140.646885
-180.402616,28,78149.796656
-186.489938,26,78159.028217
-143.285292,16,78164.439836
-104.776803,26,78172.533546
-78.320276,27,78181.775483
-126.579618,34,78193.276563
-87.391708,34,78204.359432
-122.633849,31,78214.896742
-126.744412,33,78226.074605
-83.316226,31,78236.224823
-79.557255,25,78244.429405
-65.536231,35,78256.685637
-115.24205,26,78265.955276
-83.50858,38,78278.65511
-199.949404,15,78284.242395
-107.339658,38,78296.776556
-221.44919,27,78306.131723
-74.8205,36,78319.088223
-80.68523,32,78329.609271
-122.54534,35,78340.833701
-161.747585,28,78351.068975
-98.306074,28,78360.323977
-115.235061,29,78370.022804
-185.293965,26,78378.627138
-259.38098,28,78388.172864
-115.633105,24,78396.129684
-184.823295,22,78404.128051
-101.718874,27,78413.02022
-107.729749,29,78422.516119
-149.559667,27,78431.346656
-153.240707,33,78442.170559
-83.600957,31,78452.189503
-266.95694,23,78459.763111
-196.685786,28,78468.941527
-196.251513,31,78479.679907
-102.157603,48,78495.354856
-83.696058,21,78502.521851
-83.161193,28,78511.555231
-141.302088,33,78522.14023
-190.199469,19,78528.371096
-184.588639,22,78535.552434
-82.005477,39,78548.094873
-166.007795,22,78555.757607
-100.525488,34,78566.412965
-100.617051,27,78575.217974
-78.858574,28,78584.832702
-88.261991,37,78597.048331
-112.250799,21,78603.987119
-101.176939,35,78615.202551
-44.616319,55,78633.234634
-105.381578,43,78646.701156
-155.534461,31,78656.560096
-122.0748,35,78667.951157
-167.904659,30,78678.223906
-96.081947,28,78687.304677
-46.227533,42,78701.052348
-165.063612,30,78710.967568
-152.253975,34,78722.290153
-167.962672,32,78732.865232
-92.83184,21,78739.357678
-92.812195,33,78749.736729
-115.800921,24,78758.622607
-110.501634,30,78768.723728
-116.867538,26,78777.496458
-104.160982,32,78787.978512
-84.139908,43,78802.136385
-62.992277,39,78814.588672
-180.102886,29,78823.752928
-154.498713,30,78833.491455
-104.23578,26,78842.0406
-164.272249,31,78852.386765
-152.833298,37,78865.188395
-157.614599,31,78875.152093
-100.582279,29,78884.261139
-104.921849,33,78894.955193
-137.364199,35,78906.44374
-101.564243,27,78915.00677
-88.364682,36,78926.816976
-157.358242,36,78938.561424
-110.511873,23,78945.847105
-48.647198,45,78960.576751
-84.319733,29,78969.772338
-129.863567,25,78978.162746
-53.737259,35,78989.714161
-15.587034,52,79006.687561
-169.141219,29,79016.178631
-96.672406,35,79027.759882
-85.173428,28,79037.326073
-73.896227,30,79046.825204
-120.923025,34,79057.592488
-108.056955,41,79070.920996
-95.290642,30,79081.311533
-157.64265,27,79090.30673
-128.234242,27,79099.196673
-24.768813,48,79114.65483
-88.910635,31,79126.054563
-179.448575,26,79134.305249
-92.659142,31,79144.368436
-159.814374,29,79154.299131
-70.004998,39,79167.390427
-184.125043,30,79176.786174
-136.540044,24,79184.862086
-173.852568,27,79193.426543
-62.885361,43,79206.990292
-166.189881,34,79218.816145
-181.47467,24,79226.535528
-150.285463,38,79238.723652
-104.083885,44,79253.0196
-103.159273,42,79266.949428
-144.589488,19,79273.382715
-79.519409,31,79283.191403
-46.163766,36,79294.710994
-120.963546,33,79305.218533
-88.999496,41,79318.53452
-116.451087,35,79329.871936
-99.062447,24,79337.866531
-129.072364,39,79350.918588
-56.495664,30,79360.422982
-74.967042,32,79370.692048
-39.599602,41,79383.405802
-91.2495,39,79566.442013
-66.399524,36,79578.388407
-101.840566,31,79588.587857
-136.901832,34,79599.211748
-98.328482,24,79607.154771
-157.709277,28,79617.007227
-119.279345,26,79625.485583
-125.184487,32,79636.215538
-73.973142,42,79650.032706
-31.76923,44,79664.220353
-142.044305,43,79677.995665
-67.650226,38,79690.331825
-107.763967,28,79699.384956
-170.128998,34,79710.982331
-191.138789,23,79718.245561
-79.02028,32,79728.726376
-132.05537,27,79737.97501
-110.683315,32,79748.599182
-113.187834,38,79761.290977
-152.243668,27,79769.827426
-149.56002,58,79788.467543
-95.247682,26,79796.741318
-67.606668,29,79806.349156
-55.526848,33,79817.60885
-90.487412,28,79826.03398
-163.361554,22,79833.653838
-107.705068,30,79844.1107
-107.365165,29,79853.705924
-67.494968,36,79865.431582
-77.615529,32,79876.227933
-113.866917,32,79886.474464
-209.654045,24,79894.048382
-41.202833,45,79908.940469
-110.377046,34,79919.835707
-135.698718,26,79928.912985
-78.280832,29,79937.998212
-174.076021,32,79948.047994
-112.793399,35,79959.190356
-197.404377,29,79968.899272
-113.330841,17,79975.110504
-99.872973,32,79985.720067
-139.26195,32,79996.513403
-153.379286,29,80005.85338
-108.437319,25,80014.478594
-71.740121,50,80031.45105
-98.671234,39,80044.21162
-80.089394,34,80057.463843
-112.923215,35,80069.359124
-102.525731,33,80080.623441
-132.364814,24,80087.979409
-176.784092,23,80095.363949
-118.767867,32,80105.20826
-164.66205,29,80115.191534
-48.582931,38,80127.297751
-182.391937,34,80138.897717
-196.330035,22,80146.077942
-92.725882,24,80154.063838
-110.487913,33,80164.953234
-70.535615,32,80175.733518
-105.659812,23,80183.535883
22.670101,64,80204.896554
-80.56171,35,80216.266402
-140.976128,29,80225.843143
-152.300716,25,80234.170188
-49.648644,32,80244.365602
-183.199498,31,80254.538239
-92.68468,29,80263.711336
-79.439461,32,80274.450989
-96.022248,25,80282.493271
-100.567058,28,80291.56239
-118.910582,36,80303.143939
-99.102623,30,80312.723515
-189.910569,23,80320.400898
-96.589641,43,80334.294907
-168.054947,30,80344.114018
-166.46115,25,80353.066898
-117.71726,41,80367.332856
-144.202648,31,80378.928117
-130.735418,26,80387.111346
-140.288112,20,80393.586715
-61.314267,37,80405.685464
-62.314638,36,80418.100545
-61.300985,52,80435.793079
-101.705855,32,80445.659837
-172.312433,39,80458.644665
-104.566323,45,80473.114508
-119.006483,25,80481.17356
-48.000179,30,80491.232605
-116.343757,31,80501.242704
-112.503203,30,80510.816415
-148.441037,37,80522.736405
-91.780424,33,80533.145542
-50.26568,40,80546.179839
-57.911093,35,80557.30394
-124.362203,31,80567.15085
-117.926903,34,80578.664119
-70.774115,34,80589.880442
-112.123488,38,80602.602164
-85.163777,38,80616.009196
-64.138172,42,80631.742861
-192.304915,22,80639.846863
-59.443671,39,80652.901615
-104.636765,33,80663.648104
-99.172301,26,80672.307356
-144.675034,37,80684.353756
-138.476677,36,80696.248438
-72.747966,41,80709.526752
-125.320759,24,80717.312038
-114.931484,31,80727.458841
-107.652219,28,80736.782027
-133.631685,30,80746.325494
-140.106836,20,80752.462582
-72.531069,35,80764.257578
-36.608597,43,80778.853556
-101.292127,11,80782.278601
-66.622617,35,80794.131454
-58.260818,34,80805.222569
-142.201418,26,80813.178581
-177.025339,33,80824.095298
-93.033586,37,80836.208646
-52.1212,40,80848.893544
-140.687489,39,80861.369412
-138.748383,25,80869.284524
-128.331679,39,80882.341704
-223.955099,20,80888.946183
-241.116503,24,80897.020362
-50.720517,45,80911.358067
-63.368206,41,80924.434754
-105.1689,28,80933.483184
-147.138053,34,80944.605307
-145.086034,37,80957.060477
-80.479595,34,80968.039296
-122.666985,26,80976.426721
-71.558684,38,80988.602741
-121.056243,38,81001.323339
-114.451103,35,81012.999053
-89.61562,29,81022.577572
-159.13134,31,81032.494
-175.758787,20,81039.762277
-120.016087,32,81050.586605
-90.888978,35,81062.384477
-75.272262,28,81072.046117
-96.970798,40,81085.134457
-100.341557,33,81095.516987
-68.740037,26,81104.253129
-234.810396,22,81111.476067
-129.055315,25,81119.339211
-63.528867,31,81129.613613
-151.74223,25,81137.841655
-166.274981,41,81151.803928
-63.026594,35,81162.903245
-64.584871,27,81172.116493
-186.315891,35,81183.461412
-147.321317,31,81193.499448
-97.154842,24,81201.262412
-104.129957,36,81213.188317
-55.77853,32,81224.140963
-103.380826,35,81235.4369
-122.487492,41,81249.633266
-84.747801,46,81265.264136
-153.547874,40,81278.972191
-74.06093,43,81292.806623
-98.84653,31,81302.912276
-45.101547,40,81316.248052
-299.833409,11,81320.172487
-76.975412,41,81333.033232
-79.31514,35,81344.689322
-62.597157,35,81356.070114
-168.549689,31,81366.095362
-71.189021,34,81377.001753
-122.428206,26,81385.613977
-133.603856,38,81398.07068
-127.943341,28,81407.357428
-56.377136,38,81420.454169
-56.332315,44,81435.3977
-115.218615,36,81447.107697
-73.719618,27,81455.839646
-53.643148,40,81468.712595
-43.727924,48,81484.59997
-74.316122,35,81495.932543
-66.545551,33,81506.514495
-186.704341,30,81516.241497
-74.717004,30,81525.9835
-140.078941,25,81534.186146
-60.037971,34,81545.579378
-155.840358,27,81555.030001
-145.786263,31,81565.231036
-105.671034,31,81575.884209
-112.540141,27,81584.522812
-88.311638,24,81591.940449
-92.022036,31,81601.992499
-138.624603,26,81610.396565
-119.531624,35,81622.080667
-94.100725,37,81633.655519
-151.736713,39,81646.925656
-90.912097,29,81656.176591
-79.639403,30,81666.016123
-86.686258,32,81676.566461
-176.488299,40,81689.362117
-92.10998,24,81697.095524
-61.435709,36,81708.35282
-126.374286,31,81718.60833
-165.811744,25,81726.828502
-138.922674,26,81735.267476
-151.327702,29,81744.862674
-50.803807,41,81758.261249
-73.845376,40,81771.284429
-99.817127,36,81782.954272
-110.625274,30,81793.061308
-141.572701,34,81803.631618
-223.211106,21,81810.482548
-71.733864,46,81826.783271
-125.716266,28,81835.696088
-57.563495,36,81847.942812
-88.511308,35,81859.819378
-165.55201,22,81867.800999
-183.699734,28,81877.399571
-62.490618,36,81889.949785
-40.970137,44,81904.396019
-153.109774,22,81912.000702
-39.001721,44,81926.07954
-42.350159,59,81944.990728
-108.28523,31,81955.150698
-114.186681,27,81964.200623
-87.264948,37,81976.429828
-53.320213,42,81989.760744
-0.652117,52,82006.692616
-85.866965,39,82019.066008
-147.274325,32,82029.327051
-83.514506,39,82043.100377
-63.60764,45,82057.312282
-121.168405,36,82069.387438
-84.430657,34,82080.673668
-103.702559,41,82093.887598
-111.728207,31,82103.808353
-54.820413,39,82116.29584
-53.377226,36,82128.092067
-110.027471,31,82137.844792
-65.752157,40,82150.963154
-71.789556,37,82163.151532
-53.865986,38,82175.61568
-74.374178,39,82188.306141
-82.76467,53,82205.479268
-191.774277,24,82213.650408
-119.956589,38,82227.367312
-66.603525,35,82239.185371
-144.372125,32,82249.716501
-156.317735,35,82261.222637
-74.476922,35,82272.436048
-145.180206,26,82280.890398
-52.15007,32,82291.610685
-39.578268,44,82305.878711
19.957911,61,82523.366309
-111.05282,31,82533.688225
-17.226688,60,82553.869943
-142.33384,30,82563.872459
-80.829043,37,82575.91094
-93.487577,26,82583.915777
-64.265146,35,82595.822245
-45.710895,36,82607.945106
-115.078108,26,82616.543783
-192.533507,18,82622.820248
-102.077206,37,82635.53089
-123.105172,35,82647.174215
-73.253779,29,82656.149172
-71.771641,38,82668.907495
-68.409065,42,82682.713945
-111.084814,39,82695.734296
-98.263708,33,82706.584433
-64.084445,35,82717.602591
-72.998801,35,82728.904356
-132.631629,32,82739.046911
-85.720827,30,82748.852099
-162.582358,25,82757.393707
-48.870944,36,82769.085074
-76.863516,30,82778.560519
-49.309196,43,82792.367316
-83.247454,33,82804.959234
-90.39095,31,82817.232285
-144.567439,27,82827.36229
-116.900259,45,82844.259058
-88.39304,31,82856.866556
-113.36957,33,82869.997437
-39.105714,40,82884.764091
-118.649424,34,82897.838723
-119.577974,38,82912.23812
-92.094038,36,82924.131697
-61.777825,33,82935.360757
-4.75944,56,82953.484325
-125.223744,53,82970.809326
-81.534025,39,82983.80285
-71.535847,35,82995.351783
-70.984546,32,83006.061347
-78.349857,31,83015.544112
-220.450063,31,83025.425894
-155.867754,35,83038.042773
-222.657104,31,83048.42826
-99.957424,30,83058.687037
-61.485339,47,83074.372972
-129.258078,36,83086.162438
-79.166951,30,83095.602647
-109.696743,42,83109.271737
-133.315828,29,83119.125866
-85.042585,28,83128.652672
-120.117727,28,83137.847824
-86.0865,33,83148.655573
-48.373023,50,83164.813623
-78.535637,35,83176.425792
-95.088069,34,83187.299054
-46.623418,63,83207.598232
-221.027267,22,83215.274661
-142.641424,36,83226.945277
-13.236047,49,83242.439438
-62.182381,39,83255.202172
-244.337101,25,83263.096603
-60.570918,39,83275.959483
-79.053025,42,83289.69539
-89.363266,48,83305.669451
-141.369805,30,83314.92748
-113.455205,32,83325.710676
-75.564229,32,83336.340471
-115.576942,24,83344.711714
-161.71123,30,83354.547972
-162.666863,29,83363.591188
-79.883248,33,83375.067823
-131.614589,37,83386.837559
-10.138285,50,83403.65154
-60.808564,36,83415.921542
-146.254818,27,83425.024184
-74.32645,29,83434.056454
-154.803726,26,83442.405891
-70.529472,39,83454.947769
-201.679482,23,83462.826268
-144.67001,29,83472.527049
-76.259642,33,83483.207258
-133.613924,24,83490.925418
-101.725587,41,83504.102277
-84.358822,47,83518.886109
-60.751482,34,83530.768266
-111.806137,26,83541.20664
-71.894604,45,83555.713426
-112.409165,28,83564.715065
-107.049839,43,83578.484294
-40.470743,36,83590.657645
-123.696099,44,83604.65913
-136.298795,28,83613.472974
-223.258247,25,83621.701076
-80.324102,34,83632.637508
-92.1492,45,83646.657048
-12.238855,54,83665.558861
-131.247222,44,83679.893555
-62.598225,35,83691.359469
-80.681448,37,83703.445728
-101.631501,30,83713.143295
-16.108672,49,83728.80602
-58.176517,45,83743.513208
-64.29896,38,83755.918172
-79.315912,34,83766.797529
-89.707898,26,83775.427324
-76.51932,32,83785.809475
-122.528385,39,83798.089476
-224.454529,40,83811.073584
-117.217318,32,83821.6751
-68.251179,29,83831.600895
-49.915708,37,83843.660359
-125.88593,41,83856.599128
-84.611407,40,83869.226035
-192.343904,23,83876.603353
-104.481955,28,83885.478298
-56.029286,37,83897.531252
-108.499529,31,83908.140026
-135.018506,27,83916.632174
-113.275518,36,83928.04064
-79.203637,37,83940.007643
-28.520965,51,83957.039166
-41.591914,48,83972.838842
-73.990878,44,83986.876586
-90.316874,25,83995.060374
-59.915321,38,84007.372035
-65.537012,38,84019.431924
-115.372913,40,84032.852755
-96.758404,40,84046.154987
-94.743259,38,84058.303216
-36.078712,43,84072.557796
-82.81387,45,84086.762082
-250.297565,27,84096.212685
-71.472757,45,84110.51325
-0.265179,59,84129.915231
-104.024657,22,84136.936064
-105.010235,37,84149.012379
-181.922285,24,84157.323246
-40.221372,36,84168.771745
-77.989624,32,84179.220268
-32.851998,46,84194.051974
-88.999221,38,84206.350405
-41.336528,60,84225.417254
-59.073785,41,84238.577492
-114.120604,26,84247.550648
-94.123248,41,84261.126102
-98.866535,53,84278.620854
-103.890021,36,84290.314171
-103.501062,44,84305.02981
-49.555948,42,84318.718904
-106.587634,24,84326.724773
-35.467447,54,84343.903306
-101.456013,34,84354.693337
-118.299332,26,84363.304006
-127.195753,27,84372.129225
-102.718043,26,84380.49358
-63.451761,41,84393.370316
-77.66086,30,84403.252264
-72.27726,36,84415.248047
-59.157126,34,84425.91324
-69.089416,37,84438.321437
-153.359397,29,84447.647125
-54.014862,32,84458.091601
-191.671846,28,84467.295665
-167.973636,32,84478.052722
-190.453421,25,84486.086101
-51.686382,38,84498.996996
-99.278265,40,84511.362587
-90.002238,34,84522.259331
-84.731121,41,84536.364567
-208.504177,22,84543.872023
-147.846253,25,84552.275919
-106.862479,33,84564.356068
-37.201544,42,84578.486526
-63.68035,49,84594.294065
-112.00384,23,84601.909251
-175.561646,32,84612.689971
-100.618751,26,84620.78836
-15.110668,48,84636.818067
-132.366973,42,84650.169909
-91.459857,36,84662.207194
-60.685864,31,84672.602265
-70.069991,36,84684.27971
-77.023179,32,84694.343777
-98.204548,32,84704.974739
-85.980291,41,84718.442869
-163.818385,22,84726.974151
-93.160921,48,84742.668443
-140.396516,34,84754.254767
-216.66919,30,84763.885169
-45.853272,52,84780.390051
-123.981911,40,84793.719443
-51.837351,47,84808.321931
-50.076015,40,84821.622412
-207.180357,33,84832.386123
-105.691216,24,84840.020963
-86.734384,39,84854.05622
-127.86907,27,84862.665732
-101.778344,29,84872.415474
-141.702694,30,84882.099844
-85.751504,47,84897.405989
-57.08264,46,84912.627173
-78.084094,38,84924.912745
-54.41126,35,84936.259424
-153.736248,26,84944.816916
-110.016159,41,84957.891664
-148.574378,29,84967.298986
-89.481842,29,84976.550038
-101.201829,26,84984.589517
-60.35914,49,85000.072296
-50.691942,47,85015.322825
-48.615573,49,85030.969169
-118.641546,29,85040.016117
-119.972401,41,85053.261909
-114.147091,27,85062.081479
-88.274009,36,85073.57516
-78.913671,29,85082.680872
-58.74211,44,85096.958016
-61.724342,35,85108.264091
-83.366921,42,85121.938018
-72.485811,37,85133.795746
10.425982,69,85156.354779
-6.752587,56,85174.431371
-74.352679,44,85188.820717
-119.56501,22,85195.663659
-78.803525,32,85206.195362
-109.566851,41,85220.359506
-63.616575,35,85231.731789
-94.454656,41,85244.851049
-94.113154,41,85440.551666
-122.818358,31,85450.798282
-70.299468,30,85461.080314
-81.794796,35,85472.542741
-163.613902,32,85483.460012
-68.362414,37,85495.063091
-43.849194,43,85509.12793
-80.262622,37,85521.168529
-70.981465,35,85533.362485
-69.277585,43,85547.662357
-163.158529,30,85557.968023
-127.164126,30,85567.324899
-149.365197,29,85576.66739
-86.734548,37,85588.595381
-36.601654,50,85604.765159
17.138336,62,85625.248104
-93.552373,31,85634.835461
-49.881065,41,85648.671674
-201.786598,27,85657.436428
-128.302075,33,85667.742482
-143.890077,32,85677.90793
-87.994856,33,85688.642416
-70.766426,34,85699.95962
-103.723617,38,85712.488603
-77.976546,55,85730.072431
-103.722696,29,85739.523611
-88.100073,47,85755.613751
-67.777913,52,85771.987067
-197.66265,22,85779.052463
-156.606803,37,85790.911557
-44.132804,48,85806.320912
-45.808172,54,85824.024586
-126.574135,50,85839.818144
-84.129869,39,85852.550339
-50.635978,37,85865.019563
-107.584293,46,85879.790211
-45.283822,39,85892.887994
-69.676688,36,85904.276591
-64.284861,43,85918.098697
-61.882897,27,85926.585034
-112.548919,35,85938.18575
-25.115546,45,85952.253342
-96.233969,43,85966.574502
-137.549382,31,85976.656333
-93.799906,35,85987.993377
-62.958118,50,86004.287346
-102.377765,27,86012.930622
13.223939,61,86033.109668
-88.69573,44,86047.374455
-101.707514,47,86063.105873
-135.829908,26,86071.705792
-30.470084,55,86089.87266
-56.947121,38,86102.878514
-174.563147,35,86114.111639
-95.779443,41,86127.21617
-74.258657,34,86138.50695
-76.904979,30,86148.253484
-54.850182,41,86161.518117
-82.75966,47,86177.441664
-70.563613,40,86190.215633
-79.729613,39,86202.874156
-62.913134,41,86216.584282
-89.832566,33,86227.512829
38.275123,75,86251.716327
-43.195846,35,86262.877903
-96.882703,54,86280.749226
-10.570925,56,86298.593245
-44.865235,40,86311.66799
-64.990523,35,86322.89386
-32.493717,52,86340.003812
-119.802375,32,86350.380739
-87.526017,34,86361.78722
-37.821411,48,86376.885536
-42.105485,45,86391.741639
-40.929509,48,86407.448982
-81.162233,44,86422.709249
-47.31746,35,86433.923789
-99.144689,56,86452.290247
-97.592063,29,86461.818685
-66.063213,50,86477.912617
-119.116456,35,86489.453952
-148.814969,37,86501.308997
-30.293144,40,86514.455786
-92.063991,37,86526.484056
-25.91338,41,86539.957597
-48.895439,55,86557.467118
-128.526852,34,86568.858753
-102.101884,34,86580.003687
-53.088155,50,86596.601273
-61.419029,37,86608.53675
-106.203934,32,86618.971352
-52.236033,56,86636.729314
-77.278175,32,86647.464002
-45.189474,40,86662.755663
-59.769156,34,86674.140667
-83.656571,33,86684.96618
-95.008565,30,86694.883151
-93.636071,31,86705.348696
-104.809689,31,86715.518644
-55.900334,37,86727.403785
-60.987154,31,86738.235954
-61.09879,38,86750.360218
-90.881579,38,86762.464383
-49.195166,39,86775.476139
-14.796262,55,86793.882467
-124.567546,36,86805.160349
-123.778491,35,86816.003475
-174.217236,36,86828.828397
-13.366047,62,86848.202055
-59.77638,42,86862.069771
-58.213665,39,86874.829467
-47.742294,37,86886.726291
-33.226875,43,86900.839637
-97.012799,25,86909.371835
-75.538335,29,86918.600055
-209.55982,25,86926.836444
-47.312363,37,86938.974607
-108.708089,34,86950.181258
-49.777979,48,86965.719833
-89.046336,35,86977.060974
-92.302015,36,86988.624218
-50.475188,35,86999.863855
-64.66093,40,87012.63479
9.8428,64,87032.896683
24.588972,60,87052.677307
-18.867435,66,87074.293133
-146.252854,40,87087.176581
-122.968922,38,87099.615261
-57.815891,44,87113.608064
-14.606995,53,87130.647668
-48.778649,39,87143.59107
-40.790692,48,87158.906609
-89.022696,41,87171.885242
-17.371603,54,87188.913274
-29.794365,40,87201.906588
-47.093559,40,87214.720933
-102.751159,37,87226.44535
-112.794539,34,87237.286795
-106.219084,60,87258.31181
-72.731647,41,87271.911066
-183.246094,32,87282.127047
-54.345401,44,87296.209854
-54.424703,48,87312.165107
-57.146509,36,87323.845645
-129.73434,29,87333.22978
-48.79445,44,87347.69998
-121.901928,38,87360.018889
-32.445771,51,87375.975612
-59.276771,41,87389.614773
-34.134038,45,87404.614799
-107.711627,40,87417.856165
-55.900965,38,87430.750326
-30.506702,49,87446.380552
-118.389094,36,87457.877023
-2.99621,55,87475.406529
-61.286712,35,87487.018778
-82.509031,37,87498.974202
-70.46618,48,87514.457524
-55.714446,40,87527.282825
-128.112749,35,87538.183928
-66.694061,36,87550.016149
90.706081,80,87576.390352
-105.623225,26,87585.200122
-149.327456,29,87594.11646
-49.744251,48,87609.639891
-44.923956,49,87625.472283
-14.346532,59,87644.46349
-90.890985,45,87658.549921
-45.185919,40,87671.166137
-90.638657,28,87680.16532
-125.125568,37,87692.087525
-104.402582,43,87706.078951
-28.861959,49,87721.627158
-128.204242,35,87733.585074
-123.221471,32,87743.607756
-48.50981,58,87762.150325
-91.333088,49,87777.96971
-42.175993,37,87790.111585
-50.171277,52,87806.880256
-115.390262,33,87817.90006
-81.605549,35,87829.216391
-58.585791,35,87840.475313
-66.275013,48,87856.348872
-20.972104,48,87872.279558
-44.367935,62,87892.544075
-153.622675,27,87901.538921
-68.351508,31,87911.600661
-102.664176,37,87923.35086
-67.977512,39,87935.812945
2.545145,58,87954.73152
-145.036878,27,87963.561491
-50.371647,42,87977.42844
-48.490793,39,87989.906588
-28.377191,61,88009.398231
-197.572201,30,88019.193943
-78.085557,30,88028.649077
-94.466695,35,88039.92274
-51.623769,36,88051.160431
31.091363,66,88072.620075
-86.897313,26,88080.95901
-80.367265,45,88095.869274
-48.940449,40,88108.382137
-14.517137,49,88124.03807
-29.080842,47,88139.078718
-50.706578,46,88360.700841
-107.594132,41,88374.331867
-92.866782,49,88389.93051
-116.418976,20,88396.681007
35.786501,68,88420.127108
-66.17427,42,88434.718275
-54.68238,32,88445.280791
-44.132087,49,88462.895582
-84.729881,42,88476.596112
-13.444539,53,88493.827521
-64.550362,34,88504.766132
1.093127,57,88523.182313
-31.698229,51,88540.003481
-68.2584,37,88551.980299
-55.724044,34,88562.770226
-37.2239,45,88577.792751
-65.343694,35,88589.004021
-39.627215,44,88603.656584
-47.932474,43,88617.590189
-113.78438,26,88626.689277
-86.761024,27,88634.963341
36.582548,72,88658.205332
-127.820526,37,88670.748802
-146.406306,37,88682.573795
-19.218111,61,88701.958798
-139.655452,31,88711.747204
-43.333542,41,88724.762555
-4.468999,56,88743.065972
-127.154075,47,88760.19152
-36.970662,45,88775.626178
-74.451063,37,88787.337895
-22.822946,50,88803.84172
-19.004065,45,88818.70927
-56.436931,40,88832.270286
-85.521938,33,88842.976967
15.033664,68,88864.722253
-63.231177,39,88877.031281
-30.295914,49,88893.256579
-70.884437,37,88905.130624
-73.205162,36,88916.713464
-60.854029,40,88929.832875
-98.348276,42,88943.435077
-24.504955,50,88959.730449
-126.98992,30,88969.359202
-71.340219,34,88980.714453
-37.160927,42,88994.797644
-104.550124,34,89005.411251
37.674691,67,89027.369914
-92.285779,45,89041.45432
-89.877888,40,89055.349554
-133.399661,41,89069.059823
-90.524448,29,89078.241688
-90.166346,38,89090.283356
-103.329186,40,89103.112179
-47.994748,56,89121.352676
-94.62448,41,89134.786159
-3.001935,55,89152.507562
-92.656678,54,89170.106598
-75.064368,34,89181.139508
-60.239866,41,89194.499567
-61.569741,31,89204.32383
-102.953098,32,89214.233889
39.113123,74,89238.68745
-61.746406,37,89250.833752
-56.362779,34,89261.593311
-75.811421,26,89270.182817
-113.07922,33,89280.789887
-50.215329,54,89299.098746
26.84952,60,89318.924403
-81.984485,37,89330.967142
-51.841668,49,89346.91431
-94.945008,33,89357.958501
-72.320052,41,89371.359145
-74.963849,43,89385.306959
-38.25838,69,89407.930954
-87.512577,37,89420.286928
-42.185838,44,89434.451259
-61.282245,53,89451.630184
44.895522,80,89477.425838
-58.42696,38,89489.583388
-135.40466,30,89499.717551
-69.438748,47,89514.778805
-50.399428,41,89527.993817
-48.03902,42,89541.557881
-49.633875,39,89554.211102
-92.681351,35,89565.499538
-66.971511,29,89575.074666
-57.747877,46,89589.543061
-110.539277,29,89599.401715
-32.142278,46,89614.548595
-49.543065,31,89624.107475
16.077404,62,89645.08261
-18.625788,54,89662.604414
-66.067552,31,89672.635397
-89.334644,37,89684.788058
-46.922836,44,89699.264929
-85.233219,27,89708.427302
-69.108088,49,89724.361705
-69.207408,30,89734.102911
-69.819133,39,89746.802974
20.519306,64,89767.374487
-77.004833,42,89781.328797
-10.730956,56,89799.357364
-64.824319,46,89813.900984
-117.035866,31,89823.938258
-2.559706,69,89846.271774
-58.305267,41,89859.464244
-35.090588,43,89873.467086
-106.75867,30,89882.846399
-33.554683,48,89898.834267
-29.962465,47,89913.730517
-92.63944,39,89926.911037
-68.743872,39,89939.613211
-158.979122,34,89950.441689
-47.421351,55,89968.728644
-37.656695,75,89992.507216
68.466105,78,90018.276335
26.356056,69,90040.829463
-89.648668,46,90055.865251
-73.097245,41,90069.17965
6.727278,60,90088.644952
-20.910509,52,90105.221596
-63.959296,41,90118.471019
-63.0217,32,90129.267614
-85.898742,63,90149.619061
-23.218679,58,90168.112537
-41.956966,62,90188.040941
-59.92687,31,90198.061231
-72.139,32,90208.460555
-38.252414,42,90222.123894
-152.581004,29,90231.837818
-27.236493,50,90248.008674
-92.976017,30,90258.602106
-80.924399,30,90268.248921
32.311104,64,90288.754079
36.147019,70,90311.695611
-71.850015,44,90325.936311
-25.597036,51,90342.338633
-38.564074,45,90356.749968
-94.591075,38,90370.048682
-90.445618,27,90378.400011
-64.373105,35,90390.135236
65.373306,79,90415.857147
-106.832062,39,90428.574414
-0.680251,60,90448.132545
-1.009063,67,90469.432569
-79.952275,44,90483.236779
-154.036285,32,90494.04202
-12.120198,53,90511.12017
-98.653679,61,90530.641895
-93.566624,33,90541.273619
-45.057466,45,90555.780301
-30.685229,52,90572.51078
-24.068966,54,90590.139194
-20.296093,55,90608.122451
-19.537738,40,90621.24114
-91.497142,29,90630.669972
18.808208,58,90649.678167
-92.806244,41,90662.989612
-66.694987,39,90675.96651
-72.809895,32,90686.37112
59.478694,79,90711.77031
-114.773809,29,90721.174973
-92.064274,45,90735.858321
-3.736102,63,90756.039457
-61.085613,44,90771.076514
-39.884546,47,90786.013963
-49.907931,35,90797.460491
-47.123625,51,90814.227221
-31.878614,48,90829.732415
-49.241069,41,90842.735486
-88.313077,29,90852.889176
-44.37781,37,90866.784321
-41.966694,55,90885.261783
12.373799,71,90907.955319
-125.216811,35,90919.303262
1.546708,57,90937.247561
-23.103514,53,90954.732473
-67.096671,30,90964.914363
-25.335316,47,90980.035036
-34.95723,50,90995.613521
-63.936,36,91007.193391
-28.093954,61,91027.084784
-60.453205,46,91042.066099
-29.282632,51,91058.382479
4.390595,55,91289.955011
-58.621359,35,91301.535568
-56.157495,37,91313.613801
-71.390921,31,91323.436094
-61.567036,38,91335.874304
-96.375894,29,91345.512701
-138.555689,36,91357.076674
-8.875829,49,91372.780709
-51.81487,55,91390.239846
-24.97586,52,91407.411188
-61.285449,33,91418.149957
-35.382984,48,91434.068776
-124.542326,41,91447.205379
-35.341671,50,91464.216197
-45.638474,40,91477.57699
-8.45869,57,91495.615992
-43.936461,53,91512.874283
-33.726113,53,91530.147893
-77.493297,51,91546.200245
18.400188,56,91563.776543
-19.432595,66,91585.468499
-71.56788,47,91600.857152
-47.853871,48,91615.861517
-49.966818,49,91631.862456
-53.416599,40,91644.847182
-59.152027,46,91659.287785
-172.238265,32,91669.90139
1.247377,53,91687.127024
-38.760339,50,91703.602201
-103.427232,36,91714.857562
-50.121908,45,91729.231039
53.874483,80,91756.197758
72.568221,84,91783.913751
-16.71324,59,91802.818013
-31.026531,44,91817.42946
-108.550124,46,91832.008923
-59.593594,72,91854.637299
-144.573858,33,91865.774485
-41.204148,51,91882.277966
-94.7546,40,91894.805635
-71.765389,35,91906.19443
-0.165194,53,91923.110734
-29.450338,44,91937.759451
-17.956642,52,91954.135329
-86.636879,35,91965.418795
-83.746077,46,91980.14318
-13.134948,49,91996.012274
-17.419414,61,92015.864482
7.745187,59,92035.117217
-52.107734,39,92047.997704
-61.608017,42,92062.443379
-66.964503,34,92073.294291
-75.374701,51,92089.4324
-92.26367,43,92103.65606
-37.180905,42,92117.732957
62.817092,72,92140.738827
15.503627,64,92161.097899
-8.966425,58,92180.86771
-23.771814,60,92200.124326
-2.363712,56,92218.433241
-11.742592,49,92235.033423
-55.666392,54,92252.403091
-73.269878,31,92262.42975
-53.875403,42,92276.131095
-62.163017,47,92291.12048
-105.43356,37,92303.010387
-18.261733,48,92318.459499
-60.016146,36,92330.509089
-15.890376,52,92347.610899
85.31022,75,92372.506273
-56.523411,49,92388.17384
-82.417142,35,92399.817814
11.312722,56,92418.157336
-58.163272,39,92430.968295
-45.074115,49,92446.676906
86.457929,87,92474.923038
-81.43947,33,92485.335526
-28.271322,49,92500.8375
23.64487,58,92519.62752
-14.757658,50,92535.921495
-37.461913,46,92550.570337
-50.360251,49,92566.491768
4.723912,65,92587.385486
-88.021911,29,92596.954597
-66.389091,44,92611.034356
-118.235707,49,92627.729006
-2.777684,59,92646.996629
-82.257394,43,92661.413886
55.662713,75,92685.527727
-92.297186,33,92696.166773
-64.599003,34,92706.77033
-9.814185,67,92728.735327
121.419611,99,92760.776458
-74.020015,34,92772.034888
-51.121022,75,92795.305205
55.072927,73,92818.952878
-34.995501,63,92839.231495
-26.460235,50,92855.618227
62.21124,86,92883.538407
10.897139,58,92902.366844
-3.133331,69,92924.33687
-42.769374,47,92939.760128
109.879139,91,92972.339408
118.580961,92,93002.180229
-157.870825,26,93010.751014
6.903222,64,93031.439682
33.790462,74,93055.41759
-46.572923,46,93070.457048
-48.839807,46,93085.514935
-35.742193,63,93105.864979
0.45231,63,93126.590231
30.569775,69,93148.384404
43.913252,74,93172.323082
-22.771562,50,93188.592471
44.317662,72,93212.005383
-5.893323,57,93230.364827
103.797803,87,93258.80003
-0.162159,53,93275.797471
23.878119,62,93296.05949
-25.140649,59,93315.335589
109.158081,91,93344.175164
6.454786,59,93363.032514
-61.943432,46,93377.989842
-41.281844,68,93399.837583
-43.749221,50,93415.642147
72.972537,83,93442.730344
-76.648438,44,93456.618458
314.539477,147,93503.707542
-62.085628,35,93514.813819
-20.43025,57,93533.398213
48.169882,70,93556.235859
-34.345548,44,93570.113074
14.62489,71,93592.649816
-23.049737,50,93608.718432
120.887004,107,93643.402553
-101.623378,53,93660.393359
-16.450808,52,93677.033372
-37.528699,44,93691.411288
-43.187675,45,93705.751023
-77.011809,30,93715.116052
-82.419267,47,93730.658336
-12.433317,49,93746.565557
-92.615821,31,93756.615296
55.715583,79,93782.147582
73.132536,84,93808.823584
-21.211858,50,93824.627729
16.738759,58,93843.564172
-10.112151,68,93865.885555
13.204557,55,93883.867276
-7.825348,70,93906.465208
7.397315,59,93925.692693
-61.74254,41,93938.803461
-36.440552,46,93954.054235
-11.185404,55,93972.340869
-58.623983,39,93984.924993
-116.624031,30,94234.137056
-81.327246,51,94250.87063
-23.031258,45,94265.260731
-9.784267,52,94282.778945
31.47339,74,94306.20339
51.855065,69,94328.760758
-26.517049,54,94346.349912
-20.391838,45,94360.743804
-74.717634,45,94375.410931
92.250425,90,94404.455946
-70.39768,36,94415.509797
-116.500525,38,94428.267255
13.060255,63,94448.427569
14.891443,66,94470.733355
-43.11315,42,94484.812463
271.598927,136,94528.691279
-43.720542,51,94544.968323
-33.762586,66,94566.299398
17.404949,63,94586.98501
4.240041,60,94607.726272
-32.116876,45,94621.968874
5.886562,64,94643.08869
-29.606683,43,94657.169694
-43.408922,49,94673.215944
-74.772347,34,94684.193352
-54.182778,45,94698.869647
2.858923,54,94716.168306
23.780027,65,94736.854462
-0.019279,56,94756.081871
-48.130876,37,94768.193765
-15.133664,53,94785.154784
23.892311,64,94805.64886
15.985323,69,94828.167506
23.712472,76,94852.192245
217.424024,138,94896.847674
12.393856,66,94917.973334
50.670487,74,94941.420905
12.910504,67,94963.187939
-47.352756,51,94979.901764
-4.504839,53,94996.937847
-50.843922,36,95008.448159
33.27899,67,95029.977701
88.23311,83,95058.535683
157.071509,102,95092.724585
-3.579557,54,95110.177601
16.454708,81,95136.453485
6.062829,54,95153.936261
-63.491887,39,95166.289315
63.64119,93,95196.304566
-38.446586,42,95210.221483
27.177555,56,95228.688567
61.300301,67,95250.585929
111.622167,93,95280.12233
14.29087,69,95302.661317
56.561913,76,95327.075026
93.772915,92,95356.650041
42.152689,74,95380.30553
12.718387,56,95398.40252
75.713227,77,95425.633446
-36.784342,45,95446.189457
48.043434,69,95468.982118
9.272638,61,95488.964136
5.712256,74,95512.360845
16.64056,76,95537.27774
73.606993,79,95562.817644
40.009431,76,95586.624982
7.162137,54,95604.276041
9.53679,66,95625.538293
52.449053,71,95648.444601
127.658617,95,95680.271646
104.567541,91,95710.194319
41.133024,75,95733.830741
12.135552,66,95755.452897
14.072194,65,95776.733485
-28.249474,50,95792.315528
-2.984906,59,95811.653
28.973512,72,95834.923003
-16.758571,60,95853.976406
6.766721,57,95872.408828
-37.864828,46,95887.186741
-55.52182,34,95898.516966
39.727672,66,95919.540472
-30.696457,37,95931.314942
36.855583,71,95955.21173
29.757114,64,95975.61593
-58.423892,54,95993.361142
20.48875,71,96016.482245
1.231846,55,96034.033139
-52.165783,37,96046.233761
24.683196,60,96065.195324
-31.576893,46,96079.961056
-15.81295,52,96096.687889
-15.017399,53,96113.8077
11.618388,64,96134.953996
-13.188025,50,96151.518231
133.334147,101,96184.200556
113.95646,83,96210.809737
48.780288,65,96231.694379
38.034824,67,96254.338112
-20.209158,54,96272.632464
72.633285,83,96299.295738
36.740609,72,96322.43808
-20.266151,56,96340.869117
-10.588796,64,96360.991622
29.723631,68,96383.282639
84.191084,91,96412.88795
-39.566162,43,96426.967934
108.912472,79,96452.286379
34.570319,74,96476.34697
7.620353,76,96500.716891
25.956283,60,96520.343985
50.356094,65,96541.069574
-1.454915,55,96559.325135
262.459954,120,96598.576333
157.270749,113,96636.213582
5.28086,58,96655.120656
-26.943344,53,96672.351371
236.989479,130,96714.718323
27.412276,74,96738.672277
74.509364,87,96766.864726
59.124612,76,96791.86662
10.766398,63,96811.928694
-36.435081,52,96828.630745
46.14162,64,96849.235336
-6.883248,49,96866.10366
62.473116,81,96893.034897
-53.463887,64,96913.713648
-75.85452,65,96934.395746
58.198841,78,97234.211394
-6.3164,44,97248.743349
93.379446,89,97277.753371
-15.344677,53,97295.238342
103.918399,91,97324.59761
0.714344,66,97345.691666
41.544524,68,97367.904935
66.294537,83,97394.823456
-13.160852,47,97409.853367
43.259414,67,97431.030927
66.598374,71,97454.615637
-6.960173,59,97474.64111
92.604158,88,97502.834285
6.892842,51,97519.665084
85.638015,74,97543.09057
-55.515187,45,97557.734022
50.386555,73,97581.612895
-45.660228,38,97593.511082
39.428313,78,97618.559914
355.043128,146,97666.508323
62.887227,80,97692.626728
77.589193,79,97718.130158
-3.903522,50,97733.911247
-26.509235,45,97749.524009
-2.422057,71,97773.328654
34.425079,58,97791.936752
142.670554,102,97824.880248
-13.784614,50,97841.20634
-53.427532,40,97854.477774
-33.199674,46,97868.991953
-13.222369,54,97886.627667
51.252417,72,97909.371199
5.248448,52,97926.109288
-35.504935,42,97939.970805
170.131635,109,97974.739334
7.123488,56,97992.975943
11.402186,63,98013.344681
29.239214,61,98033.289243
2.022114,58,98052.473113
82.809176,78,98078.032549
133.700288,97,98109.687376
-125.070388,30,98119.420878
50.968318,68,98141.663788
78.897583,88,98170.570328
-26.127384,48,98185.734262
111.474811,105,98220.312024
-55.235406,49,98236.184573
20.298329,66,98257.236073
-79.653642,39,98269.853396
33.107996,64,98290.530313
60.806686,93,98321.104964
15.44184,57,98339.251567
22.21966,62,98359.353024
-27.583277,47,98374.624747
-58.010987,56,98392.687148
-11.60528,53,98410.079118
102.339791,100,98442.455167
12.743669,63,98462.613521
42.422848,65,98483.387424
16.716684,67,98504.603925
130.451229,100,98536.918969
60.042415,71,98559.710299
30.954219,69,98581.815015
2.958475,55,98600.063312
261.842949,131,98642.264055
-2.72919,50,98659.004253
-46.53418,40,98672.459846
-9.383351,50,98688.265847
102.374845,89,98716.795124
313.268622,144,98763.188363
114.892195,89,98792.085886
38.117623,72,98815.264822
90.153011,80,98841.04837
64.852068,78,98865.876302
42.569613,80,98891.129309
4.867836,68,98913.509379
400.448341,154,98963.311823
57.938486,78,98988.814483
390.471258,163,99042.504185
-10.801124,52,99059.215919
-9.849677,56,99077.806285
-54.006948,37,99089.882494
83.547987,81,99116.201049
196.630525,120,99155.670082
-9.535232,52,99172.052529
143.657573,99,99203.932868
-15.77562,56,99222.01303
89.576592,88,99249.865527
98.943539,80,99279.487586
-13.799541,63,99300.052844
104.016254,90,99329.338705
32.311853,66,99350.343817
7.805908,65,99370.965976
-10.297923,58,99389.710795
45.023105,74,99413.384719
-30.105278,47,99428.158242
-8.596596,48,99443.579606
33.814592,63,99463.951467
454.941504,172,99519.594253
30.02318,60,99539.091369
160.509872,106,99573.43505
325.941925,147,99620.654775
3.836473,66,99641.969375
63.349678,80,99667.851575
30.464156,71,99690.707661
119.028934,91,99719.654495
101.355193,83,99746.617804
16.659478,64,99766.630548
96.311374,84,99794.114906
4.046543,58,99812.906003
-22.575014,44,99827.045521
214.963997,116,99865.381025
9.505467,66,99888.127777
-6.805721,57,99906.09098
46.739153,68,100169.917034
227.76125,123,100210.602756
186.182066,122,100251.055413
-44.543217,47,100266.261683
60.65338,73,100289.524871
-27.79867,52,100306.725811
39.391261,74,100330.449559
123.361081,91,100359.845227
144.479549,97,100390.910144
-7.418244,53,100407.741132
-43.756275,46,100422.240307
46.503059,75,100446.816025
-28.52655,65,100469.450132
53.020539,92,100499.666958
42.072445,71,100523.463051
22.320561,59,100542.200227
23.998541,77,100567.195479
3.454951,65,100587.931982
182.208205,109,100622.974196
282.525421,137,100666.954988
50.278719,76,100691.626982
-26.396033,50,100707.837176
48.002303,67,100729.289018
105.170269,89,100758.428254
95.446288,83,100785.708888
14.797528,59,100804.410572
105.427268,86,100832.558563
-28.312514,57,100851.01139
54.256617,79,100876.934703
79.980237,82,100903.667872
-25.957373,46,100918.55581
1.673717,68,100940.594925
-15.917674,52,100957.90869
73.32404,87,100985.235548
13.084409,60,101004.856384
293.482913,131,101047.203785
13.673519,63,101068.924924
-42.593222,57,101087.045862
127.170596,103,101121.081035
109.015057,89,101150.977777
-51.210709,43,101165.511622
103.579649,100,101197.967284
119.073661,100,101230.034009
-30.467361,45,101245.134737
155.465498,110,101280.137533
-8.204247,59,101299.184815
206.01924,120,101338.26752
253.630828,125,101382.366163
-46.507098,47,101397.439362
25.273586,63,101418.066325
270.80354,128,101460.20897
235.122103,119,101498.808933
134.19396,104,101532.510208
75.767747,94,101563.159578
37.274046,75,101587.457342
-29.964507,50,101603.788329
97.699181,92,101633.196425
169.516537,98,101666.45491
-31.443728,46,101681.144097
26.16782,71,101704.165435
239.715373,117,101742.280901
104.526443,88,101771.074325
84.427358,86,101798.503201
90.849353,86,101827.179205
351.954671,154,101876.431442
-6.394448,60,101895.670157
123.795064,99,101927.931593
31.818062,68,101949.618518
32.772884,75,101973.684434
57.650317,76,101998.415461
13.117787,59,102017.412956
99.413663,89,102047.175524
244.880435,139,102092.517931
153.987698,103,102126.231395
-4.828752,59,102144.869543
112.334947,91,102174.625568
187.43068,117,102212.833489
170.461018,103,102245.81345
168.224446,115,102284.221606
-9.927668,46,102299.497237
38.341614,60,102319.093562
-31.919492,62,102339.077372
340.593508,154,102388.890906
41.839619,69,102411.206885
242.216379,127,102452.665163
114.147458,98,102484.266362
97.205265,82,102510.764915
188.88044,106,102545.243929
30.796283,73,102568.883953
151.057098,95,102600.0237
107.509041,90,102630.412416
135.583932,98,102662.381572
-24.257939,47,102677.235192
-0.593184,56,102695.146683
6.295641,55,102712.602213
-14.932047,45,102727.190719
186.838947,106,102762.304504
331.319623,151,102811.11545
93.47152,79,102836.57186
28.269078,72,102860.958779
48.602406,76,103152.863577
6.136491,57,103172.213064
23.335604,64,103193.286556
133.15601,99,103225.751981
25.22551,66,103246.436688
63.877419,72,103268.991537
208.639518,121,103308.441513
44.402094,69,103330.897852
120.244489,88,103359.148338
13.308584,56,103376.773101
-17.958756,59,103395.829583
22.293245,58,103414.712115
245.165125,120,103456.461353
91.005325,85,103485.129882
790.127384,232,103561.390646
-20.979861,46,103576.698967
39.965854,81,103603.387507
52.512174,75,103627.606356
142.927054,92,103657.544726
40.019085,82,103684.464933
178.658154,117,103722.631474
65.459944,85,103750.533001
14.52897,63,103771.437103
33.59179,77,103795.813469
36.763882,58,103814.778059
171.077331,118,103852.782604
178.209528,110,103888.603842
58.621475,81,103914.699525
351.316607,151,103963.573608
79.360497,80,103989.218033
-28.666706,51,104005.423656
32.438847,71,104028.923603
183.077792,115,104066.253449
39.527872,67,104088.223222
84.68773,99,104119.534628
26.224423,67,104141.131958
258.013406,132,104184.227425
96.187138,84,104214.826786
296.69388,138,104265.664241
171.416507,114,104302.115882
144.289883,96,104333.058985
202.897809,126,104374.570147
70.70651,82,104401.106311
26.851188,70,104424.243411
18.623243,68,104446.58213
50.32577,66,104467.42295
42.648935,68,104489.091574
240.003483,129,104533.800488
219.889558,118,104571.887524
37.598248,68,104594.522191
6.716166,65,104614.988023
34.439721,75,104640.413492
35.240152,69,104668.669906
41.628756,77,104696.029397
166.651561,107,104737.031789
202.818711,117,104775.551365
-27.608032,49,104791.801243
12.762372,58,104810.732465
1.165386,58,104829.846487
63.701974,81,104856.296592
27.74965,57,104874.368298
63.429068,78,104899.013803
81.474645,77,104923.817087
174.639615,106,104958.681939
139.488533,101,104991.390555
287.905081,137,105035.698214
79.444838,86,105063.241281
176.592228,117,105101.105264
205.244342,114,105137.595798
755.651989,231,105213.043945
42.995835,69,105235.168625
41.453971,76,105260.803546
130.440136,96,105291.891149
3.749173,82,105318.162619
335.520271,147,105365.320065
234.962513,118,105403.505956
649.07267,207,105470.215847
108.274711,86,105498.05035
78.187216,90,105526.149266
115.235132,103,105561.81187
7.923435,59,105581.979728
46.192823,74,105605.771446
34.607146,69,105627.680052
98.232733,79,105653.01548
276.845179,136,105697.228426
426.526536,175,105753.316584
87.175869,82,105779.388924
20.86642,59,105798.345538
154.939133,120,105836.709634
-9.486791,54,105854.443353
-15.946517,60,105874.596281
203.493744,117,106234.507638
175.678677,111,106269.815225
116.566199,93,106300.177217
112.117357,95,106330.705376
29.321283,72,106354.117637
148.013746,106,106387.288039
7.161106,67,106409.390458
98.720312,101,106441.631857
-16.524867,59,106461.410677
69.045347,75,106485.687369
241.239523,120,106525.281232
40.324268,68,106546.806608
523.806652,192,106608.702892
29.111596,89,106637.831947
-11.503148,60,106656.90555
195.278684,120,106695.687891
51.140562,74,106719.667019
71.749987,85,106745.983941
221.670847,116,106784.35202
188.943661,105,106818.907167
159.704418,104,106852.439245
10.653803,80,106878.262786
91.588272,81,106903.87345
381.549718,156,106955.137171
236.199906,116,106992.519956
16.895554,67,107014.372469
113.254326,86,107042.007877
46.815273,75,107067.984545
61.173151,82,107094.117501
137.346498,113,107130.426476
110.169142,94,107160.340957
266.868167,130,107201.672597
85.938742,79,107227.582046
201.83422,121,107265.668609
206.462788,115,107303.048999
26.311223,68,107324.6187
144.751389,110,107360.823653
351.237659,158,107412.541131
197.466925,116,107449.7943
119.823442,106,107483.249469
109.29075,97,107514.570041
189.825065,112,107550.689596
35.413705,78,107575.016801
167.12293,111,107611.316769
247.781607,126,107651.900549
167.173353,101,107690.060959
-22.008127,50,107707.089114
-11.468689,53,107724.783625
170.086037,101,107759.388408
47.776589,70,107783.429931
6.02373,55,107802.455054
257.785971,137,107849.040706
156.025274,97,107880.132039
47.624383,78,107905.595286
78.84735,83,107931.826546
109.90171,95,107963.468151
43.129292,77,107987.533058
73.601775,74,108010.991257
-59.945507,46,108026.217335
313.895075,137,108068.863532
227.989153,127,108109.748982
183.468916,112,108146.067253
202.572231,124,108185.427984
-20.929279,57,108203.501888
19.28368,66,108224.751563
111.197268,93,108255.816631
147.735987,96,108286.701629
45.009822,72,108310.011156
438.489245,168,108364.630699
12.513977,60,108384.182118
195.896248,111,108419.925128
96.774021,86,108447.901126
477.403775,188,108508.007629
200.634197,118,108545.318898
70.916326,73,108568.440497
-10.692302,57,108586.770343
48.708795,75,108610.664187
107.411568,85,108638.23764
360.43488,157,108688.569792
464.597584,180,108745.845938
-36.692345,43,108759.531646
108.237594,87,108787.678699
49.465066,72,108811.1393
439.492596,161,108862.970521
41.646603,75,108887.016478
519.432511,181,109270.622097
161.618735,106,109305.885272
97.483494,86,109333.907378
134.517246,94,109364.299177
557.482159,192,109426.374885
74.838405,79,109451.805737
309.943375,152,109503.469148
3.783682,56,109521.549529
-39.805865,46,109535.924493
239.46948,121,109575.518648
204.167798,121,109614.800866
164.40326,118,109653.219078
-27.891788,47,109668.099839
116.292315,104,109701.321815
366.152261,156,109752.13695
30.667231,71,109777.145315
71.693418,79,109802.945146
333.80193,136,109848.034801
84.370751,86,109875.826454
204.328548,123,109915.008043
356.381655,144,109961.446796
25.291876,73,109984.550508
85.325404,97,110015.925648
989.187769,268,110103.203387
126.490383,95,110133.906097
80.733876,87,110161.929075
109.418112,93,110191.333714
197.753942,117,110228.75083
128.846764,99,110259.907433
-28.140425,56,110278.258729
83.425875,91,110308.385257
133.991655,108,110342.925138
138.247317,95,110373.982974
269.957918,137,110418.910681
143.91129,93,110448.82996
81.05007,80,110474.905846
62.021983,79,110500.429274
113.985349,105,110533.779724
8.474993,71,110556.611723
308.90953,131,110600.103897
145.372096,110,110634.926019
553.937232,189,110698.412312
74.853234,78,110723.41172
59.494534,69,110745.747925
319.030262,152,110794.89217
1.799873,54,110812.357827
78.293049,86,110840.136341
200.625231,116,110878.199699
292.437107,136,110921.092223
70.505775,76,110945.55699
93.964409,82,110971.658771
54.441211,90,110999.883427
-4.214857,66,111020.72516
145.771547,92,111049.790058
936.856566,262,111134.158126
-4.29319,55,111152.502252
121.560737,97,111183.400527
70.35706,98,111214.279121
206.216141,126,111256.398679
373.948777,143,111302.365844
492.131372,187,111362.724117
-18.757132,42,111375.935121
29.048497,59,111394.920456
163.795685,112,111430.902099
34.786032,74,111454.095691
45.630132,81,111479.916159
280.848078,130,111522.521941
79.389585,82,111548.684619
175.048056,109,111584.015615
55.765972,79,111610.128968
517.633807,180,111667.645753
355.993658,153,111717.326998
19.366224,55,111735.246175
233.21346,119,111773.533411
282.386531,140,111818.431723
269.299863,134,111865.933722
-26.997987,39,111878.244624
27.605825,65,111899.340955
194.670433,113,112347.719881
489.795248,176,112405.080978
46.551516,73,112428.864252
19.018273,76,112454.419508
694.289794,187,112515.681569
700.962707,216,112585.700904
-2.556917,62,112605.298394
-48.506852,39,112618.457531
22.845333,61,112638.529471
2.599923,62,112658.146471
540.432106,193,112720.442284
165.07193,107,112754.993266
15.887215,71,112777.916065
315.352572,150,112827.025574
716.508444,220,112898.220099
398.645632,169,112951.809292
2.122648,59,112970.810657
139.378555,102,113003.611703
55.866255,89,113031.825191
358.160989,145,113080.070428
438.782785,171,113135.694361
-24.450745,55,113153.178433
57.42433,77,113178.291851
102.048481,90,113207.720293
259.912981,129,113249.507664
906.256823,261,113333.43125
5.017556,53,113350.804433
501.036264,176,113409.167152
360.03677,162,113461.706859
186.006648,107,113495.285772
102.12621,83,113522.042241
9.127756,54,113539.931635
159.625106,108,113573.896893
-35.447183,38,113585.74868
53.893332,82,113612.180803
326.89793,146,113661.312232
377.413657,163,113714.095907
341.600104,141,113759.512616
299.997978,149,113806.783098
452.799024,161,113858.793702
67.659824,85,113886.346583
240.588249,127,113926.966109
71.761006,74,113950.753803
73.394382,81,113978.277251
101.435679,90,114006.915342
71.581834,85,114035.105821
89.605089,87,114063.031864
219.841943,115,114098.91309
-28.830121,60,114117.515734
34.377909,74,114141.097872
619.933158,202,114205.980018
86.452178,91,114234.435219
192.230436,121,114273.962257
91.350145,80,114299.761496
6.715069,52,114316.220571
9.896241,65,114337.09588
195.021367,111,114373.419564
169.613812,115,114410.593636
325.259195,150,114459.453067
79.570233,85,114486.749866
180.717814,107,114521.127888
123.488051,91,114550.657753
202.773403,120,114589.565296
395.065374,164,114642.351498
363.451453,151,114690.170078
238.943963,126,114730.759772
287.58093,149,114778.65173
50.866642,74,114802.578238
50.59478,84,114829.460657
87.612379,81,114856.426083
183.824638,108,114891.43234
387.055951,161,114943.476324
170.950346,99,114975.067031
144.246376,103,115008.401489
850.923516,241,115480.020083
284.112066,131,115522.595421
234.380794,120,115561.432761
706.923739,218,115633.037549
150.740432,121,115671.553755
54.543799,74,115695.426835
41.555033,67,115716.960468
13.618305,77,115741.840269
270.807079,127,115782.399889
74.735976,89,115810.869437
333.724328,142,115856.51064
384.078074,145,115903.914067
58.72177,82,115930.036414
460.092756,181,115987.608154
192.739821,118,116025.972718
680.193298,226,116100.600852
31.605915,66,116122.067901
294.354292,146,116167.878423
431.026825,180,116226.197384
613.665246,212,116294.11921
727.455961,221,116364.557161
-52.373297,47,116379.237334
137.775829,109,116413.38782
270.205583,127,116454.313391
49.600246,70,116476.975473
171.098043,122,116517.173748
1257.238441,311,116617.435204
108.124387,92,116647.50758
120.516316,86,116676.018727
215.040328,121,116715.15779
143.25372,106,116749.008591
461.108497,179,116806.714417
-35.952558,40,116818.648779
186.08833,109,116853.832228
460.81643,172,116909.788174
540.085885,182,116967.64561
185.172204,100,116999.657161
278.050323,128,117042.326481
46.374387,88,117069.980545
72.167059,70,117092.920287
420.646162,167,117147.224535
3.288104,55,117164.936796
341.027649,156,117214.666528
75.738041,93,117244.846246
417.272627,176,117302.119429
171.63924,105,117335.661217
597.79147,195,117400.153021
376.983535,160,117451.791127
181.840386,120,117489.804683
434.271041,173,117545.931793
-32.657922,62,117566.992678
82.974754,98,117599.133515
-8.536477,55,117616.922655
23.254316,68,117639.193251
214.927774,129,117680.631542
466.218565,172,117735.161271
-32.287691,52,117751.396934
29.51009,63,117771.590736
-49.416995,51,117787.837479
489.446095,185,117845.961928
160.95505,104,117881.25731
95.864822,99,117913.37023
177.561249,114,117950.497021
417.327705,168,118004.570168
270.777004,136,118048.180026
245.256715,136,118091.828406
146.856271,105,118615.893123
528.242135,190,118677.517694
161.111232,107,118711.595623
149.132071,112,118747.049377
1059.900013,279,118838.739105
980.391027,268,118923.866282
39.244735,77,118948.267626
181.14688,104,118981.589137
275.626195,135,119025.681595
66.634656,77,119050.971047
92.757919,94,119082.295135
265.797934,128,119122.924579
-35.761104,65,119143.609662
500.250592,188,119204.209216
647.224407,204,119270.114676
154.950071,103,119303.54987
148.945516,98,119335.702357
222.023863,126,119374.810913
112.420051,96,119405.978753
421.736932,159,119456.613998
-24.431095,44,119471.460608
2.057716,65,119491.980119
1584.623689,345,119603.985535
990.081526,243,119683.768509
213.743253,123,119723.988636
323.216582,145,119770.835698
104.291013,94,119801.789651
396.223056,167,119855.329096
85.343533,88,119883.413304
173.093636,119,119920.844564
152.842652,108,119955.488739
32.578028,72,119978.696456
35.489859,78,120003.526879
-4.116911,59,120022.986913
185.717648,119,120060.770558
113.561176,88,120089.055372
386.983106,162,120140.772513
613.03394,198,120204.519563
251.332618,126,120245.713702
84.673442,89,120275.755092
110.639694,95,120305.867644
38.303891,65,120326.954696
860.094739,243,120404.954711
558.655859,194,120466.834603
1340.878862,309,120567.008181
393.41548,154,120616.357376
15.463993,65,120637.667441
111.500021,91,120667.014937
306.007653,131,120709.025023
45.127608,69,120732.535917
511.52811,202,120800.270236
182.668635,114,120839.633399
187.426073,114,120880.989311
146.183968,124,120924.407367
250.326705,110,120959.428326
84.317596,88,120987.644488
430.719628,163,121041.192794
93.014421,91,121069.880608
238.341967,125,121110.034991
275.376731,123,121150.817015
131.167381,116,121188.121615
10.671767,67,121209.407849
1329.178208,317,121310.525491
143.871643,96,122007.401431
152.521933,114,122044.624618
195.562263,114,122083.628259
102.431816,92,122113.997314
366.216458,147,122162.619802
244.306413,121,122201.976529
14.365486,63,122222.486068
461.400834,178,122279.415653
871.60904,260,122366.333055
522.89784,190,122428.481661
600.951866,208,122495.691394
240.13254,127,122537.213228
-55.953144,50,122553.712945
152.897205,120,122592.103921
194.783383,117,122629.328984
437.440318,169,122685.016062
144.544161,106,122719.297725
434.377136,182,122777.754913
170.251565,122,122815.893562
157.623834,100,122848.575294
317.189306,149,122897.254282
997.021827,274,122999.701725
101.774341,85,123032.908111
-5.687946,72,123061.074739
492.353045,184,123132.340438
223.478022,119,123178.720952
100.361387,91,123212.486482
163.12655,112,123256.484481
158.890364,108,123300.410065
121.34074,92,123336.287712
583.285181,206,123414.313384
285.259231,152,123472.178663
382.292925,158,123531.329791
911.802391,253,123628.823973
400.150388,163,123690.210599
18.860162,66,123714.999001
277.825884,141,123769.373013
568.543563,199,123846.678848
212.888401,116,123890.630937
-9.799549,49,123909.587606
293.222992,145,123965.761954
67.074897,84,123997.778961
515.850113,189,124070.441931
485.144041,176,124138.828439
166.112133,109,124180.904202
70.134969,83,124212.983991
121.355283,113,124256.233738
179.045462,110,124299.076901
397.697873,175,124366.900408
77.035696,101,124405.108243
1078.045066,273,124522.249622
534.056121,190,124595.363924
195.795841,117,124640.929842
311.141329,133,124690.026705
931.73435,247,124783.623783
453.016995,177,124850.819999
6.886236,66,124875.870764
348.909324,150,124933.900822
85.669124,85,124967.050337
1538.265843,335,125698.318887
62.692825,80,125729.587242
554.778001,192,125804.357441
-4.206214,92,125838.632067
-39.347187,39,125853.968887
535.322453,208,125934.097312
266.098001,128,125981.22256
571.671364,207,126060.66947
93.179638,99,126099.370056
139.225203,106,126138.792511
47.533322,87,126172.470418
13.288535,57,126194.783311
74.211201,77,126223.734645
573.90051,203,126300.265578
292.244311,135,126352.25396
75.575472,74,126381.215518
-2.19753,69,126407.955695
548.058748,210,126488.109513
93.850246,94,126524.269285
268.68968,130,126573.078345
-73.021351,52,126592.446738
234.839633,125,126640.222944
352.8109,150,126698.278845
104.099563,98,126736.462063
10.461257,68,126760.317782
261.323629,125,126805.792701
470.528923,174,126872.749794
148.855374,94,126909.110422
1440.023369,324,127032.899784
475.375761,173,127100.155729
1115.677755,281,127209.34292
1881.906504,361,127348.036541
177.914702,109,127390.819883
382.055386,144,127487.991463
164.992851,105,127533.512898
256.507209,118,127578.366335
140.914232,104,127618.812532
216.748567,121,127665.327962
78.848358,88,127698.375727
278.680784,141,127751.714349
461.570716,188,127824.290532
1059.095207,269,127926.298646
-9.701409,57,127946.904743
211.802431,134,127999.141733
89.377809,83,128030.358714
340.153627,144,128085.006631
463.64435,177,128154.9124
356.662067,154,128211.706015
21.081915,66,128237.901487
667.29489,214,128322.713187
56.759504,74,128350.481166
180.480614,117,128395.133924
434.162554,179,128463.95138
373.339559,144,128520.646516
334.894114,144,128577.045809
167.789902,106,128618.367672
180.145189,108,128658.047771
1438.972433,322,128786.839571
59.950603,93,128824.061276
126.836628,90,128857.668432
102.541459,90,129601.979446
557.468854,198,129678.128712
47.164785,76,129707.20861
615.6135,217,129792.216106
801.771954,248,129886.896508
104.328499,95,129923.539442
800.247014,236,130019.654382
843.67713,255,130118.126051
938.275588,253,130214.151245
416.720452,161,130276.912365
959.89596,265,130379.112684
564.859824,210,130456.676221
383.410002,156,130518.272535
1148.030642,293,130630.618637
166.7763,112,130674.346688
223.215616,133,130726.610955
81.578658,95,130762.587967
231.490079,138,130816.745078
254.01127,123,130864.458941
367.985479,156,130925.293664
450.508124,163,130989.464613
52.924979,75,131017.253363
286.35327,141,131070.046607
672.781674,211,131150.578093
99.189271,89,131185.727383
-4.710988,48,131204.300332
631.084585,226,131293.684718
354.565536,146,131349.912359
292.885463,143,131406.303416
213.873497,121,131451.716859
630.936763,215,131534.856689
919.253016,243,131628.582936
-117.269342,29,131640.119745
330.754089,147,131697.168792
770.879509,237,131788.334822
293.051127,137,131841.787689
1195.958564,295,131957.025138
50.410649,75,131985.410252
312.936243,146,132040.786866
545.353647,190,132114.714288
345.945173,145,132170.572716
1646.99782,358,132308.821449
540.0442,183,132380.162912
193.971793,114,132425.089445
528.590834,187,132496.169311
128.744141,100,132535.659615
212.212473,120,132581.979871
96.22886,88,132615.120493
84.56212,87,132648.362587
347.245937,144,132704.450902
649.589986,206,132783.932038
108.985901,96,133698.735161
446.919013,165,133765.841363
1001.072589,256,133866.110271
888.835948,246,133963.525479
539.999104,188,134035.613809
16.507332,80,134064.262984
95.143555,91,134099.548366
484.445713,177,134167.943382
123.758814,91,134201.233543
471.338164,186,134272.856322
781.629735,229,134361.599225
-28.910138,54,134383.408701
33.926268,69,134410.29109
73.52621,78,134440.537155
315.896654,151,134497.454421
988.685241,275,134605.367684
827.963787,230,134693.026666
954.566133,265,134795.319626
1010.556611,262,134894.833772
12.374433,68,134921.758857
569.9124,190,134996.270706
786.490633,242,135088.032411
34.080545,69,135114.065091
926.191363,258,135214.16579
1101.211937,291,135323.386259
490.886308,187,135393.828463
775.434319,241,135485.888834
1795.188546,363,135625.99264
589.591548,202,135702.390045
823.424803,230,135793.662117
431.896405,187,135863.362098
623.574468,210,135944.337278
2.665054,66,135969.248623
691.069186,224,136056.443987
100.999481,82,136087.665845
180.015242,137,136142.22346
224.194411,121,136188.516907
152.514755,102,136227.927958
152.260307,106,136267.339709
495.757297,179,136337.12324
230.85823,131,136388.246176
1125.605163,285,136497.670142
897.796016,256,136595.869
101.529417,90,136630.292959
3.382858,66,136655.621939
503.580223,181,136725.196837
28.889531,74,136753.740707
494.532602,179,136822.53323
22.063176,73,136850.608984
445.4803,174,137961.629472
1207.764185,298,138078.01963
210.075734,131,138128.368448
1818.798918,370,138271.630527
341.072051,149,138329.699043
86.985807,78,138359.042915
293.107081,134,138411.224106
242.673924,128,138458.872257
201.944012,126,138506.982656
57.713629,93,138542.577959
437.146723,179,138609.745258
64.007556,73,138637.352215
574.070306,190,138709.97998
206.670143,120,138757.181169
762.585586,234,138847.841714
22.227267,86,138880.202188
42.427013,89,138913.565438
181.380445,129,138966.556372
184.572718,123,139015.726553
753.945377,223,139100.47036
1275.058765,310,139219.569623
698.535459,203,139298.673935
22.465059,81,139330.486335
757.30774,230,139421.338178
627.4528,197,139495.300218
92.255001,96,139533.070718
48.875547,60,139556.620844
888.666688,257,139655.655197
213.811233,137,139706.309316
191.262817,115,139750.640519
478.573501,181,139820.789953
601.916035,191,139894.737386
526.023142,186,139968.142175
212.425274,121,140014.167753
1058.881195,269,140116.387102
401.739587,160,140178.203826
462.764171,177,140247.176671
303.364067,144,140303.854739
949.676187,265,140406.442755
336.28194,141,140459.976446
330.884247,140,140514.584809
600.063933,196,140590.802396
520.616003,180,140656.983883
-48.724293,56,140678.499743
1093.064263,278,140786.308769
276.508877,134,140837.563218
1262.427223,310,140957.266331
1101.994615,280,141063.934216
306.53125,153,141122.271538
2012.165805,363,142036.84344
312.412881,140,142092.374841
1945.306925,388,142240.698169
320.801827,143,142297.729469
858.739354,250,142396.345004
392.805603,164,142458.238492
1537.134272,331,142584.761847
738.976208,222,142670.867213
437.451752,181,142741.072316
693.270489,234,142831.1164
851.60868,240,142923.798829
1630.648631,337,143051.225344
879.734532,240,143143.486307
206.615223,116,143186.359171
113.046357,90,143220.325022
1033.495377,270,143324.140847
199.706625,112,143366.879321
362.326934,152,143426.940654
127.358403,110,143470.428335
284.727818,131,143520.392033
243.021762,129,143569.753403
399.188433,173,143637.390574
384.926251,160,143699.058171
369.210148,169,143764.796716
91.271987,79,143794.282926
1120.251813,282,143903.411234
1012.646471,278,144010.178581
247.528429,130,144060.506119
2437.713768,428,144224.607999
209.37611,115,144266.635155
232.81401,117,144312.472459
381.64611,169,144377.712179
1778.821001,350,144511.645657
634.872887,208,144589.957984
573.256985,200,144667.145054
201.487091,125,144714.886111
919.42238,260,144814.801009
911.971992,247,144910.988676
183.545743,111,144954.224155
213.598642,120,145000.174298
98.729692,78,145031.198907
207.081941,112,145074.110245
143.990286,101,145111.201253
391.33701,156,146092.997832
159.29327,112,146135.618855
1101.706121,280,146244.349851
130.303251,95,146282.160606
625.768128,197,146356.962094
546.68069,184,146428.198248
197.550515,111,146470.541554
353.611513,150,146527.529239
270.612598,132,146577.637627
430.025728,157,146637.515179
54.221907,75,146664.496262
455.851108,168,146730.262811
959.691126,266,146833.146038
582.164472,195,146908.347609
1580.775002,356,147044.675115
430.653964,172,147111.323303
93.41948,109,147152.577767
670.674702,207,147232.835835
273.804135,138,147285.558577
419.023283,162,147349.352702
889.323867,242,147442.034315
543.133765,183,147513.524775
535.391955,191,147587.087639
734.072237,234,147675.691151
856.270175,238,147768.204727
747.10866,233,147855.770759
180.936379,110,147896.96001
308.116545,149,147953.708531
734.98979,237,148043.511399
477.856372,172,148109.728513
1141.487856,297,148222.072481
340.453625,156,148281.615534
193.676485,122,148328.013249
227.604457,134,148379.186159
520.091191,191,148454.540785
174.509338,111,148497.405713
712.260419,226,148583.211634
109.021309,95,148618.588904
107.415698,93,148653.963552
17.582338,50,148672.915759
647.838245,202,148750.979438
322.526247,146,148806.811522
591.810139,190,148881.127373
1806.911145,350,149019.04485
1644.919797,354,149157.139649
859.906749,260,150325.310568
1564.725553,337,150455.075335
1849.890813,377,150602.574542
1069.731994,262,150705.830122
401.615787,162,150767.107159
1012.358781,266,150869.116094
5.429707,82,150900.650975
1513.554438,315,151024.165286
1040.901974,280,151133.001939
304.341022,147,151189.069588
1084.924154,270,151293.107962
455.262798,173,151359.676123
1213.515031,289,151470.716958
1147.084839,298,151582.517128
29.25536,81,151613.870961
772.685376,231,151703.635752
83.887178,96,151739.234575
363.135131,158,151799.789411
539.476894,194,151875.122017
486.189858,176,151942.330841
598.689243,200,152019.316914
221.598462,123,152065.677981
2066.304691,402,152221.833657
969.333925,259,152329.833211
382.523902,167,152399.063379
43.09942,65,152423.67981
256.080988,129,152473.414597
5.502719,50,152493.452057
663.29408,219,152579.382123
1009.788182,280,152687.506846
1206.029658,285,152798.928377
1829.57517,344,152930.963449
65.847021,78,152959.737442
179.184535,115,153004.444901
161.406821,114,153046.886275
171.27663,109,153089.293824
723.918025,233,153179.79734
1201.691776,282,153286.131801
1727.63336,352,153422.336004
156.81808,118,153467.105101
97.641907,100,153504.677299
1986.631632,383,154652.878657
134.324328,97,154690.409795
364.146467,175,154758.668368
1779.470925,373,154901.39791
732.599786,229,154988.658123
1741.34079,344,155134.279243
517.347304,191,155209.716762
263.004245,123,155258.091946
-48.696316,44,155273.581025
2112.151465,388,155423.145039
93.254627,91,155457.982956
1338.047847,312,155580.792962
18.07606,57,155603.907335
226.731201,125,155658.452204
127.254746,106,155704.159269
1206.957143,293,155815.840833
577.37513,199,155893.225072
88.084797,84,155926.479548
189.149741,106,155967.037071
978.788357,273,156070.767983
433.082218,182,156139.985735
1954.524106,360,156289.968019
82.573968,81,156321.131076
87.337865,84,156354.422167
548.396712,214,156432.624902
815.795439,241,156525.297165
385.935475,158,156585.657967
668.148212,218,156670.542348
655.545557,212,156752.099536
1468.361538,334,156891.337066
1373.988341,314,157013.134742
241.302264,143,157066.646814
920.729934,255,157164.307418
1451.214322,330,157291.630856
2200.486739,423,157465.738261
124.532824,120,157511.568437
634.51073,214,157598.50449
1794.72368,363,157739.152463
2060.938269,374,159129.75971
2228.695832,406,159302.734907
101.984532,90,159339.144023
116.956581,98,159376.577692
370.3229,149,159434.611353
1028.867183,275,159541.567646
317.783132,144,159599.423502
1860.418872,386,159750.565275
82.775204,84,159783.969424
309.315348,141,159836.831815
180.625666,124,159895.98607
24.26246,65,159921.533849
789.749796,252,160020.443473
1815.180579,367,160164.335083
1865.638734,378,160307.537634
1117.047634,287,160419.027214
1220.750293,281,160539.286355
1319.661203,309,160658.349573
1456.160382,331,160786.552981
949.916018,271,160890.573586
661.677715,207,160970.721799
525.694525,173,161038.10002
903.781657,257,161148.477394
891.922615,259,161247.567066
-40.247351,57,161268.815379
272.503339,142,161324.852305
1074.875872,272,161429.411222
205.308014,115,161473.416461
406.967215,153,161532.749809
501.167865,181,161602.640406
1106.401046,280,161720.456834
1064.029427,278,161828.868634
145.601741,103,161867.627046
543.413122,174,161936.56432
723.134844,231,162026.180395
1633.055694,348,162161.095697
878.415066,257,162270.530764
684.200665,212,162353.388831
2245.1672,426,163650.868856
1500.555712,342,163785.150641
639.662327,203,163862.143386
2138.455385,403,164020.878758
514.912902,189,164104.288594
655.70776,211,164185.96534
522.962626,188,164260.476348
-16.207007,75,164288.75912
1013.849372,256,164385.184782
114.231463,91,164419.856992
965.809503,248,164516.389843
227.336312,143,164570.087675
922.065552,259,164680.705145
283.13921,140,164734.270626
902.940602,247,164831.027998
503.718458,181,164899.951309
347.181238,161,164962.975643
1432.952328,322,165089.252495
287.160767,137,165143.09944
826.187905,239,165233.122529
1056.951855,284,165353.126135
1512.324574,340,165473.498597
267.173228,133,165516.808254
652.508618,210,165584.510712
136.545797,106,165619.612708
2035.868568,400,165751.11963
1381.109305,313,165854.207391
559.814418,184,165914.876732
285.53907,134,165975.140332
1050.866365,261,166061.594062
537.533911,185,166119.745196
176.338477,116,166156.252719
1655.556076,353,166281.350433
346.532853,165,166343.313221
201.346269,122,166389.280205
1332.363572,310,166525.08017
1029.966931,254,166625.116566
1325.075563,300,167809.172893
564.53185,189,167885.079152
89.273226,97,167922.023335
888.899962,262,168027.045825
1464.169373,334,168156.647233
380.180655,157,168218.319479
321.446785,144,168286.142117
470.013277,184,168357.611172
591.165906,225,168444.816535
32.568699,80,168476.153053
913.876349,258,168575.845132
992.237067,257,168674.536491
1013.628757,274,168780.3532
400.405831,158,168840.614786
1041.060256,267,168955.262107
1774.340029,317,169079.402813
93.621358,86,169111.374905
900.398004,266,169213.087116
485.426214,179,169282.603833
-15.920277,65,169307.127657
816.997511,238,169396.493533
295.525128,141,169460.993894
-64.938892,61,169484.782152
880.071474,258,169583.31599
1181.787783,288,169694.228181
2441.438276,433,169860.054642
197.889413,121,169907.155158
1887.303357,359,170053.127108
1078.146128,277,170163.831158
772.422364,233,170253.175151
499.044034,185,170323.892626
2203.731241,412,170485.280976
992.272551,284,170596.026361
606.830084,232,170694.202209
546.422425,201,170773.201173
202.139386,128,170821.703524
1151.629217,270,170926.789349
682.525212,218,172123.834389
191.883117,117,172170.362561
73.458303,82,172202.930158
19.671108,62,172227.966645
2592.303746,449,172405.396488
1309.730129,301,172533.664415
324.650776,146,172590.815094
1349.997942,313,172712.406647
2722.028549,433,172881.09485
530.948247,185,172952.803297
919.986757,248,173059.906957
1074.918372,278,173168.586732
1122.339752,273,173274.456198
956.845399,254,173373.648739
1023.70107,264,173474.355078
383.589766,153,173534.58772
1106.018866,281,173642.844512
-39.531806,49,173671.167577
1736.949025,349,173806.463444
1499.481506,337,173939.123075
1469.840324,342,174066.922683
50.676219,83,174099.200159
556.443724,188,174173.182652
308.127953,155,174231.514908
976.368834,271,174345.745762
99.251565,95,174381.777914
391.269999,158,174443.665717
446.407475,179,174514.014266
1094.146769,280,174621.439391
177.065864,132,174673.292961
2074.658317,369,174813.999059
1250.48593,317,174951.10886
470.815397,184,175022.41491
1037.583101,262,175123.993619
503.031907,184,175193.944551
403.431974,169,175259.157422
2633.017136,435,176470.270251
2045.727063,392,176623.829252
1024.104999,281,176742.782264
877.62591,243,176839.514858
20.302194,70,176866.449631
497.437632,197,176944.256827
229.708919,129,176992.965453
880.18127,259,177092.108441
1825.660772,358,177230.106886
727.060787,223,177329.642557
2543.529123,422,177493.008158
512.216622,199,177567.922944
394.553725,164,177632.021906
1364.591145,312,177753.484504
69.065241,92,177788.856921
576.902069,199,177874.878155
1181.92061,300,177990.400328
1481.250989,326,178114.764178
839.25116,243,178209.685847
557.928812,179,178276.611626
1395.814097,327,178403.871938
307.788103,139,178468.245392
-53.235824,61,178491.991591
167.801094,108,178533.672496
1157.854417,273,178640.947415
1181.648165,284,178752.706048
2.542005,72,178781.507632
2675.337783,449,178957.190661
262.318223,131,179007.249142
619.124879,198,179098.232417
1301.211475,283,179208.771104
1765.141059,364,179350.797901
1925.176999,368,179491.276377
250.091592,135,179542.710427
1503.328259,341,179688.40901
370.011002,162,180945.298892
688.709518,213,181033.607426
295.124927,136,181086.377224
252.304834,136,181140.710485
239.080475,134,181191.734387
267.794644,126,181241.343315
786.99829,226,181331.434979
451.994506,174,181399.244706
1168.747539,278,181516.522338
1938.874717,392,181667.015339
358.82233,158,181728.856958
1221.02771,281,181840.049646
1368.925275,316,181964.787567
45.477973,83,181996.683704
546.437024,201,182086.434917
366.38675,163,182147.784625
1354.789585,308,182268.657842
723.923242,226,182354.747309
1427.251392,329,182481.301677
856.25299,254,182579.102748
1691.283121,353,182724.541141
1197.172124,293,182836.87468
580.958135,203,182914.476186
1356.44631,313,183033.311039
327.008832,144,183088.796571
1834.55644,373,183231.819585
1627.006475,346,183374.188895
89.798684,89,183409.463198
630.528599,211,183492.709419
-110.955608,61,183516.17886
22.188449,78,183546.512866
1219.619147,291,183660.714049
345.870417,143,183715.88901
1702.683797,350,183862.708676
722.161248,218,183947.525982
956.250558,220,184033.64047
1568.016619,343,184165.592082
1244.161557,294,185332.705963
368.124241,159,185395.890191
2670.049026,446,185569.246276
1888.098841,378,185728.765581
187.444121,119,185775.730421
1280.905731,316,185897.341133
76.239983,89,185931.935747
1235.1063,298,186046.841473
236.697043,124,186094.453124
123.311344,105,186134.986194
1234.317059,309,186267.190336
205.190629,111,186310.109015
1671.601527,356,186445.804635
2403.203037,433,186614.924314
11.348365,101,186654.093556
260.649099,133,186705.336883
877.354666,248,186803.064027
267.330698,144,186869.131523
286.088361,158,186929.205965
168.478196,102,186969.132712
252.505373,135,187019.387375
1295.365966,311,187139.035129
82.09148,102,187177.466406
999.495716,275,187283.970092
1411.656115,319,187406.061496
203.811425,128,187464.840662
1425.229643,325,187589.676197
960.158609,258,187692.777705
2986.944495,438,187864.468667
274.165167,138,187917.044488
455.252771,179,187985.519643
188.741947,119,188029.767351
52.671998,78,188070.933962
297.091881,144,188125.755468
257.976842,134,188177.425773
2321.955647,397,188330.261994
983.839891,254,188430.946695
306.501864,156,188490.163102
298.339292,131,189658.913454
113.033151,90,189697.180005
72.244319,96,189736.373199
191.927229,132,189788.864531
1346.343161,312,189911.362137
192.130851,135,189964.240025
2102.994406,395,190116.340328
604.030819,199,190191.935556
152.126764,131,190242.557254
1506.341306,335,190372.506209
162.884122,120,190421.589614
907.115211,258,190519.798706
84.225773,88,190554.57654
728.49635,206,190637.296015
2720.673321,447,190810.360258
107.567678,87,190845.279849
429.627568,172,190912.5283
1968.964019,379,191059.716331
1342.831025,317,191180.916571
276.239086,143,191236.590526
62.928189,90,191271.078285
1097.352566,282,191380.175881
1585.879854,359,191518.359805
1411.99628,339,191648.649825
1378.832961,299,191762.446019
1960.842345,391,191913.970395
1748.283748,374,192055.69463
1380.093241,318,192178.431947
1110.978223,282,192286.66629
1197.169722,294,192400.325069
537.440228,188,192473.630705
578.801957,198,192550.197921
1920.374228,385,192698.292288
1448.344156,333,192823.63467
248.175955,146,192890.791791
564.954052,197,194146.399484
2640.039933,431,194312.752824
1082.074116,286,194423.439434
599.941687,205,194502.775247
-36.857176,61,194526.776372
313.548496,155,194586.415787
1605.540958,333,194714.935553
272.72377,140,194769.523186
1865.078426,382,194915.00612
181.410294,109,194956.769514
1514.088943,334,195087.870181
266.440243,128,195138.248349
764.120872,228,195227.741256
812.039447,234,195317.57761
360.980282,144,195373.014395
407.18484,168,195441.038262
440.604313,173,195507.240891
972.690173,269,195607.706861
1063.736499,286,195717.203421
140.133848,103,195757.183424
636.215662,203,195834.375037
2470.46793,431,196000.522384
2059.407387,375,196144.184333
1318.977171,308,196265.03185
809.839298,234,196354.200775
1278.216827,318,196475.849342
19.563909,71,196503.785405
119.631475,95,196539.312617
161.704341,104,196578.174688
1350.115268,319,196702.688941
1241.763437,293,196813.839861
626.496399,221,196897.926707
2679.717873,447,197069.935918
926.333583,260,197170.255951
971.33935,251,197269.118555
43.457934,82,198521.943311
30.648049,75,198552.40949
142.038248,100,198593.019194
1071.285618,278,198701.24474
659.468886,215,198784.718477
1228.678969,274,198889.309073
69.625582,95,198924.492628
631.558896,202,199000.636151
429.344055,171,199069.709545
633.798851,215,199154.884437
89.899795,96,199194.170124
208.455844,123,199242.987685
2178.048482,404,199400.683264
575.706167,207,199480.746364
-31.036865,57,199503.00684
289.992846,130,199554.111197
1065.557225,267,199659.651541
1300.445867,301,199777.890786
1361.597464,313,199897.66315
646.687786,202,199974.938777
1740.626659,359,200110.08502
423.473306,156,200171.977703
1059.21647,279,200279.457327
2257.175048,405,200434.014803
509.58768,189,200506.623703
224.099665,125,200556.645802
2924.354764,481,200742.306943
811.42249,247,200838.488275
1570.721993,344,200969.254168
823.820612,234,201061.609656
968.104043,262,201162.212322
1223.989595,293,201274.359375
133.641529,106,201316.371472
1285.811431,321,201438.693032
85.38929,94,201475.191913
138.701822,102,201515.150415
17.449957,78,201545.411268
534.274892,190,201616.357432
1182.84597,275,201721.843229
1449.076332,342,203122.441682
1132.488168,278,203231.182191
1878.238419,340,203362.539479
235.338732,127,203411.108212
611.612217,210,203491.663367
659.680547,198,203570.341037
1266.500986,306,203687.160114
1540.298863,336,203817.569697
354.92758,161,203878.559275
200.096027,117,203924.080037
541.862189,205,204003.896677
560.996092,188,204077.088883
277.876733,140,204131.822443
2418.17109,430,204298.41546
178.088432,112,204341.133614
899.834282,262,204444.261761
1236.599695,298,204558.853831
276.76254,152,204617.19758
2787.045031,439,204786.286741
155.852573,116,204831.782688
452.718928,181,204899.193865
1429.440258,320,205021.580667
593.410851,195,205097.64257
-27.489376,61,205121.15961
500.464695,184,205190.659571
1862.451352,368,205331.293677
968.609312,260,205433.30072
169.382417,102,205471.439566
678.615555,187,205546.480564
1179.075805,304,205662.37327
1859.984472,382,205810.561267
637.840217,220,205895.990339
25.412247,73,205923.732422
2802.219408,452,206096.953131
102.097432,93,206132.603899
64.949972,81,206164.323578
2071.986685,371,207519.056773
760.104331,231,207606.671071
1041.129949,274,207713.131812
993.503883,259,207815.349247
284.324399,137,207866.036462
81.582665,105,207906.358064
1345.836236,308,208027.669467
1795.011059,356,208166.443396
2664.428983,372,208311.43013
246.772915,130,208361.304255
1204.392648,299,208475.422238
1177.614405,286,208585.943428
256.478076,134,208638.652623
555.303578,192,208713.756829
1154.527048,279,208820.886677
742.549319,231,208911.796109
956.124314,258,209012.785567
2533.027703,436,209176.956063
-52.26959,40,209192.735991
1127.362515,280,209300.359333
1712.73674,355,209437.705912
267.95247,133,209487.991131
675.773219,209,209568.073814
509.514462,190,209642.914606
629.674436,219,209729.506197
1064.303219,266,209836.96576
242.381439,123,209889.810587
1238.013153,299,210009.610435
586.514828,199,210084.653919
800.649235,230,210177.331725
1656.27551,354,210311.236656
632.680628,212,210394.389647
571.939687,197,210468.504088
-10.998928,51,210488.637084
601.776491,197,210565.789896
1107.59099,279,211863.222885
198.042727,117,211909.948509
939.991896,250,212011.657497
2176.590554,423,212173.839009
686.951037,213,212254.993073
471.303074,178,212322.196627
888.197877,254,212419.007986
1227.307645,311,212543.462508
2660.218813,429,212709.402117
100.185144,97,212747.010264
117.024859,102,212786.408602
56.136925,88,212820.483474
359.207422,156,212880.031569
1538.091002,306,212997.749007
983.228709,253,213094.53893
82.861782,112,213137.190761
352.992468,134,213187.37278
1960.701577,382,213334.310606
1330.161239,305,213450.934655
242.057717,137,213502.873599
143.104052,105,213544.183017
2493.42114,443,213714.475181
2031.501344,396,213865.527285
1412.875474,321,213987.797923
1045.757794,275,214093.822016
1507.010297,325,214218.114273
2365.479574,415,214378.386482
2001.647579,389,214526.352246
3342.501342,479,214710.745857
1271.904794,310,214829.034134
1466.720873,323,214955.342183
77.731306,97,214992.87073
2270.443943,414,216382.313715
137.76277,97,216422.144866
1028.520626,284,216533.131287
748.950019,253,216631.40088
1749.273398,364,216771.980181
800.425804,258,216869.960054
591.112016,192,216944.143345
156.172102,121,216989.592549
2076.574458,397,217140.186506
1650.847063,330,217267.819272
255.777234,143,217323.137369
615.688339,198,217400.570742
494.161551,183,217469.252586
653.752196,208,217549.03317
410.263718,177,217615.824806
964.917008,250,217712.927665
1529.600432,336,217841.728977
1440.745477,324,217967.380886
401.19615,169,218032.137628
1062.238239,280,218139.16324
-49.039743,53,218159.710897
704.044183,211,218241.993486
718.10316,217,218326.358034
1540.911803,340,218456.320812
1799.610876,328,218583.224014
1643.011537,354,218717.520232
2006.040157,395,218867.297885
1715.916138,329,218995.041768
1251.107112,292,219108.678219
965.534143,255,219208.127758
983.334457,269,219309.968434
78.273965,78,219340.502157
129.330517,119,219387.123628
562.913857,198,219462.512854
1118.823137,267,220708.648031
1888.64786,377,220863.401207
1391.610091,309,220985.78608
683.072717,219,221069.583722
1983.07764,388,221219.062038
589.716001,195,221293.870665
370.646402,152,221351.295671
1321.414428,302,221467.013578
479.467788,173,221533.640583
330.01432,137,221586.171486
386.560436,167,221648.733371
1667.763488,345,221780.648105
274.757335,142,221834.573251
2012.350138,389,221985.402638
475.490241,176,222054.28483
333.51944,138,222107.788173
716.006742,219,222192.456287
2171.126451,370,222335.643614
237.721288,134,222386.141606
174.703717,121,222432.423211
694.541132,228,222522.696332
1344.655943,265,222623.991351
564.12665,196,222699.724808
1561.340256,342,222835.650288
196.200597,118,222881.684691
1017.686158,256,222981.698547
8.772641,108,223024.386466
2506.171692,421,223184.817676
1072.355551,278,223290.799333
716.263247,209,223371.184844
951.024162,259,223471.424846
2382.378571,426,223636.847571
946.843706,266,223740.784621
1029.020534,270,223842.347093
342.443701,163,225078.434082
600.997589,212,225160.474035
263.959564,149,225219.046927
156.001891,104,225259.528633
819.132769,230,225347.054671
1342.792288,307,225468.456586
1506.470091,332,225597.441317
254.036757,120,225644.293624
1039.140182,271,225751.848964
1343.3569,321,225876.261165
2805.592037,425,226039.272671
1338.277225,309,226157.472166
1863.010579,353,226296.370993
2528.418338,425,226460.876595
548.616843,200,226537.38891
185.997832,109,226579.132017
1271.975487,304,226696.609802
-55.866811,57,226718.847679
1547.280455,302,226835.972673
1274.566933,310,226956.054806
704.267777,239,227046.075815
149.317196,104,227084.844192
752.714247,226,227172.351903
1567.750024,350,227307.436303
76.13423,79,227338.132609
1706.063977,349,227473.273676
2700.077767,461,227651.12461
236.639198,115,227697.088729
12.186,76,227726.347948
1523.289554,345,227859.103276
298.868646,139,227912.065717
1471.766342,326,228035.842199
575.264741,205,228115.320137
1150.593478,285,228226.504554
16.229821,80,228256.168662
2001.327323,355,229599.803314
1375.279406,298,229713.592417
309.558118,138,229765.806933
1231.246036,313,229889.68932
304.432414,148,229945.914843
909.415755,234,230038.601884
524.100652,178,230105.762616
2491.446707,433,230270.92664
1612.243804,361,230415.694826
249.326532,113,230460.060364
223.233824,121,230507.570714
2456.681326,435,230672.5248
1175.384278,299,230787.72033
2009.116296,383,230937.650752
1123.139891,270,231043.017041
14.442234,60,231066.333241
243.135058,130,231117.051956
857.357193,248,231211.217178
1192.482977,283,231321.77302
890.184613,256,231420.946231
1345.021089,309,231541.092566
1007.167826,268,231644.071171
584.955282,201,231721.535619
136.835167,117,231766.490275
645.151768,219,231849.182777
2817.312863,453,232024.188208
1361.222149,327,232149.02137
1483.269897,335,232275.638591
1242.818872,306,232390.960568
1010.418646,283,232498.108438
1339.95818,310,232618.515599
780.497509,234,233862.263064
355.111386,154,233921.712176
863.94854,258,234019.57986
1535.912104,328,234148.047933
583.203154,187,234219.089136
17.506906,87,234251.800962
79.405762,81,234280.482116
636.435351,216,234362.929402
682.760401,228,234449.559134
511.040106,198,234525.855267
1585.237696,339,234657.364946
671.368704,225,234741.081763
1111.700655,276,234847.188927
320.711005,142,234900.798774
375.662168,141,234955.308341
328.412895,136,235008.065979
1889.035622,382,235158.134163
1082.063291,268,235263.059585
481.69661,191,235337.254146
2288.503776,428,235501.832773
244.597344,129,235552.287878
1747.033671,349,235687.029794
1422.993119,311,235806.941038
919.374818,249,235903.942639
956.384876,268,236008.262725
2485.329396,428,236173.683319
1399.159609,306,236291.723423
1308.710922,302,236408.988041
2419.187817,424,236571.950479
459.893218,170,236636.624089
1219.032471,286,236748.412112
1144.495986,287,236859.292226
2370.871387,433,237025.487483
392.765092,163,238314.777702
463.226174,181,238383.243085
189.552091,120,238428.379111
112.709681,90,238461.210197
1058.397083,229,238552.315707
306.221867,137,238604.230813
324.924264,152,238662.807369
918.632825,235,238753.973846
550.995742,186,238828.286752
1209.606873,304,238946.271286
-80.675626,36,238960.789617
309.489909,151,239020.058177
474.090566,177,239086.966996
2569.935184,439,239257.862422
1584.543519,351,239392.035143
578.681024,202,239468.10426
1128.766537,293,239582.933699
826.397473,230,239671.209878
256.410752,126,239720.20652
1598.692171,345,239853.101339
1150.904578,291,239966.6686
312.394569,125,240015.422791
376.468246,171,240081.351667
256.053864,126,240130.112347
589.537452,199,240207.172109
2225.396808,414,240367.189135
1443.861641,324,240492.174342
1390.896223,309,240609.102762
40.057625,73,240637.264283
218.53546,131,240687.944249
1596.704785,347,240823.260584
1534.294038,318,240946.456821
612.390028,216,241030.95453
671.450253,206,241110.44812
766.116181,237,241200.48176
1330.060532,288,241311.672982
1458.500524,324,241437.545645
208.19352,132,241487.443958
2434.576563,417,243098.98534
279.901469,138,243152.748048
78.510826,73,243182.201854
893.228979,251,243279.913168
1220.45665,312,243400.65902
129.643214,113,243444.790326
685.974624,205,243524.306551
709.205918,224,243610.905424
-61.376603,56,243632.234769
481.092597,168,243697.561966
1575.561549,339,243828.367815
1615.099487,331,243957.123066
1468.622901,313,244077.369188
1059.536717,268,244177.638497
178.511604,109,244218.868769
1477.2311,308,244340.950521
317.994543,151,244397.827921
170.575416,110,244439.591452
1270.768763,305,244555.276461
766.836685,229,244643.379269
306.106557,153,244701.824914
2442.042308,427,244866.336097
1135.020236,279,244972.778179
1303.620982,294,245086.33096
598.779948,210,245166.902187
217.233898,120,245212.845636
1466.462147,323,245340.320812
2754.380629,460,245533.678618
2198.157844,433,245711.720215
674.209897,210,245795.21364
-6.923962,66,245822.454361
1278.643772,304,245949.18058
646.905301,209,246041.575028
176.435537,136,246094.107466
1058.156304,264,246195.623698
284.070614,139,247554.729808
1735.940786,330,247685.96204
565.814239,184,247756.182559
908.235493,254,247852.001538
47.804754,95,247889.49657
223.801546,146,247946.66111
3131.091505,449,248117.881058
1219.240884,272,248222.81164
1490.054479,338,248354.181284
2677.783363,433,248521.279713
911.264299,254,248619.170859
-53.039691,83,248650.904143
990.534522,260,248751.953692
384.425933,160,248812.90731
529.017049,189,248887.277915
250.301553,148,248944.425858
245.397215,132,248994.702728
1695.757967,364,249134.874337
911.211231,269,249236.316348
3335.60263,453,249410.731263
567.648228,196,249486.363871
1186.393649,276,249593.05253
1467.777788,299,249706.929446
583.366084,198,249783.131605
1000.073583,263,249883.906802
958.404723,257,249984.538913
592.783256,202,250062.152336
359.863302,152,250122.471311
45.316216,63,250147.011701
1972.716644,382,250297.122256
687.036434,234,250385.532069
583.112215,208,250464.948163
861.246945,246,250561.047824
260.768526,124,250608.746657
2019.031919,386,251831.418586
897.48306,263,251926.166566
1128.884461,281,252021.006355
1520.583062,330,252129.283972
1828.244112,366,252246.580741
1879.327746,354,252361.794141
871.511823,242,252439.419578
789.65828,203,252504.674264
1797.623618,342,252614.626094
692.070279,221,252685.398619
1231.605606,290,252795.092005
73.06849,64,252818.85516
9.26345,77,252848.342918
1391.493306,315,252969.565835
845.571766,212,253049.007087
1435.639037,332,253177.015829
1174.919404,297,253288.430385
251.664787,116,253333.984193
97.695693,89,253368.639345
1302.96884,320,253492.94034
201.070247,123,253551.238387
91.398103,110,253591.8205
1062.16659,275,253697.872765
889.717958,238,253787.936089
493.559114,182,253858.245575
1023.117525,271,253963.404486
591.548262,213,254047.12912
610.478902,209,254135.992644
1600.97395,336,254268.474151
588.757513,200,254348.263525
486.037267,186,254421.217193
515.968896,180,254491.984403
162.527755,104,254532.521407
1952.777879,389,254696.184991
789.720167,222,254783.540965
652.994815,224,254869.207165
40.042919,85,254901.208334
2006.921984,385,256296.47069
1288.145771,303,256414.939444
1054.661654,272,256534.241759
678.340015,210,256616.140936
541.007746,204,256693.695631
559.482013,192,256766.886731
332.509539,148,256824.096479
-71.136246,43,256841.229178
635.160494,195,256917.191972
2355.913253,397,257084.929167
-68.850941,47,257104.776312
311.621309,159,257169.928246
1370.860588,312,257295.558103
2459.7692,434,257469.031936
2549.782927,433,257638.566818
1502.799807,336,257784.670442
2390.0292,433,257958.140554
772.84564,221,258046.211253
1149.684093,274,258153.256387
1629.346022,340,258296.881983
1895.232819,374,258444.078712
1420.579713,311,258565.570582
1660.631812,339,258699.385756
2362.550632,426,258864.659693
1692.512129,357,259012.710183
82.160862,81,259043.38628
1181.552316,288,259156.67837
1350.553942,319,259279.039589
390.365595,156,259339.686522
289.183373,142,259393.509803
3021.878529,443,260813.443153
170.000659,110,260857.846873
-32.549356,47,260876.524879
1225.18567,297,260993.353308
-12.950527,50,261012.0807
2652.33525,451,261185.44129
137.139216,104,261225.51859
2483.824391,431,261406.623894
2034.897224,379,261554.242687
309.506723,150,261612.948734
480.546169,187,261685.806301
2410.370169,428,261855.222963
908.461798,257,261959.894982
907.87737,253,262058.053066
235.25972,127,262108.308876
1091.371407,284,262216.011925
97.114786,98,262253.403036
647.129077,205,262332.799464
1351.964585,321,262467.66162
599.904615,205,262547.794817
2254.456926,424,262711.126144
2389.540895,424,262873.033061
1736.166705,367,263015.380974
479.464697,175,263094.989476
1431.410838,304,263213.118413
1671.634978,354,263352.63491
535.745509,209,263432.90326
1501.577914,332,263561.20475
2775.154116,457,263748.854032
2513.087826,431,263916.673775
973.936705,266,265345.483173
1009.138511,261,265453.971299
2517.245342,427,265621.209057
2751.58977,429,265788.536001
185.194639,110,265830.934751
1593.98115,354,265966.558177
591.635289,198,266042.63943
2384.162822,422,266205.130672
1727.071247,360,266345.312457
1532.270151,307,266462.915871
1075.620011,261,266562.273778
2618.063785,449,266732.513328
1759.058381,363,266874.355731
152.806978,108,266916.244687
1039.469451,273,267020.427443
2915.660202,456,267197.013775
1361.358972,303,267316.307101
620.392203,216,267397.814194
378.96458,164,267462.216209
504.642299,182,267531.648414
213.950253,128,267580.21651
-88.974869,54,267600.909985
1554.318364,347,267736.387367
283.954031,161,267797.905212
98.055132,106,267839.063511
2584.247606,440,268010.233904
233.463899,132,268061.834632
2722.343788,427,268224.659563
382.834976,155,268290.279129
2664.124404,437,268473.4164
795.639306,246,268569.269935
2861.099767,456,270116.398675
1642.634088,340,270248.521554
252.426556,147,270305.635234
320.469488,149,270363.768255
1099.178886,279,270471.555599
-66.928372,44,270488.396174
59.317733,79,270520.252307
755.226803,233,270611.183811
183.905847,117,270657.670667
171.530814,122,270703.463027
221.843457,133,270753.270449
761.136743,225,270840.226124
2584.44936,441,271007.301432
377.832922,160,271070.147883
1608.76556,342,271201.757213
1089.639047,270,271307.124618
764.949996,247,271403.05343
276.353829,132,271454.773612
1074.527262,278,271561.402603
1484.108308,333,271691.156932
196.5947,130,271742.084452
2426.08314,425,271902.749021
784.489392,232,271991.66364
1969.823035,393,272142.47924
452.722271,171,272208.747964
1481.319105,317,272330.689596
682.774967,214,272414.295518
94.247771,94,272450.552689
1270.902265,293,272563.855256
2149.005355,397,272717.838563
2452.66857,434,272884.487759
1361.619819,321,273010.276937
1475.876695,341,273142.363765
947.954683,250,274555.104347
856.610236,240,274650.027248
319.317835,145,274705.623242
112.245684,102,274746.240829
2349.024665,429,274917.053376
2680.701823,442,275088.560842
376.048967,160,275150.330543
509.968624,187,275220.350216
1382.947716,299,275337.671779
52.476848,64,275362.15427
616.363492,213,275442.38878
949.288887,257,275541.023969
1616.316431,347,275675.041899
2853.665549,439,275846.412387
2068.317531,396,276000.011554
1259.843958,299,276114.213125
271.048748,128,276163.632278
2280.366367,428,276329.444591
125.601461,111,276371.782141
280.334596,149,276428.487572
144.5346,106,276469.648933
2505.42775,429,276634.750526
290.077266,152,276692.95612
1389.136129,316,276814.975719
175.694565,114,276870.95824
1010.949928,248,276968.180332
482.994549,190,277043.588146
648.820598,216,277127.111384
2800.946731,439,277291.836976
1413.08454,321,277414.656884
1419.016169,322,277537.078956
1154.176951,291,277649.539399
2409.435463,436,279051.839837
2404.769322,441,279224.297642
1985.442184,387,279372.14204
1779.60917,342,279505.66861
3885.277202,529,279712.150587
1355.325676,313,279834.357731
1817.630683,338,279964.17757
1059.19041,277,280071.576649
607.987919,207,280150.364275
1041.591954,278,280257.347609
577.845479,215,280339.410182
1920.231505,344,280473.148336
1345.392234,291,280585.51384
50.254704,83,280617.915421
1321.310562,318,280741.826318
622.708124,200,280818.459319
581.513093,209,280898.39101
1095.421779,280,281007.760648
884.006462,241,281101.41859
1292.943424,304,281218.68792
564.467537,200,281295.830843
486.319678,175,281362.788507
234.728921,120,281408.510834
17.40475,59,281431.068838
100.408663,88,281464.976869
2636.944964,454,281636.436943
658.118303,217,281732.092492
609.128321,198,281807.018811
2242.335382,366,281949.676497
1896.849503,344,282084.962411
1459.11701,322,283581.979986
2586.670488,439,283751.664421
977.814003,236,283842.521938
1730.026297,363,283983.187872
1047.727897,267,284085.392377
1422.591672,324,284208.810601
2419.996936,430,284373.14467
383.57093,164,284436.531126
2593.00918,437,284603.066179
2208.047224,409,284759.164971
781.86606,227,284846.307945
1496.596858,332,284975.460071
1357.492263,320,285098.065865
1440.762087,336,285225.721384
458.520398,186,285296.398581
229.339428,136,285348.191292
977.764348,276,285455.259927
399.530475,168,285520.644623
1245.998495,285,285631.418614
2300.705693,420,285794.444707
1021.148003,277,285913.286685
130.287651,98,285951.961247
1131.447216,287,286062.146682
1001.607346,252,286162.106719
780.588766,236,286251.129849
1053.428343,263,286354.48492
281.754662,135,286407.311035
2339.485132,423,286570.459132
431.430998,179,286639.404032
696.236811,221,286726.411982
1055.173806,273,288251.537319
166.397861,121,288299.065665
873.585683,249,288394.033734
2723.518814,438,288561.014258
1277.392651,322,288683.258881
2253.700319,398,288836.123863
1365.287204,299,288951.563298
-12.0561,74,288979.151787
510.932136,178,289048.625112
545.628838,193,289121.836772
1521.495705,338,289253.373183
860.082852,244,289348.068584
1114.524444,278,289455.520608
307.192519,143,289511.370761
4.292418,64,289535.682842
1672.506014,349,289672.76775
355.827696,158,289734.195542
2677.164812,446,289905.591748
1047.506186,255,290003.127053
2464.874554,438,290168.748277
-14.245176,44,290186.193565
1379.228665,305,290306.2841
2848.092879,450,290480.153186
851.051859,240,290573.06088
2366.449045,428,290747.343736
1695.636906,359,290884.122587
164.356566,97,290922.97683
2173.838305,413,291082.786574
856.061657,231,291174.347989
1001.486978,273,291280.356026
1187.170767,294,291392.883887
1122.635628,273,292833.127505
818.328382,232,292932.550328
638.629185,201,293017.570457
1040.837281,281,293125.103831
2200.302463,404,293284.435299
2122.192748,367,293425.800637
656.15804,219,293509.32791
1125.456936,294,293623.102541
2368.392279,426,293787.539361
913.390879,253,293886.036178
1181.924532,295,293997.863796
761.371443,228,294085.572462
421.260738,174,294152.130018
1252.837456,311,294271.134843
974.263401,262,294371.131926
2552.823459,439,294539.193002
302.902644,141,294593.128155
1248.79226,307,294712.158792
608.763471,212,294793.485186
1322.797055,302,294908.720282
2296.370808,430,295075.468283
-18.440409,54,295096.315286
1767.02706,353,295233.126157
151.799822,107,295275.154705
286.176223,140,295328.842308
1696.954482,354,295464.309542
1899.624184,381,295608.799468
219.893058,133,295659.394295
928.399563,251,295754.366019
840.676869,245,295848.789888
289.874637,143,295902.781436
492.28014,196,295978.109909
690.754986,224,297433.451909
1927.695219,378,297582.994981
866.573161,256,297682.455574
641.379509,210,297762.605116
972.390851,261,297862.59841
2425.798781,431,298028.077371
2289.679199,423,298192.356822
2947.620811,457,298367.545325
1586.634102,337,298510.271704
1562.754671,334,298638.324658
490.949633,178,298708.152194
1140.575856,283,298818.371439
1767.015366,363,298960.376042
2746.647151,453,299136.556319
2729.542287,438,299307.09042
1206.668615,292,299418.583184
403.353118,163,299480.683116
823.471912,234,299570.995727
1257.880127,301,299689.851964
1640.806791,358,299826.907316
604.626533,207,299906.895606
2079.539608,341,300037.990176
156.158456,120,300083.688871
2532.943235,452,300256.249087
70.920464,98,300293.902941
1252.51521,297,300411.155057
1230.370825,295,300526.845581
1219.945249,300,302092.296365
529.68649,181,302164.572086
1455.79223,318,302292.395058
412.778337,176,302361.101574
390.151712,178,302427.1851
1968.621412,379,302572.800401
840.587314,242,302666.100659
1630.43031,355,302803.544293
626.986749,210,302884.757651
880.735359,255,302983.279126
337.706396,157,303044.580562
109.734344,90,303078.779651
2273.605552,416,303240.155189
2390.788369,432,303418.665313
1422.364097,324,303543.823269
1708.251404,344,303677.560964
836.398308,243,303775.790083
1525.260661,339,303904.696775
1745.975134,351,304041.379298
676.644376,216,304124.411183
1451.271482,335,304253.304227
34.335115,81,304284.790256
-10.543095,58,304308.005609
1561.267589,337,304437.977607
275.590839,125,304485.978757
1967.834593,367,304628.266652
1636.16162,329,304757.336034
393.449531,163,304820.795555
809.530807,229,304909.935588
693.776959,203,304988.119006
317.089395,147,305045.495528
1423.037626,318,305169.185827
2404.444923,425,306620.828191
780.149209,260,306723.709689
726.012582,217,306806.451065
528.618929,188,306880.009873
589.411336,205,306958.633568
1145.092764,289,307068.868836
210.236328,124,307116.570983
977.403442,280,307224.697316
1685.697254,366,307369.822749
137.161958,99,307417.729955
74.510923,89,307454.346063
1225.834864,302,307575.657762
1596.37434,343,307708.252074
1496.068549,334,307840.269783
235.817469,124,307888.525385
382.68426,164,307952.202456
3320.294132,471,308132.079886
838.315114,250,308229.012617
2701.381999,434,308396.108469
832.715008,258,308496.460299
1557.23596,330,308625.810752
1076.214999,287,308736.850535
93.044886,116,308782.009471
519.926296,198,308858.832611
2123.148937,398,309011.57217
1645.947422,335,309142.645269
605.533053,208,309222.661053
2479.638365,434,309390.16937
123.202334,101,309428.566132
1074.126049,270,309533.228948
92.657136,94,309568.159052
2570.452204,434,309735.241288
243.943871,136,309786.366953
1390.306222,319,311450.402961
421.174313,170,311518.357936
2590.425982,434,311702.195221
2434.939478,428,311869.269815
-15.027783,50,311887.914383
331.847252,166,311952.529578
2728.263268,430,312120.873108
252.178094,128,312170.112414
1907.810752,375,312325.077429
2593.874965,409,312483.441255
2276.69574,402,312638.691491
1659.808261,346,312770.819169
881.556389,241,312881.839837
731.581729,218,312968.616094
1015.111398,283,313076.575439
300.415492,147,313134.353823
2507.599947,435,313302.881592
238.237683,129,313351.35259
2734.225793,388,313512.001936
1792.943239,356,313650.68525
-15.491136,72,313677.966237
778.251479,235,313768.438271
622.081315,213,313850.100313
909.482748,254,313949.288473
89.207215,101,313987.398251
2209.516986,406,314161.219736
61.373757,86,314195.140669
2242.745099,426,314358.315371
960.252887,267,314458.684523
693.863125,208,314539.667115
1753.714757,351,315946.190711
1750.652693,361,316088.664586
1096.860169,276,316195.048529
2461.431313,430,316360.630923
2400.331431,435,316543.715821
1368.987384,309,316664.754193
1389.720028,334,316791.424217
121.662679,109,316831.400907
694.14978,230,316921.212405
2653.363734,444,317106.135403
2376.38423,433,317274.160344
2440.874952,433,317442.496595
-19.114764,71,317469.318225
1796.132658,373,317614.863088
416.005981,166,317688.691708
89.565196,112,317730.991794
773.450306,238,317822.743998
1029.638704,269,317929.867251
263.869202,147,317986.795403
171.40404,115,318031.835573
2384.819507,432,318197.8961
-83.098413,51,318216.714537
1388.378631,318,318349.508766
232.203963,127,318398.003755
818.798644,232,318487.195157
1187.385734,283,318598.538764
149.960609,98,318636.24757
2388.204222,435,318805.849442
646.160324,202,318895.072935
321.028668,153,318952.890859
1114.978858,284,319063.112211
1932.795176,378,320786.93964
855.611088,261,320893.217882
53.777995,86,320927.655339
841.387045,245,321024.835142
1869.3254,377,321170.098467
1250.755236,298,321295.265736
476.06072,197,321370.756362
184.675194,127,321419.192013
955.52065,269,321522.648601
1214.865874,284,321634.066267
2096.211237,382,321782.745291
873.868827,244,321889.856083
1696.350563,352,322026.910088
222.340093,122,322075.091185
225.155595,134,322126.35835
2647.26359,454,322300.615413
1167.127849,296,322413.551504
1967.859376,377,322570.01982
1464.740419,296,322686.361354
2257.662365,388,322834.846136
2825.163225,447,323007.77888
2425.213797,437,323187.968182
1075.280986,286,323298.428908
1278.999997,312,323418.826565
322.788715,131,323469.517136
2154.743136,400,323621.006009
1121.398143,286,323741.795249
521.950176,181,323811.81295
103.264959,83,323844.257948
2123.390347,383,323992.262294
1295.752973,308,325526.750279
2057.652215,380,325675.730339
400.920497,170,325741.814345
1414.272999,323,325866.725845
1880.189718,391,326016.201172
2455.034969,432,326195.420535
1044.034583,268,326299.833743
1755.300695,359,326438.451841
2200.215158,427,326602.253423
389.731276,158,326675.584863
2017.451116,395,326826.356097
1590.794443,329,326953.079823
2692.509933,463,327130.0706
2196.875497,426,327308.235317
1212.922273,305,327428.40569
972.569728,241,327521.438895
2402.404931,435,327688.349435
1399.411655,318,327811.498017
158.560158,117,327866.780525
2533.428719,433,328033.517622
516.836377,202,328111.759073
2612.124584,436,328280.567458
266.184913,123,328329.140009
2462.033278,438,328511.434011
1580.828203,335,328639.992867
336.882816,145,328696.547745
102.512477,117,328741.161993
221.681703,115,330157.065073
1101.297432,276,330279.767609
785.82226,247,330376.705669
2670.991611,451,330550.554434
2392.665504,425,330713.298826
960.602443,261,330815.933654
887.976381,260,330929.401496
1762.300829,374,331075.026794
2566.512986,442,331245.139167
591.877978,190,331320.16717
294.538487,141,331373.211312
679.59335,219,331470.5298
1221.465369,284,331581.537639
1751.152922,346,331714.573634
1482.362374,331,331842.588837
1293.255796,288,331955.578404
300.482948,152,332014.652608
69.065429,92,332057.695648
2413.090022,439,332231.821229
579.127366,190,332306.3026
195.282647,126,332355.763698
320.135226,152,332415.164057
1739.633312,364,332557.359922
1519.005649,343,332702.236302
2542.803703,433,332868.050022
1711.246893,316,332992.646377
1308.350685,323,333117.262468
1209.916748,269,333220.796782
1502.021447,340,333363.167644
2582.152603,437,334924.28578
653.150667,211,335008.746211
272.702109,145,335076.74443
758.512103,229,335167.551406
139.690481,96,335205.084582
226.326038,134,335256.969543
2145.990956,411,335413.30421
2578.965973,437,335584.089885
2471.451006,434,335763.131712
1500.250817,312,335881.2003
2064.271485,409,336038.759751
1927.607318,380,336185.501019
318.643445,155,336248.802979
1883.194492,348,336395.559264
2458.654642,433,336574.300029
471.483237,176,336641.833622
2268.360152,417,336800.229089
2518.463214,440,336980.208979
925.075981,249,337076.28487
445.526119,181,337146.883038
1592.945981,342,337277.105757
367.34225,161,337340.367954
330.094787,154,337399.475908
80.079439,87,337432.486381
1733.392167,347,337578.913418
3.053399,72,337606.905812
2798.171498,457,337785.213133
2349.305524,425,337949.895277
204.912478,127,337998.700685
2024.569282,393,339522.464968
-22.799618,47,339545.394123
259.822203,138,339600.75405
2508.90399,433,339769.131113
1387.994125,322,339908.425635
1135.614528,279,340017.190735
1381.150547,325,340145.074285
1137.714505,275,340252.106327
2666.796405,441,340423.201004
166.504242,124,340482.349915
1155.796392,303,340597.846733
1471.687209,325,340723.9706
2810.81949,429,340889.940651
188.607408,124,340938.161592
1098.492986,279,341049.521828
703.499314,212,341139.260526
2821.643472,432,341303.561035
2488.823247,425,341467.102693
1297.623132,293,341579.641372
1270.191742,292,341704.480254
1810.539458,365,341845.865692
125.856154,114,341889.900847
1782.617963,337,342020.888183
1161.587822,296,342136.762378
2482.009142,431,342313.544524
2119.644699,397,342469.567865
2560.807141,442,342641.170614
2344.675425,435,344226.660678
1278.9894,305,344338.248614
1650.004943,368,344459.04521
2485.630647,432,344601.149401
1118.263281,281,344709.396439
1497.51235,309,344812.498564
839.073172,258,344895.183998
349.764494,165,344948.543201
499.989614,204,345013.756465
1311.155872,305,345122.767172
2670.565406,460,345312.004096
101.837376,95,345347.981721
472.178842,173,345415.496779
3022.187337,431,345582.520441
1448.248245,316,345704.608464
269.029554,139,345758.236137
2217.179479,423,345933.166253
626.360713,219,346017.38678
1840.667008,378,346165.038019
1738.282227,361,346303.166301
361.439188,151,346360.649401
1962.001606,382,346518.507183
579.294206,206,346598.824009
2318.337974,422,346760.981711
2256.891691,417,346921.469435
2311.54308,421,347098.859028
123.700039,118,347143.897496
2354.555572,429,347310.746781
2420.976884,420,348820.57114
474.398363,178,348974.833633
797.533902,246,349129.679405
2236.007266,423,349585.583794
2574.008686,436,349917.211502
1136.614616,278,350055.715086
1160.300926,295,350196.397377
1494.307481,318,350349.785895
2688.100983,429,350554.27847
1838.005439,375,350752.777969
4.604229,74,350797.862614
464.029449,177,350879.944263
1898.123819,350,351032.944331
907.271209,247,351133.133786
428.573086,174,351213.640588
2114.835124,374,351412.568855
1587.271439,348,351586.497868
151.036933,120,351638.892992
167.413953,118,351702.716411
2608.446844,394,351969.162779
537.478829,185,352065.254156
1508.03121,330,352216.841727
1377.883411,324,352371.071759
1579.631896,343,352613.840446
2235.419284,430,352916.089514
2456.381211,424,353526.978181
1413.775765,315,353948.379117
352.960883,160,354132.679707
600.397713,202,357399.101387
403.046001,162,357521.285465
2351.58558,428,357761.112853
246.048245,125,357817.370476
2132.121558,406,358067.669791
1621.810765,337,358223.819753
1196.081383,300,358345.993305
229.621334,123,358403.326844
812.496789,241,358578.917352
1401.994501,327,358715.613846
2741.50748,452,358896.817676
1151.65197,300,359011.839054
1480.25258,334,359156.786996
856.484191,252,359253.392665
219.848662,138,359306.27567
2018.231829,414,359471.344068
929.991554,264,359572.850841
1074.53978,266,359700.29078
1794.419205,362,359845.393554
761.69636,228,359933.438215
2310.753717,430,360095.662202
1618.957516,351,360230.67176
1095.583117,297,360366.577962
779.83691,235,360454.118834
710.272666,222,360541.551171
1314.202623,298,360658.338003
1711.042808,350,360794.591337
2591.408098,444,360982.041118
651.854528,214,362348.855071
1334.109482,329,362492.909872
1667.702215,319,362617.275832
1093.494336,278,362742.757913
812.94192,232,362831.14222
1355.371033,311,362950.843195
2754.984164,426,363117.225783
1098.144225,286,363224.411586
128.569562,102,363263.408541
1108.448313,269,363369.83462
445.160235,171,363442.717092
77.563681,94,363479.32939
1125.735231,276,363586.726828
1572.097315,333,363714.55871
222.347273,118,363758.114391
170.706615,102,363796.663343
973.567934,255,363893.857948
1306.396444,308,364013.50608
1350.077259,309,364130.955616
2551.381479,432,364294.551698
2930.308751,449,364461.954592
1521.682328,343,364595.353257
2923.953835,444,364763.075636
2525.056252,432,364929.513784
3000.576699,472,365107.686081
595.039034,199,365184.733953
33.12272,75,365213.894824
2013.894873,380,365361.37782
1446.237816,333,365487.536823
2826.261731,429,367206.821079
444.516132,170,367275.883434
515.588297,193,367351.456146
2342.448163,433,367538.042175
2088.96918,378,367684.913894
1131.207615,291,367795.255222
319.687303,144,367849.842057
1474.57817,350,367985.856616
2553.522225,430,368150.302147
2427.242513,422,368311.672469
747.006346,223,368396.198886
933.461919,253,368493.688038
1819.220865,379,368639.719293
1122.386881,283,368746.302073
1079.422237,271,368852.095318
1853.494457,380,368996.456492
2436.330417,430,369158.754979
1828.594112,361,369297.864006
2515.70072,432,369463.339139
747.382928,229,369550.760471
2175.650071,416,369709.110515
1257.336517,297,369822.314764
2519.657434,445,369991.640154
609.565487,202,370068.258153
-12.125593,68,370094.011646
878.032591,238,370184.179941
419.538136,160,370246.869708
564.624459,194,370320.80954
2215.384104,429,371943.821678
663.065288,212,372026.49323
247.161491,116,372071.927005
2144.746021,387,372219.935971
1133.611275,287,372329.973042
309.262919,157,372389.927705
1462.860386,331,372518.048513
2853.834709,463,372696.9938
1250.760689,300,372811.036905
1350.398224,314,372932.046608
-95.101769,32,372944.415563
573.087515,202,373022.870591
2489.32122,425,373186.550456
3091.126231,437,373354.491334
884.354586,243,373448.60094
741.620675,231,373535.757205
1500.024872,337,373663.542404
1975.78909,394,373813.554924
287.273885,142,373867.884295
245.227492,152,373926.068029
2171.465864,415,374083.225187
1096.924039,280,374189.712724
2496.798709,437,374365.021436
992.64089,262,374472.616197
2123.434145,379,374619.448456
576.829551,202,374694.226177
1749.975702,342,374827.130809
1264.505357,276,374932.81567
2679.714819,458,376521.177834
1329.132733,307,376640.391398
1166.549298,296,376753.869097
540.001151,189,376825.622747
193.488851,111,376868.013704
885.770305,234,376959.502531
494.101029,171,377027.826652
2371.341972,388,377177.259218
1373.748866,321,377302.400602
1650.674428,355,377440.159331
244.177479,122,377486.951066
234.233042,136,377537.926049
1718.68194,359,377674.323808
1931.482103,397,377823.028972
2160.488657,368,377963.182477
2288.760093,432,378130.269155
2366.163818,436,378309.776574
1375.26527,327,378434.872203
2518.067445,436,378599.808205
2185.713001,414,378758.547962
371.42356,152,378816.295953
2646.739618,442,378984.964658
506.067027,195,379059.371426
202.404908,124,379106.009915
-18.619364,70,379132.90961
2455.485713,433,379297.275918
1142.273372,287,379408.257315
2643.141839,448,379576.220628
2177.214721,399,381116.942015
1298.334136,309,381239.64965
1065.422017,272,381346.919797
1002.879985,256,381446.470069
1045.116943,265,381550.203042
297.060601,149,381606.457227
2123.100709,398,381758.10262
60.885508,72,381784.959075
2950.409473,436,381952.336643
2506.071895,444,382124.431023
1733.132925,375,382266.767373
2833.954896,440,382434.247515
163.383613,109,382476.377206
1714.532101,356,382613.224172
1735.052209,366,382751.473334
2027.972207,392,382900.684043
1103.037963,281,383008.779042
1101.521643,273,383111.631316
2838.075318,433,383281.382879
153.919399,110,383325.167907
327.543826,158,383385.185022
44.011366,93,383418.817997
2580.123538,436,383585.918119
1888.934699,347,383733.325759
2803.653806,438,383902.674614
185.528193,119,383948.073472
1369.520721,294,384063.674128
1211.493224,297,384185.87907
2447.146554,425,385891.452103
740.42883,227,385981.104643
1508.72139,331,386111.801363
1982.829907,394,386264.268721
-35.047446,66,386289.220959
628.347255,209,386369.779519
1648.060741,337,386501.399405
425.546559,166,386565.256573
784.994253,247,386656.339926
614.886589,212,386737.960013
2400.300099,428,386902.998161
2193.012627,377,387046.948745
987.947523,252,387142.88735
1029.150723,266,387244.150199
159.32556,120,387287.118109
1154.891122,282,387394.406366
600.543678,205,387473.355212
1269.424686,299,387587.497774
2105.991307,397,387737.863472
1488.541813,331,387880.290471
2345.191432,428,388042.291457
1393.410191,331,388162.828382
519.583675,170,388229.339325
178.741898,114,388273.283163
974.61982,263,388378.488044
2643.554063,435,388548.960782
532.530671,187,388618.339785
2101.211223,407,388773.097989
364.571824,151,388831.428801
2398.763059,428,388994.940689
2994.692394,447,390646.600159
891.788432,259,390746.311911
1366.668607,309,390863.792466
1095.323941,283,390974.253107
2198.587725,416,391132.748424
1849.429592,338,391265.944751
220.834744,131,391316.706834
3051.121838,453,391489.634044
2398.712069,435,391654.566749
1211.563911,287,391762.90735
87.782762,87,391797.32865
460.577194,190,391870.620821
1509.786318,330,391995.970171
1223.677313,268,392117.592388
2521.357573,430,392282.520522
452.219266,174,392350.570225
2817.351295,464,392528.89327
2285.796268,425,392691.353947
1629.396918,341,392822.443515
263.717928,142,392876.33464
2053.825775,382,393021.419737
2581.195322,442,393192.71582
1380.606337,310,393309.93285
2653.142486,439,393477.690814
245.264429,121,393524.572948
2740.514746,435,393692.114447
925.456104,258,395099.420648
1871.227103,358,395223.001943
-39.739746,31,395232.967804
1596.408629,352,395350.105749
2446.759867,437,395494.202468
2267.265503,424,395632.749306
2682.365393,439,395777.185035
1472.193669,326,395882.956566
759.281141,228,395957.917456
2583.943371,433,396099.565732
1066.67932,269,396188.210204
438.778854,182,396258.508836
2120.081844,359,396383.365887
2155.193624,397,396511.342717
322.963104,135,396556.19457
102.48953,91,396585.217708
2284.247157,415,396721.485962
797.269562,235,396797.771349
232.7414,129,396838.778063
1150.192459,282,396933.651532
2590.336973,436,397073.564035
2742.511444,449,397222.08047
2768.661598,426,397360.412167
2780.849724,438,397501.681846
821.423694,243,397580.713282
1321.715903,311,397679.90464
374.714301,172,397735.127405
606.886453,206,399002.460308
-21.305808,47,399019.252379
2509.882057,429,399163.700159
1754.579498,354,399280.692649
209.019832,134,399323.070374
494.596471,184,399383.989074
1570.070659,329,399491.240054
1159.906297,299,399588.663746
1679.123179,359,399705.910268
1124.386721,286,399798.422675
2768.466004,456,399947.412109
2480.66529,447,400090.749472
2910.072577,468,400244.121052
2199.201944,414,400377.622069
2115.886253,368,400495.923304
1571.660123,349,400606.948457
1006.173747,267,400693.965987
450.155127,178,400752.446674
2145.000804,401,400879.44428
1021.245543,267,400963.970616
1923.470057,378,401103.335154
2126.504161,395,401232.896705
785.110813,234,401307.858784
2911.006073,471,401459.268084
1477.422684,340,401570.13108
1504.249315,325,401692.226033
