#{"t_start": 1756147829.2821352, "env_id": "None"}
r,l,t
-116.234105,14,5.350521
-101.827616,18,8.051416
-78.637935,19,11.066783
-86.651152,19,13.821144
-103.469331,16,16.955526
-98.599168,13,18.978654
-107.028905,14,24.066062
-116.12614,18,28.301474
-60.910579,16,31.991553
-95.966697,14,34.497237
-90.009005,20,37.339531
-96.12539,19,40.48753
-84.654825,18,44.099939
-91.898496,20,47.332561
-112.081142,15,50.317135
-80.507395,24,54.897331
-94.869845,16,57.574595
-103.391723,18,60.296455
-97.068649,18,64.231588
-103.613155,14,66.379061
-90.174707,19,69.024782
-93.572298,18,71.513003
-86.402267,22,74.664478
-102.141116,21,77.594578
-89.157331,18,80.686195
-91.083069,16,83.034031
-94.973355,18,87.072371
-100.539959,19,89.617159
-82.894662,19,92.588917
-86.571075,19,96.13369
-78.422376,18,98.887683
-110.21876,19,101.593783
-37.270043,24,105.067873
-102.329274,16,108.380136
-95.973578,20,111.153392
-107.172736,14,113.725502
-92.287129,21,117.471797
-109.297584,11,120.210266
-97.666337,15,124.275645
-92.896765,16,127.663786
-88.655288,18,130.342534
-98.313129,15,133.226694
-99.191752,14,135.298911
-91.174145,18,137.837767
-110.726056,14,139.918102
-81.581724,20,142.643491
-114.115646,13,144.604717
-86.911731,19,147.592588
-115.935602,12,150.477736
-79.980827,20,153.268
-89.87828,21,156.545329
-99.919529,17,159.08989
-77.850576,23,162.403709
-87.165249,18,164.80829
-93.564334,23,168.489461
-92.661728,17,170.701242
-73.37013,21,174.099992
-96.392761,17,176.715939
-105.276191,14,179.6888
-77.22384,23,182.562093
-95.224544,17,185.315096
-88.922815,19,188.468356
-101.058791,17,190.665953
-92.615991,17,193.511563
-113.156393,19,196.012118
-47.166515,18,198.778461
-102.969645,16,201.778788
-80.150472,23,205.046664
-106.804333,16,207.36975
-120.690697,15,209.572162
-105.49709,16,213.060809
-100.289962,17,216.347471
-103.816998,18,219.717303
-59.36584,20,222.42811
-105.65992,13,224.361968
-82.684815,20,227.02079
-89.149111,19,230.185597
-90.248171,16,232.766604
-83.85223,19,236.279916
-110.205886,16,238.617829
-115.935685,10,242.738663
-41.288979,24,246.342469
-92.338474,19,250.317326
-89.562418,19,252.769422
-102.663445,13,254.565617
-80.891474,23,257.622905
-83.482532,19,260.525719
-111.890838,16,262.758491
-88.289275,19,265.489168
-89.878047,18,267.808651
-105.969378,12,269.443441
-105.125197,16,272.169997
-74.124247,24,275.861792
-115.42957,11,277.898398
-97.935405,16,280.449232
-93.506796,16,282.570265
-85.985162,18,284.82071
-104.04937,14,287.120944
-79.468321,20,290.218332
-92.738409,22,293.437946
-100.852531,16,297.496904
-95.768123,18,300.454709
-113.712547,13,302.978594
-101.603656,17,306.235198
-81.403301,18,309.238427
-96.509104,15,311.496903
-111.546817,13,313.177553
-103.630489,20,315.511192
-95.197482,19,317.782052
-90.043277,17,319.964452
-110.019189,14,321.77546
-84.619591,21,324.294472
-95.677205,16,326.590344
-101.250884,16,328.691461
-82.02564,23,332.030694
-85.921182,19,335.324813
-92.166106,24,340.155224
-71.339222,24,344.580305
-103.504186,15,348.899832
-107.543031,17,353.147458
-97.003744,17,356.87067
-99.754072,19,359.681612
-100.947858,14,362.578199
-98.605883,15,364.962974
-91.642464,15,367.347401
-104.461184,22,370.740549
-85.928459,20,373.713139
-87.870341,20,376.248958
-110.317229,13,378.145808
-88.243317,18,380.728596
-103.741959,17,382.718965
-96.928922,17,384.815472
-90.995853,21,387.460778
-105.843717,18,389.573305
-89.699302,17,392.054276
-103.916589,14,395.046522
-107.112587,14,397.111638
-94.985489,18,399.813532
-95.113141,19,402.160856
-106.929329,12,403.748971
-98.931862,15,405.732622
-82.464131,22,408.747322
-98.925272,16,410.959772
-114.646007,11,412.964041
-91.83089,16,415.333111
-103.059277,16,417.484239
-120.351332,14,419.297119
-86.887677,20,422.684225
-98.943348,18,424.975106
-112.72764,14,428.524965
-93.39403,16,430.50171
-89.666222,18,432.75826
-96.382603,15,434.976183
-93.948228,17,437.044286
-99.167588,16,439.080486
-93.255369,19,442.188922
-91.513976,18,444.451645
-81.574708,18,447.34105
-88.348628,17,451.733027
-90.610693,17,454.54017
-91.721737,16,456.882751
-97.020909,23,461.164016
-101.096749,17,463.445264
-99.898113,16,466.62509
-114.266357,16,468.739438
-108.768218,11,472.176041
-78.267968,24,475.146677
-92.964482,18,477.409808
-94.784406,17,479.653648
-90.69471,19,482.864901
-90.74035,18,485.288428
-97.828972,15,487.801325
-117.772076,11,490.541819
-81.572521,18,493.377577
-100.864092,13,496.56807
-119.380623,13,499.416479
-89.156437,20,502.320637
-88.017619,21,505.203193
-103.614923,19,508.608051
-81.566419,23,511.904288
-83.48866,20,514.850169
-91.879966,16,517.395454
-89.731877,18,519.797952
-112.754595,11,521.394376
-94.422389,18,523.798677
-83.224549,19,526.196318
-110.365374,12,527.771628
-90.734521,20,530.394127
-88.95588,20,533.538734
-89.34442,18,535.900861
-103.816377,16,538.032577
-87.119843,18,540.237455
-90.337721,17,542.848048
-84.355216,21,545.378084
-107.802929,15,547.516998
-81.746156,19,549.908207
-100.392645,16,552.54666
-106.023183,14,555.476629
-95.309866,15,557.400501
-108.244098,14,559.935603
-109.414909,15,562.659298
-91.422125,18,565.839737
-103.540765,13,568.249886
-108.951189,10,572.052528
-87.693794,18,574.605472
-105.874618,16,576.649711
-87.703786,18,579.647236
-89.286508,17,582.264293
-93.504906,18,584.623059
-85.349853,17,586.76299
-100.100472,18,588.90642
-97.135998,17,591.092335
-110.773577,12,594.898842
-97.159653,18,597.612159
-104.453164,14,600.134938
-105.730101,16,602.169973
-93.920738,16,604.174
-103.391692,16,606.269231
-105.833331,12,608.783054
-97.678908,18,611.119809
-95.185999,17,613.390291
-95.749038,16,616.11964
-106.531639,15,618.171973
-95.521599,21,620.572699
-84.237785,20,623.516894
-98.664184,14,625.568864
-92.141193,18,628.022714
-88.333421,18,630.435918
-95.643448,19,632.965933
-85.881984,21,635.620526
-100.190403,15,637.768615
-100.776793,15,641.253034
-98.89982,15,643.302747
-101.256497,16,645.405049
-84.012925,19,648.000015
-91.118768,19,652.071402
-95.674836,18,654.864848
-100.996594,17,657.202875
-101.223287,16,659.407191
-88.212877,21,662.296158
-81.180447,22,665.169993
-107.446408,12,666.924667
-119.077167,8,670.190308
-83.057306,20,672.934422
-97.131511,14,675.408988
-105.961601,14,677.616234
-96.509755,16,680.467095
-78.799515,22,683.49718
-97.335882,16,686.121868
-111.942417,12,687.910772
-111.014397,16,690.060166
-103.558212,9,691.332668
-86.760611,16,693.505822
-96.856871,16,695.508451
-116.344211,10,697.641871
-49.839901,20,700.504789
-105.829215,15,702.694822
-90.501955,18,705.32386
-99.903577,18,709.830496
-91.433161,16,713.549752
-95.367291,18,715.939858
-93.925143,17,718.200518
-93.735139,17,721.152913
-87.937092,19,723.714775
-87.257362,21,726.468802
-105.625347,15,729.924976
-107.914137,13,733.828935
-101.568701,17,737.012219
-88.976604,18,739.568811
-103.479327,20,741.926784
-84.600177,20,744.525939
-112.384992,10,746.98006
-43.189247,21,750.483699
-72.512872,24,753.6355
-97.776286,17,756.050889
-103.321281,15,759.334935
-94.851136,16,762.256091
-91.356107,17,764.62181
-111.452135,17,766.763654
-101.474045,14,769.508302
-92.478725,17,772.000221
-108.5461,18,774.578853
-85.46611,12,776.315173
-105.211901,16,778.909081
-85.812878,18,781.204235
-86.837491,19,783.92627
-93.182734,15,785.893847
-90.320932,16,788.090897
-91.104064,20,790.747175
-101.531691,14,793.841387
-97.497461,10,795.281627
-79.822842,18,797.609187
-82.442452,14,799.581844
-76.532012,23,802.267323
-94.348764,17,804.471983
-83.790584,19,807.285703
-95.483724,17,810.891734
-89.289589,20,813.414321
-110.294729,12,815.064309
-85.600509,17,817.403906
-98.472087,16,820.262518
-95.491215,15,822.32004
-93.955476,21,824.777717
-99.974491,18,826.952644
-110.269565,18,829.201732
-97.301028,16,831.513176
-81.561987,19,834.44796
-94.967554,17,836.506892
-110.798378,14,838.592546
-56.423817,15,840.764935
-100.833487,20,843.353185
-95.266342,17,846.479482
-87.427883,20,849.049026
-110.997182,15,851.605995
-95.768842,19,854.383548
-111.637994,11,856.054656
-61.260004,19,858.445779
-99.916414,17,860.814185
-84.770951,23,863.565497
-117.460426,10,866.983137
-79.148396,20,869.591246
-92.711233,18,873.820736
-81.321379,19,876.116569
-93.020242,20,879.906575
-102.702978,18,882.659054
-100.431717,15,884.852401
-89.793445,17,887.035814
-71.175449,23,889.790165
-98.47802,15,891.9954
-105.664367,12,895.379704
-115.325114,18,897.613745
-84.923704,19,899.899342
-102.989523,13,901.855166
-95.854168,15,903.917745
-95.373264,16,906.031885
-84.581902,20,909.021376
-111.767038,12,910.636227
-93.546559,18,912.884943
-97.261886,18,915.110951
-122.373892,10,917.077094
-77.648641,20,919.574948
-120.658829,16,921.898981
-99.395708,16,924.167123
-114.503799,10,925.724187
-98.86703,13,927.468097
-84.99587,21,930.211357
-98.763506,18,933.13595
-96.056943,20,935.571716
-92.05491,13,937.421471
-100.860152,14,939.348716
-104.59468,17,941.917396
-115.275625,17,944.08496
-88.192035,17,946.243912
-94.965514,17,948.780752
-98.521192,16,951.095863
-106.056031,14,953.452914
-91.282168,22,956.820938
-99.591087,17,959.071615
-111.295288,14,962.412427
-85.534891,17,964.980376
-85.937662,21,967.709997
-100.479479,21,971.601438
-94.886759,16,974.771827
-54.827128,24,979.583569
-109.260999,13,981.622617
-81.708756,21,985.023628
-92.539015,18,987.86213
-93.532385,18,990.714171
-109.915402,17,993.439229
-74.531668,21,997.537488
-79.896295,22,1000.833748
-88.670395,14,1002.977286
-109.896878,14,1005.669629
-91.782681,19,1008.478371
-99.055477,17,1010.749597
-98.824724,15,1013.42466
-108.06099,15,1015.810463
-87.085594,18,1018.238916
-101.654326,22,1020.888309
-93.06838,20,1023.328926
-79.331961,17,1025.682989
-92.748239,16,1027.741925
-99.276932,17,1029.96998
-93.783863,15,1033.177108
-91.558703,19,1035.990244
-91.824986,17,1038.372749
-93.650161,19,1040.819228
-94.94515,15,1042.832498
-97.466663,20,1045.587189
-84.092309,20,1048.300239
-107.212429,14,1050.391235
-113.430031,12,1052.778655
-109.566723,18,1055.190816
-92.312675,21,1058.044423
-105.4888,13,1059.842741
-81.587097,24,1062.563743
-100.217666,14,1064.399924
-104.999021,13,1066.184621
-110.003239,17,1068.509891
-94.448391,15,1071.825068
-96.111833,17,1074.392085
-89.886652,16,1076.659894
-93.440199,15,1078.74795
-96.131731,17,1081.067257
-97.01468,16,1083.144697
-109.097814,13,1084.786843
-106.172396,18,1087.134161
-110.619468,13,1088.83175
-87.666274,20,1091.601061
-111.669497,19,1093.915818
-85.650299,17,1096.522949
-87.381961,20,1099.086813
-117.006389,11,1103.059082
-99.302407,15,1106.105623
-92.667278,18,1108.4226
-80.311222,21,1111.512709
-109.892508,12,1113.216785
-96.395923,22,1115.956906
-95.610059,16,1118.341822
-101.336742,20,1121.022851
-95.56079,23,1123.992766
-100.15761,17,1126.207884
-99.266313,14,1128.320285
-101.73323,14,1130.515872
-95.408722,17,1133.016431
-91.397405,13,1135.084194
-111.521002,15,1137.117594
-101.047726,15,1140.08092
-94.442264,16,1142.339065
-106.452065,14,1144.325737
-106.821377,14,1146.240947
-106.661718,12,1148.037425
-102.038153,15,1150.316796
-86.399018,20,1153.056825
-100.480781,18,1155.651605
-96.088432,15,1157.675352
-90.42276,20,1160.237267
-89.374288,19,1162.782504
-101.782475,16,1164.988336
-100.606009,19,1167.407825
-75.381533,26,1170.589391
-81.582788,18,1173.218153
-103.860049,14,1176.895065
-86.797668,18,1179.56742
-111.386174,12,1182.120291
-104.545414,15,1184.087383
-101.660151,15,1187.431019
-112.406588,15,1189.985389
-102.204202,15,1192.258153
-87.522357,14,1194.430447
-105.97725,15,1198.624436
-107.059459,15,1200.596504
-109.704502,15,1202.716012
-92.882106,17,1205.330301
-107.629734,12,1209.683913
-102.506848,15,1212.771146
-95.097857,18,1215.607791
-107.624681,15,1218.716754
-101.059077,16,1220.885392
-95.532509,19,1226.065542
-113.157941,11,1228.350434
-83.716695,21,1231.286237
-88.227847,18,1234.198954
-88.735749,23,1237.045577
-91.031521,20,1240.252795
-91.278375,20,1244.116423
-113.095696,12,1245.913395
-108.399632,13,1248.237581
-95.753375,16,1250.844896
-79.759495,22,1254.991297
-92.951256,20,1257.770519
-87.076276,19,1260.496263
-107.170766,12,1262.293614
-102.11345,17,1265.828753
-94.427999,18,1268.393952
-118.827267,13,1270.786475
-104.306571,17,1274.253209
-97.796643,20,1278.289516
-102.502533,14,1280.415714
-104.029727,15,1282.432185
-89.529451,21,1285.206403
-97.373904,15,1287.122884
-108.350004,16,1289.096356
-84.688391,20,1291.857267
-108.310259,21,1294.473261
-82.91574,15,1296.624661
-89.636333,18,1300.292671
-117.923889,17,1302.433602
-133.164815,12,1306.73757
-98.821356,15,1308.822706
-85.237829,19,1311.196198
-106.475444,13,1313.675235
-114.099291,13,1315.462204
-101.487676,18,1317.652357
-103.337207,14,1319.595714
-96.861655,15,1321.568154
-104.439768,20,1324.109259
-114.018743,14,1326.046656
-104.238512,20,1328.484277
-95.850189,17,1331.315344
-87.517144,18,1333.849875
-109.444544,14,1335.848059
-106.629897,15,1337.750504
-105.198112,15,1340.100744
-96.728536,11,1341.912022
-106.457655,15,1344.196954
-102.285265,14,1346.609
-106.520767,13,1348.400965
-92.682004,18,1351.39237
-84.57425,20,1354.408098
-113.500142,10,1355.963347
-97.149366,18,1358.42489
-100.90444,14,1360.448486
-73.144714,21,1363.194196
-102.64254,16,1366.036592
-89.327845,18,1368.422553
-90.497489,19,1371.694286
-84.922151,20,1374.677891
-104.444686,18,1377.214299
-91.78677,18,1379.520637
-83.23605,17,1381.708897
-96.379333,15,1383.723055
-91.360861,17,1385.98451
-100.574918,13,1387.845024
-101.536695,17,1389.892008
-113.741161,12,1392.455573
-83.299554,21,1395.175651
-90.701904,17,1397.535078
-95.101366,17,1400.059273
-93.794713,16,1402.352892
-85.868679,19,1404.995845
-102.484364,15,1407.153568
-100.233046,14,1409.917897
-85.07615,19,1412.809891
-101.669528,16,1415.020035
-94.344795,17,1417.163515
-100.030701,15,1419.119909
-85.033131,21,1421.592561
-109.368441,14,1423.567486
-95.80445,18,1426.04269
-102.144381,14,1427.964227
-90.986506,18,1430.295796
-96.986527,15,1432.531463
-92.293578,21,1435.206937
-106.130636,15,1437.662302
-90.910002,17,1440.572032
-81.958873,19,1442.8627
-91.406768,21,1445.419847
-87.714171,19,1447.962695
-94.211159,14,1449.917939
-92.639643,16,1452.338178
-95.327685,19,1454.811207
-88.634884,21,1458.095562
-98.031413,18,1462.506374
-109.295882,16,1465.400475
-94.173115,18,1469.165768
-89.459714,19,1471.742533
-96.004017,16,1473.907928
-95.122498,15,1475.981868
-96.863256,19,1478.478658
-103.244746,15,1480.677098
-87.743317,17,1483.077694
-77.161884,19,1485.575056
-98.603362,19,1488.442014
-98.170951,19,1490.864195
-93.863081,17,1493.199696
-83.973539,20,1495.756892
-101.290254,15,1498.029285
-87.456627,20,1500.664477
-98.794027,15,1502.525862
-103.98037,12,1504.225884
-85.89428,21,1506.951872
-101.065753,17,1509.137552
-93.631225,21,1511.662344
-91.062414,19,1514.002616
-85.621591,21,1516.416717
-125.652473,13,1518.035155
-93.742562,16,1520.022096
-89.310604,19,1522.417463
-94.811993,19,1524.768673
-50.252214,18,1527.298664
-20.985564,24,1530.1674
-108.612825,12,1531.958683
-53.379555,25,1535.560506
-107.6684,13,1539.846564
-90.513352,17,1542.065324
-97.891371,13,1543.994224
-110.117011,17,1546.34548
-88.203271,19,1550.914484
-108.180427,14,1554.881124
-89.307613,15,1556.742737
-93.468441,18,1559.00775
-98.335897,21,1562.017343
-95.103428,15,1564.116074
-78.318087,21,1566.632256
-91.148248,20,1570.419329
-94.092836,19,1573.335054
-103.725338,14,1576.144563
-108.466739,15,1578.043706
-108.550052,12,1579.866997
-101.448546,17,1583.003226
-91.462156,21,1586.253452
-92.593711,19,1588.824492
-93.369251,19,1591.530998
-90.477753,17,1594.165625
-103.889443,16,1596.187929
-77.475162,21,1598.681691
-103.957468,18,1600.966776
-108.671984,13,1602.647354
-113.406597,23,1605.340103
-94.169851,15,1607.544236
-96.217158,18,1609.764978
-96.33965,15,1611.764748
-91.124198,19,1614.719659
-91.768101,18,1617.014582
-102.090106,11,1618.620616
-85.605733,19,1621.047234
-85.928098,19,1623.807441
-99.455772,15,1625.818959
-79.896802,21,1628.385639
-88.052272,15,1630.368739
-73.981798,22,1633.090086
-93.283247,18,1635.23753
-104.300988,14,1637.043697
-114.340686,17,1639.197377
-83.966938,19,1641.509072
-90.169226,19,1643.959707
-104.770656,17,1646.232537
-78.963202,22,1649.046167
-86.107164,16,1651.122584
-105.026804,15,1653.078604
-88.179244,19,1655.929273
-97.563493,10,1657.552867
-103.354254,15,1660.917136
-99.03369,17,1664.706788
-106.61555,15,1668.622907
-84.156794,19,1671.21842
-74.684298,20,1674.549789
-99.070103,19,1676.934318
-104.263734,15,1679.358476
-83.097093,22,1682.481323
-113.145158,11,1685.092205
-107.377704,18,1687.146046
-106.758674,13,1688.870817
-108.678639,18,1691.193422
-101.206629,14,1693.104458
-88.509029,19,1695.394317
-96.197943,16,1697.44734
-111.146794,21,1699.969147
-98.004084,19,1702.312427
-112.175787,13,1704.045648
-96.449496,19,1706.281122
-95.919102,18,1708.818779
-111.858471,17,1710.865447
-89.311692,17,1713.502784
-93.238886,19,1716.989391
-106.756832,13,1719.02063
-97.897965,17,1721.163739
-107.85145,14,1724.037825
-75.222198,22,1726.665233
-110.4001,13,1728.389777
-99.463176,15,1730.736236
-103.297043,17,1733.050493
-92.801998,18,1735.880655
-94.741089,21,1738.34542
-87.611201,18,1740.537533
-114.273749,14,1742.204785
-95.615511,18,1745.677887
-111.273502,14,1747.811175
-92.509699,16,1749.883974
-89.32211,20,1752.35529
-82.391597,19,1755.080812
-96.117838,16,1757.135581
-91.642095,17,1759.982964
-90.594869,17,1761.973366
-100.518765,18,1764.243684
-112.297017,15,1766.511619
-97.458336,19,1769.256744
-69.111884,25,1772.076405
-95.40525,18,1774.433261
-92.849757,16,1776.950265
-87.411281,17,1779.044643
-94.870449,15,1780.944446
-105.664197,14,1782.867197
-102.54918,16,1784.975101
-102.909632,13,1786.897919
-101.126277,16,1789.049333
-103.635618,16,1791.177855
-101.270567,15,1793.554419
-76.898037,19,1796.04608
-97.594962,16,1798.26738
-91.833009,18,1800.707365
-106.257041,13,1802.610941
-78.527587,23,1805.650307
-104.260002,14,1807.879277
-107.027138,15,1810.912344
-89.221207,18,1813.275812
-100.61698,16,1815.827653
-90.726232,17,1818.152862
-99.696165,14,1820.0678
-103.244949,16,1822.899598
-82.775207,19,1825.347012
-104.750801,15,1827.759964
-94.349471,16,1829.866119
-84.076973,23,1832.59138
-98.306126,14,1834.647042
-105.216527,12,1836.756977
-85.768895,18,1840.132459
-105.266073,13,1841.886933
-86.873599,20,1844.407217
-87.163572,17,1846.503678
-71.004876,22,1849.368584
-54.623965,18,1851.762618
-87.955103,17,1854.263722
-99.490774,15,1856.143755
-99.873287,14,1858.708954
-82.323577,21,1861.14967
-93.468218,14,1863.014508
-99.496739,15,1865.300021
-115.006797,11,1867.762699
-94.842511,20,1870.926174
-99.533398,14,1872.857113
-104.856361,15,1874.748949
-109.155346,13,1876.577266
-81.25697,20,1879.433223
-98.044416,16,1881.450541
-122.169164,15,1883.371986
-103.523421,17,1886.054454
-94.555787,15,1888.077743
-113.900137,16,1890.063334
-99.688089,18,1893.194245
-81.463445,19,1895.716667
-92.581404,17,1898.017162
-88.232336,20,1900.484346
-100.990492,15,1902.433528
-103.628413,13,1904.207365
-109.381645,18,1906.456571
-105.744415,14,1908.264813
-89.530989,18,1910.469239
-95.041434,17,1912.879864
-103.120394,16,1915.044099
-83.993752,20,1917.436712
-107.816904,20,1920.143237
-98.442596,16,1922.305908
-89.241858,21,1924.811925
-99.064315,14,1926.581015
-91.529968,18,1929.469445
-100.640716,16,1932.533031
-86.690136,19,1934.982689
-95.104165,17,1937.188815
-100.015287,13,1940.127202
-116.653804,15,1942.320459
-74.671117,24,1945.443393
-93.205898,19,1948.150557
-94.053482,17,1950.680424
-108.637818,20,1953.1176
-101.33076,13,1956.777019
-111.508792,13,1958.68343
-86.810536,18,1961.239769
-103.757287,13,1964.880591
-119.109401,17,1967.204905
-90.752844,17,1969.836522
-99.429298,17,1972.615946
-84.698122,20,1975.442894
-109.163831,14,1977.228462
-113.046232,14,1980.237416
-99.586182,17,1982.359298
-112.260803,18,1984.568104
-86.824913,18,1986.915218
-109.330393,14,1989.555948
-87.132791,20,1991.973871
-84.875427,21,1994.402063
-100.184733,16,1997.176113
-100.600085,13,1998.894119
-104.216945,15,2001.245473
-78.76578,21,2003.851017
-96.303998,15,2005.9918
-86.182994,18,2008.325641
-109.22226,14,2010.151883
-88.009005,17,2012.596277
-85.86325,20,2015.851887
-107.253403,15,2019.042807
-87.30569,19,2022.037599
-91.418288,22,2024.747847
-82.877459,21,2027.868408
-98.685208,17,2029.958744
-100.348181,16,2032.485516
-104.505482,13,2034.43306
-97.30316,16,2036.986902
-95.204573,18,2039.206075
-94.13265,16,2041.973049
-102.457222,15,2043.837904
-108.360375,11,2045.346579
-107.36547,12,2046.987939
-102.911836,15,2049.564758
-103.710516,15,2051.471844
-101.504761,19,2054.544213
-103.951212,17,2056.541097
-77.710645,22,2059.046865
-119.848631,19,2061.286178
-99.391714,19,2063.590281
-97.64266,17,2066.482415
-106.868118,14,2068.600679
-97.822634,16,2070.769017
-100.700043,15,2073.99346
-92.402866,16,2075.931099
-97.456305,17,2078.085842
-92.201011,20,2080.935445
-102.764384,14,2083.388033
-90.444579,17,2085.439744
-107.342202,16,2088.494922
-83.830447,19,2090.689149
-83.093523,23,2093.716293
-83.913218,15,2095.709185
-104.300564,20,2097.930217
-92.211979,19,2100.175441
-90.909652,18,2102.356683
-109.179133,19,2106.259669
-102.553641,14,2108.825544
-98.308108,16,2111.194659
-97.945152,16,2113.24785
-100.949425,17,2115.839891
-98.352222,10,2117.199861
-91.186428,21,2119.847541
-111.566679,11,2124.05265
-92.361117,18,2126.447932
-107.444525,14,2128.199703
-115.3847,12,2130.375806
-104.38701,14,2132.151502
-82.70565,21,2135.314672
-87.239492,17,2137.491587
-104.210556,14,2139.190253
-88.962624,19,2141.415668
-108.673784,13,2142.946423
-90.636946,18,2145.046685
-106.664671,18,2147.188399
-109.654262,17,2149.552927
-92.92034,16,2152.059311
-104.3089,14,2155.407165
-81.814548,20,2157.648295
-99.550662,13,2160.115289
-85.042631,20,2162.306143
-83.403979,20,2164.633539
-88.329917,19,2166.793296
-76.125072,25,2169.608341
-86.696746,18,2171.784258
-98.331055,16,2173.650062
-97.531182,18,2175.765451
-94.750566,19,2178.160563
-93.625228,17,2180.200626
-59.658958,22,2182.877825
-87.317759,11,2184.51388
-83.532248,20,2186.97823
-90.52309,22,2189.743845
-89.915177,17,2192.321411
-99.167933,18,2194.783742
-88.660222,20,2197.209779
-93.076122,20,2199.708904
-96.688532,18,2201.748416
-112.211438,11,2204.934897
-93.594697,18,2207.118429
-100.782204,14,2209.490274
-87.207382,18,2211.654517
-110.617743,16,2214.152643
-98.13297,18,2216.675449
-85.805447,16,2218.663356
-96.782388,19,2220.929259
-105.081669,14,2223.191182
-80.946325,20,2226.156352
-92.077456,19,2228.337375
-89.433795,17,2230.565007
-103.269711,16,2232.603057
-98.79414,18,2234.698887
-100.609413,15,2236.621738
-93.720173,20,2240.084179
-100.091998,17,2242.374702
-88.910767,18,2245.033333
-100.961141,15,2247.485783
-91.165326,20,2249.826243
-96.684334,15,2251.708612
-90.169997,17,2254.723311
-88.067718,20,2257.169639
-97.221156,19,2259.732753
-99.04072,13,2261.45457
-95.806475,20,2263.87603
-86.188116,18,2266.444063
-93.268431,17,2268.450619
-98.369175,20,2272.003396
-100.242746,17,2274.488847
-82.942652,20,2277.157799
-101.436069,15,2279.05584
-95.844856,16,2281.486849
-75.861166,23,2284.381167
-101.895034,14,2286.603401
-93.4532,16,2288.511925
-87.476136,18,2290.59064
-86.863092,18,2292.733267
-103.966776,13,2294.394867
-104.505704,16,2296.254086
-87.572077,22,2298.825793
-98.10941,18,2301.047072
-79.121573,21,2303.66695
-92.318729,20,2306.316464
-106.56501,13,2308.009711
-97.054734,13,2309.693956
-120.559424,11,2311.040971
-85.549582,18,2313.315116
-79.019519,19,2316.128778
-86.825434,17,2318.951087
-96.883785,18,2321.214111
-91.918325,18,2323.639838
-110.776415,14,2325.756509
-97.06574,16,2329.078801
-107.477123,13,2331.947227
-97.18828,15,2334.844925
-106.994179,15,2339.66733
-102.168751,14,2342.181403
-105.181303,15,2344.362417
-95.313211,19,2347.32984
-87.44719,19,2350.422698
-97.109465,15,2352.755777
-94.693057,17,2355.902467
-98.090161,16,2359.435958
-91.107472,18,2362.652202
-84.132321,16,2365.654887
-112.510762,13,2367.531351
-97.792365,19,2370.573279
-109.29725,15,2373.393589
-94.671022,16,2375.548637
-105.032522,14,2377.379444
-94.131372,20,2380.720846
-106.032943,15,2383.22805
-99.512415,15,2386.450256
-92.886988,19,2389.510287
-99.043287,13,2393.543565
-80.029304,21,2397.053415
-103.420916,16,2399.281643
-90.519289,19,2401.623243
-94.909064,18,2403.943574
-87.057669,25,2406.974383
-91.394408,18,2409.173346
-111.179099,19,2411.364355
-98.890844,21,2414.694875
-77.104105,16,2417.15464
-74.22357,21,2420.432477
-85.26619,15,2423.003828
-102.982775,14,2424.998767
-98.370042,15,2427.790868
-99.722419,16,2429.842749
-91.642281,20,2433.464217
-83.14062,18,2436.40526
-105.289013,16,2439.579618
-105.521358,15,2443.000903
-103.500519,14,2447.475233
-97.263587,14,2450.024313
-96.421735,17,2452.525741
-42.970091,22,2455.621367
-117.30859,11,2457.2247
-95.338091,17,2460.043262
-81.998476,21,2463.159201
-78.546745,18,2465.626104
-99.136798,21,2468.398036
-101.13879,16,2471.065846
-90.38999,17,2473.560138
-95.129871,19,2476.603431
-110.317034,11,2480.134062
-85.785419,17,2483.3951
-83.199348,20,2486.549575
-91.422069,19,2489.449629
-106.213412,13,2491.63305
-95.362065,20,2494.310203
-90.293766,16,2496.721802
-90.464708,15,2499.14172
-98.646806,16,2501.304234
-100.235818,14,2504.323449
-98.043354,19,2507.315002
-108.998692,15,2516.345317
-86.286489,24,2520.825703
-97.464689,17,2523.598151
-90.681473,16,2525.955723
-97.562819,18,2529.075449
-87.032851,19,2531.63116
-87.242278,18,2534.004546
-95.716795,16,2536.159587
-91.9319,16,2538.778479
-104.534398,15,2541.123146
-97.718995,17,2543.82404
-102.261829,15,2545.901404
-115.65302,11,2547.483346
-92.040847,10,2549.061071
-103.357397,17,2552.096229
-102.176021,9,2553.812853
-92.109993,18,2556.409736
-81.766934,15,2558.636635
-100.735007,20,2562.024498
-108.324986,16,2564.210544
-82.878312,21,2568.617547
-110.328598,20,2572.06388
-107.567723,15,2575.640077
-106.564785,14,2580.403725
-95.155636,16,2584.406464
-91.480146,20,2587.467528
-93.9596,20,2589.932003
-86.322179,16,2592.245562
-85.331388,22,2595.821193
-115.469059,16,2597.857176
-102.03725,21,2600.61907
-104.986144,16,2604.541996
-87.892538,16,2606.787404
-123.473528,9,2607.986491
-90.748998,19,2611.134737
-93.692768,17,2613.616151
-103.090533,14,2615.640463
-90.642261,20,2618.699615
-96.983176,17,2621.15046
-93.375389,16,2623.53237
-95.291425,20,2626.082676
-94.500984,16,2628.026021
-94.748189,16,2630.327837
-89.300793,13,2632.174068
-103.237598,14,2634.428474
-94.411806,16,2636.586154
-105.209647,15,2638.431736
-66.707455,22,2641.183026
-84.780423,23,2644.52624
-86.266558,19,2647.27992
-86.234899,20,2649.782697
-95.142699,16,2651.791278
-93.900442,17,2653.964911
-93.164585,17,2656.025646
-97.172642,20,2658.399926
-94.808582,16,2661.390501
-91.208128,17,2663.566458
-88.996812,15,2665.62335
-95.922216,18,2667.750498
-84.226196,21,2670.360098
-102.440918,14,2672.7217
-94.240299,18,2674.907684
-110.851848,11,2676.428828
-89.691091,19,2679.537639
-95.98366,16,2681.908943
-99.663668,15,2685.749232
-105.676775,14,2687.790899
-98.523653,21,2690.633791
-106.006376,15,2693.430125
-101.959424,17,2695.730679
-94.293099,16,2698.585639
-94.653788,17,2700.798999
-118.551815,21,2703.209531
-89.327195,16,2705.18197
-91.474385,18,2707.468079
-82.111796,20,2709.834533
-88.032822,19,2712.16714
-107.043655,17,2714.268959
-116.921418,13,2715.893583
-88.123799,14,2717.727806
-111.6343,20,2720.642372
-107.274765,14,2722.416763
-82.945052,19,2725.108572
-105.536591,14,2726.9285
-90.633722,20,2730.243399
-95.074308,19,2732.881876
-124.226677,8,2735.733039
-104.511009,17,2738.007719
-108.22042,12,2741.492485
-93.31634,19,2743.988029
-98.043299,17,2746.199209
-103.516934,13,2749.547859
-101.942913,15,2751.526088
-83.284485,20,2754.948352
-103.706601,14,2756.843632
-88.193715,19,2759.100865
-77.235701,20,2761.587135
-85.971673,23,2764.395345
-95.71632,17,2766.495472
-99.375186,16,2768.529394
-114.329617,13,2770.216911
-94.490805,18,2772.433625
-73.994235,21,2774.953653
-87.656526,19,2777.876893
-97.081078,16,2779.98311
-96.677688,19,2782.548843
-98.712235,15,2784.468828
-97.238054,19,2787.462797
-95.078303,17,2789.73884
-86.405209,18,2792.175908
-111.705423,17,2794.444173
-91.91802,18,2797.663108
-84.379908,18,2800.37799
-88.010522,17,2802.823307
-98.742333,21,2805.390076
-90.921408,18,2808.068174
-85.270172,17,2810.265821
-88.301956,16,2813.311952
-104.548417,18,2816.258227
-98.643285,13,2818.240645
-71.451791,23,2821.017169
-102.798324,15,2823.114243
-100.377503,17,2825.764673
-109.604515,18,2828.101974
-105.33021,13,2829.949136
-109.585408,13,2831.743458
-102.630068,18,2834.663064
-91.163034,17,2836.899797
-93.792175,19,2839.318868
-105.63875,12,2843.219545
-80.154974,22,2845.969036
-95.425075,18,2848.064681
-118.558398,11,2850.702626
-98.240068,15,2852.650304
-109.102171,17,2854.921215
-95.423895,15,2856.969282
-90.310256,23,2859.60506
-88.481483,19,2862.188685
-113.550648,12,2863.752705
-76.011416,16,2865.957317
-95.021193,15,2868.329854
-97.638087,13,2870.455729
-86.453539,22,2874.468159
-82.540206,21,2878.273651
-107.181496,16,2880.487921
-105.525793,15,2882.365826
-97.636691,17,2884.557395
-109.658269,14,2886.563762
-121.438091,9,2889.557398
-94.088598,20,2891.914523
-82.969498,19,2894.351267
-84.806546,22,2896.898292
-104.395009,20,2899.423946
-123.068201,16,2901.561091
-107.103639,13,2904.021147
-81.957027,15,2906.05653
-90.678401,16,2908.26556
-98.244456,16,2910.247086
-95.900043,19,2913.919881
-101.638565,14,2916.63129
-93.954069,16,2919.034276
-83.700586,19,2921.509026
-94.945462,17,2923.69806
-90.848175,20,2926.107094
-93.896568,17,2928.293678
-93.449738,16,2930.34474
-107.516333,12,2932.254441
-101.686892,13,2935.30542
-95.184695,16,2937.704693
-103.972728,13,2940.165469
-100.654913,12,2942.455225
-108.704774,19,2946.25715
-98.602539,11,2948.166416
-107.73031,20,2951.068633
-102.132937,17,2954.549179
-102.751148,18,2957.275764
-104.247235,15,2959.506795
-103.990537,16,2961.86424
-96.369924,15,2964.191812
-91.355138,17,2966.588055
-96.103018,18,2970.239714
-100.917309,14,2972.471294
-103.343626,16,2975.192077
-79.476892,21,2978.418559
-79.447283,18,2981.270471
-105.803262,11,2983.722546
-83.156513,19,2986.455367
-94.97855,18,2989.091449
-79.994226,23,2992.54811
-104.841227,15,2995.179945
-96.287839,18,2997.529188
-106.474852,15,3000.011875
-93.548133,21,3002.651625
-102.737441,16,3005.502344
-82.538836,21,3009.177644
-80.268139,19,3012.265439
-102.863873,14,3015.031396
-87.341886,19,3018.233629
-82.445954,18,3021.56018
-98.622716,18,3023.919297
-99.381737,18,3025.750417
-96.851631,19,3027.677719
-91.875212,21,3029.554148
-113.743572,12,3031.023771
-97.666202,18,3033.98278
-89.719093,17,3036.126382
-88.713357,20,3038.424413
-103.851965,17,3040.066421
-96.947987,14,3041.449098
-99.444512,13,3043.182332
-100.343434,14,3044.501395
-97.191625,17,3046.087261
-105.259868,19,3047.928673
-105.795496,15,3049.427405
-82.614958,20,3051.236872
-105.588338,18,3052.986817
-93.74054,21,3055.053939
-83.099909,20,3056.846205
-71.575678,24,3058.842362
-99.144957,17,3060.623342
-97.328592,16,3062.192117
-118.408291,16,3063.736651
-98.403379,17,3065.317728
-103.47681,12,3066.592008
-84.769882,22,3068.495255
-101.579105,16,3071.324868
-86.09031,21,3073.772231
-95.868555,19,3075.506236
-72.023004,23,3077.675775
-76.083231,23,3079.792476
-93.748289,17,3081.414499
-97.281362,18,3083.11458
-83.012647,19,3084.892208
-83.537062,21,3086.831065
-108.380005,12,3088.011133
-102.251346,12,3090.716488
-96.27475,20,3092.509684
-94.470616,18,3094.623206
-84.009143,18,3096.364481
-86.400953,19,3098.114468
-97.953055,15,3100.096908
-101.666326,15,3101.731731
-91.315042,17,3103.313449
-84.527263,19,3105.144628
-114.269509,14,3106.586194
-111.319363,12,3108.205426
-82.143525,19,3110.003046
-95.295264,16,3112.497813
-99.499957,18,3114.507733
-88.708304,18,3116.350495
-102.109474,16,3117.86339
-95.039035,18,3119.608706
-81.938702,23,3121.611083
-96.261627,17,3123.82974
-82.059353,20,3125.653787
-99.711779,15,3128.04557
-94.329341,20,3129.794792
-106.265688,18,3131.408447
-103.580043,17,3133.036792
-100.799722,18,3134.719259
-94.307621,20,3136.642691
-84.266252,20,3138.41254
-98.957653,15,3139.764647
-97.172408,16,3141.402081
-93.188273,20,3143.308089
-91.113047,17,3145.03265
-94.746762,16,3147.189293
-103.303423,19,3148.931396
-89.548178,19,3150.701061
-82.412356,22,3152.885461
-106.993916,18,3154.59952
-113.973469,14,3156.445661
-98.865378,19,3158.227674
-87.545967,19,3159.925392
-95.575979,16,3161.444497
-107.133343,15,3162.929354
-83.870253,19,3164.763302
-51.830971,21,3166.620173
-118.158948,16,3168.140823
-102.409209,17,3169.681581
-95.150132,18,3171.26748
-91.017556,17,3173.375436
-92.950993,16,3174.993029
-85.130215,17,3176.724334
-112.39597,16,3178.909686
-88.793738,17,3180.446465
-92.111055,17,3181.939691
-117.584123,11,3184.841219
-81.986593,20,3186.638213
-103.639235,17,3188.331149
-90.562871,17,3189.918827
-109.822756,15,3191.388988
-103.248939,15,3192.834746
-94.56803,17,3194.433888
-107.299347,13,3195.692869
-99.792552,18,3197.415354
-108.717746,13,3198.705186
-95.487302,18,3200.34983
-89.544904,17,3201.953175
-102.020711,15,3203.455322
-97.880862,21,3205.813874
-99.626497,15,3207.249486
-83.933181,20,3209.13989
-87.582904,19,3210.838698
-86.630297,18,3212.552974
-101.194392,16,3214.084889
-109.470003,15,3215.737854
-100.412914,16,3217.533314
-87.394516,18,3219.511221
-94.679243,15,3220.923208
-94.181405,17,3222.455029
-113.847687,11,3223.560036
-102.668574,17,3225.654173
-91.078076,15,3227.183234
-97.246691,17,3228.74229
-100.748216,15,3230.462388
-87.704762,20,3232.930597
-99.452672,15,3234.86694
-87.538831,18,3236.535058
-97.274994,17,3238.074131
-104.309897,18,3239.720285
-91.933542,16,3241.3227
-94.525195,16,3242.845551
-107.236431,12,3244.17739
-94.34069,16,3245.662016
-93.906532,19,3247.313024
-86.832039,18,3249.016874
-86.850118,18,3250.812192
-106.877013,16,3252.301061
-108.258999,13,3254.280721
-90.673316,17,3256.470659
-84.602591,21,3258.897149
-93.433215,19,3260.636648
-92.88166,19,3262.454654
-91.2378,17,3264.003518
-83.826273,21,3266.146691
-93.362354,14,3268.145176
-112.433003,21,3269.961363
-86.516503,19,3271.660993
-87.577958,19,3273.439189
-103.105833,17,3275.003194
-83.823473,20,3277.118714
-85.805493,21,3279.073928
-94.340248,16,3280.657101
-100.931662,21,3282.553713
-86.022794,18,3284.166989
-91.370903,12,3285.355946
-93.803507,19,3287.114369
-81.187785,20,3289.118191
-98.067995,18,3290.790622
-106.592716,15,3293.313917
-103.29486,16,3295.710182
-89.579142,22,3297.724436
-85.531041,19,3299.855874
-86.880696,20,3301.69464
-126.85078,13,3304.03119
-101.574298,20,3305.977729
-93.123218,18,3307.925276
-96.228487,19,3309.677258
-99.89942,17,3311.125246
-99.022656,12,3312.318395
-93.700871,19,3313.96093
-91.851001,18,3315.910405
-100.796532,16,3317.426611
-92.280342,19,3319.321324
-104.769774,15,3320.731305
-83.089009,19,3322.386511
-100.198216,16,3323.870785
-110.704282,14,3325.198737
-83.443706,20,3326.937289
-100.709321,14,3328.330242
-77.140148,22,3330.220521
-86.545577,19,3331.945657
-86.818059,17,3333.807425
-100.579525,17,3335.438639
-105.220279,15,3336.899491
-114.298333,13,3338.223653
-102.863008,18,3340.270758
-120.375068,11,3341.338203
-114.917618,11,3343.589985
-89.77979,18,3345.234294
-108.767903,15,3346.60173
-90.617435,18,3348.360006
-93.247574,14,3349.830553
-96.500571,17,3351.872984
-97.536849,16,3353.497465
-94.334213,21,3355.54833
-90.066911,18,3357.240064
-121.511662,19,3358.937596
-68.653704,22,3361.085795
-83.257224,14,3362.548271
-112.229564,12,3364.621537
-82.406853,21,3366.522652
-81.542547,23,3368.894473
-106.124228,13,3370.186411
-77.664274,21,3372.082665
-98.052752,16,3374.001491
-87.249963,21,3375.800234
-104.670801,16,3377.284822
-104.809004,12,3379.483606
-115.989705,14,3380.859144
-85.158546,19,3382.718802
-89.904276,18,3384.395467
-87.903584,20,3386.234698
-89.975915,18,3387.974767
-83.51382,22,3389.889497
-87.771743,21,3391.806887
-93.628711,10,3392.84538
-96.424773,16,3394.322901
-102.597147,15,3395.727942
-115.965814,10,3396.737611
-89.0675,23,3399.076033
-101.707668,16,3400.688337
-79.551112,20,3402.486172
-104.127171,16,3403.963174
-83.703502,18,3405.548216
-51.993101,20,3407.548295
-110.887072,16,3409.104686
-91.496801,16,3410.686643
-92.967851,17,3412.415235
-108.218441,15,3414.395809
-96.955341,19,3416.337505
-97.807392,15,3417.690094
-95.114276,12,3418.961881
-91.615877,19,3420.760304
-104.014285,16,3422.509263
-76.549619,20,3424.36399
-92.151265,20,3426.067839
-87.982006,16,3427.58492
-76.186663,20,3429.4891
-90.035259,15,3430.916409
-102.468546,15,3432.43706
-99.226051,21,3434.955756
-103.432435,14,3437.789105
-114.690408,17,3439.472365
-88.376767,19,3441.447621
-88.703235,20,3443.250669
-115.236943,11,3444.323416
-107.519684,20,3446.695741
-86.573349,24,3448.929463
-97.165903,17,3450.514728
-108.643067,11,3452.722978
-111.22023,12,3453.898023
-104.167525,15,3455.254997
-109.188393,19,3456.969095
-98.089253,20,3459.074436
-86.978368,19,3460.838382
-82.641383,14,3462.219276
-96.981801,17,3464.292427
-91.743225,18,3466.113316
-99.333698,16,3467.5151
-111.74235,14,3469.195922
-101.825389,15,3470.669882
-99.656566,17,3472.26536
-107.84971,17,3474.029224
-93.596673,19,3475.98618
-101.440044,14,3477.414424
-105.022603,12,3478.953406
-101.607407,15,3480.355958
-81.132839,19,3482.427607
-93.070642,18,3484.066411
-110.919164,15,3486.356629
-100.780069,17,3487.878863
-105.045474,13,3490.302366
-100.718084,17,3491.883358
-88.480558,18,3493.534073
-85.293319,21,3495.663859
-110.032402,13,3497.024696
-90.004185,19,3499.451796
-99.943259,18,3501.007729
-92.473234,17,3502.743393
-96.069943,18,3504.437671
-113.89605,11,3505.567662
-84.458945,20,3507.566198
-100.099028,20,3509.621034
-44.074618,23,3511.615333
-87.090443,21,3514.217261
-85.140973,21,3516.219483
-81.612949,21,3518.277185
-91.171524,15,3519.792668
-71.418313,21,3521.807197
-74.36826,15,3523.352074
-102.855008,15,3524.757161
-109.009572,16,3526.237166
-92.4001,17,3527.853542
-103.879662,15,3529.648754
-104.797087,19,3531.440852
-91.05365,18,3533.317764
-78.405773,21,3535.454728
-60.454549,15,3536.931022
-100.36731,14,3538.388459
-106.565359,17,3540.089684
-90.47519,17,3542.543833
-110.059888,11,3544.417356
-87.318767,19,3546.879667
-94.715265,14,3548.337322
-84.518565,21,3550.197954
-86.512695,19,3552.186498
-93.822658,19,3554.014019
-112.024643,11,3555.111688
-96.999008,15,3557.843674
-101.299061,15,3560.014452
-88.874037,19,3561.670464
-88.711351,17,3563.263925
-100.157592,19,3565.033561
-88.532458,22,3566.949581
-89.559772,20,3569.556606
-122.182549,8,3571.74984
-91.839573,18,3574.828805
-99.7104,16,3577.18775
-92.753171,18,3579.05423
-99.621281,17,3580.691688
-77.995435,21,3582.567644
-104.128291,15,3584.366462
-94.864317,19,3585.987749
-90.860551,18,3587.597349
-114.337007,17,3589.240617
-94.0526,13,3590.48279
-98.240906,17,3592.152194
-116.896808,14,3593.787898
-104.694359,21,3595.751786
-74.149603,23,3597.721031
-82.601475,18,3599.58301
-90.947406,19,3601.326297
-102.518548,18,3603.320624
-96.505283,14,3605.709605
-109.129063,15,3607.894143
-86.214474,18,3609.674553
-83.188673,22,3611.980725
-90.441382,20,3614.214502
-88.939318,20,3616.248681
-92.169873,18,3618.146265
-96.796461,20,3620.209208
-98.385242,11,3621.599457
-105.713159,16,3623.270409
-90.09708,17,3625.300382
-107.242771,19,3628.024621
-99.596747,17,3629.873437
-107.14,16,3632.8602
-92.920288,19,3634.812477
-83.955356,17,3636.703247
-85.97887,19,3638.715097
-106.707605,14,3640.159452
-127.726007,11,3641.364177
-79.570027,20,3643.370064
-98.074924,16,3645.028613
-88.740027,21,3647.327879
-100.166467,13,3648.93513
-105.26205,12,3651.399995
-83.415651,21,3653.69822
-103.139509,15,3655.479754
-79.23662,20,3657.485031
-103.949916,16,3659.154454
-84.78774,21,3662.433713
-105.667285,13,3664.163903
-93.178884,16,3665.65094
-100.326034,18,3668.01208
-102.807012,12,3669.215966
-99.598289,15,3670.64936
-103.517807,16,3672.485912
-86.213695,18,3675.22056
-76.95631,18,3677.208782
-83.312328,19,3679.20016
-94.554585,17,3681.167845
-105.403487,16,3683.139948
-104.059437,15,3684.895908
-114.041666,14,3686.550946
-98.173437,22,3688.744257
-107.239241,14,3690.468007
-86.992046,17,3692.600554
-103.05984,13,3694.068281
-89.245682,18,3696.547738
-96.826009,20,3699.207894
-83.014514,15,3701.218047
-108.325502,18,3703.146794
-94.653156,19,3705.653871
-101.167813,15,3707.384346
-85.701247,18,3709.489066
-94.302912,15,3711.455961
-91.31899,20,3715.18219
-96.900853,19,3717.204081
-98.79292,14,3719.319609
-114.427246,12,3722.091643
-84.033034,13,3723.698134
-104.764503,15,3725.941287
-91.048672,19,3728.020721
-82.627658,18,3730.83272
-92.694147,15,3732.56579
-102.181278,14,3734.771349
-76.979391,21,3736.977764
-56.858685,18,3740.246075
-95.293268,17,3742.203859
-96.481373,17,3744.265616
-91.090809,16,3746.072894
-92.290478,17,3747.992259
-91.500547,21,3751.036507
-85.317627,21,3754.006226
-108.345856,14,3756.139935
-86.768749,18,3758.409802
-88.07255,15,3760.092829
-104.480726,17,3762.009087
-112.499726,15,3763.673942
-93.183931,19,3765.686719
-83.057669,20,3767.852474
-113.720689,11,3770.545303
-96.375518,20,3772.851018
-99.271201,15,3774.76782
-86.0952,19,3776.962286
-103.307042,14,3779.21835
-98.611097,17,3781.121365
-104.772695,14,3783.007298
-91.782347,19,3785.096611
-84.717056,15,3786.884916
-73.049097,16,3788.814903
-110.049589,19,3791.012193
-96.365494,20,3793.417642
-87.710778,21,3795.64708
-102.449029,14,3797.264292
-99.929019,15,3798.974379
-98.160654,14,3801.842033
-115.776979,15,3803.626697
-98.651125,14,3805.353461
-95.335192,17,3807.258572
-116.178692,13,3808.737517
-77.565852,20,3810.832362
-98.237956,17,3812.694999
-92.009328,16,3814.675966
-101.378043,17,3816.705691
-104.409165,13,3818.346388
-92.972666,19,3820.340135
-100.95437,14,3821.899991
-102.84033,15,3823.634037
-104.714639,14,3826.112483
-91.73524,18,3828.549225
-100.124405,15,3830.301023
-89.5718,18,3832.352175
-90.679724,18,3834.602669
-108.369417,18,3836.651267
-98.195999,16,3838.866142
-102.66976,19,3841.466126
-96.575511,16,3843.265129
-84.935699,21,3845.42603
-87.602634,21,3847.603331
-86.259858,23,3850.167409
-91.102054,17,3852.12108
-99.045943,14,3853.748786
-88.305196,17,3855.628073
-83.221287,19,3858.278112
-96.711586,23,3860.676821
-104.430905,13,3862.85294
-90.671187,19,3864.961569
-79.004239,23,3867.472943
-115.903284,20,3870.005073
-82.353909,19,3872.128309
-76.473767,23,3874.718099
-100.576573,13,3876.361711
-104.061774,13,3878.549202
-97.090568,17,3880.447179
-114.302283,13,3882.149024
-105.830424,13,3883.906461
-102.229963,17,3885.84376
-91.940321,20,3887.991109
-94.627037,16,3890.483871
-92.326445,17,3892.530516
-105.2308,17,3894.575349
-85.720778,20,3896.747256
-114.715561,14,3898.401747
-109.550178,15,3900.161275
-96.534922,17,3902.383062
-85.928567,23,3904.608986
-99.28611,14,3906.065393
-108.539271,14,3907.801722
-91.227431,18,3910.027366
-83.641696,19,3912.348387
-70.041633,22,3914.73841
-86.262168,14,3917.426839
-104.300531,12,3919.921069
-98.191787,15,3922.256133
-103.913867,12,3923.672522
-85.971394,19,3925.956476
-78.647779,23,3928.492268
-95.992942,20,3930.811167
-114.314928,12,3932.376207
-124.896172,16,3934.218786
-91.613644,16,3936.069504
-105.489403,17,3938.164711
-78.166462,22,3940.355988
-91.775715,16,3942.16447
-106.848607,13,3944.467273
-106.357456,17,3946.670338
-97.046921,17,3948.653019
-101.17482,16,3950.778424
-106.651649,18,3952.843624
-98.938907,16,3954.968076
-101.704604,17,3956.828255
-95.407231,15,3958.82147
-92.057809,19,3960.916481
-115.485995,11,3962.343199
-92.403278,15,3964.312542
-84.273545,18,3966.098602
-96.251993,15,3967.843461
-94.010302,17,3969.646357
-121.026239,17,3971.39108
-100.242073,16,3972.986849
-87.503658,18,3974.890936
-92.789819,18,3976.902341
-89.115521,18,3978.680906
-100.183067,15,3980.065943
-101.410363,15,3981.480004
-94.398032,18,3983.04935
-107.701984,14,3984.371469
-104.301328,15,3985.850055
-97.34385,16,3987.379371
-107.345835,15,3988.789788
-84.608825,20,3990.672363
-97.845404,17,3992.2108
-83.779923,21,3994.013645
-117.249215,15,3996.060103
-93.166307,19,3997.829602
-86.352222,21,3999.797015
-79.858408,20,4001.569056
-99.509178,15,4003.141167
-82.071383,23,4005.152548
-93.389835,19,4006.847618
-100.285348,19,4008.742425
-88.69769,18,4010.750554
-71.772788,23,4013.461161
-105.779295,14,4016.135069
-100.350352,16,4017.998316
-87.508107,20,4019.838264
-90.981874,16,4021.371112
-98.327252,16,4022.845308
-110.956371,13,4024.40151
-91.059027,14,4026.062478
-103.625633,14,4027.428754
-112.055379,10,4028.483881
-96.512791,20,4030.179178
-86.490424,20,4032.279841
-102.052445,20,4034.025477
-97.042719,15,4035.379802
-107.311358,15,4037.068591
-93.502279,19,4038.656263
-97.448984,18,4040.253997
-108.375682,11,4041.463261
-101.134377,16,4044.686813
-113.856531,15,4047.234863
-101.382793,16,4049.273324
-103.600159,16,4051.023293
-84.610105,20,4053.096499
-95.237679,18,4055.903584
-87.528944,19,4057.591015
-94.997061,14,4058.963593
-91.57084,20,4060.766515
-95.664843,21,4062.898933
-94.497368,18,4064.498391
-75.333982,23,4066.562636
-92.955643,18,4068.268173
-73.246638,21,4070.081554
-102.573162,14,4071.404666
-114.604497,10,4072.532401
-103.506052,14,4074.065456
-108.020081,14,4075.551922
-85.301065,18,4077.430035
-105.367666,14,4078.812228
-89.963876,19,4081.485698
-105.61384,16,4082.931786
-76.61378,23,4084.91319
-98.380482,19,4086.503789
-93.35715,19,4088.189753
-114.575911,9,4089.093711
-106.365107,15,4090.473056
-89.838066,17,4092.023713
-94.102075,17,4093.540926
-104.635769,15,4095.714904
-103.771682,17,4097.179786
-89.493565,18,4098.803129
-82.973582,22,4100.773741
-89.8855,21,4102.707071
-89.609397,20,4104.63742
-119.577543,11,4105.697613
-96.501433,16,4107.215852
-79.702458,20,4109.018456
-90.14954,15,4110.414707
-92.559992,17,4112.560399
-90.966377,20,4114.331986
-86.757176,21,4116.146955
-107.708175,17,4117.845997
-99.065114,16,4119.605952
-102.561558,16,4121.196772
-104.568085,13,4122.519884
-112.060097,16,4124.121783
-81.536663,19,4126.291538
-98.228106,16,4127.818037
-84.686646,21,4129.620658
-118.412112,15,4130.980912
-106.437424,15,4133.614572
-87.160518,17,4135.505194
-98.299125,18,4137.161188
-101.854446,19,4138.793457
-97.710892,17,4140.358353
-104.05882,15,4141.848849
-107.530723,18,4143.400304
-103.993821,16,4144.984394
-105.898995,13,4146.929109
-92.862286,20,4148.782805
-119.818937,10,4149.837085
-95.320295,14,4151.458433
-81.506664,18,4153.091587
-97.536024,17,4154.756858
-93.595855,17,4156.259268
-98.476606,15,4157.637256
-90.198316,17,4159.239562
-91.191073,18,4161.222965
-87.652953,20,4162.997722
-99.214339,15,4164.379004
-98.118944,20,4166.166008
-102.635344,17,4167.706832
-90.124671,17,4169.324155
-82.787764,20,4171.20407
-96.201475,18,4172.819224
-86.457869,18,4174.684015
-89.668477,19,4176.638692
-93.959798,17,4178.187951
-97.903284,15,4179.842268
-95.642363,18,4181.490148
-102.008571,16,4183.187059
-115.330707,13,4184.443861
-115.304029,11,4185.487067
-100.287481,16,4187.148335
-103.293911,14,4189.231935
-109.267981,13,4190.397841
-103.538404,13,4193.335156
-94.768802,16,4194.975109
-86.123241,19,4196.673269
-98.378311,18,4198.441842
-100.643652,15,4200.40024
-114.656829,15,4201.76253
-81.610451,22,4204.067387
-102.025778,15,4205.510966
-111.099046,13,4206.728266
-94.348531,17,4208.577547
-85.824517,21,4210.308139
-91.372029,18,4211.850804
-108.12566,14,4213.88943
-90.646719,17,4215.421114
-88.866811,17,4216.932017
-98.881368,16,4218.877678
-120.456399,10,4221.394259
-101.215619,9,4222.418355
-88.247734,19,4224.102123
-108.048373,21,4226.585695
-108.184552,13,4227.854154
-99.011859,15,4229.47602
-117.323364,15,4231.762479
-88.926109,21,4233.543292
-95.113348,15,4234.879702
-106.062128,15,4236.23313
-93.779037,17,4237.826209
-111.375519,12,4239.197198
-105.964368,12,4240.299405
-99.95397,19,4242.142035
-81.470035,19,4243.898148
-117.705171,18,4245.643489
-92.570339,19,4247.527542
-106.067575,13,4250.11599
-82.756033,19,4251.79134
-107.582534,14,4253.318203
-98.872932,14,4254.816684
-99.186363,19,4257.824034
-96.201549,18,4259.389502
-108.924601,16,4261.555036
-101.312995,15,4262.982668
-93.910584,17,4264.591895
-97.118727,17,4266.126467
-82.769127,20,4267.918195
-92.828113,17,4269.493856
-91.12568,17,4271.4903
-101.208038,14,4272.795008
-96.215803,15,4274.306454
-92.752777,16,4275.84569
-83.317924,19,4277.623288
-88.860911,19,4279.324912
-92.338251,20,4281.112586
-88.554144,17,4282.703224
-108.058929,23,4284.712127
-75.364959,21,4286.986343
-102.497978,13,4288.259008
-90.984027,21,4290.045797
-99.866415,16,4291.629661
-94.581156,19,4293.251664
-81.075729,20,4294.992462
-78.855616,25,4296.931084
-97.12689,17,4298.88836
-120.014738,14,4300.162951
-105.773083,19,4301.828221
-102.828667,14,4303.169317
-89.074827,18,4305.52063
-89.584054,14,4306.876529
-98.660489,16,4308.472939
-88.317593,18,4310.247809
-109.289223,11,4311.363483
-84.512794,20,4313.478429
-115.718176,14,4315.013475
-99.576091,18,4316.572627
-98.602037,22,4318.513218
-110.824473,12,4319.606476
-101.987938,17,4321.193324
-96.279846,18,4322.81749
-116.265169,9,4325.594388
-104.090435,16,4327.033755
-102.164328,20,4330.101357
-99.699877,18,4332.009012
-77.671692,23,4334.072379
-83.557373,21,4336.021701
-97.541271,18,4337.663004
-98.688485,16,4339.175307
-98.078471,16,4340.836165
-89.376655,18,4342.553412
-89.123162,16,4344.446037
-108.037831,16,4346.008941
-88.533955,22,4347.896983
-86.835571,19,4349.697271
-90.427868,17,4351.302464
-94.646001,19,4352.890293
-99.199452,15,4355.194077
-90.8946,19,4357.095212
-107.152918,17,4358.728718
-93.022281,17,4361.371102
-93.876747,18,4363.059318
-97.960456,19,4365.19448
-93.500631,19,4367.2508
-89.312414,18,4368.839772
-88.536954,21,4370.668048
-95.1488,17,4372.543852
-95.002577,19,4374.433772
-97.283868,14,4375.795727
-98.028089,16,4377.530128
-100.864149,17,4379.556476
-97.946045,16,4381.064452
-125.228837,12,4382.247945
-88.040568,19,4384.014867
-96.752811,19,4385.713748
-109.369464,13,4387.29057
-84.753179,21,4389.261495
-88.183859,18,4390.989299
-92.323312,18,4392.632105
-106.706194,13,4395.362897
-93.226163,17,4396.984059
-104.496576,17,4398.620105
-82.763503,21,4400.457602
-111.132984,12,4401.589403
-97.205674,20,4403.291324
-104.320452,14,4405.723217
-89.331845,19,4407.446357
-94.121251,18,4409.090293
-101.397602,19,4410.679545
-80.832767,20,4412.492908
-109.014233,12,4413.641639
-89.679664,18,4415.232171
-85.96245,20,4417.328781
-81.803474,22,4419.404215
-99.990244,18,4421.248695
-99.005972,16,4422.651864
-101.574097,15,4424.276101
-97.926166,19,4426.388503
-106.224936,21,4428.237586
-102.771916,14,4429.528301
-92.926244,17,4431.481646
-97.965376,15,4433.035638
-107.674463,15,4434.531443
-84.8804,14,4435.888735
-111.945327,13,4437.687274
-110.460985,16,4439.730385
-87.334909,19,4441.427465
-100.342543,16,4442.871195
-95.859089,19,4444.557899
-107.096161,12,4446.085204
-105.22143,17,4447.681624
-120.72868,17,4449.162261
-107.633584,12,4450.43295
-113.732993,10,4452.733125
-108.583104,13,4455.572609
-102.034717,14,4456.855672
-120.131832,11,4458.036933
-99.418104,15,4459.440822
-93.660782,20,4461.307087
-106.741731,17,4462.850328
-108.937839,15,4464.242177
-84.922,18,4465.999336
-87.916226,20,4467.965144
-84.768402,17,4469.501192
-118.988106,14,4470.793382
-85.342413,19,4472.576565
-93.904321,17,4474.119069
-89.382527,17,4475.571397
-104.992845,17,4477.145769
-82.378406,21,4479.493297
-83.685621,22,4481.621655
-107.250297,15,4483.175386
-89.43351,18,4485.092195
-83.929148,15,4486.504003
-106.277057,16,4487.987751
-104.982813,13,4490.248017
-80.314482,19,4492.009004
-106.951914,14,4493.711297
-104.58713,16,4495.276274
-104.193585,17,4496.85103
-93.968386,17,4498.346782
-129.340413,10,4499.464728
-100.761785,14,4500.779429
-88.425587,17,4502.366861
-112.373867,17,4503.848382
-102.368307,21,4505.675435
-91.00941,17,4507.583161
-97.356104,16,4509.114794
-100.197637,11,4510.237398
-80.158684,21,4512.13325
-116.782504,12,4513.439178
-87.390286,22,4515.306671
-102.428597,15,4516.6944
-97.974686,17,4518.732732
-96.858523,16,4520.144897
-94.707694,15,4521.934756
-108.606336,19,4524.10856
-88.330793,22,4526.369148
-110.593307,17,4528.456318
-95.415242,16,4530.036966
-96.658526,20,4531.883612
-102.795231,13,4534.497527
-90.741174,19,4536.216958
-98.983948,18,4537.858841
-81.015753,20,4540.203909
-96.285607,16,4541.817986
-93.127458,20,4544.039959
-77.918128,21,4546.426325
-78.439239,19,4548.296485
-98.896758,17,4550.15665
-78.03032,21,4552.205035
-101.68735,17,4554.192851
-87.423067,18,4556.021889
-86.129435,14,4557.422829
-83.334313,19,4559.198376
-106.312343,16,4560.599741
-107.230873,15,4562.222929
-91.588739,17,4563.877916
-109.302551,17,4565.433123
-92.972583,16,4567.879587
-98.854583,15,4569.460406
-102.952148,19,4571.15072
-101.487444,14,4572.562564
-99.816147,16,4574.683078
-98.053903,19,4576.410578
-79.495227,21,4578.510723
-85.015355,19,4580.340039
-108.966514,12,4581.537766
-81.935707,18,4583.286307
-103.562129,19,4585.147708
-96.813522,17,4586.96329
-106.044366,13,4588.189564
-111.541067,13,4590.100246
-74.135424,26,4592.786633
-98.844377,17,4594.380286
-105.37524,15,4595.819934
-98.461985,14,4597.238601
-90.171381,19,4599.561755
-103.026358,15,4600.975974
-111.919434,19,4602.828537
-87.179611,20,4604.680015
-96.853006,15,4606.179481
-107.459617,10,4607.168517
-98.720838,15,4608.748348
-94.498578,17,4611.057784
-91.976693,20,4613.517636
-95.148471,15,4615.265731
-78.343735,19,4617.249789
-96.005501,17,4618.789131
-87.791939,19,4620.704634
-95.299706,19,4622.486586
-95.594829,20,4624.286232
-104.091655,16,4625.866497
-101.133911,17,4627.497026
-96.121197,15,4629.26728
-91.156731,20,4631.514483
-93.607205,16,4633.01125
-97.565486,15,4634.509859
-98.633213,15,4636.005776
-98.312026,16,4637.505021
-96.601677,17,4639.301744
-92.998994,17,4641.534422
-94.919723,18,4643.211145
-89.563444,20,4645.113993
-80.217715,19,4646.819217
-91.043299,18,4648.89765
-108.143147,16,4650.5785
-96.767016,16,4652.466846
-93.005102,19,4654.348499
-107.813714,13,4655.558013
-51.012485,22,4657.527497
-101.113041,18,4659.172029
-84.882812,14,4660.496938
-108.888852,16,4661.994637
-101.712147,15,4663.393097
-97.68252,15,4664.773098
-95.424144,13,4666.024065
-101.151962,18,4667.689871
-99.528439,18,4669.650024
-80.800396,22,4671.685648
-85.949732,18,4673.804717
-82.475544,21,4675.786893
-86.048292,18,4677.455258
-93.547196,17,4679.509621
-85.1293,18,4681.483289
-96.597251,16,4682.972142
-104.1841,11,4684.052329
-98.27885,14,4685.432456
-73.877912,23,4687.409337
-95.98342,16,4688.960174
-93.581816,12,4690.224441
-104.271082,16,4691.613368
-99.326682,18,4693.171321
-101.421857,16,4695.40917
-79.120366,23,4697.337206
-98.314691,17,4698.876559
-85.446836,21,4701.01983
-87.753947,16,4702.544205
-100.031637,16,4704.101425
-94.794249,18,4705.726762
-93.974382,16,4707.251728
-95.009705,18,4709.286506
-96.990262,19,4711.105229
-74.024703,23,4713.028659
-107.437244,15,4714.750929
-104.074605,16,4716.215261
-106.17075,12,4717.796051
-98.388535,15,4719.202796
-102.471405,15,4720.597975
-102.109358,11,4721.789091
-86.779163,17,4723.375775
-92.816054,16,4725.322213
-92.940229,19,4726.987905
-80.975254,21,4728.799139
-78.31386,18,4730.400921
-100.946387,19,4732.106581
-35.712484,24,4734.620895
-86.082422,20,4736.431087
-102.997763,13,4737.707828
-100.154111,16,4739.100324
-105.77165,15,4740.466261
-97.533309,15,4742.554048
-106.641235,13,4743.875818
-112.963855,13,4745.302896
-84.534002,17,4746.939486
-96.077523,18,4748.598103
-96.645366,18,4750.252476
-91.619666,19,4752.144957
-92.765862,18,4754.992872
-106.360749,16,4757.798251
-104.176919,17,4759.310886
-96.543221,18,4761.383168
-84.945771,21,4763.211365
-90.705101,16,4764.73154
-103.654291,18,4767.311089
-113.334843,11,4768.399692
-108.252912,14,4769.633556
-101.486229,15,4771.053847
-113.604648,12,4772.217565
-103.627878,17,4773.725997
-74.836897,17,4775.339047
-99.97306,15,4776.808147
-92.782048,20,4778.660987
-102.773878,14,4779.99216
-85.055091,18,4781.65453
-110.592276,16,4783.148799
-95.964304,18,4784.775019
-107.071696,16,4786.201249
-85.93658,15,4787.656504
-94.10001,17,4789.240722
-75.936727,21,4791.008827
-95.022484,18,4792.863523
-96.858733,18,4794.830061
-87.350195,19,4796.534671
-90.125837,17,4798.07389
-99.271329,18,4799.670754
-98.99962,18,4801.258476
-95.063108,15,4803.561518
-95.940683,18,4805.168747
-87.359649,19,4806.95564
-92.912102,19,4808.622615
-99.058976,16,4810.517765
-105.213228,15,4811.951401
-101.353036,16,4813.386185
-99.119282,17,4814.847116
-102.956784,15,4816.904165
-90.070105,21,4818.772915
-95.550317,16,4820.186258
-91.262046,18,4821.705312
-109.293235,12,4822.9399
-97.44197,15,4824.336351
-102.018912,13,4826.130013
-88.355601,20,4827.864986
-90.611689,17,4829.746389
-80.364961,19,4831.457113
-88.049199,18,4833.150244
-70.164626,20,4835.131001
-86.323951,20,4836.943132
-92.575378,18,4838.924165
-112.783222,12,4840.063604
-97.39327,16,4841.546672
-55.830498,24,4843.672289
-103.882113,14,4845.155401
-102.097863,15,4846.761462
-88.119008,18,4848.534127
-98.937351,16,4850.153394
-104.910358,16,4851.509924
-90.05853,18,4853.467038
-94.619321,15,4855.044904
-92.458008,17,4856.812682
-99.113834,18,4858.386843
-117.185325,9,4860.863693
-91.521259,19,4862.579796
-85.418285,20,4864.483466
-85.034192,18,4866.035567
-89.49853,19,4867.779513
-98.769057,15,4869.208797
-91.245523,17,4870.860441
-96.127672,16,4872.914495
-99.904885,19,4874.573677
-88.788295,21,4876.494901
-94.205108,17,4878.064315
-95.195754,20,4879.861583
-89.767117,12,4881.036038
-85.090201,24,4883.042595
-90.174372,17,4884.651575
-97.864067,18,4886.249933
-107.366575,12,4887.895123
-90.62777,20,4889.648407
-104.408461,15,4891.183866
-100.822556,18,4892.791641
-103.330784,15,4894.144988
-94.045763,17,4895.670742
-101.246162,15,4897.313343
-87.446287,19,4899.031004
-106.286914,16,4900.922478
-97.358572,14,4902.332831
-97.814129,13,4903.660945
-102.910773,14,4905.00484
-98.114314,17,4906.527433
-85.218222,19,4908.216251
-92.009965,16,4910.227975
-100.967017,16,4911.837855
-101.980879,14,4913.486696
-94.244917,20,4915.731781
-111.444319,11,4916.951499
-95.943211,17,4918.534952
-91.177629,19,4920.141821
-81.845255,22,4922.027494
-101.455345,16,4923.725937
-96.598858,16,4925.680852
-119.089393,12,4927.303822
-120.444732,12,4929.22094
-74.729586,21,4931.716911
-108.39303,17,4933.891673
-99.150088,17,4936.396717
-107.959839,11,4937.5309
-104.556587,14,4939.983332
-97.437349,16,4943.615709
-111.647148,14,4946.587254
-98.569653,16,4949.917994
-101.679801,21,4952.455185
-78.060499,19,4955.384329
-89.399898,19,4958.395268
-99.164469,14,4960.636518
-97.79243,17,4962.826594
-94.289119,17,4966.70955
-101.211227,14,4968.31136
-114.891894,13,4969.612247
-96.920902,17,4971.26439
-78.853954,20,4973.468848
-95.836866,12,4975.554008
-99.808988,15,4977.313818
-103.565312,13,4979.644016
-101.696711,17,4981.20288
-81.084554,20,4983.180661
-93.410374,18,4984.862577
-80.176431,20,4986.655746
-92.898571,21,4988.496015
-79.875846,20,4990.268903
-96.47724,15,4991.660313
-97.638119,19,4993.534333
-96.026562,16,4995.213542
-94.449026,15,4997.587078
-121.520797,18,4999.150664
-83.73375,15,5000.667749
-109.032658,13,5001.872199
-120.338148,10,5004.038003
-108.147463,13,5005.298081
-98.359329,15,5006.85201
-85.08881,21,5008.757616
-93.254762,18,5010.540401
-118.499735,14,5012.16242
-97.995632,22,5014.068496
-99.18442,15,5015.442686
-97.326944,18,5017.581981
-106.013209,12,5018.87206
-99.681411,19,5020.589789
-79.196684,20,5022.744648
-87.115823,19,5024.400227
-102.087609,17,5025.960484
-118.67858,11,5027.756649
-89.077478,22,5030.123654
-78.012024,22,5032.116556
-80.610522,20,5034.187649
-83.387285,21,5036.568789
-97.770339,19,5038.300804
-107.303186,17,5039.864423
-80.634032,19,5041.752126
-84.379736,21,5043.655296
-84.19732,20,5045.481579
-106.174801,14,5046.957665
-103.571165,14,5048.288789
-93.866638,19,5050.01248
-114.069755,13,5051.310688
-90.160256,17,5052.876866
-112.049181,15,5054.261069
-86.387432,18,5055.903136
-111.13087,16,5057.579691
-94.246731,15,5059.164663
-114.704095,16,5060.616401
-103.293861,14,5062.06736
-108.552764,13,5063.568653
-95.718185,12,5064.841825
-87.55474,20,5066.717439
-117.726328,9,5067.664295
-95.738775,18,5069.373396
-121.593089,18,5070.970913
-97.368179,16,5072.527009
-100.403244,16,5074.015568
-110.853251,15,5075.499975
-95.341325,14,5077.204635
-100.480467,17,5078.856627
-116.032306,10,5079.998029
-88.497029,20,5082.12615
-113.542961,11,5083.32422
-77.765997,21,5085.156584
-92.208607,18,5087.010911
-102.31805,14,5088.324997
-94.013342,17,5090.294365
-110.943753,10,5091.4007
-95.778907,18,5093.151695
-101.684373,15,5094.734457
-102.910468,16,5096.186693
-100.95689,16,5098.639116
-103.71178,13,5099.921589
-94.868533,19,5101.589094
-102.142437,18,5103.301667
-91.883865,19,5104.938092
-101.315876,18,5106.605182
-95.489754,12,5107.861212
-87.153262,19,5109.757892
-86.257444,19,5111.526762
-101.189463,12,5113.574388
-96.668689,17,5115.307431
-103.066597,16,5116.745851
-85.270368,18,5118.456091
-102.998056,14,5119.86882
-104.881154,14,5121.65601
-92.777768,17,5123.568167
-90.63185,16,5125.229056
-85.639049,16,5126.858751
-89.737519,17,5128.534351
-102.271662,19,5130.177011
-49.699118,21,5132.694545
-99.432869,17,5134.26318
-92.505484,16,5135.91338
-99.706398,20,5138.101136
-113.151559,10,5140.237537
-99.931711,15,5141.743542
-96.410176,17,5143.276663
-111.97105,15,5144.74416
-95.001322,17,5146.277038
-82.317538,23,5148.477934
-95.494925,16,5150.324007
-78.295309,20,5152.561206
-98.958932,15,5154.197795
-93.366712,19,5156.077031
-81.025683,23,5158.033216
-85.624152,18,5159.688246
-96.599473,20,5161.46631
-48.702011,21,5163.870816
-95.714273,17,5165.542074
-91.54388,19,5167.204171
-111.376273,16,5169.280406
-105.91024,13,5170.838949
-90.636558,19,5172.662503
-100.303127,15,5174.068723
-121.351088,16,5175.551152
-97.844046,17,5177.11536
-95.295029,16,5178.613336
-92.391165,19,5180.376101
-89.777232,21,5182.264947
-89.889768,21,5184.69213
-114.967631,10,5185.860937
-111.144423,11,5188.176247
-78.933877,22,5190.048754
-100.751902,15,5191.587781
-91.049405,20,5193.653274
-107.36397,15,5195.193611
-93.45107,21,5196.968352
-122.292447,10,5198.12603
-81.828743,19,5199.918036
-79.093714,18,5201.578571
-103.259496,13,5202.884832
-104.525334,15,5205.185178
-87.430909,19,5206.921227
-104.88907,14,5208.728882
-104.136369,14,5210.737423
-81.530005,22,5213.137441
-96.481506,17,5215.438301
-86.228876,20,5217.127878
-97.259066,18,5218.745496
-110.013464,13,5220.074709
-102.36949,16,5221.53362
-96.638519,21,5223.469335
-110.763197,11,5226.164576
-118.957225,11,5227.239051
-122.068139,9,5228.207054
-92.42979,17,5229.685469
-101.0081,14,5231.081985
-98.684587,17,5232.639376
-88.555252,17,5234.785294
-104.982338,18,5236.507081
-96.822682,17,5238.309228
-88.059842,18,5240.014468
-103.047949,14,5241.305745
-91.247247,16,5242.74324
-86.80639,21,5244.596263
-94.122566,19,5246.526786
-99.73569,17,5248.026141
-106.411773,16,5249.531619
-90.711022,17,5251.569894
-90.264903,21,5253.403509
-88.789097,21,5255.799791
-91.810714,18,5257.633962
-104.21133,17,5259.540735
-93.407534,12,5261.195585
-103.445049,16,5262.973115
-103.323102,17,5264.759617
-95.080021,20,5266.437354
-98.444821,17,5268.080163
-96.781401,21,5270.09244
-70.988548,23,5272.563884
-110.909868,14,5274.16401
-106.771365,13,5275.492081
-89.240872,17,5277.302166
-97.084299,18,5278.89143
-87.448171,17,5280.917204
-106.727131,13,5282.22615
-108.963986,16,5283.753857
-92.726802,13,5285.022916
-92.914358,12,5286.29554
-109.810767,13,5288.416942
-104.191327,14,5289.719558
-110.256543,10,5291.565924
-64.678305,22,5293.710908
-100.382388,16,5295.339422
-94.313989,18,5297.092298
-85.526797,18,5298.774729
-87.741472,20,5300.639508
-97.669573,15,5302.07778
-99.170503,14,5303.70066
-89.332193,14,5305.084128
-82.029499,18,5306.890543
-106.670265,16,5308.449763
-100.146126,17,5310.605599
-89.857847,19,5312.415408
-105.505507,12,5314.683858
-88.373701,18,5316.578591
-91.733513,18,5318.292704
-86.117447,21,5320.289754
-105.439515,15,5322.151972
-88.660984,19,5324.118668
-100.963544,14,5325.857261
-98.679307,18,5327.422307
-109.102262,17,5328.94486
-96.699051,17,5330.977291
-93.949113,21,5332.851108
-93.460722,17,5334.622567
-87.069938,15,5336.069783
-105.785824,15,5338.212172
-98.019898,16,5339.884513
-94.7375,19,5341.963253
-99.706662,23,5344.295993
-83.346886,19,5346.076426
-91.655073,16,5347.810546
-92.971501,17,5349.397103
-109.165352,14,5351.309797
-109.97394,14,5352.652576
-90.184268,16,5354.178175
-106.432844,12,5355.451895
-77.300517,20,5357.457815
-86.207487,20,5359.214623
-104.08433,15,5360.685069
-91.495778,21,5362.571571
-106.381138,14,5363.920209
-98.085078,16,5365.489299
-94.505284,17,5367.994155
-92.510556,21,5369.73356
-87.49325,20,5371.593623
-98.467028,14,5373.032162
-87.718452,19,5375.331609
-72.867348,23,5377.379522
-87.782367,19,5379.087713
-107.693543,16,5380.773663
-94.974059,18,5382.567999
-107.192748,14,5384.777293
-94.248511,18,5386.464809
-117.549387,10,5388.934623
-95.336085,17,5390.468711
-97.398965,15,5391.94811
-94.065011,20,5393.850619
-104.967895,17,5395.619811
-112.600204,15,5397.099358
-86.79316,19,5398.784099
-106.837103,14,5400.099473
-111.825554,16,5401.607594
-109.524548,18,5403.250557
-97.130675,21,5405.476206
-94.879084,16,5406.966056
-113.188521,14,5408.991099
-95.478571,22,5410.84285
-108.788941,18,5413.314436
-89.364157,19,5415.000574
-104.251585,16,5417.700966
-84.53195,20,5419.458263
-98.127098,17,5420.977257
-87.106069,18,5422.722882
-83.894071,23,5424.755975
-80.846229,20,5426.58037
-99.234392,17,5428.175591
-101.942515,16,5429.639119
-107.752475,13,5432.175426
-108.416733,15,5433.697227
-105.922877,17,5435.196919
-111.801868,15,5436.665513
-92.126552,16,5438.280827
-100.44097,14,5440.284859
-96.236164,17,5442.013019
-82.372377,21,5443.919847
-112.85476,20,5445.760915
-108.838308,14,5447.797939
-91.502094,16,5449.828561
-95.882209,11,5450.944865
-111.031727,18,5452.728373
-102.617009,16,5454.337848
-83.181024,19,5456.142005
-90.636782,20,5457.954264
-83.976211,20,5459.717532
-67.416634,24,5461.776915
-88.706648,19,5463.475919
-92.970058,17,5465.317842
-101.026627,17,5466.933903
-102.09028,14,5468.292191
-109.075209,12,5470.480837
-94.027245,18,5472.072228
-82.344039,23,5473.975401
-101.950477,18,5475.62337
-108.450336,14,5477.05099
-92.360899,14,5478.567689
-93.944832,19,5480.407674
-90.120083,20,5482.618041
-100.211852,17,5484.166416
-88.222486,19,5486.044651
-78.908152,20,5487.915985
-110.69945,20,5489.823459
-114.930117,10,5491.625132
-88.087455,19,5493.656784
-97.608549,17,5495.376974
-97.614572,15,5496.83374
-92.676939,16,5498.457257
-96.737774,18,5500.860672
-87.360318,19,5502.700562
-109.845611,16,5504.408013
-71.642475,22,5506.378125
-82.346671,21,5508.200397
-88.675886,19,5510.243822
-92.733269,18,5512.369326
-100.168611,15,5514.596346
-86.385262,17,5517.115149
-86.805134,18,5518.692622
-104.268749,14,5520.034396
-85.9032,21,5521.791551
-102.309862,13,5523.021996
-92.445007,19,5524.794219
-83.862204,19,5526.560082
-106.696441,12,5528.995775
-96.906927,15,5530.36237
-101.029335,15,5532.35331
-118.786302,11,5533.443728
-114.325588,14,5534.696701
-94.571055,21,5536.433517
-81.856823,22,5538.318784
-85.127294,21,5540.076981
-100.230304,15,5542.000769
-96.2736,17,5544.00823
-94.523278,15,5545.583587
-103.089931,13,5547.495807
-39.8552,25,5549.642619
-92.379927,17,5551.825631
-79.957478,21,5553.668225
-80.599934,24,5555.652044
-87.847005,19,5558.406518
-87.25821,22,5560.862463
-122.020283,14,5562.708309
-105.261587,19,5564.763261
-130.647339,16,5566.247594
-112.926254,11,5567.316397
-101.669769,18,5568.989473
-86.442313,16,5570.678231
-99.911656,17,5572.213655
-99.590016,18,5573.998852
-96.039795,19,5575.912193
-109.615168,12,5578.613301
-85.169206,21,5580.467809
-118.537664,16,5581.880076
-81.343279,21,5583.846836
-93.017223,13,5585.122761
-95.329605,18,5587.160861
-105.158295,13,5588.398474
-96.308318,18,5590.540296
-78.442795,20,5592.275285
-97.990057,16,5593.705686
-93.516886,18,5595.238896
-88.55478,21,5597.198418
-108.168113,17,5598.693945
-86.940389,22,5600.604588
-89.006502,18,5602.149075
-93.057403,17,5603.71975
-93.242923,18,5605.41906
-76.972075,21,5607.31413
-102.986269,13,5609.543453
-85.444773,18,5611.233494
-96.400446,16,5612.890681
-71.472869,22,5615.211055
-93.472768,18,5618.255153
-96.189268,18,5620.24814
-92.226593,17,5622.232893
-91.790997,20,5623.957309
-102.823249,17,5625.749753
-119.362089,17,5627.300978
-119.88285,12,5628.661031
-98.700407,15,5630.045217
-114.289747,13,5631.315256
-81.227999,19,5633.126727
-102.461911,16,5634.85723
-113.181157,13,5636.108186
-84.85209,16,5637.553816
-77.825357,23,5639.456251
-71.953488,24,5641.42198
-93.728016,20,5643.286421
-87.187338,24,5645.381456
-84.80794,18,5647.385477
-108.205557,16,5648.995826
-82.749175,15,5650.41688
-107.047199,17,5652.176814
-102.935105,15,5653.622469
-94.529555,12,5654.791736
-89.23746,18,5656.320712
-83.572589,19,5658.051498
-88.542113,21,5659.921701
-93.799061,18,5661.565545
-105.124087,16,5663.009575
-84.831964,22,5664.965311
-93.719601,20,5666.864178
-74.259358,25,5668.866345
-98.626273,14,5670.622757
-111.757957,13,5671.859456
-95.378368,20,5674.026016
-99.030968,15,5675.910715
-107.400361,15,5677.230551
-97.84289,18,5678.927879
-105.899139,12,5681.819737
-90.488584,18,5683.417134
-83.978467,18,5685.066573
-96.33067,15,5686.411061
-108.911672,12,5687.790637
-82.564368,18,5689.50363
-97.327158,18,5691.364266
-107.729279,12,5692.567865
-66.601681,25,5695.132778
-79.521815,21,5696.981837
-96.255005,16,5698.500484
-95.119054,21,5700.214245
-107.245076,12,5701.495435
-100.949407,17,5703.056502
-106.713891,14,5705.641875
-89.642931,18,5707.333057
-89.429169,19,5709.048468
-108.813913,14,5710.445104
-93.006439,19,5712.318183
-99.555691,18,5713.885972
-73.5676,22,5715.761865
-97.609686,21,5717.657629
-81.60623,21,5719.610934
-118.271135,9,5722.193909
-88.710843,19,5724.205828
-94.630974,19,5726.401639
-88.47785,18,5727.972243
-39.101055,23,5730.44593
-89.443324,19,5732.305282
-107.071476,14,5733.591444
-87.671032,19,5735.211592
-90.852282,17,5736.732349
-97.861413,17,5738.342628
-93.59275,18,5739.952026
-74.633638,15,5741.448078
-95.882608,19,5743.076631
-99.25938,18,5744.696083
-110.255154,13,5745.911674
-92.515164,17,5747.538765
-92.56991,17,5749.047639
-97.213255,21,5751.189264
-75.901875,22,5753.109028
-99.211058,14,5754.594227
-98.598179,17,5756.234309
-94.778037,18,5757.84648
-90.511921,17,5759.715882
-101.032204,16,5761.959865
-96.606587,19,5763.828726
-91.281158,17,5765.423322
-78.634983,21,5767.427311
-110.013701,20,5769.148057
-92.869915,17,5770.663542
-109.364133,17,5772.192981
-114.072935,18,5774.102119
-90.762945,17,5775.592972
-104.642897,16,5777.031117
-106.533681,13,5778.350937
-109.369229,14,5779.811413
-93.346013,20,5781.50366
-95.472759,16,5782.889784
-90.619303,18,5784.583615
-92.309912,19,5786.22907
-105.867355,21,5787.957258
-92.906619,21,5789.738193
-98.251339,18,5791.303862
-90.671568,19,5792.940642
-94.904127,16,5794.455303
-80.5749,21,5796.240645
-96.592324,18,5797.999259
-90.868307,22,5800.175765
-106.819787,13,5801.469276
-99.613333,17,5803.013401
-99.413849,15,5804.947598
-100.756766,18,5806.951387
-106.063885,15,5808.587771
-105.728778,16,5810.04418
-58.343599,26,5812.185533
-96.309027,17,5814.183036
-108.127978,12,5816.146302
-100.086477,14,5817.955731
-94.200466,18,5819.606284
-94.318062,16,5821.062338
-88.996742,16,5822.546356
-86.107169,21,5824.406414
-81.644988,24,5826.439319
-93.457128,17,5827.87174
-102.607069,16,5829.561803
-92.111166,17,5831.168811
-105.333158,13,5833.342902
-104.433952,14,5834.650949
-111.216381,17,5836.080848
-90.989473,19,5837.727627
-94.580951,15,5839.273256
-102.506645,15,5840.616665
-96.739533,15,5842.435675
-108.327857,14,5844.107849
-100.598007,14,5846.326463
-100.79886,16,5847.85073
-98.297378,15,5849.360578
-90.229547,19,5851.095618
-81.434256,21,5852.930148
-115.987103,14,5854.192141
-83.507069,21,5855.952418
-92.154156,17,5857.559199
-107.700416,12,5859.520093
-93.835919,19,5861.144153
-103.883141,14,5862.476727
-100.707384,16,5863.856531
-79.400094,20,5865.585543
-101.53228,18,5867.172825
-98.753338,17,5868.759625
-97.403638,16,5870.276036
-92.430963,17,5871.927446
-103.489221,15,5873.445407
-87.489598,20,5875.537066
-105.119279,15,5877.20937
-101.425492,15,5878.710439
-51.257984,18,5880.448549
-85.283951,21,5882.191757
-93.738472,16,5883.682073
-98.241166,16,5885.196822
-79.087606,23,5887.086197
-101.236302,16,5888.736604
-106.425771,17,5890.223527
-99.786939,20,5892.042084
-100.017189,17,5893.558969
-92.287305,20,5895.411462
-82.906108,18,5897.005624
-97.66911,16,5898.984277
-88.70332,19,5900.568249
-93.36369,15,5901.881561
-90.389022,18,5903.525718
-104.094232,14,5905.087123
-104.292776,14,5906.497722
-86.90779,21,5908.220994
-90.549167,18,5909.802112
-120.266956,9,5910.747981
-105.554975,11,5911.817133
-96.351745,17,5913.385234
-101.640729,20,5915.103588
-75.905306,22,5917.303456
-104.033297,15,5918.83012
-92.883209,20,5920.665146
-101.411476,17,5922.145628
-87.446274,18,5924.290948
-90.178218,19,5925.95796
-92.237115,17,5927.564864
-102.790553,13,5928.798741
-89.556544,19,5930.936917
-93.760499,18,5933.044355
-108.68344,12,5934.514359
-90.736115,10,5935.701856
-81.121193,22,5937.545575
-115.80129,13,5938.74454
-94.145665,17,5940.353457
-106.404495,12,5941.558041
-117.206023,12,5942.758821
-99.873581,16,5944.284757
-107.696775,13,5945.537116
-109.167678,12,5946.725487
-48.382256,19,5949.168767
-108.280938,13,5951.238184
-93.432194,18,5953.264555
-106.144101,15,5955.518493
-86.177036,21,5957.395805
-99.49869,15,5958.70062
-101.390219,17,5960.318529
-83.262793,19,5961.927112
-118.823501,16,5963.546758
-98.986223,16,5965.056526
-102.006001,16,5967.136438
-38.608725,19,5968.882616
-81.187,17,5970.516065
-88.224413,19,5972.182028
-94.277743,20,5973.879809
-126.705133,9,5974.854839
-90.613861,20,5976.606481
-93.964889,17,5978.136
-82.19861,20,5979.891989
-101.486053,15,5981.25422
-57.729819,18,5983.260829
-108.663673,14,5984.556026
-107.516058,12,5987.029186
-79.425957,19,5989.029244
-94.327113,18,5990.696155
-100.582201,22,5992.533481
-88.303276,18,5994.288692
-89.739131,20,5996.327422
-107.945773,16,5997.853725
-94.980001,17,5999.379217
-99.350745,16,6000.82913
-98.373358,15,6002.153045
-117.272647,10,6003.155647
-101.729907,19,6005.148546
-97.009095,16,6006.585087
-90.66601,20,6008.358225
-105.987653,15,6010.288887
-109.402888,15,6011.943852
-98.297035,18,6013.7864
-105.448965,16,6015.240388
-82.918717,20,6017.360036
-44.80937,21,6019.276357
-111.767163,14,6020.525147
-83.54892,18,6022.133175
-92.394421,21,6024.098817
-88.062235,20,6025.884684
-80.19908,19,6027.516441
-97.230745,14,6029.00461
-95.533896,18,6030.638034
-100.024513,17,6032.182869
-47.812238,21,6034.084191
-102.805017,14,6035.463038
-96.255355,17,6037.054872
-97.855076,15,6038.518781
-86.015467,18,6040.156682
-106.120872,15,6041.541211
-94.544282,13,6042.799607
-93.69337,21,6044.752782
-108.245318,15,6046.647408
-100.169758,21,6049.050121
-51.309289,22,6051.231335
-73.670099,22,6053.154732
-97.040865,18,6054.928503
-90.621851,17,6057.467123
-76.990969,22,6059.335334
-104.771506,17,6060.895765
-110.107691,13,6062.846123
-97.435549,18,6065.058779
-85.614272,22,6066.932375
-87.553238,18,6068.702775
-98.614571,17,6070.341927
-99.682929,18,6072.009578
-83.834326,21,6074.727069
-111.477419,20,6076.419745
-96.797774,19,6078.643178
-94.150155,15,6080.577608
-101.357616,13,6082.475281
-94.798459,18,6084.024027
-88.155196,17,6085.67259
-98.216106,17,6087.218251
-100.530524,15,6088.636241
-107.318153,14,6089.928003
-107.666827,19,6091.602952
-92.605521,18,6093.240611
-95.193558,15,6094.668949
-87.506413,19,6096.396767
-98.078882,19,6098.027172
-40.807478,23,6100.092791
-83.651584,23,6102.091503
-103.475769,17,6103.516597
-82.209758,21,6105.306132
-111.288176,16,6106.73615
-98.265427,18,6108.409111
-89.852422,12,6109.591491
-97.0313,15,6111.046155
-95.575405,16,6112.579129
-91.267363,17,6114.567504
-100.212603,16,6116.274563
-106.309704,14,6118.553626
-98.400039,18,6120.225649
-91.761334,18,6121.820002
-99.126,11,6122.890063
-95.455758,17,6124.726922
-97.526416,18,6126.286594
-91.19061,19,6128.434124
-93.149148,18,6130.136177
-83.533004,21,6131.938078
-91.879284,18,6133.575292
-92.601194,17,6135.147025
-78.39729,21,6137.063232
-96.408631,15,6138.509837
-96.593057,18,6140.707525
-92.110357,20,6142.640333
-100.304396,14,6143.885829
-92.913518,17,6145.807112
-92.303129,19,6147.410729
-82.953088,21,6149.339838
-98.528545,17,6150.883879
-79.190769,22,6152.798874
-101.850875,17,6154.434788
-96.583443,16,6156.44461
-100.09319,21,6158.689095
-103.964596,17,6160.17552
-83.517075,17,6161.715006
-92.318679,18,6163.329642
-84.056307,20,6165.473654
-92.58658,18,6167.659219
-110.835769,16,6169.319795
-88.694449,17,6171.166289
-95.060209,17,6173.499743
-101.069752,14,6175.167533
-102.809713,14,6177.127896
-108.957717,14,6178.874809
-101.738795,18,6180.626263
-87.686223,17,6182.362207
-89.341253,15,6183.918288
-82.066357,23,6186.124708
-95.404217,16,6187.743693
-102.519778,13,6190.531739
-89.93306,16,6192.244238
-88.450363,19,6194.17214
-97.544771,15,6195.765771
-98.239211,19,6197.922268
-81.811025,19,6199.807328
-80.848537,19,6201.691376
-99.487924,17,6203.691146
-97.544341,16,6205.384475
-76.993867,16,6207.152858
-94.546026,17,6209.748959
-83.146483,16,6211.377028
-107.384756,14,6213.321662
-77.50384,20,6215.329417
-74.351746,21,6217.422992
-101.581255,18,6219.379019
-90.697874,20,6221.293525
-100.442406,21,6223.261848
-96.297356,15,6225.083457
-79.726197,21,6227.135183
-95.439817,16,6229.232024
-73.866053,21,6231.366982
-95.754797,15,6233.066582
-93.449983,13,6234.637547
-100.246673,15,6236.461056
-85.010452,19,6238.41279
-91.598115,19,6240.523159
-109.990187,11,6242.295969
-105.662902,14,6243.936842
-88.672186,17,6245.643695
-88.632936,19,6247.898838
-90.888296,20,6249.919551
-87.704592,19,6251.903966
-93.110611,20,6253.824931
-98.640687,16,6255.541435
-82.675319,18,6257.34375
-107.706704,16,6259.243488
-107.762301,16,6261.558159
-97.219239,18,6263.431627
-95.302238,19,6265.316896
-102.471092,15,6267.016004
-97.098054,17,6269.111202
-86.062513,19,6271.183114
-93.678884,12,6272.508432
-71.719395,24,6274.848495
-90.746181,18,6276.701477
-87.081024,18,6278.656106
-95.203376,15,6280.194276
-104.601954,21,6282.208247
-82.483308,22,6284.471772
-99.38392,16,6286.390803
-91.354971,21,6288.768362
-96.775906,20,6291.667048
-105.775295,14,6293.159105
-104.584236,15,6294.953139
-89.297114,17,6296.728155
-77.734576,19,6298.635631
-80.794746,17,6300.652204
-92.580601,18,6302.476929
-113.433525,15,6303.979172
-92.817272,18,6305.91201
-101.412775,16,6308.017519
-85.45231,23,6310.264115
-108.805733,13,6311.696412
-83.916007,22,6313.819416
-84.707127,21,6315.854158
-84.099127,21,6318.384934
-96.081313,15,6321.241731
-95.440458,20,6323.177385
-118.92446,10,6324.297729
-93.5241,18,6326.334812
-90.54952,17,6328.337168
-93.951954,19,6330.233736
-117.768361,15,6331.850443
-81.168739,23,6334.172394
-11.306286,20,6336.303347
-78.803717,20,6338.568018
-83.839329,19,6340.615347
-80.718114,21,6342.815317
-84.368005,20,6344.824378
-120.264821,12,6346.110493
-99.324658,17,6348.022464
-104.326334,13,6350.028413
-102.365178,18,6351.874719
-87.43574,17,6353.795908
-102.355031,21,6356.348995
-97.724294,20,6358.520483
-121.046029,13,6360.568193
-95.49525,18,6362.393441
-89.221742,17,6364.629289
-112.674247,13,6366.475144
-83.900424,23,6368.637855
-95.531391,18,6370.938613
-86.512289,19,6372.808445
-83.310042,19,6374.914733
-98.402567,18,6376.695185
-91.295407,15,6378.295686
-80.294427,21,6380.523141
-100.542367,17,6382.337746
-84.707907,18,6384.133946
-88.084906,19,6386.13994
-81.712258,21,6388.292043
-89.009174,17,6390.393784
-86.313736,19,6392.258108
-86.143578,23,6394.526382
-89.703525,17,6396.295569
-97.551277,17,6398.208233
-117.658715,9,6399.260249
-74.205726,22,6401.363297
-94.919302,20,6403.27708
-80.951615,17,6405.122327
-92.784975,19,6407.029899
-106.356279,15,6409.988575
-83.805811,18,6411.811738
-89.960888,19,6414.213668
-99.186519,15,6416.139331
-91.178933,18,6417.903589
-89.829149,20,6419.85025
-98.42963,19,6421.830465
-88.129981,19,6423.726774
-91.404479,18,6425.484388
-92.386824,19,6427.472836
-85.390824,20,6429.604555
-98.709906,20,6431.596469
-101.737487,22,6433.716366
-83.729376,19,6435.637193
-78.716536,22,6437.813881
-95.419295,17,6439.547974
-103.05034,14,6441.195285
-97.537385,16,6443.677417
-88.410488,17,6445.503878
-88.343345,19,6447.447618
-109.124141,16,6449.073817
-92.446546,16,6450.710416
-90.572691,21,6452.996223
-98.780475,18,6454.84808
-99.64757,15,6456.421516
-81.087269,21,6459.367972
-110.436523,17,6461.685719
-80.973298,19,6463.591193
-103.850265,14,6465.47333
-88.75996,19,6467.617022
-87.643371,20,6469.642797
-79.859877,23,6471.816933
-83.880751,18,6473.728545
-87.04246,18,6475.777452
-94.068962,17,6477.562479
-78.420928,22,6480.220832
-92.259112,19,6482.215646
-98.181424,16,6484.197595
-119.690526,10,6486.930123
-97.979296,17,6488.954872
-85.716672,20,6491.473024
-92.060447,19,6493.266739
-87.78117,19,6495.23469
-109.453428,15,6497.97201
-82.887806,20,6500.008065
-100.303577,16,6501.812963
-83.255711,19,6503.882887
-33.160242,22,6506.177171
-80.10698,22,6508.582387
-90.746555,18,6510.3161
-91.671697,15,6511.970954
-89.244556,16,6513.622375
-92.490913,19,6515.534863
-96.840827,11,6516.750794
-68.264686,21,6518.984126
-105.969197,14,6520.461504
-85.979049,21,6522.543113
-36.364112,24,6525.025138
-102.897565,16,6526.734529
-97.521647,20,6528.626711
-84.117496,20,6530.555567
-87.447691,21,6532.819854
-87.900067,23,6535.787144
-101.68507,14,6537.408823
-88.105977,19,6539.277973
-108.988575,13,6540.685742
-85.365057,21,6542.7625
-86.146262,19,6545.045767
-93.318117,18,6546.890198
-97.859803,16,6548.738428
-102.898591,14,6550.274372
-108.89283,18,6552.015972
-102.884397,16,6553.702275
-81.076242,22,6555.742043
-90.508008,21,6558.075868
-77.402616,23,6560.271633
-104.167269,15,6561.799861
-107.353045,16,6563.463855
-89.37223,19,6565.557063
-106.760477,14,6567.210676
-86.629253,18,6569.041885
-88.418822,20,6570.940473
-75.005765,23,6573.439128
-92.004379,15,6575.078122
-109.549665,14,6576.942212
-95.848158,17,6578.823485
-82.536629,21,6580.910682
-101.423037,15,6582.613687
-98.402675,19,6584.5712
-73.932553,21,6586.703838
-76.814268,21,6588.904384
-103.833159,16,6590.562369
-117.158872,17,6592.372856
-105.244246,22,6594.715327
-87.007001,20,6596.849516
-98.625371,19,6598.645201
-90.827645,19,6600.666052
-87.525576,21,6602.939052
-103.073685,16,6605.103197
-93.845304,17,6606.918919
-97.911876,14,6608.353517
-74.636341,24,6610.573245
-68.783857,24,6613.430735
-81.569956,19,6615.397132
-86.340514,17,6617.112583
-91.895442,16,6618.825044
-94.489579,15,6620.500549
-90.916231,17,6622.230145
-91.259099,16,6624.146785
-89.912076,17,6625.966696
-110.32775,12,6627.277404
-99.511317,16,6629.344805
-103.723313,18,6631.055948
-87.269053,17,6632.765855
-75.859139,17,6634.592391
-115.67593,10,6635.710514
-73.448671,17,6637.811034
-77.686505,20,6639.943
-116.57023,13,6642.443512
-98.944092,15,6644.069561
-93.990648,18,6645.903978
-94.274477,19,6647.998515
-86.525926,21,6650.971324
-85.254369,21,6652.980258
-78.557882,21,6655.324317
-90.766485,16,6657.03493
-85.407031,18,6659.240222
-86.996964,13,6660.706007
-34.257218,22,6662.944706
-99.186977,20,6664.91747
-81.886731,20,6667.132874
-83.914565,17,6668.883271
-99.353118,21,6670.850669
-102.557334,13,6672.982511
-88.357493,18,6674.903532
-86.565125,21,6676.903778
-95.657828,19,6678.746447
-98.931544,17,6681.615306
-83.897713,18,6683.497515
-104.535654,17,6685.276184
-111.153964,14,6686.786128
-104.998395,15,6688.410564
-101.65447,13,6690.30682
-81.657721,20,6692.218505
-92.872257,17,6693.899987
-89.115495,17,6695.704307
-97.559072,17,6697.461363
-85.420042,21,6699.587954
-103.196194,15,6701.126585
-81.488611,21,6703.124102
-107.503292,15,6705.11625
-92.549749,20,6707.566966
-93.469091,19,6709.657868
-92.477442,20,6711.52399
-95.083218,20,6713.525805
-95.04074,16,6715.347155
-114.548496,11,6716.59107
-68.495815,22,6718.903334
-92.299797,18,6720.752998
-93.872724,18,6722.674741
-82.787177,20,6724.615179
-79.216864,21,6726.625952
-100.920193,13,6728.751384
-80.607242,21,6731.110707
-110.250611,13,6732.916337
-116.277214,12,6734.26707
-74.309652,24,6736.556929
-88.230299,18,6738.8024
-112.34928,11,6740.655717
-95.960604,19,6742.783273
-79.988787,22,6745.004444
-50.450758,19,6747.683563
-88.551074,18,6749.605327
-88.702982,21,6751.605256
-71.300526,19,6753.491293
-97.22761,19,6755.343979
-70.416881,26,6757.810798
-96.921384,16,6759.914168
-96.000906,16,6762.367632
-92.910265,20,6764.429519
-107.542043,16,6766.097079
-85.963432,15,6767.84628
-94.183006,16,6769.675981
-95.719898,17,6771.371118
-85.720138,19,6773.274897
-91.575953,20,6775.40505
-86.288117,20,6777.5083
-94.382746,21,6779.845643
-102.954357,16,6781.450275
-76.464773,23,6783.875964
-73.496737,22,6786.246312
-69.744074,23,6788.452039
-109.981385,11,6790.512683
-102.422706,17,6792.221724
-94.44999,19,6794.233511
-107.415212,19,6796.062289
-101.42859,17,6798.254362
-84.05959,18,6800.150994
-80.934395,22,6802.553483
-81.554198,23,6804.873437
-104.423071,14,6806.60254
-87.778137,21,6808.698274
-89.436833,20,6810.729945
-98.031106,21,6812.835797
-85.470993,20,6814.799116
-99.370998,15,6816.410476
-113.271532,17,6818.275486
-95.284859,24,6820.523777
-97.311548,24,6822.789502
-102.862311,15,6824.466705
-84.327192,24,6826.739716
-84.441918,20,6828.718943
-93.960046,18,6831.419276
-79.249788,24,6833.711777
-80.238634,21,6836.507606
-81.889696,19,6838.679673
-90.419537,17,6840.465114
-78.057111,19,6842.394607
-103.508274,18,6844.336373
-96.421437,15,6846.634419
-98.280354,19,6848.510086
-94.198505,17,6850.244682
-73.753068,21,6852.519661
-91.69216,18,6854.314679
-91.730054,21,6856.346304
-100.818902,15,6858.910308
-97.692261,17,6860.706604
-86.06473,18,6862.468197
-81.307383,19,6864.372473
-99.078512,18,6866.318145
-92.058415,21,6868.622623
-109.085328,12,6870.052748
-91.414759,19,6871.918291
-83.080403,24,6874.676301
-69.747278,21,6876.762675
-100.090421,20,6878.770342
-106.799437,15,6880.293125
-104.877048,16,6881.975616
-86.569374,18,6883.838233
-102.795005,17,6885.52128
-88.52682,22,6888.249849
-99.248266,17,6889.916463
-86.21906,20,6892.032171
-84.031866,12,6893.812213
-110.060695,20,6896.179717
-93.317585,19,6898.145794
-82.677243,22,6900.634101
-72.928265,23,6902.853262
-78.699937,21,6904.868953
-94.26859,19,6907.019168
-110.460421,15,6908.842492
-91.676925,17,6911.411928
-97.786601,17,6913.171624
-99.559982,18,6914.917537
-94.340761,16,6916.716643
-98.912089,15,6918.338285
-95.185277,17,6920.498093
-104.238747,15,6922.265364
-97.167903,17,6924.375764
-98.774829,15,6925.934105
-96.253447,21,6927.922688
-105.942127,20,6929.880529
-102.108371,19,6931.867864
-46.598903,22,6934.062893
-90.682369,18,6935.864717
-90.448563,17,6937.625973
-94.505276,14,6939.303274
-87.297122,17,6941.040346
-94.815744,17,6942.727875
-82.42119,21,6944.868934
-77.584428,22,6947.115072
-85.202315,20,6949.170798
-79.982126,23,6951.675746
-89.348858,19,6954.255142
-82.657911,20,6956.4558
-85.406402,21,6958.559238
-93.019749,20,6960.541374
-80.536106,19,6962.482814
-78.743706,20,6964.782663
-92.814799,16,6967.412727
-79.410737,20,6969.498002
-98.09631,15,6971.125869
-82.296424,20,6973.335453
-94.722136,16,6975.389808
-85.776541,21,6977.405021
-92.326057,19,6979.378449
-91.087498,20,6981.383449
-99.539287,18,6983.163745
-78.343963,16,6985.57702
-74.738016,20,6987.609459
-102.243935,17,6989.851631
-98.987209,16,6991.508947
-114.85393,11,6992.725562
-102.657905,15,6994.332759
-100.129566,18,6996.26515
-89.446762,20,6998.178253
-90.208636,19,7000.112204
-100.42541,15,7002.122895
-106.627525,15,7003.993429
-100.363485,16,7005.604227
-92.341948,18,7007.707724
-52.814426,17,7009.806429
-104.355986,16,7011.730509
-102.139063,15,7013.563464
-105.093204,14,7015.245737
-75.175929,22,7017.489667
-103.173374,18,7020.037528
-26.260785,25,7022.473849
-97.835003,21,7024.606529
-106.640436,17,7026.383553
-133.145547,18,7028.344577
-96.618501,19,7030.573899
-95.455478,17,7032.254136
-76.739299,21,7034.293324
-69.239868,25,7036.74105
-87.934592,16,7038.32648
-79.250748,20,7040.332888
-91.708944,18,7042.196469
-97.884712,17,7043.986646
-86.019096,19,7045.919275
-82.740806,20,7047.912632
-82.181262,18,7049.840978
-97.963605,14,7052.300021
-110.523851,17,7053.980736
-99.713165,17,7055.748409
-84.905317,15,7057.328371
-79.099956,20,7059.511748
-95.141673,20,7061.552215
-78.845638,17,7063.353474
-94.196815,15,7065.595926
-93.18057,20,7067.653778
-111.644741,13,7070.546269
-95.484249,17,7072.293112
-94.14093,19,7074.32558
-97.559897,18,7076.404521
-89.853366,12,7077.751154
-85.392516,21,7079.734061
-121.154937,15,7081.977024
-98.007758,16,7083.757339
-111.505224,14,7085.159014
-95.732365,16,7086.789099
-44.07837,20,7088.888418
-67.002148,23,7091.306135
-88.102984,19,7093.244632
-82.991787,22,7095.396945
-96.852689,17,7097.177285
-85.012363,20,7099.300853
-83.539243,20,7101.530264
-81.496144,22,7103.714752
-89.32408,17,7106.012656
-103.791687,14,7107.560312
-77.079454,18,7109.362722
-94.888216,16,7111.095412
-85.920677,19,7112.997018
-89.731367,19,7114.982856
-98.00423,21,7117.028246
-69.797695,23,7119.483777
-91.304144,19,7121.386915
-89.790208,16,7123.077177
-105.346949,18,7125.002852
-110.072091,15,7128.283269
-95.751188,21,7130.419969
-81.198577,17,7132.288019
-72.685868,23,7134.702124
-106.649595,13,7136.203086
-93.893268,12,7137.517653
-88.135893,19,7139.594156
-90.145363,17,7141.44298
-97.729775,16,7143.014496
-72.755624,20,7145.070781
-84.950489,18,7146.965945
-92.303844,24,7149.621862
-101.742228,21,7151.780471
-50.255458,18,7153.72597
-79.881066,21,7155.820171
-96.175078,18,7157.826474
-86.293814,24,7160.031073
-83.070921,21,7162.080243
-94.542248,20,7164.278782
-99.645404,16,7166.044624
-87.572407,18,7167.809655
-106.227082,13,7169.184707
-95.965213,18,7171.095691
-91.632386,18,7172.935571
-118.337404,13,7174.345706
-109.942658,18,7176.145817
-100.218496,15,7177.895327
-124.887976,8,7180.524967
-96.534855,15,7182.06561
-77.61994,22,7184.241083
-100.244686,18,7186.06415
-97.309294,17,7187.758754
-83.226104,20,7190.037032
-90.624797,17,7191.784141
-84.105986,20,7194.043518
-84.33217,20,7196.254774
-103.658381,18,7198.051135
-74.714176,22,7200.100054
-94.663022,17,7201.963516
-97.964702,15,7203.603768
-103.998424,19,7205.715473
-85.641968,20,7208.163566
-79.820928,19,7210.053868
-80.525143,17,7211.823026
-81.457424,20,7213.750553
-87.822858,22,7215.911273
-83.789874,21,7218.097783
-117.677842,13,7219.473627
-113.219736,12,7220.70446
-95.753093,19,7222.550228
-80.740496,23,7224.871974
-74.407808,21,7227.061919
-77.741543,22,7229.187126
-81.422955,16,7230.808529
-90.38415,21,7233.556566
-90.551507,16,7235.443587
-83.226339,20,7237.635105
-92.538353,17,7239.456879
-101.667277,16,7241.264099
-109.349788,15,7242.72931
-85.852008,21,7244.939156
-94.054813,14,7246.4837
-99.507738,17,7248.809537
-73.562089,23,7251.145448
-86.434355,21,7253.339551
-86.618291,14,7255.027992
-67.017998,22,7257.304811
-97.808126,15,7259.699643
-101.90146,14,7261.109976
-67.86223,24,7263.404685
-86.354877,19,7265.342952
-82.24572,20,7267.29949
-49.534594,20,7269.290568
-100.496989,17,7271.305874
-87.320763,20,7273.708348
-105.239122,16,7276.022181
-51.086933,19,7278.019346
-81.465996,20,7280.248581
-101.655846,16,7281.900623
-105.329875,16,7283.611168
-89.832688,19,7285.915506
-95.419206,18,7287.71336
-85.700654,19,7289.63595
-86.499918,18,7291.668701
-71.622687,24,7293.983655
-107.960628,12,7295.337409
-98.536057,16,7297.096336
-83.613024,19,7299.065436
-73.950869,22,7301.425791
-95.802245,16,7303.022122
-86.073202,19,7305.012009
-101.928944,12,7306.330035
-86.473319,20,7308.491687
-108.510816,18,7311.167817
-90.36776,18,7313.014911
-84.351813,19,7315.5558
-92.456071,19,7317.415258
-96.05154,16,7319.062191
-95.172659,21,7321.24704
-92.389144,18,7324.254265
-79.036665,23,7326.54064
-86.198265,19,7328.476146
-89.226428,17,7330.293286
-85.975864,19,7332.303481
-80.457581,20,7334.508491
-95.656561,17,7336.281724
-89.730612,21,7338.317396
-97.365781,19,7340.205181
-64.374719,19,7342.052028
-92.528034,17,7343.884753
-100.062289,17,7345.765427
-95.24753,17,7347.524801
-82.914691,20,7349.548033
-92.900831,19,7351.37677
-84.40469,19,7353.284222
-91.274284,20,7355.21577
-76.092657,21,7357.559329
-97.642324,18,7359.993132
-86.111719,20,7361.954654
-80.158785,23,7364.071785
-74.74168,19,7366.1632
-104.046388,13,7367.684524
-108.806397,15,7370.567716
-97.83615,17,7372.299803
-111.282731,11,7373.750956
-116.25811,21,7376.005804
-100.380934,16,7377.704384
-96.716639,16,7379.809199
-100.957244,14,7381.280691
-104.124569,13,7382.651739
-76.439732,21,7385.053966
-107.622326,11,7387.48637
-102.802303,15,7389.055322
-72.143048,23,7391.4719
-78.950346,21,7393.737802
-97.049649,16,7395.368071
-83.030151,21,7397.360619
-82.957959,21,7399.402419
-110.89091,16,7401.051744
-81.601612,21,7403.106348
-83.027541,20,7405.093635
-78.22091,22,7408.237636
-89.673994,16,7410.134298
-78.791483,19,7412.024674
-85.554057,18,7413.928068
-97.322,16,7415.533933
-90.695132,17,7417.401457
-82.192308,22,7419.80396
-83.680938,20,7421.746541
-73.584218,22,7423.875116
-106.268317,19,7425.844799
-104.806913,18,7427.616676
-93.127024,18,7429.390791
-91.698038,17,7431.369884
-105.437147,17,7433.137849
-88.705768,18,7435.674985
-109.179525,13,7437.120513
-82.038487,19,7439.094401
-103.828403,18,7440.984344
-73.354293,21,7443.384144
-107.635285,12,7446.281957
-90.109137,18,7448.19724
-88.820579,16,7450.454392
-91.395412,21,7452.702994
-78.644202,23,7455.052357
-100.305621,19,7457.015086
-98.085258,16,7458.812311
-96.015664,15,7460.399823
-85.192304,21,7462.645969
-74.336639,21,7464.689881
-91.228618,18,7466.848371
-99.248977,14,7468.423403
-75.015798,21,7470.471299
-88.825393,17,7472.232405
-85.606518,22,7474.391162
-78.605164,21,7476.466846
-97.592603,15,7478.053673
-74.55715,21,7480.170302
-90.912445,21,7482.300609
-110.7143,13,7483.671926
-75.445483,19,7485.495113
-99.117214,18,7487.383734
-76.696837,22,7489.708942
-100.975511,17,7491.722623
-89.993881,17,7493.482636
-95.755587,18,7495.486008
-89.61787,17,7497.388525
-103.238157,15,7499.602849
-102.161203,14,7501.585854
-75.337074,23,7503.824617
-109.949475,14,7505.311295
-90.506391,20,7507.232144
-84.147573,19,7509.128923
-74.513484,20,7511.254483
-84.976835,21,7513.795445
-85.9691,18,7516.0033
-78.293277,20,7518.237899
-106.372691,15,7520.428043
-88.843492,19,7522.418086
-81.489359,20,7524.661998
-107.244352,18,7526.473366
-88.350878,19,7528.380884
-87.035356,18,7530.242749
-89.101379,16,7531.890046
-83.792064,22,7533.982294
-84.579897,18,7535.811396
-102.122581,20,7538.179069
-78.174145,21,7540.363944
-66.545241,24,7542.860123
-99.173044,17,7544.54261
-94.935276,17,7546.359214
-86.508462,19,7548.426003
-20.663157,25,7551.126966
-90.193089,23,7553.341314
-90.660508,17,7555.753739
-85.978916,19,7557.700778
-88.413106,17,7559.476925
-110.897913,14,7560.93873
-109.440722,12,7562.4378
-79.546783,21,7564.538664
-112.519167,11,7565.72445
-93.691091,15,7567.279212
-84.736543,19,7569.498953
-89.362743,22,7571.792259
-90.616311,21,7573.750587
-100.337919,16,7575.353925
-66.253045,24,7577.636353
-99.279984,23,7580.775427
-84.622531,22,7582.875321
-88.726412,20,7584.866212
-84.742601,21,7587.10363
-76.709158,23,7589.406598
-100.977626,15,7591.716983
-110.136181,14,7593.290274
-94.028545,19,7595.185486
-88.554442,21,7597.239961
-85.311553,19,7599.305762
-49.996712,20,7601.637926
-80.652074,19,7603.71042
-68.371898,24,7605.90012
-91.558802,19,7607.950587
-96.341694,16,7609.5895
-94.430783,22,7611.840904
-75.080601,23,7614.189196
-91.264633,17,7616.230039
-87.26242,18,7618.143408
-88.921302,19,7620.184661
-120.925341,17,7621.941645
-106.000481,15,7623.478677
-102.920947,13,7624.902222
-87.983284,24,7627.21406
-93.31545,17,7628.963563
-91.257054,21,7631.114249
-81.269262,17,7632.820156
-114.378505,11,7635.643575
-115.387885,16,7637.206162
-64.264214,20,7639.248305
-100.911326,18,7641.012923
-126.147595,19,7642.876031
-80.250317,19,7644.793836
-92.078928,19,7647.020842
-99.945462,15,7649.685956
-85.72637,18,7651.981629
-83.761166,15,7653.86937
-86.790674,20,7656.083285
-84.13653,19,7657.985581
-121.612082,19,7660.127961
-103.09913,14,7661.743289
-103.39932,19,7663.679408
-105.70185,12,7665.017795
-71.574885,22,7667.201543
-107.435088,13,7668.586291
-109.723158,12,7669.995523
-101.128725,16,7672.319379
-81.861521,18,7674.514733
-84.195566,20,7676.682533
-84.094608,20,7678.702777
-96.455067,20,7680.686471
-90.730483,17,7682.533921
-73.886984,20,7684.485831
-81.810023,18,7686.287809
-93.648302,17,7687.955959
-101.311315,15,7690.232564
-78.409604,20,7692.201867
-79.174272,21,7694.319531
-82.347679,21,7696.409757
-107.678247,19,7698.829285
-103.393684,16,7700.912791
-94.05217,19,7702.985172
-102.885744,18,7705.130193
-98.564673,17,7706.941344
-74.512546,20,7709.013025
-78.209798,23,7711.275839
-88.018696,20,7713.403577
-76.959268,21,7715.579029
-90.37212,19,7717.548642
-74.396372,22,7720.35409
-85.794541,20,7722.353113
-80.570229,22,7725.021265
-105.346941,13,7727.251385
-95.107642,21,7729.494303
-97.726837,17,7731.213127
-105.312938,15,7732.750324
-75.144903,23,7735.289035
-94.349942,17,7737.220176
-106.845058,17,7739.224559
-98.99366,17,7741.06258
-98.593133,18,7743.003642
-82.17011,20,7745.053405
-88.345313,22,7747.373461
-84.642636,18,7749.324472
-63.711758,19,7751.302929
-88.447121,19,7753.245828
-76.85714,18,7755.170746
-95.762446,20,7757.210319
-72.498461,24,7759.491647
-90.87575,18,7761.350386
-88.46104,20,7763.639774
-113.717987,11,7765.003106
-105.376722,21,7767.406605
-74.429101,22,7769.435792
-89.268512,21,7771.504272
-93.601973,16,7773.352195
-108.950552,12,7774.935798
-90.334119,16,7776.538245
-79.950412,20,7778.659043
-108.480861,8,7779.750728
-87.590409,19,7781.751379
-98.565941,17,7783.994504
-78.388114,20,7785.992957
-89.690013,18,7788.08689
-86.458315,11,7790.285778
-90.356746,18,7793.147613
-79.212566,18,7795.336849
-91.01481,21,7797.531801
-98.488158,10,7798.747057
-99.586913,19,7800.541389
-98.069929,21,7802.61188
-77.29649,24,7805.357972
-90.349262,19,7807.591895
-99.402269,15,7810.118187
-112.67378,17,7812.158427
-90.935851,23,7814.548132
-97.844965,20,7816.740431
-78.778773,24,7819.020429
-93.580684,18,7820.819048
-90.178592,16,7822.622052
-78.83948,18,7824.661986
-106.9819,17,7826.507564
-75.250204,22,7828.711022
-84.211161,17,7830.598447
-86.677272,20,7832.628672
-84.018888,19,7834.792009
-65.083352,24,7837.376271
-49.553118,19,7839.677616
-102.260137,20,7841.750711
-89.066364,20,7844.24306
-93.832285,18,7846.275347
-86.503156,18,7848.56349
-90.021152,16,7850.45949
-102.752627,17,7852.179722
-72.397077,24,7855.066843
-78.856591,22,7857.597245
-108.509817,16,7859.235721
-107.179162,20,7861.210572
-43.889432,22,7864.152952
-108.823118,18,7866.04072
-80.713293,20,7868.068808
-90.32066,17,7869.827254
-84.202861,22,7872.308022
-100.310696,18,7874.174387
-82.219904,19,7876.122944
-95.538172,18,7877.979076
-93.542791,17,7879.837742
-84.701674,20,7882.225019
-82.290333,20,7884.300997
-88.698273,19,7886.5875
-91.022283,19,7888.465128
-92.752542,18,7890.502392
-80.329285,24,7892.948526
-82.938491,19,7895.174888
-96.540276,17,7896.965625
-81.074459,19,7899.137855
-92.954406,17,7900.943822
-105.063978,13,7902.332093
-89.43291,18,7904.503039
-88.573477,20,7906.674397
-99.519306,18,7909.136355
-91.925968,21,7911.09183
-108.272207,15,7912.849076
-72.70075,21,7915.372193
-103.782973,15,7917.024236
-83.748347,20,7919.132104
-85.418214,20,7921.102706
-102.198882,18,7923.098604
-81.465971,20,7925.945494
-82.777659,22,7928.017635
-109.735914,14,7929.518086
-87.709296,19,7931.633522
-114.813028,17,7933.315793
-87.984148,18,7935.204723
-99.250168,15,7936.738149
-101.694778,15,7938.837312
-94.785345,16,7940.474307
-92.670162,18,7942.876783
-93.217164,19,7944.73754
-70.098566,21,7946.989637
-92.997022,18,7948.792253
-100.973542,12,7950.107277
-85.634217,16,7952.876862
-91.371128,18,7954.725112
-83.294251,20,7956.792788
-86.145933,18,7958.762662
-84.831947,20,7960.939642
-80.534849,18,7962.839859
-77.757732,16,7964.556021
-85.3668,19,7966.710345
-79.44357,16,7968.666374
-83.880576,23,7971.150996
-97.051653,19,7973.333287
-82.966341,19,7975.574589
-83.649218,19,7977.602032
-93.49783,13,7979.041719
-79.626341,21,7981.197617
-98.304363,15,7982.748058
-92.951492,19,7984.60548
-93.989013,20,7987.162706
-74.781394,20,7989.095177
-106.145508,12,7991.862384
-110.504589,14,7993.686905
-84.616188,18,7995.763944
-70.698496,24,7998.01058
-93.670789,18,7999.787742
-95.211154,12,8001.156256
-88.693071,17,8002.977402
-86.66849,19,8005.100587
-100.277562,19,8007.600936
-76.482097,24,8009.88553
-105.033875,12,8011.737484
-107.938063,17,8014.482257
-81.940334,19,8016.44364
-99.428394,16,8018.24694
-86.693605,23,8020.871798
-82.826904,23,8023.031306
-102.791764,13,8025.177615
-85.646625,18,8027.160238
-88.94147,18,8029.18432
-96.337099,23,8031.534611
-107.978175,13,8032.913062
-83.046232,20,8035.316631
-125.743045,10,8037.607244
-86.948178,21,8039.598534
-80.646882,19,8041.566771
-66.839217,25,8043.875061
-91.738362,19,8046.150444
-92.628743,18,8047.989033
-77.811082,16,8049.901222
-81.398136,20,8051.851029
-91.240942,17,8053.631949
-86.727214,18,8055.515288
-115.563575,11,8056.989525
-76.876539,22,8059.263406
-100.496795,21,8061.350921
-84.549099,16,8063.029687
-97.386367,15,8065.318699
-100.577264,18,8067.176588
-84.432804,20,8069.325981
-79.130465,21,8071.59042
-90.077188,15,8073.122355
-89.637587,20,8075.342779
-91.092487,16,8077.192263
-80.046597,24,8079.83268
-93.179488,19,8081.828602
-91.044888,17,8083.90292
-89.355478,19,8085.984542
-91.250265,17,8087.736435
-88.640862,15,8089.359346
-81.602529,22,8091.795408
-93.86873,18,8094.10567
-86.69681,18,8096.079554
-92.979158,22,8098.294196
-85.328741,16,8099.966189
-93.545789,17,8101.757939
-75.130751,23,8103.965054
-68.317982,21,8106.096572
-81.300824,21,8108.217521
-95.305758,18,8110.621261
-79.745551,20,8112.741161
-81.949354,23,8114.938517
-95.316905,20,8116.926873
-79.200654,21,8119.114691
-107.204708,22,8121.099198
-105.682569,12,8122.385437
-99.55237,18,8124.318413
-74.872159,20,8126.656598
-105.213302,13,8128.051469
-86.262451,21,8130.34405
-111.03385,13,8132.197595
-94.830296,20,8134.447807
-78.338909,22,8136.628386
-88.60323,18,8138.482031
-90.229134,18,8140.792029
-87.118217,18,8143.131597
-84.002994,20,8145.058676
-97.277601,19,8146.992897
-101.341871,17,8148.818243
-105.033252,15,8151.281261
-90.555618,19,8153.116163
-76.503558,22,8155.516721
-97.782567,17,8157.475726
-71.84786,22,8159.713891
-114.086105,16,8161.378714
-94.454346,25,8163.690451
-98.718419,19,8165.629702
-86.25338,17,8167.464771
-91.657589,18,8169.844995
-111.588064,23,8172.040866
-96.32956,18,8173.993556
-99.925788,16,8176.105763
-95.356766,19,8178.116992
-93.521192,19,8179.981304
-91.392638,18,8182.267002
-93.195211,17,8184.025753
-73.063854,18,8185.938391
-95.654215,21,8188.122008
-86.341753,20,8190.219084
-89.190209,23,8192.63802
-119.066959,12,8193.896101
-84.924765,20,8195.818291
-78.677248,18,8197.641429
-96.132602,15,8199.363254
-77.143691,24,8201.66155
-88.779826,17,8203.457321
-86.490663,22,8205.525815
-100.516828,17,8208.241669
-102.582933,16,8209.894898
-94.618121,17,8211.665572
-98.584148,17,8213.76864
-108.054104,16,8215.920802
-95.362429,18,8217.720007
-104.750488,16,8220.17798
-78.469161,25,8223.128264
-85.026339,17,8224.987271
-79.205976,21,8227.007665
-76.315395,16,8228.75465
-85.875345,23,8230.960396
-88.953976,21,8233.089368
-99.171831,18,8234.916933
-76.741553,22,8236.991277
-101.332927,15,8239.306895
-79.527968,20,8241.636469
-67.769807,25,8244.111872
-89.878688,19,8246.21104
-68.498673,25,8248.551495
-118.399006,17,8250.597539
-87.095458,20,8252.977162
-66.324618,22,8255.196548
-63.103334,25,8257.507143
-82.90961,18,8259.483757
-88.068385,17,8261.649812
-99.946019,18,8263.413368
-95.779095,17,8265.176054
-87.606476,19,8267.184374
-78.197852,19,8269.046415
-93.916673,19,8270.913602
-76.864366,24,8273.166008
-94.547608,17,8275.137159
-94.260074,14,8276.658605
-95.734973,19,8279.005392
-92.90526,19,8281.455851
-80.86731,22,8284.373371
-94.408442,19,8287.751182
-84.006564,20,8291.058409
-80.034764,20,8293.998809
-94.895777,17,8297.697691
-115.618486,12,8300.318199
-97.172682,16,8302.534081
-80.404087,21,8304.826302
-103.458229,14,8307.167558
-84.978994,17,8310.178285
-87.709379,17,8312.813893
-88.187544,17,8315.026799
-64.272221,24,8317.6941
-71.000129,22,8320.16005
-95.27787,17,8322.687452
-83.646848,21,8325.493627
-78.606456,19,8328.744502
-82.423365,18,8331.173666
-90.945266,17,8333.828107
-78.835803,23,8336.768714
-85.533942,11,8338.319236
-75.260106,23,8340.987304
-109.254811,13,8342.782538
-89.886679,19,8345.35236
-109.003011,13,8348.650243
-91.827673,16,8351.092792
-63.466473,23,8353.458962
-88.808183,12,8355.395085
-104.620771,15,8358.226019
-90.500553,17,8360.370301
-83.613313,23,8363.171954
-91.190175,18,8365.751678
-104.678351,18,8368.756349
-87.132196,24,8372.645248
-120.769018,9,8374.234849
-80.41747,21,8376.410323
-77.420282,22,8378.90944
-98.261572,19,8381.091388
-85.705375,17,8382.907134
-86.542162,20,8385.916768
-83.438965,19,8387.876184
-77.316845,20,8389.827556
-112.79293,13,8392.024968
-99.804907,16,8393.608664
-80.302933,19,8395.63223
-107.743601,15,8397.524909
-83.238902,21,8399.881313
-95.685904,16,8401.884522
-87.446723,20,8404.113635
-100.658069,19,8405.970479
-90.644293,19,8407.938343
-79.694998,22,8410.267669
-103.809681,13,8411.724195
-82.668831,19,8413.956188
-71.068118,19,8416.328346
-96.721938,15,8417.930328
-83.893019,19,8419.957525
-75.213259,19,8421.939965
-91.985474,19,8424.226448
-78.780044,25,8426.86752
-91.610883,16,8429.579885
-83.34003,20,8432.565526
-95.251631,18,8434.836568
-92.405159,18,8437.091388
-78.99191,23,8440.492136
-75.761539,24,8443.009158
-65.276876,26,8445.385247
-86.767517,18,8447.417048
-120.583598,9,8448.952763
-97.090818,16,8451.708176
-91.972774,16,8453.827691
-99.364748,19,8455.885052
-94.917887,13,8457.51546
-82.09814,20,8459.645015
-74.470026,24,8462.011908
-90.084185,19,8464.119645
-76.225533,22,8467.119138
-97.308328,19,8469.141275
-96.120084,16,8471.009719
-89.68303,18,8473.034121
-86.270345,19,8475.631346
-92.469826,20,8477.754357
-83.131504,22,8480.214826
-108.351191,12,8481.600077
-105.980383,19,8483.713043
-107.792833,10,8484.871392
-84.382268,20,8487.039474
-89.784548,16,8488.7067
-96.525434,20,8491.365327
-84.094558,23,8493.49209
-67.047787,22,8495.583095
-90.590785,14,8497.289485
-88.635596,17,8499.318139
-114.538458,16,8500.940998
-114.496907,16,8502.594995
-90.078436,21,8504.609268
-96.904558,17,8506.371862
-107.484071,19,8508.375491
-82.70727,22,8510.45803
-84.533592,21,8512.503215
-79.11132,20,8514.854383
-86.940398,19,8516.899436
-97.976732,17,8518.681437
-88.399653,18,8520.759444
-40.10217,22,8523.686147
-96.915301,19,8525.584982
-76.759828,21,8528.191395
-95.125463,18,8530.095743
-86.797672,16,8531.881629
-78.591526,20,8533.858593
-81.087257,20,8535.84532
-71.380068,20,8537.857319
-91.749244,18,8539.848258
-91.749978,17,8541.614979
-109.758782,13,8543.725222
-92.738558,19,8545.669947
-95.660138,20,8548.127583
-86.893421,20,8550.03079
-67.907174,22,8552.326476
-89.28803,20,8555.075812
-83.552229,21,8557.767059
-108.140533,15,8559.694105
-75.708848,20,8562.339943
-90.839549,11,8563.516287
-80.11932,23,8566.240978
-105.666152,19,8568.397944
-81.801656,17,8570.234328
-70.874639,24,8572.546353
-89.933001,17,8574.547381
-85.994306,20,8577.110925
-112.664893,11,8578.604783
-83.946325,19,8580.482208
-86.206755,19,8582.433797
-88.37192,18,8584.176659
-93.595287,21,8586.054508
-118.180919,13,8587.590579
-86.220314,21,8590.116128
-34.323973,21,8592.476179
-84.363008,20,8594.385603
-105.445728,16,8595.967219
-83.894854,18,8597.730947
-87.92228,19,8599.566142
-83.033884,23,8601.519678
-88.144064,19,8603.56807
-110.478679,10,8605.805532
-88.474724,21,8607.946601
-108.77038,16,8609.56425
-87.255677,21,8611.688709
-99.059634,19,8614.011587
-50.246776,26,8616.630109
-87.812396,22,8618.679337
-93.712367,19,8620.577394
-84.534672,21,8622.990272
-105.144933,16,8624.795783
-100.463988,14,8626.150382
-90.875074,17,8627.893579
-95.470172,20,8630.231937
-88.721434,19,8632.31749
-88.653982,22,8634.575641
-102.01391,13,8637.244159
-77.970369,24,8639.979229
-81.895603,22,8642.352224
-84.524074,18,8644.357444
-84.714804,24,8646.548682
-112.919446,11,8648.896748
-73.654279,24,8651.067786
-79.979451,20,8653.400807
-72.082808,21,8656.194513
-89.419439,17,8658.22077
-94.626553,16,8660.53418
-97.602112,14,8662.019366
-85.162323,20,8664.027907
-98.782397,20,8666.329995
-87.17411,22,8668.734451
-87.216599,19,8670.828454
-84.753221,18,8672.759286
-103.873431,18,8674.707272
-89.852345,17,8676.722228
-82.678985,22,8679.498003
-101.904952,17,8681.405306
-73.556903,23,8684.037938
-87.199222,26,8687.328362
-92.807143,15,8689.216676
-84.891271,19,8692.293485
-83.789276,21,8695.528654
-88.697847,18,8697.699974
-99.653905,18,8700.105728
-46.6235,23,8702.825763
-87.693192,18,8705.072802
-90.953697,19,8707.065568
-83.20032,18,8709.096283
-30.965256,21,8711.419659
-98.899347,19,8713.35966
-95.787364,14,8715.044731
-87.173276,20,8717.198284
-87.226122,18,8719.188072
-89.270975,16,8721.247079
-92.429877,20,8723.965506
-91.113637,17,8726.007699
-103.792903,15,8728.884031
-79.424512,21,8732.281738
-89.999492,18,8734.276432
-94.568842,21,8736.401273
-54.076574,24,8739.742676
-91.62846,18,8741.72544
-94.94585,19,8743.631493
-92.253649,17,8745.411357
-102.576591,15,8747.520254
-76.345494,22,8750.116691
-81.588151,20,8752.314768
-100.374397,15,8755.626318
-91.136799,18,8757.633867
-85.404863,21,8760.3561
-88.371685,19,8762.256462
-86.852907,19,8764.104268
-96.302716,14,8766.24195
-86.229045,20,8768.254305
-78.64914,19,8770.51466
-87.437329,18,8772.404315
-105.087726,14,8773.988392
-97.030688,18,8776.06774
-68.286132,23,8778.471144
-95.935101,19,8780.940531
-92.808261,16,8782.748997
-96.991687,16,8785.782719
-95.226964,17,8787.917555
-86.536855,17,8789.720835
-103.44119,15,8791.439722
-94.105128,17,8793.372026
-93.787988,19,8795.344178
-105.225165,18,8797.252016
-84.543716,22,8799.581004
-82.901907,18,8802.059116
-84.689013,17,8803.801409
-104.880419,14,8805.36614
-78.52376,21,8807.664509
-67.073073,24,8810.171442
-98.941291,16,8811.971311
-75.344874,18,8813.949774
-80.963316,17,8816.049605
-88.378582,19,8818.47595
-88.982807,19,8820.555787
-93.888561,20,8822.607847
-80.372477,21,8824.879319
-97.480956,21,8827.188167
-66.61651,23,8830.060329
-111.405408,11,8833.008452
-82.091149,21,8835.28221
-94.640817,23,8838.079914
-77.120978,21,8840.692336
-99.43521,13,8843.263491
-87.858722,12,8844.667621
-98.655124,16,8846.414634
-105.547927,16,8848.767848
-83.97978,22,8851.020138
-92.727569,20,8853.054176
-105.367398,16,8855.04881
-93.590329,22,8857.415801
-79.386504,22,8859.628538
-87.063428,18,8861.515176
-102.475502,16,8863.381048
-92.625085,17,8865.30747
-80.450381,20,8867.444402
-94.362797,18,8869.331855
-88.915604,24,8871.740413
-88.732947,12,8873.115932
-73.458188,23,8875.686725
-87.115879,18,8878.553644
-99.227579,16,8880.405391
-81.304329,19,8882.481302
-100.377972,14,8884.034027
-80.968781,18,8885.840899
-82.474236,19,8887.894312
-89.648756,19,8890.515988
-95.146151,20,8892.578274
-79.715771,21,8894.693509
-89.94032,19,8896.752228
-42.819442,23,8899.121979
-108.169145,15,8900.743611
-99.246422,21,8902.870721
-83.784711,22,8905.44751
-96.667935,16,8907.154884
-101.518346,13,8908.493927
-73.92358,21,8911.001532
-82.500363,20,8913.293279
-88.101888,17,8915.388942
-93.074084,18,8917.514434
-87.670916,17,8919.438411
-106.008486,16,8921.249768
-98.22979,16,8922.95522
-104.127343,14,8924.532337
-80.707622,15,8926.258601
-90.893987,19,8928.209697
-93.929106,18,8930.845348
-98.494729,21,8932.911924
-80.476083,18,8935.142766
-99.037336,22,8937.649409
-73.378389,22,8940.024829
-82.604516,21,8942.222863
-81.620447,18,8944.110118
-98.642029,17,8946.675067
-97.901269,21,8948.758177
-36.549882,25,8951.230891
-80.241501,22,8953.430048
-103.892054,18,8955.341899
-76.86533,22,8957.55145
-93.807552,15,8959.234951
-85.964123,21,8961.535758
-91.092132,17,8963.478057
-86.115174,18,8965.50243
-101.848053,15,8967.161823
-82.229521,21,8969.407819
-92.233492,19,8971.369534
-90.357567,14,8972.993045
-93.564704,19,8975.00875
-94.420276,18,8977.601554
-108.833379,11,8978.995229
-74.692524,21,8981.197077
-87.069011,19,8983.460582
-72.719839,22,8985.699895
-73.364909,23,8988.045436
-108.758641,13,8990.620009
-92.969021,18,8992.493611
-80.344054,20,8994.818432
-75.305552,22,8997.307623
-73.900301,23,8999.540885
-95.403364,15,9002.230541
-77.883044,21,9004.337842
-109.942615,18,9006.237128
-76.147118,22,9008.381268
-81.772725,22,9010.581898
-91.164923,19,9012.736348
-91.078939,22,9016.151428
-83.925326,23,9018.451928
-91.371091,18,9020.366302
-97.560414,19,9022.337489
-92.642938,17,9024.275882
-65.357736,19,9026.317221
-99.893599,21,9028.338476
-77.365786,21,9030.461496
-95.182142,16,9032.304824
-88.640289,20,9034.448737
-81.294915,18,9036.421557
-82.090755,21,9038.723438
-80.537116,22,9041.149345
-116.340955,18,9042.989845
-96.483498,17,9045.64555
-78.644499,21,9048.025448
-81.320293,20,9050.291353
-74.359811,19,9052.347328
-107.13635,15,9054.673067
-78.324907,21,9056.976667
-79.87014,23,9059.469072
-92.540789,17,9061.218485
-97.324296,16,9063.122679
-94.448668,17,9064.889227
-77.730416,22,9067.751766
-80.90775,21,9070.157474
-92.880074,17,9072.510237
-86.941985,19,9074.447136
-86.324911,20,9076.523875
-100.048667,14,9078.087144
-41.264215,22,9080.383243
-72.603412,24,9082.850169
-88.461283,20,9085.076034
-101.504399,18,9087.148857
-77.356248,21,9089.145841
-89.180316,21,9091.859218
-65.571975,24,9094.507964
-88.213449,18,9096.669323
-78.662041,23,9098.85645
-40.581156,23,9102.098258
-80.144992,21,9104.20964
-91.133747,20,9106.520048
-89.919241,21,9108.629795
-73.690072,21,9110.812408
-84.079047,18,9112.826434
-86.687647,19,9114.967271
-78.206543,17,9116.98995
-86.274404,18,9118.84132
-98.952977,18,9120.779094
-106.077086,14,9122.607324
-97.633271,16,9124.313036
-107.077121,18,9126.421278
-82.382156,20,9128.673543
-97.22624,19,9130.985729
-122.893333,14,9132.480047
-75.984465,25,9134.863428
-96.481525,19,9136.894482
-98.976248,18,9138.795914
-99.569294,23,9141.693771
-98.483016,19,9143.694434
-72.652522,19,9145.897132
-83.37415,21,9147.971174
-79.978575,20,9149.969203
-37.276127,21,9152.239242
-106.773098,14,9153.789051
-94.777659,20,9156.20993
-95.432315,19,9158.803769
-72.656615,24,9161.272969
-79.095281,19,9163.280534
-84.006089,21,9165.410625
-30.98379,24,9168.545794
-93.326993,19,9171.159606
-85.239514,18,9173.145992
-94.970504,15,9174.914631
-90.9368,18,9177.192569
-89.594392,20,9179.290853
-86.536356,19,9181.282982
-81.308334,23,9183.569618
-86.218289,21,9185.664311
-109.960564,12,9186.991131
-73.524549,21,9189.150329
-86.138578,20,9191.229294
-84.184113,22,9193.386294
-55.90248,20,9196.200306
-78.904525,22,9198.608709
-112.46016,13,9200.51927
-92.452438,18,9202.480943
-102.486712,18,9204.436779
-77.963389,22,9206.806267
-88.609049,19,9208.72899
-92.792516,16,9210.606157
-99.804765,16,9212.892213
-83.476285,16,9214.637267
-98.121878,17,9216.503944
-90.615329,19,9218.870796
-81.537625,21,9221.059918
-89.620862,19,9223.200753
-95.999034,19,9225.202356
-102.193706,21,9227.339983
-74.324436,22,9229.521873
-92.348273,18,9231.470732
-68.145235,26,9234.009442
-82.770977,18,9236.216085
-114.114011,11,9237.573503
-96.685149,16,9240.669905
-89.516141,17,9242.610614
-102.109704,17,9244.454156
-122.796878,13,9246.990341
-97.845924,18,9249.045257
-82.046616,21,9251.588165
-85.285637,21,9253.681716
-89.677086,22,9255.954311
-85.159982,15,9257.690286
-75.064582,20,9259.828532
-98.260809,19,9261.721563
-99.032472,23,9263.940747
-88.182591,20,9265.973099
-93.096832,17,9267.876144
-87.884341,18,9269.732003
-84.196181,20,9271.710433
-104.990786,15,9273.421524
-68.708903,24,9275.772298
-99.495989,18,9277.665569
-78.105163,22,9279.938826
-87.89903,18,9281.840202
-47.395239,20,9283.981037
-80.671112,22,9286.29
-109.862671,12,9288.620592
-106.277972,16,9290.316572
-85.845413,21,9292.436819
-80.394994,19,9294.583862
-93.594772,19,9296.656596
-93.676707,15,9298.833958
-111.333211,15,9301.113513
-78.502177,21,9303.153086
-98.869617,16,9304.882181
-98.88061,18,9306.88278
-85.541159,20,9308.895622
-73.054797,20,9311.005209
-91.635929,13,9312.402219
-101.530254,19,9314.393276
-121.175196,16,9316.443683
-77.198395,21,9318.829837
-86.581125,20,9320.921386
-69.584899,24,9323.619537
-77.42531,21,9325.852061
-73.62062,18,9327.861755
-104.47495,15,9329.463428
-103.735278,10,9330.6366
-90.402153,19,9332.502484
-81.898245,18,9334.39136
-78.581893,24,9336.746472
-88.243377,19,9338.712919
-81.780027,17,9340.579776
-98.848709,17,9342.372114
-100.091461,18,9344.335912
-83.634507,17,9346.371289
-90.996555,19,9348.495601
-76.113896,23,9350.922798
-69.495807,20,9353.088134
-73.564051,22,9355.556577
-84.26784,21,9357.804136
-81.694656,21,9360.018502
-83.298454,19,9361.965434
-89.541253,16,9363.741638
-83.626962,19,9366.32879
-77.285669,21,9368.694094
-80.395423,21,9371.187567
-93.574501,21,9373.539049
-118.598033,15,9375.103877
-83.381805,23,9377.334254
-98.247962,16,9379.01617
-85.067918,20,9381.323827
-71.943344,22,9383.562276
-77.792135,19,9385.574117
-95.697084,16,9387.294218
-96.908208,15,9389.042622
-95.576682,15,9391.100926
-83.088914,19,9392.97507
-80.876327,23,9395.351871
-78.554158,22,9398.316271
-93.316753,18,9400.36546
-92.719981,17,9402.449389
-90.397335,17,9404.529492
-86.635658,18,9406.500026
-82.794007,19,9408.756954
-96.775676,14,9410.277378
-95.478606,18,9412.423844
-86.871863,18,9414.45462
-105.479542,21,9416.770208
-87.740814,17,9418.593014
-90.365666,16,9420.297121
-87.415148,17,9422.283497
-90.591294,15,9423.914145
-79.081999,18,9425.783777
-80.903205,19,9427.641493
-70.63222,21,9429.841873
-84.549435,19,9431.795614
-77.765245,19,9433.692542
-92.240618,12,9435.124993
-102.360956,13,9437.251852
-104.136118,15,9438.939816
-87.619809,17,9440.836774
-98.404668,20,9442.774062
-68.452512,19,9444.878032
-85.729155,16,9446.946932
-51.328872,28,9449.589082
-90.791504,17,9451.4049
-85.221959,19,9453.410998
-68.116953,23,9455.944901
-103.652208,21,9457.938282
-87.29495,19,9460.01658
-95.715738,19,9462.124441
-108.797802,18,9464.053758
-96.201913,9,9465.134633
-96.672739,18,9466.99518
-70.484193,24,9469.437027
-87.773282,15,9471.086842
-74.935451,22,9473.279653
-93.611678,16,9475.467053
-81.298123,20,9477.719581
-97.20944,16,9479.534417
-99.012663,15,9481.217152
-99.357633,18,9483.03351
-95.05978,21,9485.856905
-86.777293,19,9487.784946
-95.884291,18,9489.627208
-80.655267,20,9491.666673
-85.067622,20,9493.776882
-98.962366,15,9495.965846
-68.242727,22,9498.142661
-84.808096,16,9499.88309
-94.918543,18,9502.312937
-95.273105,14,9503.87159
-94.368237,19,9505.880983
-76.427378,22,9508.105787
-93.366548,15,9509.813917
-86.856197,19,9511.815204
-78.350604,22,9513.993806
-97.139013,18,9515.733512
-97.394364,16,9517.540872
-89.439256,18,9520.54829
-73.825983,23,9522.917645
-95.19319,17,9524.717031
-84.44132,21,9526.901335
-91.271675,17,9528.598575
-73.612727,22,9530.823448
-82.217762,18,9532.649355
-90.527,20,9534.930685
-92.096348,18,9537.128911
-97.52011,16,9539.601094
-78.236691,25,9542.034096
-89.604468,18,9543.9439
-98.392344,18,9545.801067
-92.880716,19,9547.704038
-92.225983,20,9549.752005
-106.575327,14,9551.367719
-79.064705,17,9553.318688
-98.013508,20,9555.308631
-100.76131,17,9557.106588
-83.643868,20,9559.354045
-99.911679,18,9561.268034
-95.563959,17,9563.041333
-92.659809,18,9565.300794
-74.412034,21,9567.425762
-98.349487,16,9569.030479
-90.863064,20,9571.018703
-82.371417,20,9574.221027
-87.033458,19,9576.190879
-74.852912,24,9578.448261
-118.081141,12,9579.970304
-84.731346,22,9582.546673
-90.418062,19,9584.559898
-94.798321,18,9586.464306
-71.665474,23,9588.870687
-77.804345,18,9590.72173
-90.982775,18,9592.6023
-88.367588,20,9595.066355
-93.03531,21,9597.75845
-77.347147,21,9599.823737
-112.136533,16,9601.525684
-92.521645,17,9603.383751
-83.605192,23,9605.563895
-88.402662,16,9607.229379
-99.431072,18,9609.197046
-89.785918,15,9610.865844
-82.079782,18,9612.708623
-87.595615,19,9614.712471
-84.662648,19,9616.595915
-85.586311,16,9618.344102
-94.574404,17,9620.540895
-88.191266,17,9622.40467
-82.774563,15,9624.408514
-84.978264,17,9627.360138
-96.113481,17,9629.474282
-86.49371,20,9631.518602
-113.364729,14,9633.482318
-93.896678,20,9636.263609
-39.145896,22,9638.498215
-106.558444,18,9640.441608
-89.993693,18,9642.42432
-19.937442,23,9644.917079
-83.215201,20,9647.021115
-104.418809,14,9649.438632
-86.888545,19,9651.587489
-94.348528,21,9654.347128
-81.100997,16,9656.369068
-92.281304,16,9658.9258
-77.707551,21,9661.143594
-95.656509,18,9663.892791
-79.394762,21,9666.005975
-54.035692,14,9667.587725
-91.142954,19,9669.512362
-77.906862,22,9671.675198
-76.698357,22,9674.605297
-85.831093,20,9676.548109
-91.770072,20,9678.641894
-90.951433,18,9680.53424
-79.861831,19,9682.443197
-82.662723,19,9684.525645
-89.36784,19,9686.618008
-86.696942,18,9688.632596
-85.507418,22,9690.865829
-99.801585,16,9693.016925
-72.682829,21,9695.347369
-83.160356,19,9697.272047
-76.134996,20,9699.337281
-90.490594,13,9700.732067
-82.400776,21,9703.087494
-85.178533,20,9705.12678
-85.778178,21,9707.226022
-109.410085,12,9708.614027
-89.473353,19,9711.075209
-112.697535,16,9713.084949
-69.661934,24,9715.717104
-91.542944,21,9717.905397
-81.487282,22,9720.495929
-91.105776,21,9722.515169
-74.697391,19,9724.526268
-72.442984,20,9726.557977
-87.44543,16,9728.957241
-11.817529,27,9731.680008
-82.380172,20,9733.6436
-92.080726,17,9735.562269
-73.770621,19,9737.870392
-64.488245,15,9739.680104
-83.039031,22,9741.777962
-104.902157,14,9744.212919
-95.089166,18,9746.236347
-87.673806,19,9748.324531
-67.846576,22,9750.683753
-96.011745,16,9752.733834
-78.561279,22,9754.948814
-78.749934,19,9756.931637
-25.857445,25,9759.379999
-71.701663,21,9761.495275
-114.587775,15,9764.64392
-82.501773,18,9766.507194
-98.159243,15,9768.111735
-100.946726,18,9770.012647
-72.063564,22,9772.290812
-76.690588,20,9774.434509
-80.729101,21,9776.807963
-88.149829,16,9778.469725
-83.022678,20,9780.839067
-73.531956,25,9783.147895
-83.671561,20,9785.187421
-80.686198,21,9787.300016
-92.499602,16,9789.146086
-83.292485,23,9791.541002
-88.740356,22,9793.891674
-72.466697,23,9796.151015
-72.155506,22,9798.467843
-99.516908,16,9800.094022
-107.573224,13,9802.235543
-102.759992,16,9803.928661
-93.072763,16,9805.785983
-85.377349,21,9807.857055
-74.634049,21,9810.013451
-70.638224,24,9812.486732
-77.567706,22,9815.063415
-92.680591,18,9817.370925
-87.879671,17,9819.181508
-91.136701,17,9820.981389
-103.400149,16,9823.57796
-88.406276,20,9825.61455
-93.042886,19,9827.595358
-91.533944,19,9829.564403
-83.693398,20,9832.223528
-79.081456,22,9834.477655
-103.640238,19,9836.829954
-92.554852,17,9839.227856
-73.521031,22,9841.44084
-79.338264,21,9843.526486
-86.091037,19,9845.562413
-67.517731,23,9847.866221
-84.948731,22,9850.050447
-90.018888,18,9851.895464
-86.58424,19,9853.838475
-96.8271,16,9855.467413
-77.860423,22,9857.979048
-97.6679,19,9859.878597
-85.787189,20,9861.864167
-84.805066,20,9863.850228
-90.194573,15,9865.844966
-84.635692,18,9868.475988
-101.985737,19,9870.466052
-108.220921,12,9871.869155
-65.800563,25,9874.298774
-107.569007,17,9876.049688
-107.572959,13,9877.416719
-91.976424,17,9879.335721
-71.059971,27,9881.854522
-29.565442,24,9884.302374
-92.37322,17,9886.107994
-75.506164,23,9888.681484
-69.11515,23,9891.116697
-105.456069,12,9892.419641
-87.799892,19,9894.481592
-92.889785,16,9896.484864
-68.405785,23,9898.917689
-95.074859,18,9901.056314
-101.544308,14,9902.711254
-99.259384,18,9904.44831
-74.311344,23,9906.884212
-101.557307,14,9908.465692
-90.775888,17,9910.625541
-107.665106,16,9912.282412
-77.58504,24,9914.857644
-90.257473,18,9917.075996
-107.590297,13,9918.633089
-82.242774,21,9920.793003
-102.447117,15,9923.025572
-87.728815,18,9925.222627
-65.945157,22,9927.448052
-94.261816,20,9929.597312
-88.688789,18,9931.49443
-91.090595,19,9933.850216
-100.788548,18,9936.163837
-121.548889,12,9937.449738
-115.224074,11,9938.731053
-101.568628,15,9940.463745
-98.808508,18,9942.265608
-108.135023,19,9944.172492
-37.295323,24,9946.742697
-84.383034,20,9948.878224
-89.612379,20,9951.021554
-74.9576,24,9953.361472
-88.303867,18,9955.638914
-84.703392,21,9957.784323
-90.777683,19,9959.751082
-83.7198,21,9961.834541
-81.573334,21,9964.245516
-96.897367,14,9966.347157
-93.559192,18,9968.323667
-96.93306,16,9970.189703
-86.146345,22,9972.401248
-105.629422,13,9974.827249
-87.434721,19,9976.735338
-92.519673,18,9978.66067
-115.289649,14,9980.920274
-84.020457,20,9982.961634
-82.978746,19,9984.97555
-93.63542,17,9986.824065
-91.264709,18,9989.131195
-83.044695,21,9991.14046
-92.635926,18,9993.18098
-89.164808,21,9995.222654
-88.594419,19,9997.281452
-93.086533,18,9999.098729
-81.711298,20,10001.308683
-68.742273,19,10003.20796
-89.144897,18,10005.179599
-85.82128,23,10007.371585
-100.370467,20,10009.759817
-77.455113,23,10012.510209
-87.053918,13,10014.102656
-95.681925,16,10016.334876
-77.165509,18,10018.21871
-91.654107,20,10020.243782
-111.585245,18,10022.090175
-79.342998,23,10024.820963
-66.787833,25,10027.482023
-91.382304,19,10029.428238
-91.787795,17,10031.328785
-73.234324,21,10033.460957
-99.27783,19,10035.45151
-84.745975,21,10037.577915
-77.83807,21,10039.812112
-87.58088,18,10041.722114
-95.025679,19,10043.855307
-44.867433,21,10046.12323
-102.455628,18,10048.469606
-94.02495,20,10050.686118
-84.466223,18,10052.732957
-81.065559,21,10055.893146
-75.005777,21,10058.152478
-86.654083,18,10060.023687
-70.889518,22,10062.37255
-95.180703,17,10064.744718
-83.843229,21,10066.950981
-89.03775,18,10068.943607
-99.031515,13,10070.404965
-84.222763,21,10072.497274
-85.480523,18,10075.006216
-92.317947,21,10077.519256
-89.163028,18,10079.535938
-84.480683,16,10081.236128
-98.540611,16,10082.919708
-110.009856,18,10084.699732
-104.511517,14,10086.439528
-84.240086,18,10088.93073
-95.521105,15,10090.733012
-81.88468,22,10093.346495
-76.779016,20,10095.399726
-102.545663,17,10097.887901
-82.115795,21,10100.500558
-86.711353,16,10102.997325
-82.716081,22,10105.333098
-90.932574,17,10107.238404
-79.064702,20,10109.382021
-109.303213,12,10112.301894
-83.680543,18,10114.155523
-94.748439,18,10116.007394
-83.386665,16,10117.734516
-75.319796,22,10120.087934
-103.708886,18,10121.94589
-100.7791,20,10123.98755
-79.087912,19,10125.9887
-96.382222,19,10128.089584
-79.687716,20,10130.208814
-93.182036,18,10132.174904
-90.439075,20,10134.539813
-86.969147,20,10137.581428
-94.314313,17,10139.34029
-89.474226,18,10141.214827
-101.227096,16,10143.013729
-100.129785,17,10145.009315
-75.756932,21,10147.099819
-94.327451,18,10149.800227
-109.103903,17,10151.547768
-37.406793,21,10153.772017
-81.3047,22,10156.134437
-93.445324,16,10157.776203
-82.274937,18,10159.672379
-85.561664,21,10162.026313
-91.064819,18,10163.940688
-91.929466,16,10165.765329
-111.477887,18,10167.931112
-84.120422,17,10169.657559
-103.317106,15,10171.482866
-83.260929,19,10173.402761
-91.699121,16,10175.308647
-88.624758,20,10177.568036
-77.796442,20,10179.731299
-88.073912,24,10182.133196
-82.277087,21,10184.279361
-38.326518,24,10186.613813
-90.051516,20,10188.741929
-83.533247,21,10191.11577
-81.256188,20,10193.226249
-94.58711,19,10195.397763
-106.809431,15,10197.263229
-85.438408,18,10199.170146
-79.683597,21,10201.453008
-89.25281,18,10203.652396
-96.850692,19,10205.575174
-91.267907,21,10207.660049
-104.003392,17,10210.199433
-96.587249,18,10212.051916
-86.530691,20,10214.440541
-77.224285,15,10216.081904
-105.077194,13,10217.979437
-76.136407,23,10220.338754
-95.211231,18,10222.147085
-82.50762,19,10224.119306
-73.527726,21,10226.70115
-96.591413,20,10228.931096
-93.614314,17,10230.741945
-103.1281,18,10232.953925
-86.774821,19,10234.934268
-96.951218,18,10236.961619
-30.794758,26,10239.49793
-73.299086,20,10241.582738
-89.766925,17,10244.412378
-63.619715,24,10246.759233
-76.728503,19,10248.941126
-73.69197,23,10251.479071
-71.879254,18,10253.544167
-102.577671,15,10255.306779
-61.459697,22,10257.692529
-77.522852,21,10259.812098
-88.744473,20,10262.04508
-75.831245,20,10264.140235
-82.828253,18,10265.943257
-71.60621,22,10268.099295
-102.398369,16,10269.869359
-83.529672,22,10272.134176
-85.152267,18,10274.000044
-74.650255,22,10276.197223
-89.470675,16,10277.948363
-76.698583,22,10280.175879
-80.27118,20,10282.224929
-73.179187,20,10284.252911
-100.368224,15,10286.098772
-90.303771,17,10288.138752
-98.22967,14,10289.713156
-87.783019,19,10291.683828
-80.288762,18,10293.761522
-90.851704,19,10295.66635
-96.793547,15,10297.925575
-75.491236,23,10300.188091
-89.360342,19,10302.495504
-95.298636,18,10304.393386
-96.08302,15,10306.029758
-74.712359,24,10308.426085
-85.024426,19,10310.538664
-90.587676,17,10312.393547
-83.242862,16,10314.21294
-89.164147,17,10316.34635
-66.57267,24,10319.168967
-112.319829,12,10320.477568
-82.437301,23,10322.861435
-89.311552,18,10325.371967
-97.563653,21,10327.72576
-79.464812,20,10329.766992
-31.084871,25,10332.3155
-72.391283,21,10334.541229
-78.982772,21,10336.866707
-91.665621,18,10338.696245
-71.204892,23,10341.127028
-102.351786,18,10343.14181
-70.826416,24,10345.655165
-102.380181,15,10347.302805
-52.109604,22,10349.503561
-69.225783,23,10351.779231
-77.114849,23,10354.181986
-89.257043,17,10355.951061
-78.264208,26,10358.404081
-79.639293,22,10360.580071
-29.431462,26,10363.293932
-88.493918,21,10365.502537
-81.905065,22,10367.657255
-72.813199,23,10369.879504
-95.923562,14,10371.851885
-63.668329,24,10374.318335
-90.086324,18,10376.492903
-72.664406,23,10378.797929
-96.308181,15,10380.483934
-82.18433,22,10382.765534
-85.319072,18,10384.851331
-67.95896,24,10387.360654
-74.35745,21,10389.613762
-94.474828,18,10391.39029
-74.29696,21,10393.754742
-85.948905,17,10395.608796
-86.048139,18,10397.485823
-90.365065,22,10399.911494
-47.545526,21,10402.040514
-84.910805,22,10404.322058
-99.156054,17,10406.591858
-79.67142,19,10408.529343
-88.55562,20,10410.507174
-91.52422,18,10412.328794
-81.40593,21,10414.6567
-69.400451,23,10416.991693
-90.440165,17,10419.150091
-94.874584,18,10421.144054
-76.363083,19,10423.310998
-91.092531,20,10425.265157
-97.531168,15,10426.948906
-85.553138,24,10429.182015
-84.645249,19,10431.378656
-85.586601,18,10433.279215
-60.637755,26,10436.684269
-84.638982,18,10438.631428
-75.313701,21,10440.785606
-104.679201,21,10442.945186
-96.117407,10,10444.199946
-88.974702,19,10446.162105
-87.31333,22,10448.372687
-85.589576,18,10450.727264
-79.806077,21,10452.879643
-78.058294,23,10455.315053
-85.530873,20,10457.547398
-77.146536,21,10459.854519
-95.669313,17,10461.515867
-89.198265,18,10463.900115
-78.174077,22,10466.320201
-107.776015,13,10467.807438
-95.617239,20,10471.30579
-92.829089,21,10473.341507
-105.734458,13,10476.08349
-84.368072,19,10477.955761
-69.496527,24,10480.423317
-79.304755,18,10482.241403
-80.438113,20,10484.285457
-86.365337,18,10486.212513
-85.027486,20,10488.267243
-89.958511,19,10490.166975
-46.445141,22,10492.552182
-83.760013,21,10494.866248
-103.749599,20,10497.094675
-82.996649,14,10498.637174
-56.163891,18,10501.432859
-91.183365,18,10503.346378
-70.052181,24,10505.69613
-93.779875,22,10507.88316
-77.766815,21,10510.723079
-94.620137,21,10512.710071
-86.389905,19,10515.027381
-89.882368,19,10517.422098
-87.801281,20,10519.50406
-84.896152,20,10521.693007
-20.791987,27,10524.6525
-78.452484,21,10526.851734
-84.829396,24,10529.302117
-86.692695,19,10531.205888
-81.304244,15,10532.990586
-85.940911,18,10534.8122
-94.98077,20,10537.160547
-87.125139,11,10538.435383
-95.656607,19,10541.204695
-83.778753,21,10543.305239
-71.973991,22,10545.78254
-85.467412,21,10548.103718
-73.155691,22,10550.663281
-46.331471,22,10553.598092
-122.185355,12,10555.189808
-78.581479,20,10557.47878
-97.418188,17,10559.306174
-87.596641,20,10562.116212
-87.547136,19,10564.233935
-94.161548,17,10566.856252
-87.218321,17,10569.147394
-90.769546,18,10571.262037
-91.413437,20,10573.283472
-81.679833,20,10575.632707
-70.129645,23,10578.382517
-79.999361,20,10580.613147
-74.513281,22,10583.081261
-64.638639,23,10585.789983
-46.200498,23,10588.153331
-75.113396,26,10590.686092
-75.158336,24,10593.069239
-103.173945,15,10594.704649
-99.105315,15,10596.376039
-78.125324,22,10598.553872
-78.370502,21,10600.990637
-77.76717,23,10603.222209
-84.812419,15,10605.478091
-83.480096,21,10607.759819
-78.67203,22,10609.968905
-77.894713,20,10612.08148
-86.279592,20,10614.414291
-108.218264,15,10617.197311
-91.993076,17,10619.375429
-88.785227,13,10620.812546
-85.987712,20,10623.699742
-72.286813,23,10626.127458
-69.929436,24,10628.580246
-88.999753,21,10630.904799
-89.569764,20,10633.063908
-92.173641,21,10635.804759
-83.849592,21,10638.143274
-92.644604,16,10639.83112
-77.406972,21,10641.939166
-105.886912,22,10644.069726
-74.272137,21,10646.250167
-76.434635,21,10648.677706
-101.293367,17,10650.449343
-89.135181,14,10652.003523
-97.086378,17,10653.884702
-84.596501,21,10655.98795
-101.719786,14,10658.900694
-85.001893,21,10661.416031
-88.721295,21,10663.546612
-92.988886,18,10665.439858
-80.764519,21,10667.541505
-92.386314,18,10669.345608
-98.802769,18,10671.38444
-70.606057,22,10673.676709
-77.097535,21,10676.13347
-82.217936,19,10678.104151
-96.205423,16,10680.261715
-89.854157,17,10682.111135
-83.400062,22,10684.287647
-71.241514,21,10686.407992
-89.260974,19,10688.44925
-99.775811,14,10690.361885
-63.05386,26,10692.850117
-94.406353,20,10694.886362
-81.892511,22,10697.227109
-79.309268,14,10698.784733
-81.803406,20,10701.274852
-71.808374,22,10703.452101
-86.720115,19,10705.532657
-70.294433,24,10707.862012
-80.712055,18,10709.831772
-72.584206,20,10711.854825
-85.085644,17,10713.63492
-75.640134,19,10715.619918
-72.908817,23,10717.927125
-85.050634,23,10720.291289
-115.691864,15,10722.115269
-79.127802,22,10724.34135
-75.922585,18,10726.267751
-80.921517,18,10728.142959
-85.687535,19,10730.349066
-100.79926,14,10731.916829
-67.637453,19,10733.89589
-78.442146,23,10736.404422
-60.176174,25,10738.930185
-101.956249,17,10740.74137
-90.103527,20,10742.753627
-91.836535,19,10745.338585
-83.320448,14,10747.901729
-116.961388,10,10749.002123
-63.736399,22,10751.334695
-81.455314,17,10753.132405
-88.000312,17,10755.006161
-80.714107,17,10756.816173
-74.54169,21,10758.882696
-90.376979,18,10760.832479
-112.555368,21,10763.054181
-98.603723,14,10764.675704
-107.721631,14,10766.23921
-97.363668,21,10768.225399
-68.585897,22,10770.53083
-65.766369,23,10772.852709
-78.037216,20,10774.854626
-93.835708,19,10776.845847
-102.167163,16,10778.943037
-78.175341,22,10781.322099
-83.990079,18,10783.578312
-78.095332,20,10785.651911
-92.482223,21,10787.828996
-79.61643,20,10789.873912
-95.987533,16,10791.769917
-78.394647,16,10793.483518
-74.053189,21,10796.04533
-80.943713,19,10797.991008
-109.196765,14,10799.61904
-73.181283,23,10801.888056
-89.705988,21,10804.035397
-78.409965,21,10806.149325
-96.409433,17,10807.910684
-112.001073,13,10809.296449
-76.502516,21,10811.546619
-91.744937,21,10814.299798
-87.032728,20,10816.445307
-85.816108,20,10818.44475
-103.479336,14,10820.06155
-101.159048,13,10821.523081
-108.894813,13,10822.882394
-77.568518,22,10825.199448
-95.4343,21,10827.554466
-77.728106,22,10829.787489
-90.445441,19,10831.739957
-83.209117,20,10833.807167
-92.805208,18,10835.708276
-58.068232,27,10838.255601
-111.23424,15,10840.459855
-92.768012,21,10842.635358
-68.061396,24,10845.224083
-68.966738,25,10847.76451
-99.745524,17,10850.784641
-89.297815,20,10853.171053
-80.389449,18,10855.256604
-92.236501,11,10856.664489
-86.82535,19,10859.133463
-92.324116,18,10861.016176
-80.291498,22,10863.408937
-81.272191,19,10865.501271
-88.637398,20,10867.515817
-80.676724,20,10869.576837
-108.135375,20,10871.65655
-105.860904,20,10873.818971
-64.173114,23,10876.085757
-78.497911,20,10878.706232
-18.820699,28,10881.612787
-20.656633,30,10884.654411
-90.364975,20,10887.047085
-80.391488,21,10889.123291
-94.788828,16,10890.899231
-98.196144,20,10893.72375
-79.960023,22,10896.366197
-69.468129,24,10898.685767
-82.614399,21,10901.013138
-100.890613,17,10902.824278
-81.874098,19,10904.794127
-98.678342,21,10906.884748
-92.751635,17,10909.379442
-87.501887,21,10911.553052
-88.457784,15,10913.479284
-84.800644,22,10915.959554
-82.532137,16,10918.06692
-82.355322,19,10920.104838
-71.398594,23,10922.626187
-105.245281,15,10924.731087
-101.666553,16,10926.510809
-69.599521,24,10928.902136
-98.408784,17,10930.752313
-88.505576,17,10932.489599
-95.660566,19,10934.548501
-74.924395,21,10936.654123
-90.662722,20,10938.857895
-92.435935,16,10940.575785
-97.101075,17,10942.438812
-99.609828,15,10944.066784
-95.584471,16,10945.756938
-84.84585,20,10947.783418
-83.95375,20,10950.459886
-76.852457,18,10952.509875
-77.206314,17,10954.354721
-81.160616,22,10956.590029
-95.182092,17,10958.45757
-106.359036,18,10961.125747
-94.834192,18,10962.93183
-93.285259,15,10964.597724
-82.215379,19,10966.782773
-90.762243,18,10968.698012
-98.962833,15,10971.151732
-110.9331,22,10973.288341
-64.816297,22,10975.780721
-76.491977,16,10977.724439
-101.14036,19,10979.665523
-100.988896,16,10981.307665
-80.837395,21,10983.579454
-101.109218,17,10985.405934
-79.08627,23,10987.831978
-83.853797,21,10990.339159
-92.733022,18,10992.708205
-76.258938,21,10994.748098
-91.370057,21,10996.880518
-64.55426,24,10999.310733
-81.064204,22,11001.755083
-101.996335,14,11003.712339
-92.200357,22,11006.005041
-86.178183,19,11008.013706
-63.750135,24,11010.648749
-72.484125,21,11012.690198
-89.882972,20,11014.687976
-87.517696,18,11016.532755
-83.960855,22,11018.831966
-91.500198,19,11020.797525
-79.836339,21,11022.934997
-78.794353,20,11025.001419
-92.07574,18,11027.32618
-90.792977,20,11029.351509
-80.801866,20,11031.550029
-83.892133,17,11033.443564
-75.531272,20,11035.895851
-83.518955,22,11038.226503
-89.627,18,11040.129495
-105.532054,17,11042.094947
-78.030682,21,11044.365223
-93.750249,16,11046.788345
-68.713183,20,11048.869787
-77.39225,21,11051.209324
-85.979248,21,11053.337969
-81.783867,22,11055.475589
-81.039945,22,11057.82247
-36.487999,23,11060.115463
-76.044794,20,11062.297155
-79.156661,20,11064.333647
-101.589049,17,11066.073148
-91.133926,19,11067.978397
-94.493876,15,11069.799176
-100.616785,18,11071.741909
-67.787031,25,11074.165462
-90.690192,20,11076.089314
-79.060045,20,11078.312196
-73.454502,22,11080.540605
-91.033362,23,11082.787176
-87.323606,19,11084.737705
-78.437794,19,11086.765541
-90.887685,19,11088.707264
-87.227994,12,11090.995912
-75.829098,22,11093.769242
-26.656519,26,11096.78152
-96.598968,19,11098.685618
-31.527679,25,11101.110023
-87.342292,18,11102.943004
-89.819962,20,11105.05398
-92.584966,20,11107.048759
-87.716605,19,11109.080282
-96.758438,19,11111.492428
-94.243678,17,11113.723719
-87.401784,20,11115.698505
-81.692563,19,11117.749321
-88.141147,18,11119.992798
-87.691533,17,11121.769755
-83.768179,15,11123.382211
-92.526967,19,11125.34992
-83.202818,20,11127.495648
-95.953283,15,11129.612978
-76.169735,21,11131.699474
-65.257123,20,11133.759692
-82.752865,23,11136.055627
-77.545236,21,11138.266287
-79.133048,20,11140.654758
-85.208453,20,11142.620639
-106.669253,18,11144.561014
-84.457255,20,11147.267245
-98.253293,17,11149.25129
-91.805836,18,11151.209172
-95.720194,20,11153.336987
-85.016837,19,11155.559156
-87.94041,20,11157.672262
-63.744687,23,11159.934773
-91.260975,19,11161.811257
-77.710497,20,11163.948524
-77.846331,23,11166.199159
-86.416924,18,11168.083584
-73.553449,21,11170.280226
-87.073713,18,11172.205321
-64.195974,24,11174.549028
-96.443947,15,11176.134519
-83.753697,21,11178.257975
-87.675412,16,11180.070192
-88.415085,19,11181.991528
-81.249498,22,11184.246132
-83.515374,19,11186.297793
-83.771891,20,11188.614707
-70.999228,22,11191.000788
-95.074424,17,11192.895741
-91.539996,18,11194.731842
-74.418478,20,11197.072149
-88.249285,20,11199.281505
-83.380501,19,11201.390184
-81.045159,21,11203.519428
-99.623211,17,11205.329111
-72.751108,21,11207.565453
-97.784104,17,11209.489469
-21.440141,25,11212.056167
-77.515528,19,11214.294959
-90.723027,17,11216.512074
-88.787959,19,11218.501998
-87.226471,18,11220.634543
-100.064097,12,11223.01321
-89.788301,16,11225.034575
-76.716628,20,11227.047426
-66.097406,23,11229.311676
-90.834928,22,11231.565528
-90.268378,19,11233.612305
-95.936455,18,11235.523009
-76.883887,19,11237.45697
-85.954177,20,11239.602029
-70.415359,24,11242.009002
-93.305937,17,11243.772252
-88.180569,20,11245.83888
-82.166078,20,11249.61899
-91.207629,15,11251.539255
-80.67198,22,11254.046098
-91.979763,17,11256.247901
-76.583962,23,11258.618283
-45.47226,22,11261.247686
-97.193354,17,11262.931072
-94.176615,23,11265.154675
-77.81874,23,11267.600391
-83.803171,16,11269.391198
-90.925068,17,11271.438155
-69.562255,21,11273.5978
-105.927012,11,11276.041092
-87.13556,18,11278.028313
-101.741626,14,11281.313339
-84.743171,21,11283.39136
-91.430041,16,11285.157907
-82.934925,19,11287.184541
-81.562362,20,11289.310308
-90.75761,16,11291.379614
-61.373514,22,11293.615595
-94.526673,16,11295.708286
-94.787785,17,11297.635228
-105.392061,14,11299.129972
-92.331646,20,11301.260242
-81.741439,19,11303.298377
-67.975943,24,11305.650093
-85.905484,18,11307.55691
-65.818242,22,11309.894773
-97.376021,17,11311.714249
-93.208328,19,11313.719174
-80.70817,21,11315.83421
-71.376333,23,11318.389296
-92.763343,18,11320.347131
-81.078636,17,11322.222822
-81.496091,17,11324.003248
-73.825867,22,11326.810217
-77.016738,21,11329.04848
-97.903002,21,11331.193175
-88.440295,20,11333.538453
-76.302409,22,11335.917111
-73.814803,23,11338.066904
-81.848438,20,11339.992729
-80.907534,20,11341.887626
-64.918967,19,11343.730548
-80.455782,19,11345.507947
-96.95723,19,11347.704714
-74.981172,21,11350.185791
-96.531171,17,11351.833435
-82.334961,21,11353.717363
-107.007954,20,11355.739022
-72.594625,21,11357.632207
-79.940237,21,11359.924369
-97.698524,16,11361.451008
-93.506914,23,11363.462572
-78.263071,19,11365.296657
-111.564272,17,11366.996572
-85.193614,18,11368.895086
-72.162369,24,11371.02032
-82.135896,18,11372.727456
-97.808496,17,11374.696877
-79.821667,20,11377.697337
-70.422433,24,11380.31227
-88.489753,17,11382.094522
-71.320043,22,11384.194528
-84.279825,22,11386.361737
-91.108088,15,11387.836182
-84.207659,18,11389.558982
-95.125523,18,11391.287788
-67.622043,24,11393.604169
-83.604924,21,11395.710963
-71.023013,24,11397.889235
-127.210015,8,11400.469856
-66.136905,24,11402.570229
-81.666674,19,11404.369101
-87.723685,19,11406.381076
-72.390559,20,11408.282674
-76.636823,22,11410.341364
-66.664336,22,11412.469601
-97.739503,15,11413.978888
-89.417678,18,11416.378268
-59.093,24,11418.595911
-92.048319,17,11420.626008
-77.086066,22,11422.640275
-81.143521,23,11424.806394
-89.650608,23,11427.395234
-98.096713,17,11429.507642
-89.900737,19,11431.563323
-85.146855,19,11433.376399
-95.461059,16,11435.196515
-97.105647,19,11437.049
-87.839033,23,11439.862535
-94.031925,17,11441.608335
-83.211452,20,11443.461015
-69.393046,23,11445.529705
-87.303117,18,11447.35061
-114.156891,12,11449.90138
-81.569418,20,11451.677691
-89.362213,20,11453.512316
-90.959806,17,11455.252642
-72.037013,24,11457.51971
-73.562808,20,11459.391207
-91.324674,17,11460.938804
-97.822066,16,11464.044514
-76.152079,22,11466.725627
-97.763583,16,11468.290656
-105.881431,13,11471.112798
-99.529146,14,11473.22932
-77.670538,21,11475.164653
-80.855724,22,11477.178103
-96.000085,15,11478.697007
-80.19513,19,11480.498413
-83.433799,19,11482.606614
-78.005644,21,11484.613937
-40.35701,27,11487.244243
-78.158095,26,11489.495378
-80.4821,17,11491.455736
-87.803688,20,11493.401439
-112.070046,12,11495.631204
-80.118214,22,11497.655256
-73.206976,22,11500.010197
-84.16455,18,11501.664434
-80.578591,20,11503.686007
-69.599482,23,11505.759725
-91.667833,17,11507.449658
-111.903271,20,11510.401012
-84.615784,20,11512.15632
-89.511462,18,11513.962443
-80.179518,17,11515.841126
-79.567104,21,11517.872502
-99.699679,15,11519.381661
-86.190939,18,11521.340987
-103.416683,16,11523.066918
-78.072949,18,11524.833312
-72.990223,22,11526.820938
-94.359912,16,11528.586514
-80.363306,21,11530.568913
-87.912675,19,11532.381022
-70.379009,15,11534.805625
-72.825797,21,11536.846103
-92.690146,13,11538.540589
-78.669887,23,11540.739166
-82.085467,19,11542.650044
-82.649769,21,11544.582561
-86.585747,20,11546.664793
-84.537781,18,11548.443659
-82.76285,23,11550.717931
-95.424929,18,11552.496043
-96.164638,16,11554.135848
-91.311806,19,11555.986893
-93.632238,17,11558.033037
-100.630629,15,11560.526006
-96.858508,19,11562.298153
-69.71281,23,11564.514453
-104.259829,12,11567.284182
-96.39062,15,11569.308114
-95.847424,16,11570.885266
-112.207255,12,11572.115335
-90.49037,17,11573.724099
-14.146232,28,11576.532428
-90.200342,21,11579.013066
-86.394389,19,11581.990518
-99.469852,16,11583.975368
-87.567732,19,11585.938744
-89.676913,19,11587.670171
-102.204326,18,11589.53864
-85.380416,18,11591.202469
-70.549237,21,11593.082329
-92.453427,20,11594.892445
-78.618413,21,11596.712504
-90.909658,16,11598.233456
-109.333018,15,11599.686922
-82.835451,20,11601.905266
-81.878471,19,11603.648851
-84.92679,18,11605.392405
-94.204126,16,11607.934223
-91.450033,19,11609.936843
-75.280358,22,11611.853634
-78.346699,22,11613.714377
-84.095402,20,11615.494559
-75.123972,22,11617.593554
-78.8836,19,11619.584004
-80.380681,21,11621.462741
-81.940064,23,11623.377952
-78.990779,23,11625.501302
-95.560145,18,11627.269027
-89.834847,18,11628.906462
-100.064484,19,11630.806119
-84.467581,20,11632.794813
-86.243946,15,11634.243867
-93.839022,21,11636.242005
-101.377502,16,11637.761862
-83.236842,18,11639.769556
-81.768693,19,11641.563536
-76.807875,19,11643.271563
-76.520355,20,11645.040702
-72.37855,22,11647.032543
-93.433234,20,11648.963561
-90.596645,19,11650.948154
-101.668561,16,11652.722228
-95.88513,21,11654.552195
-92.379413,22,11656.99146
-83.292732,20,11659.208349
-74.762503,22,11661.164696
-79.998022,21,11663.178221
-92.952245,18,11665.969024
-65.274996,23,11668.058074
-98.307919,18,11669.681588
-96.610315,19,11671.852646
-84.844462,20,11673.607723
-106.165023,21,11675.389196
-67.055278,23,11677.380257
-103.564097,13,11678.968121
-97.496487,16,11680.573947
-78.601011,19,11682.318184
-60.828772,20,11684.442662
-91.430708,20,11686.458633
-81.472691,21,11688.322027
-92.843218,14,11689.758929
-78.786095,19,11691.524378
-96.19731,15,11693.565668
-73.600219,22,11695.57358
-71.103843,20,11697.617691
-77.420505,22,11699.543556
-87.733093,22,11701.604419
-70.531441,24,11703.63571
-87.227345,16,11705.135997
-84.553016,21,11706.974669
-87.909158,21,11709.151703
-43.320131,20,11711.048558
-103.322919,17,11712.685979
-92.17376,19,11714.435993
-82.776774,22,11716.537127
-75.725606,24,11718.551848
-75.279593,23,11720.656598
-109.528352,15,11722.064179
-94.212904,19,11723.78371
-74.964929,20,11725.952629
-87.059578,19,11727.667385
-112.106831,21,11729.460145
-82.672764,18,11731.14258
-86.599475,20,11732.956552
-80.033649,19,11734.93013
-82.009911,20,11736.667989
-103.635304,13,11737.933804
-87.046382,20,11739.843885
-87.591429,15,11741.399991
-91.031304,18,11743.067418
-84.619907,19,11745.538021
-31.448674,22,11747.645149
-87.516181,18,11749.455486
-102.341816,15,11751.660516
-78.300411,19,11753.486475
-91.430315,16,11755.173199
-102.89399,15,11756.678601
-83.56138,20,11758.687741
-88.666146,19,11760.401987
-81.555138,20,11762.384305
-58.638113,26,11765.935198
-78.948712,22,11768.22218
-88.904981,17,11770.047888
-90.208927,17,11771.887178
-92.69346,18,11773.789035
-69.286173,22,11775.943513
-73.967884,23,11778.158397
-81.201713,16,11779.854814
-81.8913,22,11782.052191
-67.891161,24,11784.305473
-93.752923,17,11786.460157
-97.407797,16,11788.048279
-99.501323,17,11789.958138
-86.100079,18,11791.697643
-70.993088,23,11793.928677
-69.756163,22,11796.056607
-71.906611,20,11797.991601
-103.341472,19,11800.553441
-98.664023,15,11802.472929
-82.654698,17,11804.179911
-96.874513,16,11805.783792
-97.39342,14,11807.284637
-87.427755,20,11809.35941
-96.698496,19,11811.585841
-78.633276,22,11814.290212
-81.267217,17,11815.959338
-78.546318,22,11818.120053
-94.448977,15,11819.697567
-92.924772,18,11821.449956
-71.19386,23,11823.698969
-82.511756,19,11825.907442
-86.456959,19,11827.925339
-115.893839,17,11829.750332
-94.920302,18,11832.758129
-96.340792,17,11834.862865
-89.187712,18,11836.466282
-79.524571,21,11838.401487
-79.232641,19,11840.119997
-74.738724,22,11842.062688
-96.077991,18,11843.711496
-84.857696,22,11846.435658
-70.542803,22,11848.628707
-75.108838,18,11850.473203
-73.084687,21,11852.494939
-51.560086,21,11854.470021
-64.42873,23,11856.473041
-79.822703,21,11858.379431
-88.745343,18,11860.265036
-109.562809,13,11861.590119
-83.61443,22,11863.475812
-93.802024,17,11865.243901
-85.625577,21,11867.106112
-83.268314,19,11868.786053
-83.421895,18,11870.42887
-101.790993,21,11872.219798
-78.14764,17,11873.799322
-98.237966,18,11875.518336
-86.455399,19,11877.72851
-92.086162,18,11879.497264
-105.938186,16,11881.012653
-87.417907,17,11882.655951
-81.23381,21,11884.662995
-78.664361,20,11886.756544
-76.58332,23,11888.695266
-76.848063,19,11890.407451
-76.319019,22,11892.644175
-106.689473,15,11894.049451
-69.638642,22,11896.098325
-73.759887,21,11897.94579
-92.911566,20,11899.833688
-70.560025,22,11901.790567
-33.003881,24,11903.854428
-82.89997,22,11905.901316
-81.492691,20,11907.768011
-94.940363,20,11909.536582
-92.952031,22,11911.562471
-94.103521,20,11913.635665
-77.344494,22,11915.515041
-105.624108,12,11916.788697
-93.386617,19,11918.432486
-76.980322,21,11920.363905
-89.241488,17,11922.582342
-54.043622,25,11924.74519
-76.107172,21,11926.667729
-76.48751,18,11928.331069
-83.228361,20,11930.503505
-95.77647,18,11932.55719
-91.733549,17,11934.315827
-119.460143,15,11935.882703
-82.926419,23,11937.883826
-85.969338,22,11939.779985
-92.722158,17,11942.239775
-84.225497,21,11944.336474
-81.584186,23,11946.294275
-81.71573,19,11948.007802
-93.311023,14,11949.819323
-85.212949,18,11951.462964
-90.490657,21,11953.282259
-86.303863,21,11955.150549
-68.808049,24,11957.291281
-33.9505,19,11959.04618
-102.167777,17,11960.63371
-94.445251,16,11962.739047
-77.84677,19,11964.481879
-81.730929,22,11967.1784
-94.925831,13,11968.419959
-79.492721,23,11970.468123
-87.514806,21,11972.306224
-79.45366,20,11974.088842
-88.31299,19,11975.815888
-96.098352,18,11977.545963
-99.766361,16,11979.181413
-103.337969,16,11981.230179
-84.293316,19,11982.896985
-70.567939,19,11984.72123
-83.800915,21,11986.743878
-36.215405,22,11988.701604
-93.143432,16,11990.54711
-69.393654,24,11992.657112
-75.950039,20,11994.52428
-72.604949,22,11996.645604
-99.185245,14,11998.695443
-81.95238,24,12000.856732
-75.102359,21,12002.720526
-28.666363,25,12005.045738
-83.166015,19,12007.540035
-91.291476,18,12009.607947
-96.696687,15,12011.073919
-90.776989,23,12013.165567
-76.414016,22,12015.238364
-89.361489,18,12016.902275
-80.068978,23,12018.887266
-82.883156,20,12021.088485
-88.839604,17,12022.690162
-99.673324,16,12024.327764
-81.23243,21,12026.315113
-98.34267,21,12028.110776
-79.407577,21,12029.938074
-73.847753,20,12031.790432
-83.214018,21,12033.622421
-106.81498,20,12035.370216
-95.178924,19,12037.165169
-105.957279,16,12039.019557
-101.500722,15,12040.483003
-62.741303,25,12042.653169
-75.583407,21,12044.47104
-98.807439,15,12046.569376
-97.101848,7,12047.629245
-44.617457,22,12049.874411
-104.101071,17,12051.712963
-82.576688,20,12053.681858
-83.060119,19,12055.765787
-82.035191,21,12057.731862
-84.092124,18,12059.435017
-94.520284,20,12061.201035
-86.242133,20,12062.985176
-62.653439,20,12064.842226
-83.758961,17,12066.383676
-67.414305,24,12068.464422
-85.240067,19,12070.171366
-70.914401,22,12072.112988
-72.653507,23,12074.099612
-98.219836,18,12075.718513
-113.406961,16,12077.535173
-105.80137,11,12078.734237
-68.940096,23,12080.809564
-74.298492,20,12083.062707
-76.771933,23,12085.063845
-87.0532,18,12086.963433
-91.167786,20,12088.851014
-68.237621,24,12090.993163
-89.436187,18,12092.612167
-85.03441,22,12094.59972
-48.038938,23,12096.701686
-70.768909,24,12098.822986
-75.715031,23,12100.853206
-76.785554,21,12102.706577
-82.39734,22,12105.097866
-85.071633,20,12107.035513
-88.065715,16,12108.518259
-90.582242,18,12110.118308
-91.110804,21,12111.970317
-81.236037,21,12113.841106
-70.280339,17,12115.668231
-79.703532,22,12117.779115
-98.222044,18,12119.488585
-109.182415,13,12120.800719
-94.344025,17,12122.555852
-77.72973,22,12124.758277
-80.964803,22,12126.804713
-75.67113,20,12128.61718
-21.27184,26,12130.935911
-58.046461,26,12133.216185
-83.492134,18,12135.653375
-74.84718,19,12137.410834
-82.807123,19,12139.148561
-80.093661,24,12141.132996
-72.578334,18,12142.841986
-74.864594,21,12144.726802
-58.779057,23,12147.569866
-82.519054,19,12149.301902
-72.612397,19,12151.092223
-90.580962,22,12152.969143
-117.650579,10,12154.870171
-87.60355,19,12156.563682
-66.547811,23,12158.564529
-98.434045,15,12160.20033
-85.212186,17,12161.724425
-74.621969,20,12163.594559
-84.289524,21,12165.375179
-87.290261,20,12167.477982
-90.669362,20,12169.233391
-99.914279,14,12170.536736
-82.338648,19,12172.247373
-102.311982,14,12173.624425
-81.296845,24,12175.853857
-86.398334,19,12177.603103
-92.747256,18,12179.232226
-91.462515,19,12181.42697
-93.90134,21,12183.340357
-69.168394,23,12185.359959
-89.276412,19,12187.142819
-70.407836,23,12189.123858
-69.041711,23,12191.118013
-94.649962,20,12192.817022
-100.21593,17,12194.35267
-90.737177,18,12196.240524
-70.101861,24,12198.333117
-77.20985,23,12200.740621
-69.009684,24,12202.80373
-67.829961,22,12204.961029
-102.298536,13,12206.609108
-28.776947,25,12208.908358
-66.7815,22,12210.823948
-89.845618,14,12212.205268
-70.9897,25,12214.274009
-68.479903,24,12216.484117
-64.846809,23,12218.560859
-72.555083,22,12220.618937
-87.552546,16,12222.145001
-61.58437,19,12224.964934
-86.255181,19,12226.697611
-85.845195,19,12228.514155
-67.431849,23,12230.673135
-80.085639,22,12232.926385
-87.507122,21,12234.822876
-74.63338,25,12237.2769
-90.502871,17,12238.861309
-34.803201,24,12241.053004
-84.705665,21,12242.887281
-89.622199,20,12245.025048
-82.762326,20,12246.76729
-76.406706,21,12248.619845
-88.446162,19,12250.394956
-88.786832,18,12252.154194
-73.279351,20,12253.939689
-86.69953,18,12255.586858
-85.787574,17,12257.515468
-77.940377,20,12259.501362
-65.83885,22,12261.440862
-82.508244,21,12263.401525
-73.942549,21,12265.309207
-86.443418,19,12267.219055
-93.639579,16,12268.7178
-97.834984,15,12270.204065
-79.121557,22,12272.254286
-76.988312,20,12274.083528
-84.522907,21,12275.87391
-88.038539,19,12277.576914
-77.464614,21,12279.430502
-65.212096,25,12281.661789
-94.289619,16,12283.130198
-83.015638,19,12284.838195
-79.883864,24,12286.847101
-97.785635,16,12288.773367
-84.916708,22,12291.218946
-90.791069,20,12292.968323
-87.796211,18,12294.723459
-87.802219,20,12296.721777
-91.687055,20,12298.475404
-78.075838,20,12300.764846
-61.585485,25,12302.894737
-32.910978,22,12305.308552
-79.204635,19,12307.087127
-81.413388,22,12309.045877
-78.568134,20,12310.854719
-96.943454,17,12312.487017
-84.514824,18,12315.225587
-39.263224,23,12317.289031
-95.751682,16,12318.884657
-96.718244,18,12320.586671
-84.697906,21,12322.459504
-76.783539,23,12324.490345
-77.844922,22,12326.78084
-96.42228,15,12328.346144
-88.051919,19,12330.04964
-86.116927,19,12331.710238
-81.263129,22,12333.685288
-89.275715,21,12335.564884
-41.229153,25,12338.558356
-79.438709,20,12340.473047
-80.3113,22,12342.380004
-62.320822,20,12344.269813
-78.641199,23,12346.281948
-87.510719,19,12348.104355
-66.545945,20,12350.168407
-107.775552,11,12352.708207
-103.523476,13,12353.9178
-87.043026,23,12356.009064
-83.457107,18,12357.687178
-110.777863,16,12359.190031
-97.411041,19,12360.89999
-96.530257,17,12362.494672
-86.441702,19,12364.860953
-86.679037,18,12366.495501
-80.727273,20,12368.264052
-88.529065,19,12370.866232
-86.237674,20,12372.634471
-108.2578,16,12374.156237
5.90516,24,12376.44698
-71.482161,23,12378.527188
-77.255503,20,12380.391687
-71.686128,24,12382.48121
-72.586598,20,12384.384976
-70.98655,21,12386.647712
-88.707345,19,12388.360711
-82.242911,20,12391.039396
-41.240705,23,12393.151791
-98.838733,15,12394.913298
-76.967747,20,12396.822093
-91.503298,16,12398.840801
-65.721938,23,12400.958369
-80.491738,18,12402.702065
-88.462411,20,12404.500666
-100.361355,15,12405.9168
-93.136324,23,12408.163024
-80.105606,18,12409.776233
-97.37893,16,12411.426399
-93.652183,17,12413.075872
-93.111272,20,12414.992692
-94.156655,15,12416.546034
-75.859019,20,12418.411913
-84.184438,22,12420.393934
-80.228408,20,12422.26477
-89.163471,19,12423.950869
-88.77798,16,12425.825915
-71.482706,23,12427.814453
-74.701042,21,12429.7813
-76.38834,21,12431.77275
-78.27334,20,12433.74476
-101.765032,13,12436.267921
-82.831003,24,12438.760944
-95.398509,17,12440.257035
-76.357893,22,12442.295616
-92.786098,21,12444.609021
-84.461071,22,12447.060838
-35.166787,22,12449.038989
-92.013489,21,12450.873538
-86.479833,19,12452.603964
-83.511312,22,12454.937369
-84.611396,19,12456.635006
-76.933646,20,12458.594148
-83.073006,22,12460.568129
-34.49387,23,12462.660293
-96.47262,15,12464.101805
-72.487203,22,12466.626074
-84.548528,16,12468.432437
-99.920408,16,12470.176955
-68.977564,19,12472.020446
-86.0631,18,12473.701442
-84.050421,19,12475.854615
-73.546908,21,12477.845276
-73.610147,22,12479.962552
-91.248539,16,12481.433328
-87.011014,18,12483.489838
-73.851094,24,12485.6358
-74.862211,20,12487.570296
-82.818879,16,12489.095726
-101.043268,10,12490.142997
-96.090751,18,12491.77646
-78.817223,22,12493.787014
-99.704592,13,12495.136849
-109.769329,16,12497.253355
-78.826216,20,12499.07565
-78.441208,21,12500.923166
-70.510277,23,12503.337588
-76.535062,22,12505.336669
-100.854855,21,12507.432014
-72.98165,23,12509.376558
-98.782279,15,12510.90075
-76.75715,22,12513.008288
-87.929801,18,12514.688392
-87.551857,21,12516.663563
-61.615428,24,12518.761314
-78.319922,22,12521.068186
-81.825376,18,12522.805619
-71.137585,22,12524.776652
-74.086804,21,12526.68125
-84.324888,18,12528.408101
-102.165466,18,12530.114149
-88.735201,19,12531.95723
-76.428054,21,12533.832124
-101.817873,15,12535.892838
-73.207636,20,12537.792273
-98.749768,17,12539.260986
-81.156257,21,12541.15113
-89.070139,17,12542.814842
-63.100334,26,12544.950559
-115.239057,14,12547.580741
-57.561221,26,12549.78284
-70.910514,22,12551.768292
-74.459275,23,12553.781569
-93.789165,17,12555.403551
-67.051666,22,12557.370888
-90.024612,19,12559.418964
-94.216076,18,12561.193443
-81.189556,20,12562.986289
17.420562,29,12565.82739
-63.925801,24,12568.192654
-71.297957,23,12570.146799
-69.76443,25,12572.387539
-70.947437,24,12574.631562
-117.286077,17,12576.172755
-35.716045,24,12578.40134
-87.736867,19,12580.113911
-80.659624,21,12581.927998
-75.44637,21,12583.824661
-101.778529,17,12585.371052
-77.171104,22,12587.290478
-94.876829,18,12589.15296
-92.662733,17,12591.858132
-29.960835,18,12593.652446
-83.16291,17,12595.33215
-62.919293,25,12597.572762
-87.467314,20,12599.550147
-89.819088,20,12601.352954
-81.294435,21,12603.256103
-68.927078,24,12605.333593
-71.803855,22,12607.292723
-76.191197,21,12609.301057
-77.249171,25,12611.394582
-107.561865,18,12612.986172
-94.243807,18,12614.740971
-83.552216,19,12616.501219
-79.203322,20,12618.312124
-95.49439,20,12620.11984
-82.628757,17,12621.756827
-79.459808,20,12623.577264
-102.4617,18,12625.206191
-80.169128,22,12627.236312
-72.080705,21,12629.259381
-66.740651,26,12631.537217
-74.181442,25,12633.687565
-89.969111,18,12635.481873
-86.688677,20,12637.277673
-74.974562,22,12639.19313
-98.223406,14,12640.778614
-73.289838,20,12642.568258
-81.16553,25,12644.954597
-103.7389,15,12647.117577
-70.23556,22,12649.266201
-98.53171,18,12650.89324
-67.299425,22,12652.847274
-81.135188,20,12654.702787
-84.805247,20,12656.786071
-83.33743,20,12658.574225
-103.165734,16,12660.053187
-77.747668,21,12661.891637
-103.435444,13,12663.783012
-78.850973,20,12665.567872
-110.251235,16,12667.064429
-35.000669,21,12669.13959
-84.262809,18,12670.83337
-80.720935,19,12672.653427
-103.240542,20,12674.461413
-77.983603,21,12676.36228
-82.281076,20,12678.152992
-89.713887,17,12679.913944
-113.54253,12,12682.509064
-105.091334,18,12684.446347
-93.77598,19,12686.692412
-79.652594,21,12688.663698
-94.78213,15,12690.488748
-86.42734,16,12692.012704
-84.806132,22,12693.889232
-66.995023,22,12695.907293
-68.575263,22,12697.865942
-80.901929,19,12699.647766
-84.772261,19,12701.436787
-88.079651,19,12703.135454
-81.916615,21,12705.042183
-65.324984,22,12706.961478
-62.402075,20,12708.795405
-91.745343,20,12710.671887
-105.272917,14,12711.981543
-77.797057,20,12713.790598
-107.422852,12,12715.699065
-92.505796,23,12717.861941
-99.056928,15,12719.275167
-93.01221,16,12720.769105
-83.637664,21,12722.591181
-81.96771,22,12725.179395
-74.459234,22,12727.179981
-78.83755,22,12729.069996
-77.989517,21,12730.953773
-87.771005,20,12732.924008
-88.115277,21,12735.191515
-85.15474,20,12736.902456
-104.72793,14,12738.321683
-76.897498,23,12740.431466
-84.736798,17,12742.09895
-79.374931,20,12743.994557
-74.054034,22,12746.099775
-100.353942,18,12747.775113
-105.271407,12,12749.575668
-81.768583,19,12751.327476
-113.454268,11,12752.404063
-100.068397,16,12754.110215
-82.757557,19,12755.922325
-75.414746,21,12757.840966
-95.580506,18,12759.718357
-85.276324,17,12761.590963
-90.676189,17,12763.151232
-79.088226,19,12764.871621
-79.835094,22,12766.765185
-87.98435,16,12768.2852
-90.76598,17,12769.862991
-93.9609,20,12772.055021
-93.1864,18,12773.677454
-72.305483,22,12775.79481
-87.968829,20,12777.932982
-99.180553,15,12779.387702
-95.093877,19,12781.121581
-45.672217,20,12783.861219
-68.931249,22,12785.772434
-65.858059,25,12787.929145
-84.803464,19,12789.959795
-82.71396,17,12791.876563
-81.743649,18,12793.568902
-75.68598,23,12795.536548
-104.655911,15,12797.023544
-75.789007,23,12798.976491
-65.860328,24,12801.289309
-86.204944,15,12802.702941
-76.903997,21,12804.53368
-60.912167,26,12807.07652
-81.169372,21,12808.976683
-79.152159,20,12810.837857
-76.369542,22,12813.5081
-81.350859,18,12815.144886
-107.9632,17,12817.601512
-76.960411,22,12819.512446
-68.66377,19,12821.35677
-84.899005,22,12823.226033
-30.999467,23,12825.33595
-79.595554,20,12827.187426
-95.458862,16,12829.012085
-37.288032,24,12831.09993
-111.264664,11,12833.017682
-88.99739,17,12835.232233
-89.746884,16,12836.856805
-79.161614,24,12839.046486
-72.126333,26,12841.300175
-95.344424,15,12842.873198
-75.137138,24,12844.891114
-88.056747,23,12846.898249
-77.600188,20,12848.896019
-85.571444,18,12850.537052
-75.671153,18,12852.184589
-83.623707,21,12853.999228
-101.918661,15,12856.096792
-69.494036,22,12858.008582
-96.731716,15,12859.570284
-22.197549,27,12862.109763
-82.674253,21,12863.939557
-89.065289,17,12865.642846
-84.888903,20,12867.773892
-92.962613,15,12869.263869
-80.518693,21,12871.735375
-102.020906,15,12873.794432
-77.347828,21,12875.638145
-102.651155,14,12877.254083
-75.831017,21,12879.11874
-82.743796,20,12881.122468
-64.218603,20,12882.946007
-74.999106,22,12884.854783
-75.703131,22,12886.816492
-88.968315,15,12888.433326
-94.633421,19,12890.603928
-95.489029,20,12892.422929
-75.612763,20,12894.229526
-99.713308,18,12895.968509
-105.922346,15,12897.437186
-90.472369,17,12899.216702
-79.545343,22,12901.382826
-89.78866,14,12902.729605
-86.493248,20,12904.68889
-70.278541,22,12906.592875
-72.657288,21,12908.532112
-71.05342,21,12910.406858
-64.012568,27,12912.693928
-89.26792,18,12914.29267
-102.728084,16,12915.884318
-81.398146,20,12917.812743
-73.784697,24,12919.988663
-88.949856,18,12921.876746
-88.674016,19,12923.663177
-92.669593,17,12925.272724
-92.336352,19,12927.251307
-52.906873,21,12929.252127
-88.213842,15,12930.688002
-81.166358,19,12932.49481
-97.908051,15,12934.023037
-100.040781,15,12936.119763
-88.090482,19,12937.88406
-66.337762,22,12939.83853
-86.220182,19,12942.105543
-81.760134,20,12943.891734
-86.377726,20,12945.673923
-62.508758,23,12947.817375
-99.667187,16,12949.394517
-81.982426,21,12951.301652
-76.413989,25,12953.435919
-81.310772,20,12955.275381
-70.396701,24,12957.429334
-91.152314,16,12959.080797
-84.315064,21,12960.940639
-46.520416,21,12963.065779
-101.233663,17,12965.234204
-86.069324,18,12966.899235
-74.053172,18,12968.578792
-90.792171,18,12970.570413
-89.613176,18,12972.38803
-85.777812,22,12974.456864
-79.569839,22,12976.711012
-60.785596,23,12978.763345
-111.000541,16,12980.227902
-79.220634,20,12982.0062
-104.529644,22,12983.96311
-98.136263,15,12986.532636
-92.188375,18,12988.132124
-64.207247,23,12990.129869
-94.90378,17,12991.687315
-76.209412,20,12993.513957
-84.98049,23,12995.47419
-79.974806,21,12997.478873
-78.235181,20,12999.374395
-71.416632,22,13001.452228
-62.30036,26,13003.634798
-68.968713,24,13005.860612
-80.712222,18,13007.618371
-85.922806,13,13009.069316
-100.665191,17,13010.602832
-89.524687,19,13012.307528
-82.052835,20,13014.14015
-68.574465,23,13016.243666
-84.688779,20,13018.043771
-67.786466,26,13020.235255
-83.268356,20,13022.129061
-82.469339,18,13023.934291
-82.267041,19,13025.682032
-64.900072,22,13027.647526
-112.298399,13,13028.932299
-92.409799,17,13030.561011
-76.715511,20,13032.301718
-81.41058,22,13034.251043
-71.722967,20,13036.177368
-67.172334,24,13038.271599
-98.395402,15,13039.832688
-100.650192,13,13041.159289
-77.533856,26,13043.607868
-72.831893,23,13046.071421
-72.943783,22,13048.080764
-66.675956,23,13050.073593
-74.786176,22,13052.04804
-76.345755,20,13054.124598
-76.322003,25,13056.190499
-71.185668,23,13058.396724
-62.667486,27,13060.765345
-90.787476,17,13062.431338
-88.271651,18,13064.714101
-76.765763,24,13066.961902
-89.555563,19,13068.667747
-96.581736,17,13070.231744
-63.681291,25,13072.337351
-85.352653,18,13074.232901
-82.725556,16,13075.879701
-75.367155,21,13077.979428
-93.367878,20,13080.347925
-89.476996,21,13082.204986
-83.892391,19,13084.012577
-70.279915,25,13086.117021
-86.79731,21,13087.959513
-75.828663,22,13089.900619
-66.809508,25,13092.058779
-90.454209,18,13093.625551
-72.31202,20,13095.445583
-72.589821,21,13097.257326
-59.227727,23,13099.372272
-69.813249,23,13101.330316
-71.743662,20,13103.090923
-88.342357,20,13104.971126
-84.922845,18,13106.847916
-73.34919,21,13108.923232
-72.342191,19,13110.66639
-92.275452,17,13112.250388
-90.400831,20,13114.119219
-62.71493,26,13116.36519
-100.320267,15,13117.867167
-96.501023,15,13119.428332
-80.12284,20,13121.358768
-92.053555,19,13123.139371
-81.106626,22,13125.110644
-86.126498,20,13126.934616
-87.080693,21,13128.779655
-93.30275,18,13130.461006
-78.784177,19,13132.203975
-77.97682,22,13134.118933
-111.239194,11,13135.420814
-80.610651,19,13137.38856
-78.04869,24,13139.487645
-93.031352,21,13141.57252
-87.903519,18,13143.249797
-98.911898,16,13145.822112
-97.929398,22,13147.844482
-88.418209,19,13149.510277
-76.374291,22,13151.991629
-80.500191,21,13153.832653
14.876505,24,13156.108107
-78.351162,23,13158.156148
-82.712306,21,13160.019935
-72.619174,21,13161.889829
-94.205538,18,13163.831856
-81.083647,19,13165.768674
-80.554986,20,13167.712336
-85.674661,18,13169.358901
-78.404279,21,13171.180736
-90.030586,16,13172.930506
-84.11577,21,13174.775602
-120.004649,14,13176.114593
-37.02502,25,13178.356715
-101.985597,15,13179.720573
-86.985749,20,13181.642174
-83.732606,18,13183.303169
-86.991869,17,13185.324786
-88.102369,16,13186.826655
-83.500468,20,13188.597708
-89.870659,22,13190.522753
-69.416981,23,13192.497876
-45.046691,22,13194.758583
-73.253775,21,13196.919407
-91.23914,18,13198.599565
-80.833265,21,13200.449913
-82.220987,20,13202.326268
-85.17359,20,13204.151674
-86.031279,18,13206.045335
-71.280532,20,13207.857825
-69.004408,22,13209.827746
-83.356417,17,13211.513069
-80.999729,20,13213.569886
-101.361406,17,13215.662667
-93.766375,17,13217.179407
-29.803106,26,13219.797575
-79.956358,21,13221.82474
-94.42195,19,13223.632465
-76.515764,22,13225.716924
-98.825828,17,13227.452102
-77.926397,22,13229.384341
-82.211045,20,13231.107398
-66.497737,25,13233.237325
-70.826042,19,13235.014805
-57.137464,24,13237.120295
-94.421667,18,13238.755424
-82.473893,20,13240.681031
-78.76699,14,13242.139483
-69.554343,22,13244.262511
-84.433686,20,13246.098358
-71.22116,23,13248.362353
-79.705303,19,13250.244978
-94.521793,15,13252.028551
-121.089207,11,13253.051856
-90.345374,20,13255.202477
-81.775677,22,13257.298251
-17.811797,27,13259.632837
-83.414736,19,13261.27228
-84.956829,17,13262.90948
-69.818279,21,13264.772038
-91.065808,22,13266.72828
-80.272591,20,13268.588566
-84.677454,16,13270.292168
-113.688116,15,13271.857899
-75.384298,23,13273.874336
-81.285754,18,13275.575461
-42.293245,20,13277.441874
-64.403839,24,13279.550495
-83.19301,20,13281.321959
-82.027514,21,13283.199662
-62.018709,22,13285.2188
-77.225616,21,13287.451977
-76.681129,22,13289.518805
-85.809372,21,13291.403588
-72.270903,20,13293.336617
-84.416901,18,13295.192444
-89.227337,19,13296.924509
-83.545058,19,13298.785557
-82.542928,20,13300.653553
-81.804001,23,13302.731236
-92.602729,19,13304.462889
-87.494013,19,13306.3058
-69.435335,21,13308.623336
-103.527372,20,13310.358812
-67.169652,26,13312.597943
-76.154586,22,13315.141297
-101.900767,18,13317.206599
-72.908811,24,13319.3235
-95.755107,18,13321.033309
-99.84308,17,13323.181226
-86.751984,21,13325.243315
-89.156924,14,13326.679606
-82.06988,21,13329.075358
-97.378307,17,13330.587088
-80.447999,23,13332.52372
-84.845419,23,13334.492844
-90.923029,20,13336.569979
-73.364476,22,13338.467515
-73.783543,21,13340.306511
-96.22714,17,13342.397148
-53.012495,24,13344.55537
-93.040366,18,13346.456705
-58.806515,26,13348.665838
-69.905374,25,13350.793981
-80.931568,22,13352.711511
-86.046336,19,13354.501099
-84.90527,21,13356.333188
-105.897178,17,13358.86277
-66.797524,23,13360.982705
-84.425877,20,13362.78002
-75.585657,21,13364.739661
-81.45144,23,13366.688008
-84.914316,18,13369.326743
-98.997605,15,13371.108082
-85.568001,17,13372.710431
-77.741249,22,13374.733161
-87.555507,18,13376.504586
-83.58911,20,13378.38688
-79.801929,20,13380.180099
-75.29447,23,13382.174987
-79.925294,20,13384.23154
-81.629272,19,13385.983697
-85.097588,21,13387.946526
-79.983638,19,13389.731151
-82.430191,19,13391.98417
-95.195495,16,13393.45929
-70.841591,22,13395.489478
-72.684879,23,13397.474663
-81.132228,18,13399.164653
-82.173678,22,13401.381399
-72.394566,23,13403.373363
-93.269475,15,13404.859639
-85.110332,20,13407.078446
-77.015136,20,13409.011083
-38.387933,26,13411.377599
-81.069273,20,13413.170159
-79.681355,17,13414.746616
-99.144531,15,13416.146962
-67.993039,24,13418.393814
-70.631618,23,13420.532716
-78.964775,22,13422.483488
-34.100548,23,13424.515222
-88.26889,21,13426.556378
-91.758866,18,13428.573822
-66.066725,25,13430.773746
-91.978197,17,13432.861536
-79.618743,26,13435.0966
-66.057911,24,13437.372783
-94.184451,16,13438.830658
-104.881503,19,13440.515786
-81.488543,20,13442.390689
-85.697521,19,13444.232479
-66.623439,24,13446.316546
-85.157266,20,13448.068594
-70.990868,24,13450.079087
-87.744251,19,13451.813521
-62.767289,23,13453.908863
-44.700362,23,13455.914477
-108.731953,15,13458.196652
-65.723033,24,13460.383565
-89.23818,18,13462.007999
-80.425789,21,13463.835653
-89.502708,19,13465.837995
-86.005989,19,13467.631018
-67.402292,23,13469.748553
-71.536269,22,13471.657978
-87.415836,19,13473.600945
-72.488447,24,13475.683449
-70.345696,22,13477.617529
-80.569917,18,13479.258823
-96.925846,18,13481.158242
-77.308725,21,13483.034897
-96.178248,18,13484.755413
-97.361828,15,13486.308639
-93.384503,18,13487.944171
-77.338834,22,13489.928325
-67.751079,24,13491.969696
-114.090688,10,13494.495836
-77.372394,22,13496.899813
-77.767223,20,13498.786663
-98.247327,13,13500.064007
-77.099667,23,13502.130182
-50.644772,25,13504.3263
-26.52966,25,13506.512118
-87.835809,19,13508.188693
-80.367448,23,13510.227515
-71.941925,21,13512.084947
-87.683354,15,13513.53493
-81.499423,21,13515.579807
-71.788512,23,13517.599725
-73.080197,21,13519.911488
-79.595503,19,13521.775614
-86.446765,18,13523.435888
-69.314636,22,13525.478088
-91.067812,17,13527.774297
-68.181861,23,13529.806979
-84.706662,13,13531.111716
-83.291973,20,13532.925332
-68.651644,19,13534.64485
-41.710458,25,13536.878015
-82.35088,19,13538.959007
-67.073316,25,13541.257442
-87.97478,18,13542.871049
-89.098687,17,13544.486164
-78.290558,23,13546.457924
-84.603033,19,13548.300964
-96.992016,15,13550.202907
-31.68924,22,13552.247793
-80.384237,22,13554.195986
-52.415534,19,13556.530499
-57.536824,25,13558.67255
-82.551121,18,13560.488891
-84.223489,20,13562.322282
-82.573936,20,13564.178537
-99.014719,16,13565.932729
-77.710422,19,13567.704984
-83.768428,14,13569.042612
-72.250055,25,13571.147911
-79.946163,19,13572.929521
-83.156743,20,13575.154454
-106.257996,15,13576.62929
-75.399501,21,13578.458346
-87.885585,17,13580.048723
-97.725792,20,13581.896145
-80.379035,20,13583.661926
-84.423851,18,13585.358358
-77.848811,23,13587.752063
-79.691788,19,13589.527076
-102.86945,13,13590.764049
-70.690103,23,13592.737927
-77.165082,23,13594.718451
-72.611057,22,13596.749696
-77.938076,20,13598.625181
-86.603361,19,13600.36039
-82.722619,19,13602.552899
-92.803796,21,13604.449636
-36.269261,23,13606.605571
-73.126529,24,13608.805046
-80.1805,23,13610.778465
-90.597679,22,13612.717855
-101.240728,16,13614.22073
-87.021605,19,13616.048891
-77.142357,21,13618.045349
-68.480899,23,13620.128672
-55.181893,15,13622.322461
-82.024483,16,13623.804324
-91.762207,18,13626.153602
-81.184243,21,13628.009554
-98.407578,17,13629.555421
-76.493873,19,13631.307581
-102.240653,15,13633.862581
-85.529619,19,13635.631688
-92.000517,23,13638.046249
-101.271939,20,13639.791814
-78.599624,19,13641.567077
-86.42876,18,13644.039876
-68.7733,26,13646.684823
-102.786814,18,13648.766859
-84.818404,17,13650.404214
-96.475489,17,13652.662698
-75.75344,19,13654.380967
-102.454309,15,13655.869871
-72.711905,16,13657.400228
-60.267303,22,13659.601716
-36.201468,22,13661.689085
-69.631818,23,13663.994631
-84.801009,21,13665.873664
-95.913598,18,13667.543272
-75.107285,22,13669.555085
-32.749064,20,13671.415038
-82.435547,22,13673.335457
-86.380909,19,13675.187664
-80.757629,20,13677.236807
-66.778094,23,13679.265028
-101.475635,20,13681.086568
-64.963151,25,13683.557845
-80.862955,20,13685.662047
-85.671457,20,13687.451252
-39.431608,21,13689.380789
-86.114872,19,13691.108137
-74.571239,22,13693.007759
-67.466342,23,13695.05066
-74.834071,17,13696.64101
-27.941486,25,13698.984641
-74.233731,21,13700.851952
-64.8383,22,13702.785975
-78.458359,19,13704.53369
-42.132272,25,13706.974175
-80.196698,20,13708.754062
-75.442123,21,13710.665411
-61.834134,26,13712.886528
-81.274037,18,13714.553314
-72.603932,23,13716.643276
-71.963756,22,13718.770132
-93.848138,15,13720.796672
-92.025456,16,13722.723823
-86.411956,20,13724.487635
-63.742924,22,13726.447627
-94.286348,20,13728.213412
-67.799103,20,13730.023413
-110.778912,15,13731.402335
-81.845079,18,13733.05286
-82.572904,20,13734.918462
-81.577883,20,13736.877233
-83.476068,18,13738.776244
-89.803969,15,13740.496577
-87.592479,19,13742.896823
-77.060826,21,13744.74384
-89.011821,18,13746.541028
-103.981341,19,13748.285458
-91.042514,16,13749.9369
-96.060842,16,13751.453043
-64.910043,20,13753.271182
-52.076568,27,13755.670735
-73.669481,21,13757.623917
-74.135764,22,13759.618582
-100.518949,15,13761.042576
-69.248453,22,13763.128675
-76.281461,23,13765.175797
-86.1945,21,13767.394587
-71.973255,21,13769.6022
-85.103003,18,13771.243687
-88.022122,18,13772.975274
-87.932023,17,13774.573129
-87.620724,19,13776.840903
-84.705075,22,13778.787521
-89.930681,20,13780.721886
-102.557222,17,13782.310803
-80.499586,21,13784.358924
-77.127969,23,13786.4211
-91.689976,17,13788.286954
-65.153356,25,13790.403462
-74.307567,20,13792.261674
-74.610859,22,13794.296298
-83.909155,19,13796.170311
-96.723419,18,13797.986927
-80.488561,24,13800.027435
-82.343298,21,13801.833549
-88.263958,20,13803.613944
-79.632693,21,13805.508595
-82.121363,20,13807.271245
-102.834711,17,13808.824429
-80.135105,22,13810.697625
-85.494813,17,13812.291139
-95.125404,16,13813.761809
-67.979075,26,13815.983324
-74.656628,19,13817.706466
-71.448177,19,13819.507561
-79.093287,23,13821.446721
-78.470831,21,13823.539687
-89.056837,18,13826.290851
-107.850458,16,13828.286816
-79.144025,20,13830.080213
-94.627473,18,13831.808038
-107.365711,13,13833.146407
-85.841162,22,13835.56662
-88.196834,18,13837.610395
-64.637621,21,13839.446582
-80.43739,20,13841.289217
-84.234371,22,13843.287937
-94.953178,19,13845.792914
-60.858113,24,13848.059107
-108.965504,17,13850.776198
-85.472224,18,13853.584223
-88.161238,19,13855.470016
-102.79703,9,13856.504703
-76.515969,17,13858.235406
-87.056033,18,13859.951639
-98.088075,14,13861.614477
-91.457436,18,13863.19401
-85.515062,24,13865.295521
-69.223279,22,13867.484552
-61.673645,22,13869.522575
-94.208257,18,13871.194169
-84.418721,21,13873.118637
-81.521897,19,13874.881354
-101.153697,19,13876.933211
-78.153002,23,13878.941794
-86.500952,19,13880.70169
-21.714288,25,13882.941921
-94.608516,19,13884.730776
-95.276149,15,13886.577164
-104.291175,13,13887.798133
-58.652234,23,13889.808384
-65.001976,26,13892.107219
-68.721399,20,13893.881125
-52.219154,25,13896.110561
-65.458109,22,13898.098831
-63.693418,21,13900.027741
-88.2521,18,13902.269889
-84.582235,21,13904.345725
-78.709539,19,13907.035763
-76.19831,24,13909.196145
-74.27615,22,13911.131224
-83.208446,20,13913.286793
-119.845613,9,13914.21119
-71.318176,22,13916.404824
-94.806491,19,13918.159499
-75.991265,22,13920.055923
-79.646783,21,13921.976097
-67.842267,23,13923.92966
-93.148327,16,13925.451441
-75.961141,21,13927.385071
-109.90268,13,13928.730395
-102.301176,14,13930.168029
-79.045502,19,13931.873973
-81.423958,22,13933.773061
-86.719109,19,13935.608707
-89.213612,16,13937.089972
-78.489245,19,13938.877685
-104.385062,17,13940.462615
-75.746632,22,13942.389119
-74.256046,22,13944.330306
-83.925528,21,13946.712573
-82.257442,20,13948.849499
-90.137645,20,13950.654985
-63.118674,26,13952.829729
-87.140531,20,13954.552317
-69.989449,21,13956.518066
-86.106164,20,13958.494396
-89.368387,19,13960.551501
-71.634801,21,13962.465364
-69.767329,24,13964.52332
-85.259161,20,13966.335317
-65.828546,23,13968.379902
-79.417002,19,13970.145389
-87.998159,21,13972.17899
-125.361814,10,13973.188038
-87.753126,19,13975.071094
-57.915965,26,13977.504348
-87.618932,19,13979.20679
-81.924459,23,13981.230249
-92.556421,19,13983.01498
-93.437921,15,13984.624042
-94.140497,17,13986.318762
-77.308413,21,13988.312483
-73.731825,24,13990.410309
-86.322437,20,13992.256882
-65.631309,24,13994.368029
-57.781529,24,13996.419854
-75.477269,17,13998.013754
-81.873643,21,14000.014127
-83.603318,19,14002.133433
-80.071452,26,14004.403778
-67.500057,24,14006.829738
-35.161676,25,14009.090437
-112.207865,10,14010.096524
-81.253281,20,14012.100214
-72.172453,21,14014.079599
-94.009009,16,14015.651405
-99.797328,12,14016.928982
-95.262779,17,14018.697735
-50.357925,19,14020.436681
-83.449444,22,14022.384798
-109.66024,17,14023.90891
-68.752835,24,14026.051209
-81.652955,18,14028.180448
-87.985607,20,14030.006301
-87.115314,17,14031.517897
-91.746613,16,14033.083911
-93.867571,15,14034.535261
-93.630405,16,14036.654195
-72.057938,26,14038.91275
-86.178567,21,14040.793373
-77.130809,20,14042.603584
-72.223624,20,14044.432077
-65.988684,24,14046.532177
-95.29901,16,14048.050293
-88.010668,17,14049.673603
-74.885909,21,14051.575186
-71.049933,23,14053.674534
-74.614427,19,14055.504222
-86.318814,18,14057.271317
-87.341815,18,14058.961105
-93.252011,20,14060.736574
-81.59085,20,14062.527499
-79.17878,20,14064.477916
-82.94833,19,14066.436384
-97.439576,13,14068.94937
-68.880725,26,14071.092438
-116.389345,15,14072.515691
-94.889857,19,14074.209981
-72.078798,26,14076.428151
-100.638645,14,14077.962947
-75.788867,18,14079.597385
-79.899211,21,14082.105327
-79.033805,21,14083.999877
-78.592582,20,14085.87396
-85.755716,18,14088.098879
-83.809618,20,14089.830696
-81.343739,21,14091.788535
-31.382963,25,14094.055684
-14.961185,27,14096.530602
-62.482307,24,14098.717167
-90.752477,18,14100.463416
-85.908853,19,14102.1852
-97.432842,21,14104.002242
-53.809685,27,14106.268615
-86.70609,18,14107.895814
-97.551216,16,14109.411788
-84.463966,20,14111.185798
-100.01375,17,14113.201115
-71.82749,26,14115.509186
-99.329592,14,14117.4783
-87.565245,17,14120.010342
-97.50957,13,14121.273882
-81.435244,21,14123.255971
-98.429437,21,14125.40147
-86.74446,19,14127.310168
-86.579135,21,14129.195223
-79.87249,19,14131.02954
-76.295064,22,14133.166281
-73.944793,20,14135.099274
-62.404986,25,14137.274071
-88.877017,19,14138.983763
-56.577185,27,14141.33113
-87.023845,22,14143.227623
-97.653038,14,14145.34517
-68.64103,24,14147.552284
-84.043332,20,14149.526106
-89.484277,16,14151.097933
-67.759876,23,14153.549524
-82.521763,20,14155.498525
-81.269759,22,14157.887896
-71.306851,22,14159.818159
-69.983242,24,14162.013101
-99.247737,14,14163.38782
-80.013861,19,14165.354516
-87.91676,13,14166.667637
-72.241662,18,14168.336545
-73.617057,24,14170.436835
-91.477083,18,14172.230669
-77.697191,20,14174.121734
-89.694253,17,14175.723217
-102.25862,20,14177.421939
-77.867944,24,14179.599265
-78.447454,19,14181.299187
-67.714752,23,14183.308236
-78.825072,24,14185.432012
-92.243496,17,14187.758057
-71.961682,25,14189.859891
-109.856907,18,14191.51221
-74.771273,22,14193.451716
-105.572977,14,14194.81426
-84.759546,18,14196.456654
-99.039061,13,14198.182174
-94.954121,17,14199.903211
-33.002275,25,14202.545089
-80.11699,20,14204.359828
-88.42566,18,14206.030195
-65.899044,27,14208.428081
-88.179969,17,14210.39318
-107.533248,14,14212.363569
-72.118752,23,14214.413311
-97.035822,18,14216.214173
-70.257195,21,14218.259719
-26.558186,24,14220.442528
-95.735901,17,14222.317755
-86.167232,20,14224.099246
-79.589202,16,14225.63635
-83.610337,18,14227.338724
-71.440836,23,14229.316993
-97.669306,20,14231.404976
-77.40753,21,14233.300719
-72.209754,22,14235.579178
-79.82595,20,14237.372498
-76.163174,20,14239.201213
-27.850704,23,14241.339052
-95.709354,17,14242.867651
-72.309331,22,14244.862796
-59.765554,23,14247.3464
-93.54685,19,14249.018438
-83.14899,22,14251.066497
-75.572454,22,14253.022411
-85.551696,23,14255.037231
-64.075432,26,14257.262625
-82.868981,20,14259.094069
-83.175308,24,14261.213201
-88.037129,19,14262.982929
-76.779568,20,14264.900744
-95.278707,22,14266.854798
-74.604463,19,14268.586314
-84.295018,19,14270.276838
-70.672984,24,14272.375939
-79.864183,23,14274.410161
-95.155871,17,14277.467272
-80.094922,20,14279.261591
-75.91945,24,14281.409962
-94.967049,16,14283.120408
-87.428221,21,14284.947011
-84.574796,18,14286.592968
-86.983572,19,14288.414255
-86.0016,19,14290.237961
-94.175448,21,14292.154655
-92.46744,20,14294.183071
-95.786383,20,14295.994384
-76.822795,21,14297.846474
-64.679696,25,14299.98252
-86.40893,19,14301.726993
-89.090016,19,14303.429352
-88.332487,19,14305.166402
-71.971237,23,14307.430565
-87.260385,19,14309.171298
-80.362209,20,14311.077142
-88.015927,18,14312.741668
-81.437874,18,14314.375451
-82.019039,20,14316.205024
-65.313802,27,14318.818055
-84.252479,18,14320.589143
-68.904293,26,14322.833747
-86.365505,20,14324.907062
-77.915117,22,14326.933839
-56.656803,25,14329.032705
-75.814214,23,14331.057638
-78.551568,21,14332.980339
-99.002626,15,14334.876001
-77.856074,22,14337.242265
-97.255079,17,14338.764089
-86.925942,19,14340.399232
-79.480895,20,14342.321021
-104.32582,14,14343.6379
-101.842752,13,14344.975962
-91.414256,24,14347.026554
-78.688782,17,14348.611654
-82.573572,21,14350.660413
-92.651367,13,14351.944298
-82.436539,20,14353.709926
-71.529988,22,14355.701332
-98.926472,15,14357.675428
-87.144317,19,14359.364355
-87.739694,19,14361.49323
-68.869569,23,14363.482698
-45.281147,27,14366.41086
-81.442391,19,14368.239735
-77.133056,21,14370.206582
-84.077138,18,14372.163235
-69.708181,20,14374.079521
-73.931008,23,14376.166513
-75.586202,21,14378.200668
-86.95027,16,14379.783379
-92.879055,19,14381.532262
-32.620968,21,14383.85128
-73.66269,20,14385.700254
-78.237558,20,14387.498917
-58.86496,28,14389.816556
-85.438257,17,14391.393949
-67.780127,26,14393.645656
-93.411313,16,14395.153605
-71.870278,28,14397.676063
-88.713122,17,14399.364264
-83.205014,17,14400.974924
-92.582703,19,14402.713956
-93.094409,20,14404.47213
-67.281514,24,14406.509103
-32.978536,18,14408.290395
-77.990683,18,14410.0605
-39.149006,24,14412.254062
-67.880504,25,14414.378932
-71.575579,20,14416.174547
-95.436339,18,14417.791204
-70.643783,23,14419.823006
-98.150619,17,14421.410835
-85.750162,19,14423.133971
-65.083377,22,14425.142734
-77.345772,19,14427.196427
-92.899178,19,14428.851919
-93.009221,17,14430.399688
-82.657316,21,14432.336771
-71.024495,21,14434.437751
-76.63048,24,14436.511314
-82.69897,19,14438.26094
-71.586793,23,14440.258226
-96.119163,19,14441.993108
-76.868099,21,14443.892653
-79.315042,17,14445.442341
-80.449511,23,14447.57377
-60.766019,25,14449.875984
-61.719259,24,14452.099809
-88.393648,23,14454.109758
-78.244066,18,14455.930887
-95.205734,16,14457.647856
-74.626651,20,14459.692043
-16.828064,26,14462.145331
-90.366016,22,14464.105067
-82.389218,19,14465.943466
-64.26744,25,14468.119571
-95.745968,14,14469.451313
-84.951944,21,14471.264408
-86.002809,18,14472.917149
-84.078811,18,14474.583637
-99.691382,22,14476.50459
-32.297187,24,14478.703016
-81.2655,21,14480.615754
-68.418152,23,14482.657421
-40.08506,19,14484.49591
-82.63803,18,14486.682984
-30.560745,25,14489.019355
-63.033002,26,14491.195825
-77.785831,21,14493.867522
-96.786026,18,14496.080668
-76.766664,24,14498.123884
-96.752192,20,14499.864866
-77.298197,22,14501.923669
-85.898571,20,14503.801099
-34.854236,23,14505.945589
-77.074244,21,14507.866899
-85.994787,20,14509.636891
-81.822317,21,14511.517176
-86.078181,22,14513.585456
-73.549116,22,14515.589663
-87.196489,17,14517.240159
-92.372717,14,14518.913974
-82.55032,18,14520.608481
-75.998153,23,14522.600899
-33.145283,27,14524.880213
-95.867391,18,14526.786197
-87.566892,20,14528.578762
-33.811637,23,14530.699035
-89.827149,16,14532.243753
-42.945342,25,14534.633394
-78.333362,21,14536.52492
-87.731826,19,14538.213947
-92.141591,20,14539.996234
-88.542772,20,14542.040858
-91.263295,19,14543.845028
-72.491155,21,14545.860994
-79.286368,19,14547.698886
-91.813994,20,14549.705029
-90.965963,19,14551.354738
-84.901356,23,14553.407923
-89.825219,18,14555.772897
-77.251318,20,14557.640626
-78.839798,19,14559.761316
-82.594546,21,14561.615179
-78.522041,19,14563.360636
-70.044828,21,14565.372048
-104.10428,17,14566.917449
-77.61119,22,14568.782444
-79.778658,19,14570.55142
-73.854935,23,14572.532597
-89.995615,17,14574.10327
-84.735939,21,14576.653728
-76.102334,24,14578.920119
-83.216257,19,14580.656189
-86.278998,17,14582.804798
-86.918885,19,14585.715823
-87.75737,19,14587.410965
-85.448528,23,14589.399327
-80.95814,20,14591.204323
-72.9657,22,14593.134798
-84.67721,24,14595.196763
-71.273055,23,14597.266019
-77.680244,19,14598.955245
-77.382507,23,14601.010068
-97.9234,18,14603.114283
-84.599765,20,14605.057654
-95.639088,22,14608.159201
-71.251241,23,14610.219902
-83.055253,20,14611.954584
-81.71521,21,14613.930789
-83.804776,19,14615.699555
-109.986397,12,14616.934064
-79.110366,21,14618.810209
-85.081911,17,14620.521261
-80.869134,20,14622.395029
-68.24876,25,14624.715709
-77.198812,20,14626.569644
-71.80445,21,14628.515495
-77.810287,21,14630.508417
-86.154046,19,14632.282703
-30.568052,22,14634.247102
-87.669513,18,14635.996927
-100.219545,18,14637.756557
-72.648193,23,14639.812665
-70.777777,22,14641.761042
-69.521106,20,14643.566814
-79.43831,19,14645.306357
-72.749515,22,14647.251013
-94.499836,18,14648.916551
-86.164818,17,14650.692315
-79.008059,20,14652.500728
-57.740325,26,14654.687178
-77.091677,21,14656.766004
-69.212978,23,14658.795678
-80.360906,19,14660.964875
-82.730515,22,14662.803742
-53.926984,21,14665.450197
-81.916413,21,14667.698372
-98.899716,15,14670.393632
-71.249109,21,14672.265905
-91.483147,22,14674.568516
-95.365543,17,14676.17778
-88.841107,17,14677.70447
-80.399824,19,14679.420186
-90.494478,24,14681.523239
-101.159009,15,14682.956481
-71.214421,21,14684.856451
-84.180318,20,14686.638824
-85.895296,20,14688.581115
-89.876755,18,14690.599069
-32.872284,22,14692.664736
-87.764714,17,14694.2134
-80.931629,18,14696.207863
-103.629277,11,14698.251609
-69.372478,20,14700.057846
-77.413962,22,14702.055047
-103.672693,13,14703.338287
-39.21744,21,14705.231919
-43.462138,23,14707.302918
-82.609844,18,14709.443636
-68.54103,22,14711.444327
-85.196312,21,14713.364951
-77.152677,19,14715.112023
-92.330633,20,14716.873347
-63.460749,23,14718.95128
-75.410138,20,14720.840193
-72.766259,21,14722.647932
-85.330245,17,14725.048589
-75.689387,22,14727.381202
-74.838052,23,14729.460982
-102.263041,16,14730.926654
-66.750301,21,14732.820397
-78.076497,21,14734.667654
-85.043127,20,14736.521408
-79.424667,20,14738.373574
-71.159321,23,14740.407484
-79.871033,15,14741.969085
-85.300163,19,14743.862353
-15.949477,27,14746.478067
-80.405553,23,14748.561283
-88.46904,23,14750.995267
-104.642334,17,14753.550503
-83.998532,18,14755.264308
-83.268791,20,14757.229072
-94.717934,19,14759.05627
-80.832356,20,14760.925019
-79.638789,21,14762.882981
-72.588188,19,14764.611733
-83.083469,21,14767.491666
-73.792067,26,14769.80686
-67.563268,24,14771.866779
-76.625758,20,14773.670783
-84.720797,22,14775.756341
-57.387444,23,14777.891758
-77.429322,19,14779.574904
-67.790608,21,14781.404809
-83.589389,22,14783.407182
-79.003973,22,14785.446456
-80.180851,19,14787.504203
-92.29917,16,14789.029981
-86.192106,18,14790.747945
-67.315956,24,14792.944957
-79.447029,19,14794.696959
-78.518897,20,14796.476004
-67.616247,24,14798.535453
-63.854958,23,14800.637334
-68.75867,19,14802.390662
-104.776471,14,14804.007539
-103.058601,17,14805.552967
-87.89802,19,14807.347778
-86.393526,18,14809.186038
-74.563186,22,14811.107833
-89.148526,20,14812.991514
-16.827778,27,14815.474595
-87.532242,18,14817.303567
-84.240024,19,14819.284992
-82.548428,19,14821.130321
-85.625206,19,14822.841613
-84.327612,17,14824.405561
-80.383867,18,14826.090119
-72.80772,20,14827.850285
-83.908785,19,14829.5848
-76.307112,23,14831.574375
-77.045866,18,14833.293904
-92.15319,16,14835.698066
-87.44243,22,14837.915135
-92.459165,16,14839.45145
-81.077387,20,14841.918124
-75.14984,22,14843.870305
-82.39926,17,14845.498457
-90.942151,16,14847.586552
-32.360264,24,14850.292629
-76.650705,22,14852.549453
-83.723528,24,14855.342248
-20.601949,29,14857.7839
-80.480086,19,14859.534825
-81.053749,24,14861.615575
-77.476295,22,14863.786858
-95.894823,19,14865.456736
-92.324409,16,14866.956305
-83.95907,14,14868.300007
-100.166222,19,14870.082546
-110.945719,12,14871.177602
-80.79039,23,14873.219183
-93.916963,19,14875.029771
-76.909426,20,14876.987196
-86.798536,19,14878.679815
-71.639103,23,14880.986229
-71.928862,17,14882.597127
-74.543234,21,14884.503306
-109.049247,14,14885.783943
-89.325681,20,14887.557633
-68.294836,23,14889.534394
-89.946283,18,14891.230996
-105.334752,12,14893.368707
-87.017101,20,14895.260623
-79.554913,20,14897.196453
-85.130839,20,14899.08345
-66.816819,23,14901.13102
-65.674993,21,14903.074006
-79.548557,22,14905.070645
-57.388857,23,14907.542964
-18.913727,25,14909.774036
-28.109754,25,14912.000413
-67.775248,23,14914.095264
-74.880733,21,14916.095522
-83.549911,19,14918.15578
-71.857279,24,14920.278094
-77.402135,21,14922.270097
-65.525429,24,14924.594646
-98.062008,14,14925.963609
-54.406074,25,14928.21824
-65.901911,21,14930.105988
-76.11371,22,14932.016446
-82.262453,21,14933.99019
-62.138112,27,14936.551765
-78.365599,20,14938.485533
-60.578217,23,14940.498541
-81.098812,22,14942.435022
-95.127852,15,14943.879819
-78.467164,23,14945.990816
-86.836851,17,14947.639551
-73.302581,26,14949.83707
-64.664964,21,14951.747972
-87.553219,14,14953.129388
-91.624762,20,14955.265885
-77.584211,20,14957.141423
-64.425254,26,14959.316789
-86.323071,19,14960.991097
-78.744461,22,14963.258119
-96.177886,18,14964.965245
-27.599984,23,14967.814639
-62.785445,25,14969.920805
-72.683106,20,14971.777102
-29.664023,26,14974.166092
-58.008428,25,14976.345177
-79.747656,22,14978.257228
-62.079889,23,14980.31126
-97.13204,17,14982.14095
-84.235818,18,14983.807447
-91.953991,18,14985.447381
-64.705067,23,14987.494938
-69.460452,23,14989.696681
-81.771851,23,14991.970407
-81.470622,21,14993.782058
-101.681469,21,14995.740723
-80.377632,22,14998.056175
-75.307728,21,14999.907472
-83.127241,18,15001.556031
-64.912206,25,15003.800177
-79.14755,18,15005.476858
-72.228189,21,15007.340298
-68.028372,25,15009.449499
-82.944639,21,15011.408047
-60.638861,26,15013.654544
-102.591108,16,15015.156644
-81.153356,19,15016.842865
-92.844685,22,15018.80728
-70.429131,22,15020.740802
-80.288817,17,15022.275601
-75.986171,22,15024.403039
-93.038459,16,15026.490674
-82.125807,20,15028.254574
-108.211935,15,15029.740681
-104.360269,14,15031.069155
-77.687234,22,15033.397565
-41.352525,22,15035.414739
-87.680719,19,15037.115398
-76.352512,17,15038.692717
-88.562302,18,15040.461407
-75.046296,20,15042.34121
-96.464449,17,15043.898491
-46.129721,21,15045.811222
-56.610616,26,15048.268786
-28.936693,26,15050.667322
-89.188674,18,15052.305663
-85.69547,16,15053.844417
-66.870924,22,15055.977
-76.854377,20,15057.892643
-99.048177,16,15059.380102
-92.727832,16,15060.94058
-106.517652,13,15063.292392
-36.303719,26,15065.625231
-75.261982,18,15067.39414
-88.688814,16,15068.931313
-85.794191,19,15070.762285
-83.478478,20,15072.749117
-79.613954,19,15074.478225
-71.620524,23,15076.582102
-99.663295,16,15078.153007
-97.342868,21,15079.970456
-40.283353,23,15082.237882
-88.403827,17,15083.777615
-85.650744,21,15085.894644
-73.411059,26,15088.295461
-88.076251,21,15090.208156
-24.212111,25,15092.653023
-89.065096,15,15094.483725
-73.403356,22,15096.431905
-88.092332,22,15098.347563
-105.179194,14,15099.633036
-58.925063,26,15101.964585
-78.974043,19,15103.75028
-63.360616,24,15105.922985
-93.627853,17,15107.542159
-76.939051,22,15109.530967
-75.663931,16,15111.120555
-90.98689,14,15113.130614
-62.894843,24,15115.223156
-71.560727,25,15117.658957
-96.642661,17,15119.728523
-112.562796,16,15122.168311
-81.820184,21,15124.032942
-66.238931,22,15126.065493
-77.219336,21,15128.000281
-88.336427,23,15129.995647
-79.290541,17,15131.591008
-84.882517,20,15133.366857
-87.940689,18,15135.354541
-64.397975,25,15137.752733
-103.867579,14,15139.13268
-82.6373,17,15140.782219
-89.387399,25,15142.921756
-95.556016,15,15144.356833
-97.483566,16,15146.327456
-76.432071,16,15147.922365
-67.29469,21,15149.806597
-68.644841,25,15151.914228
-54.721082,22,15153.928283
-80.838553,20,15155.716533
-86.232404,21,15157.702947
-77.876293,25,15159.805506
-99.827655,12,15161.088595
-80.541277,19,15162.839677
-77.398067,21,15164.689856
-77.008105,24,15166.817469
-69.384652,22,15168.734189
-77.04001,20,15170.776093
-102.433926,13,15172.013692
-67.199843,19,15173.74509
-72.227009,18,15175.442353
-103.538586,13,15177.097802
-67.714712,24,15179.208156
-88.191742,19,15180.88179
-78.103965,19,15182.573823
-80.908881,23,15184.599532
-76.105327,21,15186.434175
-113.150427,12,15187.674151
-75.078492,15,15189.084339
-113.65138,14,15190.38264
-77.418485,19,15192.169599
-85.779488,24,15194.254104
-69.863171,21,15196.171139
-76.195381,18,15197.861557
-69.293699,22,15199.760172
-71.327332,24,15201.93068
-66.034143,23,15204.020447
-80.675076,20,15206.027421
-92.520633,17,15207.611896
-81.288079,17,15209.177617
-30.157863,24,15211.359937
-69.521567,22,15213.562217
-87.72413,22,15215.428489
-60.283805,26,15217.739894
-93.068286,18,15219.394927
-78.617864,17,15221.295287
-83.498655,20,15223.084068
-84.881159,20,15225.035577
-71.839456,21,15226.918057
-94.274198,14,15228.307162
-53.457304,20,15230.521813
-70.725296,21,15232.468848
-83.283705,15,15233.935063
-75.388668,23,15236.045009
-77.584614,20,15238.062367
-83.589724,19,15239.865967
-74.14779,22,15241.79398
-51.682542,17,15243.5253
-41.003627,21,15245.467421
-78.167513,21,15247.377161
-67.441133,23,15249.328039
-103.011883,16,15250.788957
-92.437292,16,15252.325497
-96.43807,16,15253.870271
-91.593828,18,15255.465933
-85.717551,20,15257.296359
-78.359811,18,15259.016757
-75.716043,18,15260.681808
-96.194704,16,15262.25257
-74.76887,23,15264.364316
-96.521342,19,15267.383208
-73.979393,21,15269.327487
-46.379194,19,15271.145831
-101.702482,15,15272.591559
-76.050583,19,15274.308729
-54.255276,27,15276.657031
-83.120162,17,15278.29949
-77.75877,20,15280.471039
-88.17483,17,15282.112928
-88.531476,20,15283.936972
-89.926227,21,15286.01825
-78.357109,14,15287.512747
-76.620485,17,15289.133515
-93.95131,15,15290.76588
-79.338105,20,15292.569584
-76.926208,22,15294.583277
-73.184788,24,15296.785781
-86.081742,19,15298.535971
-75.989967,20,15300.407181
-84.75783,17,15302.03384
28.275944,20,15303.933339
-63.878144,25,15306.122248
-80.456478,22,15308.300765
-82.385631,20,15310.225479
-79.993092,21,15312.21875
-84.215396,17,15314.030951
-83.962388,18,15315.611022
-81.165113,21,15317.494084
-79.807397,20,15319.260487
-71.93786,21,15321.205234
-81.30857,19,15322.904754
-71.603581,23,15324.964347
-77.581335,20,15327.005018
-79.021054,19,15328.707591
-68.449367,24,15330.867841
-107.909801,13,15332.516935
-77.280608,20,15334.315928
-71.399638,19,15336.042517
-65.894958,22,15338.385619
-79.201537,24,15340.482328
-83.151112,19,15342.308159
-74.454341,20,15344.100625
-77.635962,21,15345.942856
-77.714118,21,15348.135105
-76.793025,21,15350.127221
-73.203831,24,15352.215401
-65.258434,24,15354.36366
-84.916403,18,15356.685703
-88.258053,20,15358.546953
-80.943836,20,15360.39347
-81.949748,21,15362.201794
-84.588411,19,15363.9507
-68.34091,19,15365.682293
-89.033137,16,15367.191274
-96.802461,15,15368.753015
-88.770828,19,15370.530841
-82.231892,21,15372.418724
-76.580657,20,15374.494714
-77.103968,21,15376.347111
-89.753113,17,15377.942285
-70.634406,25,15380.076795
-72.998431,20,15381.969971
-60.365989,20,15383.784985
-34.966831,23,15386.289226
-61.633889,22,15388.300705
-91.195725,17,15389.916082
-90.217783,16,15391.597905
-81.644786,18,15393.233907
-71.234652,24,15395.301786
-73.372358,23,15397.282178
-87.773778,18,15399.790222
-94.291209,20,15401.735695
-66.657944,20,15403.552722
-83.901893,19,15405.259398
-107.050392,13,15406.570771
-68.635794,24,15408.817795
-83.919774,19,15410.641401
-100.097879,15,15412.021034
-74.604341,24,15414.390689
-100.369106,13,15416.575882
-83.289914,20,15418.406063
-88.546554,18,15420.553365
-94.564638,15,15422.65388
-83.063939,20,15424.52957
-77.543909,26,15426.657725
-73.224275,22,15428.59375
-123.675619,12,15430.434238
-64.242335,25,15432.565675
-62.773561,20,15434.522873
-83.702585,18,15436.18108
-69.11676,21,15438.067225
-74.949574,25,15440.152032
-69.695001,22,15442.14288
-70.865085,19,15443.843332
-84.210134,19,15445.727478
-67.446457,21,15447.803405
-36.581317,19,15449.651337
-86.779875,20,15451.547106
-85.893511,18,15453.280026
-90.706474,21,15455.161486
-69.934682,25,15457.324934
-66.319326,22,15459.27213
-77.794118,20,15461.12091
-77.165702,24,15463.215033
-90.616551,23,15465.244251
-92.967344,17,15466.878347
-77.760579,20,15468.763341
-64.161687,25,15470.917459
-78.924878,19,15472.622674
-39.027815,24,15474.857503
-65.7124,19,15476.764412
-79.714353,19,15478.738166
-71.425018,23,15480.725977
-69.034949,22,15482.812685
-82.53611,19,15484.532441
-73.145919,25,15486.72488
-80.862465,23,15488.688185
-84.02298,21,15490.496297
-96.561748,14,15492.74908
-77.2576,19,15494.485908
-94.939275,18,15496.105006
-84.333044,18,15497.702342
-87.279039,22,15499.576698
-86.664197,21,15501.451551
-84.873035,12,15502.691121
-78.223865,21,15504.670722
-84.157281,21,15506.994989
-85.901165,18,15508.63606
-87.799168,18,15510.3783
-81.045104,23,15512.409857
-31.610609,24,15514.545249
-68.751061,23,15516.934568
-81.82847,20,15518.674692
-66.334027,26,15521.046873
-114.004407,15,15522.946049
-89.653642,20,15524.750168
-67.417696,23,15526.788558
-63.661607,26,15528.999832
-59.798669,26,15531.191998
-87.658354,19,15533.004977
-24.731508,24,15535.397406
-81.491921,16,15537.017568
-93.096827,21,15538.990825
-77.719484,21,15541.421569
-67.793231,24,15543.561898
-90.292189,19,15545.241639
-73.066456,23,15547.302098
-65.78002,23,15549.329212
-87.557252,16,15550.994084
-66.56044,19,15552.79425
-75.946672,20,15554.575635
-70.883489,22,15556.5976
-74.221011,21,15558.790205
-64.432883,20,15560.600793
-25.810221,26,15562.811649
-71.047318,23,15564.931848
-70.325485,24,15567.162081
-25.714127,24,15569.275604
-78.275268,19,15570.988112
-100.618782,18,15572.752041
-83.598467,21,15574.932847
-79.683688,20,15576.745349
-76.018073,23,15578.712141
-87.897534,18,15580.741082
-79.058771,22,15582.71868
-76.537361,22,15584.682756
-63.137566,20,15586.557309
-71.660155,22,15588.496675
-103.379565,16,15589.903411
-70.706758,21,15591.846174
-91.73015,17,15593.391251
-79.156949,17,15595.458793
-79.336955,20,15597.461363
-74.676551,22,15599.410479
-84.952183,23,15601.403806
-88.481504,18,15603.241989
-76.064346,23,15605.270666
-83.801043,22,15607.240195
-89.780489,15,15608.666527
-72.622718,23,15610.701259
-86.168094,17,15612.265424
-21.25234,26,15614.749312
-86.791569,19,15616.704051
-80.872535,24,15618.768766
-85.408396,20,15620.501485
-81.977534,22,15622.372111
-76.081625,21,15624.287259
-78.037762,19,15626.898147
-89.757094,16,15628.565032
-79.044,16,15630.225026
-81.668876,19,15632.129914
-91.3948,11,15633.311781
-28.498102,23,15635.360956
-98.123617,19,15637.093392
-60.659488,23,15639.197484
-69.907677,24,15641.336422
-81.532112,19,15643.05611
-75.180353,21,15644.891478
-82.12563,23,15646.886368
-78.346688,17,15648.61489
-74.057933,21,15650.673002
-98.41603,15,15652.070774
-79.095304,20,15654.033848
-78.0294,19,15656.039231
-97.098662,21,15658.680843
-83.136493,23,15660.653929
-85.17226,17,15662.260423
-81.304515,21,15664.261451
-67.413373,22,15666.279425
-67.996639,24,15668.391344
-73.803473,18,15670.340399
-109.490738,11,15672.188646
-76.564424,21,15674.061112
-86.37418,19,15675.778935
-94.157643,15,15677.312421
-98.241626,20,15679.263644
-78.50891,21,15681.276177
-39.941921,23,15683.316408
-65.76533,24,15685.480263
-96.667113,16,15687.295311
-86.938547,19,15689.055461
-80.615999,18,15690.993235
-83.19835,19,15692.715694
-65.553106,23,15694.756514
-74.238341,23,15696.818666
-77.293933,20,15698.652986
-82.343236,21,15701.059512
-84.94097,19,15702.923286
-98.695359,19,15704.680111
-85.906511,19,15706.633693
-86.644649,16,15708.211432
-20.390409,26,15710.592077
-78.462618,20,15712.421708
-16.45879,25,15714.605229
-64.994817,24,15716.846921
-85.311366,16,15718.41983
-82.03197,17,15720.029815
-84.881409,25,15722.439839
-44.098611,19,15724.924606
-75.254927,21,15726.806739
-88.531909,14,15728.11669
-105.459466,19,15729.885618
-78.185636,18,15731.610703
-89.097841,17,15733.35746
-96.971465,21,15735.374476
-68.010997,24,15737.470782
-86.669427,22,15740.275233
-76.4817,21,15742.156606
-66.416528,23,15744.110655
-91.289003,17,15745.873086
-78.866911,19,15748.030758
-95.443267,14,15749.520169
-80.497177,20,15751.486029
-84.459649,22,15753.444944
-72.195716,24,15755.525949
-68.472619,25,15757.665772
-66.172052,24,15759.738204
-77.065297,20,15761.728095
-77.750714,20,15763.485805
-83.493038,21,15765.437675
-95.429806,17,15766.967157
-83.293363,18,15768.650101
-79.30635,19,15770.395087
-90.068561,18,15772.076975
-89.32239,18,15773.682293
-76.970527,24,15775.919833
-67.649114,25,15778.155015
-74.610401,18,15779.840935
-68.104494,24,15782.024003
-64.361683,26,15784.320222
-67.995105,22,15786.369413
-91.186178,18,15787.99263
-83.320784,20,15790.019926
-79.500675,23,15791.982629
-86.148548,22,15794.023319
-89.077088,17,15796.286185
-29.87033,23,15798.496718
-81.101907,22,15800.534152
-111.087864,15,15801.916065
-71.668385,21,15803.859833
-80.122925,19,15805.87588
-82.167763,19,15807.72254
-87.909176,17,15809.943311
-90.446039,18,15811.634747
-37.879957,23,15813.634181
-92.641957,17,15815.212399
14.407146,26,15817.514343
-110.852227,11,15818.670435
-80.227149,21,15820.519059
-77.411058,22,15822.446718
-76.209709,22,15824.516711
-83.282509,19,15826.343295
-83.688862,21,15828.149803
-74.40324,19,15829.874625
-82.463845,24,15831.888119
-77.142722,23,15833.912437
-89.342233,17,15835.511126
-70.298327,21,15837.55547
-72.401536,20,15839.361099
-80.227193,19,15841.192797
-64.115481,22,15843.221864
-75.923104,21,15845.059185
-90.115149,17,15847.109538
-75.97299,21,15848.963105
-30.892489,24,15851.502731
-88.186295,20,15853.322747
-82.589896,19,15855.024164
-86.170541,15,15856.458847
-88.514529,18,15858.036144
-94.645854,21,15859.99606
-86.058251,23,15861.942735
-82.445288,20,15864.070824
-75.3758,24,15866.62004
-85.286782,19,15868.630941
-72.167182,23,15870.60241
-90.216542,17,15872.214833
-72.887515,20,15873.973086
-90.803791,18,15875.56207
-78.57141,17,15877.209514
-86.927666,17,15878.857849
-79.690022,24,15881.120474
-64.074756,23,15883.171613
-76.095302,22,15885.183678
-83.348336,19,15887.122509
-62.441646,25,15889.223078
-96.818352,18,15890.828847
-59.932231,23,15892.863585
-71.190178,17,15894.449474
-76.419287,21,15896.480975
-70.270944,22,15898.513897
-100.808919,15,15899.901884
-70.511321,21,15901.903641
-88.685472,19,15903.683717
-77.696813,19,15905.382533
-91.367638,21,15907.554633
-70.622436,22,15909.597014
-62.157608,24,15911.736593
-86.567821,19,15913.496319
-87.587079,19,15915.22125
-90.751885,16,15916.791971
-88.099192,19,15918.655736
-69.928771,22,15920.594375
-73.910754,23,15922.577745
-19.511557,25,15924.84287
-82.334992,22,15927.095527
-51.468001,19,15929.196021
-85.512099,19,15931.081619
-87.633455,21,15933.09729
-70.708792,25,15935.213481
-85.899859,19,15936.950137
-91.687219,16,15938.404055
-79.433495,19,15940.113503
-74.423993,21,15942.125659
-94.829174,17,15943.744459
-86.382607,18,15945.36011
-78.809162,18,15947.116382
-76.388965,19,15948.949491
-65.66889,21,15950.968338
-86.706014,17,15952.562075
-99.454163,15,15954.571959
-84.713344,22,15956.681702
-78.246917,21,15959.197807
-36.949937,24,15961.426402
-75.1231,22,15963.478141
-12.520325,28,15965.877022
-101.490907,15,15967.435863
-30.409072,23,15969.498192
-101.747055,18,15971.221849
-57.548137,25,15973.399303
-70.809869,22,15975.347299
-14.134616,27,15977.696914
-82.840361,21,15979.558569
-63.346399,27,15981.799142
-96.139213,21,15983.864749
-78.113119,21,15986.117793
-87.658125,19,15988.537947
-71.056509,23,15990.592146
-90.27856,15,15992.094804
-60.442474,23,15994.128329
-92.877647,18,15996.061088
-89.300444,19,15997.788059
-91.639615,19,15999.925192
-108.812298,16,16001.521554
-86.408518,19,16004.271158
-102.53548,17,16006.322634
-73.116118,18,16008.12582
-77.921513,18,16010.147733
-88.516954,19,16012.227701
-78.152976,22,16014.147453
-79.889298,16,16015.739547
-75.876447,18,16017.591714
-42.3539,27,16019.975254
-97.263426,10,16021.01291
-69.827677,22,16023.243142
-79.987855,21,16025.14187
-68.289098,22,16027.13043
-94.841184,17,16028.722055
-72.272902,18,16030.378571
-89.792846,17,16032.193878
-76.250003,25,16034.400133
-88.637865,15,16036.205042
-78.547718,18,16037.846613
-63.748589,25,16039.963649
-79.951411,19,16041.757371
-69.844272,22,16043.799067
-59.586449,22,16046.126508
-86.531149,18,16047.819937
-81.611048,18,16049.469551
-83.392425,17,16051.055049
-71.468743,21,16053.022832
-38.825563,20,16055.121162
-87.257635,19,16056.851073
-94.375612,20,16058.656674
-89.971612,22,16060.553284
-63.227215,25,16062.75954
-88.127587,16,16064.410476
-84.222077,19,16066.153613
-82.739978,19,16068.250539
-82.113461,17,16069.77398
-80.972044,23,16071.78136
-71.471089,21,16073.765962
-86.069452,18,16075.997551
-64.338508,25,16078.268117
-80.760332,22,16080.273744
-83.262376,18,16082.117801
-15.306037,28,16084.54745
-74.561049,23,16086.577048
-98.06747,20,16088.503352
-86.906879,16,16090.004138
-69.353786,25,16092.183039
-112.895525,13,16093.381152
-76.548372,23,16095.404879
-93.568639,13,16096.62706
-77.529971,23,16098.593504
-67.537923,24,16100.717952
-69.390542,22,16102.76305
-88.999624,19,16104.523938
-97.005168,17,16106.387722
-64.320446,27,16108.65339
-83.757696,21,16110.533114
-77.541456,23,16112.617078
-86.91829,16,16114.216662
-73.543707,22,16116.259469
-79.620346,16,16118.022095
-66.558533,20,16119.974805
-71.297108,21,16121.94815
-69.100286,19,16123.754223
-88.074351,19,16125.800821
-86.725909,19,16127.456718
-85.568911,17,16129.058193
-80.774196,19,16130.824662
-95.872458,18,16132.508799
-86.872003,18,16134.154757
-77.017962,21,16136.184574
-89.201552,14,16137.959195
-99.360207,18,16139.653645
-75.68842,20,16141.416992
-67.861625,20,16143.446284
-71.073918,22,16145.378227
-32.740706,22,16147.458067
-78.770318,18,16149.180757
-79.766178,19,16150.97951
-110.27116,13,16152.205554
-104.038596,19,16154.000663
-62.995766,24,16156.11686
-79.313109,22,16158.022128
-86.555384,20,16159.830766
-83.81076,18,16161.551395
-74.894047,21,16163.502264
-87.49514,18,16165.2086
-96.665061,19,16167.216065
-66.419739,25,16169.554674
-93.688035,15,16171.008022
-109.761658,12,16172.503899
-42.370023,25,16174.723304
-91.435648,20,16176.803598
-90.333939,20,16178.560076
-80.731495,21,16180.35763
-93.623356,21,16182.279846
-83.827252,20,16184.096954
-39.358094,22,16186.138105
-81.087868,22,16188.191936
-86.770255,20,16189.950026
-70.2732,18,16191.987659
-97.36356,20,16193.685703
-86.730035,20,16195.62213
-91.00757,16,16197.450508
-59.256312,24,16199.605888
-85.771789,13,16200.85446
-82.822118,20,16202.615214
-104.24436,16,16204.140278
-86.832407,19,16205.869464
-86.38048,20,16207.726714
-78.922889,23,16209.71859
-104.441489,13,16211.210196
-92.756365,16,16212.80331
-63.147081,22,16214.735382
-78.518278,19,16216.509063
-76.007225,18,16218.204029
-67.010837,22,16220.192484
-11.315339,27,16222.509475
-85.630288,17,16224.117062
-107.359574,19,16226.025927
-88.02646,15,16227.646101
-85.968406,23,16229.656816
-88.772921,18,16231.404654
-84.49662,18,16233.14055
-84.579413,18,16234.808455
-72.441596,22,16236.862004
-85.913526,19,16238.610914
-108.263143,15,16240.514302
-90.016156,20,16242.337964
-76.717078,21,16244.25265
-85.222314,23,16246.298253
-73.712678,21,16248.32164
-78.514279,20,16250.293176
-96.467531,18,16252.032445
-73.28036,24,16254.146148
-72.731389,19,16255.995692
-84.709807,17,16257.822505
-74.590586,23,16259.848685
-34.623991,24,16262.158921
-81.337983,21,16264.104794
-90.434058,16,16265.621618
-64.932724,20,16267.455142
-102.234855,12,16268.70877
-85.842971,19,16270.452708
-84.011881,21,16272.817728
-93.704668,15,16275.401684
-79.576664,20,16277.373562
-75.216841,20,16279.168806
-28.427741,23,16281.321459
-82.554103,19,16282.990267
-99.392936,19,16284.866664
-92.032433,19,16287.249198
-66.835422,23,16289.305108
-82.316938,17,16290.879313
-84.410702,18,16292.527565
-83.791065,19,16294.291738
-97.412726,18,16295.939367
-94.684187,18,16297.692675
-73.886715,20,16299.531642
-61.280874,25,16301.705085
-84.626519,21,16303.56127
-78.794583,20,16305.320298
-78.077094,17,16306.921397
-85.755815,15,16308.333144
-84.993095,16,16310.48809
-63.20386,25,16312.669293
-74.407952,21,16314.59372
-76.783243,20,16316.506742
-71.942923,24,16318.72569
-78.155491,20,16320.540296
-89.023058,21,16322.457476
-84.593138,16,16323.988449
-99.605923,16,16325.799134
-71.8421,25,16327.924955
-65.06027,20,16329.739492
-86.739805,19,16331.472629
-73.090679,24,16333.848465
-84.767226,22,16335.746118
-22.412029,27,16338.092052
-82.636229,20,16339.854337
-98.865764,14,16341.190681
-76.249062,21,16343.083006
-81.731793,21,16345.172369
-70.834047,19,16347.461217
-80.571984,22,16349.493492
-58.186494,23,16351.595723
-87.134534,19,16353.291085
-79.670502,17,16354.883101
-69.568428,22,16356.846908
-70.981978,24,16358.933144
-102.815857,18,16360.509101
-67.5203,23,16362.571478
-72.123957,21,16364.454317
-89.804645,18,16366.111238
-71.003738,19,16367.874785
-79.865587,19,16369.581814
-82.141518,20,16371.40187
-83.754146,22,16373.426649
-44.517882,25,16375.672017
-89.807975,18,16377.526416
-69.298704,23,16379.607939
-75.510136,23,16381.557631
-87.138469,16,16383.031505
-114.415926,21,16384.8049
-81.112859,19,16386.517056
-97.380549,20,16388.338199
-86.455408,17,16389.991476
-75.496499,17,16391.604066
-42.043643,25,16393.748753
-77.650166,22,16396.001994
-70.279525,23,16398.000621
-65.845416,25,16400.102555
-78.887575,23,16402.123462
-84.439815,18,16404.542832
-71.936908,22,16406.882922
-62.512258,25,16409.43375
-78.384295,17,16411.003884
-68.920225,21,16412.901169
-93.061523,17,16414.445108
-59.519819,23,16416.528852
-89.048209,21,16418.400144
-26.042208,26,16420.723691
-86.720523,22,16422.691975
-73.064784,26,16424.864946
-36.573805,20,16426.781465
-76.313209,23,16428.857471
-85.438996,16,16430.421028
-88.957487,19,16432.172091
-72.318598,23,16434.167076
-76.005847,26,16436.600256
-64.038737,21,16438.56334
-76.849832,20,16440.35711
-65.579273,20,16442.199157
-65.529956,23,16444.24183
-86.896978,20,16446.021255
-73.391751,18,16447.681633
-87.249677,16,16449.335418
-66.808179,21,16451.286151
-55.357346,26,16453.546442
-75.558273,21,16455.395202
-90.480106,15,16457.186109
-85.792353,18,16458.80159
-87.138001,20,16460.867883
-71.940241,20,16462.664121
-93.640727,17,16464.449096
-77.019529,19,16466.565773
-63.855758,24,16468.669274
-80.413658,20,16470.688162
-95.817022,18,16472.363449
-80.628409,18,16474.069082
-61.552201,24,16476.16375
-65.686589,25,16478.263422
-28.945123,24,16480.906836
-96.906573,17,16482.563316
-82.857757,23,16484.509768
-84.739311,19,16486.242407
-90.784724,18,16488.610739
-70.603029,19,16490.423756
-63.282589,24,16492.602781
-83.312358,22,16494.705413
-78.231931,20,16496.742545
-82.069778,20,16498.600211
-73.940729,23,16500.705287
-16.309937,25,16502.943879
-76.120864,21,16504.808758
-79.902607,21,16506.689964
-95.767331,19,16508.625288
-89.267299,16,16510.22606
-80.452111,21,16512.285728
-66.487877,23,16514.301553
-67.050478,14,16515.79425
-81.481028,20,16517.627138
-78.107228,19,16519.441604
-88.484424,21,16521.287726
-31.936986,26,16523.526809
-68.34562,17,16525.188589
-79.031865,19,16527.537933
-87.476037,20,16529.441297
-101.443141,13,16530.952908
-90.624838,15,16532.36903
-43.883457,19,16534.230669
-93.294884,21,16536.055685
-92.231047,21,16537.862888
-61.828364,23,16539.928182
-86.626986,19,16541.709054
-77.524397,23,16543.69859
-91.720372,17,16545.993606
-92.470283,16,16547.901967
-71.99308,20,16549.835613
-16.938277,26,16552.175538
-78.409385,21,16554.064121
-78.366138,20,16555.975418
-31.479919,24,16558.351386
-87.545319,20,16560.133922
-76.061007,20,16561.964406
-68.610792,20,16563.779268
-68.034969,24,16565.914766
-67.994565,21,16567.784358
-81.607797,19,16569.453188
-82.701691,20,16571.670753
-74.657938,20,16574.352136
-80.30037,20,16577.058486
-73.95103,22,16579.469308
-91.715143,18,16581.323367
-84.196592,21,16583.485119
-76.20543,25,16586.739751
-91.119427,12,16588.269523
-95.170198,17,16590.603417
-91.526373,16,16592.383567
-80.941912,21,16594.358674
-67.739395,24,16596.614552
11.068237,28,16599.268169
-67.898061,21,16601.473646
-78.735975,19,16603.340328
-73.805893,15,16604.920622
-76.103815,20,16606.972517
-57.081206,27,16609.770121
-67.64685,25,16612.196026
-75.118015,23,16614.456747
-40.495082,21,16616.717011
-86.455446,17,16618.843748
-82.037224,21,16621.050906
-76.978157,20,16623.198918
-106.796116,13,16624.609972
-76.528188,20,16626.630697
-23.074997,27,16629.157628
-77.397831,17,16630.908457
-92.258902,19,16633.082145
-74.575468,21,16635.381502
-61.354325,26,16637.798333
-73.937022,21,16639.953496
-63.923682,24,16642.228682
-23.260811,26,16644.942761
-77.336932,19,16647.295856
-79.791229,22,16649.41461
-78.796287,20,16651.426195
-71.950166,23,16653.662448
-81.485038,22,16655.705528
-102.247703,17,16657.513651
-83.315224,20,16659.468729
-87.952317,20,16661.63823
-47.127063,19,16663.919298
-74.071979,16,16665.598597
-79.977811,20,16667.946343
-66.235693,23,16670.149704
-79.171428,20,16672.092002
-71.930403,21,16674.146242
-86.243378,18,16676.039133
-76.255024,20,16678.287932
-67.894494,23,16680.65344
-71.395362,23,16682.882555
-54.151394,21,16685.023156
-73.463595,22,16687.355734
-69.902156,20,16689.295644
-17.060523,27,16691.850152
-59.218148,23,16694.05463
-28.43498,26,16696.617455
-75.984892,20,16698.519203
-31.15565,23,16700.901662
-82.23512,18,16702.718418
-99.074249,13,16704.537399
-75.898681,20,16707.04582
-83.746228,17,16708.773886
-76.795796,21,16711.107035
-95.472811,14,16714.502476
-67.724224,24,16717.540098
-89.588146,19,16720.104517
-75.295684,20,16723.582214
-86.75439,18,16726.068203
-71.461424,22,16728.822379
-61.290909,21,16731.387749
-71.874327,19,16734.213655
-77.393691,21,16736.964458
-80.542185,20,16739.31291
-77.739477,21,16741.707236
-67.012372,17,16743.854776
-90.295939,18,16746.096601
-88.941867,17,16748.885855
-32.66776,22,16752.088863
-101.334859,12,16754.093639
-62.206047,23,16757.138533
-74.206553,19,16759.807166
-101.871395,18,16763.291712
-80.964754,17,16766.893486
-89.183703,20,16769.935682
-83.817711,19,16772.645783
-19.357009,27,16781.109886
-68.973957,25,16787.455323
-69.04352,22,16789.809271
-81.906107,23,16791.994897
-99.044488,15,16793.526335
-82.03744,20,16795.506371
-86.410775,18,16797.777996
-102.718096,15,16800.339617
-82.642634,23,16803.390725
-89.513748,18,16805.526242
-72.79994,21,16807.817699
-92.209426,18,16810.100875
-88.471966,17,16812.329377
-73.910122,18,16814.864985
-69.828959,21,16817.537857
-33.672412,25,16820.251011
-79.958744,21,16823.03738
-61.822239,21,16825.992169
-72.091251,19,16829.135357
-89.198261,16,16831.12537
-7.230184,27,16834.279673
-58.484847,26,16837.107199
-65.601966,24,16839.751063
-69.067033,24,16842.572063
-51.258208,23,16845.250335
-75.252466,22,16848.118247
-75.290691,22,16850.907193
-78.701802,23,16854.159349
-85.683218,22,16857.340952
-23.872522,26,16860.688822
-76.684288,19,16862.729037
-74.667063,21,16864.771893
-55.781465,23,16867.242797
-79.746072,21,16869.448761
-69.415347,22,16871.859224
-43.051497,20,16874.075599
-72.640126,20,16876.248022
-90.964696,22,16878.929458
-91.842313,21,16881.629045
-81.928632,21,16883.850489
-98.75221,15,16887.527161
-93.041182,19,16889.590136
-78.055965,21,16891.813878
-72.349124,17,16893.623255
-77.337349,23,16895.957532
-73.364116,22,16898.255507
-90.967417,20,16900.255646
-65.530502,23,16902.371049
-101.375146,15,16903.749696
-87.870715,18,16905.453693
-73.726225,23,16907.467362
-88.319926,16,16909.217829
-76.431845,21,16911.134658
-45.582336,18,16913.184311
-81.235127,20,16915.405216
-73.644447,19,16917.343719
-69.516643,23,16919.693148
-72.441737,24,16921.828363
-69.871128,24,16924.024902
-104.200295,13,16926.179465
-72.397142,19,16927.931307
-67.031556,23,16930.066744
-87.860732,18,16931.72768
-79.003743,19,16933.418168
-76.562144,21,16935.343802
-79.852694,20,16937.342281
-83.070992,20,16939.305614
-83.843608,21,16941.41794
-73.679214,24,16943.474436
-78.046365,19,16945.240312
-89.399808,19,16947.335259
-72.040346,21,16949.286274
-68.255043,23,16951.2477
-57.41855,24,16953.531283
-29.041248,24,16955.694237
-66.692558,18,16957.383516
-79.757319,19,16959.167368
-80.488593,19,16960.923428
-72.180112,21,16962.920474
-76.341665,21,16964.862157
-71.132279,23,16966.891441
-49.601194,23,16969.00922
-81.455756,19,16970.837487
-81.171145,19,16972.547244
-81.250304,23,16974.491073
-65.090528,25,16976.844112
-64.071348,19,16978.799197
-65.464763,23,16980.813706
-84.789099,15,16982.262168
-88.985022,18,16983.88792
-97.710138,15,16985.439607
-34.803327,28,16987.759849
-61.358705,22,16989.741642
-72.763503,19,16991.497889
-83.669937,16,16992.992782
-92.108989,16,16994.577338
-73.930076,23,16996.549827
-70.450381,20,16998.362604
-36.301077,20,17000.381501
-69.612767,24,17002.398404
-63.756666,20,17004.248161
-76.511986,20,17006.62022
-79.626327,21,17008.553119
-95.390676,16,17010.044704
-99.571972,16,17011.527369
-33.787346,23,17013.551961
-80.125309,18,17015.198811
-22.683313,25,17017.425268
-89.818524,18,17019.158661
-105.011647,14,17021.044166
-79.712568,18,17022.801216
-68.622476,19,17024.580164
-94.623384,12,17025.794778
-35.118869,21,17027.706019
-86.735689,20,17029.619211
-76.962474,20,17031.552795
-66.278632,22,17033.502371
-90.111197,19,17035.22868
-73.271629,22,17037.424022
-63.957388,26,17039.853517
-59.703857,23,17042.041686
-73.26335,22,17043.999054
-71.586649,21,17045.891389
-86.28095,20,17047.656396
-103.697822,17,17049.258803
-64.20646,25,17051.471426
-104.328228,14,17053.461199
-78.850102,21,17055.352366
-90.864546,22,17057.282772
-96.4356,17,17058.848815
-86.182367,17,17060.458924
-93.743942,21,17062.293326
-92.506255,19,17064.03413
-32.518602,22,17066.406198
-92.125922,18,17068.007613
-74.115351,23,17070.081496
-59.861495,21,17072.093858
-81.885515,16,17073.602916
-82.135699,18,17075.289919
-37.21399,21,17077.221398
-37.882758,25,17079.718444
-71.637042,20,17081.598162
-77.773383,19,17083.425781
-69.938021,25,17085.604044
-72.51596,20,17087.478559
-98.406591,17,17089.170059
-79.386572,21,17091.054743
-62.8074,24,17093.273983
-94.653449,19,17094.97793
-76.346428,20,17096.920433
-25.314615,28,17099.579466
-87.950203,20,17101.385446
-85.348018,19,17103.071836
-28.116366,23,17105.1417
-88.046309,19,17106.840734
-89.078812,18,17108.525761
-88.755659,12,17109.720791
-91.357021,19,17111.541654
-68.434196,21,17113.450089
-76.716085,21,17115.285006
-80.178282,20,17117.058304
-25.695717,25,17119.284243
-70.486255,22,17121.269179
12.089965,30,17123.920652
-94.656566,16,17125.466626
-88.761129,16,17127.516058
-41.344086,21,17129.534804
-78.176097,18,17131.204745
-69.286166,23,17133.287752
-63.004831,24,17135.349867
-76.17008,22,17137.363665
-64.620521,22,17139.364778
-82.686994,20,17141.142002
-90.816007,16,17142.722643
-76.080282,21,17144.6315
-95.029026,19,17146.322667
-95.0178,11,17147.570553
-85.929952,20,17149.457963
-74.104508,23,17151.563681
-97.054818,15,17153.021979
-89.515533,20,17154.746843
-75.472827,19,17156.564327
-74.705206,24,17159.164826
-86.600001,18,17160.812497
-93.053034,19,17162.527625
-64.713106,22,17164.684437
-74.674497,21,17166.554604
-87.3839,20,17168.341832
-72.730399,23,17170.373213
-84.149503,19,17172.109758
-78.415821,20,17173.908901
-88.658249,19,17175.611335
-64.559006,24,17177.675866
-63.698203,23,17179.738241
-71.809981,23,17181.946075
-83.284613,21,17183.787964
-78.568189,20,17186.070783
-87.470812,19,17188.021357
-77.356173,21,17189.988269
-59.756509,24,17192.112231
-94.210388,16,17193.615815
-85.632971,19,17195.271349
-69.224437,22,17197.239514
-88.998844,17,17198.772092
-91.329181,17,17200.343332
-78.20226,20,17202.195836
-81.244155,22,17204.168995
-96.286011,20,17205.887545
-68.975973,23,17208.070591
-99.592448,13,17209.341335
-72.788604,21,17211.33551
-66.050698,22,17213.355386
-78.576415,20,17215.176322
-80.345653,20,17217.174604
-26.195625,26,17219.854629
-80.535956,22,17221.793133
-68.47098,24,17223.906665
-89.639352,17,17225.550803
-93.912164,15,17227.029191
-100.688384,17,17228.861069
-83.519453,18,17231.268001
-80.88549,21,17233.362817
-86.444133,19,17235.394333
-95.148515,17,17237.248425
-68.999362,21,17239.145278
-86.850033,18,17240.825351
-72.992924,21,17242.703798
-84.941977,18,17244.45099
-75.896855,22,17246.937921
-78.318118,21,17248.842791
-86.290607,17,17250.483526
-77.148712,21,17252.451038
-91.71332,18,17254.211884
-74.985346,22,17256.192933
-78.840292,20,17258.091631
-88.125077,15,17259.486121
-76.940672,16,17261.014385
-83.16412,21,17262.985072
-77.551673,20,17265.170813
-82.422244,18,17267.078052
-49.63024,21,17269.029104
-36.801757,21,17270.921261
-79.176926,19,17272.66646
-21.508457,25,17274.989808
-63.839134,24,17277.225889
-21.495604,26,17279.670246
-80.507945,21,17281.576845
-78.449066,20,17283.441424
-87.384773,18,17285.157225
-66.709177,23,17287.160062
-89.329147,15,17288.951337
-84.252139,19,17290.585907
-80.102933,16,17292.081801
-72.386149,18,17293.801811
-58.520694,25,17295.978678
-88.507553,18,17297.754341
-105.816621,15,17299.947419
-93.955632,16,17301.479294
-39.640095,22,17304.279168
-78.081147,20,17306.290006
-66.567101,24,17309.044201
-79.345312,21,17310.894333
-89.61986,17,17312.470026
-71.29527,20,17314.322268
-105.488017,16,17315.952021
-74.183432,23,17317.875414
-87.794494,18,17319.998435
-75.402805,23,17322.053656
-31.026724,23,17324.174158
-70.697335,19,17325.951193
-77.709334,21,17327.821995
-98.359978,16,17329.279597
-96.131318,17,17330.843689
-87.353342,18,17332.513741
-65.193944,22,17334.515368
-81.474437,22,17336.559627
-63.47978,22,17338.662453
-91.82518,18,17340.348023
-85.427424,20,17342.16151
-67.712735,17,17343.815267
-55.978587,19,17345.679957
-78.680414,20,17347.469758
-76.832906,20,17349.384131
-22.242964,26,17351.682324
-89.412869,17,17354.696722
-60.410394,25,17356.860011
-78.682702,22,17358.791338
-81.572022,17,17360.402339
-81.82527,20,17362.229828
-37.520218,19,17364.108431
-49.439307,25,17366.715705
-71.535236,22,17368.664549
-76.189208,21,17370.797177
-87.295547,21,17372.682739
-61.936205,27,17374.958583
-88.401894,16,17376.52847
50.551246,31,17379.216045
-64.916519,24,17381.43954
-60.464862,27,17383.793697
-88.279788,20,17385.580183
-68.912004,24,17387.69153
-84.812406,22,17389.545551
-72.737487,20,17391.381685
-80.747466,22,17393.52961
-72.964858,25,17395.929011
-99.011624,21,17398.22085
-94.011336,17,17400.821641
-73.521218,22,17402.767902
-76.441097,21,17405.21352
-86.264522,21,17407.331761
-68.447727,22,17409.420892
-68.275772,23,17411.575104
-75.218223,20,17413.397324
-60.928786,20,17415.291765
-85.935853,19,17417.128976
-96.089885,19,17418.99775
-68.246032,23,17421.011631
-72.585186,22,17422.872562
-86.992248,18,17425.244097
-77.135776,19,17427.36118
-100.609338,20,17429.381153
-83.255473,18,17431.045048
-91.009665,17,17432.629558
-69.538745,19,17434.36908
-32.666866,22,17436.456794
-73.901435,20,17438.309818
-85.660241,17,17439.928272
-17.936875,27,17442.350847
-77.810537,21,17444.302615
-75.802247,21,17446.129239
-87.080131,18,17447.93306
-69.871463,20,17449.879662
-61.629303,26,17452.25772
-65.771332,23,17454.249226
-69.515276,20,17456.281869
-87.664753,22,17458.536813
-83.863041,21,17460.428767
-75.958729,19,17462.21975
-64.349111,23,17464.342019
-83.088493,18,17465.966709
-80.165901,22,17467.973711
-79.325096,20,17469.8054
-77.749003,22,17471.741168
-81.806908,25,17474.152794
-27.866502,26,17476.49395
-93.978392,13,17477.774192
-87.409664,19,17479.914595
-72.462958,20,17481.650558
-109.054795,17,17483.285658
-84.601404,19,17484.993416
-74.614333,22,17487.6715
-12.850386,24,17489.851346
-67.649291,21,17491.891411
-83.975549,23,17493.848272
-81.231663,26,17496.058906
-78.453431,19,17498.06215
-67.508228,21,17499.915028
-100.102782,18,17501.671583
27.43647,29,17504.395234
-89.161904,19,17506.079769
-73.93274,21,17507.969301
-77.435268,21,17509.778958
-62.965829,23,17511.838869
-59.814959,26,17513.986551
-76.651432,21,17515.906973
-94.223979,16,17517.603285
-76.900335,20,17519.592854
-68.692108,23,17521.539063
-92.010423,18,17523.139461
-92.317686,17,17524.673326
-99.514957,16,17526.166623
-71.478466,18,17527.828276
-90.57707,20,17529.586085
-79.674042,23,17531.675549
-89.223649,18,17533.577475
-84.722559,20,17535.3714
-82.141598,21,17537.17373
-91.520292,22,17539.17531
-26.679917,27,17541.533502
-85.834714,17,17543.118199
-94.906886,16,17544.8023
-89.18215,20,17547.086278
-73.770198,21,17549.087663
-73.275917,20,17550.881758
-75.754877,20,17552.811262
-70.471278,23,17554.777509
-72.403125,22,17556.726618
-82.62412,24,17558.765121
-16.079116,25,17561.005759
-88.149265,17,17562.640921
-57.068833,27,17564.918747
-75.538805,21,17566.830906
-63.314959,24,17568.950937
-70.559925,23,17570.929201
-82.480543,18,17572.635894
-75.60023,21,17574.498785
-83.339799,19,17576.308587
-68.795424,20,17578.283727
-81.328492,20,17580.156107
-76.939096,22,17582.120765
-70.351234,23,17584.152411
-90.546386,20,17585.851009
-68.129279,22,17587.895499
-70.990331,22,17589.916125
-66.75285,25,17592.015756
-74.569567,19,17593.744923
-76.053762,23,17595.767667
-71.730791,18,17597.497616
-82.77,18,17599.227097
-79.010228,20,17601.061746
-30.355556,22,17603.040897
-16.199741,24,17605.308686
-87.788186,17,17607.233243
-72.708072,24,17609.551416
-69.752813,22,17611.532775
-110.973615,14,17612.844666
-86.553751,17,17614.566403
-75.57448,19,17616.276937
-76.92281,21,17618.212453
-77.137061,20,17620.021431
-61.326388,23,17622.072892
-87.944364,18,17623.740259
-90.679898,20,17625.527394
-69.190216,20,17627.331177
-88.532832,16,17628.926172
-77.08216,21,17630.787204
-88.796054,22,17632.701657
-68.792837,24,17634.795437
-85.767078,20,17636.577825
-66.421906,26,17639.014774
-79.254386,20,17640.843897
-88.423449,19,17642.520118
-97.090097,14,17643.960472
-92.342681,18,17645.603233
-81.291481,20,17647.754787
-78.543618,18,17649.476657
-85.001612,20,17651.268205
-77.806895,19,17652.917567
-87.731754,21,17654.851915
-73.83373,20,17656.634922
-81.879451,21,17658.592297
-63.723283,25,17660.790593
-58.949656,26,17662.99671
-69.888104,22,17665.02939
-73.981943,26,17667.579429
-58.575001,28,17669.864007
-80.3733,23,17671.942555
-96.387449,19,17673.610752
-87.443544,16,17675.085776
-31.944335,23,17677.134158
-19.206676,25,17679.371734
-76.107553,19,17681.111459
-89.81895,16,17682.668985
-70.593677,20,17684.5501
-75.487623,20,17686.735896
-88.943487,15,17688.12849
-79.859645,21,17689.973199
-72.05747,21,17691.870072
-78.015419,22,17693.941069
-77.279316,19,17695.649875
-73.865121,21,17697.730596
-107.823465,13,17699.837284
-72.570966,18,17701.563213
-80.566828,21,17703.398406
-72.835123,19,17705.122506
-76.334584,20,17707.016822
-60.713944,28,17709.359653
-89.308665,19,17711.068706
-71.705921,22,17712.968261
-64.2427,23,17714.980141
-85.43026,19,17716.79724
-64.300671,22,17718.810751
-86.600492,18,17720.457432
-69.412764,23,17722.544751
-6.512703,23,17724.841883
-86.175734,21,17727.254599
-80.78711,21,17729.141261
-84.339853,19,17731.779367
-26.02792,24,17733.909456
-82.446603,15,17735.361172
-88.758221,20,17737.062098
-88.463084,19,17738.920787
-89.61372,20,17740.985902
-80.47064,16,17742.571551
-88.612403,16,17744.064369
-21.948671,26,17746.390777
-92.13324,18,17748.123981
-84.850743,18,17750.257854
-71.578367,23,17752.222328
-86.297137,19,17754.000467
-75.387662,23,17756.086627
-62.554717,26,17758.602093
-18.897159,27,17761.109104
-60.710122,26,17763.262921
-68.338572,18,17764.979932
-28.585402,24,17767.113462
-91.006697,21,17768.941569
-12.91334,27,17771.492036
-76.097834,22,17773.401526
-80.743211,22,17775.340007
-63.432926,24,17777.497391
-31.068311,23,17779.621671
-90.37414,22,17781.574933
-93.28108,20,17783.410965
-83.238987,20,17785.803823
-85.537073,16,17787.834741
-87.444997,17,17789.506913
-73.035926,21,17791.483499
-72.12536,24,17793.578945
-69.01376,23,17795.616055
-20.46334,27,17798.099939
-91.845944,17,17799.680227
-68.279008,19,17801.512893
4.860753,22,17804.18242
-96.727603,17,17805.91055
-78.568961,21,17808.050729
-27.436926,21,17810.078398
-74.667495,20,17811.910041
-77.980684,23,17813.984069
-82.167061,20,17815.806899
-69.082589,23,17817.94594
-89.388331,20,17819.754113
-79.580738,20,17821.669324
-97.845683,23,17823.658763
-107.223357,22,17825.592539
-78.665769,20,17827.354378
-74.967797,20,17829.240879
-88.325953,17,17831.137018
22.619856,25,17833.443279
-87.534264,22,17835.442467
-90.656936,19,17837.154175
-96.172573,16,17838.63635
-97.046244,16,17840.874732
-22.952166,25,17843.054044
-94.43153,19,17844.979222
-97.061801,14,17846.856466
-63.241994,23,17848.898168
-80.683813,20,17850.740839
-105.290067,14,17852.062358
-86.082593,16,17853.563968
-75.134933,21,17855.38087
-20.949521,27,17857.688609
-81.580259,20,17859.492239
-82.476416,19,17861.217113
-74.062484,22,17863.21518
-69.244528,23,17865.197688
-83.602666,21,17867.020435
-66.386519,22,17869.030054
-62.579244,25,17871.219387
-68.586946,25,17873.581749
-77.148842,20,17875.441715
-26.521101,23,17877.707135
-95.447905,17,17879.32288
-79.553475,24,17881.461126
70.705829,30,17884.189513
-78.915923,19,17886.021923
-81.760868,17,17887.560093
-89.215034,20,17889.467814
-89.522573,21,17891.330104
-66.012238,25,17893.611671
-78.054531,18,17895.257692
-109.948259,14,17896.629207
-77.998282,20,17898.425982
-78.550062,15,17899.865745
-74.241029,21,17901.784307
-57.397899,26,17903.989779
-73.643979,24,17906.227358
-80.144918,19,17908.307168
-76.080511,19,17910.099315
-83.498027,19,17911.834788
-32.014525,23,17914.054289
-92.674712,20,17915.802591
-71.253912,18,17917.458889
-87.270314,18,17919.214807
-94.670163,16,17920.730981
-79.903733,18,17922.474991
-71.231069,20,17924.331678
-74.563558,22,17926.477306
-76.631977,20,17928.299057
-88.48312,15,17929.673843
-67.530254,23,17931.774944
-74.141635,21,17933.694855
-81.904661,22,17935.776573
-65.976761,25,17938.028127
-62.773509,27,17940.61068
-75.562802,21,17942.472151
-80.675644,19,17944.259958
-71.162418,22,17946.471457
-105.632218,13,17948.988564
-69.681662,22,17950.932803
-83.585048,21,17952.895225
-76.677691,20,17955.124077
-69.907032,23,17957.502767
-69.789034,25,17959.590627
-42.953875,23,17961.791459
-66.237248,22,17963.76058
-86.593756,18,17965.569092
-87.524337,19,17967.784412
-89.366365,17,17969.937995
-75.697237,25,17972.103199
-86.677816,19,17974.053976
-72.414989,22,17976.03164
-72.564411,19,17977.821846
-83.589029,18,17979.479387
-80.578938,19,17981.235318
-82.478567,18,17983.498016
-66.335312,21,17985.435438
-55.684946,25,17987.609841
-89.50884,18,17989.316229
-97.127814,19,17991.009894
-69.792892,20,17992.916713
-73.234961,22,17994.820768
-60.212298,25,17997.335461
-70.752996,19,17999.246711
-89.08042,20,18001.055984
-74.160242,24,18003.121882
-67.537723,20,18004.946662
-21.375743,27,18007.418061
-70.189348,23,18009.481524
-71.594713,22,18011.428965
-109.244187,14,18012.795849
-84.825528,18,18014.404871
-91.885374,19,18016.161552
-61.377318,23,18018.246929
-76.433792,20,18020.517009
-24.393108,24,18022.675367
38.68338,31,18025.424433
-43.592135,21,18027.544548
-71.562995,19,18029.368779
-78.184445,17,18031.023606
-68.549889,22,18033.089818
-79.912984,19,18034.909441
-63.812638,25,18037.031523
-83.599796,19,18038.836522
-83.499545,18,18040.534914
-84.760236,23,18042.632239
-61.131043,24,18044.73078
-37.2742,21,18046.786908
-77.394788,22,18048.871955
-80.448428,23,18051.011792
-54.062271,23,18053.096717
-65.640064,25,18055.222949
-66.931074,21,18057.272032
-60.640263,23,18059.637971
-69.969288,22,18061.566203
-36.494107,25,18063.756789
-73.050303,20,18065.677792
-97.05127,15,18067.077681
-81.015315,17,18068.669163
-70.169688,23,18070.772092
-56.072477,22,18072.730946
-101.150571,17,18074.32112
-92.062273,18,18075.934344
-83.437211,21,18077.852808
-73.712883,20,18079.708763
-76.700373,20,18081.572315
-64.879433,22,18083.499195
-84.546167,24,18085.738488
-62.997326,26,18088.557701
-71.125433,21,18090.429083
-79.583758,23,18092.391701
-91.843922,19,18094.127653
-65.233133,22,18096.166623
-66.107821,23,18098.192056
-61.769137,26,18100.386762
-88.830157,21,18102.283859
-82.830971,19,18104.096831
-69.767885,21,18105.984373
-70.319791,22,18107.950801
-91.268424,17,18109.86727
-77.533029,18,18112.08851
-75.177455,19,18113.83823
-78.154733,21,18115.761621
-80.757984,22,18118.117018
-54.73779,27,18120.661568
-84.745491,18,18122.35973
-85.051791,21,18124.22418
-77.241843,24,18126.343916
-89.809436,19,18128.169417
-74.678259,21,18130.015383
-35.017512,26,18132.256751
-81.483036,20,18134.122844
-109.200193,15,18135.570895
-71.020895,21,18137.43863
-79.767958,23,18139.436283
-107.811807,12,18140.643185
-77.801609,21,18142.58012
-72.031866,21,18144.437645
-64.031669,20,18146.77101
-77.133928,17,18148.353667
-81.947155,19,18150.124337
-84.935064,19,18151.830156
-37.95127,20,18153.84241
-80.768245,17,18155.472648
-83.118893,21,18157.431948
-74.75391,20,18159.258147
-62.86386,24,18161.399754
-31.609867,24,18163.789739
-72.852322,19,18165.541757
-63.695696,25,18167.727759
-26.122225,19,18169.541877
-58.524082,22,18171.514796
-70.917347,21,18173.386806
-70.388613,20,18175.196638
-84.190712,22,18177.431466
-67.860931,25,18179.72286
-80.660433,21,18181.570158
-75.010595,23,18183.531107
-93.239153,17,18185.200251
-91.700869,18,18186.991271
-77.64644,20,18188.781193
-38.376004,22,18190.816505
-116.496777,14,18192.162959
-78.272698,19,18194.286577
-61.169924,25,18196.462839
-69.434708,24,18198.647704
-62.00471,25,18200.790812
-33.400178,24,18203.621095
-90.609964,22,18205.809042
-80.473887,20,18207.792071
-58.259798,22,18209.742032
-98.641559,20,18211.510198
-74.046126,18,18213.309031
-66.432368,23,18215.294566
-94.74781,15,18216.764738
-74.807783,19,18218.862156
-69.637251,23,18220.945782
-74.04489,20,18222.941547
-79.672719,20,18224.770232
-73.832755,19,18226.535793
-77.635687,15,18228.611281
-76.715495,22,18230.933463
-77.153173,20,18232.766829
-99.386047,14,18234.168875
30.353882,26,18236.708931
-70.787154,21,18238.764127
-71.662574,21,18240.906153
-72.099106,19,18242.650483
-72.351196,17,18244.273877
-93.837922,19,18246.338782
-74.58063,23,18248.391932
-78.604545,20,18250.220144
-75.593849,17,18251.895876
-83.815894,18,18253.491474
-82.105311,22,18255.341253
-53.313516,27,18257.653659
-32.62541,21,18259.565686
-82.564466,17,18261.159685
-87.08193,17,18262.749533
-61.537135,23,18264.766353
-92.089708,15,18266.623749
-40.944146,21,18268.677455
-96.332465,19,18270.349552
-68.360703,21,18272.35054
-90.562484,16,18273.855164
-79.934201,21,18275.953332
-72.736162,24,18278.08474
-94.794464,16,18279.534591
-93.334584,18,18281.21159
-83.032947,21,18283.16503
-58.185092,25,18285.286647
-106.317205,20,18287.47787
-27.30616,25,18289.781167
-64.29925,24,18292.051928
-19.110088,24,18294.346214
-82.999312,20,18296.164469
-83.940308,21,18298.193546
-67.381223,20,18300.082825
-81.349478,23,18302.109469
-77.168234,20,18303.937838
-20.182206,23,18306.011423
-79.110337,22,18307.964429
-96.34726,17,18309.686185
-86.095476,23,18311.683153
-72.835221,23,18313.777806
-86.373827,13,18315.061588
-66.24407,18,18316.799808
-84.466534,18,18318.5126
-24.977234,25,18320.792608
-69.061889,23,18322.800931
-21.360514,24,18324.922347
-92.7417,16,18327.411904
-70.83295,18,18329.49973
-70.156364,24,18331.722751
-24.647167,25,18333.908997
-67.239983,24,18335.989396
-62.400579,24,18338.138171
-78.513876,21,18340.285048
-83.212828,19,18342.302068
-75.576802,22,18344.224624
-66.177908,22,18346.188548
-59.727819,22,18348.388559
59.883684,28,18351.045542
-62.427241,26,18353.301781
-60.273995,26,18355.497368
-68.648551,21,18357.548445
-64.775772,19,18359.461872
-22.452638,26,18361.807936
-94.855974,18,18363.514712
-42.490901,22,18366.087406
-63.221611,21,18367.943411
-72.030336,20,18369.729437
-90.959559,20,18371.551169
-90.736165,17,18373.174742
-70.666879,22,18375.069985
-100.72034,14,18376.361286
-70.888766,22,18378.603616
-91.710473,19,18380.392595
-69.634556,24,18382.493769
-79.270395,22,18384.485663
-57.496859,24,18386.897932
-89.975461,16,18388.526327
-73.980167,21,18390.427495
-85.145979,19,18392.241829
-80.950797,22,18394.317948
-61.605627,25,18396.415074
-78.860649,25,18398.630137
-98.683247,15,18400.035238
-65.812977,23,18402.204175
-75.269181,19,18404.068226
-82.466434,19,18405.71621
-30.042048,22,18407.649385
-80.470216,21,18409.814942
-71.695851,21,18411.765312
-86.49642,17,18413.308934
-64.465645,24,18415.49977
-66.674273,23,18417.641805
-77.091835,21,18419.668714
-87.568322,18,18421.405409
-63.640156,22,18423.421092
-17.117686,26,18425.680475
-60.458586,21,18427.565129
-84.374241,21,18429.564618
-90.400033,20,18431.288873
-71.387215,21,18433.837492
-64.403517,24,18435.887742
-69.737049,24,18437.978796
-66.878865,20,18439.81887
-80.292298,19,18442.290911
-54.307325,27,18444.669242
-91.374229,14,18446.578861
-62.869464,25,18449.746437
-24.390034,25,18452.337954
-79.309789,21,18454.344991
-83.977363,19,18456.159475
-62.300949,23,18458.211931
-71.315595,24,18460.333194
-93.075987,16,18461.97342
-77.170559,22,18463.995542
-71.325527,24,18466.047085
-39.331267,20,18467.979123
-75.95271,22,18469.905639
-65.680512,24,18471.989537
-86.787175,21,18473.896003
-81.717547,20,18475.920515
-23.683509,23,18478.275442
-72.98148,21,18480.211659
-120.192026,11,18482.488237
-72.516776,27,18484.862973
-73.658621,22,18486.782281
-58.693833,24,18488.811415
-114.494165,9,18489.742013
-22.647179,24,18491.949686
-67.058324,24,18494.026401
-82.092646,20,18495.908276
-55.969569,25,18498.012864
-76.176475,20,18499.834607
-73.530639,25,18502.528647
-80.481282,19,18504.27538
-55.995736,23,18506.590843
-75.285753,18,18508.260521
-75.941732,16,18509.839803
-90.320458,14,18511.18696
-67.838341,21,18513.081889
-68.846726,21,18514.982018
-74.315624,20,18516.780605
-20.1895,26,18519.233015
-82.708788,18,18520.964979
-82.198279,25,18523.124935
-70.206637,21,18525.032562
-77.705786,18,18526.699354
-94.506953,18,18528.717348
-66.671791,24,18530.905768
-96.010786,13,18532.207446
-68.610701,22,18534.123358
-67.938197,24,18536.272973
-84.717627,23,18538.548049
-108.087995,16,18540.293406
-86.414943,21,18542.108856
-67.305275,23,18544.146493
-91.31275,21,18546.579462
-38.322436,20,18549.245281
-75.002299,20,18551.123406
-88.924759,20,18553.009043
-98.165204,22,18555.002311
-85.931018,19,18556.804636
-62.534538,24,18558.908654
-79.601611,20,18560.767029
-81.477594,20,18562.764587
-72.540334,20,18564.570563
-47.75375,21,18567.040249
-82.493519,20,18568.840982
-89.588305,19,18570.556289
-68.611143,25,18572.770039
-64.079002,23,18574.818698
-78.210454,22,18576.798237
-81.764558,21,18578.637378
-101.151381,15,18580.991533
-72.455279,21,18582.984612
-83.899645,19,18584.817616
-28.536604,25,18587.047598
-70.875761,21,18588.908785
-64.869897,23,18591.097828
-7.264692,27,18593.526829
-110.435729,16,18595.010628
-77.424941,21,18596.948241
-77.385844,23,18599.050835
-80.805128,20,18601.085145
-69.578284,23,18603.417699
-87.483016,17,18605.024965
-25.162403,24,18607.232085
-75.259304,23,18609.305952
-24.020341,25,18611.556
-73.823596,24,18613.741869
-67.825286,18,18615.469172
-84.924465,19,18617.236273
-78.959891,20,18619.07794
-92.96515,17,18621.171779
-97.248687,13,18622.437312
-70.896629,19,18624.184263
-64.661092,22,18626.53484
-61.856187,22,18628.512265
-84.947335,23,18630.577824
-94.89069,19,18632.34592
-92.402618,16,18633.925759
-75.462525,23,18635.957304
-19.59679,21,18637.985842
-75.055085,22,18639.90519
-53.802272,28,18642.434203
-47.854626,19,18644.202381
-86.280171,22,18646.097792
-37.16477,25,18648.443056
-89.767828,24,18650.796183
-74.716449,21,18652.642928
-75.101053,21,18654.559757
-87.669625,22,18657.084132
-72.118847,19,18659.033866
-93.686943,23,18661.023872
-15.435783,26,18663.314013
-89.22106,19,18665.071988
-94.244776,18,18666.846427
-68.749245,21,18668.733687
-59.893025,27,18671.090812
-74.674122,21,18672.976955
-75.00943,20,18674.797962
-93.248756,19,18676.473626
-38.856279,21,18678.492107
-76.895043,17,18680.093518
-94.724404,18,18681.82229
-25.7365,21,18683.806293
-76.374912,25,18686.83448
-76.819151,18,18688.743496
-61.348966,27,18691.094519
-14.21289,28,18693.502493
-82.238533,18,18695.20016
-27.950117,22,18697.236036
-92.278007,17,18698.836041
-72.828769,23,18700.792019
-26.001449,24,18703.031851
-85.210933,17,18704.698347
-83.211294,17,18706.357807
-96.877162,18,18708.139665
-73.200398,20,18709.942728
-87.126036,20,18711.770183
-59.30806,26,18714.030175
-97.201441,19,18715.908635
-75.907463,21,18718.046458
-30.155546,24,18720.317546
-65.548047,23,18722.371708
-64.732474,22,18724.308379
-84.836142,18,18725.902135
-74.106875,23,18727.957432
-90.221404,18,18729.599138
-25.551921,20,18731.521431
-76.085975,20,18733.468945
-90.445686,16,18734.944843
-91.312879,18,18736.59825
-74.214319,25,18738.935762
-97.597517,15,18740.30178
-58.46595,26,18742.504332
-72.896437,17,18744.178032
-68.988223,20,18746.21756
-31.926784,25,18748.500292
-27.35608,29,18750.943599
-26.027584,25,18753.163091
-67.998434,20,18754.989357
-87.115716,19,18756.694931
-70.661362,19,18758.501456
-81.229698,18,18760.19093
-59.753518,23,18762.32741
-74.66936,20,18764.18858
-62.801924,24,18766.87595
-89.663834,19,18768.645583
-79.627626,21,18770.572428
-85.613592,20,18772.339744
-88.396429,19,18774.085224
-69.485772,23,18776.079561
-25.557316,25,18778.530411
-81.83744,21,18780.388892
-74.648558,20,18782.2173
-16.822687,27,18784.728078
-80.577746,21,18786.727121
-77.231809,24,18789.06454
-68.987943,25,18791.292727
-26.29123,24,18793.413759
-74.459345,22,18795.320627
-73.435545,20,18797.205436
-86.939617,13,18798.466564
-95.113768,21,18800.306983
-86.83153,24,18802.333115
-78.402,19,18804.476838
-113.551843,17,18807.069145
-64.860089,24,18809.347822
-79.001606,22,18811.263123
-71.030329,21,18813.463823
-82.186588,19,18815.141286
-77.399958,22,18817.361904
-106.931875,17,18819.021031
-76.488993,21,18820.895458
-27.669098,22,18822.964129
-86.752265,20,18824.82841
-67.315513,21,18826.74623
-82.480171,17,18828.613693
-82.28843,22,18830.987589
-69.939809,21,18832.882521
-72.91493,22,18834.920866
-39.855907,20,18837.306703
-69.37026,24,18839.551175
-33.219416,22,18841.635399
-93.481806,16,18843.120435
-91.065322,20,18844.93412
-96.557659,19,18846.668009
-72.493608,21,18848.554496
-67.087853,25,18850.763391
-67.273299,25,18852.961851
-66.04822,25,18855.120996
-54.136031,26,18857.374526
-78.672786,21,18859.25651
-65.835188,25,18861.400405
-65.804191,24,18863.493341
-78.336503,20,18865.388055
-90.02138,17,18867.409635
-30.027807,23,18869.527803
-106.834354,16,18871.119946
-65.050788,23,18873.181928
-83.319884,20,18874.934092
-28.445983,23,18876.975418
-64.911753,24,18879.428773
-75.557812,20,18881.496633
-62.389493,22,18883.606578
-63.562337,22,18885.697236
-29.573285,24,18887.984205
-85.354834,20,18889.803149
-11.037701,28,18892.230343
-79.383025,19,18894.042284
-55.252569,24,18896.131011
-72.852264,20,18898.101455
-80.866706,19,18900.006943
-86.189258,18,18901.596246
-89.201924,21,18903.499274
17.871648,28,18906.040546
-63.181087,22,18908.031996
-77.709513,21,18909.881862
-78.159714,21,18911.814347
-79.277825,22,18913.785439
-74.226438,19,18915.542428
-21.407688,24,18917.643145
-89.426801,16,18919.160389
-74.410483,20,18921.029181
-91.248894,18,18922.981274
-71.454277,23,18925.030877
-31.834307,24,18928.014175
-78.326984,20,18929.838214
-95.002364,14,18931.152972
-83.526599,19,18932.929718
-86.86246,21,18934.79912
-77.045837,21,18936.71971
-13.624465,26,18939.000521
-78.286048,19,18940.768813
-36.122392,21,18942.752638
-28.734413,24,18945.123679
-88.248955,19,18946.854309
-61.248524,19,18948.747383
-76.537322,21,18950.777714
-69.45285,22,18952.806213
-104.046795,14,18955.07836
-59.281835,26,18957.347535
-80.655171,23,18959.460511
-34.369476,20,18961.653535
-73.022779,20,18963.417329
-79.493229,21,18965.313609
-30.381479,21,18967.248617
-79.615282,24,18969.410243
-73.01607,23,18971.590802
-97.626933,14,18972.993204
-77.980921,18,18974.638658
-26.433118,25,18976.878676
-74.75052,23,18978.907365
-95.975753,18,18980.60615
-77.548875,18,18982.282498
-77.307971,20,18984.120262
-88.63889,19,18986.093445
-71.062055,19,18987.890244
-78.225718,20,18989.666145
-91.833257,19,18991.603089
-68.429952,23,18993.685103
-97.873008,15,18995.677392
-73.706086,20,18997.465694
-65.463423,21,18999.43693
-68.968548,21,19001.345281
-66.960738,21,19003.396179
-64.070859,20,19005.209648
-61.785043,25,19007.52347
-76.092311,17,19009.339676
-62.897168,25,19011.504013
-75.212607,21,19013.450627
-76.053079,19,19015.201908
-83.699972,20,19017.059061
-64.165477,24,19019.286504
-79.595977,20,19021.136186
-54.989594,24,19023.304559
-11.707091,25,19025.600504
-68.276355,21,19027.478128
-80.42409,19,19029.246474
-70.836812,21,19031.19663
-17.32451,25,19033.525065
-78.349008,22,19035.512136
-77.788168,20,19037.305856
-82.721258,22,19039.25178
-29.457133,22,19041.267478
-73.396438,24,19043.395832
-112.337316,10,19045.812225
-90.382917,15,19047.622832
-103.222441,15,19049.68211
-85.107179,16,19051.847176
-74.894666,22,19053.828123
-65.752335,25,19055.933114
-41.187645,19,19057.743155
-71.455032,25,19059.926739
-95.089727,15,19061.43801
-63.05306,24,19063.688344
-27.002892,23,19065.797392
-87.213415,24,19067.859041
-28.136054,24,19070.118263
-68.029576,22,19072.130461
-63.974381,23,19074.15257
-1.211102,25,19076.447953
-75.974117,20,19078.563273
-105.082937,13,19079.951883
-68.945267,23,19081.975483
-65.843101,23,19084.145688
-74.609646,19,19085.878794
-72.932483,23,19088.008968
-99.368481,23,19090.043718
-90.809421,21,19091.936395
-69.435032,21,19093.81812
-72.700608,23,19096.008479
-69.6388,21,19097.937426
-81.372906,22,19099.846211
-83.828677,19,19101.634335
-92.409202,18,19103.474843
-80.029503,16,19105.05511
-93.599403,18,19106.857524
-60.089631,23,19108.899947
-77.262635,22,19110.924732
-69.071974,23,19113.049449
-86.72774,17,19114.605042
-77.934353,23,19116.6082
-71.690108,22,19118.629643
-84.41681,18,19120.338876
-72.246452,23,19122.474123
-68.592993,20,19124.364893
-69.322293,18,19126.109764
-75.483911,22,19128.026703
-45.964928,23,19130.076969
-80.100199,22,19132.019037
-95.525761,15,19133.464502
-83.557158,20,19135.309046
-86.505418,17,19137.530025
-74.669743,22,19139.568481
-35.361213,21,19141.564857
-88.868194,20,19143.411496
-83.165823,19,19145.302948
-73.681764,23,19147.299134
-80.290654,19,19149.070478
-69.620375,20,19150.8481
-72.794121,23,19152.869585
-75.316052,22,19154.797629
-72.872937,20,19156.62459
-77.708224,19,19158.369379
-74.381519,17,19159.957828
-71.906972,21,19161.837949
-84.902068,18,19163.522971
-95.057955,14,19166.061262
-65.263668,26,19168.589345
-69.123889,22,19170.631422
-69.667295,19,19172.425761
-97.77176,17,19174.30218
-76.23152,19,19176.027458
-75.064421,24,19178.073299
-66.92576,21,19179.997017
-73.979887,24,19182.299163
-77.777831,21,19184.168934
-88.616055,16,19185.690596
-77.362561,21,19187.524216
-69.313151,24,19189.562637
-56.439924,24,19191.693695
-72.65382,20,19193.52422
-32.471814,26,19195.907841
-77.331404,23,19198.129478
-63.434644,24,19200.371646
-68.289609,23,19202.389055
-68.490244,23,19204.551294
-76.647561,20,19206.57397
-40.406748,21,19208.461139
-88.749629,16,19210.027427
-66.184177,26,19212.193019
-78.026945,21,19214.072662
-71.081266,22,19216.019074
-80.947198,18,19217.677382
-82.108466,20,19219.524017
-90.787193,15,19221.643423
-25.061108,24,19223.837296
-83.031002,19,19225.67159
-37.420262,22,19227.940708
-70.535287,20,19229.728219
-65.217564,21,19232.042085
-71.523111,26,19234.343312
-96.965016,15,19236.374065
-67.013979,19,19238.217498
-71.326274,21,19240.174915
-71.038926,21,19242.051277
-77.925055,22,19244.144591
-77.013722,22,19246.149039
-85.69681,19,19248.010386
-86.476849,18,19249.761658
-75.25107,21,19251.727739
-88.605355,17,19253.294105
-87.319529,19,19255.009456
-73.62305,17,19256.658275
-26.422329,24,19259.095172
-26.615816,27,19261.482556
-65.557806,22,19263.465509
-82.727611,18,19265.061286
-27.75726,23,19267.188704
-75.226994,21,19269.058607
-97.183615,17,19270.612401
-69.032148,22,19272.546808
-81.285921,20,19274.361486
-65.900515,23,19276.432065
-67.273929,22,19278.414145
-69.763064,23,19280.609442
-69.385063,23,19282.689892
-45.26785,19,19284.550296
-71.883107,23,19287.042663
-65.689496,26,19289.355112
-80.677176,20,19291.261698
-61.038543,22,19293.227492
-49.075109,20,19295.159793
-90.958145,21,19297.152588
-74.047343,21,19299.243438
-83.614213,21,19301.104186
-74.594139,21,19303.031341
-75.983827,21,19304.915015
-79.409942,22,19306.892836
-70.011815,20,19308.704179
-81.314597,16,19310.267517
-76.404554,19,19311.966094
32.200689,27,19314.493102
-84.518444,17,19316.096173
-75.439212,22,19318.306233
-81.761979,19,19320.108018
-95.977669,16,19321.651351
-74.471353,20,19323.822247
-19.377577,23,19326.063332
-85.460597,16,19327.604418
-84.75965,21,19329.498992
-58.448022,27,19331.703608
-55.77692,27,19334.015857
-29.475904,19,19335.858849
-74.648091,17,19337.539567
-64.609486,24,19339.688256
-86.497625,19,19341.441333
-103.02157,16,19342.906475
-74.608249,22,19344.971707
-100.611183,15,19346.742338
-84.179153,17,19348.727814
-21.17544,27,19351.095379
-69.235036,22,19353.02042
-76.652926,19,19354.79352
-82.574412,20,19356.588961
-92.675896,18,19358.720898
-78.714558,23,19360.948785
-40.842565,21,19362.887582
-80.063953,23,19364.970107
-92.385187,17,19366.613206
-81.532932,20,19368.534666
-63.094233,22,19370.485896
11.968276,25,19372.770519
-78.720262,21,19374.611734
-78.69563,21,19376.633111
-68.289303,25,19379.14828
-86.555281,20,19381.058026
-28.794402,24,19383.155461
-65.690373,21,19385.081765
-109.679893,17,19386.658528
-69.712346,21,19388.610531
-12.630425,24,19390.818774
-81.748582,20,19392.614469
-9.497168,30,19395.124283
-74.842728,23,19397.168807
-73.947382,18,19398.829268
-96.594246,17,19400.404443
-78.142578,20,19402.267026
-37.896649,22,19404.458748
-71.626812,17,19406.631396
-74.745514,21,19408.607801
-106.569499,11,19409.716133
-68.096029,22,19411.657209
-77.903318,17,19413.27061
-57.578264,24,19415.392897
-77.901365,25,19417.688065
-78.808355,14,19419.103643
-18.680109,25,19421.378155
-93.535324,18,19423.523743
-78.559453,22,19425.452484
-79.310752,19,19427.213341
-26.842206,22,19429.297956
-79.132403,17,19430.878235
15.264982,30,19433.388764
-98.273257,14,19434.738854
-79.054542,23,19437.071087
-71.662361,24,19439.375797
-75.886527,21,19441.350295
-77.903234,21,19443.238267
-28.765654,22,19445.21711
-82.754506,19,19447.075608
-71.735778,22,19448.992671
-48.127333,17,19450.660736
-70.230952,19,19452.380501
-11.460293,25,19454.626485
-61.539061,22,19456.595144
-94.135317,17,19458.130635
-80.053276,20,19459.940816
-82.517182,25,19462.073697
-21.519096,23,19464.168595
-76.738157,21,19466.491008
-100.90277,18,19468.179932
-84.154561,18,19469.818658
-70.922542,25,19471.993783
-69.024626,25,19474.176605
-65.287728,22,19476.086198
-60.491547,23,19478.226333
-69.466293,22,19480.155294
-29.396708,23,19482.309811
-72.227886,21,19484.14268
-93.164704,17,19485.796223
-75.674146,20,19487.655282
-76.81722,14,19489.640115
-89.760029,19,19491.856376
-68.723818,22,19493.874692
-55.985533,25,19496.007029
-16.676482,24,19498.36733
-15.802298,25,19500.639145
-16.818427,28,19503.288741
-70.784343,23,19505.346369
-127.873919,7,19506.073504
-15.144272,25,19508.429273
-62.577342,25,19510.629757
-71.705311,22,19512.54771
-78.411211,19,19514.243825
-18.962856,23,19516.308413
-89.125503,21,19518.177004
-94.098223,22,19520.082922
-78.379529,18,19521.909842
-27.956528,23,19524.044405
-73.063105,21,19526.298424
-13.669932,31,19528.944112
-66.926457,26,19531.26147
-80.302729,23,19533.332754
-83.380853,19,19535.339452
-65.354689,26,19537.624848
-58.70891,24,19539.749039
-85.380663,20,19541.530029
-74.103205,21,19543.472238
-61.783351,24,19545.549496
-88.737909,11,19546.729027
-63.120033,24,19548.979971
-77.716353,19,19550.939377
-98.138622,17,19552.513793
-68.649194,23,19554.534361
-76.341657,18,19556.223264
-69.999911,22,19558.391487
-29.411392,24,19560.603534
-53.71748,27,19563.047549
-79.158512,18,19564.741488
-73.62748,24,19566.814411
-75.310899,18,19568.53185
-85.412068,16,19570.048874
-62.673902,24,19572.171819
-65.717107,23,19574.240976
-66.722728,23,19576.21728
-66.944784,23,19578.207682
-95.334502,21,19581.862981
-67.553458,20,19583.684527
-43.209965,21,19585.630339
-25.838991,23,19588.090518
-80.121878,21,19589.945049
-57.978977,21,19591.876275
-66.738348,23,19593.852707
-68.558567,20,19595.704609
-81.322203,17,19597.271577
-59.068423,20,19599.157514
-61.747305,22,19601.081783
24.065367,29,19603.720806
-68.546677,23,19605.706518
-28.21613,26,19608.111841
-75.173582,23,19610.173581
-82.330702,21,19612.100192
-71.37419,20,19613.872167
-73.532386,25,19616.008824
-20.374822,24,19618.384857
-80.737729,18,19620.098436
-73.553164,20,19621.952721
-92.27941,20,19623.845508
-74.273618,21,19625.745172
-75.529035,20,19627.541595
-59.651887,23,19629.623411
-100.08915,15,19631.061616
-101.996287,14,19632.482018
-95.8989,18,19634.143568
-51.03597,24,19636.265279
-94.65003,11,19637.519684
-94.348747,16,19638.979919
-70.689298,20,19640.817957
-85.252943,18,19642.533147
-94.856088,17,19644.423525
-73.873406,22,19646.987724
-86.854036,17,19649.101157
-72.557757,24,19651.286081
-90.689559,17,19652.943404
-75.911279,22,19655.233858
-70.284487,19,19656.93683
-58.251311,28,19659.29266
-27.284944,24,19661.531567
-71.931737,19,19663.380057
-27.63561,21,19665.349647
-106.224078,13,19666.622086
-58.776921,25,19668.776335
-84.197445,17,19670.361623
-73.52679,21,19672.342761
-27.564111,24,19675.007174
8.921967,23,19677.699463
-12.917115,22,19679.987664
-14.828997,25,19682.246375
-99.315842,17,19683.909516
-19.021736,26,19686.157692
-82.638918,19,19687.836101
-81.941347,20,19689.76323
-70.664146,21,19691.673421
-61.341105,23,19693.739538
-69.68414,23,19695.773889
-78.869948,18,19697.481909
-91.695046,18,19699.105602
-63.567574,24,19701.376519
-71.095209,28,19703.698469
-10.778762,27,19706.386316
-68.836418,20,19708.196847
-30.734859,26,19710.48123
-65.951804,18,19712.194314
-90.916305,15,19713.596738
-62.818122,24,19715.738916
-69.625231,23,19717.84269
-80.832965,19,19719.561302
-60.977635,24,19721.667393
-26.807201,25,19723.944287
-68.993291,23,19726.01248
-83.274817,18,19727.908063
-15.084585,26,19730.16996
-76.614594,19,19731.990682
-81.449924,18,19733.636586
-97.643167,17,19735.532189
-70.388351,22,19737.52746
-59.940461,20,19739.805509
-77.598102,20,19741.658859
-67.64957,24,19743.903872
-63.029604,21,19745.778668
-23.049628,24,19747.966149
-68.493241,21,19749.90637
-82.943026,19,19751.700513
-68.459369,24,19753.763271
-72.833676,23,19755.87604
-85.814304,21,19757.754588
-93.183012,18,19759.357392
-20.157621,24,19761.476784
-78.694192,19,19763.228656
-79.940975,19,19765.029719
-71.791517,24,19767.625416
-28.048334,18,19769.379713
-69.4156,23,19771.412577
-52.688033,22,19773.412891
-64.170819,20,19775.315223
-66.366469,19,19777.046217
-73.079411,21,19778.951442
-83.071009,19,19780.757155
19.017607,28,19783.370276
-52.239583,26,19785.616267
-83.521143,22,19787.665179
-75.406509,21,19789.584377
-63.159938,21,19791.443076
20.391768,26,19793.863357
-114.673672,16,19795.355487
-77.641352,20,19797.225012
-66.033985,21,19799.246884
-104.190018,17,19800.796053
-58.456628,23,19802.856007
-87.330136,20,19804.73907
-106.002372,16,19806.824944
-75.585979,22,19808.851243
-66.336231,23,19810.833676
-40.462183,20,19812.787241
-69.540747,26,19815.057864
33.75712,28,19817.569386
-67.167806,22,19819.487312
-69.191254,22,19821.409255
-62.376524,21,19823.300206
-80.610627,21,19825.549375
-74.169897,24,19827.852466
-22.753265,23,19829.960647
-76.688509,20,19831.78472
-61.546558,25,19834.058108
-88.733296,20,19835.894725
-21.509206,26,19838.180848
-78.613533,19,19839.953314
-71.435225,22,19841.848601
-75.578533,21,19843.83242
-69.553981,22,19845.862905
-77.7257,18,19847.715041
-62.788166,23,19849.823054
-69.766139,20,19851.584816
-63.039875,24,19853.818487
-66.618389,24,19855.909183
-83.131628,22,19857.96881
-65.713555,23,19860.052304
-82.745697,20,19861.934346
-74.11985,19,19863.649318
-71.104153,16,19865.26548
-79.533003,21,19867.094242
-69.29448,21,19869.082758
-87.447126,16,19870.874573
-72.714455,22,19872.798874
-25.736823,26,19875.279411
-24.155303,25,19877.754257
-53.909333,22,19880.527889
-78.720351,20,19882.390949
-93.918745,15,19883.863407
-61.393063,23,19886.290016
-80.685816,19,19888.268005
-63.040628,20,19890.117001
-79.283743,17,19891.719512
-73.290081,22,19893.754351
-82.016987,21,19895.835648
-37.93434,20,19897.728763
-62.119977,22,19900.121081
-81.039522,20,19901.917783
-69.719801,23,19904.024873
28.950221,23,19906.120532
-88.175358,16,19907.598626
-78.850027,21,19909.50429
-68.648535,19,19911.246529
-81.478444,20,19913.08947
-88.41278,17,19914.661475
-84.217662,23,19916.718899
-82.535522,24,19918.916651
-64.062909,25,19921.023826
-65.735514,21,19923.009466
-72.20635,21,19924.912342
-91.778548,20,19926.771951
-78.261416,20,19928.552359
-84.326243,23,19930.502813
-23.744817,23,19932.645411
-73.105785,21,19934.503612
-89.312792,16,19936.049483
-73.105912,19,19937.762986
-12.004819,28,19940.279398
-60.072205,26,19942.442719
-63.679553,20,19944.3193
-61.072313,20,19946.464545
-65.846829,22,19948.580113
-59.569287,25,19950.782752
-100.174791,19,19952.464824
-90.16533,20,19954.271804
-71.163797,19,19956.043571
-17.809842,23,19958.116077
-21.960476,26,19960.500949
30.55829,31,19963.305186
-87.681416,18,19965.918755
-74.463161,24,19968.000782
-88.153116,21,19969.900689
-54.116053,27,19972.163727
-45.38659,25,19974.399884
-83.523448,16,19976.017412
-75.278539,20,19977.963495
-73.053093,21,19979.961333
-39.898559,22,19981.996867
-88.548756,15,19983.488165
-58.267616,26,19985.714303
-69.693425,23,19987.874454
-21.910835,24,19990.054653
-98.777504,17,19991.587034
-39.529003,20,19993.392076
-59.786957,27,19995.729615
-37.897706,24,19997.876664
-29.981157,25,20000.030689
-79.191124,20,20001.75969
-74.426307,24,20003.825253
-20.523686,28,20006.665958
-92.692151,20,20008.523452
-63.871307,20,20010.346916
-72.403624,21,20012.305854
-55.790028,24,20014.453807
31.543366,27,20016.926377
-86.741856,22,20018.828004
-56.075039,25,20020.961673
-60.708292,20,20022.832065
-25.615148,25,20025.127295
-86.752569,21,20027.053226
-33.818487,22,20029.109853
-69.534217,20,20030.938543
-76.676313,20,20032.685015
-47.950044,28,20035.092147
-73.455322,21,20037.04068
-79.86618,17,20038.802497
-84.530818,18,20040.49788
21.070133,27,20042.89395
-72.636086,19,20044.607647
-73.786775,17,20046.233648
-73.702607,21,20048.131386
-32.727105,22,20050.300474
-69.395714,22,20052.293339
-75.495713,21,20054.225791
-72.455867,23,20056.212445
-14.735602,24,20058.438597
-68.697201,22,20060.427427
-74.039773,19,20062.16276
-22.856706,28,20064.684886
-48.924306,26,20067.650799
-98.188487,16,20069.249842
-91.26019,16,20070.83917
-83.415556,18,20072.441406
-70.356926,20,20074.474286
-72.068142,20,20076.261795
-16.208895,23,20078.442919
27.299878,29,20080.952233
-59.556481,22,20082.921949
-89.005983,16,20084.503771
-80.039671,21,20086.343197
-67.991759,20,20088.139937
-54.285118,28,20090.481532
-30.986207,23,20092.518436
40.935596,27,20094.983628
-75.89909,17,20096.656605
-69.623743,20,20098.687035
-77.234884,19,20100.721907
-81.537026,20,20102.692904
-47.157079,24,20104.784724
-30.438901,22,20106.752304
-71.084988,21,20108.661268
-72.768018,24,20110.760439
-31.229427,23,20112.878927
-75.698477,22,20114.76051
-67.300919,21,20116.751287
-26.480885,28,20119.164712
-80.718996,18,20120.843494
-79.316171,19,20122.54656
-59.289746,26,20124.829121
-64.369853,23,20127.268625
-64.024958,20,20129.116451
-86.242344,17,20130.698348
-27.917377,24,20133.243067
-71.019055,23,20135.258665
-21.406962,24,20137.422054
-93.767447,17,20138.968552
-70.990224,22,20141.196899
-75.338082,21,20143.153279
-66.57867,24,20145.201387
-80.118242,20,20147.136401
-119.01311,17,20148.754178
-76.992527,20,20150.738914
-79.454767,21,20152.705147
-76.357717,23,20154.77494
-72.618587,20,20156.572074
-93.939763,19,20158.49366
-70.397732,22,20160.76292
-81.067531,18,20162.492261
-83.855612,18,20164.257973
-73.385119,21,20166.208299
-51.523748,27,20168.462106
-71.682769,22,20170.684556
-89.12692,18,20172.602768
-69.401415,20,20174.600027
-73.251285,19,20176.466538
-77.583022,23,20178.570772
-59.70978,26,20180.757331
-84.215304,19,20182.545905
-62.34378,21,20184.46089
-69.927474,18,20186.643754
43.619067,30,20189.341026
-105.730898,13,20191.094675
-61.904222,23,20193.12628
-82.367589,21,20194.924466
-68.677236,19,20196.629276
-55.397522,24,20198.76753
-60.819397,24,20200.987876
-66.061646,21,20202.940552
-82.524863,18,20204.555284
-82.828645,18,20206.406149
-65.418987,22,20208.583112
-83.880786,18,20210.288988
-72.328556,20,20212.366147
-71.921378,20,20214.198434
-87.136352,19,20216.13777
-70.889988,22,20218.43506
-85.453029,21,20220.374226
-76.747602,24,20222.611174
-28.45393,23,20224.781156
-88.550172,17,20226.3355
-77.559628,19,20228.134027
-76.808976,18,20229.830287
-32.19892,24,20231.987573
-36.749431,24,20234.164762
-88.319768,18,20236.059128
-68.358074,22,20238.108323
-76.435884,21,20240.047045
-60.14697,24,20242.101143
-92.730932,21,20244.078262
-80.738217,18,20245.917887
-85.608228,21,20248.124344
11.920756,26,20250.57015
-85.579167,18,20252.238419
-72.160954,19,20254.082907
-65.878337,23,20256.097113
-94.591563,22,20258.005796
-66.038663,22,20259.960786
-72.0923,20,20261.7383
-69.723671,20,20263.624098
-85.605829,17,20265.980005
-73.926437,20,20267.898333
-64.507729,26,20270.229728
-89.669027,18,20271.885536
-70.901454,24,20274.645385
-75.635085,22,20276.579637
-71.573823,20,20278.617758
-26.850574,24,20280.923965
-80.941035,17,20282.50192
-25.219534,26,20285.075118
-67.847568,23,20287.053831
-58.452986,24,20289.17346
-69.673994,21,20291.026999
-84.687053,19,20292.768484
-31.064858,17,20295.072968
-60.142036,26,20297.362692
-23.831466,24,20299.52734
-61.824351,24,20301.675932
-76.410477,19,20303.4483
-18.530378,25,20305.779044
-84.114265,20,20308.09274
-81.156601,17,20309.670946
46.554356,25,20311.956662
-71.476062,19,20313.675119
-82.335216,18,20315.381237
36.010108,30,20318.072516
-86.482228,16,20319.70872
-79.833949,22,20321.641886
-21.565745,28,20324.164381
-67.632904,23,20326.148503
-23.024275,24,20328.386413
-97.198873,18,20329.987423
-80.111392,22,20331.914108
-26.74314,26,20334.265652
-74.079771,21,20336.203371
-36.461326,22,20338.345698
-79.904333,24,20340.678347
85.612842,33,20343.594167
-74.714527,22,20345.646817
-77.715299,19,20347.35931
-73.639685,20,20349.266052
-81.045745,19,20351.01565
-88.558838,20,20352.913375
-79.86635,19,20354.623638
-78.204868,20,20356.458689
-58.427507,24,20358.58371
-73.904876,20,20360.389989
-70.905763,22,20362.316092
-53.54797,25,20364.516932
-23.120845,23,20366.913113
-86.774784,15,20368.375114
-83.507792,19,20370.035017
-82.231053,16,20371.511858
-75.6723,23,20373.504966
-57.581933,25,20375.671505
-89.319115,18,20377.246081
-59.540539,25,20379.37422
-33.215602,21,20381.321559
-69.089799,22,20383.440917
-61.141811,20,20385.276828
-68.666509,21,20387.14354
-81.322085,20,20388.96352
-83.965807,19,20390.678246
-77.717983,19,20392.650412
-58.851076,23,20394.746212
-25.695299,22,20396.796983
-25.539027,22,20399.04619
4.390056,25,20401.612765
-58.828591,25,20403.804183
-72.252119,22,20405.721635
-79.542192,19,20407.595007
-70.313645,20,20409.385747
-77.470647,18,20411.019832
-103.688338,19,20412.726438
-97.228902,20,20414.512222
-77.184064,20,20416.38074
-76.543579,18,20418.256434
-61.327132,21,20420.468077
7.14437,26,20422.84888
-72.395372,22,20424.79447
-80.584001,18,20426.772412
-28.508418,25,20428.945822
-69.19478,24,20431.140533
-21.806859,23,20433.291788
-20.789334,26,20435.595975
-67.004905,22,20437.589337
-86.522862,22,20439.664765
-60.737999,23,20441.6969
-84.846482,22,20443.770745
-14.489677,28,20446.197506
-27.259047,20,20448.213755
-87.599067,16,20449.793052
-77.41902,22,20451.687558
-48.437466,21,20453.62497
-74.395477,21,20455.493725
-75.921036,23,20457.657126
-80.962397,23,20459.859006
-83.298739,21,20461.763321
-80.506435,20,20463.668677
-74.849268,25,20465.803165
-82.443669,20,20467.573793
-21.836491,26,20469.753254
-69.24087,20,20471.879747
-65.477537,23,20473.943209
-57.192607,22,20475.914714
-20.792397,22,20477.928776
-23.054818,26,20480.299363
-31.22251,26,20482.547221
-69.087663,23,20484.627306
-79.614312,20,20486.971189
-70.367993,18,20488.72208
-89.202305,19,20490.395601
-62.510414,21,20492.293205
-41.098491,18,20494.751659
-72.38668,23,20496.834437
-73.362276,20,20498.711646
-81.646726,20,20500.527031
29.092557,30,20503.189558
-15.51809,26,20505.651117
-72.467122,18,20507.30804
-47.756867,28,20509.689664
-63.486684,24,20511.907611
-16.865752,26,20514.300792
-26.685828,23,20516.481622
-25.039326,22,20518.666746
-76.750066,20,20520.60851
-64.728385,19,20522.364314
-66.524249,22,20524.352946
-12.34105,29,20526.902109
-66.357824,25,20529.093966
-70.485928,17,20531.150774
-73.046384,22,20533.040663
-41.586141,20,20534.927975
-52.547001,27,20537.328963
-78.56229,20,20539.140671
-67.360129,23,20541.159966
-35.139884,22,20543.169198
-59.474013,24,20545.286556
-83.707795,19,20547.32779
-79.562918,21,20549.182285
-66.775974,22,20551.100249
-81.288589,21,20553.024317
-27.88241,23,20555.383576
-78.139449,19,20557.087516
-17.241965,26,20559.456674
-69.581678,22,20561.387268
-78.422067,20,20563.33327
-49.028792,18,20565.988631
18.289138,24,20568.212581
-72.968254,20,20570.008105
-25.319013,24,20572.233379
-20.738411,23,20574.369915
-60.364936,25,20576.49857
-62.445728,25,20578.904028
-18.47436,23,20581.031614
-68.299621,21,20582.953857
-57.007872,24,20585.039758
-69.135804,20,20586.880217
-71.485108,21,20588.735616
-69.733552,22,20590.662862
-80.840003,21,20592.725926
-64.480792,22,20594.683915
-56.950877,24,20596.969689
-79.632364,19,20598.718603
-13.211089,28,20601.105364
-74.941803,21,20602.966229
-79.249656,15,20604.453444
-95.052101,25,20607.033291
-20.992379,25,20609.278309
-71.17968,20,20611.082266
-78.949997,17,20612.702131
-67.082443,21,20614.578268
-17.091245,24,20616.741854
-79.889802,23,20618.755585
-106.143031,15,20620.221791
18.058497,27,20622.705769
-71.789936,20,20624.467617
-72.218725,25,20627.372566
-61.368355,21,20629.402385
-62.721401,22,20631.393634
-69.375937,20,20633.219652
-80.49777,20,20634.946927
-69.147785,22,20637.037177
-78.89736,19,20638.921001
-26.108491,24,20641.258555
-67.338463,25,20643.476487
-32.92973,21,20645.43665
-82.575322,17,20646.987924
-2.633418,30,20649.57765
-72.306879,23,20651.547759
-75.563501,19,20653.311807
-74.938698,19,20655.04829
-19.130135,23,20657.151292
-18.627528,26,20659.527329
-15.982571,25,20661.838528
-68.611949,23,20663.874467
-20.322862,27,20666.634197
-85.066636,16,20668.136374
-65.200562,22,20670.210669
-38.694028,23,20672.268838
-85.121737,19,20673.996256
-69.757699,25,20676.212181
-20.099232,22,20678.322006
-58.511666,23,20680.51072
-55.549692,23,20682.552707
-79.051604,16,20684.085998
-61.457808,20,20685.936627
-14.2493,26,20688.281786
-58.270644,24,20690.347488
-65.839425,24,20692.416974
-62.560429,26,20694.702362
-12.822721,25,20696.927332
-69.266653,19,20698.858908
14.797541,24,20701.172548
-70.72143,20,20702.986799
-94.140315,17,20704.519732
-67.851025,23,20706.551109
-79.494027,18,20708.233339
-81.655899,18,20709.966068
-97.464902,14,20711.74273
-109.550039,19,20713.602215
-71.622774,18,20715.285774
-91.968146,20,20717.086872
-64.379988,26,20719.308728
-19.875678,23,20721.47299
-59.428547,21,20723.348026
-106.661405,17,20725.436454
-59.742316,24,20728.09332
-64.728877,25,20730.201563
-81.926133,17,20731.825449
-12.005407,29,20734.54141
-22.118648,24,20736.658359
-84.986109,17,20738.274056
-96.887356,22,20740.269364
-18.072342,26,20742.69987
-35.26445,20,20744.953203
-69.871229,20,20747.09251
-69.450076,23,20749.397366
-70.776561,23,20751.57711
-72.500463,24,20753.659557
-75.268197,20,20755.498528
-68.305681,20,20757.35899
-70.528297,24,20759.68645
-69.297777,22,20761.683967
-31.728295,25,20763.924537
-32.945246,23,20765.960683
-33.023438,22,20768.010166
-61.588289,23,20770.144484
-86.759948,17,20772.206505
-97.458417,16,20774.673334
-71.301175,19,20776.433279
-92.714755,14,20778.414114
-21.940431,26,20780.856327
-68.762697,21,20782.785324
-71.701106,25,20785.204893
-23.368808,24,20787.767276
-56.444998,24,20789.924962
-68.208156,20,20791.779694
-30.198055,23,20793.963882
-76.641085,20,20795.746069
-69.605998,23,20797.733609
-26.235046,22,20799.750863
-64.591699,22,20801.699522
-12.904404,27,20804.205917
-23.684854,22,20806.211336
-15.116944,23,20808.485201
-90.155202,19,20810.436801
-94.145498,19,20812.208251
-27.734609,21,20814.121352
-75.137523,19,20815.837999
-76.100368,21,20817.826832
-67.212305,21,20819.869523
-15.39021,26,20822.173372
-72.01953,20,20824.00523
-85.701365,18,20825.681408
-56.535695,25,20827.816911
-9.748537,28,20830.379599
-60.942179,21,20832.401626
-49.332773,26,20834.682137
-69.31318,20,20836.621334
-75.998101,21,20838.441702
-77.580259,23,20840.490676
-69.424543,20,20842.325698
-75.945505,20,20844.1481
-74.692543,21,20846.51729
-11.222766,26,20848.824292
-100.381947,14,20850.168749
-70.72821,20,20852.054483
-85.176841,23,20854.193105
-61.418385,23,20856.191061
-92.894329,17,20857.888631
-84.3674,17,20859.468078
-63.92243,23,20861.510797
-106.313057,15,20863.792994
-59.087127,26,20866.104632
-71.866737,19,20867.860997
-36.586221,23,20869.881627
-73.1483,22,20871.860522
-78.721417,21,20873.774623
-56.949576,24,20875.866378
-85.687847,21,20877.758894
-66.915696,20,20879.70295
-95.024552,16,20881.639078
-68.875361,22,20883.594608
-66.884421,23,20885.580733
-25.448403,24,20887.670846
-76.166994,19,20889.456109
-79.706172,19,20891.256642
-18.180886,28,20893.73467
-52.187521,25,20895.886522
-94.346032,17,20897.475974
-91.160828,16,20898.92017
-92.021945,15,20900.671109
-28.787766,24,20902.802974
-62.715262,23,20904.903162
-86.189889,18,20906.923074
-17.266266,27,20909.221648
-75.514825,20,20911.06762
-74.808827,22,20913.065873
-89.460793,17,20914.641107
-87.681414,19,20916.39512
-61.868731,22,20918.32462
-81.707138,17,20919.989016
-77.01247,21,20921.92128
-56.962023,26,20924.228715
-86.629996,20,20926.089221
-15.029636,27,20928.49027
-74.242737,21,20930.358204
-76.792186,18,20932.04171
-68.886303,24,20934.097113
-90.498336,19,20936.171411
-68.098764,21,20938.3335
-73.516818,22,20940.334091
-20.20647,24,20942.534265
-78.628713,19,20944.277093
-65.991552,24,20946.35026
-98.285867,16,20948.093066
-74.723124,20,20949.84547
-72.397377,19,20951.652143
-64.636466,25,20953.757409
-65.641901,22,20955.672298
-62.223019,26,20957.809965
-54.456846,26,20960.038447
-97.020108,19,20961.735395
-94.145761,24,20963.820263
-73.432115,22,20965.78529
-68.875237,22,20968.141736
-77.431235,21,20970.084752
-73.396817,22,20972.016863
-72.104535,20,20973.888587
-15.966557,25,20976.098063
-61.787034,22,20978.046338
-73.114825,23,20980.014261
-67.068296,23,20982.650799
-19.395884,26,20985.008936
-9.784802,27,20987.586049
-35.863265,18,20989.266233
-53.217392,23,20991.257938
-19.659249,25,20993.554963
-69.50522,21,20995.438653
-16.219641,27,20997.847147
-21.353014,24,21000.108483
-67.223769,17,21001.737483
-75.252366,17,21003.360675
-8.479462,30,21005.928108
-64.645306,21,21007.876086
-68.171156,19,21009.629651
-40.834652,20,21011.43201
-67.194759,18,21013.129374
-84.082798,15,21014.593878
-60.126515,24,21016.70911
-77.145069,20,21018.459432
-79.351344,21,21020.303257
-75.971743,23,21022.438839
-82.813499,21,21024.309969
-66.516427,23,21026.662674
-64.318151,20,21028.53922
-86.392382,17,21030.105729
-64.730721,21,21032.026795
-28.239158,24,21034.520646
-30.939855,22,21036.537281
-69.017754,24,21038.6103
191.314025,37,21042.080262
-70.282729,19,21043.905655
-69.445298,21,21045.910918
-67.678538,22,21047.975635
-73.810106,26,21050.324397
-83.391403,21,21052.376425
-75.764171,20,21054.339353
-77.482409,21,21056.240917
-21.656141,26,21058.742312
-60.548409,21,21060.706167
-78.008557,19,21062.384859
-75.700235,22,21064.323095
-72.323421,20,21066.207449
-63.0485,24,21068.260731
-80.603404,19,21070.684701
-75.179411,19,21072.359921
-80.464077,18,21074.051347
-63.215598,21,21075.917435
-69.015366,22,21077.85243
-26.960883,23,21079.946635
-95.9694,18,21082.714849
-88.016589,16,21084.213516
-62.578682,26,21086.927663
-48.817825,27,21089.26659
-4.258259,31,21091.977262
-86.702911,22,21093.874732
-76.266029,19,21095.586546
-82.419223,17,21097.169576
-78.858814,20,21099.096167
-74.209226,20,21100.868594
-84.694745,19,21102.67548
-83.70078,18,21104.362664
-69.913194,22,21106.418559
-77.38154,20,21108.19591
-77.726699,20,21110.107572
-95.204341,17,21111.654433
-7.756352,28,21114.134461
-24.602021,22,21116.202144
27.165301,25,21118.642933
-15.287939,28,21121.161776
-72.443924,26,21123.353727
-75.358042,21,21125.244159
-70.038209,22,21127.197708
-62.812506,23,21129.182693
-84.977779,22,21131.128159
-66.50938,22,21133.096541
-104.208099,15,21135.060225
-78.228368,22,21137.058194
-81.311974,19,21138.952785
-58.85298,26,21141.156027
-83.586955,18,21142.897748
74.541595,28,21145.508123
-62.685428,20,21147.636358
-19.05733,24,21149.781378
-69.985681,21,21151.931488
-71.312718,22,21153.821298
-66.011203,22,21155.834964
-81.587469,23,21157.827592
-69.092855,23,21159.967155
-80.301863,18,21161.562217
-19.824391,23,21163.715429
-12.158809,25,21166.045138
-73.526184,21,21168.230006
-14.043349,28,21170.638078
-32.568712,21,21172.581405
-97.83108,14,21173.944784
-49.818121,23,21176.029627
-81.295448,22,21178.080414
-94.514313,20,21180.071785
-25.848753,24,21182.187702
-77.035856,21,21184.082338
-78.489263,18,21185.776436
-70.756267,20,21187.596448
-75.883287,21,21189.47528
10.515145,28,21191.894341
-72.3401,21,21193.720194
-73.29665,19,21195.495824
-80.385035,22,21197.496807
-65.45422,21,21199.427378
-75.629556,21,21201.262153
-24.970249,23,21203.588718
-27.665795,21,21205.998784
-68.408313,23,21208.67281
-16.775741,27,21211.050662
-88.842786,18,21212.759902
-81.310758,19,21214.503513
-26.114657,26,21216.821907
-96.058872,15,21218.23332
-80.009092,21,21220.846486
-62.484996,27,21223.20089
-65.452729,20,21224.975083
81.997376,26,21227.397573
-80.44447,20,21229.209229
28.069121,29,21231.781092
-10.880791,28,21234.254787
-72.883203,20,21236.068585
-81.150477,20,21238.039458
-55.319043,25,21240.299452
-62.051832,23,21242.292901
-64.747114,22,21244.22796
-84.227605,21,21246.187131
-90.347059,17,21247.715484
-24.517711,27,21250.008276
-18.795628,23,21252.096686
-21.914466,25,21254.402967
-79.981004,18,21256.009056
-70.666249,21,21257.973939
-16.283924,25,21260.274982
-92.510155,19,21262.113564
-63.450426,21,21264.02251
-72.927635,19,21265.917679
-79.636108,18,21267.732862
-55.870707,28,21270.143223
48.145779,26,21272.5157
-37.745773,24,21274.539514
-69.783981,21,21276.429651
-73.441779,24,21278.567844
-38.974762,24,21280.752291
-66.881542,20,21282.588946
-78.004957,23,21284.833758
-103.71646,13,21286.616949
-24.226419,24,21288.721295
-14.413383,26,21291.060561
-14.886966,26,21293.338383
-69.553229,21,21295.241342
-67.354715,20,21297.071705
-66.009974,22,21299.233129
-71.55538,24,21301.297988
-55.198535,22,21303.304662
-54.059292,27,21305.669909
-78.991871,17,21307.286316
-23.973535,22,21309.240043
-57.128425,22,21311.262005
-75.002068,24,21313.374774
-13.557362,27,21315.731731
63.685112,26,21318.209859
-63.364302,22,21320.216531
-76.562966,19,21321.893558
-76.079662,23,21323.852091
-63.638864,24,21326.570777
-39.059991,23,21328.671133
-84.946915,19,21330.47253
-68.671913,24,21332.552147
-80.099286,20,21334.925934
-61.584261,22,21336.865759
-80.771733,21,21338.744121
-72.903048,21,21340.618064
-71.440136,27,21342.877393
-65.871551,25,21345.009564
-76.501523,23,21347.058129
-96.519703,21,21349.030112
-29.792409,25,21351.307426
-62.0678,20,21353.218175
-26.942001,25,21355.456582
-11.033323,25,21357.78076
-55.130361,23,21359.959359
-86.944218,20,21361.889446
-59.848375,24,21364.03651
-65.686034,21,21365.893221
-76.658914,22,21367.806838
-48.594281,23,21369.895309
57.550375,30,21372.697979
-34.108453,21,21374.600999
-90.623596,17,21376.296767
-76.528883,17,21377.919457
-86.995393,18,21379.586338
-8.578642,27,21382.004215
-72.052066,21,21383.886726
-79.848135,20,21385.897338
-111.129888,11,21387.155802
-68.175888,20,21388.96501
-66.369192,24,21391.159515
59.316842,25,21393.574402
-56.820753,25,21395.744389
-84.535528,19,21397.424354
-79.023805,18,21399.065089
-57.591598,25,21401.320577
-36.393064,25,21403.8663
-17.975194,23,21405.997459
-69.95782,17,21407.609497
-9.343048,31,21410.397037
-78.629344,21,21413.109645
-82.898853,20,21414.92006
-48.990303,25,21417.134966
-64.293552,19,21419.070616
16.988428,27,21421.506432
-33.659177,24,21423.672249
-11.36159,29,21426.155673
-37.554512,22,21428.172711
-76.451337,22,21430.097916
-72.423021,21,21431.995197
-64.256509,23,21434.18872
-38.300003,21,21436.288602
-39.415613,20,21438.187912
-61.804609,22,21440.13026
-58.684166,23,21442.152704
-17.434661,26,21444.524842
33.438788,28,21447.70006
-78.252691,21,21449.560299
-72.532164,24,21451.671183
-22.362336,22,21453.722333
-78.504229,18,21455.330412
-78.473528,19,21457.050898
-89.776817,16,21458.977404
-70.475457,17,21460.659918
-81.786874,17,21462.292589
-17.223346,28,21464.676842
-63.690516,24,21466.754939
-68.820729,21,21468.702961
-82.228852,21,21470.593563
-76.149393,22,21472.477085
-63.664724,20,21474.362994
-65.094693,22,21476.326735
-61.826488,23,21478.486671
-62.604388,21,21480.505936
-66.298046,22,21482.443702
-73.284111,19,21484.284807
-76.486389,21,21486.116175
-64.347519,21,21488.116994
-76.489403,18,21489.776911
-80.189977,24,21491.989194
-77.15812,21,21493.9094
-78.280608,20,21495.659745
-71.798907,24,21497.713758
-62.715892,21,21499.645159
-79.002596,23,21501.610465
-67.895328,20,21503.418886
-14.509793,30,21506.216451
-30.790921,21,21508.216731
-35.976588,24,21510.360213
-58.731391,24,21512.420924
-63.457743,23,21514.448266
-61.236116,24,21516.644871
-76.119529,12,21517.914856
39.23536,29,21520.642719
-77.19283,18,21522.270795
-79.79319,18,21523.98161
-8.067858,25,21526.21392
-60.337603,22,21528.164181
-75.164386,22,21530.095466
-18.863966,26,21532.540023
-91.915921,18,21534.257422
-82.228732,19,21535.951519
-15.255252,28,21538.485929
-93.428215,18,21540.264628
-70.54866,21,21542.173402
-34.649302,23,21544.223923
-78.976462,16,21545.754444
-27.779855,23,21547.892723
-72.661768,18,21549.54796
-7.815029,28,21552.018373
-18.614431,24,21554.1889
-58.102366,20,21556.034331
-72.366436,19,21557.721552
-21.926785,25,21559.900952
-61.142606,22,21561.819738
-62.039737,25,21564.035085
-81.112367,20,21566.200184
-26.049751,25,21568.745242
-69.104459,21,21570.671504
-22.738748,28,21573.210567
-75.457568,16,21574.747587
-72.439842,18,21576.474154
-74.409218,19,21578.183221
23.193436,24,21580.40747
-24.478539,25,21582.653623
-84.941496,19,21584.467789
-75.054789,20,21586.25213
-31.807862,23,21588.295644
-20.020638,25,21590.491226
-62.543688,24,21592.613508
-73.09044,19,21594.367881
-84.288024,20,21596.237445
-16.23879,24,21598.575839
8.249831,24,21601.253372
-71.341475,21,21603.170413
27.386583,24,21605.50758
-61.99215,21,21607.429674
-60.00396,25,21609.543298
-85.890175,20,21611.257124
-89.130308,17,21612.833834
-80.14139,21,21614.934203
-17.891331,26,21617.186889
-81.341126,20,21619.443538
-56.993414,23,21621.461188
-74.359402,19,21623.210499
-81.490095,19,21624.962707
-62.954812,20,21627.053171
-88.633849,17,21628.589587
-73.609663,23,21630.579229
-63.376726,25,21632.803547
-74.779323,20,21634.668027
-81.545853,23,21636.71955
-75.339841,25,21638.74332
-46.887522,20,21640.567685
-56.787032,26,21642.814955
-75.400694,18,21644.502535
-74.590642,20,21646.290279
-28.875088,24,21648.505919
-63.684118,23,21650.733466
-80.32879,19,21652.502815
-73.173907,23,21654.657627
-65.848302,22,21656.617411
-71.018129,19,21658.528051
-79.383757,19,21660.521393
-79.126362,20,21662.495355
-98.701525,16,21663.939714
-82.231559,20,21665.931203
82.626603,32,21668.907763
-65.475123,23,21670.907198
-9.227883,24,21673.086341
-74.305402,22,21674.998563
-18.290175,25,21677.314785
-5.896489,26,21679.60988
-84.189472,21,21681.435593
-67.366657,20,21683.227774
-59.131517,21,21685.164392
-52.348451,26,21687.926801
-69.449193,19,21689.674725
-76.200594,21,21691.562086
-62.659109,24,21693.756576
-82.055106,20,21695.566795
31.083213,28,21698.04611
-58.615576,22,21700.096795
-66.274528,20,21701.959768
-20.62239,25,21704.237136
-64.565546,23,21706.222798
-91.82113,19,21707.909765
-52.13874,25,21710.109211
-11.763353,28,21712.617182
-81.229099,15,21714.228369
-72.125529,20,21716.013188
-65.231357,22,21718.151784
-90.823051,23,21720.290584
-82.670974,18,21721.909997
-75.081757,21,21723.787237
-55.626059,24,21725.921679
-58.703811,22,21727.888155
-53.411596,22,21729.89503
-62.270709,23,21731.934609
22.049155,26,21734.324705
-22.860129,24,21736.44554
-49.527838,17,21738.127378
-21.385167,25,21740.422406
-9.842978,28,21742.978082
-29.801557,24,21745.155564
-70.460468,23,21747.741948
-77.193063,16,21749.30453
-82.958123,17,21750.887003
-83.555823,20,21752.657159
-72.377274,19,21754.359197
-55.814858,26,21756.567977
-62.583259,22,21758.560138
-93.69557,15,21760.447346
-65.444178,19,21762.232026
-30.717164,24,21764.400738
-37.687516,22,21766.736636
-55.597743,21,21768.754045
-68.611288,22,21770.659615
-89.906495,20,21772.785925
-55.972281,22,21774.775784
-58.948671,24,21776.832396
-76.345175,20,21779.236823
-68.36876,23,21781.273926
-90.409355,19,21783.016485
-62.712457,20,21784.840627
-68.450896,21,21786.6887
-56.444714,23,21788.701718
-69.804132,23,21790.815111
-71.350481,24,21792.872545
-76.2579,18,21794.537128
-77.900089,19,21796.267301
-58.788225,23,21798.348498
-52.115772,25,21800.545272
-39.476235,21,21802.425232
-77.202713,20,21804.297261
-64.02381,23,21806.880008
-34.168088,22,21808.950322
-75.669725,15,21810.824337
-27.983152,26,21813.199568
-73.367705,20,21815.166927
20.364882,25,21817.427449
-21.430884,25,21819.799103
-63.35386,21,21821.686051
-15.13219,28,21824.210822
24.409362,24,21826.455234
-71.379555,23,21828.497711
-63.116028,22,21830.494452
-72.060562,21,21832.356994
-72.656779,21,21834.24052
-80.993994,19,21835.930645
-76.06278,21,21837.911705
25.517038,28,21840.611655
-88.001462,19,21842.311692
-60.24407,23,21844.3217
-32.166356,23,21846.376716
-62.985107,19,21848.309161
-82.343251,15,21849.772345
25.622827,28,21852.225808
-32.489625,21,21854.125541
-71.645116,22,21856.073636
-70.167809,21,21858.061373
-73.860506,18,21859.714741
-84.815752,20,21861.531075
-58.054046,25,21863.719705
-68.108066,18,21865.432936
-69.319162,19,21867.734015
-20.43952,18,21869.488716
-66.868279,20,21871.341399
-74.088965,26,21873.559606
-61.141074,23,21875.577158
115.556125,34,21878.579154
-60.365449,25,21880.78075
-67.141567,21,21882.598306
-58.419745,24,21884.744367
-70.710996,21,21886.638399
-21.565874,22,21888.746567
-6.930681,28,21891.323066
-66.361701,23,21893.302934
-36.825202,20,21895.201068
-77.48239,20,21897.01946
-61.654555,24,21899.552719
-79.066894,19,21901.338328
-76.036557,20,21903.111909
-78.18179,20,21904.902756
-71.111136,18,21906.584379
-31.117801,24,21908.881111
-75.26,18,21910.606144
-44.932417,19,21912.396361
-71.163988,24,21914.547282
-82.474175,21,21916.456134
-59.889343,20,21918.35236
-82.203875,19,21920.169528
-67.615465,20,21922.040311
-77.749225,20,21923.850799
-70.814746,19,21925.590326
-53.779984,25,21928.036716
-67.339202,20,21930.276773
-77.757556,19,21932.100271
-79.614072,22,21933.988961
-113.407932,18,21935.881303
4.292375,28,21938.372571
-14.910024,25,21940.781747
20.686343,29,21943.406499
-11.17745,26,21945.777872
-81.875461,22,21947.798115
-68.264478,22,21950.307591
-31.660737,20,21952.436723
-87.863294,15,21953.869955
-64.11883,22,21955.849526
-63.410903,24,21958.042503
-90.050534,20,21960.016675
-60.791986,20,21961.882811
-96.357331,15,21963.426607
-65.579588,23,21965.516609
-69.019767,20,21967.280337
-71.749647,20,21969.068249
-13.639955,29,21971.598883
-81.06686,19,21973.321184
28.261299,29,21975.8768
-22.049232,26,21978.205512
-78.129609,17,21979.823258
-80.731256,18,21981.522197
-36.968393,23,21983.621948
-41.378464,27,21986.575181
-82.9327,19,21988.33769
-91.986826,18,21990.014047
-37.777113,20,21991.976107
-72.066091,25,21994.138814
-79.041924,20,21996.001438
-63.187855,24,21998.057586
-60.964268,22,22000.108551
-22.238993,23,22002.218473
-59.027488,24,22004.351608
-61.817877,22,22006.358683
-89.085216,21,22008.470961
-64.717558,20,22010.331913
-73.655847,20,22012.106644
-67.794784,21,22013.999274
-85.462998,19,22015.79456
-63.56283,22,22017.914134
-70.172368,21,22019.935589
46.718139,28,22022.37664
-78.561238,20,22024.151357
-64.755437,21,22026.126779
-79.894144,17,22027.664443
-79.217949,19,22029.360908
-56.721583,26,22031.582595
-63.183352,22,22033.557852
-20.246364,23,22035.694927
-68.500879,22,22037.675086
-28.039039,21,22039.629498
146.287844,35,22042.758466
-71.518709,25,22044.992502
-84.725598,18,22047.568694
-62.355865,24,22050.448993
-64.691554,23,22052.977489
-74.336272,19,22054.699553
-67.02042,22,22056.769984
71.432416,32,22059.590371
-72.947379,19,22061.67686
-65.109929,22,22063.643476
-72.761747,19,22065.40604
-35.225614,26,22067.717516
-56.438358,27,22069.977365
-8.113292,24,22072.213849
-75.781651,18,22073.843448
-67.483034,21,22075.813627
20.595509,25,22078.341968
-91.241433,20,22080.26066
-54.944101,23,22082.267066
-86.641148,21,22084.115291
-70.90219,21,22086.083217
-77.945574,22,22088.014327
-58.00961,24,22090.063812
-56.466793,22,22092.045981
-17.187034,25,22094.277985
-17.578715,24,22096.527001
-18.200034,25,22098.780476
-78.663098,16,22100.281194
-73.452368,20,22102.142316
-20.70006,24,22104.300637
-64.73478,23,22106.99095
-67.854959,22,22108.913312
-73.286161,20,22110.7478
-19.058533,24,22112.922171
7.171863,28,22115.390672
-74.977585,20,22117.280286
-63.937719,22,22119.29179
-50.05273,25,22121.570587
13.911461,25,22123.905939
-81.08624,18,22125.600482
-51.400723,24,22127.849381
-9.223503,28,22130.267132
59.563953,26,22132.669205
-70.248805,23,22134.706593
-88.872013,17,22136.29573
-66.468482,21,22138.448682
-69.096079,23,22140.639352
-27.900002,22,22142.675724
-71.61352,22,22144.680743
-15.999757,23,22146.824753
-56.404482,20,22148.732782
-74.788611,21,22150.634344
-66.312111,24,22152.754663
-80.784855,21,22154.550281
-60.067179,26,22156.920265
-64.287184,21,22158.798028
-90.737086,18,22160.518847
-65.393073,21,22162.424276
-10.138821,24,22164.675727
-72.64518,23,22167.009217
-16.495712,25,22169.269063
-86.244227,22,22171.296774
-61.29101,23,22173.322352
-68.152756,23,22175.478308
-67.622923,19,22177.309583
-30.253182,23,22179.463056
-11.922838,26,22182.142195
-67.681545,22,22184.186694
-55.21749,24,22186.506436
-15.224881,22,22188.549898
-80.649388,18,22190.186927
-68.079146,22,22192.113233
-77.540449,18,22193.755634
-71.537882,18,22195.408487
-71.815221,24,22197.528604
-70.95129,22,22199.661757
-70.934982,20,22201.514966
-18.32352,29,22204.01329
-80.452228,20,22205.781724
-61.365403,25,22207.881566
-66.464638,22,22209.859613
-78.563665,21,22211.785342
15.295501,25,22214.10443
-23.689191,26,22216.438716
-67.345134,19,22218.191139
-66.143261,20,22220.030574
-16.738574,23,22222.151275
-60.652346,23,22224.172145
-57.693051,24,22227.008358
-58.2342,21,22228.980246
-110.494844,17,22230.55719
-83.671886,19,22232.237434
-82.710619,21,22234.275043
-19.009826,25,22236.448139
-65.599395,21,22238.352687
-83.172334,20,22240.14271
-71.276406,20,22241.999528
-70.931787,20,22243.94629
-64.645105,23,22245.930586
-11.888247,26,22248.321946
-72.463008,22,22250.492121
-41.342115,22,22252.71636
-85.257912,19,22254.729786
-59.572597,24,22256.990882
-71.274929,21,22259.149657
-78.536625,21,22261.132833
-15.793946,27,22263.473565
-18.619323,25,22265.678143
-67.033053,21,22267.675121
-99.216141,17,22269.262649
-80.611063,21,22272.011579
-69.720433,25,22274.329371
-69.109303,22,22276.370279
-64.175591,23,22278.479176
-63.623158,22,22280.471559
-32.349888,19,22282.61208
-21.059158,22,22284.717434
-20.781306,24,22287.487573
-19.040515,25,22289.960598
-60.584514,24,22292.13726
-70.529244,23,22294.221717
-16.595934,27,22296.56841
-61.987261,22,22298.538817
-60.004115,21,22300.44922
-23.265351,22,22302.523499
-63.538988,21,22304.511456
-71.016712,21,22306.455791
-19.322054,28,22308.862488
-73.082524,23,22310.892705
-25.589403,24,22313.101562
-18.145851,26,22315.444929
-57.527532,25,22317.630406
-75.92096,21,22319.711429
-91.00326,15,22321.155283
-17.769114,24,22323.293375
-13.74122,28,22325.734251
-59.59392,25,22327.956921
-53.378379,16,22329.595825
-71.191009,24,22331.648244
-11.540222,24,22333.854108
-68.215326,21,22335.860869
-74.187394,21,22337.808953
-66.828211,20,22339.637897
-81.96925,20,22341.484705
-20.079018,28,22343.973734
-94.491741,13,22345.31719
-30.682648,23,22347.726628
-64.10098,25,22349.958861
-82.881864,20,22351.875011
-57.6324,23,22353.878048
-69.403962,18,22355.656092
-54.970139,26,22357.882945
-20.560331,22,22359.969106
-71.769302,20,22361.891804
-91.498446,23,22364.00421
-59.259381,23,22366.066689
-95.197914,16,22367.660242
-71.659224,19,22369.403917
-17.699407,25,22371.629876
-61.929129,24,22373.79511
-71.033862,20,22375.753336
-84.489587,17,22377.330826
-59.550393,20,22379.556684
-92.589532,14,22381.485423
-76.188992,22,22383.706899
-75.098951,19,22385.553998
-72.147981,16,22387.114394
-82.88194,19,22388.848349
-70.846502,22,22390.984218
-66.43739,19,22392.730506
58.757335,33,22395.8994
-15.849068,23,22397.995772
-69.412522,21,22399.873399
82.130772,34,22402.863626
16.609375,26,22405.227543
-60.617761,21,22407.655218
-63.821207,23,22409.721783
-35.429608,21,22411.785023
-75.113139,20,22413.681986
72.247688,30,22416.399139
46.89706,33,22419.312327
-64.625902,23,22421.398175
-15.458726,23,22423.539159
-69.296717,19,22425.257998
-61.674793,23,22427.291359
-68.902683,19,22429.041296
-64.626724,21,22431.001245
-31.836573,25,22433.258827
-59.142701,24,22435.334177
-20.349499,23,22437.422942
-64.202087,20,22439.377969
-42.593088,20,22441.274101
-63.638812,24,22443.478913
-59.287402,23,22445.47705
-12.429478,27,22447.740247
-57.021399,24,22449.813711
-77.980664,19,22451.56682
-65.853636,22,22453.6013
-34.470029,23,22455.66912
-71.602619,19,22457.426755
-61.399542,24,22459.559217
-63.762488,23,22461.655695
-75.771069,19,22463.375069
-43.855247,20,22465.220251
-66.097654,20,22467.314368
-97.423305,17,22469.65621
-62.005957,22,22471.645368
-26.401633,24,22473.973329
-98.020568,19,22475.714039
35.413985,26,22478.07297
-81.815226,18,22480.071092
-64.241165,20,22481.912885
-26.963519,24,22484.157025
-19.234472,24,22486.391679
-80.894036,18,22488.18725
-85.681509,15,22489.893137
-24.728302,25,22492.121019
-62.021209,26,22494.408306
-81.677034,25,22496.513072
-88.074189,21,22498.467494
-92.530087,14,22499.877943
-79.27515,19,22501.647448
-28.38859,22,22503.692887
-73.814575,20,22505.472452
11.398054,23,22507.652706
-21.078654,27,22510.041336
-61.580614,23,22512.107242
-73.938762,19,22513.881889
-68.661823,22,22515.874705
-56.403642,24,22517.963745
-79.304571,17,22519.528257
-72.769004,23,22521.617067
-13.195028,25,22524.012014
-72.684787,18,22525.931834
-83.240951,20,22528.61779
-69.589169,20,22530.459929
-18.38594,24,22532.866418
49.899014,27,22535.261683
-77.023353,21,22537.087826
-13.535754,23,22539.23743
-5.564657,25,22541.50459
-69.837387,23,22543.615456
-59.643243,26,22545.832509
-51.304353,24,22548.097108
-30.323576,23,22550.368062
38.800063,29,22552.991167
-71.7221,23,22555.070282
12.049474,26,22557.417353
-24.262109,23,22559.669892
-81.767734,21,22561.605934
-56.619554,24,22563.808402
-14.525185,27,22566.142814
-52.033727,27,22568.542698
-21.549268,27,22570.88431
-25.834043,26,22573.468076
-18.966193,23,22575.541916
-67.178494,22,22577.511351
72.274307,31,22580.294628
-58.815343,23,22582.287537
-27.865537,21,22584.227127
73.78738,29,22587.304022
25.713913,29,22589.909582
-81.125806,21,22591.879652
-73.587147,22,22593.846458
-83.247486,17,22595.522312
-71.786302,23,22597.536163
-70.064384,18,22599.17157
-70.281077,20,22600.973799
-64.737416,20,22602.862865
-80.573855,21,22604.859478
-71.30526,23,22606.915099
-72.794092,21,22608.952544
-86.080691,17,22610.591606
-81.355595,22,22612.463574
-72.142712,21,22614.398753
-13.947814,27,22616.829489
-62.644923,20,22618.826025
-71.466153,22,22620.887822
-83.607619,18,22622.536275
-74.758606,20,22624.35312
-75.570329,19,22626.046943
-70.254269,22,22627.959924
-78.821447,21,22629.827127
-17.132348,26,22632.043402
40.465137,28,22634.781027
-88.93189,16,22636.315266
-62.514906,23,22638.388024
-53.887993,22,22640.398097
-85.483387,20,22642.242149
-88.703527,18,22644.591757
-64.725572,21,22646.991355
-67.499614,25,22649.100346
-62.498222,19,22650.903584
22.013275,27,22653.536073
-82.906453,18,22655.450952
-15.525546,26,22657.698051
-12.072833,26,22660.010254
-66.093954,19,22661.734514
-81.647982,25,22663.931662
-29.403369,24,22666.100262
-65.715394,18,22667.865153
-15.108173,25,22670.059256
-70.540851,19,22671.814771
-76.116284,21,22673.744834
-33.403974,22,22675.762134
-12.468089,26,22678.161214
-80.887359,18,22680.213815
-26.182809,24,22682.382661
-37.636501,22,22684.414618
-33.567915,25,22686.587757
22.900738,26,22688.991299
-68.184715,19,22690.738147
-72.716716,23,22692.780408
-74.608464,21,22694.675435
-68.610507,21,22696.559996
-73.599569,23,22698.573961
65.315036,28,22701.2292
-61.657332,19,22702.980427
-84.814412,17,22704.518843
-70.54726,19,22706.629446
-78.169509,21,22708.496183
-52.628524,25,22710.673627
-75.308547,23,22712.645092
-68.803038,21,22714.571763
-13.287216,23,22716.730484
-60.228075,21,22718.673613
-58.464399,23,22720.70093
-75.768174,19,22722.462591
-69.485781,24,22724.698104
-80.962099,19,22726.435676
-74.271148,22,22728.377018
-71.200973,21,22730.294112
-62.628181,22,22732.247991
-65.377716,24,22734.346816
-7.897166,26,22736.656118
-69.694488,22,22738.745793
-56.680772,21,22740.856157
-29.212931,22,22742.83786
-48.782935,24,22744.989214
-74.722923,20,22746.817309
-56.814773,23,22748.877161
-52.076795,26,22751.087343
46.818405,34,22753.939406
-67.691292,19,22755.765232
-59.834775,21,22757.747726
-59.091575,24,22759.822362
-66.078602,23,22761.815249
-27.500127,26,22764.140746
24.35706,25,22767.004778
-70.023852,22,22769.066325
-74.251844,20,22770.857996
-68.715156,20,22772.683349
-64.363134,25,22775.065867
-43.194498,15,22776.554836
35.162275,27,22779.014111
22.276451,25,22781.3185
70.659676,31,22784.129181
-73.811569,23,22786.107958
-54.38168,22,22788.108888
-60.55197,24,22790.176655
-23.965044,24,22792.403977
-30.515916,22,22794.396343
-81.535624,21,22796.313134
-68.720274,22,22798.365758
-72.638503,20,22800.421177
29.705731,27,22802.874841
-51.021809,23,22804.951643
-12.068947,24,22807.107134
-75.389322,20,22808.89938
-78.142405,20,22810.660505
-71.639906,16,22812.187764
-53.668257,25,22814.411122
-18.863634,22,22816.492945
-63.653093,22,22818.462958
-26.216116,23,22820.514212
18.321215,27,22822.993516
33.855604,28,22825.535556
-82.511887,23,22828.237622
-73.118818,24,22830.352006
-23.449944,26,22832.841427
-37.114047,26,22835.218649
-68.87591,21,22837.421965
-25.227175,25,22839.645036
-65.193527,21,22841.60705
-74.898718,18,22843.363328
-60.112101,21,22845.267706
-65.213198,21,22847.237446
-68.070109,21,22849.262734
-66.085794,20,22851.190235
-53.212889,23,22853.246817
-66.168477,21,22855.095574
-62.855204,21,22856.996476
-75.588792,19,22858.892391
-20.988777,24,22861.155859
-26.45275,22,22863.159362
-18.28207,24,22865.333479
-65.553327,23,22867.342936
-25.033352,22,22869.382028
18.100994,25,22871.66743
-57.137215,20,22873.482202
-70.549413,17,22875.175686
-58.478551,22,22877.206192
-67.552782,20,22879.026579
-64.625571,21,22880.933346
-67.71894,23,22883.034513
-60.496935,21,22885.020719
-71.610601,22,22887.366465
-74.051426,19,22889.136024
-19.741721,26,22891.679564
-26.309626,28,22894.496813
-7.549497,26,22896.811645
-65.638307,21,22898.670777
-80.129406,19,22900.429394
-17.152472,28,22902.818963
-26.023451,22,22904.878178
-64.630558,24,22906.941331
20.438617,25,22909.327756
-65.933466,25,22911.553225
-23.561397,26,22913.849053
-84.389666,21,22915.714484
-14.485043,27,22918.248342
-62.30512,23,22920.440008
23.957111,29,22922.976631
-78.179069,20,22924.757823
-69.154981,22,22926.719837
-20.960396,27,22929.313461
-75.09311,22,22931.19238
-16.394011,26,22933.562381
-80.532775,19,22935.399289
89.085992,30,22938.258214
-85.624619,18,22939.997047
-69.72859,20,22941.773144
-60.862979,27,22944.074299
-65.432939,21,22946.506233
-71.56633,18,22948.233845
10.469129,25,22950.587666
-26.458274,26,22952.967574
-22.574104,25,22955.223826
-66.651993,21,22957.088955
-76.620149,19,22958.857485
-85.55286,22,22960.910563
33.388501,31,22963.701062
-73.588947,19,22965.3862
-51.506981,23,22967.428541
-56.541946,25,22969.58372
-66.397481,24,22971.636014
-19.330632,28,22974.064732
-64.978453,22,22975.997345
-52.735327,23,22978.127341
-61.73381,23,22980.293678
-58.032322,22,22982.277341
-58.533901,25,22984.444864
-58.309971,20,22986.312284
-7.985467,25,22988.569345
-64.886926,23,22990.576401
-77.225283,22,22992.555792
-65.498749,23,22994.620881
16.834967,24,22996.795227
-22.620076,30,22999.466234
-114.884785,18,23001.039958
-45.840628,21,23002.988739
-56.17743,26,23005.266827
-41.474318,22,23007.822193
-13.414584,27,23010.216337
-61.311516,25,23012.380226
-83.228964,18,23014.211328
-90.295336,19,23015.914325
-25.882951,23,23018.032518
-64.293833,25,23020.264566
-68.218183,20,23022.070194
-35.329732,20,23023.975695
-86.541125,18,23025.642313
-68.625865,21,23027.654103
-70.471835,21,23029.508128
27.271587,27,23031.95984
-11.230641,25,23034.218961
-35.016328,24,23036.403647
-11.250108,24,23038.715239
-61.524744,24,23040.896991
-63.983594,24,23042.983468
-75.355124,20,23044.827406
-73.203964,18,23046.444695
-20.590496,24,23048.747981
-72.816925,22,23050.800256
-28.419373,24,23052.968734
-55.183433,23,23054.994995
-80.37119,23,23057.026354
-56.477969,23,23059.05006
-55.399114,25,23061.327367
-74.967038,19,23063.077448
-25.638069,23,23065.191102
-42.459834,21,23067.653418
-22.536023,26,23070.047814
-80.127996,21,23072.302989
38.18324,30,23074.89295
-26.75429,24,23077.015749
-71.334316,21,23078.934619
-18.796999,24,23081.194694
-64.571937,22,23083.225388
-18.151663,25,23085.458388
-12.888968,27,23087.845095
-27.934159,27,23090.168729
58.601389,26,23092.64366
-78.240358,20,23094.418643
-19.230153,26,23096.785428
-56.291551,24,23099.054837
-67.270586,20,23100.960382
-62.785574,20,23102.848578
-65.807823,24,23104.916367
-35.424604,22,23106.977101
-66.515051,21,23108.853805
-69.503492,24,23111.104146
-63.222112,26,23113.337738
-62.616758,25,23115.445393
-80.002983,19,23117.181255
-74.415206,22,23119.355415
-103.678839,12,23120.589036
-75.781062,21,23122.437016
-56.502269,21,23124.347436
-65.373659,23,23126.868604
32.846271,28,23129.465346
-59.774432,24,23131.612556
17.732305,25,23133.892915
-74.700858,23,23135.954674
-66.320471,21,23137.837676
-92.080025,16,23139.402955
-50.074165,24,23141.544044
-63.520367,25,23143.788621
-25.40396,23,23145.884961
-88.604732,19,23147.70086
-64.514213,23,23149.91777
-61.636703,24,23151.990397
-66.639043,22,23154.127908
-10.43181,28,23156.558969
-68.483864,23,23158.717213
-15.144757,27,23161.224284
-22.575624,26,23163.522155
-35.731989,21,23165.454045
-59.931317,22,23167.420077
-65.27396,21,23169.296549
-96.311175,18,23171.100672
-69.437058,23,23173.165544
-20.318083,26,23175.443345
82.920414,26,23177.852451
-27.378802,24,23180.166221
-28.222647,26,23182.730332
-31.248308,22,23184.753705
-64.893494,22,23187.095256
8.623762,24,23189.329704
22.728383,27,23191.759222
-69.262022,21,23193.701204
23.763032,28,23196.229285
-53.554807,25,23198.464194
-66.004699,20,23200.310904
19.805728,25,23202.571816
-101.135755,19,23204.299879
31.535008,29,23207.084212
-57.895211,24,23209.343203
-58.705969,21,23211.296757
-52.438686,21,23213.261312
-61.121597,20,23215.137742
-20.315514,23,23217.291061
-12.103117,25,23219.650864
-27.962999,21,23221.575463
-68.491624,22,23223.566949
-62.198114,21,23225.510417
-64.158954,25,23227.617288
-28.397799,22,23229.613567
-77.441274,22,23231.633108
-17.335703,28,23234.054602
-69.670216,19,23235.815287
-66.853831,21,23237.762224
-59.23298,19,23239.751694
-68.655614,22,23241.649328
-68.545405,19,23243.382984
-62.1496,21,23245.238294
-60.95959,23,23247.779152
-29.742976,21,23249.767034
-33.154305,23,23252.012453
34.768121,31,23254.973267
-68.251617,23,23256.984362
-62.37105,25,23259.173594
-69.684332,20,23260.973877
-65.227141,23,23263.030366
-66.024226,23,23265.436302
-19.14767,26,23267.744771
-67.628299,23,23269.785573
-70.587123,24,23272.137032
-72.843745,20,23274.006223
-77.723853,20,23275.861749
-8.201692,26,23278.242538
28.663811,27,23280.836729
-86.691977,17,23282.477959
-73.28679,19,23284.323128
-72.34826,20,23286.127798
-56.641666,21,23288.048029
-52.490423,27,23290.334249
-62.29654,21,23292.230672
-55.169965,27,23294.641765
-16.7511,27,23296.987995
38.801982,27,23299.497599
-61.476644,21,23301.369265
-71.932122,21,23303.219323
-75.599233,20,23305.453219
-68.358189,19,23307.619358
-79.025001,21,23309.504439
-67.663588,23,23311.621385
-22.655782,28,23314.149704
-17.025351,23,23316.333588
-57.606274,23,23318.338418
-51.863227,24,23320.449943
-61.728164,22,23322.402211
-64.403483,21,23324.492401
-59.894453,20,23326.344479
-54.658396,25,23328.487977
-70.145726,19,23330.222119
-80.268943,19,23332.067791
-65.55534,21,23334.030285
-17.338181,27,23336.514953
-68.717098,23,23338.588549
-65.610337,20,23340.532634
-20.604745,25,23342.711729
-45.085113,29,23345.192137
-72.691144,17,23346.774657
-12.504526,25,23349.282097
-75.407809,20,23351.051559
-51.400201,28,23353.447903
-76.931951,18,23355.110939
-75.650793,21,23357.015399
-25.231934,23,23359.144799
-11.98726,26,23361.440463
-85.071825,17,23363.013077
-59.074567,26,23365.318139
-69.862436,20,23367.632923
-20.662218,25,23369.902795
-20.434826,23,23372.014471
-73.794238,17,23373.572505
-66.311784,22,23375.551165
-62.614908,22,23377.576685
-70.816869,18,23379.215523
-9.952403,27,23381.617245
-66.183819,20,23383.493776
-7.782716,27,23385.834527
-82.89186,22,23387.737854
-5.525608,30,23390.356425
-31.56983,23,23392.352931
-16.259263,24,23394.489505
-49.426155,23,23396.497954
-76.615811,17,23398.21201
-77.788713,18,23400.092497
-13.181459,25,23402.25357
-15.040536,23,23404.434583
-57.54697,23,23406.473967
-23.42414,22,23408.512965
-18.122868,24,23410.614364
-28.719323,22,23412.613172
-86.860755,18,23414.369072
-62.339174,25,23416.518838
-73.502839,21,23418.418043
-84.158788,20,23420.211021
32.188208,28,23422.631028
-77.121602,22,23424.613331
45.296001,30,23427.536041
-86.636348,19,23429.397962
-76.309772,22,23431.49056
-88.425303,14,23432.847711
-68.748259,19,23434.6259
9.413937,25,23436.842636
-75.530093,21,23438.728509
-64.574943,22,23440.742043
-77.191636,20,23442.530568
-55.525942,23,23444.640445
-60.704285,21,23446.613103
-74.63899,23,23448.838739
-18.180932,27,23451.48199
-12.477534,25,23453.65815
-4.531035,28,23456.177514
-60.369386,20,23458.053105
-71.857571,23,23460.463366
-71.026656,18,23462.243032
-65.208734,22,23464.284263
-70.296533,25,23466.804595
-27.486618,24,23468.877506
-65.628078,21,23470.852554
-25.396268,23,23472.886611
-71.695623,17,23474.538866
-63.241032,26,23476.84698
-8.16642,27,23479.185313
-75.810069,22,23481.296682
-82.04987,21,23483.141674
-90.587231,13,23484.406839
-79.824178,20,23486.722328
-65.34708,23,23488.76805
26.666629,25,23491.12577
-9.902755,26,23493.466662
-20.939257,23,23495.547483
-13.015048,24,23497.761562
-79.451989,15,23499.208028
-28.191825,24,23501.407922
-31.556612,22,23503.414466
-60.102985,22,23505.417597
-52.466166,26,23507.721556
-15.669819,27,23510.0935
-77.372676,19,23511.815522
-58.55524,27,23514.084036
-63.225173,22,23516.000342
-64.191369,24,23518.225141
-8.683208,25,23520.646666
-26.89219,23,23522.730239
-74.046211,20,23524.581414
-77.534876,19,23526.284308
-8.629017,25,23528.546032
-20.703865,25,23530.838444
-86.602882,19,23532.534905
-69.603292,21,23534.691056
-65.914041,22,23536.904459
-64.918841,21,23538.808519
84.005114,29,23541.481261
-32.987362,23,23543.530496
-69.917679,18,23545.249842
-77.934128,19,23547.465091
-62.551551,20,23549.326959
-67.159899,21,23551.264019
-73.652994,23,23553.257332
-65.42303,20,23555.065237
31.881774,27,23557.490072
-60.525806,25,23559.628705
13.484796,25,23561.916384
-71.078859,22,23563.965819
-94.555099,18,23565.581022
10.904536,24,23567.764068
-70.077913,24,23569.9148
-66.649023,25,23572.157373
-96.681313,16,23573.608263
-17.74906,24,23575.801168
-12.483152,26,23578.195502
-64.244415,23,23580.466617
-86.068587,16,23581.950995
29.873388,24,23584.216135
-64.957803,24,23586.25813
-79.238671,22,23588.170861
-37.645933,21,23590.157653
-69.784546,22,23592.121388
21.333791,27,23594.536732
-25.63655,24,23596.726252
-14.645855,24,23598.869949
-102.16004,17,23600.452095
-75.897001,18,23602.177128
-23.543877,22,23604.165623
-81.070885,19,23606.000215
-65.116916,20,23608.045344
-58.641221,24,23610.196787
-16.166265,22,23612.363853
-77.956145,17,23613.909488
-8.526983,26,23616.172544
-59.599522,23,23618.259322
-66.225814,22,23620.32127
-65.258828,19,23622.539856
30.100709,25,23624.921286
-63.570456,22,23626.839855
-56.101593,21,23628.827154
-47.025406,25,23630.986636
-71.618499,22,23633.122477
-6.782476,25,23635.350469
-78.821053,21,23637.274421
-27.5529,23,23639.468529
-14.506428,27,23641.938351
-72.502911,20,23643.747593
-15.335283,23,23645.919712
-85.487573,19,23647.642929
-67.510331,21,23649.522956
-77.578751,19,23651.246436
-59.222274,24,23653.360104
-84.853269,19,23655.03724
13.035002,26,23657.34899
-65.242478,24,23659.393155
-18.893133,25,23661.626967
-83.067595,17,23663.202781
-17.571681,24,23665.345286
-65.361479,24,23667.89211
-61.808586,20,23669.944665
-57.366157,24,23672.063986
-64.862631,22,23673.992318
-62.548451,23,23676.01324
-20.328143,23,23678.09353
11.841364,24,23680.276688
-69.009987,22,23682.40591
-59.770435,21,23684.390474
-70.363294,22,23686.360551
-82.946055,16,23687.848315
-21.330583,23,23689.932073
-61.864509,21,23691.795341
-26.96343,23,23693.988356
-21.8492,23,23696.039128
-79.964707,20,23697.917495
-15.932924,25,23700.289473
-13.766613,26,23702.620086
-32.50176,23,23704.833175
-56.502237,25,23706.994305
-26.368031,22,23709.019261
-65.627596,21,23710.941234
-61.922597,24,23713.093303
-58.007911,21,23715.014076
-68.077353,23,23716.968615
-66.373857,21,23718.86156
-27.630378,22,23720.87704
-18.628658,23,23723.044708
-65.907474,22,23725.048886
-76.424042,20,23727.346954
-23.543536,23,23729.47582
-71.42982,20,23731.370378
66.214246,28,23734.001218
29.654199,28,23736.458898
-30.38624,21,23738.733608
-58.899115,26,23740.888268
-22.207112,22,23742.958251
-71.58394,21,23745.028206
78.668876,32,23747.904967
-9.822574,25,23750.253448
-63.991555,22,23752.219817
-87.848134,21,23754.080689
-71.330578,20,23755.848805
-32.288045,28,23758.345808
-57.819759,22,23760.444102
-72.120469,21,23762.420073
-17.90699,25,23764.634334
-65.528829,22,23766.616894
-13.206169,27,23768.961545
-84.439006,18,23771.184759
-73.660365,18,23773.022348
-69.617557,20,23774.97847
-6.873085,26,23777.300037
-15.802004,24,23779.522371
-80.343962,17,23781.176624
-63.660912,23,23783.201759
-85.032109,22,23786.913585
-10.895906,26,23789.229592
-54.028618,23,23791.289637
-78.203912,24,23793.522839
-16.428748,24,23795.726964
-47.591694,20,23797.73123
-92.779151,17,23799.302541
-67.798809,21,23801.247201
-87.001846,18,23802.869651
-89.375358,18,23804.573978
-72.992775,20,23806.427285
-64.633962,24,23808.665087
-21.931664,22,23810.732964
-63.778348,20,23812.658913
-21.440404,24,23814.983089
-27.402366,24,23817.207432
-63.83818,21,23819.233146
-64.933084,23,23821.32486
-66.585686,19,23823.118566
-62.457494,21,23825.038071
-11.982313,24,23827.192313
-73.116826,22,23829.345429
-68.643925,22,23831.283008
-55.55189,25,23833.410227
-64.61285,23,23835.442032
22.180348,27,23838.254113
-18.035989,24,23840.464673
-57.616701,24,23842.5771
-68.49068,21,23844.521102
-67.843713,24,23846.959029
-17.137877,28,23849.410428
-54.339388,22,23851.422499
-20.325456,24,23853.580216
-10.55991,27,23856.074475
-86.43061,18,23857.750653
-64.664322,24,23859.806814
-67.633646,21,23861.737455
-21.497596,25,23864.073716
-75.483273,19,23865.848941
-65.028466,24,23867.90609
-70.114119,23,23869.995318
-15.971768,27,23872.42137
-57.053661,27,23874.710966
-48.034568,28,23877.117005
-26.287299,22,23879.243161
39.217069,29,23881.898263
-27.236531,21,23883.876474
-93.336537,21,23885.77781
-72.512793,21,23887.887385
-62.770362,21,23889.805484
28.780445,28,23892.315395
-92.50434,17,23894.04209
12.414411,24,23896.25096
79.907335,30,23898.970623
-76.523777,18,23900.607111
33.50062,28,23903.128782
-68.610372,23,23905.162056
-68.590277,20,23907.405089
-67.342177,24,23909.463592
-53.430806,29,23911.903243
-66.375283,20,23913.7125
-61.410164,22,23915.773606
-64.415286,21,23917.653879
-62.23602,22,23919.592429
-65.975556,21,23921.606434
-11.830684,27,23924.133288
-94.405049,17,23925.727134
-26.700605,24,23927.901924
-69.308306,21,23929.784158
-74.862094,21,23931.691107
-12.509803,25,23933.914443
-57.404306,27,23936.155579
-5.61824,28,23938.72793
-71.426519,18,23940.557931
-75.079282,20,23942.372093
-67.639558,21,23944.256471
29.575855,29,23946.801315
-65.78931,22,23948.902424
27.708637,28,23951.436774
-71.372722,22,23953.395552
34.559997,26,23955.777611
31.657095,30,23958.542218
-59.723042,24,23960.668738
-19.62904,21,23962.598505
-17.071361,24,23964.766145
-73.410928,20,23967.03427
-85.404067,18,23968.631466
-2.155709,26,23970.949999
-73.796678,20,23972.742392
-16.659965,25,23975.083251
-63.087846,19,23976.899329
-26.869888,23,23978.940248
-71.850569,25,23981.035805
-91.28434,16,23982.638742
-58.843483,22,23984.686323
-44.385589,29,23987.133836
87.583361,34,23990.103603
-62.605761,21,23992.042991
-61.773414,23,23994.029188
-75.008728,20,23995.825005
-75.161751,20,23997.687428
-83.105228,22,24000.037531
-3.65444,25,24002.307751
-63.32788,22,24004.219653
-64.301006,25,24006.402853
-65.710163,19,24008.218885
-65.249288,24,24010.235569
-77.901388,20,24012.059376
-13.813261,23,24014.162317
34.516667,28,24016.771896
-67.057375,20,24018.574914
-13.58026,27,24021.009557
-69.738794,20,24022.809877
-74.102262,18,24024.491036
25.851395,27,24027.43832
-56.07118,26,24029.720255
79.466437,28,24032.322182
-27.147224,18,24034.174407
-56.02811,23,24036.261096
-82.3277,17,24037.817356
-73.104002,20,24039.669938
-79.236775,21,24041.786907
-19.378596,23,24043.95704
-11.169509,27,24046.388858
-70.399316,19,24048.276359
-28.676174,23,24050.519866
-73.687762,17,24052.174609
-62.466269,18,24053.933624
-47.501871,26,24056.208764
20.083506,27,24058.799424
-59.643099,21,24060.77825
18.399587,27,24063.201042
-72.128889,20,24064.966402
68.094752,30,24067.747671
-60.471284,24,24069.800167
-64.384783,22,24071.831994
-29.742257,22,24073.896358
-57.402994,22,24075.975257
-75.956374,20,24077.814255
-34.186951,24,24080.106411
-30.535369,24,24082.281987
-58.549899,22,24084.231287
-16.734996,24,24086.808651
-18.376821,25,24089.051642
-22.949017,26,24091.414166
-73.260907,19,24093.158832
-63.480645,19,24094.889941
-12.920074,24,24097.128441
-73.021767,18,24098.837914
-95.498507,19,24100.561501
-76.638428,20,24102.398824
-71.505851,23,24104.446058
-57.56202,21,24106.347098
36.089634,28,24108.924346
-59.895059,23,24111.00465
-70.006058,19,24112.691043
-73.137162,25,24114.827758
-68.379565,22,24116.84964
-68.719418,21,24118.839848
-80.620064,19,24120.774458
-32.669732,24,24122.919238
-16.674237,25,24125.224119
-56.938881,24,24127.334386
-62.781029,20,24129.170249
-67.786001,21,24131.096076
-118.537544,18,24132.805636
50.795665,33,24135.678567
-10.717976,26,24137.976362
-89.908691,16,24139.529977
-72.184273,20,24141.522233
-68.725483,22,24143.499455
31.415477,28,24146.192071
74.089481,33,24149.170793
-73.469274,19,24151.092655
-58.982866,23,24153.159115
-63.056565,22,24155.118428
-7.628541,27,24157.463361
-77.551912,18,24159.188356
-61.412551,23,24161.401213
-82.523688,15,24162.842632
-82.486165,16,24164.416822
32.240903,25,24166.769201
-75.574113,18,24168.490954
-70.930717,16,24170.074634
-73.830427,22,24171.9645
-75.220116,20,24173.820837
-31.26615,23,24175.974025
-67.75375,20,24177.85033
-35.070775,23,24180.106859
-26.2849,26,24182.407527
-23.01408,24,24184.523964
-58.299907,24,24186.606796
-71.163753,21,24188.464909
-53.880361,22,24190.510374
-22.467913,24,24192.633807
-14.199143,23,24194.73721
-62.010403,20,24196.560972
-30.480071,20,24198.565372
-67.982244,23,24200.581218
-26.998718,25,24202.919302
-45.271152,23,24204.925909
-78.470309,19,24206.951753
-73.859708,17,24208.726186
16.197359,27,24211.211002
-66.246307,21,24213.241116
-59.241354,21,24215.238918
-59.316762,23,24217.337915
-60.755655,23,24219.482653
-52.891596,23,24221.544284
-83.825758,18,24223.217192
-68.445569,20,24225.084044
-56.355535,21,24227.031511
-58.419936,21,24228.949157
-62.344688,21,24230.938591
-76.872575,21,24232.872395
-25.89332,24,24235.040215
-13.769184,24,24237.200512
-18.856042,21,24239.335163
10.665024,26,24241.93686
-68.13505,23,24243.929809
-22.762221,20,24245.819741
-32.269494,21,24247.784346
-16.619085,24,24249.979474
-73.277694,20,24251.891707
-72.364071,18,24253.617717
-70.11765,21,24255.543343
-76.052673,21,24257.43059
-55.838888,21,24259.445242
-60.141977,25,24261.630758
-53.181703,22,24263.714599
-9.177298,26,24266.188625
-66.88512,19,24268.289122
-62.312346,25,24270.505514
-68.831816,21,24272.473667
24.719284,27,24274.966921
-68.899609,21,24276.913996
67.072872,29,24279.513157
-83.5235,21,24281.499802
-69.177074,22,24283.659235
-81.213158,17,24285.324149
-67.899983,22,24287.318117
-27.173883,22,24289.362198
-4.63463,30,24291.956881
33.99603,29,24294.429519
-81.752937,18,24296.106761
-23.876554,24,24298.85513
-61.715572,22,24300.930226
-61.744015,22,24302.968125
-58.813396,20,24304.845935
129.280472,35,24307.949405
-9.453118,24,24310.135067
-67.112261,23,24312.148487
-91.380123,21,24314.290984
-9.952294,25,24316.562761
-63.578622,21,24318.410822
-60.284626,20,24320.313834
-66.757392,22,24322.284367
-71.672357,22,24324.234511
27.468227,26,24326.927655
-22.213888,22,24328.929541
-65.71718,21,24330.840065
-65.932101,21,24332.784675
-62.996047,22,24334.723236
-63.536526,19,24336.490233
-73.039137,21,24338.35733
-56.892391,24,24340.53563
-19.430888,20,24342.4809
-63.820177,25,24344.676716
-67.413072,19,24346.481683
-82.446967,20,24348.416317
-11.199095,23,24350.633744
-87.446982,18,24352.415637
-58.476937,25,24354.573698
-26.520787,24,24356.822208
-72.251626,22,24358.844123
-43.804814,23,24361.002648
-53.473593,25,24363.176851
-81.312478,19,24364.923223
-70.339862,19,24366.665293
-63.657018,22,24368.643007
-37.059987,23,24370.716803
120.743629,35,24373.745379
-64.752846,23,24375.74521
-10.95403,25,24378.008193
-78.48565,18,24379.654881
-87.605951,17,24381.337397
-11.996192,29,24383.827429
-32.241849,21,24385.759966
-22.544316,23,24388.401176
-61.978211,21,24390.363739
-61.495836,25,24392.689925
-21.843544,24,24394.815255
-65.640616,25,24396.980327
-67.197127,20,24398.828004
-90.718808,18,24400.486804
-86.668833,18,24402.0677
-22.040994,25,24404.351254
-20.610267,21,24406.352687
-40.130731,21,24408.389128
-67.616191,21,24410.340023
-77.923017,18,24412.174241
-24.990574,23,24414.477121
-67.532685,20,24416.372882
-72.823159,21,24418.356643
-21.182061,26,24420.76377
-57.165003,22,24422.764231
-79.75643,18,24424.429619
-76.343264,20,24426.449501
16.711229,27,24428.814265
-80.057457,21,24430.727623
-83.898979,20,24432.654308
-78.291333,19,24434.377689
-60.770638,21,24436.275537
-75.924145,17,24437.981292
-69.875508,22,24439.951993
-79.861014,20,24441.746498
-83.429229,18,24443.400519
-78.117574,19,24445.232991
-81.553669,22,24447.465594
-23.695388,23,24449.624882
-17.738162,26,24451.949721
-72.435451,22,24453.945369
-71.293861,22,24455.989161
-29.13067,25,24458.282682
-51.054378,23,24460.305293
-60.231232,22,24462.277949
-63.492779,24,24464.472891
-9.147681,23,24466.635789
-60.590396,20,24468.510127
32.582602,29,24471.048671
-71.756393,20,24472.930496
-56.709019,24,24475.06862
-57.82346,23,24477.098654
-43.480741,20,24479.067959
-10.652009,27,24481.520402
-68.406934,21,24483.36529
-69.164098,19,24485.101818
-94.52407,24,24487.192522
-68.473391,24,24489.266489
-66.373283,22,24491.184365
-63.965928,24,24493.269848
-73.299409,21,24495.373077
-72.759583,22,24497.34709
-55.425448,21,24499.250695
-69.502701,24,24501.347666
-17.986905,23,24503.511482
-64.429196,22,24505.458055
-18.980076,23,24508.094796
-68.773014,22,24510.026821
-70.161889,22,24512.181489
-57.55743,24,24514.341894
-80.848081,24,24516.601393
-49.881594,22,24518.644941
-19.126817,22,24520.707021
-77.367365,16,24522.226598
-68.748093,22,24524.358887
-78.678977,20,24526.105604
-17.480965,23,24528.237112
-85.100238,15,24529.679189
31.19532,26,24532.01765
-25.596404,22,24534.063036
-64.178403,21,24535.981733
-75.343023,19,24537.79326
-75.90048,20,24539.773285
-26.927247,22,24541.82267
-66.027769,22,24543.810261
-61.872957,19,24545.572501
-70.123308,19,24547.323263
-74.104947,20,24549.111446
-63.035887,23,24551.152721
-65.646979,23,24553.249583
-18.777611,23,24555.389082
-77.444391,20,24557.174441
71.482094,27,24559.737796
-78.863762,17,24561.355292
-21.408012,23,24564.06106
-65.81656,21,24566.058754
-53.477799,23,24568.499931
-67.950385,18,24570.15738
164.309906,36,24573.461142
-77.770695,17,24575.132736
-13.811449,24,24577.329213
-23.602569,24,24579.464216
-82.216417,21,24581.304736
-61.25431,23,24583.328767
-94.719943,15,24584.852154
-68.710962,23,24586.884369
-21.695648,23,24589.028503
28.272481,28,24591.535763
-12.608262,27,24593.953191
-20.311422,28,24596.44214
-41.052424,20,24598.365481
-81.654938,18,24600.209451
-85.273663,17,24601.855479
-71.081517,18,24603.509111
-11.402534,25,24605.754272
-24.543768,23,24607.826212
-18.186774,22,24609.893148
-62.560246,21,24611.781866
-35.817317,20,24613.632293
-67.129725,22,24615.566647
-69.20652,19,24617.37183
-29.316334,21,24619.285724
30.989449,26,24621.668325
13.735571,26,24624.067578
-62.94598,19,24626.08495
-20.092693,23,24628.3075
-30.014079,22,24630.291641
-58.433828,23,24632.432221
24.132577,26,24634.830053
-18.964076,26,24637.190536
-66.089939,21,24639.201094
-18.818793,24,24641.506215
-76.76495,18,24643.176246
35.91768,30,24645.913715
-77.608837,20,24647.775809
-72.729303,17,24649.501891
-81.080794,16,24651.147479
26.279776,27,24653.564982
-33.658539,18,24655.273769
-63.785379,21,24657.212474
-86.174687,18,24659.024067
-66.045997,25,24661.260034
-10.406317,29,24663.773772
-23.902109,22,24665.85785
-63.650306,24,24668.045547
-69.015327,24,24670.19342
-27.057945,26,24672.420896
30.271457,27,24674.847835
-15.79247,23,24677.096439
-65.094654,27,24679.36004
-81.859778,20,24681.141813
-16.444063,26,24683.535694
-66.462763,23,24685.64777
-29.742435,29,24688.655322
-7.270842,27,24691.155772
-71.193834,21,24693.031222
-53.939162,24,24695.145636
-64.227937,23,24697.259896
-16.330962,26,24699.599566
-30.637865,21,24701.602006
-53.971925,23,24703.735874
19.628112,27,24706.12768
-18.392499,24,24708.331863
58.018666,32,24711.279274
-66.569132,24,24713.368159
-26.685546,24,24715.510956
-62.232249,22,24717.504065
-89.220204,17,24719.206512
-32.529078,22,24721.279363
-66.209151,20,24723.060109
-15.009985,25,24725.284053
-75.228768,23,24727.294298
-96.162396,17,24728.904139
-69.302383,21,24730.837158
-33.458815,21,24732.755237
-13.512503,24,24734.900483
-70.332928,21,24736.799654
21.170876,23,24738.964081
25.697832,23,24741.100918
-79.714196,20,24742.987105
-16.231591,26,24745.384276
-18.790906,23,24748.077427
-31.928053,22,24750.093346
-69.362599,23,24752.205227
-84.428909,19,24753.934702
-20.652958,23,24756.036586
-61.672209,21,24757.993304
-69.059844,22,24760.003784
-26.401068,23,24762.08783
-61.495775,22,24764.079427
-77.419092,21,24765.968544
-89.23984,20,24767.791347
-54.253313,23,24769.879976
-44.02218,27,24772.166668
-60.173849,22,24774.114337
-12.596937,28,24776.50547
-83.669448,21,24778.521772
-41.495913,27,24780.886092
-80.238519,18,24782.553141
-81.997596,19,24784.292345
112.355368,29,24787.026524
-14.406422,24,24789.270904
-53.139159,22,24791.232943
-62.600984,18,24792.974324
-54.330704,26,24795.288036
25.289739,24,24797.551623
-50.580142,26,24799.853114
-73.57017,19,24801.586642
-23.940512,23,24803.750383
-17.556951,26,24806.551042
-8.061276,25,24808.934108
-57.249271,22,24810.894677
72.131752,27,24813.525608
-62.661533,21,24815.371897
-75.839263,23,24817.448351
-67.648967,22,24819.37809
-89.852243,15,24820.808609
-55.988051,23,24822.881317
-20.308076,23,24825.016218
-20.035495,25,24827.182007
-66.681775,19,24829.040861
26.814235,29,24831.735891
-24.01763,23,24833.843366
76.579073,30,24836.51558
-64.816513,19,24838.354264
-61.114365,23,24840.54216
-89.533042,23,24842.594833
-30.090703,26,24844.810255
24.874987,27,24847.300784
-7.071995,25,24849.574163
-81.118179,20,24851.351226
-78.710976,19,24853.512053
-58.345118,23,24855.607624
-59.310088,24,24857.675768
-21.725541,23,24859.796911
-60.443992,22,24861.762968
-64.156188,19,24863.559108
32.38025,28,24866.34015
-37.029763,23,24868.388113
-15.457785,30,24870.931516
-56.311118,23,24873.08078
-62.41937,21,24874.963084
-74.646222,22,24876.903071
-14.733476,26,24879.134798
-64.779688,20,24881.090024
-67.149928,22,24883.051095
-59.609039,22,24885.107381
-16.267532,22,24887.086336
-64.262059,22,24889.057213
-59.819378,22,24891.06817
-70.073588,20,24892.879064
-67.048288,22,24894.828658
-62.298867,22,24896.79313
-68.334303,21,24898.774953
-47.936885,20,24900.749537
20.119971,27,24903.204922
-74.859431,21,24905.142289
-58.691939,22,24907.060844
-64.905155,20,24908.917898
-68.457804,21,24910.908819
-69.222324,24,24912.994392
87.719442,31,24915.881809
-60.727532,22,24917.786081
-52.06417,24,24919.8796
-43.339538,23,24922.001608
-69.770595,21,24923.907222
-15.071605,26,24926.656752
-66.92597,21,24928.552988
-64.802936,22,24930.592037
-51.409541,25,24932.78935
-15.480884,22,24934.835339
-26.342553,25,24937.217589
-78.020203,20,24939.076898
-66.344224,21,24940.97537
-21.419903,20,24942.884403
-61.111845,23,24945.00632
-72.099145,22,24947.082654
-60.792248,24,24949.309264
-41.990653,23,24951.427614
-62.669307,22,24953.401743
-75.094422,23,24955.424989
-66.571654,21,24957.294327
-19.820808,26,24959.745471
165.35006,34,24962.978306
-14.818203,25,24965.212309
-62.078557,21,24967.138117
-17.501795,25,24969.310781
174.958606,37,24972.607348
-87.798241,16,24974.149798
-82.692671,19,24975.842386
-74.56077,19,24977.555737
-65.048812,21,24979.422015
-79.24701,19,24981.205571
-73.165183,21,24983.076034
-66.838965,23,24985.137686
-64.545447,21,24987.670842
-71.173732,21,24989.69476
-70.057015,18,24991.399962
-13.002632,27,24993.917796
-5.10048,24,24996.125716
-82.754153,16,24997.667763
-32.970553,20,24999.511419
-64.791163,24,25001.61645
-73.307526,19,25003.368648
22.047817,27,25005.910085
-87.367329,17,25008.52853
-17.299301,24,25010.768697
67.411146,28,25013.354176
-22.228203,22,25015.741406
-18.313984,25,25018.000745
-74.744377,20,25019.949805
28.312029,28,25022.54634
-82.586356,18,25024.212931
-20.489979,24,25026.42531
-70.576623,22,25028.314382
-19.732866,24,25030.494294
-74.669742,20,25032.341273
-22.216939,21,25034.339129
-71.333707,19,25036.077516
-109.656298,11,25037.155308
-64.884613,23,25039.222554
-61.477098,22,25041.203844
68.238229,28,25043.819597
-73.673396,19,25045.642529
-64.288904,20,25047.907197
-18.336606,24,25050.043459
-90.502186,20,25051.985591
-20.095206,22,25054.01671
-70.282613,20,25055.937117
-56.461158,25,25058.113132
-73.902481,18,25059.755309
-77.625552,20,25061.63127
-62.121662,23,25063.752046
-81.921924,18,25065.474198
-77.030121,13,25066.829654
-14.146351,26,25069.121667
-16.132127,23,25071.247015
-54.245349,24,25073.340751
70.153113,30,25076.144104
-73.263857,21,25078.030785
-57.785592,21,25080.150735
151.090657,38,25083.368058
-69.74905,23,25085.390021
-68.244711,19,25087.148295
-60.141617,24,25089.337626
62.998693,26,25091.864386
-51.409399,22,25093.89216
-87.55866,23,25095.935583
-74.987836,20,25097.754581
-57.890691,22,25099.658371
-12.268901,25,25101.957427
-11.959092,26,25104.279717
-77.859943,18,25106.305272
-49.577414,25,25108.523515
-38.00193,22,25110.683872
-100.459562,15,25112.17851
-68.488159,22,25114.158357
-69.919568,21,25116.101274
-83.154407,18,25117.75352
-68.180601,21,25119.722693
36.751099,26,25122.089515
-72.528937,21,25124.031199
-56.206179,23,25126.080342
-67.58355,19,25127.850155
67.631739,31,25130.622051
-55.818599,21,25132.580413
29.667898,24,25134.864068
-56.816505,25,25137.040203
-66.409505,22,25139.202874
13.891819,22,25141.476861
72.11903,30,25144.218918
-28.129401,17,25145.940646
-26.117001,20,25147.939265
-78.787802,18,25149.855403
-64.168649,22,25151.77306
-82.563793,16,25153.248524
-14.523943,25,25155.627269
24.967839,26,25157.921291
-25.336441,27,25160.199204
56.137578,26,25162.580869
-69.641858,21,25164.5517
-86.824458,17,25166.58311
-52.988753,25,25168.915277
-9.134819,27,25171.36567
-31.723402,23,25173.527277
-12.22286,26,25175.793664
37.954455,30,25178.405098
-80.743174,18,25180.073315
-16.983396,23,25182.177737
-68.673293,22,25184.209771
-43.358087,16,25186.593308
-62.435761,19,25188.3362
-80.541901,17,25189.909698
29.417922,28,25192.417619
6.584284,24,25194.606052
-66.650914,23,25196.612966
-15.763279,25,25199.005818
-65.597976,21,25200.993958
135.968613,37,25204.194986
-64.289435,22,25206.138226
-34.310254,24,25208.29839
-22.25649,22,25210.280671
-48.497299,26,25212.451617
-17.259929,24,25214.64861
-65.194548,19,25216.450474
-23.553074,21,25218.442939
22.274352,25,25220.69784
-60.774803,21,25222.579279
-63.236343,21,25224.499165
-69.007775,20,25227.037272
-70.179191,20,25228.882798
-97.140351,15,25230.293831
-22.313955,26,25232.607464
-67.832497,20,25234.451977
-57.899819,20,25236.334011
-58.502462,23,25238.402556
25.353352,27,25240.844837
-74.399103,21,25242.701467
-13.896112,22,25244.848212
17.911759,25,25247.22441
-79.640525,18,25248.973154
-26.327742,27,25251.482697
-63.251648,23,25253.531347
70.518495,31,25256.328351
-9.044232,24,25258.764136
-86.369769,17,25260.495472
-9.465697,29,25263.006454
-73.257489,17,25264.637867
-78.179424,19,25266.410969
-65.194571,20,25268.239347
87.174578,31,25271.089345
-15.430849,25,25273.311936
-43.086291,23,25275.388592
-71.137203,22,25277.317106
-29.518907,21,25279.29414
-30.975626,21,25281.2244
-68.69807,24,25283.35988
23.946927,27,25285.74012
-78.754445,18,25287.853176
-24.762014,25,25290.07542
61.306376,31,25292.888669
66.516309,25,25295.232933
-48.166835,26,25297.465549
-74.681789,21,25299.524284
-62.355722,23,25301.561745
27.841171,28,25304.061918
-52.764533,28,25306.420062
-67.989045,20,25308.280063
-67.901601,22,25310.261647
32.597274,28,25312.684746
-66.482412,20,25314.507697
-61.108777,24,25316.56115
29.809724,26,25319.16624
-30.825751,22,25321.289282
164.868771,33,25324.34615
-26.585136,25,25326.537942
-15.138888,24,25328.733617
-12.866422,24,25331.014441
-72.562487,18,25332.679114
-65.139865,23,25334.711462
-19.260044,26,25337.161918
-15.261267,26,25339.512969
-86.704738,18,25341.245699
-19.545383,24,25343.480728
-22.144594,26,25345.915938
-75.928942,19,25348.138155
-21.191476,25,25350.400237
-63.240165,22,25352.458098
-74.132457,25,25354.640884
24.60997,27,25357.055548
-57.024225,21,25358.950971
-60.095783,22,25361.206538
-67.905215,20,25363.044514
-55.070481,21,25364.993277
-68.569126,20,25366.785464
-60.903287,20,25368.669968
0.101709,25,25371.164034
-35.844206,24,25373.244346
-79.408586,18,25374.923613
-13.85432,22,25376.984255
12.945032,24,25379.460816
-21.348328,23,25381.655102
-63.46153,20,25383.468774
-40.609184,23,25385.665587
-23.721783,22,25387.698477
-64.374404,21,25389.640852
-74.715465,19,25391.360761
22.343904,28,25393.883886
79.719686,31,25396.701893
-66.173086,20,25398.52506
-91.960855,19,25400.316026
-23.650163,22,25402.314197
-63.370254,21,25404.208559
29.789509,25,25406.925051
-30.420287,23,25409.040826
-80.241453,20,25410.875133
-87.712174,21,25412.792351
-62.85657,21,25414.721644
-66.925318,21,25416.58677
-57.397046,21,25418.555545
-74.764594,22,25420.608058
-56.991691,23,25422.659127
-20.605456,26,25425.079546
-55.66787,23,25427.153684
-67.700945,23,25429.189384
-47.432743,27,25431.468469
56.726947,26,25433.851857
191.021609,35,25437.046011
-10.684332,26,25439.564616
-75.972302,22,25441.535878
-28.824731,20,25443.395057
-66.584739,18,25445.066197
-83.965593,20,25446.847859
-69.123068,22,25448.81661
-21.871963,22,25450.875128
-74.890954,18,25452.585335
-30.218084,22,25454.614603
-65.214017,21,25456.554056
-67.166472,22,25458.515911
-68.505536,24,25460.702881
-54.70482,24,25462.836403
46.079023,25,25465.078661
19.3433,24,25467.960934
-24.461272,23,25470.115111
29.231074,27,25472.663806
25.347688,26,25474.920995
-7.049921,24,25477.142462
-8.491366,24,25479.357824
-54.838016,20,25481.275216
-23.782448,22,25483.285477
31.436049,26,25485.708853
22.93988,26,25488.003188
-18.580677,24,25490.225293
-73.375574,22,25492.141221
-68.016149,19,25493.9026
-67.31435,24,25495.937863
29.735401,25,25498.312451
-16.106038,27,25501.011889
-14.378255,22,25503.093152
-21.867596,25,25505.2654
-12.477516,25,25507.50878
35.117401,27,25509.952319
-58.626623,24,25512.076256
-71.777211,20,25513.965669
35.174557,27,25516.457123
-67.387629,24,25518.529979
-54.327188,24,25520.622851
-77.706955,19,25522.327904
-66.223352,22,25524.416697
29.314647,25,25527.146124
-65.252625,19,25528.884004
-78.495437,18,25530.555343
-57.585936,24,25532.691861
-69.537077,22,25534.614682
-25.335123,23,25536.70235
-61.465008,22,25538.651532
-78.883795,23,25540.973404
-17.629293,25,25543.329439
29.966717,27,25545.890887
28.965302,24,25548.245267
30.689383,26,25550.731039
-71.91198,23,25552.816574
-16.27596,25,25554.99842
-65.236825,24,25557.095901
-19.844256,21,25559.219324
-92.480109,17,25560.959666
-18.745429,21,25562.936495
27.136666,24,25565.119071
-72.94415,19,25566.950324
-20.897398,23,25568.994567
-81.006843,16,25570.543102
-73.001973,20,25572.331112
-17.635625,22,25574.464195
-21.415091,24,25576.553162
-29.559636,22,25578.626226
-77.437566,18,25580.348146
75.791762,29,25583.039253
-24.063456,23,25585.101332
-53.859591,24,25587.716311
123.900944,33,25590.688239
-57.792752,23,25592.796659
-58.247609,23,25594.808349
-65.722021,20,25596.598311
-58.752333,20,25598.465323
8.628159,29,25601.009095
-105.829927,16,25602.516013
-47.718274,27,25605.033748
-58.575368,24,25607.335001
-17.19456,25,25610.017165
-27.308667,24,25612.342199
-10.439312,24,25614.661209
-74.111311,19,25616.602137
-66.813067,22,25618.795307
-41.947416,23,25621.254624
37.893017,27,25623.90519
-64.763494,23,25626.043941
-58.656138,24,25628.393649
-86.660501,17,25630.156554
-80.556095,12,25631.510057
-71.817796,21,25633.518457
-79.456218,19,25635.460839
-60.36451,22,25637.604489
-68.930441,19,25639.522914
-28.739732,24,25641.899052
-32.303856,20,25644.0683
-90.041162,15,25645.58849
-18.567494,27,25650.479701
27.26133,24,25653.636161
-69.910713,18,25655.585143
-47.97831,27,25658.112295
-70.090858,21,25660.168094
-23.133156,23,25662.251135
118.667604,30,25665.079966
-22.083307,22,25667.075759
-64.839303,21,25668.932194
-64.687227,21,25670.998882
-58.33741,20,25673.923615
-58.817833,23,25676.228238
-68.743789,21,25678.487042
-11.516872,24,25681.152254
-12.217231,25,25683.832965
-22.292109,22,25686.167893
154.382287,38,25690.014309
-60.992322,23,25692.326232
-89.800415,18,25694.322596
85.256375,30,25697.54884
-64.711052,23,25700.098312
-63.20621,23,25702.579861
-70.660178,22,25704.978336
33.369198,29,25708.385605
-67.345399,21,25710.655256
76.991078,28,25713.716251
43.041123,32,25717.211963
-55.830761,22,25719.568676
-54.386315,16,25722.403967
-71.686751,19,25724.509408
-17.050353,24,25727.111499
-82.883189,17,25728.956295
-84.8257,19,25731.024222
-76.234931,16,25732.759839
35.307805,28,25735.822957
-65.861849,24,25738.387718
23.401745,27,25741.364317
-18.57016,23,25743.839088
-73.991022,19,25745.967578
-93.811849,24,25748.400479
-9.494966,26,25751.083803
-63.22419,21,25753.210554
6.866687,29,25756.074022
-62.016771,25,25758.843807
19.352229,24,25761.514868
-52.502527,27,25764.077424
-20.659486,26,25767.287572
-71.110879,18,25769.151472
-63.989686,23,25771.629437
-39.596348,22,25773.880327
26.253062,25,25776.764691
23.048077,25,25779.59663
-19.115253,24,25782.382115
-24.177623,24,25785.002087
86.104502,30,25788.261084
-63.592532,23,25790.760404
-84.249648,22,25793.02845
33.23651,28,25795.977293
-5.890775,25,25798.692857
-64.744944,23,25801.155632
-57.782605,24,25803.64819
-21.780309,22,25805.989657
-62.419116,23,25808.433013
-84.409306,25,25810.906596
-37.074742,22,25813.203165
14.31679,25,25816.07266
-64.524796,19,25818.261314
-11.797116,24,25820.709615
-14.912333,25,25823.350858
-55.778743,23,25825.723238
-77.313365,17,25828.057107
-61.571597,23,25830.406638
-65.460558,20,25832.66631
-61.667993,21,25834.788227
-16.070116,24,25837.234338
-69.227826,19,25839.135147
-78.262574,23,25841.54303
-74.135873,18,25843.526346
-22.542267,22,25845.94519
-11.868137,28,25849.04934
35.404537,27,25852.069285
-94.323248,16,25853.841923
79.583513,28,25857.457282
26.726244,26,25860.725588
-71.578015,19,25862.97689
-72.675199,15,25864.715596
-10.894385,27,25867.597579
75.185738,30,25870.779444
38.569672,29,25873.899435
-20.816369,22,25876.366036
-56.676761,23,25878.718973
-69.270032,21,25880.821198
36.263269,27,25883.586027
-10.890767,24,25886.250003
-14.141424,24,25889.12293
-60.49972,22,25891.352249
-24.381146,21,25893.482888
-68.404042,20,25895.411413
-70.228303,22,25897.746434
-70.426795,18,25900.014865
-84.293663,19,25902.33411
-27.060218,22,25905.437037
-20.723748,24,25908.270041
23.15476,24,25911.282339
-36.932974,21,25913.914688
-61.013817,21,25916.496569
-90.212201,16,25918.646116
-8.846467,29,25921.940204
-71.985545,17,25923.93071
-17.493836,20,25926.216068
-56.820404,20,25928.462212
-81.108906,18,25930.800744
-14.982136,25,25933.677777
-64.83635,20,25935.786083
-20.709903,20,25937.959703
-63.029483,22,25940.091062
-25.420185,27,25942.746884
-52.804053,21,25944.966229
-20.162817,25,25947.983335
-84.654669,19,25949.976323
-62.99732,21,25952.134225
-21.654402,21,25954.293811
-72.262359,21,25956.427367
-76.736804,19,25958.366824
-69.753302,22,25960.567246
20.801128,27,25963.201045
-10.248208,28,25965.982265
-69.277822,19,25967.879624
-31.763098,25,25970.363988
-29.682883,20,25972.280593
27.400037,26,25974.711317
-65.900894,22,25976.667422
-14.002981,24,25978.919939
38.959732,28,25981.644654
-70.789597,19,25983.385514
-59.843543,25,25985.630105
-16.603191,23,25987.710947
-67.2327,22,25989.698505
-30.99463,22,25991.792083
-24.50448,23,25993.86639
-70.735374,22,25995.811471
34.936443,25,25998.182368
-17.344341,23,26000.308497
-63.010364,23,26002.356372
-68.227217,21,26004.218596
-68.901436,21,26006.5802
-27.958142,22,26008.646972
-70.885287,21,26010.602997
-70.647698,20,26012.407631
-14.648247,23,26014.635676
-61.551572,21,26016.561959
-67.288827,20,26018.361027
-68.534587,19,26020.195954
-70.044483,21,26022.069939
-11.637508,22,26024.245317
-71.646193,20,26026.135228
-20.662837,26,26028.579177
-62.15019,21,26030.525578
-55.434651,26,26032.824256
-88.221163,15,26034.293673
-54.243295,24,26036.401757
-71.343911,25,26038.655331
-75.754114,23,26041.007625
16.996186,25,26043.33776
-71.935763,19,26045.089124
-72.272527,24,26047.157336
-65.513791,26,26049.349648
-24.22863,24,26051.637465
-2.615633,24,26053.755954
-59.283161,21,26055.70484
77.293706,30,26058.502127
-59.025156,21,26060.393848
-80.885419,19,26062.179253
-67.249761,22,26064.193453
-24.362729,24,26066.737104
-39.422736,22,26068.727209
-15.00486,23,26070.816725
-79.935165,17,26072.455127
-18.473915,25,26074.753413
-93.78061,19,26076.767098
-69.013013,19,26078.680465
-60.935492,26,26081.125355
-84.501901,19,26082.84614
-86.378176,21,26084.835257
-76.555955,18,26086.433768
-72.490542,21,26088.577699
-66.482547,25,26090.954535
-71.549037,21,26092.836759
28.994996,29,26095.571214
-3.927512,26,26097.832157
-77.476284,18,26099.701688
-23.364887,27,26102.228588
41.197966,29,26104.817204
-80.560619,17,26106.413535
-62.624385,22,26108.397302
-63.816096,20,26110.216122
44.092302,29,26112.850445
-95.245836,13,26114.149726
-26.010368,25,26116.308204
-70.28204,20,26118.181382
-22.472563,21,26120.121497
-67.743322,20,26121.886376
-23.261813,26,26124.206213
-28.017051,25,26126.842902
-16.297323,23,26129.096101
-65.631808,20,26131.099076
-31.184048,22,26133.095253
-68.559068,23,26135.065626
-24.511988,22,26137.07347
-11.426423,24,26139.15783
-61.023807,20,26141.048215
-72.701417,19,26142.797544
27.382116,29,26145.378391
-65.686588,20,26147.291365
26.242596,22,26149.543977
-65.545746,22,26151.590854
-73.350387,19,26153.413652
16.651493,25,26155.604241
-22.180186,25,26157.910255
-81.827324,18,26159.679555
-77.105273,11,26160.90116
-64.264238,21,26162.81562
-67.095274,23,26164.885165
-68.089607,22,26166.864588
-64.958037,21,26168.726365
-67.851877,22,26170.704472
-56.652949,23,26172.869552
-15.496272,26,26175.167268
-11.844069,24,26177.340123
-11.298338,24,26179.530185
22.585845,24,26181.866384
-73.607176,20,26183.626392
-24.205868,26,26186.063248
29.736833,27,26188.8034
-73.194847,20,26190.713767
-62.83015,21,26192.621082
110.829107,34,26195.646691
28.974171,25,26197.937038
-16.667524,24,26200.171674
-62.395454,23,26202.193769
-24.501908,25,26204.498297
-18.863274,24,26206.85248
-67.639906,22,26208.984316
-99.600458,14,26210.314034
-25.854955,20,26212.262077
-66.401616,22,26214.222395
-68.742237,21,26216.147841
-67.118703,21,26218.067856
-95.250356,15,26219.606588
-71.126178,19,26221.384853
-19.207318,26,26224.096229
36.572825,28,26226.579445
-77.247992,19,26228.350647
18.174326,28,26230.756585
-64.04724,22,26232.773284
-69.898776,19,26234.498952
-62.165913,24,26236.590566
-11.20316,24,26238.757242
22.945916,24,26241.018066
118.973125,31,26243.921363
-69.357915,21,26245.836384
-65.178524,19,26248.009728
-9.465487,26,26250.380802
-10.299515,25,26252.84669
-38.584942,24,26254.939562
-77.009225,16,26256.477224
-41.934784,25,26258.773485
-61.171757,20,26260.624032
62.285634,25,26262.967339
-56.139203,22,26265.035348
26.386805,30,26267.685221
-75.096166,25,26269.821832
-31.743761,21,26271.759202
-60.704845,21,26273.690124
-80.953513,20,26275.59533
-78.334546,20,26277.446017
-63.439196,25,26279.761928
-57.239684,27,26282.170573
-82.723471,18,26283.812443
-77.469051,23,26285.904348
-67.677413,19,26287.640897
-55.708818,21,26289.532918
-72.588331,20,26291.425372
-21.819682,24,26293.547812
-107.222617,18,26295.245586
-71.275876,20,26297.001416
35.175654,26,26299.438051
-68.154942,17,26301.036339
-68.985216,17,26302.632629
-32.502778,24,26304.835764
-71.181818,20,26307.151453
-22.397715,24,26309.33146
-55.917807,20,26311.299381
-61.935878,24,26313.401286
-63.687084,23,26315.434523
-60.17418,21,26317.328669
-59.60706,20,26319.214824
-64.10938,20,26321.012807
-55.252131,23,26323.088322
-71.898568,21,26325.178938
37.368899,28,26327.658536
-13.649256,24,26329.836561
-67.393038,19,26331.558689
-74.577732,20,26333.40885
-22.835437,25,26335.628479
-71.023813,21,26337.50768
59.980324,29,26340.374207
-19.122632,23,26342.479667
-15.960369,22,26344.583506
28.419828,27,26346.98113
-54.171028,21,26348.967889
-62.503366,22,26350.967554
-23.05961,26,26353.358909
-82.588731,16,26354.901522
-55.791421,22,26356.919784
-71.786233,24,26359.091342
-77.002147,19,26360.961741
-16.607368,22,26362.975896
-53.044262,27,26365.37358
-24.222851,22,26367.943594
-65.501306,21,26369.874629
-73.491539,19,26371.609793
160.161353,35,26374.794214
-19.618789,23,26376.868032
-53.605251,22,26378.854544
-65.574972,20,26380.656367
-43.841646,24,26382.815873
-16.363445,24,26385.040508
-68.854759,21,26386.926795
-60.05969,21,26388.772578
14.190293,24,26391.05223
-20.587406,21,26393.026618
-80.973341,16,26394.540551
-34.191501,20,26396.506869
-73.730492,20,26398.338507
-31.212395,21,26400.424772
-16.003306,24,26402.673044
-70.789044,21,26404.511237
-68.431041,20,26406.38324
35.227795,30,26409.031766
-17.701523,26,26411.285762
-26.310343,21,26413.191166
-21.937683,26,26415.507584
-21.411096,29,26417.97654
-54.198056,23,26420.017612
-16.370486,25,26422.24798
-62.093565,22,26424.225992
-76.577735,19,26426.211563
-59.108551,23,26428.575075
-66.77394,20,26430.382348
29.618439,28,26432.907311
-16.061138,24,26435.062341
-17.790967,24,26437.276026
-60.409545,20,26439.082753
-7.06478,23,26441.372294
-18.165844,24,26443.7297
-14.80934,24,26445.977545
-70.814307,20,26447.932716
-43.695196,28,26450.495233
-64.192568,22,26452.471551
24.795132,26,26454.881436
25.57229,21,26456.958069
-17.884752,23,26459.24188
-62.916271,25,26461.542478
-83.030425,20,26463.278778
28.965174,27,26465.636099
-59.543564,23,26467.76363
-13.965789,24,26469.925882
-12.03297,25,26472.171615
-72.614901,21,26474.012203
-65.984954,18,26475.863963
26.647795,27,26478.327164
-36.908486,20,26480.204182
22.181132,29,26482.678989
-19.286105,22,26484.709953
-62.629227,27,26487.295677
225.412774,39,26491.114253
-79.595597,19,26492.981762
-81.388178,19,26494.693448
-29.439384,26,26496.987905
-73.829886,21,26499.057171
-68.568663,21,26500.959281
-67.597447,19,26502.703597
-88.194637,16,26504.277353
34.108883,22,26506.450717
-68.750104,22,26508.402362
-83.68154,19,26510.181851
-47.342678,23,26512.276954
-63.616075,19,26514.058867
-70.003827,18,26515.74001
31.84606,24,26518.100181
-19.522888,23,26520.337854
-74.958984,21,26522.293259
-57.615097,21,26524.179182
-63.528346,22,26526.182327
-53.716188,22,26528.181841
-13.366238,24,26530.341258
-86.302596,16,26531.833202
-25.389663,24,26533.944082
-77.835823,18,26535.5593
-27.006064,23,26537.722949
114.529809,30,26540.560714
-65.090785,20,26542.414544
-18.82062,24,26544.60917
-61.464848,20,26546.868491
-41.317686,26,26549.289965
-54.237168,25,26551.807304
-64.556737,21,26553.750509
-66.205125,21,26555.634629
-24.463042,22,26557.770735
32.027013,27,26560.257125
71.408409,30,26562.880377
36.104026,32,26565.62
-13.500685,24,26567.820651
27.29996,23,26570.087591
-68.632835,19,26571.862585
6.459354,25,26574.103252
-25.799699,19,26575.905272
-58.937153,22,26577.923589
27.34748,25,26580.471094
-20.400654,24,26582.598242
-69.394984,20,26584.419302
-32.915752,21,26586.388593
-64.059474,22,26588.364494
31.70162,24,26590.649719
71.942091,28,26593.231913
-77.126843,18,26594.963714
-12.380642,25,26597.34898
-86.881732,22,26599.285945
-57.1639,22,26601.292045
-28.244244,21,26603.295422
-16.624615,22,26605.37283
69.739258,29,26608.563672
-63.936154,20,26610.389125
-68.58445,20,26612.301491
-34.8267,21,26614.232931
-53.22008,24,26616.307173
-11.998196,22,26618.363348
-19.797828,21,26620.330977
-73.680152,18,26622.039886
83.968474,30,26624.824585
-73.399077,20,26626.658099
-72.408611,20,26628.476931
-19.795157,22,26630.515455
-71.593393,20,26632.314548
-74.673226,19,26634.063748
-14.273962,24,26636.219812
-76.088748,22,26638.267507
-53.866478,23,26640.477403
-18.274848,25,26642.781286
-11.944361,24,26644.992563
-81.148581,19,26646.663352
-44.129609,25,26648.810215
-65.74594,18,26650.568633
-77.913872,20,26652.474819
-65.936501,19,26654.222934
-67.057261,21,26656.109732
-64.706947,21,26658.001177
-77.020617,21,26659.959744
-70.095444,22,26661.871256
-59.606596,20,26663.737599
70.529836,27,26666.610531
-61.825389,21,26668.741742
-88.833906,17,26670.375228
-70.419148,20,26672.215684
-80.852833,17,26673.799389
-73.301774,21,26675.676352
-78.25068,19,26677.433817
-70.51356,20,26679.412287
-17.435349,22,26681.433754
-82.862685,16,26682.933582
-13.555,26,26685.228775
-62.458624,20,26687.030769
-71.643014,18,26688.727887
-73.83462,19,26690.518902
-65.299457,23,26692.773639
-73.952486,20,26694.633646
-11.784786,23,26696.708335
-23.931888,22,26698.826545
-51.894327,22,26701.044603
-53.745717,25,26703.24928
-86.832829,16,26704.761133
-12.257668,25,26707.05894
-69.800055,20,26708.882725
-6.154399,30,26711.426309
-55.381331,25,26713.639996
-57.179929,22,26715.58412
-67.308823,23,26717.597652
-12.183247,26,26719.977396
-65.890969,21,26721.860254
16.810587,26,26724.199603
-15.724151,23,26726.738439
-16.575602,24,26728.909526
-35.443637,19,26730.703233
-60.103095,19,26732.545444
-75.761062,22,26734.495044
-15.51094,22,26736.523236
-69.601571,21,26738.393714
101.162855,29,26741.079183
30.376716,26,26743.420404
-27.237223,23,26745.539412
-75.52438,20,26747.413714
-81.284223,16,26748.997497
-40.201272,21,26750.999116
-52.711954,25,26753.163651
30.540781,28,26755.647351
-51.726096,25,26757.855683
-63.602046,20,26759.936585
-82.310767,17,26761.587509
-21.247735,24,26763.776711
-72.984562,18,26765.481509
-62.905296,21,26767.414669
-63.352159,20,26769.286958
-28.797383,23,26771.444886
-57.281358,20,26773.391755
-61.146477,19,26775.214281
-66.897331,21,26777.16362
-67.3261,25,26779.493843
-65.695043,22,26781.558733
116.105137,33,26784.688638
-71.903941,20,26787.037816
-80.618177,20,26788.877855
-55.836203,24,26791.06954
-64.41299,21,26793.10637
72.413559,24,26795.401434
-67.824351,21,26797.250387
28.680524,26,26799.668846
-13.76548,24,26801.91519
-54.747749,20,26803.791504
-79.205385,21,26805.766501
-42.121912,18,26807.513455
-71.744578,20,26809.511391
-58.490739,20,26811.341619
-52.106179,24,26813.461954
113.888418,33,26816.580497
-17.030357,23,26818.71577
-75.256465,18,26820.547646
-59.393526,24,26822.689413
-82.016036,18,26824.635142
-66.723768,21,26826.537995
-57.64519,21,26828.461946
-61.379901,23,26830.573921
-40.217995,20,26832.447251
-25.94692,21,26834.484439
-22.745308,24,26836.623933
-13.113716,24,26838.766907
-84.355904,16,26840.369438
29.945784,28,26842.837648
-83.662228,17,26844.401707
-53.890192,22,26846.883199
-23.745571,29,26849.315774
-20.988973,22,26851.481282
27.898365,25,26854.114625
-105.730163,13,26855.4532
-47.515627,25,26857.677021
-74.563629,22,26859.658649
-66.446345,21,26861.556595
-54.279811,23,26863.594394
-59.717767,22,26865.764606
-68.421901,21,26867.694376
-38.717955,22,26869.758489
-69.872569,17,26871.429838
-60.489449,24,26873.627858
-66.970439,23,26875.759066
-67.296149,22,26877.729013
-56.169179,22,26879.953378
-7.649529,24,26882.61232
-81.90809,18,26884.4249
-65.208376,21,26886.474621
-22.841003,23,26888.554196
-15.461031,26,26890.875655
29.032952,27,26893.269334
-33.576889,21,26895.160414
-72.769687,21,26897.007432
-79.540196,21,26898.897049
-65.703123,21,26900.817045
30.711918,23,26902.975393
16.581219,25,26905.221899
-30.904071,23,26907.87637
-63.053462,22,26909.919132
-58.515328,21,26911.900165
-12.792112,24,26914.07014
-8.033364,25,26916.443259
-56.13871,24,26918.554305
75.615807,28,26921.153208
-69.660133,21,26923.005809
-22.777478,23,26925.227431
-8.548533,26,26927.576722
-71.534228,19,26929.262732
-68.133843,20,26931.067142
-71.081041,20,26932.891187
-27.195687,24,26935.202763
-56.260305,27,26937.469818
-20.551413,23,26939.676524
-55.804612,21,26941.754401
-3.252687,27,26944.127178
-53.448387,21,26946.044449
-66.631699,19,26947.836961
-14.410414,20,26949.751323
-64.332261,20,26951.570212
29.921638,27,26954.021974
-65.827587,20,26955.945542
-70.973334,22,26957.967961
-53.144667,25,26960.162215
-64.389142,21,26962.061852
63.07139,30,26964.724688
-67.055955,19,26966.861764
-83.990612,20,26968.640404
-64.187279,19,26970.535709
-61.996003,22,26972.511204
27.289518,24,26974.796542
-21.421678,21,26976.788908
-49.457931,21,26978.676327
-61.477082,22,26980.63328
20.201708,27,26983.06269
-70.354058,21,26985.020302
22.537435,28,26987.640666
-15.282532,28,26990.167465
-54.998156,22,26992.152168
-76.429395,19,26993.935203
-54.624055,23,26995.987336
-56.905712,20,26997.843368
-63.73084,22,27000.01491
-5.047562,28,27002.630976
-86.365284,19,27004.32131
25.035134,26,27006.649332
-83.343201,20,27008.550739
-70.426199,18,27010.224739
-77.873123,20,27011.974192
23.19286,27,27014.439377
35.118932,27,27016.897634
-16.570178,22,27018.98615
-60.67031,22,27020.907013
-43.757994,28,27023.235105
-29.950977,21,27025.205803
-29.978813,21,27027.809247
24.766111,25,27030.148752
-75.723206,17,27031.828803
-75.048806,18,27033.488513
-63.686754,23,27035.504533
-78.257744,18,27037.159451
-18.272919,24,27039.353508
-26.385508,21,27041.286244
22.941931,25,27043.608469
-60.900255,24,27045.733976
-19.75016,21,27047.897839
-21.115945,23,27050.158023
-64.034143,19,27051.902267
-11.858495,24,27054.043992
-57.682332,22,27056.064661
19.599517,25,27058.449974
-12.122031,22,27060.659318
-69.803981,21,27062.57526
-64.267028,18,27064.312841
-66.830532,21,27066.24285
-71.073449,20,27068.041169
-64.320077,24,27070.168073
-58.401947,23,27072.211494
-23.138601,19,27074.219906
-58.696053,21,27076.141406
-70.741299,17,27077.785149
-58.462349,22,27079.898229
-58.357819,24,27082.006959
-74.34041,22,27083.986625
22.165806,24,27086.587792
-72.242704,18,27088.325924
33.364864,28,27090.901619
-9.363273,27,27093.273266
21.941485,24,27095.454842
-25.080801,22,27097.453171
23.176954,25,27099.844242
-91.14648,17,27101.369756
-14.146558,28,27103.746547
27.925704,27,27106.287796
-17.657551,25,27108.664242
-62.158425,18,27110.439748
18.35751,31,27113.063924
-19.433756,24,27115.19617
-24.913916,24,27117.447894
30.91625,28,27120.149795
-72.505553,17,27121.808419
-77.602261,17,27123.413703
137.549548,29,27126.086723
-79.099227,18,27127.769124
76.165934,27,27130.303023
-11.014421,24,27132.486333
-15.184653,25,27134.778196
-60.633307,20,27136.609496
-71.047314,20,27138.465548
-84.530616,18,27140.093025
-69.050728,23,27142.227447
-13.455038,25,27144.477457
-64.375115,21,27146.983906
-12.219176,22,27149.132082
-72.861003,19,27150.9132
-46.906308,28,27153.375939
139.113877,34,27156.523823
-61.282436,22,27158.566537
-15.860687,26,27160.915998
-11.48051,26,27163.21061
-75.505922,21,27165.191466
-15.591833,22,27167.264299
79.296993,28,27169.926059
31.188675,26,27172.311345
-65.132563,22,27174.225337
18.933403,22,27176.32131
33.281108,28,27178.976431
-56.525221,21,27181.03289
-68.165068,19,27182.756131
22.731975,24,27185.011741
-68.1,21,27187.075515
-65.838437,20,27188.885661
36.931454,29,27191.467589
-55.484538,24,27193.527866
-71.018318,22,27195.530119
-5.747428,28,27197.951979
-63.748247,21,27199.86593
-57.678599,21,27201.761632
-64.329768,21,27203.671408
-18.664477,22,27205.676704
-16.160873,24,27208.500222
-27.754553,20,27210.359416
73.877911,29,27213.081198
-26.145812,21,27215.003216
-73.147931,21,27216.873038
71.863952,30,27219.563133
-61.292882,22,27221.591995
-59.011207,23,27223.590421
-59.841165,22,27225.645098
-68.23887,20,27227.507631
-57.742822,20,27229.373453
76.3439,27,27231.92786
-30.611852,22,27233.930423
-13.114971,25,27236.204928
-57.556958,22,27238.258535
-25.991673,23,27240.650296
27.111677,27,27243.109299
148.701872,31,27245.992671
-75.642476,18,27247.722004
-71.584067,19,27249.513287
-67.045495,21,27251.429697
-58.558301,24,27253.490585
-16.999491,24,27255.64588
30.165278,26,27258.036846
-16.31047,22,27260.116255
-57.545728,23,27262.241763
-68.932214,21,27264.075333
-13.243377,25,27266.84352
34.600476,24,27269.132151
161.817102,34,27272.355135
-70.729093,20,27274.179869
-65.944283,20,27276.005792
-61.118831,21,27277.870038
-27.381799,25,27280.122941
-69.390807,20,27282.008506
-85.24097,18,27283.598622
-69.425318,19,27285.446542
-71.442224,21,27287.310848
26.104543,26,27289.69654
-5.89429,26,27291.98943
19.063516,24,27294.182595
-90.802502,14,27295.56327
-17.689706,25,27297.890063
-55.450766,19,27299.880797
-60.302234,23,27302.058982
-63.396622,19,27303.807261
-66.104599,21,27305.727072
-17.00135,22,27307.906259
-74.154624,20,27309.664866
80.455454,30,27312.473527
32.883675,27,27314.92506
-67.975134,21,27317.006911
-80.831883,19,27318.678753
30.028757,27,27321.136656
-55.107949,20,27323.097407
-69.154813,20,27324.867193
-41.768276,18,27327.123918
-26.263074,23,27329.327765
-13.678968,27,27331.80019
-61.460914,21,27333.712292
-69.418992,22,27335.60897
-20.642959,23,27337.761394
-73.458608,20,27339.600008
-67.655301,22,27341.53902
20.485749,24,27344.09786
-61.83476,21,27346.013447
-61.185893,24,27348.322524
-76.211547,21,27350.286949
-101.5064,18,27351.949369
-61.433876,20,27353.788304
-28.8887,20,27355.695032
-10.783839,28,27358.258128
-70.614723,23,27360.920607
-58.020854,24,27363.041355
-66.159204,21,27364.94765
35.580354,29,27367.50285
28.69035,24,27369.723991
-74.692853,17,27371.655619
-22.442755,23,27374.120797
-50.197789,27,27376.586661
-35.850222,22,27378.561986
-71.268831,19,27380.338531
-20.572085,24,27382.611029
-63.413573,18,27384.325136
-63.622798,21,27386.7844
-16.947964,24,27389.032054
-80.785028,20,27390.901592
-26.121777,22,27392.9203
-58.913867,21,27394.806978
-31.144306,23,27396.907262
-38.524757,21,27398.865122
-60.45199,22,27400.826751
-62.15717,21,27402.768589
24.941573,25,27405.169029
27.26092,29,27407.727672
-14.016716,24,27410.002552
-23.772665,24,27412.273093
-34.063794,21,27414.226666
-66.97379,21,27416.128134
26.89841,27,27418.594582
-59.937877,23,27420.900435
-76.443122,20,27422.794612
-16.294522,21,27424.822823
-70.110649,21,27426.664352
-67.351716,21,27428.568756
-27.708331,20,27430.514212
-22.024823,23,27432.633707
26.313171,25,27434.969629
-31.45444,20,27436.819523
29.586204,26,27439.260205
-71.452367,21,27441.194342
-65.199462,21,27443.089839
-70.011738,19,27444.854317
-58.294315,23,27447.338734
-23.761571,21,27449.409183
33.788234,27,27451.927719
-23.417853,23,27454.050222
-79.616913,18,27455.705075
-12.402998,23,27457.885683
-80.757884,19,27459.606883
-23.079243,21,27461.557149
-60.548138,23,27463.677511
-34.114632,24,27466.589718
28.274152,24,27468.797044
-63.064182,21,27470.694965
-85.691308,21,27472.578853
-83.41875,22,27474.548021
-12.919051,23,27476.635635
-76.926578,19,27478.4756
-86.794751,17,27480.145366
29.964277,27,27482.66256
-61.284204,22,27484.654186
36.928383,27,27487.073518
33.262266,25,27489.368454
-18.27397,23,27491.449121
24.515349,26,27493.833916
-10.017575,26,27496.227302
-58.115507,21,27498.079492
-80.03517,19,27499.839942
32.953553,28,27502.285095
-35.10503,19,27504.122655
-54.771981,22,27506.543801
-23.953191,23,27508.731166
30.178602,27,27511.203403
-23.54689,26,27513.501311
-18.305607,23,27515.616398
-58.499948,23,27517.671602
-67.799062,21,27519.556099
-15.292308,22,27521.711056
-18.996635,22,27523.700706
-76.620602,21,27525.693431
-39.857268,21,27527.688019
1.35447,27,27530.154823
-15.349836,22,27532.19023
-15.112639,25,27534.496965
-71.243016,21,27536.409114
-60.810742,24,27538.556668
-24.383675,23,27540.792655
-49.541133,24,27542.947193
-65.092077,21,27544.893623
-10.842771,24,27547.056931
-18.011159,26,27549.420825
-59.581786,22,27551.471754
-60.904109,21,27553.396219
-73.276065,20,27555.294774
105.574884,34,27558.278244
-60.78861,22,27560.327547
-90.401886,20,27562.093051
-28.363409,21,27564.048363
-78.19725,17,27565.61771
-13.59763,22,27568.019176
39.319452,31,27570.740025
76.01054,29,27573.438517
47.73222,27,27575.857973
-72.876906,22,27577.98709
-76.529407,21,27579.85313
-10.62281,26,27582.155017
-74.689566,18,27583.80871
-21.252112,24,27586.194567
71.021984,29,27588.792343
-26.32038,18,27590.591645
-26.782006,26,27592.833591
24.853871,26,27595.201048
29.375923,29,27597.750087
-19.252949,23,27600.041651
25.070875,27,27602.517903
-24.995375,24,27604.713826
-73.897499,20,27606.552252
-56.122615,22,27608.481601
-77.734636,19,27610.175929
-79.173348,18,27611.894808
-70.610115,19,27613.628651
-2.548586,28,27616.130177
-86.686226,17,27618.299376
-62.648131,19,27620.078825
27.471411,24,27622.297691
26.887461,27,27624.772979
28.445336,26,27627.739912
-34.797831,22,27629.821212
22.343522,27,27632.317882
-74.218756,20,27634.179993
-19.748938,26,27636.485253
-69.549392,20,27638.371979
-67.37604,20,27640.243262
127.537948,33,27643.207323
-11.446713,25,27645.554849
8.680739,25,27648.067968
-77.757365,25,27650.366745
82.183158,25,27652.718629
76.883294,27,27655.188398
-68.792527,19,27657.050108
-63.319019,21,27659.064988
-65.058746,21,27661.115125
-66.029016,19,27662.854594
-67.461173,18,27664.562812
-57.756681,22,27666.523452
-54.357819,22,27668.527741
-67.12009,19,27670.597606
-80.285092,18,27672.331635
78.829321,29,27674.983133
-63.344396,23,27677.014972
81.560691,32,27679.898417
0.117343,26,27682.250298
-15.006355,24,27684.418221
-71.938356,20,27686.59088
17.620368,21,27688.637288
27.04535,27,27691.24718
-18.812146,22,27693.267751
36.255367,25,27695.58233
37.980752,28,27698.091987
31.521616,25,27700.333433
-14.023768,23,27702.40661
-1.52993,28,27704.951072
15.233261,26,27707.372053
-64.471645,21,27709.296448
-53.049953,25,27711.558495
-67.533527,20,27713.376755
-17.728418,23,27715.46964
-10.004817,27,27717.863516
-74.179935,21,27719.874037
21.879214,25,27722.255926
-60.153829,22,27724.14386
-74.604805,22,27726.131514
-22.344962,23,27728.273607
-16.681753,21,27730.246508
31.618721,24,27732.478823
31.128988,27,27734.88884
-54.583414,24,27737.009121
-64.662384,20,27738.843269
-26.341642,25,27741.056149
-69.905786,20,27742.925432
-80.405765,18,27744.536082
-16.282824,26,27747.375041
-8.017214,23,27749.505328
-83.598945,14,27751.011388
30.506685,25,27753.349456
37.864014,27,27755.831153
-19.057972,26,27758.143498
-92.584194,17,27759.774744
-66.672479,20,27761.57674
-69.740796,19,27763.322122
30.528397,29,27766.068493
-69.667746,20,27767.971609
9.125299,26,27770.302542
-56.431283,20,27772.201055
-28.516985,21,27774.125021
31.351286,26,27776.505357
-22.540416,23,27778.632342
-13.38033,23,27780.894731
-65.708412,19,27782.615012
-58.246522,23,27784.662054
21.958811,28,27787.135383
-34.399909,23,27789.231805
-10.954427,25,27791.508707
-61.923675,20,27793.347939
-33.638041,23,27795.491862
73.194428,29,27798.181796
-64.205111,20,27800.006152
-30.731168,23,27802.441446
-61.498961,20,27804.215732
-58.642842,23,27806.813477
-76.731335,18,27808.536502
28.640029,28,27811.102006
-9.887663,25,27813.3533
-74.401586,19,27815.094081
-67.992036,21,27817.022256
12.858254,26,27819.395194
-101.359749,16,27820.881831
26.121187,26,27823.245392
-72.589262,20,27825.137488
32.564161,27,27827.635238
-49.789889,22,27829.687679
-25.890126,22,27831.794455
-16.561887,22,27833.818769
50.675262,25,27836.280048
-74.286161,20,27838.112237
-68.837053,22,27840.197889
-67.011857,19,27842.046532
-76.10043,19,27843.782386
-59.075319,22,27845.716755
-21.283873,25,27847.965957
-41.583148,17,27849.886402
-61.610739,22,27851.845024
-27.828318,24,27853.974115
-25.676784,22,27855.975796
83.058165,30,27858.793446
-67.258282,21,27860.727118
-65.526878,25,27862.873826
-67.687584,19,27864.693254
-9.841297,23,27867.383376
-72.523616,16,27868.965058
-11.796629,23,27871.11813
-72.18061,17,27872.712336
29.755205,27,27875.104747
-79.24625,18,27876.773944
-44.369475,19,27878.577915
18.417601,26,27880.920075
-62.29201,22,27882.898628
-56.931943,23,27884.993703
-70.096015,20,27886.819545
43.175148,30,27889.451334
-14.670336,23,27891.568624
30.594357,24,27893.868024
-66.016112,19,27895.601712
-12.13956,23,27897.695371
-62.03546,23,27899.844273
-59.075617,21,27901.937961
-8.645743,27,27904.33192
-15.858616,25,27906.586383
-16.957343,24,27908.701132
-62.265447,22,27910.75273
-67.905698,21,27912.659445
-76.435318,18,27914.355767
126.658788,35,27917.397267
-35.618988,21,27919.366483
-28.476456,22,27921.474666
28.23277,26,27923.827259
63.468073,33,27927.493738
43.342305,30,27930.209078
-64.731584,21,27932.149793
162.791482,38,27935.414754
-58.110634,23,27937.420632
-59.966881,26,27939.716389
-61.331508,22,27941.76946
-14.866227,22,27943.792535
-73.80029,20,27946.061211
29.886869,27,27948.665889
-62.721893,21,27950.791279
-16.447502,26,27953.148117
-63.152518,20,27954.961318
-53.941245,22,27956.945983
-67.305317,21,27958.867531
-73.061074,22,27960.99606
-54.616759,21,27962.909439
-95.012009,16,27964.436047
-25.95655,22,27966.452893
-75.910963,24,27968.456206
-64.711632,20,27970.320959
-19.688538,25,27972.607976
-11.73008,25,27974.89227
-109.00254,16,27976.355774
27.81321,27,27978.79577
-12.666698,26,27981.127482
-37.60467,21,27983.129428
-67.760192,21,27984.958694
-97.176179,17,27987.224749
32.591266,24,27989.58246
31.865609,28,27992.172551
-72.626384,19,27994.041468
90.976165,31,27996.959674
-82.038527,20,27998.900768
25.842986,24,28001.195338
26.843304,26,28003.559616
-80.695216,22,28005.607501
-2.052706,26,28008.002214
-59.325505,22,28010.104023
24.775014,28,28012.624842
-78.725106,18,28014.576393
-59.89048,22,28016.549424
82.440888,27,28019.12948
30.297592,24,28021.565039
-15.180663,25,28023.900581
-67.7905,18,28025.609924
-56.08505,22,28027.595361
-52.686693,24,28029.636179
-22.701962,22,28031.687801
-51.751246,25,28033.885849
-59.623018,22,28035.861849
-58.9911,21,28037.793632
-33.665766,18,28039.49708
-67.802738,18,28041.26427
-25.510201,22,28043.268981
32.942923,27,28045.714946
-15.199747,25,28048.48485
32.286682,26,28050.980933
-70.905174,21,28052.889665
-68.35717,22,28054.864673
-23.90008,25,28057.219274
-91.092294,17,28058.925206
-63.406878,22,28060.89524
81.149296,30,28063.669532
-63.609753,26,28065.961077
-17.647431,24,28068.171703
-35.759398,21,28070.126491
-30.191549,23,28072.193711
-26.863848,19,28074.003115
-65.715118,20,28075.834312
-75.23423,19,28077.520773
-29.119918,23,28079.750204
-70.52815,18,28081.497705
-59.577727,21,28083.460497
72.30836,26,28085.884533
-59.092567,22,28087.802398
-71.875079,21,28089.727306
-63.58204,21,28091.645547
-64.948511,20,28093.431486
-11.342466,23,28095.510225
-20.774553,22,28097.536961
27.800526,28,28100.077244
-21.214312,23,28102.193036
-55.253876,24,28104.375955
75.556844,26,28107.392146
-27.674886,24,28109.530855
83.371222,29,28112.216768
66.99083,27,28114.737568
-69.735507,21,28116.662507
-15.479682,25,28118.945385
123.022725,34,28122.01465
-64.896813,19,28123.82662
-41.133137,21,28125.774647
-67.493781,19,28127.516983
-52.457258,23,28129.516477
-16.90989,22,28131.552869
-7.873349,26,28133.945043
-64.447331,20,28135.878095
37.114349,25,28138.184376
26.216694,23,28140.495265
29.494095,27,28143.001467
-78.306112,18,28144.743532
-0.265436,29,28147.259619
-59.352294,21,28149.135562
-26.240999,22,28151.141418
-44.305885,18,28152.916608
-10.317502,24,28155.067335
-73.597204,18,28156.716242
-77.935043,18,28158.395317
124.971356,32,28161.335435
-20.629822,20,28163.248309
-26.755245,21,28165.15236
80.053262,26,28168.105713
-52.405713,24,28170.237092
36.996675,29,28172.9141
-71.447379,20,28174.83414
-59.54076,23,28176.940861
173.755558,34,28180.28477
-62.855066,22,28182.214163
31.540005,28,28184.889641
-69.77169,19,28186.624753
-63.570171,23,28188.676035
19.885926,27,28191.398371
-16.195062,24,28193.61759
-79.828514,20,28195.402136
-22.817241,26,28197.941444
33.063214,28,28200.770564
31.484575,25,28203.26069
-68.745372,20,28205.204275
-52.384308,22,28207.273348
23.486537,27,28209.648118
-61.404739,22,28211.628365
-5.777996,27,28214.022412
-64.6839,19,28215.805131
-20.885954,23,28217.87116
-74.601029,17,28219.483305
35.288341,25,28221.795983
-71.740087,19,28223.661558
-60.534594,21,28225.53607
-15.847979,24,28228.294737
-57.090413,23,28230.278401
-60.473849,22,28232.308344
-73.374086,21,28234.151301
-96.955056,13,28235.828609
66.839175,29,28238.46203
-20.309034,21,28240.419265
-60.161098,23,28242.428148
-78.717971,20,28244.740273
-26.236278,23,28246.975754
-69.750671,20,28248.871018
-26.602592,21,28250.916627
-64.229869,19,28252.657825
-8.247765,28,28255.147966
-7.751441,23,28257.341593
-74.452306,19,28259.154102
32.69842,26,28261.720925
-67.269316,24,28263.879021
-66.651949,21,28265.862686
83.962559,30,28268.645416
-62.895827,20,28270.459054
-73.911579,19,28272.367523
36.059133,27,28274.914069
27.77171,23,28277.135093
-62.613842,22,28279.131585
193.273562,33,28282.179265
-61.484391,20,28284.092886
-66.583089,18,28285.803368
-24.515997,21,28288.414544
-61.483431,20,28290.203182
-78.737059,18,28291.97318
-61.867435,21,28293.89377
-67.909352,19,28295.670878
-58.047901,21,28297.583721
-64.070317,19,28299.371853
-67.332466,20,28301.201232
29.416888,27,28303.536417
-58.059044,23,28305.728471
-59.127657,21,28307.680157
-11.015703,23,28309.868587
26.050715,28,28312.367364
-15.570299,25,28314.674247
-19.583702,24,28316.968832
-63.899413,20,28318.797087
-68.33016,22,28320.958027
-21.580974,23,28323.115351
-70.406298,27,28325.413648
136.361517,35,28328.483659
32.566189,26,28330.877322
3.795361,31,28333.56603
-54.444476,24,28335.698286
-66.306327,19,28337.418977
-60.770631,20,28339.288304
-69.757458,18,28340.930002
-68.870864,21,28342.807823
28.769952,24,28345.152928
30.350814,27,28348.218232
-65.098003,19,28349.98454
30.923324,26,28352.434353
-86.635021,20,28354.241659
-62.999723,21,28356.110913
-16.684476,23,28358.283322
-18.959372,23,28360.465243
-18.017167,24,28362.656764
-77.37663,18,28364.265939
-14.352985,25,28366.603384
-77.871621,20,28368.400538
-67.698272,18,28370.119841
87.055464,31,28372.90448
-71.579435,23,28374.897006
119.520473,31,28377.819917
-11.836602,28,28380.453852
-13.369651,24,28382.667636
-63.972165,20,28384.537086
24.729435,24,28386.799432
-53.234395,25,28388.980107
-18.432379,22,28390.988229
-76.271913,18,28392.655077
-19.126911,24,28394.814738
-7.233053,25,28397.172129
-15.211747,24,28399.433024
122.955047,31,28402.254635
-70.459422,19,28404.139216
-72.534377,20,28406.074468
-72.206331,20,28408.285642
-52.140598,23,28410.382664
36.131337,26,28412.82888
-60.905924,23,28414.809814
68.424481,28,28417.378051
-64.843462,20,28419.191458
-67.311355,20,28421.113687
-64.729053,22,28423.040564
24.182273,26,28425.442341
-12.847184,26,28427.923317
-74.083141,18,28429.628239
30.959236,25,28431.92395
-54.333981,22,28433.869649
-19.392488,21,28435.831209
-55.591054,24,28437.9862
-58.706317,20,28440.009295
-70.292724,21,28441.977115
-78.855158,20,28443.755227
-18.217598,24,28445.991507
-70.47423,23,28448.019262
76.923356,27,28450.480684
44.236394,29,28453.110104
-60.323191,18,28454.828972
-25.702257,27,28457.309994
-58.954993,19,28459.08539
-70.519526,20,28460.933501
27.267553,27,28463.411721
-15.194045,23,28465.506793
-69.859985,18,28467.61972
-63.842394,21,28469.473941
116.615846,29,28472.323677
-21.279488,20,28474.21369
76.026833,29,28476.873622
66.250655,28,28479.41384
-14.686284,26,28481.835711
-12.678347,24,28484.010317
-30.743636,22,28486.094855
-63.849802,22,28488.038756
-56.537359,27,28490.316177
17.659418,23,28492.568727
-67.140398,20,28494.368805
-55.642448,22,28496.339967
76.601353,29,28499.141747
-57.297849,23,28501.308762
-62.537247,19,28503.134298
-20.321328,27,28505.438819
-12.611677,23,28507.59909
129.445144,30,28510.314572
-55.555282,23,28512.393711
-71.058722,18,28514.109238
40.746781,28,28516.758442
-63.015342,21,28518.621203
70.835045,28,28521.201042
-67.138042,20,28523.031721
-74.143752,22,28524.998899
81.644056,27,28528.019035
-26.080222,23,28530.078671
-19.73156,23,28532.259499
-57.147342,20,28534.098356
-16.411994,23,28536.239922
-12.069935,30,28538.723614
30.928496,24,28540.969072
163.841104,34,28544.116975
37.652273,30,28546.803285
123.516932,34,28550.12895
-19.297237,24,28552.398058
-5.280796,23,28554.555597
-71.130197,21,28556.393492
-59.574564,20,28558.281011
-68.885321,22,28560.46292
-28.340171,19,28562.337446
74.601986,30,28565.092901
-60.10814,22,28567.058425
-21.886618,25,28569.317505
33.548026,29,28571.997087
90.373876,26,28574.419724
-24.689907,23,28576.585993
-6.420945,26,28578.95244
89.504196,35,28582.050461
-67.992662,19,28583.824605
-13.43891,25,28586.338518
-39.065683,21,28588.502735
-78.329721,18,28590.217247
28.587865,23,28592.470518
-78.287536,23,28594.902354
-60.026944,18,28596.627059
-69.534762,19,28598.360775
-15.390951,24,28600.516483
36.260672,27,28602.970054
-17.725991,21,28604.995526
-76.64641,19,28606.91102
-5.352618,27,28609.441717
-60.145514,21,28611.329319
-62.953735,22,28613.304036
-2.798258,27,28615.68878
-72.114769,22,28617.611527
-56.189439,24,28619.902233
-72.225387,19,28621.726345
-14.625171,25,28624.061638
-62.459056,22,28626.1371
53.286041,27,28628.565431
-7.569952,25,28630.786174
22.071726,25,28633.113586
-27.626394,21,28635.079577
-73.733566,20,28636.882802
-79.338372,20,28638.753725
-10.860305,25,28641.115016
-75.560813,19,28642.834032
-63.667529,19,28644.568753
-10.561352,24,28647.27181
-3.461142,30,28650.449239
-71.470281,19,28652.185875
35.188936,27,28654.768929
-59.551482,23,28656.75479
-65.597154,24,28658.902171
-55.767466,24,28661.029058
-13.959797,23,28663.122494
-67.001429,21,28665.071912
-56.216137,23,28667.129878
33.197169,26,28669.543907
-63.35854,21,28671.483646
-65.660269,22,28673.399956
-69.123568,20,28675.272815
-11.731529,22,28677.298104
-70.905283,17,28678.96425
127.754901,31,28681.986694
-15.849456,25,28684.193393
-15.320841,26,28686.472153
-6.946603,27,28688.878914
-19.039358,24,28691.011333
21.30774,25,28693.352871
-13.508802,23,28695.461921
28.049128,27,28697.872879
-19.638305,23,28700.025703
-17.940016,26,28702.389518
38.409118,29,28704.919599
0.085894,30,28708.029778
-74.968766,19,28709.882722
-15.026861,25,28712.181445
-58.916296,22,28714.124032
-18.72307,23,28716.280439
-12.706618,25,28718.479056
-15.641922,27,28721.064502
-67.682577,22,28722.955091
-74.482696,18,28724.800505
-8.992689,25,28727.108367
-65.091478,20,28728.940246
-72.618478,19,28730.752324
-20.098645,23,28732.838714
-63.724096,19,28734.669022
-57.020923,20,28736.586858
-70.14793,19,28738.403504
-7.866529,26,28740.881804
-55.335128,23,28742.916801
-28.418732,21,28744.951853
-67.72646,21,28746.829597
-51.919912,25,28749.067009
-86.958741,17,28750.586933
-60.317912,21,28752.57791
-68.763083,19,28754.320377
-62.143039,19,28756.101039
37.145929,26,28758.461542
-11.386834,26,28760.869271
-11.900702,23,28763.039828
-1.717539,29,28765.572414
20.165705,24,28768.385155
-56.495447,22,28770.389062
-22.313278,25,28772.6473
-69.46224,20,28774.469986
-12.709079,27,28776.934933
-64.723224,18,28778.611228
-72.34621,21,28780.452044
-36.102605,19,28782.219716
-12.469231,23,28784.332184
-55.867073,23,28786.492498
-14.817699,26,28788.835779
-81.116409,16,28790.301527
-59.410691,20,28792.110372
-17.768634,23,28794.227651
-10.945498,22,28796.323645
-37.348749,24,28798.458633
-4.316791,32,28801.592348
-29.911857,21,28803.704144
27.177709,25,28806.007776
-12.382066,24,28808.193404
-9.68912,27,28810.567135
117.747025,31,28813.51105
-18.253801,21,28815.489012
-47.774272,22,28817.485433
-69.534847,22,28819.400655
26.464974,25,28821.788519
-50.57662,25,28824.048545
-69.933072,21,28826.179773
19.868453,25,28828.826078
-90.087998,18,28830.524766
-64.984995,21,28832.440025
27.561071,21,28834.686998
-76.126557,18,28836.430537
-29.753318,21,28838.483329
-27.434849,23,28840.612571
-23.823187,23,28842.743919
-23.399571,21,28844.697002
-59.887098,20,28846.600708
-59.515644,20,28848.557575
-58.676218,21,28850.593633
-55.927344,22,28852.579082
-74.202008,20,28854.391018
-14.58309,21,28856.40649
-16.831912,25,28858.706687
-66.466688,18,28860.5151
-62.454529,21,28862.483901
-65.662427,23,28864.524489
-72.378685,18,28866.184197
-4.903122,27,28868.54049
-19.272323,23,28870.657167
179.871231,34,28873.817885
13.568175,26,28876.128584
-29.148823,26,28878.474043
-73.916738,19,28880.208319
-67.324868,16,28881.991299
-63.571145,17,28883.600154
-26.91409,21,28885.51628
-61.070567,21,28887.977033
87.813655,29,28890.56534
-16.087387,24,28892.849921
-83.169622,18,28894.498217
-60.517707,22,28896.565242
128.549563,33,28899.479924
-62.226679,22,28901.509525
-17.067549,20,28903.402329
-14.645521,23,28905.66392
-56.295459,23,28907.748328
78.200529,28,28910.422021
-41.173452,22,28912.423927
-79.46434,21,28914.268866
-19.050241,24,28916.437414
-16.602915,25,28918.731992
-72.819287,19,28920.587386
-60.302785,21,28922.54961
-60.772074,21,28924.489295
-27.812465,21,28926.428926
-67.553325,23,28928.481336
32.476981,25,28930.871287
-74.190667,20,28932.692525
-28.242281,20,28934.552358
-28.254554,22,28936.575575
-67.798952,21,28938.662481
-60.609888,20,28940.483264
17.744361,23,28942.617744
40.54504,29,28945.18508
76.256752,27,28948.079066
-55.587461,24,28950.172226
26.520506,27,28952.739197
-27.264155,20,28954.558419
160.590139,31,28957.506401
-8.297904,25,28959.792374
-71.356242,22,28961.780557
-76.239701,19,28963.490316
89.522533,35,28966.695452
176.181479,36,28969.882557
27.522927,24,28972.112831
-88.036475,18,28973.772291
74.71024,29,28976.410533
82.226379,31,28979.265191
56.238488,22,28981.588528
-70.554076,21,28983.518931
-18.937941,22,28985.575234
-17.745858,21,28987.518012
-76.064411,16,28989.025244
-56.649912,21,28990.950214
-88.400999,18,28992.571826
-57.74445,19,28994.351075
-14.239248,27,28996.701796
-66.555775,22,28998.668922
17.566351,24,29000.899621
-10.877565,24,29003.034958
28.909951,24,29005.240232
-62.815443,22,29007.910851
38.723056,27,29010.392326
-56.330052,19,29012.211607
-20.636278,19,29014.068293
-18.22511,24,29016.262611
-84.542212,19,29017.970554
-12.1731,22,29019.994762
-64.945465,19,29021.749026
-19.701286,22,29023.772322
175.816049,35,29027.061601
-117.090207,17,29028.617381
-12.075117,25,29030.867348
-75.369844,22,29032.843162
-64.113093,18,29034.59574
72.140424,28,29037.16719
-43.856302,20,29039.082325
29.112972,29,29042.006686
-16.43344,24,29044.198623
-75.611235,17,29045.781099
-16.969608,23,29047.843854
-63.52961,22,29049.829623
-66.078205,20,29051.719898
-15.465968,25,29053.90676
-12.56471,26,29056.299324
90.814584,28,29058.875688
33.869468,29,29061.500875
32.411687,28,29063.983585
-2.900734,28,29066.951099
-57.853457,19,29068.835354
-15.228279,25,29071.063514
-72.259801,20,29072.876935
-75.222382,18,29074.593623
-29.313206,22,29076.573726
24.87021,25,29078.919778
-50.072528,21,29080.989018
-92.504707,16,29082.498893
68.264665,24,29084.862494
71.519682,27,29087.4082
81.658193,28,29090.011588
-62.405017,21,29091.938566
27.856517,25,29094.254098
-72.871901,19,29096.062681
-75.946128,18,29097.771788
-68.890266,18,29099.618553
-62.136132,18,29101.456556
86.351333,32,29104.348407
-68.882097,21,29106.253394
-86.378872,19,29107.936213
-66.051191,21,29109.845349
-21.436371,23,29112.0557
-73.008347,19,29113.758066
-62.523447,22,29115.734925
133.023671,35,29118.838492
-64.374198,23,29120.984861
39.736669,30,29123.668162
-55.568715,23,29125.712624
-68.227479,19,29128.215059
-65.461574,21,29130.547316
-18.245073,23,29132.760484
-9.430319,26,29135.101528
-65.321851,20,29136.894784
-10.905673,27,29139.295598
-6.727279,26,29141.58521
-66.599495,19,29143.389004
-64.961519,20,29145.508788
-59.296368,25,29147.997737
-62.87625,23,29150.196174
-72.615866,20,29152.022251
-68.892838,19,29153.774036
28.040587,25,29156.091635
-10.999763,26,29158.378645
-19.884488,28,29161.084183
-57.792542,23,29163.131807
-57.989283,22,29165.143354
-60.570465,22,29167.371927
-68.106427,21,29169.265132
-27.165317,19,29171.050975
-57.525457,23,29173.15562
-22.195487,23,29175.246581
25.765146,26,29177.673104
-66.936981,19,29179.378549
-8.060696,25,29181.673744
64.980869,27,29184.105639
-60.668477,23,29186.684421
-59.538438,22,29188.797612
25.878229,27,29191.30564
-10.439106,24,29193.520903
-65.623302,21,29195.377418
-88.783905,20,29197.196493
-62.796186,21,29199.129082
-23.438983,24,29201.30132
-18.164753,23,29203.386847
-15.109003,26,29205.761961
-60.647296,22,29207.732142
-20.066772,22,29209.899731
-67.29847,20,29211.745622
29.310739,27,29214.163684
-65.107747,22,29216.127568
-68.391564,19,29217.848918
-51.973944,22,29219.959576
-64.999388,19,29221.829672
-5.806028,25,29224.135882
-10.78598,25,29226.497497
-74.482802,19,29228.182521
24.345446,25,29230.471731
-68.870022,23,29232.530418
-45.795952,28,29234.901434
-82.183361,17,29236.567778
-70.008749,20,29238.356112
19.614041,25,29240.632182
-63.720192,21,29242.525716
-25.220095,23,29244.590493
-64.872053,20,29246.885019
32.945059,27,29250.26311
-61.830866,22,29252.553382
-57.330568,22,29254.787961
-70.745862,19,29256.624593
35.336436,27,29259.20287
-73.095645,21,29261.121139
-14.907833,23,29263.291043
129.049547,35,29266.570575
-23.98086,24,29268.735665
-29.588081,25,29270.944012
-61.34714,18,29272.64437
-71.70729,18,29274.302136
34.261775,27,29276.861531
-79.742331,18,29278.481489
-13.162797,27,29281.129314
-70.823732,20,29282.93782
30.006036,23,29285.167989
16.435994,25,29287.515768
-14.292371,22,29289.542836
-24.498796,22,29291.603098
22.747223,23,29293.792643
36.933761,26,29296.184896
-56.810645,21,29298.063199
-67.884011,20,29299.832739
-67.044227,21,29301.704985
38.107001,27,29304.233059
-16.946176,25,29306.977324
-22.469257,25,29309.469621
-66.90381,18,29311.239693
-15.607802,21,29313.29145
-80.890128,14,29314.632635
-15.816029,25,29316.931953
-14.3162,25,29319.241376
-21.377285,22,29321.275233
-15.162725,22,29323.338172
-14.265868,23,29325.485805
-64.738414,21,29327.414789
122.365536,32,29330.358818
-63.049975,22,29332.317828
-24.668926,23,29334.491807
21.97711,22,29336.668859
-33.757168,20,29338.55691
-29.340145,23,29340.794412
-56.763211,22,29342.864973
-69.730429,20,29344.842575
40.014588,30,29347.552506
29.419985,27,29350.054541
-69.907687,18,29351.719734
-15.641731,24,29353.99685
-21.792048,21,29355.990856
-19.974476,25,29358.193076
26.768449,27,29360.610074
-68.410051,21,29362.53201
-65.738061,19,29364.271756
-54.971005,20,29366.399687
-26.878516,21,29368.583584
-62.85232,23,29370.814324
-17.699325,25,29373.736626
-69.511165,20,29375.875103
-51.032109,27,29378.152062
-71.840988,20,29379.935001
-67.126313,22,29381.982239
-93.7656,18,29383.594115
27.420173,28,29386.107055
-27.856927,20,29388.107019
-30.547076,20,29389.950706
-56.065901,21,29391.862991
-75.575447,16,29393.917612
35.612609,28,29396.528648
-17.512,24,29398.777766
127.824838,35,29402.033145
-64.144904,23,29404.074912
-76.826697,17,29405.723919
66.803275,28,29408.332339
-70.850993,21,29410.215154
-58.403022,24,29412.312988
33.859362,27,29414.87064
-70.319767,19,29416.597728
14.506445,23,29418.730947
-15.289647,25,29421.109949
-82.465566,21,29422.979615
31.420142,24,29425.311615
-50.594959,24,29428.317559
35.252736,27,29430.79268
30.471006,26,29433.262438
-64.021478,18,29435.004433
-14.234326,26,29437.350982
-63.511902,20,29439.246792
-4.17193,31,29441.91133
-69.926948,21,29443.790946
-10.867172,25,29446.147759
34.773282,28,29448.803989
-69.796781,19,29450.696202
-17.389702,24,29452.834522
-67.308667,20,29454.682237
171.484032,33,29457.820057
4.432751,23,29460.152097
-14.625591,24,29462.392783
-18.262661,28,29464.755667
-52.88111,21,29466.647489
28.260045,26,29469.49497
-65.996598,21,29471.441371
-9.608042,26,29473.749453
137.579319,32,29476.767827
6.544386,27,29479.288095
-64.565739,20,29481.078948
-66.449727,21,29483.07135
-34.555414,21,29485.048258
22.473809,24,29487.730135
74.167776,28,29490.404464
-59.072641,21,29492.33054
-23.568205,22,29494.332181
-60.353106,20,29496.213001
83.117931,31,29499.05125
-13.44609,23,29501.18816
-66.496319,20,29502.982761
-57.2777,22,29505.005609
-61.040293,20,29506.861263
42.677726,29,29509.479285
78.781614,31,29512.33683
-69.57195,19,29514.109711
36.801825,27,29516.528371
-1.500582,30,29519.214484
1.247503,20,29521.304278
-63.153679,19,29523.097856
-16.045601,25,29525.508591
-61.726919,24,29527.659681
9.701797,22,29529.771226
-77.353989,19,29531.558605
-60.880781,22,29533.524415
-54.459951,24,29535.604331
-66.780939,21,29537.490222
-16.74874,21,29539.501429
53.268925,25,29541.775656
-53.234612,23,29543.811368
43.989006,35,29547.310278
75.761679,30,29550.103631
-62.487271,18,29551.833426
-12.834274,22,29553.94727
-41.070292,23,29556.014083
-6.382737,28,29558.50181
117.925751,30,29561.331562
-18.10993,22,29563.372098
90.174823,32,29566.307076
-57.310091,23,29568.442447
-12.469455,24,29570.681376
-34.335479,22,29572.642983
-68.175072,17,29574.181063
-5.370907,29,29576.794046
-40.84047,20,29578.603234
-20.190982,22,29580.787216
-57.738238,22,29582.807
-11.423126,23,29584.977063
-17.855741,18,29587.013975
-79.652601,18,29588.669309
-15.595915,23,29590.791366
-53.475306,22,29592.7949
13.819619,24,29595.115366
-67.366563,21,29597.089082
-23.282196,26,29599.28923
-58.304607,23,29601.41178
-63.238994,20,29603.22488
-66.079993,20,29605.053093
122.894522,30,29608.448223
-58.696539,22,29610.524626
-17.307089,25,29612.768344
-16.170702,21,29614.716229
-53.365769,23,29616.756356
-73.957153,21,29618.646308
134.950367,34,29621.8166
-50.536039,22,29623.813692
30.553468,27,29626.390071
-56.130094,23,29628.509742
-53.936806,22,29630.511458
34.26501,27,29633.087784
-72.894601,23,29635.212166
95.824341,31,29637.980043
-20.716377,25,29640.402072
-63.637024,22,29642.486295
-14.652956,23,29644.514083
-70.39466,19,29646.357147
-69.113865,20,29648.178608
-11.430882,23,29650.29636
-10.905589,23,29652.440506
-56.068576,23,29654.514696
-8.850092,26,29656.815628
-16.64337,21,29658.770633
-91.33222,19,29660.425382
36.419236,28,29662.937509
-60.85411,23,29664.991789
-63.663675,22,29667.238744
14.323499,24,29669.702611
-55.780486,23,29671.84081
-15.162885,22,29674.043317
-49.800685,26,29676.288986
-59.638875,23,29678.432079
-54.382459,23,29680.768167
-72.302374,21,29682.685006
-56.595799,23,29684.7162
-13.161175,24,29686.998593
-60.326321,21,29689.140579
75.767727,33,29692.231703
-80.196915,19,29693.925977
-16.252641,23,29696.023266
-18.077784,22,29698.13464
85.846728,31,29701.13401
-30.336189,22,29703.202684
-71.186244,20,29705.034313
-21.0914,25,29707.272518
-15.497862,27,29709.62253
-63.113123,22,29711.532737
-18.711588,24,29713.667138
-59.478275,19,29715.53828
80.2283,30,29718.296242
32.305232,26,29720.667876
81.246138,28,29723.256665
-25.292228,22,29725.267707
-24.623508,22,29727.835202
-72.456875,19,29729.706653
74.671601,27,29732.317643
-13.074187,24,29734.555657
-62.951333,20,29736.382487
-65.524129,22,29738.299677
-72.37606,16,29739.815562
-80.895085,23,29741.935253
-50.593085,25,29744.212542
-52.686796,24,29746.387251
-8.066937,24,29748.661581
-54.67267,22,29750.800548
-69.576976,20,29752.577574
-19.569902,22,29754.700066
-8.469613,23,29756.798465
-12.286733,22,29759.004165
88.012571,32,29762.092213
-51.120013,26,29764.396974
-5.407994,28,29766.832527
243.975183,38,29770.39995
-61.568477,22,29772.376583
-64.734848,23,29774.417061
-13.301534,25,29776.637083
-8.589961,25,29778.910571
-17.938504,24,29781.074305
-13.935767,24,29783.25606
-68.521493,21,29785.115136
-16.524385,23,29787.51437
30.199656,25,29789.855215
-63.365833,21,29791.818256
1.227005,33,29794.607877
27.833453,28,29797.080402
-64.10743,22,29799.092308
-62.88604,22,29801.040927
-11.879659,25,29803.415955
-75.012635,18,29805.334815
-62.915174,20,29807.162011
-69.947494,19,29809.059382
-16.183332,23,29811.150573
-32.157539,23,29813.314795
-64.665484,20,29815.197302
-57.431945,22,29817.25979
-67.137523,17,29818.957237
-68.663394,18,29820.771884
-64.275845,20,29822.625055
39.379933,28,29825.216919
-57.511906,23,29827.181364
167.923976,33,29830.231339
-61.251594,20,29832.16225
-79.785766,18,29833.830058
-22.121831,23,29835.941516
-12.314153,25,29838.194303
-15.664566,20,29840.5078
-83.243003,12,29841.702806
43.361101,31,29844.569202
-52.985568,24,29847.153913
-18.536949,24,29849.304881
-17.96786,23,29851.384175
22.60889,24,29853.747241
152.118421,31,29856.757569
-2.441507,27,29859.165207
-63.641203,19,29861.178893
-25.868314,21,29863.175557
83.825678,29,29866.022736
-20.589545,22,29868.089307
-14.677354,22,29870.262057
-90.6133,16,29871.735755
-68.812962,23,29873.760676
70.471383,28,29876.364804
-65.244231,20,29878.136108
-49.342146,25,29880.679405
-18.388804,23,29882.888919
-20.36718,24,29885.059977
-17.813635,24,29887.260071
29.433197,25,29889.617216
-16.608015,24,29891.954047
-12.851993,21,29893.978954
-62.022597,21,29895.904623
-63.376064,21,29897.778898
39.775806,28,29900.341458
-51.833239,23,29902.423929
-69.134702,20,29904.24119
-24.013516,21,29906.570428
48.269106,23,29908.902399
-59.31463,20,29910.725787
24.362199,25,29913.070719
31.60498,27,29915.53319
44.073655,29,29918.07518
33.73104,25,29920.437672
-6.703825,25,29922.699591
-72.722343,21,29924.598782
-60.843428,22,29926.655323
-82.150948,20,29928.459906
-88.582108,20,29930.264261
-57.299413,21,29932.228379
36.585596,28,29934.748098
-18.607262,23,29936.915027
32.923628,26,29939.315104
-56.548951,24,29941.549994
33.699341,25,29943.975669
5.993532,26,29946.594782
-62.256439,21,29948.492946
-7.298314,25,29950.742194
-16.583523,24,29952.960201
-7.378531,25,29955.196045
-67.856046,20,29957.02179
-65.71797,20,29958.804309
-69.257229,19,29960.593854
35.302983,25,29962.930561
29.44675,26,29965.366355
-20.458768,24,29968.197797
-17.265751,23,29970.365578
-76.43008,20,29972.218184
-60.569932,23,29974.231674
-21.589589,23,29976.373338
-63.015231,23,29978.399476
-55.138939,23,29980.494962
-43.405298,22,29982.527915
-63.380987,25,29984.742448
-18.531409,25,29987.107063
-63.193009,20,29988.903833
-71.435448,19,29990.618647
-20.560325,23,29992.64099
-10.962944,23,29995.389584
-70.784961,21,29997.836024
-15.414265,24,30001.144048
120.486926,32,30005.436446
-60.394982,22,30008.399716
-7.631997,24,30011.344134
-57.472363,23,30013.552129
29.997189,26,30016.203718
39.495997,26,30018.834156
-70.627237,17,30020.622741
-59.639857,23,30023.026696
-30.394892,19,30025.024072
-64.364934,22,30027.835181
55.290864,34,30031.161493
74.016217,27,30034.03879
-1.66143,28,30036.823751
-31.088994,20,30039.186628
-19.918978,20,30041.523461
-64.50697,22,30043.772246
117.344024,35,30047.196296
-52.408291,21,30049.419592
-18.776625,25,30051.704589
-12.342403,23,30053.782232
-60.62712,22,30055.792081
-20.736162,21,30057.785957
-22.480374,22,30059.897622
-58.082156,22,30061.952838
-60.761791,22,30063.905872
40.51616,28,30066.487895
-23.082288,22,30068.475074
-74.468623,18,30070.06321
-63.084623,19,30071.799201
-47.445032,25,30074.006111
25.308481,21,30076.077507
30.88792,25,30078.458597
-12.115114,24,30080.642036
-18.796135,22,30082.749002
-60.581378,20,30084.54153
-21.361877,23,30087.317469
-54.734543,25,30089.693623
-27.844563,20,30091.648695
-31.338343,22,30093.635134
28.784382,26,30096.041765
-60.104192,22,30098.005043
-15.33005,21,30100.053645
-65.250683,19,30101.774161
-68.547542,20,30103.553376
-61.934039,21,30105.564304
66.230623,27,30108.09621
-65.992869,21,30109.96143
-9.345699,24,30112.072069
-62.414397,23,30114.08527
-68.858227,25,30116.273292
-64.033799,22,30118.306219
4.048967,26,30120.848536
-66.143405,23,30122.91748
-69.832728,20,30124.743334
-10.09147,26,30127.064498
-61.817254,22,30129.111938
-69.355266,22,30131.197075
31.984236,25,30133.555034
-62.288534,22,30135.569667
63.782744,27,30138.235145
-23.355432,23,30140.277371
-8.722757,24,30142.453804
-66.407982,20,30144.324765
34.741603,28,30147.279341
-58.093886,24,30149.523612
-55.530378,21,30151.507416
-59.198528,21,30153.423109
-62.906942,23,30155.435089
-65.001854,21,30157.409881
43.580606,29,30160.147139
-18.980141,22,30162.455637
-18.460639,23,30164.813246
130.180198,32,30168.227079
-55.455782,24,30170.661496
38.437696,30,30173.630546
46.246768,33,30176.933305
-14.429754,24,30179.526156
-62.057671,23,30182.04804
87.497896,35,30185.463765
37.062648,24,30188.15557
-72.782005,19,30190.136682
34.133129,27,30192.933711
36.329054,26,30195.740341
83.172418,31,30198.863823
-11.10382,23,30200.964714
70.4968,26,30203.54629
-21.829644,22,30205.570232
-67.439784,21,30208.064866
-19.0904,23,30210.206305
-66.553476,22,30212.201494
-69.26622,20,30214.076378
-56.367355,20,30215.895419
-30.280867,19,30217.791088
-67.820025,21,30219.904801
-25.975162,20,30221.940335
-17.20048,22,30224.165534
31.588616,28,30227.180116
-19.95181,22,30229.426846
-7.983844,27,30232.136054
-55.05517,23,30234.274623
-20.934323,23,30236.554624
-19.44781,23,30239.218605
-21.537567,19,30241.575032
-24.036682,20,30243.750862
-32.714251,21,30246.111553
-22.623534,21,30248.535069
37.672333,27,30251.509597
-58.856833,21,30253.775388
-69.865238,18,30255.890137
-16.417271,25,30258.77864
22.712775,25,30261.427684
57.226738,28,30263.904638
18.170215,22,30266.088108
36.747097,25,30268.807041
-77.516527,19,30270.672909
-18.522061,23,30272.949705
-54.667361,20,30274.939105
31.679802,23,30277.350624
-15.410413,23,30279.685732
-8.099822,24,30282.119206
-9.311564,23,30284.451015
-70.7258,19,30286.949854
-17.610007,22,30289.628154
-26.65075,20,30291.880734
50.314632,26,30294.386514
-17.289479,25,30297.196032
-22.365093,24,30299.957181
-9.023937,29,30303.144424
-63.48789,21,30305.551162
-49.096167,31,30308.787366
-65.32982,21,30310.966973
-13.058966,24,30313.449098
-16.560329,23,30315.633552
-61.994049,22,30317.59293
23.930599,26,30319.979529
-20.257959,22,30322.020125
-56.652064,23,30324.032523
-64.891489,20,30325.851392
33.682393,27,30328.924505
81.50819,32,30331.868935
-17.365938,23,30333.972397
-4.302793,25,30336.327121
29.294128,26,30338.712948
33.682573,27,30341.164182
-63.677703,22,30343.118576
-60.993216,19,30344.924759
-1.656551,25,30347.359322
-51.490262,22,30349.487278
-6.262414,23,30351.700923
-58.985252,19,30353.491332
-23.91769,22,30355.495886
-9.108165,24,30357.670165
30.632782,28,30360.375197
-61.993365,22,30362.568275
-12.305447,23,30364.621683
-62.246167,20,30366.480247
-88.277133,18,30368.123546
-18.166791,22,30370.204988
-66.188896,19,30371.998786
-89.618799,17,30373.636013
-70.488354,19,30375.419891
33.768472,26,30377.838021
72.884994,29,30380.464084
-19.89077,22,30382.479993
-17.505082,25,30384.690337
-52.398022,24,30387.242533
135.49467,34,30390.291359
-63.019466,21,30392.219206
37.066471,32,30394.944535
-25.279815,21,30396.914282
-32.349838,21,30398.826695
94.820285,29,30401.430914
-66.909209,21,30403.376685
-97.221571,16,30405.118418
-15.986159,23,30407.226093
15.599759,22,30409.550491
37.907876,29,30412.170527
-14.013835,22,30414.250911
-10.297007,24,30416.429105
33.939597,24,30418.666848
-60.983742,23,30420.941253
-18.293666,24,30423.152501
-19.011906,21,30425.126074
30.060545,26,30427.477372
-14.682878,24,30429.645825
-70.579939,20,30431.495617
-68.456754,22,30433.450994
-18.834717,23,30435.522541
31.857641,23,30437.698678
-60.830168,22,30439.731255
20.880003,24,30441.968458
-75.999993,18,30443.650952
-6.430358,25,30445.930897
-68.568224,17,30448.20409
-6.970184,24,30450.382355
-17.964243,24,30452.622191
73.438139,27,30455.316709
-14.385908,24,30457.481191
-67.1884,20,30459.276114
-10.95552,27,30461.639303
-62.949409,22,30463.704663
-57.681333,21,30465.784718
-77.194365,19,30467.476939
81.067552,30,30470.255321
39.072502,27,30472.688264
-66.23287,20,30474.617352
-24.814787,22,30476.65004
22.662685,27,30479.059412
-24.693544,21,30481.131963
-34.353722,18,30482.950634
-63.377183,20,30484.864761
84.079182,31,30487.644781
35.715681,26,30490.09217
37.190614,27,30492.573764
-66.999529,22,30494.580948
-81.107774,19,30496.283948
73.066368,29,30498.942662
-6.915807,26,30501.289873
-73.197587,19,30503.003329
20.536025,24,30505.280421
-57.673154,19,30507.647494
14.938534,23,30509.824203
-84.128913,13,30511.131672
-31.493579,17,30512.837358
-17.093657,21,30514.873355
-14.049809,25,30517.108996
24.229845,23,30519.325918
-60.800042,21,30521.277395
-62.447088,19,30523.04227
87.808914,34,30526.282268
-26.348587,25,30528.471587
-74.668792,16,30529.965688
-59.693274,23,30532.026644
-12.549434,25,30534.303422
-53.76534,20,30536.211464
152.176747,32,30539.144749
272.456794,36,30542.833549
-9.733308,24,30545.178129
-52.106818,23,30547.168756
-63.424784,22,30549.117473
-59.62767,21,30551.008151
-25.581929,20,30553.009423
-67.583157,18,30554.698223
78.803109,30,30557.461684
-18.638925,24,30559.605419
-57.5031,22,30561.588541
-15.204405,22,30563.674118
-25.995139,21,30565.705025
-15.706489,24,30568.301374
-19.198556,20,30570.341671
83.383723,30,30573.184691
-19.117381,24,30575.409654
18.739905,24,30577.642863
-55.650897,23,30579.663586
-55.96173,24,30581.761751
-9.128196,25,30584.026216
-62.724581,24,30586.279819
-18.49949,22,30588.322876
25.105359,26,30590.776369
-21.336859,24,30592.892725
-21.883462,22,30594.860329
-21.508693,26,30597.185959
-59.423448,22,30599.152315
-11.349442,24,30601.47965
34.170912,28,30603.979247
-24.706322,24,30606.221792
-59.937459,19,30608.106226
-20.817921,20,30609.971311
-20.397547,22,30612.001394
-14.386802,25,30614.258184
-8.206124,24,30616.553045
39.34019,26,30618.941078
-17.784835,22,30620.91369
-53.464454,27,30623.200773
-71.523184,20,30625.017715
-64.810335,20,30627.437684
-74.472871,19,30629.166296
-25.269457,22,30631.229049
-14.940735,23,30633.353679
-14.709203,24,30635.511946
-22.918209,22,30637.4998
81.685953,29,30640.15083
-4.579134,25,30642.384295
-8.415954,25,30644.617898
-92.273351,16,30646.226595
35.545785,27,30648.816636
-89.181686,22,30650.944863
-21.130233,24,30653.146236
-10.05617,26,30655.472081
27.534274,28,30658.046108
-61.240586,21,30660.013547
-12.328638,23,30662.242276
-8.944116,23,30664.377369
-60.230998,20,30666.316407
28.976247,24,30668.529491
-26.792965,21,30670.438021
-44.488806,22,30672.464373
-70.146203,19,30674.240915
-65.120665,18,30675.967952
-26.396299,21,30677.877624
29.995657,25,30680.175381
-63.007409,20,30682.074388
-69.633117,16,30683.567036
-22.789799,21,30685.567182
-58.994435,20,30687.742096
-66.735456,21,30689.886633
-78.941681,19,30691.711979
-63.766252,21,30693.603536
-9.178321,23,30695.717141
33.098794,28,30698.244872
-78.40403,14,30699.62918
81.33357,31,30702.409082
77.577026,30,30705.145597
-18.52022,24,30707.389572
-15.297277,24,30709.608224
-10.201453,25,30711.8958
-63.826856,20,30713.716448
-74.777739,18,30715.387986
34.20963,27,30717.847784
22.252018,25,30720.2463
-20.517945,24,30722.494874
-75.120044,19,30724.343026
-69.363796,19,30726.100257
28.672749,26,30728.524107
-19.292437,22,30730.539013
-25.255989,23,30732.735571
136.43338,34,30735.835428
-18.45378,23,30737.926806
-63.198598,21,30739.766528
32.29944,28,30742.355752
-13.795368,22,30744.42539
-66.785287,19,30746.555413
36.407164,29,30749.53472
-55.084653,24,30751.680641
-62.939388,18,30753.336969
-5.17962,26,30755.635111
20.563576,22,30757.694324
-30.620755,21,30759.632329
-64.768135,21,30761.498393
-20.233197,22,30763.580639
-59.383909,19,30765.503126
-35.527158,21,30767.533335
35.554021,27,30770.028965
-67.323752,19,30771.810133
-30.527168,23,30773.874333
-28.921337,20,30775.81206
-56.576192,24,30777.859458
-54.152556,24,30780.072404
76.244443,28,30782.72892
-26.941284,20,30784.653763
-70.450181,21,30786.515348
36.072784,25,30788.894871
-39.40744,19,30790.632139
-20.739161,21,30792.621799
395.701921,48,30797.063978
-66.595852,22,30799.014854
-71.757448,22,30800.924636
-21.190576,23,30803.029134
-17.278702,22,30805.039502
-71.523055,17,30807.234757
-73.624969,16,30808.801339
-10.906504,24,30811.061054
-20.261672,20,30813.029724
-81.969873,15,30814.441914
35.306999,28,30816.89833
23.431188,21,30818.988247
-7.613787,26,30821.262554
-12.450399,24,30823.494088
-32.000392,20,30825.582937
-69.821997,19,30827.371914
29.591824,25,30829.705631
-70.37201,21,30831.641976
78.604864,28,30834.147779
-86.258993,15,30835.652264
-64.181047,21,30837.523275
-59.932019,21,30839.471868
-64.137022,21,30841.46329
-19.223696,24,30843.700825
-66.367243,22,30845.616777
-77.800742,20,30847.439373
-55.928924,22,30849.408718
-69.289174,20,30851.230389
76.176466,28,30853.899499
-71.155656,20,30855.724651
16.110839,23,30857.8447
29.385816,26,30860.316105
-68.077811,20,30862.167244
-56.908636,24,30864.247807
-12.985063,27,30867.13715
-29.178402,22,30869.228714
-67.68022,22,30871.178867
-58.744181,22,30873.138897
35.239575,25,30875.486676
-59.399308,20,30877.337209
-12.147433,24,30879.494416
-20.163385,23,30881.572013
47.078526,25,30883.879465
28.922676,26,30886.410806
-67.398739,20,30888.224785
-65.821941,19,30889.989918
81.587921,31,30892.825387
-54.415433,23,30894.972843
-13.237481,22,30896.975557
-69.802406,19,30898.740427
131.526122,33,30902.030335
-19.273043,21,30904.027265
-75.525575,20,30905.863802
32.074522,27,30908.341008
-72.223025,17,30909.908221
-64.347561,23,30912.041269
33.891038,27,30914.504679
-20.577518,25,30916.768264
26.522916,25,30919.093895
-21.346032,22,30921.145144
23.911287,26,30923.46892
34.037123,26,30925.836007
26.877407,24,30928.698547
30.725363,26,30931.156062
-61.685668,21,30933.136272
44.27976,31,30935.806724
-86.730719,17,30937.388566
-24.280692,21,30939.337616
-19.225442,24,30941.485845
76.626721,27,30944.009594
-30.861771,20,30945.965265
-7.840572,28,30948.77005
-18.879683,23,30951.164122
82.65945,28,30953.743975
-65.198776,19,30955.518764
-15.808416,25,30957.807455
-74.054505,17,30959.567104
-55.825099,26,30961.912192
-13.435261,24,30964.059779
-56.411053,21,30966.019805
-13.260073,23,30968.152685
-70.354898,19,30969.885645
-15.007755,24,30972.606565
34.059507,25,30975.205451
-18.295816,23,30977.25852
46.154983,34,30980.196714
-22.412272,22,30982.209306
-67.343335,20,30984.120735
-12.780439,23,30986.778192
79.669431,29,30989.532872
27.276175,26,30991.967599
-11.522949,24,30994.168046
-75.745924,18,30995.846058
-8.055507,26,30998.160123
-53.445522,24,31000.242079
-26.246559,23,31002.382127
-22.971221,22,31004.390561
-23.214705,22,31006.498344
-9.516028,26,31008.945452
-69.382586,18,31010.68763
70.3443,27,31013.208537
-15.988011,21,31015.187514
-63.123178,20,31016.982313
31.99673,26,31019.482453
-26.374458,21,31021.58999
-19.356212,23,31023.684772
-69.321565,18,31025.380159
80.509753,32,31028.249758
-80.964195,20,31030.094054
-27.300504,20,31031.992275
-60.465955,21,31033.893799
0.786433,27,31036.411649
-10.34453,26,31038.723839
-66.977667,20,31040.570812
76.375301,28,31043.117149
-71.626378,19,31044.881718
26.046098,27,31047.893672
25.311632,26,31050.223665
-15.1584,24,31052.434585
-9.356424,26,31054.928729
-77.693954,18,31056.566356
67.042155,26,31058.954198
-54.70223,22,31060.93614
-81.004139,18,31062.611784
-61.555983,21,31064.578576
120.032934,30,31067.484777
-19.517419,22,31069.484669
-25.322666,22,31071.56372
-70.20431,20,31073.378825
129.904762,31,31076.268308
-18.117107,23,31078.372779
-13.894088,22,31080.557415
88.474589,32,31083.542529
-17.157552,23,31085.687403
26.668559,25,31087.923851
-54.381391,23,31090.066304
-23.41194,20,31091.944805
36.500951,27,31094.454329
51.207595,30,31097.167214
-11.328078,23,31099.339114
-16.553251,24,31101.492056
-61.049366,20,31103.28484
-81.919368,16,31104.819269
-60.290101,19,31106.902917
-76.312572,19,31108.834247
-71.594352,20,31110.634017
-12.417343,21,31112.700202
23.460134,22,31114.795615
73.779704,26,31117.243464
-30.054398,20,31119.129878
101.653769,37,31122.357696
-84.739929,18,31124.01638
32.76623,26,31126.498389
-6.152672,24,31128.679071
-63.861806,20,31130.555752
-64.634274,20,31132.420906
-2.51701,29,31135.032318
126.061163,33,31138.09259
-14.066471,22,31140.245003
55.71032,34,31143.353468
116.20271,27,31145.911133
-28.915282,21,31147.844653
-28.426349,22,31149.846682
-67.707599,19,31151.608009
-16.037974,23,31153.828827
36.56107,27,31156.263311
-63.169494,20,31158.097919
22.751285,23,31160.27495
-5.260531,29,31162.756793
23.879747,25,31165.069764
-14.521048,25,31167.88914
-32.786144,20,31169.78374
-11.989732,25,31172.033795
-12.788211,26,31174.325099
17.897394,21,31176.415269
64.340309,30,31179.208524
-13.527567,25,31181.471198
39.529117,28,31183.988004
-22.835354,21,31186.012236
-63.035288,19,31187.798375
-13.07322,25,31189.981681
74.854166,29,31192.661364
123.986291,33,31195.661811
-77.881798,16,31197.211724
35.957946,27,31199.76211
-17.791569,25,31202.116256
-20.781285,22,31204.174418
-59.603646,22,31206.258455
-32.209224,20,31208.169626
-28.685074,23,31210.254264
22.065164,21,31212.261309
-61.574218,22,31214.33697
-53.641867,22,31216.382993
72.960294,28,31218.938154
-63.164686,23,31220.927428
28.152424,27,31223.358104
3.948566,32,31226.519438
-57.605657,23,31228.745079
-62.862645,25,31230.872993
29.976152,25,31233.291948
-12.751654,21,31235.289778
-21.49651,22,31237.326198
-66.772106,21,31239.234814
-9.364039,24,31241.406076
73.210461,28,31243.957187
-72.38345,14,31245.441146
37.922452,26,31248.042206
-59.652191,19,31250.007303
400.120055,35,31253.1989
32.298908,26,31255.63783
82.654364,31,31258.484873
-67.967271,16,31260.122738
-15.062859,25,31262.423098
30.398673,24,31264.691429
-36.850672,24,31266.83988
129.22484,32,31269.823983
-89.428621,19,31271.631232
-66.685668,19,31273.432996
-24.348944,18,31275.18672
-20.70199,22,31277.284216
-58.417448,22,31279.255289
40.574713,28,31281.727756
-60.468867,20,31283.51013
-16.637713,24,31285.72694
-14.65079,22,31288.425526
122.470437,31,31291.324079
-66.709243,19,31293.06875
38.924525,27,31295.662151
30.708239,27,31298.047488
-69.339629,25,31300.206196
-31.061186,22,31302.23825
26.709279,25,31304.608597
163.117358,32,31307.716266
-62.885027,20,31309.567672
30.740574,26,31311.900144
-25.330399,21,31313.883291
-9.292631,26,31316.207146
-67.507251,21,31318.078712
-16.978041,20,31320.063844
-5.944518,25,31322.467307
-17.757335,22,31324.498361
-59.647424,20,31326.363432
-67.432484,21,31328.2238
78.86426,25,31330.71808
-67.680854,19,31332.453942
35.394081,28,31334.97062
-76.420703,20,31336.77757
21.285577,24,31339.102014
-80.912592,16,31340.636403
-66.526923,17,31342.228013
-10.561391,25,31344.437343
-67.702673,19,31346.628008
-75.015425,19,31348.493691
119.082113,32,31351.383561
41.543176,28,31353.884338
68.209079,27,31356.418781
-15.265836,27,31358.69699
-63.301646,22,31360.643055
-88.76854,19,31362.366158
17.851071,21,31364.48062
-10.169129,27,31366.940816
-23.710431,22,31368.997196
-16.697483,22,31371.038087
-65.469067,22,31372.972712
-14.083172,23,31375.121396
-18.42232,22,31377.182295
-61.784224,19,31379.018816
-25.322805,21,31381.268841
-74.168201,17,31382.876008
-65.858923,20,31384.719976
33.546053,27,31387.490673
77.122632,29,31390.160338
-78.28788,16,31391.642081
-17.718832,23,31393.748926
-21.175986,24,31395.904918
-22.805863,20,31397.86373
-72.733087,20,31399.645587
32.370986,24,31401.915596
-22.941502,20,31403.751706
-17.372947,21,31405.739853
-59.042435,19,31408.148797
-59.726346,21,31410.033396
39.651977,28,31412.623338
37.254243,26,31415.103075
-8.362075,22,31417.179634
29.060703,26,31419.562355
-16.159802,25,31421.85579
35.140802,27,31424.31604
22.571634,24,31426.653673
71.380495,28,31429.225555
71.832479,27,31431.805532
-67.377203,20,31433.603414
-59.991366,22,31435.554051
-74.130692,15,31436.973171
-58.715178,21,31438.855188
-10.126239,25,31441.316434
39.886577,27,31443.78407
-20.416402,26,31446.067971
-62.762649,21,31447.936908
30.461127,24,31450.206265
-54.326284,23,31452.314049
27.191063,25,31454.569815
73.269016,28,31457.14279
36.549448,26,31459.618142
21.431968,23,31461.853394
65.031724,24,31464.124773
24.64324,20,31466.535584
-11.482174,25,31468.901325
102.098455,29,31471.610973
-13.21865,25,31473.856438
28.389217,25,31476.140832
-61.82325,22,31478.158209
80.751781,30,31480.841242
30.052286,25,31483.166086
-62.051862,22,31485.108202
81.242877,31,31487.948298
-58.95117,21,31489.851665
-23.308026,22,31491.882009
34.688365,28,31494.376446
32.286306,26,31496.852103
-28.889237,22,31498.862379
-84.47511,19,31500.743297
-19.830833,23,31503.076493
-17.03575,24,31505.251583
-14.851717,24,31507.365306
-55.069086,22,31509.393845
-64.59562,21,31511.305686
-59.294681,21,31513.383105
-66.207786,22,31515.309031
19.670021,23,31517.477234
-15.984851,24,31519.656738
-80.575229,17,31521.286032
-7.38109,28,31523.76548
-23.69069,20,31525.618282
-61.877813,22,31528.198218
127.24647,32,31531.178238
-59.906889,21,31533.114619
-59.303842,21,31535.034022
-12.16744,25,31537.294495
18.458962,27,31539.7463
-18.901075,23,31541.870511
54.204438,27,31544.337352
-67.850109,19,31546.132041
-57.172957,18,31547.98828
-62.409243,19,31549.875686
-16.552334,24,31552.096472
-60.185085,21,31553.983975
18.010401,23,31556.110736
27.350034,24,31558.364414
-65.274342,20,31560.324386
-17.596203,22,31562.500197
-5.992317,26,31564.814832
-73.421494,19,31566.539218
-65.325264,20,31568.34677
-10.750994,24,31570.483018
-68.84019,19,31572.281122
33.891509,27,31574.761859
-72.913616,22,31576.704094
-28.11439,20,31578.676159
32.363889,23,31580.900934
27.431301,28,31583.367761
-19.292386,23,31585.447792
29.072088,24,31588.424448
124.418656,29,31591.255475
-31.827394,20,31593.20772
-76.317658,18,31594.862957
-64.620045,20,31596.63626
-27.334219,23,31598.89039
-72.328849,18,31600.785744
-48.882072,24,31603.069216
70.640506,26,31605.573398
-65.454936,19,31607.370847
-19.279061,25,31609.828124
-17.62755,24,31612.034667
39.461086,29,31614.74476
-14.842327,23,31616.873923
-65.247238,17,31618.490167
-53.584695,22,31620.695046
-62.43183,21,31622.768864
-14.000889,21,31624.730815
3.064083,25,31626.959017
-23.117796,19,31628.787942
-14.580577,26,31631.081306
-71.732482,19,31632.844612
-70.278763,20,31634.663216
35.01622,29,31637.299361
-65.132503,21,31639.15494
-78.332655,19,31640.952501
-11.155826,29,31643.422342
-62.345702,18,31645.099876
15.721611,23,31647.839148
-25.571916,24,31650.029768
20.637587,24,31652.317821
35.448204,30,31654.997077
-73.311855,20,31656.778724
-67.39889,19,31658.579416
-12.420914,24,31660.771748
-20.812782,22,31662.967983
-62.509619,19,31664.791321
70.74186,30,31667.646178
-18.86784,23,31669.717601
-7.161634,24,31671.904474
-66.453737,20,31673.756722
-53.459338,27,31676.03487
-13.868421,23,31678.154371
-56.876288,24,31680.441231
-18.089446,23,31682.638635
-21.474306,22,31684.723752
37.384867,29,31687.281063
-64.255269,21,31689.198326
66.016497,24,31691.480718
-72.885846,21,31693.384198
-72.804504,18,31695.045354
-51.593112,21,31696.944412
-18.422007,22,31698.962919
-69.362399,19,31700.739772
-14.69905,21,31702.773934
61.416361,27,31705.283971
-23.755341,21,31707.857079
-47.155712,30,31710.424157
-75.937301,17,31712.067604
74.294487,28,31714.720451
28.295942,26,31717.122492
28.461808,25,31719.736778
-13.599922,25,31721.983665
26.049134,24,31724.287402
-74.475869,20,31726.139446
48.860572,34,31729.048935
-26.647848,24,31731.202197
-15.451715,24,31733.345225
-63.441832,21,31735.250337
33.367892,26,31737.673326
91.110471,30,31740.684883
-9.107448,25,31743.008608
-43.532475,21,31744.996231
-31.534285,21,31746.991421
-23.546981,25,31749.304563
-65.115006,18,31750.967123
-72.611718,20,31752.783723
34.645345,25,31755.229225
-18.557548,24,31757.359517
-79.617859,16,31758.848471
24.744889,24,31761.102162
72.615381,26,31763.551401
-19.614744,22,31765.624353
80.113154,29,31768.878404
33.240727,27,31771.392305
70.918166,27,31774.046867
-11.994825,29,31776.55647
26.140085,28,31779.019577
-14.138655,23,31781.114343
-40.741963,18,31782.916253
-60.805132,22,31784.915051
27.555359,24,31787.222472
185.230003,35,31790.485517
-70.11019,18,31792.209351
21.500778,24,31794.427285
-96.914707,15,31795.865515
-63.476172,23,31797.841541
29.994792,25,31800.286406
24.878464,25,31802.790426
-74.6347,18,31804.48446
-66.861107,20,31806.33876
17.1197,22,31808.387733
-17.348461,24,31810.542218
-17.35679,23,31812.66115
70.143178,28,31815.209312
72.269145,28,31817.76588
-18.313561,24,31819.979903
-21.305437,23,31822.062761
18.727127,26,31824.325203
-66.496614,19,31826.315244
22.198655,23,31828.685981
69.413408,28,31831.419584
-15.850358,22,31833.432068
23.218731,23,31835.658561
-87.856579,17,31837.196672
18.554847,25,31839.510064
31.895317,23,31841.728342
76.451335,26,31844.200413
-68.296868,21,31846.151642
-12.349646,25,31848.53113
-11.121266,23,31851.146452
-63.841669,21,31853.168347
-88.036218,16,31854.650504
-15.001663,22,31856.711535
-87.495618,17,31858.236753
-58.351809,21,31860.425539
-60.973935,21,31862.433579
46.184546,25,31864.702241
-29.543026,20,31866.583332
43.129857,29,31869.15927
-72.239747,18,31870.860841
66.229116,27,31873.317466
-69.275724,20,31875.183296
-55.645715,22,31877.235715
-9.24471,26,31879.59449
76.310055,26,31882.018876
-56.017374,26,31884.291869
-62.578432,18,31886.249655
81.745178,29,31889.345452
-66.057685,22,31891.445777
-63.4989,21,31893.300095
35.806859,27,31895.820089
-59.438365,19,31897.60466
-13.676082,24,31899.812557
26.730348,24,31902.04669
-21.868989,22,31904.07509
34.751607,27,31906.609419
-19.341061,23,31908.678967
30.702074,24,31910.905844
-10.318032,23,31913.054264
-55.007295,20,31914.935888
-65.889112,20,31916.751128
-66.377517,22,31918.661817
-71.051923,23,31920.86729
-23.870841,21,31922.938931
-8.838261,29,31925.450022
-33.977233,24,31927.624529
-57.627261,19,31929.424694
-21.8566,22,31931.464062
105.708349,30,31934.156722
-9.400011,27,31936.517752
26.623097,25,31938.866603
-61.25132,20,31940.821619
-11.856295,23,31942.926096
-83.985215,18,31944.556256
-16.3783,20,31947.068608
-31.866875,20,31949.016645
-78.750924,16,31950.620314
-55.82987,24,31952.807609
-64.460135,18,31954.540183
-65.41613,20,31956.369504
-85.01347,18,31957.992641
150.952796,32,31960.833828
-66.244145,22,31962.874269
32.13107,27,31965.334248
28.983416,27,31967.87461
-21.533526,20,31969.781468
32.65598,30,31972.49335
25.672477,24,31974.654253
-83.288906,12,31975.864727
-18.231567,22,31977.892936
35.358347,25,31980.441714
-16.125254,25,31982.791237
-69.658565,19,31984.528383
21.313278,23,31986.820926
-60.246445,20,31988.700978
18.670111,24,31990.910842
20.486946,24,31993.122366
25.768199,28,31995.598189
-17.329789,21,31997.597658
-13.999203,24,31999.729149
-12.903889,24,32001.867467
20.784179,25,32004.216549
-4.890818,26,32007.138779
-58.710342,22,32009.23043
-24.673008,21,32011.242114
-34.929263,20,32013.182882
-59.881425,22,32015.20183
-56.293536,24,32017.403494
25.55572,25,32019.678594
-28.781287,20,32021.537063
-65.625549,19,32023.294051
-10.322095,26,32025.668931
-64.821787,18,32027.546265
-23.279316,22,32029.567741
-25.760786,21,32031.631797
-23.251892,19,32033.388229
-68.724423,19,32035.171835
-19.323131,22,32037.166319
59.157056,28,32039.84151
-22.985276,22,32042.000624
-65.08796,22,32043.935485
-14.225957,24,32046.082013
211.64508,36,32049.568612
-18.624679,20,32051.484428
-18.530652,22,32053.497347
-65.285786,18,32055.132381
-72.274736,21,32057.070276
-64.650159,21,32058.956099
-67.241616,24,32060.99525
-64.823313,22,32062.942657
-22.425049,22,32065.062272
30.307302,24,32067.912484
-15.59131,23,32070.04192
-57.667484,21,32071.983079
115.962767,27,32074.568979
-22.975708,20,32076.43068
128.155903,32,32079.371328
-21.112614,23,32081.407469
-22.20284,21,32083.412688
17.116691,21,32085.382679
74.974297,29,32088.090613
-12.325013,25,32090.322809
38.528942,28,32092.809507
-22.691563,23,32094.889507
-67.906549,17,32096.453008
-50.856006,23,32098.530539
-76.111479,21,32100.598789
-96.709666,14,32102.089188
-18.43376,22,32104.10924
-23.464136,23,32106.182357
-73.183834,20,32108.017256
-62.453944,20,32109.842105
-63.479385,19,32111.575427
-23.301973,28,32113.913483
27.432124,24,32116.1708
-48.999932,28,32118.536686
32.097068,26,32120.869675
29.035227,26,32123.203627
-18.881256,23,32125.292563
-12.041111,29,32128.523017
69.660587,27,32131.042509
82.447324,32,32133.87811
-64.147475,19,32135.6709
-10.411853,25,32137.857409
-24.381186,21,32139.809198
19.581388,26,32142.245538
-59.268073,19,32144.04771
124.138892,31,32146.901417
23.243199,24,32149.282696
80.209531,29,32152.054361
-57.036443,22,32154.048334
-75.601591,19,32155.870112
-12.083328,22,32157.959755
-27.73892,22,32160.166827
-1.49368,31,32162.998487
-99.930135,17,32164.630187
-63.942611,20,32166.898463
80.086636,29,32169.659685
-13.887734,24,32171.940415
-72.895925,19,32173.692754
74.744148,28,32176.336519
-80.684515,19,32178.05959
-70.028905,20,32179.871365
-74.95988,20,32181.731543
25.40042,24,32183.95274
-53.170063,22,32185.910223
64.987101,27,32188.98219
-8.704149,26,32191.430341
167.201387,34,32194.541351
-70.835121,22,32196.508017
34.236101,29,32199.037667
-34.077154,22,32201.018774
49.549939,32,32203.776216
-66.611434,19,32205.610342
-80.154257,18,32207.296826
-18.433679,23,32209.530527
-24.105823,22,32211.560932
60.258141,25,32213.943278
-17.11512,25,32216.177674
-54.497497,24,32218.261052
125.732921,32,32221.338265
71.46582,26,32223.836175
23.323922,22,32225.970121
-80.132371,18,32227.611931
-70.493395,19,32229.348152
-21.556671,19,32231.180759
-64.235552,19,32232.935974
-34.526414,19,32234.70697
-12.26151,25,32236.927297
-62.073123,20,32238.802629
127.873589,32,32241.818618
-17.734729,22,32243.853531
-15.898915,23,32245.993781
-12.634341,21,32248.671588
79.045503,34,32251.631856
77.036601,30,32254.354883
-11.086736,22,32256.388804
-53.786235,24,32258.569545
-50.589306,24,32260.745156
-73.771777,19,32262.440604
-32.508037,27,32264.832458
-65.398498,20,32266.790388
-47.629786,18,32268.536447
-54.689362,24,32270.658406
-20.076456,19,32272.488592
24.049586,26,32274.811962
129.03744,32,32277.752873
-18.287452,21,32279.720097
77.071734,30,32282.673431
-67.921815,18,32284.343066
-68.334682,21,32286.262134
31.111639,26,32288.645256
45.948756,21,32290.605082
-63.074164,23,32292.691902
-11.158697,26,32295.126843
-37.316851,19,32296.932068
-31.61904,19,32298.753032
-14.465364,24,32300.904217
29.46874,26,32303.324058
-12.94975,24,32305.493459
17.143271,23,32308.241503
-60.719389,19,32310.049099
74.353623,27,32312.694637
33.311494,27,32315.159428
-54.983528,21,32317.057507
-66.280116,19,32318.797441
-65.650586,18,32320.500993
-26.475214,20,32322.388771
27.604643,26,32324.745252
-14.010074,21,32326.894827
72.75457,28,32329.575442
-74.847601,18,32331.239972
-72.820529,16,32332.831696
-22.082544,22,32334.84229
-63.858056,22,32336.9701
-91.43834,17,32339.236642
-32.48933,17,32341.036369
119.028803,28,32343.797977
22.284405,23,32346.043425
-24.843659,25,32348.333367
-65.902632,18,32349.983559
-60.349286,22,32351.947902
-56.099749,20,32353.809742
-26.541698,25,32356.066705
33.630993,26,32358.416956
38.696038,31,32361.141475
-76.631464,18,32362.840481
-61.90998,19,32364.612628
-56.504646,23,32367.310719
79.813503,30,32369.956146
-16.65924,24,32372.204823
-22.395172,19,32374.160387
-11.650791,22,32376.23878
-31.574927,21,32378.193057
168.083419,33,32381.213898
48.486967,25,32383.519533
-17.800707,24,32385.71733
-70.24538,19,32387.457458
-19.746667,23,32389.577987
-28.958653,20,32391.422425
-27.429243,23,32393.543095
-62.242669,21,32395.484979
-15.903125,23,32397.65414
-77.098436,18,32399.36161
-96.819528,16,32400.949336
-18.238827,22,32403.080334
-79.015708,17,32404.750234
-22.718237,22,32406.745845
-13.570482,23,32408.860296
34.368801,27,32411.31137
43.213384,30,32414.077004
-30.525428,20,32415.964167
73.678973,28,32418.534601
-15.204605,23,32420.635433
-17.537109,23,32422.744225
127.905501,33,32425.795513
-68.729159,20,32428.263844
-58.338216,21,32430.151794
26.381204,23,32432.357576
-59.789251,21,32434.24893
70.066785,27,32436.735115
-62.321598,20,32438.644095
-74.842987,18,32440.287761
-62.00659,20,32442.127671
25.157957,23,32444.334327
-73.924647,20,32446.216814
54.709456,34,32449.372019
37.019515,26,32451.740749
19.62686,24,32454.054866
22.780729,26,32456.453325
28.895268,24,32458.737941
30.21304,25,32461.234756
-49.189289,21,32463.23316
39.819945,29,32465.966218
-77.687605,17,32467.582756
-64.433234,20,32469.420995
-56.702412,23,32471.461313
-20.711223,23,32473.633625
-73.625325,17,32475.256214
-18.874766,20,32477.156035
-11.782306,25,32479.366163
135.485359,34,32482.396994
-61.163485,22,32484.437123
123.836955,31,32487.916015
-37.786226,20,32489.802756
-22.041769,25,32492.062828
-72.323447,17,32493.712255
-62.5759,19,32495.583786
15.081767,22,32497.696332
24.293568,25,32499.999514
-88.078102,16,32501.51906
-24.087571,21,32503.466526
-40.183674,18,32505.233767
-17.778223,20,32507.224678
-11.350962,23,32509.35599
82.749022,29,32512.007364
-21.472109,21,32513.993354
-17.648037,23,32516.047909
-61.829322,20,32517.906135
-29.949913,20,32519.838678
-65.308852,18,32521.684118
118.390469,30,32524.426107
30.369419,26,32526.807521
20.96537,23,32529.011378
-31.199507,22,32530.956455
-52.874481,24,32533.055833
-64.690769,22,32535.130114
26.471937,25,32537.455242
40.718532,29,32540.051244
120.740446,31,32542.83363
-67.005701,18,32544.50526
-62.570049,19,32546.83271
58.08256,25,32549.285553
-29.197092,20,32551.148006
32.207815,28,32553.64734
-20.604446,24,32555.818788
-30.469587,18,32557.561591
21.287971,23,32559.733665
-29.087901,19,32561.577245
-62.672483,21,32563.4759
-17.900539,21,32565.487767
-31.440345,21,32567.616936
29.760403,27,32570.173292
-20.149252,21,32572.200719
-22.257184,22,32574.244375
-73.221271,20,32576.045619
-21.782861,21,32578.012274
-11.808592,24,32580.365483
-8.810991,22,32582.564428
36.69081,28,32585.07169
-92.290722,16,32586.565832
-73.28435,19,32588.269471
-11.431943,22,32590.341785
-14.618415,24,32592.56424
-15.309742,22,32594.611931
-58.205996,20,32596.460601
-77.119978,15,32597.860963
-12.722305,22,32599.93138
-23.361728,23,32602.118505
-67.071775,18,32603.735945
-63.331762,20,32605.582857
-75.1684,17,32607.735156
-21.547956,19,32609.706642
23.117495,23,32611.935066
28.998238,25,32614.221911
-11.478747,24,32616.448283
-21.460864,21,32618.434928
-19.231299,20,32620.294181
-18.579439,22,32622.358237
-62.816585,20,32624.167164
-59.752401,21,32626.128139
39.447487,27,32628.612031
-16.544225,25,32630.86508
-13.297595,23,32632.921663
-70.619244,17,32634.522042
86.147878,27,32637.034458
256.005869,37,32640.643674
14.467785,21,32642.814417
-71.479772,20,32644.647175
-28.611585,21,32646.557217
-35.619018,21,32648.500322
-12.046078,25,32650.801547
-17.176406,22,32652.983593
-8.422779,25,32655.23006
-25.187019,21,32657.159058
-84.190185,16,32658.633764
-23.855222,22,32660.657351
-14.737335,23,32662.773813
-26.750411,17,32664.473042
-76.434277,19,32666.78818
78.284985,28,32669.513687
-22.34092,19,32671.396147
30.024678,25,32673.660732
-29.162201,19,32675.460529
-5.314894,24,32677.727692
67.669091,26,32680.170465
-64.033878,19,32681.928551
24.697798,26,32684.25736
-14.236793,24,32686.494331
31.270338,25,32688.784677
-18.949024,24,32691.210495
-28.955216,21,32693.198297
-62.269687,19,32695.025976
-23.309903,22,32697.032969
-76.228819,16,32698.552924
-21.38859,21,32700.686384
-17.176358,24,32703.329636
-22.327719,25,32705.512763
-75.783416,20,32707.28495
-26.134749,23,32709.343349
-26.384213,22,32711.406781
13.869927,22,32713.467758
25.764274,26,32715.831548
-61.48225,21,32717.723209
27.489546,23,32720.033097
-64.486806,18,32721.785564
-66.837548,19,32723.49773
-69.94059,20,32725.346597
-23.402584,24,32728.150011
19.406935,23,32730.30215
-25.916441,22,32732.417251
-27.400898,22,32734.383663
-79.462008,18,32736.095415
70.150454,27,32738.680022
-17.627616,20,32740.628089
-7.805567,22,32742.675953
65.455118,27,32745.169614
-24.383006,21,32747.322128
-51.310014,24,32749.805673
27.804778,26,32752.784711
-66.797024,18,32754.562971
-33.16253,22,32756.585779
-11.127588,23,32758.755963
-56.831303,24,32761.106278
-22.06311,23,32763.357237
-78.694746,21,32765.38391
-24.203156,22,32767.529664
5.919162,25,32769.799009
25.489868,23,32772.099117
-23.295232,20,32773.971574
-15.293645,23,32776.023687
-73.012018,17,32777.625173
32.529918,27,32780.117934
-60.181531,21,32782.016705
169.547488,35,32785.261311
-4.479469,26,32788.22225
-22.356546,22,32790.28439
-57.0194,20,32792.150992
95.832168,33,32795.11305
-71.77512,19,32796.860497
-32.725409,19,32798.736975
-15.600054,21,32800.74596
-21.989675,21,32802.730534
12.384853,20,32804.649158
-27.457026,18,32806.600643
-62.136718,21,32808.634649
-61.142221,21,32810.592085
-30.275906,20,32812.517549
-17.011804,23,32814.747131
-14.151353,22,32816.787665
-67.401313,22,32818.712248
26.831643,22,32820.974751
-22.034929,22,32823.072019
-16.083588,21,32825.030247
-21.563527,23,32827.113376
-73.927356,17,32828.695076
-19.954729,23,32830.848515
-88.887633,16,32832.383995
12.628909,23,32834.507069
-19.350431,23,32836.590673
33.523337,26,32838.97439
-74.28502,18,32840.65105
37.745875,27,32843.138143
28.946813,26,32845.498993
-16.867977,26,32849.143018
-68.274505,19,32851.243561
-16.496313,25,32853.762704
-73.823481,19,32855.672429
27.044601,25,32858.10893
31.046557,29,32860.6389
-66.678727,22,32862.601816
-71.351672,18,32864.263084
-85.476064,19,32866.036762
40.195313,29,32868.687687
80.814435,25,32871.147176
-18.642918,22,32873.175688
21.036618,24,32875.48955
-68.210471,21,32877.434185
26.28666,23,32879.656938
-68.293345,18,32881.55687
-61.020867,19,32883.42686
-29.251737,24,32885.662416
-9.18399,24,32887.756976
29.165758,28,32890.225563
-13.464246,23,32892.374043
-17.635866,23,32894.52543
-18.668853,22,32896.558615
-61.039891,23,32898.525199
77.685491,30,32901.281898
-96.899168,23,32903.23877
-37.2363,20,32905.127496
46.907532,30,32908.405088
-16.401108,24,32910.648857
-70.633168,18,32912.445096
-28.017168,21,32914.469589
-62.821104,20,32916.34411
-11.562989,28,32918.852262
-22.742857,20,32920.710325
-66.496928,20,32922.599204
3.308109,31,32925.319212
-74.529782,18,32927.062579
-25.924136,21,32928.965959
-71.21103,20,32930.758204
-59.742578,21,32932.633453
-53.64853,29,32935.255621
20.589257,21,32937.248241
37.573434,27,32939.816332
3.112061,32,32942.675193
-86.740109,23,32944.690582
-14.769902,28,32947.194445
23.972461,22,32949.269706
-10.669901,29,32952.032449
-17.27807,24,32954.237492
24.743068,24,32956.513334
-60.202308,20,32958.343896
125.025866,28,32961.041639
-72.534344,19,32963.023861
32.293493,30,32966.16299
-26.908076,23,32968.9517
-8.129721,24,32971.231436
-25.090723,20,32973.175838
-20.119955,22,32975.203766
-73.650091,18,32976.834601
-73.954348,21,32978.706635
-32.282502,22,32980.747133
-78.514459,24,32982.905878
84.372794,29,32985.615722
29.444037,26,32988.033743
45.694757,33,32990.848518
-66.580346,17,32992.47829
-64.93253,20,32994.288286
-51.134312,21,32996.240509
19.277612,23,32998.413907
20.123815,25,33000.943696
-67.156542,18,33002.70812
74.61429,25,33005.199038
-25.818328,20,33007.115609
-14.737892,24,33009.30002
74.966915,25,33011.669089
-65.600202,18,33013.346889
12.135726,22,33015.49133
-73.304053,18,33017.14634
-59.703086,21,33019.068938
-25.961133,29,33021.505074
-30.397265,20,33023.406686
-55.796548,22,33025.397471
-69.671063,18,33027.632629
25.536105,25,33029.880901
-59.66005,19,33031.713041
-27.068981,17,33033.423725
-14.555429,23,33035.514027
-62.302913,20,33037.358068
76.38318,28,33039.945734
-79.02814,15,33041.362
-15.080402,23,33043.627593
-68.914586,20,33045.449106
32.461014,28,33048.250003
-28.014094,24,33050.46332
-12.537002,24,33052.683518
33.158838,25,33054.980936
-16.745001,24,33057.224545
68.761039,27,33059.798077
-21.184139,22,33061.953643
84.944339,31,33064.72185
149.015519,34,33067.788591
27.529502,23,33070.211611
73.499397,29,33073.229713
-22.009997,26,33075.792123
-20.731065,23,33078.273499
35.524454,26,33080.713935
-61.498158,22,33082.731294
118.088775,30,33085.636517
-99.989695,13,33087.672978
70.722224,28,33090.252131
-19.999574,23,33092.354594
-65.915022,23,33094.433888
-74.728404,17,33096.117189
-10.387736,27,33098.531579
9.817859,24,33100.72032
-24.039877,19,33102.536628
-3.928702,28,33105.0556
-57.519885,23,33107.211688
63.921513,26,33109.690595
-20.882836,24,33111.820251
-29.215874,19,33113.661543
-67.703824,18,33115.338787
-69.24412,18,33117.061275
-40.538445,24,33119.242341
60.336373,22,33121.584012
-64.37202,20,33123.53552
26.35434,24,33125.766721
-49.88403,25,33127.975772
-54.438496,21,33129.897488
-73.454178,18,33131.507582
-24.197119,21,33133.456403
-58.787746,26,33135.770541
-70.77848,19,33137.599303
-18.609317,24,33139.774437
-69.37956,21,33141.628541
-24.610458,22,33143.599033
-60.358472,19,33145.409052
-73.484193,18,33147.83747
-67.816974,18,33149.527518
-17.340952,22,33151.578512
-66.208667,19,33153.354834
-68.901322,18,33155.100363
-69.945701,18,33156.774594
-67.196598,19,33158.619472
-68.909143,19,33160.35596
-22.108946,22,33162.35988
-83.219422,16,33163.841838
128.028221,32,33166.814948
-73.223901,22,33168.854553
20.980429,27,33171.217354
-7.75306,23,33173.381948
69.319146,28,33175.989581
46.040795,25,33178.31132
32.188407,30,33181.157696
-29.315303,20,33183.077929
-7.906653,26,33185.444909
-67.777421,22,33187.462695
-24.462192,18,33189.259113
85.81318,26,33191.602459
-20.674526,24,33193.876735
-76.437581,18,33195.571448
-64.463058,21,33197.445118
-16.886334,21,33199.452469
-56.328546,23,33201.51826
29.136298,26,33203.95028
-64.840087,19,33205.689245
32.98859,25,33208.785345
-11.35069,31,33211.433053
-87.576741,22,33213.368093
-12.916458,25,33215.57596
13.776952,25,33217.807701
-53.998281,23,33219.949306
35.461202,26,33222.36919
107.053874,30,33225.120458
24.911636,23,33227.356203
35.303764,27,33229.848906
-65.615542,19,33231.644947
-22.016341,24,33233.790023
32.692145,26,33236.225981
80.150582,30,33239.010585
23.905921,26,33241.63354
38.261787,29,33244.294437
-67.760047,20,33246.082918
-62.841508,19,33247.839565
-48.708352,21,33249.798552
123.875061,29,33252.545466
-72.120822,18,33254.292898
-71.260843,20,33256.113253
-106.075327,17,33257.67584
-60.942231,22,33259.637824
-97.19194,19,33261.366894
-70.921234,19,33263.090315
-62.815078,20,33264.935501
-20.160328,22,33267.624342
149.82684,36,33270.986565
-20.863701,22,33273.058553
-72.099041,18,33274.775807
-21.612628,22,33276.816168
-62.333073,21,33279.009129
-72.205574,19,33280.761482
-38.1222,19,33282.590209
-67.555329,17,33284.177112
-71.937669,19,33285.896607
-65.925777,18,33287.582237
-14.647893,20,33289.786988
122.815655,31,33292.846417
-34.058337,19,33294.650518
-24.796366,22,33296.671497
-19.527802,21,33298.682466
-70.973053,18,33300.418863
30.895547,27,33303.13021
39.568896,27,33305.640533
95.164068,33,33308.665382
-68.696735,19,33310.412065
-19.652919,22,33312.391127
19.239192,24,33314.557181
-74.430547,20,33316.510426
-91.082863,19,33318.226068
-15.939358,25,33320.465385
-83.469963,17,33322.007308
-45.134652,20,33323.888858
-65.269191,19,33325.702773
-14.93979,24,33328.521269
124.866627,30,33331.399549
82.389158,30,33334.170048
-63.083668,21,33336.06435
-63.288446,21,33337.948675
-16.511732,24,33340.137872
-67.652191,19,33341.917502
17.484407,25,33344.173337
-24.501945,23,33346.361019
22.889204,26,33348.783576
-69.976979,22,33350.948368
-35.203592,19,33352.778186
-52.829452,24,33354.84094
-28.137348,19,33356.632749
-23.401299,21,33358.601047
28.675153,25,33361.086868
-58.230879,21,33363.13024
-14.446165,22,33365.179262
0.073441,26,33367.520146
97.912317,30,33370.270622
-10.562116,24,33372.445886
81.42764,30,33375.230426
-51.271003,19,33377.055252
-110.018264,24,33379.105653
24.369128,22,33381.192609
-46.227145,18,33382.919226
-81.159581,18,33384.58251
23.376178,23,33387.435471
38.649534,32,33390.225486
-78.063609,15,33391.724165
-19.879556,24,33393.900856
-67.975872,20,33395.713498
-28.911015,21,33397.615534
-30.6966,21,33399.613158
26.168818,22,33401.823645
-63.290924,20,33403.635491
-18.974799,23,33405.7651
-24.472276,21,33407.745702
-83.937459,17,33409.513475
-45.046437,20,33411.438611
-63.180433,20,33413.314379
-56.831016,22,33415.234032
-43.240014,19,33417.079448
-70.45632,18,33418.712068
-61.665847,22,33420.811769
-77.486588,16,33422.444937
-11.63851,24,33424.642751
-18.930975,23,33426.832671
79.20074,29,33429.505041
20.736854,26,33431.887277
106.724742,28,33434.527294
-35.24245,22,33436.606821
-15.661297,22,33438.693405
-16.352361,23,33440.762371
26.687106,25,33443.080124
-65.16754,19,33444.839168
-36.689482,21,33447.317501
-65.092508,22,33449.274814
-72.236651,18,33450.959174
-18.093821,24,33453.35323
-77.059585,19,33455.04178
-11.837661,24,33457.209594
-16.308895,24,33459.424356
75.782375,27,33461.989823
-18.652045,21,33464.060778
26.624858,27,33466.613068
-30.801299,19,33468.490303
22.516305,25,33470.812932
-23.914263,22,33472.863193
41.011585,32,33475.688655
-65.340619,19,33477.465551
71.789596,27,33480.056098
-61.512053,23,33482.254262
124.252431,31,33485.20561
-73.666123,19,33487.043609
-71.874213,21,33488.905844
19.188763,24,33491.17808
17.76418,21,33493.195955
-23.941683,24,33495.378786
-26.515142,23,33497.435076
-64.046176,19,33499.212412
-75.579753,17,33500.791101
-13.555072,22,33502.948386
-19.338621,22,33505.013953
-17.339067,22,33507.659229
20.082633,25,33509.960148
73.899086,26,33512.522424
-54.896843,20,33514.374214
19.412144,23,33516.545675
-13.382226,25,33518.783538
-71.551386,26,33521.035542
-70.204596,18,33522.791449
82.355528,25,33525.070132
-89.97752,17,33526.757654
34.858076,29,33529.339971
-22.335663,19,33531.151069
-64.806995,19,33532.866498
74.017594,25,33535.300984
-68.73988,19,33537.116954
260.769664,36,33540.699814
-78.03947,19,33542.529872
-70.23353,24,33544.661877
-72.750761,18,33546.485764
-68.225215,17,33548.115741
-63.623363,17,33549.6907
-79.29801,13,33550.987879
77.112752,30,33553.789747
-68.46323,18,33555.456708
34.878802,25,33557.769633
-2.46927,27,33560.12115
-61.840015,18,33561.829118
-10.516292,29,33564.465436
-68.760769,21,33566.984062
19.904649,23,33569.227693
-83.856308,17,33570.83615
-19.40405,21,33572.877752
-70.29777,15,33574.37876
124.109557,29,33577.18421
-22.642884,20,33579.145101
-65.651429,21,33580.974216
-65.90304,18,33582.636725
-67.975461,22,33584.597721
2.58938,27,33587.099875
-29.082673,21,33589.073639
-65.090806,17,33590.648066
-13.571912,25,33592.933092
-78.215387,15,33594.432402
29.950523,24,33596.824904
28.475423,25,33599.151311
-68.952385,18,33600.958335
-66.805356,19,33602.821891
-87.138348,15,33604.2381
-16.849017,27,33606.607283
28.941352,26,33608.936436
18.382023,25,33611.230993
32.931895,25,33613.545784
-71.126168,17,33615.190763
-27.346293,21,33617.114412
-73.558604,18,33618.945249
133.97937,36,33622.161871
-73.923737,20,33623.95071
-38.265114,24,33626.291952
-68.948787,18,33628.414299
-56.640202,20,33630.289783
-20.609861,23,33632.452165
-28.485779,19,33634.268083
26.310363,26,33636.701292
-65.490108,18,33638.409564
29.28815,27,33640.905326
-63.077237,20,33642.694949
-13.107761,24,33644.946578
-73.374996,19,33646.760934
27.850819,25,33649.319824
-78.181781,17,33650.98362
-14.196913,20,33653.140674
-2.894721,30,33655.779581
34.977183,25,33658.151384
-32.508375,21,33660.14495
-74.789365,17,33661.907091
-78.817608,18,33663.602089
-72.62239,16,33665.11336
117.388053,31,33667.998322
-16.255181,25,33670.238253
-92.24857,18,33671.881552
67.172024,25,33674.269364
-85.673406,15,33675.671748
-55.168532,21,33677.660786
-5.478427,27,33680.057398
-22.825208,17,33681.704361
21.050549,21,33683.720502
-22.053921,22,33685.861488
-66.163734,20,33688.215682
49.933775,25,33690.560555
-23.010461,19,33692.375733
-66.511964,20,33694.192089
-10.652199,27,33696.569219
82.515609,26,33699.1218
-29.166864,20,33700.990731
-30.699936,22,33703.084484
-70.061459,19,33704.792776
-33.816827,19,33706.662522
-21.562265,23,33708.758308
-25.409333,23,33710.895222
-22.775973,20,33712.736062
37.621728,28,33715.170927
164.685664,30,33718.105908
-14.833128,22,33720.252174
-65.901078,18,33722.091657
-15.665926,24,33724.260078
18.966704,24,33726.568527
-22.850037,22,33728.645985
-70.240501,17,33730.225239
-60.511427,20,33732.09295
-81.92958,19,33733.797246
29.850635,24,33736.170106
125.259917,31,33739.033562
-94.100706,17,33740.550124
-29.718731,19,33742.38072
-76.295227,18,33744.074535
157.798664,29,33747.517263
-42.367303,21,33749.416304
-24.880696,19,33751.356238
-63.22848,20,33753.29168
78.029937,26,33755.74577
68.28099,26,33758.167548
-55.815907,23,33760.257987
30.919349,22,33762.269421
-70.358505,20,33764.028131
20.475302,23,33766.243222
-14.136263,23,33768.37648
-59.723312,26,33770.64886
34.421139,26,33773.169696
-79.50741,18,33774.815328
-105.901981,12,33776.07329
-67.143386,18,33777.840005
-23.983524,21,33779.87887
-14.997084,23,33782.144431
-20.020345,19,33784.003557
-97.993139,12,33785.279582
-66.238978,20,33787.085236
-76.136229,19,33788.799992
-23.600897,22,33790.848788
-59.023635,21,33792.752595
75.057146,29,33795.348588
-75.827681,18,33797.047716
28.294332,27,33799.621196
-28.30968,19,33801.463551
-16.200439,22,33803.558137
-20.073201,20,33805.479387
24.900024,23,33808.296292
-103.311135,13,33809.5847
-24.016556,22,33811.687109
31.148921,25,33813.986639
33.090705,27,33816.456919
28.924034,23,33818.850775
-15.625731,22,33820.941935
35.780743,30,33823.541783
-15.940902,23,33825.658751
-23.571633,21,33827.741049
38.910356,28,33830.231187
-62.866444,20,33832.041052
-81.239248,20,33833.796233
-19.874929,24,33836.141211
34.809246,31,33838.80381
-89.176007,19,33840.610037
-28.333298,21,33842.708134
75.293954,30,33845.439992
37.266156,28,33847.941104
-59.637989,21,33849.840347
71.80433,28,33852.472775
-86.049516,19,33854.192545
31.190272,23,33856.401849
-74.430527,18,33858.028424
-67.452856,19,33859.778844
115.795856,27,33862.402632
-53.286803,27,33864.827754
-56.604937,22,33867.451497
25.123666,24,33869.662743
-19.840157,21,33871.737872
-71.322974,17,33873.335406
-82.021577,16,33874.889606
-24.73141,20,33876.762709
-75.496399,16,33878.277835
-21.309559,22,33880.377234
69.748328,24,33882.79974
-66.234635,21,33884.686828
26.322332,25,33887.047589
-61.788275,20,33888.867744
-82.941156,14,33890.254756
-76.957497,17,33891.822011
16.656023,22,33893.939287
-16.03215,25,33896.144017
-66.02735,20,33897.914209
20.702112,28,33900.615701
33.682787,27,33903.206414
21.31058,31,33906.059404
-13.16028,28,33908.480753
-75.437405,17,33910.02529
-62.275366,17,33911.721972
-58.725867,19,33913.490254
-56.936381,24,33915.57083
63.486202,28,33918.135984
-79.814039,13,33919.461608
73.519555,27,33921.957283
-77.585665,17,33923.511702
-19.256157,20,33925.396749
-9.229823,23,33928.100849
-59.939946,21,33930.04914
39.866941,29,33932.627597
-21.299951,20,33934.636228
-36.418705,22,33936.663233
36.211751,26,33939.012874
-67.975713,20,33940.887178
85.137599,34,33943.901127
-64.87904,19,33945.649842
-22.743287,22,33947.861043
-7.778486,23,33950.173694
-11.955208,24,33952.358932
-77.191564,19,33954.092457
-65.58405,16,33955.649254
-9.826859,22,33957.706867
-25.187544,19,33959.510144
26.551502,24,33961.976424
-65.299486,22,33963.964472
-68.779418,20,33965.740611
-15.005989,23,33967.833016
69.184267,30,33970.53652
75.02366,28,33973.243237
-14.67715,25,33975.493427
26.275667,25,33977.74473
42.162011,33,33980.695484
-37.401713,24,33982.812933
-21.885171,22,33984.820567
-30.313083,20,33987.287418
-19.424667,23,33989.498396
-69.434478,19,33991.250807
16.332973,22,33993.314835
22.165132,22,33995.400507
-18.707781,22,33997.468976
117.150319,30,34000.235947
-86.31864,15,34001.633472
-11.622793,24,34003.788643
25.396891,21,34005.846502
-25.596272,21,34007.869207
-54.29608,23,34010.080142
19.378485,22,34012.190332
-71.183662,19,34013.948824
-87.214619,18,34015.567884
-73.225199,19,34017.34556
-60.748853,19,34019.111446
-58.620666,21,34021.298698
43.642606,30,34024.117124
280.515158,36,34027.428323
-36.416696,20,34029.267609
-15.472117,24,34031.466218
-13.294032,24,34033.688638
-11.553598,23,34035.801449
-65.929592,18,34037.490103
36.863357,26,34039.894183
-84.725805,18,34041.628658
-23.929613,22,34043.662593
120.236708,29,34046.973559
-19.119079,23,34049.176318
-73.92026,17,34050.815918
-13.241584,27,34053.348098
-31.490631,18,34055.513063
-67.989516,19,34057.243613
-17.901152,23,34059.297435
-76.714881,18,34060.926986
-69.683296,21,34062.793132
-11.672663,21,34064.874006
-30.013532,22,34066.923386
-17.848748,23,34068.984855
-67.395862,21,34070.960555
-82.979873,19,34072.665468
-80.62767,17,34074.441201
-72.039905,20,34076.340077
-22.18365,20,34078.199717
60.559695,26,34080.713808
29.814532,25,34083.144774
75.896463,28,34085.729625
-21.656686,21,34087.793262
-16.452374,24,34090.294664
-12.348668,23,34092.648916
-85.863279,17,34094.256037
80.337539,29,34096.990969
18.263036,24,34099.232965
-31.262567,21,34101.150041
-75.74826,17,34102.713414
6.634444,19,34104.591174
136.121453,33,34108.186728
-11.845474,24,34110.376913
-14.764478,22,34112.451146
-16.708538,20,34114.395278
-17.940474,22,34116.471027
125.515547,29,34119.249402
105.910645,29,34121.933134
35.996518,30,34124.744876
-61.213376,26,34127.050971
-80.664174,15,34128.474535
-66.089993,20,34130.31346
-18.43409,22,34132.386543
-67.63694,21,34134.470271
-56.169737,26,34136.824758
-68.466808,20,34138.62258
-74.068015,17,34140.269562
-58.527182,20,34142.267937
-28.704744,20,34144.150335
-18.791795,18,34145.963084
-20.504492,21,34147.94276
38.285458,29,34150.60052
-14.59465,20,34152.681154
-15.140997,24,34154.916288
70.076986,27,34157.450534
-86.215795,15,34158.893001
38.121989,26,34161.318849
-72.564392,16,34162.820081
-75.413336,16,34164.333095
128.798894,30,34167.691854
-25.904301,21,34169.639108
79.479138,27,34172.223698
174.883085,38,34175.789355
79.619419,28,34178.409476
-73.193698,19,34180.110863
-6.057868,25,34182.379178
-87.028983,14,34183.722618
-21.358066,21,34185.708839
-8.316234,25,34187.984724
-57.745597,22,34189.94584
32.048578,26,34192.353481
61.13104,25,34194.773134
-56.271275,20,34196.624047
-42.749679,20,34198.435326
39.190338,28,34201.049961
-6.633217,24,34203.394199
-65.58755,18,34205.066665
29.381595,26,34207.441879
-14.407719,25,34209.65438
-66.987587,18,34211.371128
29.229591,25,34213.672157
-69.880818,20,34215.468762
128.012551,32,34218.485802
-60.987717,21,34220.495253
-30.137513,20,34222.383765
-67.39875,20,34224.243368
-65.16796,20,34226.261838
21.160336,23,34228.928943
26.859139,25,34231.285645
31.875847,24,34233.533581
14.015175,24,34235.707249
-22.75166,23,34237.933183
28.681434,27,34240.372859
56.583349,33,34243.292778
27.03439,26,34245.775953
-83.873805,18,34247.651493
-72.955841,19,34249.448108
-62.99989,18,34251.143167
-72.618969,16,34252.669114
-79.281096,18,34254.475715
54.494705,27,34257.064479
-72.432775,22,34258.984564
-16.467458,24,34261.286145
-20.117222,22,34263.420636
24.756301,22,34265.527759
-3.717146,27,34267.944884
-21.440905,21,34269.849439
-59.318508,22,34271.84785
32.60963,26,34274.246363
-61.701427,18,34275.980201
-14.692722,25,34278.27276
-12.787193,23,34280.464658
-53.924714,21,34282.421483
-18.582691,22,34284.448583
-77.493642,17,34286.175641
-15.389158,23,34288.888964
-43.43239,20,34290.723661
-73.254908,17,34292.344047
31.652894,25,34294.693417
-11.182957,27,34297.14735
27.485874,22,34299.274225
-21.195305,22,34301.255688
-14.642183,25,34303.467436
8.589496,21,34305.556365
164.448279,32,34308.599739
-84.660897,14,34309.980147
-60.465216,20,34311.77088
202.050823,33,34314.905642
-68.417302,17,34316.563845
27.702171,26,34318.926503
-59.405691,20,34320.905697
-62.650133,20,34322.893674
68.316185,27,34325.444705
-30.296042,20,34327.328072
66.841199,30,34329.959244
-17.666214,24,34332.176257
20.27083,26,34334.5544
-66.723692,18,34336.288589
-16.454272,19,34338.280967
-17.240269,21,34340.275623
-61.781655,22,34342.299686
-70.525683,18,34344.011226
-15.94897,21,34346.112911
-108.882933,15,34347.990857
-64.694984,19,34349.741205
-73.353413,17,34351.536726
-16.188451,22,34353.609856
-27.145636,17,34355.291219
77.716774,28,34357.847074
-16.647786,23,34359.936917
-17.609167,22,34361.935338
22.649798,24,34364.236149
-64.311409,20,34366.063718
71.07669,28,34368.777232
-63.279723,22,34370.681089
-8.941065,26,34372.988505
-70.754132,16,34374.564409
29.462149,24,34376.848342
27.979112,24,34379.194511
-68.742587,18,34381.08521
29.788614,26,34383.543611
-66.656042,18,34385.204688
-68.94948,18,34386.911784
-96.28605,17,34388.540155
27.089573,24,34390.755659
-33.722868,23,34392.796011
-61.978224,20,34394.598417
124.938716,29,34397.579643
72.285546,30,34400.288909
28.207008,24,34402.497133
-23.873221,22,34404.482145
31.70618,26,34407.393764
-69.809658,19,34409.152805
-60.859735,19,34410.926149
-20.783658,22,34412.949404
-12.044828,26,34415.245432
-25.5151,22,34417.31577
-8.484344,25,34419.632297
-26.763232,19,34421.395434
-99.334918,15,34422.894022
-55.608899,23,34424.955502
24.992641,26,34427.398463
-69.349724,26,34429.619638
16.497328,20,34431.576787
-86.182204,16,34433.018178
25.829278,24,34435.22503
-77.627658,16,34436.704514
-22.314959,23,34438.918981
-66.206459,20,34440.906796
-59.989857,21,34442.863434
-61.9429,19,34444.630185
-11.802245,25,34446.86797
-71.647403,17,34448.501045
-28.338271,20,34450.420837
80.46359,26,34452.915909
-65.523341,21,34454.806808
-96.797464,18,34456.475986
-75.429669,17,34458.120873
-11.624484,25,34460.378103
-64.473552,20,34462.267939
23.877527,21,34464.344356
-18.771791,24,34467.102453
-74.683224,15,34468.685908
-60.289471,18,34470.453972
145.188648,29,34473.169914
57.095026,27,34475.652304
-86.28166,20,34477.529632
22.296682,25,34479.869481
-18.122737,21,34481.854068
-73.03154,19,34483.815367
-19.095455,22,34485.809266
-76.50319,16,34487.404058
-23.235767,20,34489.255553
29.079009,22,34491.380313
-79.916552,23,34493.358838
35.678763,27,34495.835874
-106.451668,14,34497.183899
-35.725761,21,34499.184788
-74.033752,19,34501.083412
-83.86287,15,34502.610497
-53.967925,24,34504.666938
-80.567245,14,34506.044741
-35.856858,18,34507.742801
-19.601798,24,34509.952959
-68.470958,18,34511.642355
-81.010164,15,34513.049329
-69.047994,19,34514.806025
-60.515902,20,34516.676811
-15.152036,22,34518.796617
226.094165,38,34522.350503
-66.425497,21,34524.214891
25.047332,26,34527.191864
-21.025981,20,34529.138044
13.549198,27,34531.841831
-19.743181,21,34533.81456
-67.152126,18,34535.501916
-69.545757,18,34537.110531
35.329825,27,34539.676925
-58.586667,20,34541.539511
-74.816699,19,34543.391924
-9.579873,24,34545.609614
-24.40094,20,34547.664077
38.93628,34,34550.640153
-69.377643,18,34552.378388
-60.134081,18,34554.267795
-60.535049,22,34556.369499
-18.975566,25,34558.607484
-69.395961,16,34560.325505
-68.305739,20,34562.29568
-78.888513,15,34563.698295
-66.925537,17,34565.271265
-72.465447,19,34567.01727
-86.938799,16,34568.549041
21.770437,23,34571.001896
-85.051733,16,34572.719582
-26.620134,20,34574.773036
162.728962,31,34577.645291
-18.057294,22,34579.697453
-53.791721,24,34581.85793
24.799348,21,34583.91083
-69.827978,22,34586.260653
-66.867982,23,34588.812261
57.071556,25,34591.213412
-71.372889,18,34592.893936
-72.688394,19,34594.623373
25.825153,22,34596.729736
-56.503518,22,34598.700176
-16.465463,21,34600.781334
-14.664948,21,34602.805662
-67.323444,18,34604.492672
-18.288547,24,34606.74829
-27.82905,22,34608.93956
29.110367,27,34611.491204
-27.818417,21,34613.40198
-27.973477,19,34615.234561
-21.256466,23,34617.342974
-75.307464,15,34618.756168
-65.401378,18,34620.550021
-65.281808,19,34622.462255
-16.43589,23,34624.619251
-61.656081,23,34626.607307
-27.865545,20,34628.525259
-58.704754,22,34630.551344
-76.052583,17,34632.189301
73.303694,24,34634.586934
16.818235,21,34636.663296
-60.128525,24,34638.762228
-70.399565,24,34640.899941
-67.311542,17,34642.531821
-69.020243,20,34644.329447
69.134472,27,34647.618274
-27.050629,18,34649.447923
-84.478373,19,34651.262162
-80.082992,17,34652.924833
-14.368956,21,34654.84047
-26.491818,20,34656.7735
34.431803,27,34659.211421
22.404377,23,34661.386603
-66.62303,21,34663.282278
-16.586624,22,34665.355141
-66.820138,18,34667.156939
-93.05551,20,34669.921727
-67.098794,19,34671.698242
-29.753509,17,34673.453717
67.267308,28,34676.207509
-15.904048,21,34678.226322
-69.423758,21,34680.164497
-20.819508,20,34682.360662
-51.64255,22,34684.389173
23.515542,24,34686.701782
-65.774982,21,34688.582198
71.988894,26,34690.99175
-26.625264,20,34692.921095
-59.320121,19,34694.7153
34.409718,27,34697.184506
23.451708,26,34699.538843
72.309224,28,34702.146519
-17.394105,22,34704.170695
-34.868646,20,34706.080598
-67.784327,19,34708.359508
-24.626023,21,34710.283017
-22.362382,22,34712.368412
29.758896,25,34714.688554
-72.79633,19,34716.443913
71.132195,25,34718.856095
-28.042114,19,34720.704333
-73.828293,15,34722.187592
27.323929,23,34724.554149
-68.865619,18,34726.247639
-65.193212,21,34728.438165
-68.380188,20,34730.339512
127.207145,32,34733.313186
-74.686018,20,34735.111369
123.619688,31,34737.994999
-22.350381,19,34739.859123
-13.26748,29,34742.614203
-20.920533,19,34744.494339
-8.595003,25,34746.732506
-79.446765,17,34748.62492
-19.908112,21,34750.587272
-13.091631,28,34753.03384
-28.786655,20,34754.937831
-67.364994,18,34756.711952
-75.142234,18,34758.408766
-71.988037,18,34759.995932
-21.883466,22,34762.017209
-71.055748,17,34763.622344
33.247713,27,34766.488325
-19.709031,22,34769.030865
-77.169687,16,34770.5865
22.376783,24,34772.843549
-113.333692,15,34774.270069
-23.916787,22,34776.311625
-15.214203,25,34778.537915
-9.898017,24,34780.756898
-67.702866,19,34782.526144
-77.848793,20,34784.415247
118.770281,29,34787.168361
-18.173391,24,34789.326063
70.425566,27,34791.855871
-16.930451,23,34793.990095
24.21323,27,34796.435795
-26.017713,19,34798.218748
-68.141319,21,34800.298007
-20.29035,19,34802.294485
-68.28216,18,34803.9565
-69.854725,18,34805.579749
32.364354,26,34808.010249
18.73937,22,34810.12223
-12.181812,29,34812.613834
-56.574423,23,34814.746205
-74.842538,17,34816.424562
-24.420574,19,34818.18994
-22.852933,24,34820.361349
-77.613375,15,34821.794053
-20.676908,20,34823.766235
-76.977299,18,34825.943446
-12.666926,29,34829.01729
-23.5765,21,34831.040957
-17.592728,23,34833.185846
-70.358238,18,34834.844608
118.571463,28,34837.49633
-88.871703,16,34838.940699
-85.021382,18,34840.609417
-71.782438,18,34842.265803
-95.221903,18,34843.96589
-79.621081,16,34845.46585
-72.527785,18,34847.404976
-21.17265,22,34849.584745
157.975076,32,34852.912345
-76.728131,14,34854.25786
-57.89447,20,34856.164576
80.949337,30,34858.927265
-79.76581,18,34860.758235
39.442097,25,34863.241138
-75.303728,17,34864.874774
-21.121469,22,34866.933005
-20.466747,19,34868.817744
-30.288332,21,34870.772896
-24.068196,23,34873.352423
-22.807787,20,34875.443119
35.05135,23,34879.026216
39.634414,31,34882.681548
-70.531502,18,34884.518552
-18.993077,23,34887.645233
-10.986654,23,34890.188738
-77.204222,15,34891.892815
-27.636736,22,34894.34829
-27.761304,22,34896.651175
-63.643879,21,34898.840015
-75.996277,18,34900.661981
-5.447466,27,34903.277141
27.976323,24,34905.720933
-20.033257,21,34907.900927
-74.887988,18,34909.672002
-44.540133,20,34911.916693
19.013146,23,34914.608518
-55.012053,23,34917.094033
-15.623115,21,34919.287825
24.272787,24,34921.968394
-59.742154,19,34924.054111
-67.849704,19,34926.176672
-16.402866,21,34928.286256
-24.029559,20,34930.422959
26.645074,27,34933.051526
-22.985351,18,34934.937907
-63.037203,20,34936.980732
26.941883,23,34939.395049
-54.354938,20,34941.430144
-82.450097,12,34942.770901
-65.516203,17,34944.49019
-17.420761,25,34947.545876
-78.928151,18,34949.296591
26.469475,24,34951.958418
-10.408467,26,34954.558419
-73.462401,20,34956.569755
25.127311,26,34959.23237
-80.822132,18,34961.054663
-75.822178,20,34962.99957
-49.588886,27,34965.536175
-76.499884,19,34967.607531
13.987486,23,34969.919041
-39.96748,17,34971.719746
-20.019038,22,34973.908613
-66.878565,21,34975.966592
-23.954038,20,34978.050872
16.99269,24,34980.532783
-33.442447,21,34982.872303
-18.555566,22,34985.262295
-37.851817,22,34987.466179
86.128514,34,34990.897246
-26.378095,20,34993.029917
-25.76341,21,34995.16356
-28.310443,19,34997.212183
-70.30695,19,34999.106249
124.408934,30,35002.272291
-54.276962,23,35004.440494
12.336433,23,35007.710124
-77.838106,19,35009.836982
-68.6077,20,35012.657896
-39.766163,21,35015.47122
7.87236,26,35018.963395
-68.136508,19,35022.000422
-56.547031,24,35024.577317
-74.821083,20,35027.680325
23.682087,26,35030.680645
-71.106543,21,35032.864857
-87.92436,19,35034.781212
19.406707,21,35036.9959
60.940634,26,35039.959176
98.227592,25,35043.019619
-70.459084,19,35045.604799
-19.437668,21,35048.57286
-13.389899,24,35051.362321
-74.645733,22,35053.490758
-51.003899,20,35055.58012
5.450401,23,35058.350011
-72.32539,19,35060.606705
-20.275866,22,35062.933276
-17.362425,21,35065.392001
-60.223191,19,35068.922807
-7.700648,27,35072.031477
-93.846773,15,35074.251923
-61.30076,19,35077.082992
-71.388696,20,35079.757512
22.309134,24,35082.845536
-61.614689,20,35085.35745
-68.254038,21,35088.249459
-67.911609,19,35092.803973
-66.263163,19,35095.478008
28.537831,26,35098.363069
-84.687529,18,35100.388642
-19.343612,25,35103.221342
23.882989,24,35105.637081
-34.89526,15,35107.140283
-33.286629,20,35109.049908
-70.41314,18,35110.781877
-67.188876,17,35112.405478
-31.158039,20,35114.230907
-66.675736,19,35116.02313
-30.303518,19,35117.913007
-61.127531,20,35119.72454
-69.663827,18,35121.382113
-75.631192,18,35123.137783
-11.959425,23,35125.248297
-73.775043,16,35127.240161
-55.079158,23,35129.310898
-25.005446,23,35131.469142
-64.47611,21,35133.407866
29.154875,25,35135.674758
-78.772058,16,35137.256165
-76.548432,17,35138.934229
-18.784545,21,35140.931978
-17.606031,23,35143.028044
-71.559993,18,35144.688065
-21.527437,21,35146.72931
-53.899893,24,35149.027318
-84.259831,14,35150.555552
-97.015151,16,35152.117641
21.838752,23,35154.289628
-15.169376,23,35156.313631
30.563511,24,35158.648777
-14.872549,23,35160.969631
-71.774097,16,35162.712187
-55.144213,20,35164.650761
-23.768188,21,35166.587508
-10.313083,22,35168.653656
-22.319025,22,35170.688856
-75.831003,20,35172.510693
-77.546833,17,35174.092674
-70.810973,16,35175.604966
-17.812155,25,35177.845318
29.256923,25,35180.218303
-65.976643,19,35181.960673
-47.256463,17,35183.552264
-15.446666,22,35185.674313
-20.893456,22,35188.427585
-21.263104,23,35190.620848
-68.082733,21,35192.550594
-32.132608,17,35194.197387
17.338803,23,35196.324138
-15.594768,23,35198.412294
-64.344914,20,35200.310588
-64.065453,20,35202.189014
-26.510849,22,35204.176265
-14.994182,23,35206.318558
-65.927633,21,35208.611133
18.929619,23,35210.864784
25.654908,22,35213.016458
-74.980505,18,35214.626231
-34.048445,19,35216.434364
-92.579925,18,35218.080625
-9.483766,25,35220.374312
-22.241139,22,35222.589872
22.575071,23,35224.929752
-36.346484,19,35226.795604
-63.106638,22,35228.771697
190.017763,34,35231.959143
-64.285389,22,35233.908993
139.983463,38,35237.256342
-61.027047,21,35239.17464
99.50291,28,35241.829298
30.497073,26,35244.215763
-66.831466,18,35245.942486
-19.343411,20,35248.284515
-63.737285,18,35249.992306
-70.399752,21,35252.030266
27.750715,25,35254.421341
-69.661319,18,35256.109771
32.367375,26,35258.454018
-75.017593,19,35260.132541
-17.913525,22,35262.193137
-64.636623,22,35264.242034
12.951038,21,35266.347423
-24.291236,23,35268.443636
37.932964,27,35270.972914
-82.32059,16,35272.44005
-84.158148,16,35273.914363
-68.06091,21,35275.738519
68.225574,28,35278.524895
-68.752396,17,35280.20238
-14.719359,21,35282.390136
107.290819,25,35284.9764
20.997119,23,35287.16354
-72.455457,19,35288.884437
67.707933,25,35291.237882
-21.585136,19,35293.055319
77.888659,28,35295.674294
-76.408959,18,35297.361237
-77.533567,18,35299.040231
19.117107,24,35301.286961
77.942125,28,35303.926085
-20.331876,23,35305.965777
67.155548,28,35309.182482
-60.276669,21,35311.075644
72.645772,25,35313.514208
-58.672421,22,35315.456438
107.033697,27,35318.002573
-21.220696,23,35320.131198
73.797143,29,35322.876536
-77.279308,17,35324.520446
113.08511,28,35327.248547
-70.485628,19,35328.966937
-33.169715,20,35330.877381
-82.794421,17,35332.44013
-68.726555,19,35334.164257
-36.851183,17,35335.769485
-19.816929,21,35337.784432
-21.549784,22,35339.796567
-17.488627,23,35342.111743
68.520913,24,35344.604448
-73.457887,18,35346.296905
-79.293053,17,35347.889978
22.299216,22,35350.021369
62.860554,28,35352.654194
-70.211991,18,35354.437976
-67.820658,18,35356.161906
-63.538715,20,35358.014395
-65.747714,18,35359.711977
-82.837004,14,35361.09063
-76.074624,19,35362.842968
-24.306103,22,35364.883674
-13.159503,25,35367.9644
29.33514,22,35370.074308
25.49783,24,35372.39256
25.547212,27,35374.80897
-17.494231,21,35376.777127
28.807111,27,35379.244855
-8.638463,23,35381.361735
74.163527,29,35384.060128
-76.775526,17,35385.638891
67.756501,25,35388.141578
-86.940262,17,35389.922281
-62.692555,21,35391.850973
78.361843,29,35394.512112
-80.003795,18,35396.16743
-23.655009,22,35398.233477
-9.94461,21,35400.338854
-17.258986,22,35402.547838
-71.814103,16,35404.146088
-66.101975,20,35406.008044
-70.652295,19,35407.729699
-64.155417,20,35409.55638
-64.539138,19,35411.329243
-84.566779,19,35413.131533
-21.371168,22,35415.188975
-67.01669,20,35417.081503
79.336984,25,35419.55796
26.627836,23,35421.705872
-77.201576,16,35423.209379
-32.409252,17,35424.890823
-59.938472,18,35427.199663
19.577301,24,35429.469376
-74.958442,13,35430.765067
-70.951181,16,35432.330032
-22.72332,22,35434.374863
-11.212027,26,35436.678744
-24.96075,22,35438.672406
-25.319407,21,35440.556199
25.993792,21,35442.584259
-19.347484,22,35444.734441
22.206752,23,35446.951012
-78.616808,17,35448.640117
-88.958733,14,35450.159477
-85.558984,17,35451.771844
-14.212767,21,35453.755304
-31.543193,18,35455.694349
74.132931,27,35458.371509
-68.956674,18,35460.05286
-18.105087,21,35462.224902
-15.613305,21,35464.327182
-66.04198,17,35465.989206
-63.170003,20,35467.807238
-21.575069,23,35469.933832
117.559545,28,35472.546442
-72.955964,21,35474.520638
-66.272776,19,35476.313172
-30.287576,18,35478.060986
-18.617004,22,35480.104001
-81.477094,17,35481.672566
-27.813765,19,35483.507779
-81.628389,20,35485.345423
-56.739285,20,35487.992938
-70.438127,21,35489.912444
70.638247,25,35492.372311
125.928982,29,35495.165688
-69.353603,25,35497.303271
-13.614046,21,35499.316079
19.325262,21,35501.338434
-75.292303,17,35502.931257
-20.692004,21,35504.973977
-28.513647,20,35506.946693
22.82609,21,35508.99216
-63.996233,20,35510.765389
-20.567498,19,35512.58403
-89.904982,15,35514.03311
-74.07172,19,35515.827867
-67.258584,19,35517.54868
113.547691,29,35520.333247
-79.028169,17,35522.139043
-70.34538,17,35523.790508
-74.94653,19,35525.601705
-64.051682,21,35527.523432
-92.501785,16,35529.071815
-68.222344,19,35530.791626
-22.901239,22,35532.826103
141.91941,31,35535.703601
-27.028211,21,35537.71582
-69.675741,18,35539.39077
-25.985452,22,35541.369673
-19.471525,18,35543.139262
-65.425827,19,35545.055472
-56.286879,21,35547.753108
-31.303837,24,35549.917703
-20.61658,23,35552.077919
-21.239754,20,35553.966612
-2.259497,20,35555.925034
79.691495,27,35558.571276
-71.500976,20,35560.381762
25.322211,23,35562.613344
74.213307,26,35565.091177
-12.948969,21,35567.190509
-58.549655,21,35569.068401
-19.270889,23,35571.176188
45.209046,29,35573.822633
-75.799606,17,35575.359802
-28.507269,26,35577.729305
-57.246301,22,35579.859854
-82.434986,17,35581.584601
-65.257895,20,35583.519936
-89.906865,20,35585.314318
-60.529378,24,35587.531528
-13.106617,29,35590.130517
14.712098,22,35592.383645
-85.732724,17,35594.143816
-74.691365,20,35596.059734
-69.790542,19,35597.794333
-72.52326,18,35599.512847
29.155245,25,35601.860912
124.860024,28,35604.62353
-89.719022,18,35606.887966
-67.023401,17,35608.663877
15.248025,21,35610.686817
-74.484524,21,35612.683814
96.628482,26,35615.085251
-89.508175,17,35616.682925
-72.777091,18,35618.329282
-99.79965,15,35619.828863
-68.605111,18,35621.490406
-94.795451,14,35622.828345
23.808344,24,35625.143795
-41.639009,21,35627.202867
-65.623334,17,35628.808653
-73.400986,19,35630.536648
-18.238356,23,35632.590141
-13.853751,23,35634.696834
-19.795911,21,35636.70418
-65.614117,19,35638.451115
60.725736,27,35641.190894
-76.92231,17,35642.995371
-64.987345,22,35644.949018
-77.078998,16,35646.524157
-77.25754,18,35648.179927
-74.807588,19,35649.921499
-3.840442,30,35652.464617
22.020124,25,35654.738538
-17.51416,23,35656.833958
-23.610727,21,35658.816978
-20.976209,22,35660.972335
-27.620394,18,35662.869998
-63.644025,19,35664.64879
19.965956,20,35667.335866
-22.032403,21,35669.323718
-82.715222,17,35670.898732
67.667995,25,35673.269115
-101.016669,18,35674.945229
-80.403959,19,35676.695603
-26.641668,19,35678.548577
-20.022828,24,35680.715256
-68.465483,20,35682.733138
-65.152273,19,35684.463022
-69.574147,18,35686.101041
-31.981062,21,35688.182476
-21.599931,18,35689.993567
-34.268631,19,35691.823784
26.037464,22,35693.953571
-33.455005,21,35695.905244
-47.131381,18,35697.69058
-80.088798,18,35699.360086
-69.21905,17,35701.069952
-61.762263,21,35703.226249
28.962947,24,35705.556465
-64.515753,21,35707.437406
-76.114193,17,35709.094136
-69.75024,17,35710.748839
-68.232665,16,35712.438487
-93.75794,13,35713.716916
-37.522967,20,35715.550414
24.712205,24,35717.800541
-68.873931,19,35719.56498
-70.120249,19,35721.2733
-84.242511,19,35722.965334
-67.144819,19,35724.678051
-27.970318,20,35727.101543
17.4018,24,35729.349914
-58.267717,22,35731.501404
-25.980481,22,35733.863854
-61.940517,18,35735.77014
-83.155771,15,35737.32079
-69.339073,19,35739.042197
66.871956,26,35741.484
-67.462331,19,35743.332788
-22.582084,21,35745.287544
27.858924,21,35747.599651
31.316654,26,35750.202106
-77.330407,18,35751.948745
68.726667,25,35754.362875
-68.759801,18,35756.077748
-70.803606,20,35757.931858
-35.480497,21,35759.981429
21.863401,22,35762.29076
-76.366551,17,35763.818954
-69.595119,19,35765.511457
-80.910004,17,35767.205189
-80.008599,18,35768.845378
-64.838529,20,35770.660177
-27.274517,18,35772.482331
34.499211,24,35774.800883
-82.243244,16,35776.252587
35.996843,28,35778.786895
-21.85613,20,35780.706195
-68.340933,18,35782.460627
-22.907637,17,35784.203152
-26.506368,23,35786.743887
-26.277295,19,35788.727569
-13.249184,23,35790.84943
-81.219987,17,35792.498151
26.347135,24,35794.742705
-60.340788,22,35796.735949
-69.684932,20,35798.634351
-65.063599,22,35800.562622
-76.289265,16,35802.061992
24.248399,24,35804.286243
-70.424993,19,35806.056181
-38.920962,20,35807.976764
-42.941285,23,35810.197515
-76.776256,16,35811.667474
-26.08944,23,35813.787048
-77.317958,16,35815.328563
23.214285,22,35817.445457
-73.964857,18,35819.165321
-11.731807,21,35821.344877
-76.93179,15,35822.967484
-10.419774,24,35825.154389
-85.155494,17,35826.704456
-70.786958,15,35828.240221
79.755203,27,35830.71191
21.825276,25,35833.085358
-26.604165,21,35835.059316
14.913641,23,35837.19699
-31.190522,19,35839.023336
-25.611018,20,35840.903179
69.909463,26,35843.376129
-57.214063,21,35845.251673
-80.889804,17,35847.495279
-62.502647,19,35849.262738
-25.78414,23,35851.401035
-27.178946,21,35853.416596
-21.451517,20,35855.314977
-88.002431,15,35856.746491
-73.470714,17,35858.303159
-17.739472,23,35860.418777
-79.480958,16,35861.877608
-21.27093,21,35863.943408
-65.638229,20,35865.746942
-76.42162,18,35867.505366
-64.855228,19,35869.234903
-74.882387,15,35870.679493
-20.534741,19,35872.485408
-69.368519,18,35874.203568
-77.749398,14,35875.562852
29.974501,24,35877.912344
-21.173254,20,35879.835333
-81.467099,19,35881.756374
-32.036692,17,35883.514747
-30.759752,21,35885.515987
-79.732102,14,35886.865505
-77.189079,14,35888.252105
-69.517023,19,35889.985363
77.451422,30,35892.71946
-27.254751,21,35894.716222
-26.016984,18,35896.460603
-28.077394,22,35898.453034
-74.969031,15,35899.94018
-29.584043,20,35901.818248
-22.29918,21,35903.9184
-78.283224,16,35905.456099
-74.879873,24,35908.1707
29.879316,24,35910.435865
-28.899292,19,35912.313397
19.616191,25,35914.648417
-63.325679,19,35916.399171
-58.330361,23,35918.432281
-19.129154,21,35920.458419
-28.185256,25,35922.702742
-72.021475,19,35924.503789
-58.2343,22,35926.610004
220.232545,42,35930.51334
-67.65947,19,35932.324155
-63.821948,17,35933.95182
-18.855809,20,35935.84796
-69.295757,19,35937.583856
-77.435416,18,35939.207333
-75.546045,14,35940.668171
-13.225726,22,35942.932266
86.68802,29,35945.718441
33.423573,23,35947.928564
-75.881436,16,35949.377252
-25.788932,22,35951.367799
-70.289335,18,35953.072251
-25.171527,21,35955.033948
-63.856946,18,35956.683803
-64.216537,17,35958.288461
-30.810673,21,35960.272075
-60.596759,22,35962.226351
-61.485749,20,35964.118959
-73.131106,18,35965.781124
-31.373022,19,35968.137321
-76.296751,18,35969.785953
-26.487959,18,35971.67903
-68.541877,19,35973.389532
-74.609534,20,35975.30028
-30.855022,23,35977.370166
-25.444142,20,35979.226752
-22.934599,20,35981.124056
-62.990005,19,35982.922766
-36.858524,19,35984.819748
25.372468,26,35987.265383
-18.745679,22,35989.262002
14.116497,23,35991.537553
-62.507492,20,35993.335191
-67.39089,17,35994.916669
236.987538,39,35998.407245
-69.077178,20,36000.284782
-65.388168,20,36002.216294
17.886001,22,36004.301718
-17.740583,25,36006.543374
-70.968586,16,36008.089339
-29.448694,19,36009.870379
-72.386765,15,36011.311503
-19.087207,22,36013.316428
-80.981381,15,36014.774699
-85.932649,17,36016.342744
-23.408159,20,36018.218945
-31.112435,22,36020.231495
-65.403518,20,36022.159834
-80.855748,18,36023.869107
-63.442919,18,36025.549302
-80.075721,22,36028.364546
-68.695202,16,36029.931723
25.425796,24,36032.150174
-76.55387,16,36033.636726
-86.041645,16,36035.291394
25.231688,24,36037.931127
-75.547496,17,36039.601704
-82.362452,18,36041.255464
-41.618728,18,36043.299985
70.76726,25,36045.752468
-69.719562,17,36047.587856
-24.687871,24,36049.847025
-101.334799,20,36051.710964
-23.880509,23,36053.817262
21.795766,22,36055.897028
-72.814991,17,36057.542363
23.338561,24,36059.791141
27.763885,24,36062.275014
-90.308504,13,36063.576252
-66.041553,17,36065.235222
-57.674113,25,36067.82571
-34.263578,24,36070.407498
-68.993826,19,36072.909752
27.957783,24,36075.705704
6.59308,25,36078.078791
-63.841407,21,36080.084037
-88.960058,18,36081.72376
-72.195622,16,36083.1876
-68.076912,19,36084.970946
-61.514543,22,36087.599243
-25.609722,22,36089.586167
-116.158769,20,36091.320941
-31.030964,18,36093.058061
-77.9271,19,36094.826498
-25.456958,18,36096.547339
-65.479467,18,36098.222229
-22.71915,19,36100.026043
-75.12276,17,36101.629117
-23.256976,23,36103.746732
-60.873586,20,36105.663804
-18.637181,20,36107.68508
-69.608773,17,36109.32363
-30.514484,18,36111.086223
-18.818081,21,36113.041052
61.916479,26,36115.460241
35.888098,28,36118.073165
-22.087565,22,36120.103317
121.901139,31,36123.221935
-67.922062,21,36125.132977
-21.082411,22,36127.2082
-20.856116,25,36129.505975
-27.162087,21,36131.4963
-27.564774,22,36133.551421
-113.262104,16,36135.374621
-32.370789,21,36137.354614
-76.82539,16,36138.87175
23.966009,27,36141.293278
-77.885954,16,36142.815508
-82.866824,16,36144.390795
-79.435383,14,36145.813523
-36.229784,24,36148.753152
-22.971593,22,36150.84223
-25.652971,21,36152.86047
-50.603172,22,36154.856567
24.226559,30,36157.45373
22.999357,25,36159.845004
-74.435411,18,36161.471331
-34.554194,19,36163.255638
-17.218149,27,36165.594288
-75.062774,17,36167.373526
-88.462817,20,36169.195735
-67.251088,21,36171.120363
-73.917724,18,36172.786411
-93.425871,17,36174.360724
-69.753663,22,36176.500788
19.56106,24,36178.818728
53.23918,34,36181.921661
-62.74752,21,36183.910326
-27.3585,19,36185.738225
-9.795695,26,36188.140634
-18.268907,24,36190.298161
-77.153776,15,36191.810182
8.768263,24,36194.056925
-54.079601,23,36196.11067
-79.875194,19,36197.899513
-63.008346,19,36199.759838
-19.942748,22,36202.050437
-67.036275,21,36203.930507
-13.347673,22,36205.97718
-61.736154,20,36208.592934
-78.291615,14,36209.991527
-72.114805,17,36211.586079
19.1462,25,36213.847283
-80.124698,19,36215.711488
17.700659,22,36217.798491
-24.172479,18,36219.598185
18.178701,23,36221.716248
-85.707768,17,36223.350693
-61.188038,21,36225.32749
83.733336,28,36228.005162
-28.019885,19,36229.806723
-17.88337,23,36231.973336
-20.170457,20,36233.866036
-73.74216,17,36235.415086
-69.974273,19,36237.16983
-65.425724,21,36239.086311
-92.557,15,36240.598857
-70.372924,16,36242.249759
37.73564,30,36244.96002
24.342072,23,36247.125266
-73.495436,19,36248.864783
-83.732179,22,36251.368124
137.844296,29,36254.013318
-72.478135,19,36255.808264
-72.508686,17,36257.3953
38.146113,25,36259.818299
-23.878512,21,36261.869215
27.071557,27,36264.363823
35.806451,26,36267.361057
-62.273095,20,36269.266471
7.611542,22,36271.43497
73.285,28,36274.049493
-44.874508,19,36275.80957
26.242982,21,36277.890483
-62.899946,21,36279.802166
-80.320079,16,36281.307247
-5.941414,25,36283.514143
-72.705857,19,36285.257326
-96.933441,17,36286.891913
19.032773,23,36289.094864
-78.151929,19,36290.823295
-25.058453,18,36292.625215
-23.449376,20,36294.499123
-76.291087,14,36295.908559
-26.019273,23,36297.974161
-73.582666,17,36299.629752
41.26683,27,36302.333598
-64.466253,22,36304.340103
-65.75874,19,36306.147785
-73.305017,18,36307.811551
-25.544767,20,36309.746242
24.927021,23,36311.911599
41.820605,30,36314.66952
-38.221995,18,36316.429157
-14.680506,22,36318.456157
-75.599657,16,36320.03365
-54.174088,23,36322.028571
-21.2673,22,36324.004742
67.451135,27,36327.140411
-25.579328,21,36329.143567
-82.42819,16,36330.661519
-78.995735,17,36332.238235
-21.401761,20,36334.16973
-75.1677,14,36335.592523
-73.944452,19,36337.43139
-17.386643,24,36339.910906
19.433274,24,36342.463351
-39.505698,23,36344.689338
-74.739896,17,36346.3329
28.199259,23,36348.705536
-65.31459,18,36350.525478
85.182973,30,36353.299892
-18.201194,25,36355.552162
-25.190736,19,36357.657243
-75.170139,18,36359.34145
-61.835969,21,36361.4518
-61.174308,22,36363.519071
-16.482289,22,36365.57943
-59.357021,25,36367.900086
-26.112227,19,36369.829945
-26.883783,20,36371.746395
78.840585,27,36374.209779
-5.888574,27,36376.680759
120.749241,27,36379.41219
-64.910992,18,36381.113526
-83.809838,14,36382.440468
22.048962,24,36384.685241
26.868115,25,36387.539237
-64.317047,21,36389.440468
-76.260895,15,36390.893658
-83.192929,14,36392.270383
-16.424246,24,36394.424208
-66.492702,17,36396.031885
-36.934702,21,36397.971313
-73.867608,17,36399.579412
-69.150643,19,36401.43119
-72.471033,18,36403.141549
-68.63477,18,36404.803693
-72.740794,23,36406.877831
-63.421427,21,36408.95279
-83.786858,16,36410.465479
-24.624621,23,36412.577499
19.402943,24,36414.740233
-84.53275,14,36416.144469
-70.650611,19,36417.852229
-59.057621,20,36419.737399
-19.408746,22,36421.980801
-80.685081,19,36423.844501
26.28275,23,36425.993559
124.559053,28,36428.662249
-20.281545,21,36430.624697
15.386112,22,36432.774569
-69.851957,16,36434.29963
-18.054693,23,36436.404528
19.458011,23,36438.600845
-24.753143,21,36440.55597
-68.684309,20,36442.403583
-71.085753,17,36444.063621
116.379461,27,36447.399047
-73.388719,18,36449.7295
-30.167625,19,36451.878139
-73.606638,16,36453.612322
81.710516,27,36456.322075
-36.979285,23,36458.419934
30.826582,26,36460.793136
-72.016135,19,36462.552271
-29.65206,19,36464.392717
15.5104,21,36466.451714
-71.077981,21,36468.367145
14.870073,22,36470.428294
73.297407,24,36472.765341
-29.624126,20,36474.641282
-67.848523,20,36476.427913
-82.27894,17,36478.035206
-76.067874,18,36479.878923
-29.286337,20,36481.999971
-78.87224,17,36483.796104
-12.113021,23,36485.876676
-22.416134,21,36487.801634
-51.192239,25,36490.000595
21.515317,23,36492.167071
-69.107377,18,36493.819958
-81.570896,16,36495.303257
-36.246038,19,36497.079595
-35.241587,19,36498.841846
31.730174,24,36501.07617
-79.52708,15,36502.48936
-77.350372,17,36504.083102
-73.479048,17,36505.659432
-11.962571,22,36508.444303
-66.079564,18,36510.108618
-88.563843,20,36511.975845
-82.599503,22,36513.961324
-44.236147,22,36515.943524
-72.952789,20,36517.906787
-46.167689,23,36520.01511
-83.291937,17,36521.606651
-63.057247,20,36523.602693
-61.62942,22,36525.557173
-75.960936,17,36527.296455
-72.164376,16,36528.927431
-73.682508,17,36530.566543
-102.101552,16,36532.042858
-27.308944,19,36533.915895
-78.289662,14,36535.297622
62.185304,26,36537.749408
-30.347481,26,36540.056512
-30.395421,18,36541.930328
-34.596906,20,36543.940636
11.730471,19,36545.80056
-74.904616,17,36547.456327
-18.370511,20,36549.418555
-72.787367,17,36550.972826
-76.262074,17,36552.565064
-71.620585,18,36554.280675
-77.385901,22,36556.251309
-31.112244,21,36558.17914
69.421511,23,36560.370169
-68.05212,19,36562.130135
-63.94444,18,36564.037197
-73.556885,15,36565.536971
-41.420716,20,36568.166602
-68.496194,18,36569.782214
-31.514267,21,36571.821362
-60.552072,19,36573.61385
-68.973733,18,36575.246954
-69.897601,19,36576.959321
-16.724098,21,36578.988843
-76.113613,18,36580.612684
-69.014209,17,36582.43092
-15.922096,28,36584.930451
-85.686755,13,36586.26948
-81.716963,16,36587.80833
38.002889,23,36589.931967
23.277416,26,36592.295521
-71.116886,21,36594.219588
-63.91324,20,36596.0636
-78.957276,24,36598.3048
18.986218,23,36600.473104
-71.876234,19,36602.487454
-67.996363,18,36604.301955
31.967889,27,36606.718552
70.425749,26,36609.129369
-70.952034,21,36611.039244
122.614485,28,36613.781965
-59.090405,21,36615.696982
-18.9276,23,36617.719012
-68.024204,19,36619.559059
8.248804,19,36621.357627
-83.700071,14,36622.67988
28.767426,23,36624.843641
-11.25696,26,36627.705738
26.977396,22,36629.80941
-26.021975,20,36631.851438
-73.497255,18,36633.521547
-76.853336,18,36635.173906
-33.883373,17,36636.813642
-75.214391,15,36638.229683
-16.779308,23,36640.808077
-19.008684,20,36643.009614
-30.296312,22,36645.043285
-84.567082,19,36646.723789
-69.916507,16,36648.547128
-82.307929,16,36650.512587
33.674325,25,36652.873848
-73.775893,17,36654.465925
-73.79583,17,36656.039701
25.203431,24,36658.313688
-11.52623,28,36660.794279
-6.771404,25,36663.239418
30.032101,26,36665.631753
24.536765,25,36667.969269
-86.664278,15,36669.441155
-24.893109,18,36671.239327
124.588627,30,36674.085587
-28.527839,22,36676.122888
13.631455,21,36678.240753
20.732178,25,36680.532732
34.339341,28,36683.126142
-69.171496,20,36685.070043
-65.213791,21,36687.728889
31.229474,25,36690.133839
-22.314013,19,36691.967096
-30.251808,20,36693.90378
-21.223527,21,36695.835279
25.232856,25,36698.170506
75.223921,33,36700.99109
-72.535988,18,36702.681382
83.690861,30,36705.491703
-22.369585,21,36707.515224
-22.327935,22,36709.55383
23.903115,27,36711.969841
-74.31265,25,36714.153236
-67.319701,18,36715.860726
-74.092045,18,36717.579163
-86.482142,21,36719.532096
18.580864,22,36721.718261
-70.393525,19,36723.56975
-38.8409,18,36725.362226
-28.377856,22,36727.431126
3.389436,22,36729.47758
-72.949836,15,36730.861068
-41.045022,18,36732.967507
26.42713,24,36735.243191
-80.263707,18,36736.932944
-17.811061,23,36739.019521
-89.010708,18,36740.629586
-56.328806,19,36742.505009
-14.838825,25,36744.731998
-62.427807,21,36747.313858
-13.75606,30,36749.916137
-61.041376,21,36751.94092
31.531704,26,36754.396713
24.097571,24,36756.621473
-74.580205,18,36758.292129
-62.88168,18,36760.053872
-74.370955,19,36761.797174
-48.689429,25,36763.911926
-73.253704,19,36765.681328
-71.669531,19,36767.566966
-26.415274,20,36769.54991
37.184523,26,36772.00702
35.018479,26,36774.384584
-68.480459,19,36776.147204
-82.037195,16,36777.709556
-20.599572,20,36779.608058
-70.199382,16,36781.266148
80.572,28,36784.151391
-36.820152,21,36786.051008
-70.178937,19,36787.779155
-67.799745,20,36789.57755
-37.818485,20,36791.461725
-9.948629,25,36793.699771
-84.280036,17,36795.237461
-72.917555,19,36797.019705
-22.003701,27,36799.411336
-83.631147,15,36800.793118
-24.205137,24,36802.989747
-23.518138,17,36804.729467
-72.76973,17,36806.884659
25.432449,26,36809.329213
-21.421575,27,36811.747586
-27.055978,20,36813.554363
22.43375,24,36815.81181
-78.936994,16,36817.286388
-22.623704,21,36819.264105
-25.237523,20,36821.098772
-92.430999,17,36822.807824
31.904857,25,36825.120459
26.554333,23,36827.438986
-22.329122,21,36829.44491
-69.961112,17,36831.14783
-34.178813,20,36833.042632
125.640141,37,36836.255717
-29.72261,20,36838.116847
-81.741945,15,36839.661462
-14.50494,20,36841.647725
-68.486949,18,36843.362959
78.397113,26,36845.859061
-28.206799,21,36847.783038
-61.220147,22,36849.833497
-70.137207,20,36851.633682
27.970988,26,36854.062687
27.87505,25,36856.374366
-71.057606,18,36858.055985
-25.912342,19,36859.916996
-78.494778,18,36861.545513
-71.200342,23,36863.60475
-82.70712,22,36865.623262
-65.509887,16,36867.944226
-68.747957,17,36869.513402
27.111001,23,36871.805999
-83.16782,19,36873.496585
-94.273377,16,36875.092185
-84.972812,17,36876.644995
-71.505268,17,36878.315443
-15.070575,23,36880.67744
-39.508632,18,36882.331489
-75.251518,18,36883.967782
-28.529961,19,36885.899387
-18.505399,23,36888.035468
20.572972,25,36890.460098
-73.688949,19,36892.370893
-81.795913,17,36894.069817
16.700755,22,36896.119553
-68.362089,20,36897.966234
51.23931,25,36900.325868
-21.190384,22,36902.547297
-22.158709,18,36904.352443
-65.153987,22,36906.327394
-24.293546,21,36908.296339
-21.742996,22,36910.361162
-77.758533,18,36911.997549
27.311839,25,36914.303213
134.908529,29,36917.077379
-30.694595,19,36918.973796
-29.509869,22,36921.009466
-81.18054,17,36922.523182
-67.834371,24,36924.750225
-71.625651,20,36927.043148
-61.394104,23,36929.187283
-67.181597,19,36930.913279
-29.060483,20,36932.832545
-86.028359,18,36934.615027
-76.23517,15,36936.05121
-69.12876,17,36937.662386
-79.933637,16,36939.227848
-81.183746,16,36940.851729
-26.233563,21,36943.188805
18.88846,27,36945.873586
-73.158049,17,36947.78109
-30.963094,20,36949.85043
-19.593081,23,36951.974052
-35.373664,19,36953.76956
-68.285772,18,36955.428475
-23.229707,19,36957.286394
22.417464,24,36959.543351
-58.597702,19,36961.423409
-74.850012,16,36963.114943
-75.242367,18,36964.814688
-16.671154,28,36967.224296
-21.770677,23,36969.399521
-39.882018,20,36971.266971
-67.501463,25,36973.484052
137.278,37,36976.727563
-70.689092,21,36978.58358
60.671703,25,36980.953648
-61.864337,24,36983.083006
71.342152,28,36985.657751
-30.889416,20,36988.327021
-69.230335,19,36990.150481
-69.264972,18,36991.910475
-19.714257,21,36993.872369
-73.565518,20,36995.619533
-73.651358,17,36997.15745
-21.979464,21,36999.101979
-22.916128,22,37001.119663
-105.447373,16,37002.658215
-59.751961,20,37004.547614
-81.708426,16,37006.149552
-17.675621,20,37008.122217
-26.472741,20,37010.135403
-18.720886,22,37012.132859
-90.409274,17,37013.786284
-25.151103,22,37015.850115
208.340589,32,37018.861471
20.867445,21,37020.932993
-20.992628,22,37023.414923
-69.183159,19,37025.326219
-23.232158,20,37027.197158
-92.153707,17,37028.71332
-23.438643,21,37030.69514
-18.525815,23,37032.772306
-78.161504,17,37034.329694
-73.630217,18,37035.974054
-28.509788,19,37037.838074
-17.268621,23,37039.98295
-24.609258,21,37041.938616
-76.561271,21,37043.89073
-84.841016,15,37045.422706
-73.602492,19,37047.725438
-70.961467,21,37049.698893
-26.10303,19,37051.875434
-12.44933,22,37054.009861
-37.271784,22,37056.002099
-67.316727,18,37057.670954
-105.462821,18,37059.275402
-66.635849,19,37061.039171
-80.575918,17,37062.689766
-74.484544,18,37064.394868
-82.061657,16,37066.013281
-78.712174,17,37067.742402
-77.012549,17,37069.390252
-73.51451,18,37071.042078
-32.842836,20,37072.860745
-73.228917,17,37074.455652
-76.726213,16,37075.951489
-88.057169,17,37077.509228
-67.238808,20,37079.306499
-72.064605,18,37081.124171
-60.441553,19,37083.05137
-86.987166,14,37084.550916
-22.053505,21,37086.520967
-21.896939,20,37088.470147
-28.349787,20,37090.361505
-76.318035,24,37092.480954
-71.300957,19,37094.185152
-74.377517,19,37096.005392
10.321319,20,37097.881263
-84.872673,15,37099.260896
-69.757562,19,37100.990997
-81.117987,22,37104.259121
-17.434031,21,37106.366616
-69.140924,18,37108.642962
-76.660134,15,37110.058448
-72.484093,19,37111.863844
-67.461434,17,37113.466995
-85.721848,14,37114.756983
-59.717423,27,37117.023896
-23.084513,21,37118.994273
-93.442575,15,37120.395773
16.190649,25,37122.805124
-63.879308,19,37124.57663
-67.585243,21,37126.47357
-27.835127,21,37128.513286
-73.458536,20,37130.264426
-15.806203,21,37132.38209
-15.605343,23,37134.534838
-58.002782,20,37136.425406
31.794439,27,37138.827001
-78.753909,17,37140.400854
-77.680198,16,37142.146728
-17.596227,24,37144.406058
-76.19406,17,37145.984723
-29.366853,20,37147.846408
-83.183847,14,37149.266369
-29.684314,19,37151.110815
-85.328316,22,37153.046366
-25.377175,20,37154.920285
-58.265371,22,37156.920901
-66.671649,21,37158.819958
20.660349,26,37161.262677
-77.405588,15,37162.665941
-117.134671,18,37164.381925
-25.332088,22,37166.862335
10.415821,23,37169.112859
111.027274,27,37171.760798
22.782686,24,37174.121647
-20.755883,22,37176.179622
-23.060444,19,37178.018886
-53.474948,22,37179.934466
-58.144243,23,37182.025556
-52.379937,24,37184.250035
-43.594805,18,37186.000104
-68.916854,18,37187.760166
-16.250818,22,37189.782533
-77.885954,16,37191.224665
-67.769899,18,37192.892634
-20.874338,21,37194.871039
-64.699237,18,37196.604302
-69.792501,18,37198.281734
-76.216855,16,37199.806564
-83.80855,15,37201.241644
-28.548396,19,37203.330859
-79.262575,17,37204.97156
-68.674097,19,37206.881632
-56.541484,24,37208.951617
-85.116467,17,37210.494327
-71.331975,18,37212.250257
-71.44274,20,37214.114374
-24.930321,21,37216.072737
-70.150902,16,37217.634984
-71.437842,16,37219.14684
-52.334937,29,37221.531436
85.12299,29,37224.238688
-73.144828,16,37225.805825
-56.231704,25,37228.544107
-72.378593,18,37230.182294
-20.25286,22,37232.233049
-87.509333,15,37233.691699
127.523654,32,37236.633073
-63.168647,21,37238.496504
-67.94275,18,37240.196373
-78.793939,16,37241.720232
-19.295723,22,37244.121545
-66.95096,20,37246.239377
27.376115,29,37249.119023
-42.584097,21,37251.234406
14.789241,23,37253.506177
-27.414542,20,37255.331551
-30.083355,20,37257.278581
-26.217026,21,37259.502246
-54.496542,21,37261.456631
-84.643903,19,37263.370509
-22.471989,23,37265.433297
-26.310049,17,37267.128761
-37.287915,20,37268.968082
-22.474666,19,37270.808581
-21.377105,21,37272.795729
-86.136116,16,37274.312299
-21.833073,21,37276.332791
74.005998,24,37278.707582
-72.643514,16,37280.209075
-16.545825,24,37282.364427
-74.764793,18,37284.069948
-17.156454,21,37286.06045
-83.009058,16,37288.32063
-75.062624,17,37289.938488
-77.186701,20,37291.749493
-77.829384,16,37293.389413
-62.336401,19,37295.177688
-60.504039,20,37297.088098
-77.510771,16,37298.568598
35.071988,27,37300.976954
-76.912765,17,37302.564717
-20.926524,23,37304.800028
-72.201261,17,37306.453563
-27.964688,24,37308.746091
-17.039631,20,37310.657609
-86.204784,16,37312.182673
-57.956303,25,37314.343902
22.609549,26,37316.726932
-85.05275,9,37317.720194
23.934526,25,37320.047436
-19.240339,23,37322.288888
-71.177735,16,37323.952899
-70.881189,16,37325.498437
-68.043055,16,37327.126779
-67.599515,21,37329.02363
-32.55619,20,37330.86861
-26.38159,21,37332.784272
-19.088682,23,37335.004436
-58.910325,19,37336.842935
-88.531633,21,37338.702736
-78.397609,16,37340.182419
-26.747675,19,37342.034182
-25.460505,20,37343.929381
-68.989166,19,37345.723699
-13.15286,25,37348.823565
-50.977731,27,37351.225363
-82.006444,16,37352.853513
-73.456834,17,37354.435305
-69.423808,22,37356.386391
18.674013,23,37358.651721
-73.887943,17,37360.261485
-69.64661,18,37361.969763
-28.370478,21,37363.874738
-71.351772,18,37365.640844
-64.773963,21,37367.562991
28.865541,23,37369.724157
-73.476607,16,37371.222036
-87.437515,18,37372.877367
-69.315591,20,37374.714835
-79.662008,18,37376.463395
-59.468371,22,37378.432324
13.110493,21,37380.497359
-82.056142,20,37382.370548
-35.664,21,37384.436647
-62.788514,19,37386.354026
-93.663322,18,37388.108396
-73.254918,17,37389.707227
-74.617991,17,37391.255077
-29.559291,18,37392.940685
-71.65428,17,37394.562192
-71.467951,18,37396.297703
-63.642276,19,37398.037595
-30.651908,24,37400.187489
-103.377585,16,37401.652904
-70.947537,17,37403.310546
-63.744661,26,37405.553679
108.006389,29,37409.018608
-85.531585,16,37410.542784
-19.36511,24,37412.692833
33.434563,25,37415.112931
-69.627485,19,37416.866245
-66.438159,21,37418.829184
13.225408,24,37421.031984
-25.522727,18,37422.804729
-18.498293,22,37424.833289
-22.810917,21,37426.771338
-69.680772,17,37428.566967
-77.547708,20,37430.378224
-65.848396,21,37432.228882
-70.489373,18,37433.894979
-31.385616,16,37435.52602
-66.794654,21,37437.416712
-23.86666,20,37439.334947
-23.964942,24,37441.613332
-75.982505,17,37443.386754
-27.850002,20,37445.278599
-76.719726,14,37446.622262
-101.255613,13,37448.030082
-70.654931,19,37449.753271
66.86083,27,37452.219553
-32.351841,19,37454.020643
-25.998751,18,37455.753487
41.287414,25,37458.092985
-75.539599,16,37459.591641
-66.006277,24,37461.737271
-79.786281,15,37463.221744
-67.613273,18,37464.866244
113.065015,27,37468.199542
-73.562319,17,37469.780864
-83.788251,16,37471.323226
163.100686,29,37474.149401
-63.900873,25,37476.256886
-77.244472,23,37478.295657
171.9727,32,37481.420358
-28.127847,18,37483.104396
-15.496045,23,37485.200989
-69.671985,16,37486.764859
-75.480662,18,37488.706446
-28.662295,20,37490.533243
-64.495364,17,37492.197454
-81.764209,19,37493.914724
-93.605929,21,37495.814755
-65.494282,19,37497.632996
-86.660582,15,37499.050341
-76.265728,16,37500.576383
20.044104,23,37502.975668
-24.828731,20,37504.864527
-76.324956,17,37506.528698
17.772704,21,37508.551213
-68.339832,16,37510.141594
-70.018818,19,37511.886161
-76.068073,15,37513.363139
-91.469619,13,37514.628885
-83.859634,17,37516.270679
-87.504275,23,37518.246956
-24.128637,19,37520.028672
-65.917315,23,37522.122191
-21.555989,19,37523.98513
-14.180429,24,37526.412008
24.597195,22,37529.032984
-67.357977,22,37531.151527
-83.351245,17,37532.807931
83.995746,32,37535.615234
-70.969035,17,37537.262235
-72.411436,17,37538.860925
-63.33787,22,37540.869232
-20.653182,22,37542.889562
-85.278099,17,37544.515326
-85.496761,17,37546.392989
-21.963438,21,37548.903198
-13.272436,23,37551.149308
-17.77161,21,37553.099
28.252728,28,37555.739778
-21.151692,20,37557.706586
-85.079771,19,37559.410196
-74.731975,18,37561.076087
30.15383,24,37563.515319
-26.521583,22,37565.651766
17.172695,24,37567.877547
34.942282,33,37570.744667
-80.106568,18,37572.469891
-72.410246,17,37574.106318
30.661316,22,37576.165947
-20.38749,22,37578.252041
-68.059216,20,37580.041023
22.12765,23,37582.213519
-80.217528,16,37583.663868
45.65263,33,37587.045882
-68.477147,17,37588.762988
-60.74046,19,37590.550456
-67.322286,21,37592.509879
-76.22291,21,37594.354496
-93.685253,16,37595.82863
-75.517824,19,37597.630228
-88.715908,16,37599.163522
-9.967677,25,37601.477501
23.086864,24,37603.737199
-67.8126,19,37605.520825
-68.280603,21,37607.430882
-84.853017,15,37609.014637
-78.225388,15,37610.470578
-15.499934,28,37613.123859
-63.608848,22,37615.029634
-22.168901,21,37616.986764
-76.657005,15,37618.454012
-19.057448,22,37620.531266
-69.927346,20,37622.5179
-20.821007,21,37624.602142
-78.680527,16,37626.170533
25.291177,23,37628.384272
-20.519812,21,37630.382714
-67.121007,20,37632.162951
120.989102,28,37634.850091
-69.708377,20,37636.853508
-69.554236,15,37638.407885
-72.808874,19,37640.444187
-26.157064,28,37642.849963
-86.747644,17,37644.456283
-35.817493,19,37646.800603
-33.198946,18,37648.798015
-29.635389,20,37650.634685
-78.885738,16,37652.214903
-18.116356,21,37654.368495
-21.145232,25,37656.546314
-70.662668,19,37658.287337
18.744416,20,37660.256143
-78.139425,18,37661.90094
-15.49507,23,37664.175209
-36.4421,20,37666.104932
-77.64216,14,37667.546766
116.583073,28,37670.249483
-72.657884,17,37671.834355
-76.451885,17,37673.452178
-75.274602,17,37675.067741
-76.646756,17,37676.629689
-10.424376,24,37678.8147
-74.656901,19,37680.607245
54.134269,25,37683.258458
68.725033,33,37686.318446
-21.722773,22,37688.308055
-67.315273,20,37690.239886
-20.662925,23,37692.341274
-34.162732,18,37694.092464
-89.850063,16,37695.758534
-65.573414,19,37697.476629
-61.244285,18,37699.248658
-68.689743,21,37701.161568
-67.988491,18,37702.795264
-70.4488,18,37704.465344
-21.880307,21,37706.927383
-81.048462,23,37709.019158
-90.773922,15,37710.461941
-67.883926,20,37712.278582
-56.483921,26,37714.576019
86.234181,33,37717.465376
-33.160222,18,37719.195132
-65.48434,17,37720.82615
-29.995925,19,37722.66274
-28.796087,19,37724.611131
-86.656498,20,37726.471149
36.600038,31,37729.552836
-84.97129,15,37731.038487
-65.065111,18,37732.735607
-29.419588,16,37734.377117
-82.959881,16,37735.861019
5.50536,23,37738.062564
-28.2454,21,37739.964415
-32.938684,21,37742.063294
-28.126736,20,37744.146337
-66.26627,18,37745.827928
-62.464705,20,37747.61004
-63.210426,18,37749.26456
-32.028488,20,37751.165364
21.969704,25,37753.484674
-74.067342,17,37755.077896
-80.061078,18,37756.686659
-88.935255,14,37757.99141
-69.858617,18,37759.68021
-72.698548,18,37761.386478
-72.95633,25,37763.504147
-89.161833,16,37765.006797
-12.271448,25,37768.127987
19.54153,21,37770.403562
-75.041185,17,37772.070896
19.49293,24,37774.324893
-20.415447,21,37776.298873
-92.741727,17,37777.886686
170.156835,33,37780.971612
-66.009209,20,37782.781697
-61.174374,20,37784.639062
-79.817771,19,37786.586986
-68.452496,19,37788.330064
-48.120042,22,37790.29145
12.019454,22,37792.407282
-22.259707,22,37794.475611
-24.712534,20,37796.426693
-36.475695,18,37798.19031
-66.569435,24,37800.331832
-74.792849,15,37801.914624
36.147221,27,37804.522074
-22.877212,21,37806.529038
-78.755877,16,37808.041988
-65.400343,20,37809.851856
-75.475128,16,37811.363524
-31.943794,22,37813.367216
-79.71114,20,37815.183266
-18.144185,22,37817.208739
-64.627409,19,37818.949367
-84.152585,14,37820.259941
-70.028806,18,37821.988678
25.769917,22,37824.097105
-76.697127,17,37825.742318
17.294205,27,37828.86933
27.626646,22,37831.001028
-31.644195,21,37832.934021
-13.306272,23,37835.03774
110.95483,28,37837.766161
-28.146311,21,37839.797625
-66.296761,21,37841.639459
-78.858682,18,37843.265788
32.121863,26,37845.632708
-73.33847,17,37847.82751
12.062752,21,37850.253156
-79.051827,17,37851.957481
-78.453561,14,37853.326755
-23.78947,21,37855.518667
-66.051484,18,37857.247121
-16.680164,22,37859.247887
44.826909,32,37862.135237
-26.0583,22,37864.374099
-68.994036,18,37866.038933
17.754384,19,37867.856644
-64.755103,20,37869.640342
-2.338448,24,37871.914405
-77.589389,15,37873.453763
-45.629923,19,37875.227347
-28.278956,21,37877.195702
-62.29373,26,37879.496222
-79.50024,19,37881.195184
-75.542792,16,37882.751387
-67.63325,19,37884.498777
-78.906391,16,37886.038917
-17.272438,19,37888.450215
-14.706956,24,37890.60331
-93.68161,13,37891.964821
-75.081418,15,37893.496954
58.682669,26,37895.932253
-62.834505,20,37897.768535
-31.841607,21,37899.662361
87.795945,29,37902.369365
-75.430852,16,37903.903617
-77.166246,18,37905.562711
-73.276673,18,37907.21738
-76.536284,17,37908.881077
-74.172342,18,37910.516752
-73.51947,18,37912.227152
-65.184495,17,37913.830457
-29.085097,20,37915.724251
-76.540536,17,37917.28905
-20.679458,21,37919.361719
-89.643132,13,37920.630178
-30.437177,20,37922.729035
-80.537878,18,37924.432143
25.215368,22,37926.537009
115.282917,28,37929.136833
22.807003,24,37931.471281
-4.26586,26,37933.776812
30.736546,25,37936.119633
129.85712,32,37939.146167
-91.322289,16,37940.677228
-82.768904,15,37942.099227
28.903166,25,37944.401621
-13.585494,24,37947.359029
-25.851823,21,37949.442735
22.10054,25,37951.768805
61.18911,25,37954.109899
-99.877415,17,37955.691657
-86.097737,18,37957.552571
-20.451638,23,37959.622636
-63.203214,20,37961.392984
-82.38137,14,37962.772202
-82.86069,18,37964.44211
-73.421191,20,37966.248805
-81.020495,19,37968.236511
-61.364739,21,37970.092638
-54.69508,26,37972.560325
-31.318325,21,37974.401335
-62.07805,24,37976.498583
-65.969915,20,37978.340107
-70.919491,21,37980.242178
-32.50816,21,37982.229751
-69.209825,23,37984.330058
-72.780695,17,37985.905021
-16.374334,21,37988.119591
-81.444466,14,37989.455341
-32.203088,18,37991.167815
-65.075195,20,37993.072285
-70.77714,19,37994.810551
-80.759703,17,37996.476359
-25.472856,25,37998.761823
-17.881773,20,38000.625314
-67.964596,17,38002.31876
-14.293292,22,38004.298074
-66.574953,18,38006.022763
-65.885448,18,38008.363479
-35.260067,19,38010.224949
-59.395297,23,38012.300495
-81.716382,15,38013.692938
-72.141209,20,38015.492783
-75.21843,18,38017.235574
-25.883064,24,38019.38629
-68.489964,20,38021.143477
18.110432,24,38023.453592
22.465977,26,38025.899228
-68.578914,21,38027.855101
-71.937767,18,38029.542499
-73.512844,16,38031.013858
-87.111845,18,38032.903084
-77.665072,18,38034.514354
161.958907,31,38037.447977
-27.992083,22,38039.459167
61.263226,27,38042.166118
-81.878643,16,38043.749262
-15.635443,21,38045.688966
-77.030095,14,38047.083767
-66.643925,20,38048.885389
-80.601486,15,38050.290329
-17.615238,20,38052.249058
-60.535921,24,38054.384806
-58.499257,21,38056.280549
-96.039953,18,38058.007266
-25.122047,19,38059.852922
-27.07034,16,38061.449764
11.696255,25,38063.790746
-74.15866,19,38065.496335
-76.403158,17,38067.658497
31.047661,26,38070.107114
-19.805151,19,38071.990691
-75.986461,16,38073.547969
-65.653752,20,38075.341046
-26.28877,19,38077.135841
70.48913,26,38079.583324
16.534605,24,38081.887132
-75.701423,18,38083.626757
-74.522777,19,38085.347799
-23.795573,23,38087.546229
-82.630549,16,38089.051444
-52.913928,24,38091.153346
-19.235291,22,38093.146962
-83.415602,14,38094.490073
-43.086196,21,38096.373619
17.657462,24,38098.675672
-69.353224,18,38100.334254
-38.947916,16,38101.988256
-28.247198,20,38104.026027
-18.945383,21,38106.009262
-66.163379,20,38107.805969
-21.591975,22,38110.010125
-69.688417,19,38111.733716
24.590738,24,38114.003387
-66.243324,22,38115.93231
-25.829241,20,38117.850388
-69.024046,18,38119.525887
-21.154936,19,38121.350864
21.67955,23,38123.499478
-19.319166,22,38125.584285
-68.768146,21,38128.17293
-74.436285,16,38129.728359
-76.524429,17,38131.315995
-74.997267,19,38133.103801
-23.120911,22,38135.154355
-34.954463,21,38137.345761
-24.011969,22,38139.362082
-65.773208,19,38141.145313
-61.726222,20,38142.926569
78.910874,27,38145.514369
-69.773043,16,38147.054754
-28.502972,17,38149.382169
35.73494,25,38152.040703
56.039968,27,38154.587885
-64.23741,20,38156.421531
-80.265792,17,38158.120247
-79.575146,18,38160.088624
-75.358566,17,38161.774548
30.716946,28,38164.429024
-78.635117,15,38165.915102
-23.959169,21,38167.828969
-84.755343,14,38169.197306
74.255966,27,38171.759922
-82.336807,17,38173.403137
-76.000216,17,38174.975526
-80.364549,17,38176.520645
-79.873415,17,38178.120774
34.161402,26,38180.64716
22.867266,25,38182.95646
-75.364521,18,38184.576014
-72.424365,17,38186.148735
64.497349,24,38189.022041
-22.917988,21,38191.110003
-66.587826,19,38192.914568
-61.107327,19,38194.647005
-22.659867,19,38196.465781
-76.686906,17,38198.049903
-75.076632,16,38199.659887
-65.54898,20,38201.495441
-18.241414,21,38203.492954
-36.444922,22,38205.532193
32.24168,25,38207.891665
-71.701542,18,38209.778582
-23.442601,28,38212.178469
-67.744914,19,38213.955555
-19.329133,21,38216.100802
-20.410267,23,38218.159001
-94.793959,16,38219.705434
-27.36045,20,38221.711384
-63.24479,23,38223.850625
-78.539764,18,38225.44736
24.120275,24,38227.629935
-25.442447,21,38229.598946
-72.063002,17,38231.182704
-71.421133,20,38233.004581
-22.396885,25,38235.350426
-53.992613,22,38237.344847
21.640996,26,38239.68954
-76.587158,17,38241.351554
-20.773202,21,38243.39336
-73.054882,20,38245.206986
161.192159,30,38248.788111
10.867413,26,38251.176675
-82.447308,18,38252.884697
-70.306254,17,38254.485749
-84.349291,17,38256.058463
8.569936,25,38258.351247
-21.389051,20,38260.29997
41.057109,24,38262.618608
-62.652882,20,38264.45076
-82.109623,14,38265.818148
-16.640414,22,38267.914536
-81.266587,16,38269.388886
-20.070026,21,38271.34961
-84.884544,16,38272.8776
10.749722,23,38275.06631
-15.754875,21,38277.034749
-24.755628,19,38278.893154
-72.819932,15,38280.421813
-90.060298,17,38282.145093
-25.220638,21,38284.202449
30.136693,22,38286.299255
-11.077311,23,38288.566583
-76.791379,17,38290.174606
-29.694173,20,38292.063053
-85.745906,16,38293.533785
-22.557001,21,38295.48061
-24.996065,21,38297.458166
-12.333117,24,38299.601439
-35.564519,19,38301.413706
68.194559,25,38303.818021
-77.339834,18,38305.561647
-16.611927,25,38308.614819
-60.984373,18,38310.357528
-80.113193,20,38312.190382
130.754858,34,38315.277314
102.116865,31,38318.342808
23.42627,21,38320.469134
-66.1397,19,38322.22167
-10.283475,24,38324.535516
-29.702089,17,38326.206974
-66.89312,19,38327.991142
-63.974062,19,38329.697212
-72.588434,19,38331.456984
-48.875758,19,38333.572655
-94.72489,19,38335.34007
-81.668576,17,38336.858699
-76.389527,18,38338.533898
-81.909589,15,38339.951608
-17.209896,21,38342.059215
-82.463241,16,38343.716492
-16.941397,21,38345.703905
-64.507695,21,38347.603462
-67.976537,20,38349.380137
-6.605547,26,38351.731065
-90.585111,13,38353.009261
-30.310793,18,38354.830951
-17.715796,23,38356.944447
28.744971,26,38359.307187
-81.738045,13,38360.6848
-30.220835,17,38362.344016
31.253502,28,38364.865361
-7.733791,23,38367.705688
-79.796282,26,38369.941177
74.779948,27,38372.517642
-12.04591,22,38374.610136
-87.952889,19,38376.277728
16.943952,21,38378.295846
26.57243,24,38380.513629
-83.049196,18,38382.151835
69.498939,26,38384.65639
-75.307027,17,38386.31458
-73.705734,14,38387.807707
-70.679765,17,38389.367859
-71.143188,20,38391.199942
-77.0122,17,38392.859434
-75.116009,16,38394.508546
-76.7908,19,38396.244748
-26.38217,18,38397.956335
-17.557521,22,38399.96675
-75.487593,16,38401.557863
-87.195844,20,38403.494149
-70.191826,17,38405.115197
-70.247345,15,38406.612162
-74.125509,19,38408.327838
-76.183454,22,38410.289156
-84.576697,14,38411.658821
-23.390345,19,38413.513428
-85.916948,13,38414.770101
-72.398899,15,38416.234734
-71.308957,16,38417.858589
-80.487336,19,38419.640936
85.462916,32,38422.54661
-68.458133,18,38424.25239
-94.315178,20,38426.274387
-58.276097,25,38428.979432
-82.315695,19,38430.684413
-84.430733,15,38432.125784
-76.107755,18,38433.766059
-17.786953,25,38436.03012
-40.914012,21,38437.95313
-72.266053,19,38439.64801
-33.152832,21,38441.544868
-72.350821,21,38443.530867
-89.392758,19,38445.385369
-65.984993,19,38447.193283
-66.062786,19,38449.002774
-21.022813,25,38451.616838
-80.614079,16,38453.411437
27.63905,22,38455.534998
-96.38609,16,38457.155642
-66.604482,18,38458.850039
-70.38934,19,38460.552585
-76.308542,22,38462.673292
-80.118501,14,38464.132578
-63.230258,20,38466.058877
-76.114146,18,38467.786255
62.432862,25,38470.136301
-88.501484,17,38471.802621
-77.790908,21,38473.721219
-71.283188,19,38475.460648
-95.141721,15,38476.854648
-29.729872,19,38478.635115
-20.136242,22,38480.740294
-65.26542,22,38482.693004
-72.991966,18,38484.363626
-80.213271,16,38485.833498
-21.71718,19,38488.409763
-20.946813,23,38490.579264
-67.074993,17,38492.285093
-74.725236,18,38493.98693
-69.1691,19,38495.730996
-100.002393,17,38497.270261
-27.5365,22,38499.253909
-64.619739,21,38501.143998
-77.314613,15,38502.587554
-75.428286,15,38504.057949
-72.446981,18,38505.761905
-67.113115,21,38507.744627
-34.182525,24,38510.032513
23.008108,24,38512.246839
-82.904651,19,38513.994187
-71.518199,17,38515.645929
-90.707643,16,38517.313108
102.58889,30,38519.99326
57.897713,25,38522.493738
-30.184167,25,38524.893421
-79.541124,16,38526.439785
-31.829883,25,38528.640159
-68.555169,17,38530.251065
-73.087276,21,38532.094503
-88.688955,17,38533.745787
81.917906,31,38536.496951
-89.519505,17,38538.030771
-75.646976,18,38539.692033
-82.231767,18,38541.351155
-17.771833,21,38543.44196
-24.662357,22,38545.487437
34.227597,26,38548.988965
-21.912403,21,38551.067285
-46.22229,17,38552.847583
-76.089273,18,38554.61121
-71.255655,21,38556.72346
-78.755942,21,38558.588679
-61.241027,25,38560.771309
-27.017225,18,38562.489361
-80.117587,13,38563.759001
-103.837737,19,38565.546175
20.010831,23,38567.68473
-19.407615,24,38569.808834
-67.097695,21,38571.684865
-17.19881,27,38574.072233
19.59366,23,38576.278324
-39.896878,17,38577.88137
-72.786126,16,38579.433665
-79.647378,18,38581.160951
56.636332,32,38584.13289
-25.95799,20,38586.185648
-63.761705,20,38588.10917
-78.133958,18,38589.791001
-76.185524,19,38591.556791
-76.706684,16,38593.022891
-112.465799,15,38595.204582
-77.75783,15,38596.64836
-69.721364,20,38598.473703
-15.963028,21,38600.52413
-29.113327,21,38602.434497
-80.454981,15,38603.932838
-80.1303,15,38605.364131
-64.730629,19,38607.75573
-80.047781,16,38609.274091
7.60497,24,38611.672673
25.02825,22,38613.776162
-84.764831,15,38615.193805
-76.20227,18,38616.87235
-69.955428,20,38618.709867
-21.642964,21,38620.780794
-18.427951,19,38622.566497
-31.154301,18,38624.312068
-20.744712,22,38626.433152
-76.708906,23,38628.537319
-27.795334,21,38630.421863
13.589155,23,38632.627381
-114.716312,11,38634.997652
-96.030556,16,38636.450694
66.067632,27,38638.960974
-75.156453,15,38640.415891
-35.162449,21,38642.557781
-42.334248,23,38644.667412
18.755,24,38646.900257
-74.668416,15,38648.386747
-81.112011,18,38650.087143
-64.484192,22,38652.046483
-20.1275,20,38653.920583
-73.745049,19,38655.659944
-34.09886,18,38657.40633
-88.616102,15,38658.921524
-77.870132,14,38660.272229
-78.726349,17,38661.865618
-73.595527,17,38663.481245
-64.845216,28,38665.848841
-70.344389,18,38668.097433
-28.507722,20,38670.103714
-72.387701,16,38671.796395
-13.127748,21,38673.737833
-39.095147,19,38675.597424
17.824963,22,38677.724091
-64.906459,20,38679.641648
-18.855272,19,38681.464208
-5.241349,23,38683.630222
-13.95883,23,38685.744051
-90.13366,16,38687.286399
-26.918377,19,38689.098975
93.934838,25,38691.453543
-23.103213,21,38693.390994
-32.384214,16,38694.980906
-26.723071,22,38697.013718
-69.286973,19,38698.688712
-89.723403,14,38700.048424
-52.002737,21,38702.196979
-59.16494,23,38704.375812
-71.067059,17,38705.94892
-83.265831,12,38707.206726
-69.685168,16,38708.79698
-82.086701,16,38710.353091
-75.354696,17,38711.927519
-74.068583,15,38713.33705
-81.184244,15,38714.791348
-68.203059,17,38716.44886
-83.875773,20,38718.269005
-24.282144,23,38720.348628
-29.321171,21,38722.338681
-71.743673,21,38724.267649
-73.607089,20,38726.086182
-80.514518,18,38728.420529
-22.064678,19,38730.316215
-60.245738,23,38732.463189
-66.836845,24,38734.530454
-30.153269,21,38736.384943
-71.880496,16,38737.957353
-68.639488,21,38739.855033
-8.17234,25,38742.083303
-76.899029,17,38743.724202
-71.2949,18,38745.479671
-89.228306,22,38747.550319
-30.971091,19,38749.450052
-33.196852,20,38751.295234
-24.320623,22,38753.586804
-57.745343,21,38755.777236
-77.496555,17,38757.581852
-75.230619,22,38759.617308
-66.065532,18,38761.423715
-81.972033,15,38762.987791
26.355095,22,38765.11405
-69.180851,17,38766.862489
-71.016799,21,38769.044405
-70.832001,18,38770.676988
-72.622082,16,38772.189029
-25.801289,22,38774.147471
-73.265337,16,38775.722358
-14.259819,25,38778.011394
-26.055855,21,38779.976029
-78.114855,17,38781.561201
-80.478095,16,38783.206648
31.340046,26,38785.568303
-77.413105,18,38788.04838
-85.652086,17,38789.691368
-25.864724,21,38791.791202
-73.517372,20,38793.664281
-72.154919,17,38795.226791
-69.800468,16,38796.733435
-28.691186,17,38798.448491
-61.21312,20,38800.273793
-73.295793,21,38802.134834
-27.044706,20,38804.01955
74.042079,26,38806.467305
68.421962,26,38809.076814
-80.749756,15,38810.481648
-65.304644,19,38812.195619
-31.279072,16,38813.848727
-74.854807,16,38815.389824
-74.405799,16,38816.914652
67.899747,27,38819.484364
-17.066747,21,38821.519001
-76.055317,15,38823.281912
-46.138988,22,38825.535587
-75.645695,18,38827.205446
-71.141447,18,38828.95282
-67.030702,21,38830.829053
-23.539628,22,38832.913042
-74.593197,19,38834.959206
-65.476205,19,38836.720836
-80.529071,19,38838.478496
-24.648555,26,38840.853436
-80.583728,16,38842.309666
-35.519724,16,38843.955417
-73.149062,18,38845.55975
-70.795119,20,38848.017604
-21.82462,18,38849.804972
-82.882421,17,38851.486843
-64.664119,19,38853.269801
-67.793996,19,38855.017756
-71.79579,15,38856.495894
-73.698178,16,38858.068389
25.078796,26,38860.460305
13.012972,20,38862.4009
-67.933254,19,38864.22316
-17.827789,23,38866.367537
34.866473,29,38869.027828
-27.35469,21,38871.031665
-75.164672,18,38872.692266
-87.36308,18,38874.462772
-85.460686,18,38876.06077
-77.404001,19,38877.784044
-72.768842,20,38879.562297
-22.569784,24,38881.842463
50.464483,26,38884.416757
-35.5035,20,38886.284897
42.044007,25,38888.991413
-76.982035,17,38890.586462
-21.374517,20,38892.543518
-74.927408,19,38894.294092
-56.57003,21,38896.197456
-81.870448,17,38897.780119
-29.285627,18,38899.526695
-95.217222,19,38901.237227
-99.143335,14,38902.61261
-79.797841,14,38904.088171
-65.728765,19,38905.786955
-75.577173,17,38908.154027
25.737049,25,38910.484887
36.814453,33,38913.482764
-68.265404,17,38915.122652
-53.920922,21,38917.060687
-64.518328,21,38919.011652
-62.993746,20,38920.960783
-22.376656,21,38922.934903
-81.762859,14,38924.353783
32.209704,28,38926.831524
-35.70132,19,38928.645061
-82.729059,18,38930.28564
-27.037714,24,38932.361157
-68.938719,18,38934.041319
-82.865811,16,38935.645736
-31.034491,21,38937.594535
-73.259354,18,38939.198156
-22.899756,22,38941.26247
-79.922596,13,38942.714641
-31.385631,17,38944.538242
-70.35723,17,38946.083783
-72.453995,18,38947.751091
-69.917267,18,38949.435713
-69.411077,24,38951.474425
-93.312468,18,38953.108511
-81.849137,15,38954.563075
9.229538,21,38956.561994
-67.9679,18,38958.198379
-70.832399,17,38959.789967
-33.846102,20,38961.646333
-25.362876,20,38963.712845
-69.363978,19,38965.459782
-79.884221,19,38967.836219
-25.774601,21,38969.804875
-69.87247,16,38971.52023
-82.308722,16,38973.072406
-70.70437,16,38974.670705
-71.26204,18,38976.342302
-15.454064,24,38978.578401
-69.915121,20,38980.365592
-19.846835,23,38982.437196
-58.359189,22,38984.404647
-74.121632,17,38986.079075
-19.710752,23,38988.210513
-67.236142,20,38990.002586
-81.390784,15,38991.425435
115.575814,29,38994.201752
-76.964746,19,38995.899977
24.685487,23,38998.027644
-68.284166,19,38999.790761
-70.899144,18,39001.689156
-72.207907,18,39003.549994
-35.484218,18,39005.262179
-54.972377,25,39007.398631
-61.708697,19,39009.167506
-58.854219,26,39011.41522
-76.852759,17,39012.979158
-17.19967,23,39015.170347
-19.357696,22,39017.210989
-70.986951,18,39018.914006
-86.048547,17,39020.526279
31.982854,25,39022.842332
-77.456134,14,39024.270171
-67.266537,20,39026.435848
-75.371438,21,39028.95558
-80.033631,18,39030.577934
-16.695123,19,39032.564703
-90.194774,21,39034.433321
-67.629293,23,39036.471604
-74.894339,20,39038.284965
-78.605617,17,39039.851213
-92.097206,18,39041.434113
-28.139384,24,39043.586105
-63.231347,22,39045.535368
23.429435,24,39047.888319
-27.204954,21,39049.964336
-67.441888,18,39051.673276
-31.603556,19,39053.568151
25.309492,24,39056.214615
-81.043434,15,39057.832871
-67.495586,20,39059.836518
-64.953542,22,39062.250778
-16.774742,21,39064.431734
-86.617408,11,39065.606321
-29.35494,19,39067.400683
-83.582598,16,39068.920517
30.27773,25,39071.26538
-80.784196,16,39072.744666
-88.073363,17,39074.27371
-66.285588,18,39075.998907
-68.795991,17,39077.648017
-37.147633,21,39079.536835
23.028012,23,39081.697875
-29.7408,20,39083.538198
-21.275409,21,39085.593334
-20.096468,23,39088.437609
-20.569318,22,39090.423854
-18.243878,23,39092.658342
-85.511264,13,39093.975168
-14.775759,28,39096.51048
-82.565147,19,39098.16401
-75.422772,17,39099.73697
29.946384,25,39102.145104
-30.064089,21,39104.106848
15.200574,22,39106.164288
13.405046,22,39108.22619
-76.017799,16,39109.757275
-70.828931,16,39111.335593
-81.202262,15,39112.791126
-90.16375,14,39114.083816
68.989785,27,39116.709177
-18.318892,25,39118.942817
-68.939863,23,39120.923645
-71.845298,17,39122.63767
-67.10467,25,39124.924294
-68.947111,19,39126.642533
-22.999634,21,39128.616044
-67.291632,20,39130.370411
-89.969474,17,39131.928977
-14.275906,22,39133.961597
18.294138,24,39136.271827
-65.815542,19,39138.063845
24.641951,24,39140.359354
15.72373,22,39142.410967
-76.587158,17,39143.988132
-77.007363,19,39145.698989
-75.645698,17,39148.232003
-73.609552,17,39149.81402
42.683105,34,39152.869111
-71.506925,19,39154.595187
28.15447,22,39156.756602
-76.686823,17,39158.374478
-73.825062,15,39159.800744
-60.584352,19,39161.540787
-81.910756,17,39163.166791
-19.505197,20,39165.10147
-68.579075,16,39166.638804
-84.55478,16,39168.149187
-20.97719,23,39170.265253
-67.242185,20,39172.051986
-65.631117,19,39173.801907
-25.599853,20,39175.649254
26.08913,25,39178.219876
-85.182569,22,39180.246453
-70.071562,18,39182.0298
-68.75536,22,39184.090435
-64.370355,17,39186.010706
-58.878104,26,39188.281793
-79.547324,13,39189.68834
-65.250624,21,39191.602979
-71.930242,16,39193.174709
-11.655485,26,39195.479306
-26.158908,19,39197.287051
-75.217055,20,39199.042356
-23.788845,23,39201.137725
-34.307083,24,39203.277935
-83.852166,18,39204.953573
-81.386718,16,39207.091952
20.798628,23,39209.469516
-71.617955,16,39210.981737
-72.922076,19,39212.8637
-77.144525,18,39214.532993
-78.475739,16,39216.047491
15.696592,24,39218.320078
-67.499342,17,39219.914085
-71.008443,18,39221.603972
21.90009,24,39223.858356
-19.645495,24,39226.136786
-106.903346,17,39227.630808
-77.194458,20,39229.434546
-18.088864,28,39231.990185
-73.370746,15,39233.489484
-38.775358,20,39235.397774
-78.260742,20,39237.191067
-61.964763,18,39238.921505
-67.041394,21,39240.788118
-76.995973,20,39242.742536
-67.410192,20,39244.659111
30.984921,25,39247.01149
-24.176711,24,39249.195441
-67.248139,22,39251.144475
-79.113819,17,39252.681989
-80.472847,18,39254.405378
-29.531306,19,39256.164327
-21.489647,23,39258.291001
-75.016251,16,39259.818134
-73.925249,17,39261.47153
-77.705651,21,39263.348158
-74.087439,17,39264.947868
-84.424558,14,39266.527261
-71.464114,21,39269.001114
-85.296525,15,39270.410077
-72.747977,20,39272.302817
72.714932,26,39274.760339
-23.122118,22,39276.841781
-90.65755,20,39278.700631
-79.00965,17,39280.235587
-80.524128,16,39281.700607
-72.259277,20,39283.522728
-20.620047,20,39285.503691
-80.510214,14,39286.859094
-82.496907,15,39288.291214
-64.381905,19,39290.065325
-44.470096,18,39291.681581
-78.050188,16,39293.192076
-76.594976,16,39294.694072
-31.22504,24,39296.953109
-93.910438,16,39298.432761
-76.613117,17,39300.004308
-86.427746,15,39301.510788
-68.180962,19,39303.505007
-65.50874,25,39305.689801
-20.568426,24,39307.955842
-34.573304,20,39309.843762
-83.315646,14,39311.279674
-73.886773,17,39312.807088
-64.259715,25,39315.022741
-72.953048,20,39316.910772
-80.968308,20,39319.004427
-73.80795,19,39320.709949
-16.587667,25,39322.94482
-72.722473,18,39324.556248
-46.366807,18,39326.459109
-19.7847,22,39329.003533
-36.897196,22,39331.046973
-74.666698,18,39332.827367
-15.52296,24,39335.031105
-71.835444,18,39336.654677
-84.776276,21,39338.577991
-24.213303,20,39340.492126
-80.37429,20,39342.405319
-31.243353,20,39344.207059
-89.702271,23,39346.162153
-84.234862,20,39348.112161
-86.83287,17,39349.871438
78.896125,32,39352.78007
31.052814,27,39355.280821
-74.164641,17,39356.859558
-67.084006,21,39359.097245
18.412827,23,39361.560394
-66.86901,20,39363.567241
-62.65927,20,39365.452015
-79.15021,16,39367.011428
-72.113951,17,39368.592067
-74.760399,16,39370.181417
-79.715118,25,39372.418668
-94.578833,15,39373.83938
-71.631343,17,39375.440064
-74.986442,22,39377.365
17.745705,22,39379.465577
-74.176904,17,39381.096784
-21.866516,23,39383.173107
-76.321487,19,39384.85282
-73.651111,18,39387.242671
-65.16052,19,39389.09645
-82.349932,16,39390.628228
-31.780242,18,39392.499637
-69.462524,21,39394.341859
-29.303261,17,39396.033588
-67.638815,19,39397.81855
-74.112052,16,39399.289842
-69.144032,19,39400.99337
-86.86589,13,39402.311145
-81.577742,15,39403.694275
-92.03415,19,39405.487176
24.546187,24,39407.697378
-71.413976,19,39409.667509
-5.200249,30,39412.25656
-26.967744,20,39414.113481
-70.209272,17,39415.727129
-38.368915,21,39417.742641
-75.961376,15,39419.174217
-77.177094,16,39420.667398
-28.45133,21,39422.882589
-34.05366,21,39424.938858
-69.693701,19,39426.661394
-77.403128,19,39428.405104
-29.24325,20,39430.347291
-79.824694,16,39431.868679
-84.417182,16,39433.369974
-80.121389,18,39435.001806
-21.344106,23,39437.037513
-76.690733,16,39438.578435
-10.218149,24,39440.759281
-23.543182,29,39443.223134
24.013868,27,39445.580582
37.63818,27,39448.820737
-22.731625,22,39450.832224
-75.843448,17,39452.509603
-40.166528,18,39454.169388
-76.874576,16,39455.694166
-83.938857,16,39457.218844
-76.032375,20,39459.033543
-32.722866,22,39461.02253
69.57625,29,39463.886886
-32.881672,20,39465.723599
-83.234089,16,39467.196021
-70.313133,19,39468.902327
-90.026923,17,39470.637834
-68.699882,20,39472.450307
-32.080332,21,39474.344653
-83.161988,17,39475.941046
-70.96428,17,39477.567865
-22.560117,21,39479.470134
-78.208723,17,39481.062807
-42.515111,21,39483.113546
-71.274251,18,39484.933881
-79.584241,17,39486.483727
-79.305182,15,39487.88302
-89.766413,14,39489.22945
-27.916261,20,39491.342981
-82.812694,18,39493.012072
-81.528141,16,39494.468174
-79.739486,16,39496.002564
-78.157552,14,39497.406579
-85.042036,14,39498.775712
-68.194993,16,39500.357203
-71.188377,16,39501.876682
15.217709,24,39504.264834
-84.443734,13,39505.568326
-75.88841,19,39508.184769
-60.322249,21,39510.105763
-79.805708,17,39511.872521
-74.729656,17,39513.538113
21.047292,24,39515.70654
-84.950487,16,39517.153675
28.355528,22,39519.312629
-79.047747,17,39520.875122
-76.700695,15,39522.393793
-85.871175,17,39523.978845
-77.393899,15,39525.552886
-76.95462,16,39527.081933
-79.950687,15,39528.534823
-74.196388,16,39530.066794
-33.67093,21,39532.086946
-80.741906,15,39533.524941
-97.902526,18,39535.130454
-82.164676,20,39536.969846
-76.108761,17,39538.659047
-58.000279,26,39541.073433
-35.160684,18,39542.934635
-48.877,21,39544.892302
-71.716145,20,39546.727035
-90.003801,13,39548.055343
-83.288921,17,39549.622472
-77.401014,17,39551.233646
-45.357609,28,39553.794112
-81.561541,16,39555.283499
-20.432119,17,39556.937178
-77.494123,17,39558.521394
-32.192377,22,39560.631883
-77.652673,16,39562.136792
-24.413808,20,39564.04491
-83.720915,15,39565.461556
-21.054289,23,39568.269091
-116.724439,14,39570.136789
-79.391917,17,39571.822127
-81.780335,15,39573.251429
-77.308404,23,39575.301379
-84.210182,17,39576.848655
-80.177181,16,39578.353853
-67.809825,19,39580.052848
-32.729268,21,39582.012419
26.738058,22,39584.09427
-78.174993,15,39585.661205
-73.323374,19,39587.356454
-72.707106,21,39589.251497
-89.778958,14,39590.700397
-88.21871,22,39592.880708
21.612003,24,39595.093462
-28.335655,27,39597.466335
-77.302486,16,39598.951056
-72.823815,22,39600.855788
-77.854799,16,39602.470131
-79.258817,17,39604.182518
-70.998999,23,39606.356742
-21.470544,21,39608.297482
-77.309518,16,39609.791672
54.686599,25,39612.211516
21.288901,21,39614.285554
-11.887495,24,39616.540546
-81.869347,19,39618.252666
-77.74472,17,39619.927909
-69.667538,21,39621.801361
-77.21077,16,39623.283928
-77.225284,16,39624.881967
-21.338955,21,39627.578741
-61.315483,21,39629.459111
57.521257,23,39631.747176
-21.617975,23,39633.974118
-81.659914,20,39635.817142
-66.768834,20,39637.592834
-80.911353,16,39639.049655
-25.495306,19,39640.832062
-78.087659,15,39642.351787
-68.080237,25,39644.61792
-28.243233,19,39646.4373
-84.302401,20,39648.331884
-77.665603,18,39650.197427
-79.660564,14,39651.631264
-77.98686,15,39653.059946
-67.806539,20,39654.897502
-78.538739,17,39656.565047
-95.47186,15,39657.959692
-85.16734,16,39659.434776
-68.096123,18,39661.452914
-89.875216,20,39663.69174
-75.39063,17,39665.529529
-19.520719,24,39667.691751
-77.918307,13,39668.979232
-68.541454,22,39670.941115
-76.290157,17,39672.532828
-77.525174,20,39674.392107
-63.111188,21,39676.330304
-70.526604,18,39678.021162
-86.905415,18,39679.739212
-74.632813,18,39681.366093
-25.649233,21,39683.287136
-19.467109,23,39685.426984
-62.566953,26,39688.594971
-29.359237,26,39690.968371
-15.895406,25,39693.297447
-78.305019,17,39694.917335
58.598702,25,39697.260776
-66.63969,21,39699.099651
-71.382916,19,39700.837919
-73.007844,18,39702.523163
-70.027793,17,39704.110475
-75.489366,19,39705.916251
-83.75066,21,39707.757371
-38.09571,22,39709.871546
-32.632811,19,39711.725974
-75.716892,19,39713.417396
-73.960204,17,39715.044371
-70.395956,18,39716.755535
-32.375644,19,39718.505478
-79.507466,16,39719.978835
-76.720604,18,39721.767762
-67.051797,20,39723.872549
-73.453424,16,39725.371599
-85.071325,18,39727.026909
-80.088776,16,39728.508159
-61.408364,18,39730.293037
-79.950112,15,39731.677637
-76.928694,18,39733.284853
-67.104986,21,39735.223557
17.491301,22,39737.445472
-26.496502,18,39739.196636
-71.273458,17,39740.855068
-82.396266,15,39742.266736
-25.502242,21,39744.353201
-31.596112,22,39747.072664
-46.827126,17,39749.086777
-22.250389,21,39751.023189
-76.199226,16,39752.647954
-75.933827,20,39754.446176
-76.046313,17,39756.059967
-76.310126,15,39757.486517
-83.034497,15,39758.908655
-76.888247,18,39760.564642
28.29211,25,39762.922754
-18.710439,21,39764.858602
-84.886348,16,39766.502777
-82.131492,15,39767.928472
-75.868301,15,39769.356912
-67.402376,19,39771.165499
-67.651227,17,39772.884248
-67.368867,19,39774.58775
-89.980151,19,39776.355694
-87.724749,17,39777.972822
162.380279,27,39780.633934
-76.057336,18,39782.403955
-71.040772,26,39784.891503
25.709766,28,39787.409138
-14.760122,30,39790.220765
-18.196453,23,39792.380009
-97.257513,25,39794.483804
-44.436996,21,39796.413953
-76.161777,18,39798.076253
-65.385874,23,39800.150906
-38.146675,26,39802.381099
-70.51942,18,39803.981573
-69.855142,18,39805.797142
-18.636763,21,39808.489794
60.191997,25,39810.82914
-89.268045,16,39812.409831
-23.301254,20,39814.305626
-20.538972,23,39816.369523
-73.132003,17,39817.983265
-78.8403,16,39819.461326
11.910367,20,39821.489196
-71.068561,15,39822.936614
-87.896174,19,39824.927961
-77.316436,18,39826.647997
-73.147577,16,39828.222139
-71.837303,18,39829.866117
-31.119642,16,39831.556825
-74.985778,18,39833.147706
-77.457001,16,39834.708863
-68.826278,18,39836.392395
-69.732132,16,39837.905593
-82.124792,16,39839.387476
-82.068352,18,39841.080562
-79.553738,17,39842.74649
-88.554061,18,39844.429873
-23.545698,20,39846.333096
-73.800931,16,39847.935251
-21.99173,19,39849.73857
-27.893327,19,39851.53116
-79.440519,14,39852.843141
-75.840045,18,39854.520962
-66.742993,19,39856.278336
-83.806455,18,39857.913352
-79.750046,18,39859.543671
-58.578565,21,39861.509359
-78.850795,19,39863.205441
-74.443061,18,39864.853937
-22.117934,20,39867.47796
-63.691576,24,39870.028025
-72.35228,21,39871.982686
-18.254684,22,39873.995025
-73.008111,14,39875.375681
-84.012398,14,39876.808159
32.793106,31,39879.487916
-64.333288,21,39881.375993
-71.621033,16,39882.878109
-71.764052,23,39884.89536
-18.718569,20,39886.787559
-67.093759,21,39888.90188
-28.931996,24,39891.337714
-75.862674,16,39893.080714
-71.094332,19,39894.812872
-70.747955,21,39896.681684
-70.200454,18,39898.391147
-23.443619,19,39900.251879
-75.055862,16,39901.826336
-91.537189,18,39903.615949
-83.314347,14,39904.978239
-67.420401,20,39906.816773
-80.892982,15,39908.276157
-76.570373,15,39909.724471
-78.101198,17,39911.265025
-30.663258,16,39912.854263
-82.511153,14,39914.17119
-11.692232,27,39916.757459
-78.548829,19,39918.513235
-57.010524,25,39920.670005
-86.360671,13,39921.918308
19.864485,25,39924.185068
-67.647385,19,39925.861377
-33.732482,18,39928.309158
-78.429292,16,39929.762174
-84.238991,18,39931.406778
-69.237068,18,39933.140322
-86.072581,16,39934.622771
-79.615882,17,39936.230807
-27.508617,19,39938.050377
-4.221503,30,39940.542163
-77.385955,18,39942.21244
-70.110836,18,39943.842637
-20.359848,25,39946.003381
-37.252292,19,39947.903513
-74.185581,17,39949.626716
-82.103692,15,39951.034655
-77.532925,15,39952.510725
-81.133465,17,39954.037622
-80.846435,20,39955.810206
-36.564175,21,39957.806513
-20.804509,26,39960.094132
-79.106811,14,39961.581864
20.715965,24,39964.686037
-79.015167,18,39966.435534
-75.845862,14,39967.83134
-29.685736,20,39969.706835
-65.466134,20,39971.540463
-72.694039,15,39973.025429
-80.507155,20,39974.809732
-73.541542,17,39976.381431
-8.413173,22,39978.506202
-84.508732,15,39979.937929
-107.24571,17,39981.494616
-76.392233,18,39983.160697
-75.488231,18,39984.92906
-64.369251,22,39987.737211
-74.669516,19,39989.537804
-88.943337,17,39991.11241
-70.094041,18,39993.020963
-76.496498,16,39994.57577
19.578626,25,39996.816932
-65.680049,18,39998.499398
-86.670269,18,40000.185979
-70.228423,19,40001.918181
-74.617427,17,40003.486702
-87.770128,21,40005.289956
-67.19046,16,40006.921021
-35.28046,19,40008.866628
-33.404974,23,40011.02441
-76.02588,20,40012.847949
-90.315071,17,40014.533199
-27.952826,20,40016.420326
-24.684483,20,40018.2675
-74.514077,18,40019.905532
-76.514586,21,40022.001001
-65.101077,22,40024.565747
-77.404223,16,40026.065987
-97.973139,13,40027.381178
-68.743637,19,40029.191831
-81.22992,17,40030.988284
-69.459274,20,40032.795849
-79.714677,14,40034.113042
-75.47289,18,40035.790884
141.391318,32,40038.6182
-78.54186,15,40040.125163
-77.729796,18,40041.798502
-22.531575,19,40043.720949
-74.334222,20,40045.517885
-76.307403,19,40048.42945
-72.097411,19,40050.746062
24.097281,31,40053.979955
-45.397533,22,40056.17704
161.75453,33,40059.289607
-81.291217,14,40060.695171
-72.288148,23,40062.745184
-61.481479,22,40064.686689
-19.378963,21,40066.688094
-71.662382,18,40068.310261
-85.865789,13,40069.746694
-10.450754,17,40071.52544
12.61747,18,40073.317847
-71.701056,18,40074.942652
20.522308,25,40077.215575
-81.844171,16,40078.68526
-70.146753,18,40080.39438
-73.914624,18,40082.127313
-73.930514,20,40084.094201
-86.54743,17,40085.679129
12.970071,23,40087.847428
-78.463563,18,40089.534944
-69.243386,18,40091.464087
16.193079,23,40093.580812
-81.347337,19,40095.384268
-74.763113,17,40096.911319
-79.027161,16,40098.440799
-75.195885,17,40100.044242
-71.894395,17,40101.613148
-59.614645,22,40103.553691
-34.672492,20,40105.469758
-32.52785,19,40108.212899
-86.184625,17,40109.802064
-72.469256,18,40111.509733
-26.703895,20,40113.501636
-76.723639,17,40115.1119
-32.800799,20,40116.94161
-68.390699,25,40119.258074
-75.235623,19,40121.106525
-69.4774,21,40123.007014
-79.6179,15,40124.435705
-97.631551,22,40126.677443
-71.795968,15,40128.147364
26.734636,31,40130.807168
-44.316808,23,40132.867709
22.851696,25,40135.147471
35.278686,28,40137.658358
-79.212576,16,40139.144319
-58.40774,18,40140.825764
-56.88608,23,40143.101469
-79.881466,15,40144.609572
-77.839346,21,40146.608149
-72.147299,18,40148.380159
-79.244527,16,40150.132304
-79.423472,19,40152.140785
-13.081814,23,40154.38358
-79.144675,15,40155.82264
-80.126648,16,40157.266226
-84.19474,15,40158.734185
-69.533471,20,40160.531744
-22.096884,22,40162.606935
-82.130031,15,40164.016764
-74.740626,17,40165.686233
-73.139561,17,40167.77429
-76.964202,17,40169.392378
-81.694862,15,40171.115678
33.357241,23,40173.560671
-70.996723,23,40175.639955
-80.434526,14,40176.957905
-80.747077,15,40178.427695
-69.718984,22,40180.418637
21.071264,22,40182.686925
-82.187441,15,40184.170827
-76.132893,17,40185.753967
-85.395155,13,40187.059693
130.208879,38,40190.490012
-72.484327,17,40192.15893
-84.517013,15,40193.617473
-85.048487,22,40195.642754
-25.985951,20,40197.493747
-77.063032,15,40198.914661
-68.278048,23,40200.881259
-78.86398,17,40202.696476
-26.648694,25,40205.141026
29.970947,28,40207.690495
-77.599478,15,40209.133073
-82.17235,15,40210.579185
-71.476503,16,40212.099745
-92.403368,17,40213.620035
-89.572037,14,40215.077863
-66.988978,23,40217.146994
-70.027793,17,40218.71322
-25.658737,20,40220.5845
-94.96934,16,40222.032357
-77.891578,18,40223.758569
-82.376143,17,40225.40686
-85.474269,17,40227.9316
-65.236862,21,40229.788797
-77.719602,18,40231.481509
-78.837102,16,40233.09683
-92.053884,24,40235.167494
-72.467446,17,40236.792566
-74.787966,17,40238.394405
-72.648409,18,40240.022047
-80.758386,14,40241.410234
-82.317951,20,40243.194512
-73.078666,15,40244.719393
-10.450219,31,40247.473842
-74.570859,21,40249.435379
-68.888284,19,40251.175046
20.23034,25,40253.558885
-73.612953,21,40255.476153
64.244207,26,40257.86311
-84.955248,15,40259.272937
-71.332604,18,40260.933488
-64.772389,19,40262.830194
-52.933599,19,40264.924711
-72.032526,18,40266.905991
17.19733,21,40269.048676
-78.954341,17,40270.684631
-74.601883,17,40272.419044
-77.973067,17,40273.993739
2.873623,23,40276.250398
-26.995747,23,40278.367406
-80.311143,16,40279.865022
-80.601744,17,40281.458451
-78.913498,16,40283.17184
-82.055611,17,40284.734362
-76.761964,20,40287.549608
-72.485901,19,40289.357116
-69.252124,21,40291.322874
-71.3553,20,40293.180792
-32.349612,24,40295.356538
70.751159,28,40298.00567
-89.588102,17,40299.628407
-34.563194,19,40301.420299
-66.702311,17,40303.010785
-27.509791,20,40304.977536
-80.513499,16,40306.528371
-31.338104,19,40308.322178
-74.08747,19,40310.412343
-81.479881,19,40312.132524
-71.819308,17,40313.900943
-75.369062,15,40315.311577
-77.928193,18,40317.034679
-24.067227,19,40318.866098
-16.77583,20,40320.798516
-61.528224,19,40322.714473
-70.79073,18,40324.500123
-25.010728,21,40326.582647
-97.276387,16,40328.29397
-68.132909,16,40329.824814
-81.872646,14,40331.246635
-72.710488,20,40333.142109
-76.695526,17,40334.772536
-30.704376,19,40336.641488
-77.489257,20,40338.422811
-74.570581,21,40340.27407
-25.794296,20,40342.288512
-75.138369,20,40344.058714
-75.045336,19,40345.826733
-75.753816,18,40348.245818
-85.552074,16,40349.778458
-80.37278,17,40351.409266
-24.078904,25,40353.729524
-74.948522,15,40355.170288
-68.124169,19,40357.023415
-71.712433,16,40358.539061
-41.233831,26,40360.790163
-67.93283,18,40362.467543
-23.901409,20,40364.350002
-24.387926,19,40366.15101
-81.77553,15,40367.587108
-58.40774,18,40369.257126
-76.004759,14,40370.815297
-80.687493,22,40373.085796
-73.138871,16,40374.561036
-71.943218,18,40376.231984
-82.046496,16,40377.859383
8.674736,24,40380.068506
-17.760602,21,40382.095734
19.910002,25,40384.554453
-17.121496,23,40386.698807
-74.058351,15,40388.287975
-23.822536,23,40390.433739
-30.355607,19,40392.228455
-69.94664,17,40393.853706
-70.114146,20,40395.780595
-65.520319,19,40397.486868
-73.333003,18,40399.191618
-87.917526,16,40400.692864
-85.136614,27,40402.99948
-33.901387,21,40405.731578
-63.181067,20,40408.198395
-46.172796,18,40409.903753
-79.93816,22,40411.899467
-21.856902,23,40414.005914
-43.610553,20,40415.812251
-73.586601,17,40417.457724
-73.311208,19,40419.203466
-83.321343,15,40420.614617
-59.852728,22,40422.563754
-80.915113,17,40424.190478
-75.921783,18,40425.893911
-63.020399,20,40427.758435
-76.140921,20,40429.586835
-21.666749,21,40431.684122
-71.891736,16,40433.22555
-84.688786,17,40434.807572
-19.48675,29,40437.313407
-83.835349,16,40438.852348
-74.343557,20,40440.715117
-83.043101,14,40442.162861
-82.463233,16,40443.738043
-75.546106,19,40445.763149
-77.194157,18,40447.376715
-78.300828,14,40448.75226
-62.190485,21,40450.641336
-69.57031,17,40452.290511
-98.310186,20,40454.115141
-81.394287,17,40455.754777
-79.18978,12,40456.987547
-81.652879,20,40459.013645
-76.733884,15,40460.586051
-87.884393,14,40461.950107
-83.451756,18,40463.578567
-77.878586,17,40465.261406
-64.25825,20,40467.897094
-75.058282,17,40469.568048
-78.296459,15,40471.001839
-20.976725,21,40473.090626
-92.041006,15,40474.53165
-76.100919,19,40476.304176
-63.042563,25,40478.523046
20.949866,22,40480.774524
-82.303914,13,40482.083675
-86.128277,15,40483.876348
-64.00234,20,40485.665215
-60.724328,23,40487.800758
-86.512987,17,40489.364778
-25.509215,22,40491.501717
-29.884765,22,40493.741732
-77.337596,17,40495.441739
-72.962985,21,40497.285403
-31.044175,24,40499.495438
-78.348874,17,40501.101113
-75.385068,16,40502.823095
-29.883019,19,40504.784016
-74.006649,17,40506.463688
-30.170895,19,40508.233223
-15.518081,27,40510.665569
-91.749022,17,40512.236307
-10.3573,26,40514.559986
-80.894041,16,40516.115767
-85.932106,14,40517.490079
-20.496412,22,40519.492599
44.35708,25,40521.833942
-79.621778,17,40523.451244
-80.173552,19,40525.203017
32.63621,27,40528.393295
-73.122557,17,40529.945721
11.877952,22,40532.179228
-75.894553,19,40533.897433
-87.691861,17,40535.574625
-63.672499,21,40537.433454
16.154297,22,40539.473382
-70.273448,20,40541.364754
-83.322139,16,40542.856835
-67.291697,18,40544.503706
-77.582296,15,40545.956533
-25.134468,24,40548.317993
-75.675199,16,40549.941589
-88.015156,13,40551.246417
-78.427469,20,40553.040184
10.470165,25,40555.361627
-17.738775,24,40557.555885
33.181113,30,40560.211297
-68.506927,23,40562.346117
-73.62668,17,40564.07879
-29.629427,21,40566.140588
10.015697,21,40568.458579
-11.890915,29,40571.257658
-27.99384,25,40573.52896
-90.801165,17,40575.074607
-80.302628,22,40577.087528
-22.255027,22,40579.118888
28.480621,26,40581.552541
35.261076,27,40584.041443
-82.288744,19,40585.697163
-23.148868,21,40588.415676
-84.718955,17,40590.046217
-69.149171,20,40592.035934
27.841804,24,40594.253604
26.368926,25,40596.569102
-60.155369,22,40598.587857
-80.906153,20,40600.402498
-19.849452,23,40602.479827
-23.389132,19,40604.277563
-74.75527,16,40605.828214
-95.369406,12,40607.092103
-87.525368,15,40608.497391
-31.289253,24,40610.795306
-73.466234,18,40612.552614
-19.943624,22,40614.57265
-73.264537,18,40616.178138
21.00828,24,40618.426096
-74.240852,15,40620.030572
-83.48902,14,40621.443861
-22.413645,21,40623.582736
-64.475951,18,40625.426258
-77.506382,17,40627.017164
-64.360846,21,40628.905866
-64.280005,21,40630.770128
-44.819018,25,40633.234187
-73.004677,17,40634.898553
-31.141521,19,40636.691382
-73.076096,18,40638.404914
24.63198,24,40640.705822
32.337047,24,40643.155798
-64.648377,20,40644.988173
-75.936546,16,40646.944115
-22.848581,21,40649.107688
-89.100398,15,40650.549013
-70.982047,21,40652.657696
-70.493118,18,40654.327718
-75.490573,16,40655.869596
-75.479233,19,40657.657457
-68.336304,22,40659.556752
-77.629994,15,40660.998332
-12.486616,26,40663.360919
-72.812077,20,40665.28924
-77.334739,16,40666.812145
-81.106043,15,40668.251382
-60.685046,26,40670.548851
-86.403934,17,40672.212036
-71.32056,25,40674.342583
-90.437557,18,40675.954639
-6.350513,29,40678.45896
-77.32773,18,40680.156915
-72.884282,18,40681.996306
14.942303,23,40684.357881
-74.097049,18,40686.137844
-75.730185,17,40687.778301
-75.200224,17,40689.40638
-39.115547,19,40691.191606
-68.976638,19,40692.930217
-56.697068,27,40695.262571
-75.934446,15,40696.840817
-77.730285,21,40698.701452
-30.720361,19,40700.528667
-16.324408,22,40702.661293
-70.485287,17,40704.274296
-73.62668,17,40705.827427
-38.797799,24,40708.812538
-82.915816,18,40710.504496
-87.827791,14,40711.860595
-69.609414,20,40713.756108
-24.217425,19,40715.535141
-67.934871,20,40717.390638
-41.487199,18,40719.130895
-68.997199,18,40720.776352
-71.585941,18,40722.457912
-15.761125,25,40724.759051
-79.594145,18,40726.465081
-77.068601,17,40728.01891
-72.073257,19,40729.778182
-74.650101,16,40731.351668
-93.879677,20,40733.200713
-73.757172,19,40734.895736
-87.291091,18,40736.531436
-71.023059,20,40738.385185
-74.434201,18,40740.018979
-77.365707,18,40741.77148
-85.785427,14,40743.259909
-91.077139,19,40745.215037
-70.301079,19,40747.130561
-96.710315,19,40748.780907
-65.366159,20,40750.569571
45.407256,23,40752.762039
-32.887513,20,40754.724592
70.432783,23,40756.939493
-74.192009,16,40758.483254
-77.903405,18,40760.157027
-81.239392,14,40761.575579
62.078325,24,40763.923044
-22.59993,20,40765.764196
-25.152666,21,40768.395263
-87.705466,15,40769.853438
-75.385068,16,40771.377513
-58.219678,25,40773.629807
-73.188366,20,40775.510298
-82.865215,17,40777.084464
-23.443653,21,40779.057049
-79.402306,17,40780.627536
-69.180336,21,40782.575171
-26.55972,20,40784.54347
-83.850812,19,40786.567673
-89.398285,15,40787.936496
-27.59816,20,40789.832011
-5.373856,27,40792.2324
-62.475503,22,40794.203614
-65.499946,19,40795.938642
61.851271,25,40798.353316
-76.925844,20,40800.174783
-43.571538,21,40802.184623
-75.135839,17,40803.914665
-74.748381,15,40805.472474
-79.526415,19,40807.23732
-37.336588,20,40809.026262
-71.096181,17,40810.565658
47.988554,27,40812.957088
-80.195587,13,40814.326187
77.379654,25,40816.71239
-36.87417,18,40818.472727
-80.990844,16,40820.020612
-25.862622,19,40821.833019
-79.333046,16,40823.309882
-71.749434,21,40825.269569
-84.903158,20,40827.816148
-76.102221,13,40829.093735
-85.106098,13,40830.353242
-68.534877,17,40832.01042
-70.272188,17,40833.738396
-55.608025,24,40835.850457
-79.018769,18,40837.489326
-22.598872,24,40839.653219
-76.321943,15,40841.147565
-20.169426,25,40843.37589
-17.952761,19,40845.390272
-72.072879,21,40847.381212
-74.681829,25,40849.907168
-65.920157,20,40851.780584
-21.839765,25,40854.036155
-108.340194,11,40855.87497
-97.388198,18,40857.567223
-36.01798,18,40859.272582
-68.573498,22,40861.212084
-34.142792,24,40863.769621
127.054397,32,40867.091729
-76.95081,16,40868.602685
-30.917058,25,40871.162025
-87.852976,17,40873.013325
-77.575293,17,40874.838356
-69.603466,18,40876.486662
-69.803458,20,40878.320217
-75.807283,21,40880.282704
-77.323883,17,40881.859366
-88.850671,16,40883.397951
-77.234209,16,40884.974238
-59.701437,23,40888.050822
-22.307498,24,40890.268994
119.462084,30,40893.200143
-28.353198,20,40895.082851
-69.67061,20,40896.903568
-67.298805,20,40898.740256
-69.680365,17,40900.349786
-27.944362,23,40902.42199
-87.950219,16,40903.952569
-89.154046,14,40905.527654
-68.777475,22,40907.608509
17.417392,24,40909.766895
-80.620302,17,40911.353086
-69.375741,21,40913.295003
-76.853905,23,40915.384635
-80.151187,16,40916.87532
-74.247572,17,40918.492379
-68.292323,25,40920.666082
-47.744417,20,40922.635975
-74.575296,17,40924.390323
-85.141901,17,40925.964472
-72.628371,18,40927.721498
-93.330303,15,40929.097874
-67.077575,20,40930.921166
-55.422578,26,40933.090955
-89.24946,19,40934.834618
-36.641761,23,40936.910799
-96.63949,16,40938.424986
-76.392848,15,40939.845738
-76.132568,15,40941.367406
-69.793519,17,40942.944751
41.034838,32,40945.802704
-82.33014,16,40948.405713
-77.367657,16,40949.970779
-70.080431,21,40951.932208
-32.565652,26,40954.235279
-78.623782,19,40955.915318
-69.493743,17,40957.545037
-28.782057,21,40959.449932
-70.878461,23,40961.511097
-79.947249,17,40963.137105
-76.616766,18,40964.868655
-31.85177,19,40966.71758
-83.250563,22,40968.623633
-67.516138,20,40970.398749
-68.764812,21,40972.371639
-67.525469,16,40973.873266
25.366485,23,40976.097451
-67.583597,27,40978.452492
-75.72411,18,40980.120035
-78.938601,19,40981.887152
-56.188181,21,40984.048069
-26.68676,21,40985.997642
-75.085357,17,40987.615503
-60.272532,22,40989.607378
-23.719104,23,40991.680251
-73.701367,18,40993.366587
-23.599147,23,40995.514015
-74.224161,17,40997.220196
-38.036508,21,40999.155218
-78.36985,16,41000.639889
-75.730226,16,41002.17063
-20.067961,21,41004.24337
-29.951476,21,41006.25775
120.868722,36,41010.196477
-37.565833,19,41012.188225
-26.140843,21,41014.157464
-82.806991,15,41015.624548
-24.66347,22,41017.678376
-85.764631,17,41019.411198
-81.770336,16,41020.916464
-69.240683,19,41022.682678
-37.077507,18,41024.463319
-10.054728,28,41026.948162
-67.145285,20,41028.764316
-19.351669,24,41030.910423
-78.149243,18,41032.559144
-83.369444,13,41033.897224
-80.466722,18,41035.552076
-82.802619,20,41037.385831
-67.122495,19,41039.112919
28.646455,25,41041.475889
-20.91887,22,41043.651489
-40.611603,24,41045.829364
-81.18307,17,41047.400695
-84.619652,16,41049.192368
-25.515502,25,41051.418241
-11.731641,29,41053.84875
-60.612703,20,41055.710511
-71.94922,18,41057.372462
-71.529438,19,41059.155824
-71.892754,19,41060.865345
-26.491129,22,41062.857129
-77.078498,17,41064.545072
-72.874316,18,41066.219069
-87.864702,14,41068.259995
-66.297701,21,41070.145466
-25.309033,19,41072.063842
-88.008865,16,41073.590884
-29.536649,19,41075.352082
-83.915265,15,41076.79511
-79.231815,19,41078.559063
19.909153,23,41080.747751
-80.082543,18,41082.34017
38.890795,29,41084.875103
46.910892,33,41087.789741
-80.293136,19,41089.457533
-76.594503,15,41090.882645
80.189082,26,41093.297847
-72.987041,20,41095.18586
-63.631466,23,41097.210268
-82.422392,18,41098.852357
-67.653681,24,41101.000732
69.426642,27,41103.738993
-43.949888,23,41105.811798
-71.320676,17,41107.427004
-89.808293,15,41108.871443
16.555706,21,41110.953863
-66.148029,21,41112.825809
-86.467392,13,41114.136611
-39.196473,23,41116.234143
28.161844,26,41118.690977
-27.170017,19,41120.459222
-93.118949,22,41122.494068
-64.684273,19,41124.293416
-72.240738,17,41125.916334
-22.489855,19,41128.412232
-75.787722,19,41130.201035
-68.591835,18,41131.887373
-72.063587,18,41133.629083
-23.183789,23,41135.639578
-81.728009,16,41137.153981
-79.243897,16,41138.651768
-76.839793,19,41140.398161
-78.69268,14,41141.803994
-87.43756,16,41143.226794
-62.99448,20,41145.025662
-73.513397,22,41147.058931
-79.258817,17,41148.704033
-71.990766,19,41150.625687
-77.591872,16,41152.07829
-78.794548,18,41153.74724
-81.399003,15,41155.175053
-15.982187,25,41157.49082
-80.35905,16,41158.973839
-27.695053,23,41161.061572
-75.840611,17,41162.794178
-37.941639,21,41164.84805
-59.628086,20,41166.650708
-56.94046,26,41168.996652
-81.352663,15,41170.555976
-70.676476,18,41172.583302
-67.480951,24,41174.869099
-85.197553,19,41176.660153
-80.330917,17,41178.213146
-69.510134,19,41179.977859
-67.011688,17,41181.677373
-66.956126,23,41183.800187
-34.522271,19,41185.544249
-77.779187,19,41188.062199
-66.219924,19,41189.811618
-85.922784,19,41191.634902
-72.556806,20,41193.485255
-69.110256,19,41195.224422
-17.227363,29,41197.657851
-80.346855,18,41199.312256
-70.077495,20,41201.115184
26.900078,25,41203.501017
-75.02943,17,41205.042969
-72.506092,19,41206.811509
-84.798109,12,41208.053263
25.406374,22,41210.50459
-77.069487,18,41212.135265
-67.538926,20,41213.998749
-80.51968,17,41215.585852
-65.865921,23,41217.630905
-21.736001,19,41219.472138
-70.17861,21,41221.521543
-49.747333,22,41223.66816
0.892429,32,41226.418168
-85.451702,16,41227.983638
-46.825953,19,41229.841722
-69.036746,16,41231.35968
-73.340783,19,41233.062131
-14.596369,23,41235.218995
-25.022893,21,41237.210783
-72.579345,18,41238.858284
-105.137854,12,41240.823195
-24.861229,18,41242.547686
28.651865,26,41244.994729
-80.080594,18,41247.546818
-76.88297,16,41249.157962
-73.622343,18,41250.926558
-70.750066,20,41252.94191
-23.303529,19,41255.029027
-73.164748,15,41256.464033
-31.205821,17,41258.087465
-79.96,15,41259.51651
-20.362527,22,41261.65004
-75.262936,16,41263.19525
-27.81075,21,41265.197206
-86.244853,16,41266.749875
-33.455247,22,41268.754445
-76.889596,19,41270.58165
-80.903956,17,41272.123893
-70.750703,21,41274.027779
-69.718765,19,41275.725487
35.300445,28,41278.241492
-20.028583,23,41280.417614
-69.332421,16,41282.095502
-83.414337,15,41283.688165
-65.599725,17,41285.388224
-26.580693,19,41287.212854
-91.348069,18,41288.89487
-47.167244,20,41290.835698
-75.194832,18,41292.497636
-83.920417,15,41294.002933
-76.24419,15,41295.701058
-76.311253,17,41297.732896
-83.203387,17,41299.539748
-73.281485,16,41301.223953
-83.955552,14,41302.659155
-75.371638,24,41304.724308
-84.859664,15,41306.138172
-24.910546,17,41308.531017
-75.675199,16,41310.109149
-26.349633,23,41312.604915
-74.7354,19,41314.354152
-81.464061,15,41315.762439
-22.787994,24,41317.960499
-27.602622,25,41320.267196
-26.360238,20,41322.193461
-68.201911,18,41323.890386
-81.655288,17,41325.476065
-83.291676,14,41326.850318
-78.734887,16,41328.323058
-85.034766,18,41329.931177
-65.239351,19,41331.87878
-80.216534,17,41333.41103
-71.939624,19,41335.136931
-66.228017,19,41336.882322
-25.169461,21,41338.837279
-77.975783,16,41340.314999
-33.702994,17,41342.045853
-89.264236,17,41343.718659
-73.140277,14,41345.178513
-89.554271,15,41346.5694
-36.292016,21,41348.455734
-35.640327,19,41350.211246
-86.514541,18,41351.895196
-47.658906,17,41353.497131
-86.006624,19,41355.203435
-78.607806,16,41356.757476
-84.879825,14,41358.145958
-97.377889,16,41359.594817
-44.680942,21,41361.512492
-38.858868,21,41363.507842
-62.964868,23,41365.559877
-78.581864,16,41368.085014
-79.123147,16,41369.64784
-31.262488,19,41371.598332
-80.261643,16,41373.216205
-70.162312,22,41375.184055
-88.341797,14,41376.468575
-25.625389,20,41378.296833
-23.036383,27,41380.570247
-66.265367,20,41382.364601
-72.827507,18,41384.033024
-74.99869,17,41385.617001
-85.839618,16,41387.159889
-83.33522,18,41388.769895
-53.197701,26,41390.982366
-84.919592,18,41392.617806
-86.762352,14,41393.951395
-85.118626,16,41395.468812
-66.074605,20,41397.282419
-78.369696,21,41399.176778
-86.068416,19,41400.947477
-28.611718,21,41403.044196
-78.870222,25,41405.285979
-87.119789,15,41406.6685
-75.034692,17,41408.417814
-78.852331,14,41409.802648
-72.710066,19,41411.599387
-75.53001,18,41413.260197
-78.645462,14,41414.731831
-65.154329,21,41416.614455
-75.44751,17,41418.172657
-33.613661,25,41420.347947
-68.194862,16,41421.974694
-71.04061,18,41423.662745
-75.049925,19,41425.397675
-69.904653,17,41427.797762
-83.976394,23,41429.815925
-70.982475,20,41431.633242
-87.336954,14,41433.122955
-24.947299,24,41435.257609
-68.795852,19,41436.979688
-72.900986,17,41438.528735
-85.856453,23,41440.58647
-30.287242,20,41442.408739
-76.887003,16,41443.948358
24.792363,22,41446.134793
-74.558228,18,41448.031178
-79.844562,18,41449.882621
-74.211256,18,41451.669705
-84.571551,15,41453.175303
-16.717399,26,41455.570509
-76.151878,17,41457.134878
-65.135099,23,41459.268484
-20.159221,24,41461.382628
-75.643321,19,41463.295599
-53.227463,28,41465.6923
-12.488938,29,41468.269669
-76.271637,16,41469.716744
-83.394184,15,41471.106143
-30.467867,20,41473.180219
-20.626654,27,41475.974983
-80.495789,18,41477.765706
15.014276,26,41480.079217
-82.678044,19,41481.803118
-58.938478,22,41483.883301
-81.277228,19,41485.639461
-84.280959,15,41487.935086
-75.910234,17,41489.588248
-83.131924,17,41491.166339
-63.756957,20,41493.027284
-71.051584,19,41494.852
-79.055541,14,41496.193859
-62.557819,25,41498.387569
-83.85788,13,41499.664461
-69.573124,19,41501.348861
-82.880735,17,41502.979563
-83.901231,13,41504.440314
-28.74023,22,41506.42661
-81.093591,17,41507.973965
-82.614271,19,41509.673026
110.996549,29,41512.418551
-84.629759,21,41514.318231
-86.42169,15,41515.784737
-76.340069,17,41517.359852
-59.926905,23,41519.501075
-13.479549,23,41521.668257
-71.806516,17,41523.504876
-30.134722,26,41525.84596
-76.91695,16,41527.371703
-78.366948,18,41529.011414
-76.960828,14,41530.362103
-78.709361,16,41531.892677
-34.391158,22,41534.035447
-52.056161,29,41536.561981
-52.152349,21,41538.543054
-98.218286,14,41539.918208
-78.156603,15,41541.494703
-83.853934,17,41543.05127
-88.623633,18,41544.778499
-76.590414,16,41546.496141
-75.454587,15,41548.591055
-82.09703,13,41549.859507
19.124891,25,41552.089925
-81.228986,15,41553.54292
-76.972836,18,41555.329399
-76.151172,20,41557.152084
-79.038031,19,41558.862993
-75.901828,20,41560.618426
69.943067,29,41563.389194
-82.029808,18,41565.169328
-82.517202,18,41566.938824
-79.856195,16,41568.471341
-19.788123,21,41570.53197
-73.089085,19,41572.294003
-75.506935,22,41574.326081
-32.108347,20,41576.20602
-85.347202,15,41577.684229
-26.778092,23,41579.762666
-70.745553,18,41581.725321
-70.045798,19,41583.605283
-31.829663,20,41585.588204
-70.201681,17,41587.246683
-62.205143,22,41589.202952
-65.261477,20,41591.033561
-77.971144,17,41592.730479
-77.195189,24,41594.801261
-94.445878,18,41596.420294
26.885002,24,41598.829115
-67.820934,18,41600.554872
-81.975424,18,41602.237712
-24.921487,21,41604.250366
-32.463033,20,41606.117608
-78.175712,16,41608.460969
-80.500508,16,41609.936985
-24.370718,21,41611.901427
-62.061214,21,41613.849388
-73.233747,17,41615.483323
-25.898706,20,41617.341152
-25.31338,21,41619.255402
-76.96066,17,41620.830891
-24.405199,22,41622.859336
-22.082363,22,41624.834097
-79.726501,14,41626.220216
-83.740081,12,41627.416762
-79.187048,16,41628.953501
-24.343628,24,41631.092299
-65.101983,20,41632.886944
-72.80767,22,41634.816829
-75.469603,18,41636.608385
-76.307752,18,41638.287905
-29.742231,21,41640.268591
-82.263432,16,41641.804034
-74.150656,17,41643.554699
-75.85594,20,41645.421777
-20.720828,20,41647.440997
-73.619784,19,41649.264061
-85.400481,16,41651.041608
-75.392503,17,41652.575936
-79.159702,18,41654.183948
-85.893203,17,41655.812199
-65.187861,21,41657.809738
-74.491791,20,41659.624187
-82.369908,16,41661.138123
-73.652536,18,41662.822664
-76.073109,16,41664.345608
-89.592423,18,41665.962776
-24.576752,20,41668.707332
-84.119573,21,41670.526628
-80.373058,15,41671.992635
-103.178149,13,41673.325696
-86.604092,14,41674.605567
-107.530235,15,41675.9954
-77.940853,18,41677.720325
-74.507755,21,41679.572771
-74.017365,15,41680.988158
-80.87658,25,41683.344615
-79.113186,18,41685.086068
-43.183085,23,41687.164912
-70.951035,18,41688.835956
-87.087326,23,41690.867257
-94.707875,17,41692.924693
-58.467685,23,41694.936711
-78.811018,17,41696.583396
-78.457196,14,41697.947807
-83.379782,16,41699.57692
-72.988217,19,41701.34924
-79.263322,16,41702.954298
-72.751439,18,41704.679617
-80.1508,14,41706.070407
-62.086242,22,41708.068655
-77.347225,16,41709.567956
-90.320536,15,41711.017881
-63.072401,21,41712.923047
-68.405084,17,41714.536812
-81.797607,18,41716.173439
-37.466057,25,41718.322676
-78.411829,17,41719.934795
-65.814598,21,41721.876005
-31.320929,25,41724.047512
-86.796889,20,41725.912715
-76.947406,19,41728.593539
-86.459635,12,41729.793945
-71.178779,17,41731.466197
-79.188134,16,41733.039763
-26.584018,21,41735.085401
-42.170728,22,41737.051461
-75.252613,18,41738.652767
-72.381961,20,41740.467112
-61.368628,24,41742.606558
-64.791632,22,41744.561226
-0.356884,29,41747.253005
-71.989239,18,41748.979459
-28.354093,20,41751.042506
-19.53674,22,41753.069118
-77.614022,14,41754.439983
-67.591999,20,41756.226642
-72.101364,20,41758.096038
-74.532087,18,41759.748085
-67.136158,19,41761.443773
-76.621007,22,41763.532121
-83.237773,19,41765.542995
-73.569448,20,41767.396099
17.54707,26,41769.76193
-78.139586,17,41771.587561
-68.422086,19,41773.517037
-82.480998,20,41775.541913
-25.684167,21,41777.497135
-74.715898,17,41779.053529
-77.489527,18,41780.73793
-25.979451,23,41782.802926
-83.431879,16,41784.277193
-85.052416,19,41786.440442
-66.028067,21,41789.080652
-18.426911,22,41791.103987
-65.42321,21,41793.128212
-67.184793,20,41794.895022
0.340357,30,41797.669411
-74.512137,17,41799.222156
-76.790852,17,41800.833309
-70.509474,17,41802.445098
-29.837613,19,41804.265819
-84.71842,14,41805.667167
-81.782357,13,41806.927022
-78.361808,20,41808.92982
-76.136901,17,41810.620731
-85.648047,17,41812.187701
-94.315719,18,41813.811511
-77.67679,17,41815.34513
-79.4588,14,41816.728497
9.632978,20,41818.688925
-77.015313,17,41820.276594
-85.331988,21,41822.183684
-28.849746,17,41824.177003
6.810912,20,41826.093338
-72.868793,18,41827.729749
-35.358863,24,41830.243558
-77.200665,25,41832.374313
-107.45458,16,41833.843776
-76.914463,14,41835.19858
-74.860316,18,41836.889391
-75.508238,19,41838.659317
26.316714,27,41841.165653
-80.144096,18,41842.904469
-69.179046,16,41844.474997
-26.538781,23,41847.218783
-79.337534,14,41848.627688
-78.738381,18,41850.237353
17.367457,24,41852.611007
29.3979,25,41854.993789
20.172121,28,41857.511333
-90.862841,17,41859.07013
-26.324115,22,41861.129987
-66.899275,20,41862.983548
-1.951848,22,41865.67791
-82.894516,22,41867.604897
-80.836598,15,41869.046948
-67.502404,22,41871.107617
-20.293253,22,41873.166414
-82.906812,16,41874.645645
-83.060827,15,41876.076054
-87.263667,23,41878.078885
12.614011,21,41880.078445
-72.120662,19,41881.828403
-59.412317,22,41883.971754
-75.75553,19,41885.752446
-82.703575,15,41887.217803
-91.941131,16,41888.709005
25.599429,23,41890.973276
-84.109304,17,41892.57905
-41.161421,23,41894.65172
-28.35433,20,41896.495629
-75.996884,16,41897.971368
31.189931,23,41900.433572
-31.981657,17,41902.151784
11.523518,25,41904.456815
-20.917019,24,41907.275456
-78.897165,16,41908.876716
-74.025181,15,41910.36917
-80.277906,17,41911.958497
-83.196833,17,41913.621051
-28.140334,23,41915.71499
-83.199631,21,41917.634491
-72.620059,19,41919.373136
-66.93861,20,41921.213782
-70.777963,24,41923.316388
-81.35679,16,41924.815766
-74.135235,18,41926.486464
-49.676661,24,41928.589288
-80.89229,19,41930.401614
-77.706398,18,41932.018461
-27.362071,21,41934.031283
50.315999,25,41936.322666
-34.088989,19,41938.155034
61.296361,26,41940.593603
-74.992801,17,41942.220165
-66.245267,23,41944.434425
-82.519734,17,41946.041442
-51.355669,28,41948.404917
11.477103,21,41950.469029
-65.38976,19,41952.239182
-21.215711,20,41954.332385
-89.083073,16,41955.790049
-85.519846,15,41957.202196
-85.906182,14,41958.556208
-22.640161,22,41960.640842
-70.860748,20,41962.448319
26.575289,29,41965.086526
-76.744701,19,41967.675721
-75.675332,17,41969.320829
-69.831242,19,41971.138876
-74.387894,17,41972.810782
-63.023996,25,41975.283742
-77.396413,21,41977.165789
-76.656863,17,41978.701001
-11.761113,29,41981.307677
-67.348216,19,41983.259475
-61.474327,21,41985.378037
-86.910525,17,41987.25109
-71.117431,19,41988.982826
-74.411178,21,41990.889394
-79.604399,18,41992.5852
-86.912816,16,41994.039885
-67.028596,18,41995.723948
-74.228356,17,41997.261828
-80.520541,16,41998.779392
-73.901909,22,42000.790459
-90.781132,15,42002.310456
-24.216549,25,42004.758854
-65.344547,23,42006.828157
24.447095,23,42009.007949
-73.530278,17,42010.83758
59.092476,24,42013.067565
-67.074375,19,42014.834414
-19.482511,29,42017.330871
-29.682654,27,42019.611061
-98.947042,16,42021.050021
-63.449611,17,42022.715568
-82.947211,18,42024.42356
-81.767304,14,42025.77157
-61.058145,27,42028.940433
-74.778329,17,42030.559103
-72.638868,17,42032.138219
-69.118608,19,42033.949693
-83.517622,21,42035.783357
-75.950028,16,42037.310475
-76.283948,18,42038.966903
-81.68685,20,42040.748909
-89.429076,16,42042.232319
-76.872189,26,42044.582726
-77.312086,16,42046.169299
-86.186219,14,42047.643265
-28.702198,22,42049.741389
-25.607574,20,42051.75455
-85.815332,16,42053.277204
-68.206693,16,42054.803765
-70.547253,16,42056.33955
-75.263349,24,42058.532845
-29.250028,17,42060.17523
-71.833338,18,42061.894062
-31.581636,19,42063.850159
9.923458,23,42066.053711
-18.080702,28,42068.567778
-25.456277,26,42070.897555
-37.917894,18,42072.943719
-68.277693,21,42075.029476
-81.749127,16,42076.544534
-77.164647,18,42078.136776
-79.86967,17,42079.68863
-12.065857,25,42081.966773
115.086315,29,42084.640357
-69.71012,20,42087.127703
-36.206136,18,42089.31161
-84.408661,22,42091.271322
-69.188111,21,42093.222711
-29.066275,23,42095.353987
-80.495867,15,42096.77394
-38.987536,19,42098.652948
-74.513898,18,42100.330586
-75.819195,17,42101.88921
-16.037195,24,42104.079433
-68.407486,19,42105.887115
-80.271182,18,42107.574201
-72.268364,16,42109.126994
-89.591568,20,42110.877088
-88.796505,16,42112.44951
-70.974408,18,42114.085135
-84.393363,17,42115.655813
-78.09335,16,42117.167439
92.511702,27,42119.614788
-75.881848,16,42121.092429
-66.574322,20,42123.033173
-77.686564,14,42124.471684
-76.309439,21,42126.473892
-70.860683,19,42128.262964
31.918716,27,42130.657249
-31.660552,22,42132.650501
-74.294271,18,42134.370616
4.877504,19,42136.222195
-87.98408,16,42137.785877
-32.870063,19,42139.552292
-34.533295,18,42141.330579
-85.720339,16,42142.803752
-63.27414,19,42144.559853
-76.130737,15,42145.9814
-78.69416,18,42148.449472
-76.958975,21,42150.258403
-71.382077,19,42152.155881
-72.610634,18,42153.889149
27.80087,30,42156.524492
-75.288771,17,42158.150852
-77.935331,17,42159.743531
-90.224291,16,42161.166081
-51.365674,20,42163.252077
-84.04124,17,42164.777896
-30.54436,21,42166.731842
-90.089676,21,42168.58096
-74.840289,22,42170.574762
-32.449422,18,42172.259637
-87.514815,15,42173.733716
-26.335517,20,42175.632468
-72.455245,17,42177.311145
-72.376308,22,42179.327248
-84.115134,12,42180.56175
-71.161278,18,42182.350611
70.121149,32,42185.319974
-87.243902,12,42186.508942
-77.032614,15,42187.986082
-83.232928,20,42189.810466
-82.753458,16,42191.344218
-24.223099,23,42193.449426
-72.673316,21,42195.305923
-71.403323,19,42197.031529
-71.855228,21,42199.237594
-87.819039,17,42200.801874
-86.773549,15,42202.197478
-22.124709,21,42204.163047
-83.009849,16,42205.685227
-79.422159,22,42208.459294
-76.186462,18,42210.123296
-78.536165,17,42211.789075
-80.211934,15,42213.306838
-80.508905,15,42214.788543
-86.661759,17,42216.322107
-83.056807,16,42217.804619
25.910068,25,42220.208409
-21.446711,19,42222.287723
-84.363213,15,42223.703837
-76.679435,17,42225.275917
-92.533819,15,42226.760097
-71.960695,19,42228.498327
-60.132531,23,42230.517266
-77.127841,17,42232.156247
-71.396286,24,42234.317444
24.917321,27,42236.801298
-66.317127,20,42238.594785
-32.130719,20,42240.453211
-72.471155,22,42242.75116
-80.458437,17,42244.434104
-76.660129,15,42245.876875
-29.927844,24,42248.025561
-80.417417,16,42249.644565
-78.568116,15,42251.092379
-62.298167,24,42253.212547
-71.296493,19,42255.004573
-77.958258,17,42256.620601
-71.69786,17,42258.290488
-77.424181,17,42259.898917
-77.659916,18,42261.606384
1.428337,23,42263.818022
-64.984007,22,42265.765445
-78.946956,17,42268.328594
21.8304,22,42270.40009
-82.108467,17,42272.317316
-21.543452,24,42274.549607
-33.372217,18,42276.270936
-78.767601,19,42277.966339
24.142086,25,42280.373225
-20.501841,25,42282.517364
-87.289656,15,42283.886007
-74.440783,23,42285.853555
-72.130046,18,42287.531341
12.328502,21,42289.486257
-83.020555,17,42291.064416
-83.128451,17,42292.694168
-24.925082,23,42294.849993
-66.822268,22,42296.797534
-79.755383,13,42298.134498
-76.720982,18,42299.797734
-78.502102,17,42301.436072
-69.983758,18,42303.19033
-73.204678,26,42305.455539
-85.51575,17,42307.044433
-75.398281,16,42308.601356
-64.719983,22,42310.575212
-76.268231,20,42312.452922
-82.816793,23,42314.447553
-80.363311,19,42316.346247
-80.299026,18,42318.018742
-75.550032,17,42319.603877
-88.961581,20,42321.354819
-71.879857,19,42323.122625
-72.825216,17,42324.798079
-73.249733,19,42326.834632
-78.785485,17,42328.944299
-77.161285,17,42330.551215
-79.989948,18,42332.34188
-26.562879,23,42334.578046
-75.344017,15,42336.05376
-88.231748,14,42337.435355
-78.645511,16,42338.976384
-77.495015,19,42340.773052
-20.272555,26,42343.027789
-69.818531,20,42344.955634
-78.06882,19,42346.704451
-79.069948,15,42348.272447
-38.597304,23,42350.543693
-70.84775,22,42352.522513
-65.874821,20,42354.282817
-65.373815,20,42356.065273
-36.088531,20,42357.969079
-72.783541,17,42359.656571
-73.640262,17,42361.271649
-92.551378,15,42362.762838
-24.522805,22,42364.89894
-78.959983,16,42366.459412
-76.387209,17,42367.994634
24.433437,23,42370.358242
-78.092597,14,42371.676184
-71.696195,20,42373.574357
-85.62447,16,42375.399803
-33.062672,22,42377.649195
-35.790248,18,42379.402372
-23.499447,23,42381.584846
-71.260302,17,42383.181162
-76.201198,18,42384.836007
-91.074732,14,42386.160956
-75.455157,18,42388.569888
-68.77757,23,42390.646395
-73.974631,18,42392.337939
-60.484054,26,42394.616496
-82.76503,23,42396.705891
-65.324679,21,42398.579452
-78.735943,17,42400.12463
-36.251684,25,42402.356265
-90.452401,17,42403.971694
-71.170479,17,42405.582407
-72.654438,21,42407.419508
17.313985,23,42409.723825
-79.309306,19,42411.512968
-29.324056,20,42413.321434
-76.806304,20,42415.107474
-81.405961,15,42416.543204
27.895605,27,42419.056293
-79.729058,18,42420.722059
-68.07708,19,42422.534808
-69.261345,18,42424.400518
-22.748834,24,42426.555615
-78.585621,18,42428.15417
-100.921445,14,42429.963067
-52.666028,15,42431.515557
-62.145003,21,42433.435079
-97.296857,17,42435.055518
-98.540064,16,42436.666151
-84.168088,15,42438.058883
-88.69772,15,42439.637543
-73.740247,24,42441.663302
-82.004318,15,42443.089715
19.630183,25,42445.383873
-77.91677,19,42448.093467
-31.524747,21,42450.033172
-72.580546,18,42451.716739
-77.756632,21,42453.611461
-63.393484,21,42455.565688
-19.669861,25,42457.828486
-85.566744,19,42459.596243
-88.860234,17,42461.133173
-27.31141,19,42462.983887
-75.084374,17,42464.577289
-83.990181,20,42466.366699
-68.104512,18,42468.001297
-73.849114,16,42469.617103
-35.311673,20,42471.530304
-67.619337,19,42473.323912
-78.452741,16,42474.852881
-52.908104,25,42477.052396
-30.565899,22,42479.020893
-68.496141,19,42480.757865
-71.576053,20,42482.677981
-80.206358,23,42484.936782
-69.246036,18,42486.642236
-80.456879,19,42488.403941
-67.602831,21,42490.304588
-64.421109,21,42492.221699
-74.167651,15,42493.644016
-84.918468,13,42494.896678
-76.132091,17,42496.479793
-74.036186,19,42498.201362
-11.88409,28,42500.871183
-65.878272,17,42502.499969
-77.865667,13,42503.814568
-80.166024,18,42505.564572
-64.452401,21,42508.314147
-82.937442,17,42509.911105
-77.964903,20,42511.768039
-68.519295,20,42513.673307
-40.241374,19,42515.427589
-22.04669,21,42517.344117
80.805199,29,42520.041495
-75.439525,20,42521.92334
-78.09335,16,42523.395117
-68.866843,22,42525.471968
-82.516696,14,42526.877912
90.040674,30,42529.567673
-70.917812,18,42531.285433
-72.594591,20,42533.085705
-71.374086,16,42534.588399
11.658811,22,42536.70232
-83.733834,13,42537.978053
-33.582215,19,42539.804652
-72.062333,18,42541.43505
-40.905265,18,42543.358027
17.367457,24,42545.646183
-18.090099,29,42548.059622
-80.222458,16,42549.537101
-80.595678,21,42551.481561
-76.313784,17,42553.05661
-16.611417,26,42555.320853
-68.357217,20,42557.106866
-94.464729,16,42558.61395
-80.940218,14,42559.9298
-69.429766,18,42561.646118
-20.668631,23,42563.726227
-81.71376,18,42565.575293
-74.198515,18,42568.25951
-61.638048,22,42570.307961
-71.196711,19,42572.058125
-81.904646,14,42573.569275
-70.487104,26,42575.74409
7.966719,24,42577.927685
-81.191415,14,42579.273195
52.4395,25,42581.642668
28.143066,30,42584.281157
-79.478121,16,42585.786329
-75.030554,15,42587.190645
-17.934534,26,42589.515709
-27.171808,22,42591.712402
-72.733429,21,42594.184732
-91.563809,17,42595.730131
-76.810483,20,42597.526945
-92.411652,18,42599.204723
-80.159815,19,42600.949785
-19.836108,21,42603.139096
-87.901912,17,42604.952919
-90.00419,15,42606.365175
-77.642446,20,42608.16583
-72.787759,17,42609.70996
21.489172,25,42611.982358
-68.81801,20,42613.963234
-72.340738,18,42615.701092
-29.72814,19,42617.495137
-26.257768,19,42619.404374
-27.594238,19,42621.206295
-88.881009,19,42622.911519
-21.126068,25,42625.238656
-44.516698,18,42627.640861
-68.868119,18,42629.285827
-18.685315,26,42631.598903
-80.865638,21,42633.556436
-81.392816,18,42635.307616
-51.866543,25,42637.481262
-59.430081,24,42639.574169
-81.988941,13,42640.868449
-83.758504,15,42642.29977
23.022365,25,42644.662388
-78.884645,18,42646.396153
-87.4111,17,42648.077902
-81.910268,16,42649.785876
-73.36821,24,42651.904904
-67.922236,19,42653.688762
-69.696007,19,42655.373416
-68.520405,20,42657.359279
-75.810214,17,42659.024085
-71.895892,18,42660.632666
24.112388,24,42662.986028
-80.455092,19,42664.960231
-69.481298,21,42667.065652
-77.771432,19,42668.846201
-87.88708,18,42670.5939
59.477031,29,42673.305581
-58.498874,23,42675.432433
-29.02642,20,42677.746711
-73.318242,16,42679.439326
-26.58819,25,42681.763473
-75.66305,17,42683.319514
-51.691964,18,42685.035961
-73.476265,18,42687.626391
-31.00867,20,42689.519615
-70.765051,17,42691.118391
-60.732201,21,42693.064154
-25.896459,20,42694.97719
-71.631583,22,42697.106089
-26.178886,22,42699.124079
-72.428987,18,42700.706399
-84.11246,14,42702.0327
-30.777564,27,42704.432619
-72.258594,18,42706.189286
-85.878529,22,42708.116333
-83.385822,15,42709.535731
-31.229,23,42711.722927
-23.132001,22,42713.697999
-74.509035,18,42715.36961
-66.373432,21,42717.233792
-78.02613,16,42718.816005
-65.965883,20,42720.704398
-85.676535,23,42722.796534
-39.290498,21,42724.946325
-72.488263,23,42727.140242
-69.279382,22,42729.065306
-66.017137,20,42730.868493
-60.280936,23,42732.891726
-26.408464,22,42734.926661
-68.236785,18,42736.564843
-77.427719,15,42737.987012
-34.271386,16,42739.53476
-67.229252,20,42741.438218
-73.895124,17,42742.971558
-94.573385,18,42744.612031
66.688051,32,42748.554892
-74.522827,19,42750.321988
-75.144349,20,42752.143361
-83.043101,14,42753.532405
-70.408207,19,42755.259801
-21.714306,26,42757.600101
-89.258482,16,42759.089616
-88.641069,18,42760.718069
-83.10681,17,42762.267624
31.009254,26,42764.683426
-68.863276,19,42766.520831
-68.378807,19,42768.258811
-83.826041,14,42769.581054
-82.798128,15,42771.010534
-28.080538,19,42772.800367
-77.924973,19,42774.590829
68.753068,23,42776.870821
-70.520338,19,42778.642319
-33.937425,21,42780.522591
-73.100312,18,42782.27065
-67.818622,21,42784.519269
-71.586073,18,42786.1953
-69.621452,18,42787.97968
-90.192399,16,42789.47372
-39.230164,20,42791.402542
-69.477528,19,42793.191013
-31.12877,18,42794.911612
-71.338871,19,42796.64547
-85.858629,17,42798.183601
-82.274905,18,42799.8704
-28.995596,22,42801.975619
-35.834414,21,42804.182855
-76.246093,16,42805.784672
-20.929294,26,42809.023565
-74.757578,18,42810.668737
-81.916418,18,42812.397446
-78.357242,21,42814.346897
-75.273683,15,42815.818384
-85.678039,12,42817.065074
-72.64277,17,42818.633993
-82.142178,15,42820.067032
-26.215031,23,42822.196782
-27.655012,24,42824.568153
-79.499975,16,42826.071906
-79.261782,16,42827.57919
-70.842186,18,42829.277467
-73.128379,19,42830.981229
-79.51352,19,42832.688089
-59.456415,23,42834.750726
-34.785787,17,42836.410408
-84.166343,15,42837.799433
-78.559316,23,42839.892821
-27.080199,20,42841.728144
-79.95248,17,42843.487647
-73.62079,23,42845.624367
-78.720647,16,42847.164304
-43.824123,21,42849.170991
-74.179516,16,42850.740411
-28.608152,21,42852.66918
-15.257477,24,42854.820947
-14.632512,26,42857.10471
-83.425828,19,42858.829942
-66.900967,19,42860.572095
-70.762849,19,42862.268383
17.34608,25,42864.502728
-88.316851,16,42866.048481
-65.915535,21,42868.805426
-72.504016,18,42870.484728
-84.083097,13,42871.844373
-79.6067,17,42873.502633
-74.774901,18,42875.169834
-80.212847,17,42876.759401
-68.967587,18,42878.429375
-32.470026,25,42880.683853
25.801059,25,42883.003822
-87.017416,16,42885.210531
-74.732891,21,42887.073838
-71.884476,21,42888.987375
-61.992351,20,42890.819934
-73.003749,16,42892.447457
-72.19085,23,42894.447913
-82.833881,12,42895.744119
-85.264447,18,42897.384744
-83.316033,18,42899.080008
-86.701754,17,42901.187076
-85.245843,18,42902.988878
-27.791602,20,42904.928781
-79.036102,16,42906.409434
-77.489428,16,42907.935943
33.022267,29,42910.576125
-27.182668,22,42912.606015
-76.423567,15,42914.150506
90.913869,28,42916.613916
-86.549981,15,42918.115746
-91.091107,22,42919.969038
-28.810138,22,42922.022084
-78.408957,14,42923.353297
-33.030617,22,42925.361654
-73.855331,17,42927.734659
-83.374195,13,42929.117127
-74.923724,15,42930.564234
-79.508354,19,42932.522582
-83.043101,14,42933.86367
-66.266394,19,42935.547366
-69.572993,18,42937.222051
-59.463375,22,42939.273953
21.678503,20,42941.241136
20.3606,22,42943.338248
-69.540346,20,42945.202857
-78.52872,17,42946.810791
-1.780009,27,42949.437456
-68.996629,19,42951.35722
-72.700549,20,42953.334088
-77.363369,18,42955.0604
-79.734286,20,42956.815742
-37.711272,19,42958.643552
-78.886142,15,42960.048672
-6.669503,29,42962.673272
-25.595743,20,42964.705048
-69.593928,20,42966.486498
-24.51031,23,42968.605385
-65.935026,20,42970.502888
223.414585,42,42974.494409
-41.165957,22,42976.43195
39.908103,27,42979.326301
-76.174575,17,42981.202879
-24.80531,20,42983.208432
-74.126009,18,42984.912039
-69.022516,20,42987.341717
16.859636,27,42989.856119
-91.000445,15,42991.353999
-82.001355,14,42992.763446
-96.439802,15,42994.185584
-70.106132,19,42996.004982
-76.648902,18,42997.678371
-69.000182,19,42999.460095
-71.528219,22,43001.377947
-44.729597,22,43003.409691
-73.842915,25,43005.54464
-72.479452,21,43007.532343
-72.52603,23,43009.781929
-76.952153,16,43011.363589
-83.050608,20,43013.226121
-69.803457,23,43015.230091
-75.285206,15,43016.644637
8.684641,25,43018.945777
-67.05668,24,43021.010377
-61.070669,20,43023.026431
-10.355219,23,43025.24401
0.480588,22,43027.80504
-75.561349,19,43029.522111
-30.328288,19,43031.306366
-66.347087,22,43033.235085
-66.551299,21,43035.155453
29.185779,21,43037.089652
-83.14703,16,43038.575416
-97.519905,17,43040.16095
-72.048833,15,43041.713146
-47.331621,23,43043.74337
-72.919374,17,43045.253817
-75.708265,19,43048.016046
-59.267759,24,43050.178886
-60.604981,22,43052.171816
-29.3668,21,43054.264543
-15.595684,24,43056.375788
-69.643574,17,43058.024495
-29.375682,22,43060.020597
-73.672045,16,43061.477233
-75.332531,19,43063.285931
-75.956515,17,43064.969033
-83.984179,20,43067.185544
-93.718612,17,43068.736056
-75.034012,19,43070.493375
-82.268416,13,43071.921351
-79.996054,18,43073.581033
-70.666773,23,43075.540164
-69.277792,21,43077.402827
96.150155,36,43080.717834
-89.610259,15,43082.219906
-62.586158,22,43084.546076
-76.335383,17,43086.303953
-79.280727,21,43088.316485
-58.106637,23,43090.536944
-77.603598,18,43092.207511
-96.418924,14,43093.550125
24.722854,28,43096.480571
-76.89059,17,43098.144981
-22.50453,23,43100.262395
-81.647581,18,43101.939211
-80.325742,17,43103.636909
-74.080337,17,43105.22523
-83.392263,18,43107.716123
-70.762815,20,43109.600457
-83.552189,15,43111.083854
20.741659,26,43113.562895
-54.73049,25,43115.759164
-91.382128,21,43117.545856
-85.045764,17,43119.16308
-64.621894,20,43121.086189
-73.813044,17,43122.699862
-74.070675,18,43124.354154
-81.18843,17,43125.967254
-62.998248,23,43128.049417
-65.786457,17,43129.740093
-71.151272,18,43131.510252
-16.723783,24,43133.743785
-101.496993,15,43135.15181
-73.463752,20,43136.91226
-89.404207,19,43138.567342
-79.185394,16,43140.147876
-61.173989,25,43142.346597
-76.670687,16,43144.025778
15.570232,22,43146.161695
-67.282735,18,43147.913849
-64.747372,23,43149.979555
-76.708978,17,43151.559059
-52.255341,25,43153.788019
-22.784876,26,43156.23565
-72.773574,18,43157.943886
-67.071044,20,43159.744457
-64.577097,20,43161.53896
-80.45077,17,43163.126055
-80.267092,13,43164.41726
-8.260698,23,43167.045343
-23.590509,22,43169.458229
123.958071,33,43172.654502
-71.029519,21,43174.562692
-76.22181,17,43176.158204
-28.004776,20,43178.032393
30.170917,25,43180.35582
-65.627494,20,43182.249058
-72.911718,19,43184.036374
-78.34682,17,43185.643987
-8.226231,28,43188.229544
-70.059927,22,43190.366531
-76.709747,18,43191.999481
-75.296505,17,43193.579903
-73.902529,18,43195.258131
38.581317,31,43198.024277
-69.245036,20,43199.901987
-70.915441,16,43201.496847
-72.98478,24,43203.878075
-83.671848,21,43205.938032
-85.270255,16,43207.443532
-63.169508,23,43209.531849
-91.111413,20,43211.414702
-58.203493,26,43213.656367
-67.036751,19,43215.521354
-65.575873,18,43217.323032
-80.360127,18,43219.073969
-70.069287,18,43220.717223
-9.40637,29,43223.291859
-67.327859,19,43225.024574
-65.205783,26,43227.979405
-85.056757,23,43229.945508
-74.230551,18,43231.601174
-73.981706,14,43233.056853
-6.802855,31,43235.885904
-79.202663,17,43237.45934
-69.218794,20,43239.334157
20.739611,25,43241.628939
-59.232833,24,43243.868641
-70.550655,19,43245.710215
-87.492372,16,43247.389114
-85.65306,18,43249.035777
-76.532635,16,43250.773765
-46.086589,16,43252.344603
-35.973167,21,43254.301122
-91.873144,18,43255.90639
-60.006415,20,43257.75445
30.136925,28,43260.327661
33.991921,30,43263.079517
-71.915712,22,43265.212754
-72.806717,21,43267.265396
-59.332877,26,43269.442086
-80.741243,16,43270.977185
-65.542732,19,43272.815778
-67.879706,20,43274.675776
-76.53745,17,43276.307545
-18.672778,31,43278.921945
-76.865714,19,43280.800634
-68.496555,19,43282.944556
130.862959,26,43285.684138
-22.247019,26,43288.877446
-77.8457,17,43290.48368
-75.762194,20,43292.365653
-65.957675,23,43294.489093
-76.76285,14,43295.87172
-32.523439,20,43297.724108
-102.937354,13,43299.057638
-79.952139,16,43300.515072
-20.299258,27,43302.934202
-67.373013,20,43304.757342
-74.735271,15,43306.303869
-61.32376,26,43308.535728
-74.802433,15,43310.023782
-81.755695,20,43311.832271
10.080169,23,43313.94837
-74.395645,20,43315.731382
-78.669447,24,43317.788941
-79.139706,19,43319.62286
-95.45333,19,43321.357166
-20.504409,19,43323.417889
-84.457584,15,43324.945285
-24.098249,22,43326.957843
-89.079915,22,43330.268635
-77.025307,17,43331.840027
-67.182738,21,43333.759726
-31.318148,22,43335.746765
-75.900914,21,43337.684769
-70.670568,16,43339.186833
-30.314297,22,43341.182566
-66.41468,26,43343.365184
-57.109154,24,43345.570576
-66.370825,25,43348.664388
-33.478958,21,43350.623148
-77.814633,17,43352.188692
-83.401981,18,43353.962899
-61.364866,25,43356.176832
-15.396672,29,43358.660557
44.662384,35,43361.685122
-30.666288,24,43363.831782
38.182751,26,43366.271618
27.727425,28,43368.746746
-71.528375,22,43370.691908
-81.004411,15,43372.120075
-25.493436,20,43374.05433
-24.674298,21,43376.034989
-55.997995,24,43378.134789
-74.527396,17,43379.826493
72.733255,26,43382.349752
-66.544056,23,43384.559613
-68.836149,20,43386.336008
-89.875228,17,43387.966465
-54.565394,26,43390.198708
8.483143,24,43392.35906
-34.663813,21,43394.317699
-77.157097,16,43395.932525
35.426698,25,43398.128835
-76.349931,16,43399.630867
-74.320231,17,43401.442226
-79.479391,21,43403.6877
-67.664454,24,43405.81973
-26.65689,21,43408.551075
-89.410484,19,43410.263907
-63.433354,22,43412.278291
-79.123044,16,43413.868094
-88.345723,16,43415.378991
-69.032988,22,43417.289059
-62.925748,20,43419.185935
-50.929538,25,43421.386201
-90.055919,26,43423.603817
-52.528908,27,43425.974482
67.003847,31,43428.768538
-72.863748,19,43430.464248
-21.094327,23,43432.506972
-95.975681,22,43434.427706
22.402551,24,43436.698695
-53.085165,27,43439.055929
-74.642681,17,43440.685918
-60.10557,24,43442.853491
-77.836631,18,43444.696045
-79.103402,17,43446.287005
-58.788454,21,43448.138234
-62.360968,26,43450.362306
81.049544,29,43452.997752
-60.542016,24,43455.111011
-86.078491,20,43456.900254
-69.852851,17,43458.449662
-63.138171,21,43460.397499
-66.530592,20,43462.255923
-71.436742,20,43464.054315
-76.452077,21,43465.91216
111.587428,29,43469.365499
-91.32499,16,43470.918168
-85.441723,20,43472.833662
-27.96981,22,43474.855425
-34.84419,17,43476.522897
-62.129231,23,43478.568799
-29.4703,18,43480.370218
-67.040717,18,43482.054924
-71.526489,18,43483.729137
-77.839827,17,43485.307436
-69.544232,23,43487.442935
-55.479484,26,43489.690906
-79.066352,14,43491.075819
-70.277778,19,43492.818554
-83.060702,15,43494.231455
-71.189201,21,43496.100796
-77.833473,15,43497.574858
-16.809915,20,43499.456536
-32.854591,21,43501.398015
-22.670081,24,43503.636428
-20.573882,25,43505.982572
23.601659,30,43508.652818
-21.632179,22,43510.677976
-83.282963,13,43511.926564
-69.645842,19,43513.764792
-87.689504,15,43515.177223
-75.530752,13,43516.549139
-71.661616,20,43518.345729
-76.202485,18,43520.106231
-28.03398,19,43521.912249
5.173249,27,43524.460026
-73.897032,21,43526.569697
-84.977828,18,43528.928293
-73.936454,20,43530.78867
-48.611907,27,43533.276501
-77.880289,19,43534.959018
-109.277018,11,43537.386741
-67.850171,24,43539.420735
-26.748036,22,43541.46935
-62.831088,21,43543.380334
-78.259835,16,43545.03757
-94.551115,16,43546.622104
-82.032374,14,43548.104986
37.107783,31,43551.213081
-35.651383,19,43553.085071
-69.255429,18,43555.005513
-73.770659,19,43556.989283
-48.294787,26,43559.326203
-28.250628,23,43561.439026
-91.94186,16,43563.048589
-64.651655,20,43565.00102
-52.71348,24,43567.227263
-65.110401,17,43569.079415
-58.147118,25,43571.418758
15.953773,27,43573.787254
-93.36724,17,43575.366122
-80.733811,15,43576.892164
-66.581611,17,43578.512591
-65.571289,25,43580.692716
-28.519612,26,43583.264603
-22.609811,20,43585.604079
73.997603,31,43589.376028
-77.336825,18,43591.061969
-75.794218,18,43592.775616
-78.678823,23,43594.922719
-79.933036,16,43596.416905
-72.25116,19,43598.101999
-75.916078,18,43599.743991
-74.458125,18,43601.486669
-82.256374,18,43603.116331
-30.61805,21,43605.113446
-70.15009,20,43606.995331
-19.852454,24,43609.350035
-56.723815,26,43611.552174
-63.118018,20,43613.41247
-69.532742,19,43615.104527
-60.114587,22,43617.254928
19.855059,24,43619.470359
69.151085,26,43621.974569
-66.479909,22,43624.067835
38.414381,28,43626.736361
-69.62338,17,43628.295557
-78.320114,18,43629.950907
-26.867476,20,43631.814349
-24.625916,20,43633.695634
4.6024,21,43635.705519
-28.540253,20,43637.568943
-13.560438,25,43639.836056
-69.676016,16,43641.478909
-83.455487,20,43643.22293
-72.723377,20,43645.092792
-65.677341,18,43647.47869
10.305669,21,43650.069251
-64.316457,19,43652.02534
-97.316752,18,43653.875371
19.52698,21,43656.09223
-82.359188,18,43657.945358
-14.33597,28,43660.376409
-75.226163,22,43662.327631
-74.285089,19,43664.035194
-87.66296,17,43665.641812
-74.461278,16,43667.236757
-78.953406,22,43669.158185
-55.924689,24,43671.264575
-26.167642,21,43673.229535
-78.168668,19,43674.9475
-90.950654,17,43676.594607
-78.572656,18,43678.225298
-31.867172,22,43680.23781
-53.670902,26,43682.571772
-65.673588,19,43684.453823
-65.762512,21,43686.323919
-13.319456,25,43688.644535
47.279848,25,43690.904115
-67.326593,21,43692.787719
-39.367964,28,43695.302887
-75.233281,25,43697.491041
-82.667613,14,43698.872967
-69.706369,18,43700.598021
122.471027,31,43703.322411
17.442944,23,43705.515184
-68.478825,18,43708.035769
-65.359935,22,43710.011845
-23.376247,22,43712.049829
-8.944283,27,43714.563526
-16.908649,21,43716.504819
-70.931842,21,43718.508056
-76.271325,17,43720.09459
31.443475,25,43722.387612
-71.384035,17,43724.02395
-21.714309,24,43726.198798
-1.541036,24,43728.406031
-11.048581,26,43730.754351
-30.399579,20,43732.576454
-10.447925,29,43735.152987
-77.34316,19,43736.835424
-89.550568,16,43738.479107
-60.415971,22,43740.435024
-91.642937,22,43742.487842
24.216059,24,43744.941631
65.268152,28,43747.653241
-83.702707,14,43749.005824
-73.41318,18,43750.657052
-24.60363,20,43752.521531
22.351875,23,43754.811175
-76.726529,24,43756.970186
-24.196683,25,43759.15994
-20.647673,23,43761.197824
-71.101597,16,43762.824545
-70.648331,21,43764.959526
-66.960865,20,43767.43819
-74.257106,16,43769.041395
-73.742519,18,43770.686277
-67.359634,20,43772.590721
-67.993295,21,43774.8812
-74.547649,19,43776.59163
-37.934266,29,43779.133827
-70.497119,16,43780.650218
-67.02112,24,43782.847048
-76.142257,18,43784.584431
-96.805441,18,43786.248394
-87.494783,16,43787.7873
-73.832268,19,43789.48996
-76.606333,18,43791.124508
-75.206381,19,43792.889696
-27.083546,22,43794.871904
21.118825,26,43797.135916
-85.18433,16,43798.633001
-64.724547,22,43800.645226
-65.623746,19,43802.375303
-22.585134,22,43804.605118
-68.318029,24,43806.694707
-63.820872,23,43808.763214
-75.006942,15,43810.207768
-82.413947,17,43811.811153
-34.486716,19,43813.546668
-73.892279,19,43815.347118
-73.182819,20,43817.137224
-75.382605,17,43818.800311
-66.786498,21,43821.184419
4.566133,32,43824.022589
-20.449622,21,43825.991689
-67.026041,17,43828.478364
-89.679092,16,43829.980858
-23.775343,25,43832.258357
38.484852,30,43835.08299
-77.270521,18,43836.72639
-34.427691,19,43838.502459
-70.013844,19,43840.259136
81.182278,31,43843.06512
-76.34266,18,43844.781043
-57.150583,25,43846.940744
-82.794222,19,43848.816815
-73.900235,17,43850.583759
-64.227079,22,43852.534802
-63.206153,18,43854.320101
-27.645681,20,43856.280307
-75.240362,17,43857.839304
15.670202,31,43860.575876
-78.739944,19,43862.320686
-60.920009,21,43864.434551
-33.402902,22,43866.704489
-60.475907,18,43868.394054
-78.503983,21,43870.230182
-17.601857,21,43872.269324
-75.47246,23,43874.257753
-75.789406,15,43875.740303
-85.722231,16,43877.283044
-74.473655,16,43878.875863
-69.291716,19,43880.577255
-20.60466,22,43882.667904
-71.823875,20,43884.455356
-87.133948,14,43886.16032
-70.944942,22,43889.063456
-60.971806,21,43891.074432
-36.877827,18,43892.822175
-71.529918,18,43894.67224
-28.088883,28,43897.406319
-83.559985,13,43898.635649
-81.282913,18,43900.271355
-104.005349,18,43902.486084
34.427011,30,43905.151362
-52.670924,26,43907.410912
20.151233,25,43909.683257
44.907678,33,43912.610134
-87.259526,14,43913.929173
-33.443981,22,43915.905251
-56.50125,26,43918.175732
-20.895145,26,43920.576336
-71.062218,24,43922.703772
-75.317166,17,43924.448063
21.031749,25,43926.784776
-19.268467,24,43928.950971
148.067631,30,43931.775494
57.497658,27,43934.304623
-65.771689,20,43936.143184
-74.563597,19,43938.356599
-12.449319,25,43940.651409
20.615323,24,43942.856402
-93.612901,19,43944.513614
-81.012024,16,43946.050069
-68.147477,21,43948.60743
-75.659779,17,43950.175328
-64.592133,26,43952.431104
176.230746,39,43955.928886
-101.498706,19,43957.68297
-69.070958,18,43959.345952
-49.822138,28,43961.675481
-88.208691,18,43963.325359
-81.4012,17,43964.937899
-25.498368,20,43966.834146
-68.125383,19,43968.535672
-71.105369,18,43970.222275
-73.704106,16,43971.705972
-36.728875,25,43973.780835
-91.205184,16,43975.332343
62.179073,28,43977.933379
-68.633063,22,43979.898363
-63.746395,21,43981.8231
-66.782518,20,43983.754859
30.763329,26,43986.34106
-77.063058,20,43988.11116
-76.382196,17,43989.631385
-84.667031,16,43991.176074
-116.161301,11,43993.530685
-82.571766,22,43995.654602
-72.867069,20,43997.457601
-72.589278,22,43999.393761
-75.85729,20,44001.177016
-64.293655,23,44003.209272
-79.233707,20,44005.088781
37.013545,27,44008.63051
-70.965108,18,44010.351602
-46.544831,21,44012.366743
-77.99513,16,44013.926236
-77.759523,22,44015.929945
-81.043516,18,44017.61431
-74.456356,18,44019.364752
-59.327993,20,44021.201107
18.61786,22,44023.276744
-25.91357,22,44025.302061
-79.000219,17,44026.890343
-78.709142,18,44028.513618
-69.693396,20,44030.36348
-68.17218,17,44032.073463
-23.804851,26,44034.461639
-60.572191,21,44036.36022
-65.490232,22,44038.394597
-90.842995,15,44039.815012
-31.592107,19,44041.663973
-69.450769,17,44043.383363
-61.025348,24,44045.64474
-68.618698,21,44047.589398
-103.557426,18,44049.238765
-27.41421,27,44051.567633
-74.711558,17,44053.113849
23.565937,32,44055.905428
-15.531382,26,44058.214393
-75.408782,23,44060.233859
-27.200542,23,44062.396872
-13.906349,25,44064.835069
-60.397189,22,44067.805356
-106.747363,20,44069.641583
-79.751574,14,44070.9929
-71.420567,21,44072.952704
3.354835,26,44075.265845
-33.044291,22,44077.271216
-24.00979,22,44079.711287
-68.995147,17,44081.326161
-82.093186,16,44082.842552
-28.794436,18,44084.573739
95.674797,27,44087.124456
-85.15199,18,44088.829637
-64.96104,21,44090.710384
-74.709953,19,44092.544754
-26.969085,23,44094.903567
-72.407753,21,44096.864708
-78.06303,14,44098.280225
-60.442099,23,44100.302745
-68.145357,20,44102.134454
-32.056183,22,44104.418881
-17.703896,24,44106.685795
-76.036989,14,44108.139852
-64.378742,22,44110.099681
-18.003029,25,44112.35962
-77.797811,13,44113.643849
-75.921994,20,44115.49228
-63.670194,23,44117.499805
-28.437861,23,44119.673209
-86.139982,18,44121.637018
-101.304055,13,44122.942701
-87.417098,19,44124.595903
-11.822614,27,44127.656238
-75.454297,17,44129.266598
-107.456714,13,44130.501518
-78.115601,20,44132.322958
77.325633,29,44135.116578
-29.537922,20,44137.004503
-17.798912,24,44139.24115
-83.780778,20,44141.205387
-31.026375,20,44143.081867
71.726292,30,44145.736224
-51.596259,22,44147.970717
-73.901333,18,44149.780091
-26.278017,21,44151.735394
-71.550101,19,44153.495411
-78.677754,17,44155.119997
10.770293,22,44157.208526
-78.809968,12,44158.444345
23.063021,31,44161.142177
-72.164475,19,44162.956038
-79.657151,17,44164.665496
66.603463,28,44167.313772
-71.934527,18,44168.976948
-75.773777,16,44170.469067
-98.657946,19,44172.182017
-67.543049,17,44173.807168
-81.514449,15,44175.216017
-75.985427,21,44177.338076
-79.633831,17,44178.908177
-21.765056,22,44180.99321
-71.584593,16,44182.481985
-83.527951,18,44184.117491
-63.081817,20,44185.970899
-23.519673,21,44189.306059
-64.267872,22,44191.490479
-41.38968,26,44194.032314
-78.799382,17,44195.63374
-65.431554,20,44197.455723
-67.386421,21,44199.366567
-66.94815,18,44201.054928
-77.578753,18,44202.68788
-73.364262,19,44204.458373
-80.874702,19,44206.251184
-71.772653,25,44208.423225
-76.559121,19,44210.342251
-77.070136,19,44212.08408
-78.400265,19,44213.780675
-17.746272,27,44216.15737
-24.542064,27,44218.667327
-79.306943,17,44220.292336
195.491033,40,44223.839949
-67.375258,20,44225.76868
48.125077,35,44228.783916
-68.24169,20,44230.72838
-73.728101,23,44232.795874
-77.524421,18,44234.453671
-71.128732,20,44236.246089
-27.762485,19,44238.085384
-25.85509,21,44240.013453
-10.015,27,44242.313509
4.614347,23,44244.374619
29.802392,26,44247.43891
-80.221012,17,44249.049188
-92.484308,18,44250.720201
30.304197,30,44253.56048
87.702418,35,44256.786075
-65.381553,17,44258.428147
-77.856495,14,44259.804977
182.253266,40,44263.274414
-114.242462,14,44264.97195
-71.679515,16,44266.532151
-30.416224,25,44268.736476
-23.272469,21,44270.789757
-71.630001,17,44272.517545
-82.073942,24,44274.728117
-70.557108,19,44276.528414
-59.579076,21,44278.375624
-25.154532,24,44280.694061
-61.571139,24,44282.838407
-92.374947,20,44284.727312
-36.831563,18,44286.427901
-84.58494,18,44288.119308
-70.377321,17,44289.688433
36.229944,29,44292.339622
-18.777177,26,44294.622579
81.808498,32,44297.532621
-54.8882,26,44299.747186
-84.864424,21,44301.643706
32.589329,31,44304.287388
-59.730897,24,44307.50032
-73.444607,18,44309.31301
-69.4225,20,44311.286697
-64.830575,22,44313.277881
-53.659867,27,44315.695547
-76.153819,16,44317.21654
-64.823715,22,44319.20055
-65.032506,21,44321.109989
-19.317346,30,44323.768193
-67.324645,19,44325.475151
-86.826685,17,44327.169839
-77.75941,18,44328.809739
-78.845467,18,44330.52077
-15.593009,28,44333.032371
-79.295485,16,44334.517507
-70.595523,24,44336.655622
-73.638403,17,44338.255201
-13.989515,28,44340.741861
-68.241439,23,44342.857398
-50.552777,26,44345.297329
-76.033727,25,44347.582859
13.923458,27,44350.345632
-49.065659,29,44352.950683
-80.388007,25,44355.368584
-66.260725,19,44357.138064
-77.228661,23,44359.097974
-71.382086,21,44361.065928
-11.236328,26,44363.376223
15.824641,23,44365.757585
-79.167158,21,44368.314763
-81.135644,20,44370.097606
14.234075,27,44372.72122
-15.220388,23,44374.922092
-104.120598,19,44376.654416
-80.754707,25,44378.789632
-31.06531,21,44380.702723
-67.294383,22,44382.711982
-76.885439,20,44384.554958
-68.64077,16,44386.155713
-27.180374,28,44388.531146
-75.706635,16,44390.110987
92.062771,36,44393.217113
124.617249,37,44396.332857
-85.445028,18,44398.038587
-76.05732,16,44399.609313
-17.31664,24,44401.996338
127.875601,31,44405.141596
93.83773,37,44408.249736
-66.415091,21,44410.193214
-69.688608,15,44411.675611
-85.736084,18,44413.356745
-28.82772,21,44415.339365
-75.334054,15,44416.812271
-17.239651,25,44419.116469
-70.672552,16,44420.6132
-31.978664,21,44422.555674
-80.649305,20,44424.341357
-13.82702,27,44427.289813
67.626917,29,44430.145728
-79.514346,18,44431.909039
-81.288888,17,44433.576613
-9.762004,28,44436.06445
-29.714179,19,44437.836638
-29.607178,21,44439.74953
-74.562147,17,44441.402785
-64.663963,22,44443.368722
-33.807042,17,44445.034904
-79.01709,20,44446.918427
-64.956888,23,44449.146563
-18.534496,20,44451.220261
-105.197957,12,44452.43023
-34.792588,23,44454.528382
-74.49363,18,44456.270132
22.634942,24,44458.512653
-77.443514,19,44460.26905
-94.673486,24,44462.283854
-70.964556,16,44464.021237
-14.485711,22,44466.148798
-61.065772,19,44467.904798
-72.256798,17,44469.649535
-73.322853,17,44471.36361
-67.633533,18,44473.044128
-50.617512,29,44475.519637
-22.474608,22,44477.512561
-21.863291,23,44479.595863
-16.370295,23,44481.790465
-85.125177,15,44483.297811
-67.743051,19,44485.040681
-54.659873,27,44488.114712
-79.815152,17,44489.748314
-81.72502,16,44491.648667
-73.522222,16,44493.470086
-74.929519,22,44495.5919
-77.18622,16,44497.13522
-17.907861,26,44499.426355
24.117775,31,44502.149294
-22.91817,24,44504.451756
-68.407545,20,44506.216146
-75.891941,23,44508.217432
-1.989416,31,44510.842558
-81.01444,15,44512.279916
10.002455,24,44514.596404
-75.690493,17,44516.172944
-70.314492,20,44517.99537
-77.346759,18,44519.686243
15.613297,23,44521.808642
-85.480123,23,44524.048391
-71.902285,18,44525.745273
-78.642876,14,44527.167414
-71.935231,16,44528.750206
-79.263191,17,44530.297767
-78.205177,15,44531.739656
-21.955626,24,44533.949699
26.56894,24,44536.149469
-67.30096,21,44538.034385
-73.23396,19,44539.744528
-21.070916,22,44541.776682
-15.119953,23,44543.934023
-15.897693,24,44546.080606
28.04823,25,44549.307593
-70.241719,21,44551.234133
-34.935141,25,44553.67963
-76.030291,20,44555.483528
-74.983481,17,44557.029697
-80.473922,17,44558.637059
-68.80542,21,44560.491237
-29.042646,22,44562.453975
-67.981233,21,44564.389933
-74.692633,17,44566.144025
-68.611624,19,44567.884617
-75.70941,18,44569.532081
-86.777209,19,44571.247535
-68.82364,22,44573.183044
-12.938358,24,44575.466735
-75.650903,17,44577.062319
-67.822206,20,44578.923162
-19.373918,21,44580.97772
-82.99963,18,44582.614218
-74.398688,15,44584.232952
-60.508953,22,44586.310966
3.158214,23,44588.481937
-84.775953,15,44589.902406
-86.116348,18,44591.49533
42.127125,31,44594.272185
12.718733,27,44596.708192
-74.25277,22,44598.666026
-79.241733,14,44600.039556
-76.499988,17,44601.575237
-85.106461,18,44603.318438
-73.148457,17,44605.011778
-28.027372,20,44607.796562
-74.227011,20,44609.647666
25.876869,28,44612.29517
-73.678024,21,44614.22297
-81.933502,16,44616.114486
-76.476699,19,44618.356266
-99.90577,18,44620.135715
-49.955673,20,44622.01451
-75.715352,21,44623.881495
33.06126,31,44626.636246
-26.953814,22,44628.657186
-82.33648,16,44630.207951
-17.573426,22,44632.249237
-28.107954,24,44634.367012
37.709328,32,44637.217618
-23.950165,23,44639.31155
-85.65983,17,44640.923844
-76.91788,17,44642.60539
-10.700767,23,44645.016765
-74.193959,21,44646.898422
-91.442287,26,44649.307228
-73.839467,16,44650.814883
-84.46081,18,44652.472718
-69.468065,19,44654.236563
91.226702,36,44657.431947
-72.018579,24,44659.494611
-69.828141,17,44661.192513
-60.388056,23,44663.149174
-82.029302,15,44664.53771
-66.103226,20,44666.444818
-34.501415,21,44669.172852
-13.568455,28,44671.650396
-45.760772,25,44673.917055
-89.938907,18,44675.56761
-37.025452,20,44677.499743
-28.404637,21,44679.405231
-76.353972,18,44681.096761
-66.898588,20,44682.890813
-73.017932,21,44684.783512
-62.182643,22,44686.808782
-71.852316,15,44688.276184
-23.315875,24,44690.387573
34.857564,32,44693.184722
-15.839709,29,44695.730236
-65.453123,22,44697.729922
-77.383416,22,44699.752193
15.704344,22,44701.819663
-78.122636,18,44703.547861
-61.756052,23,44705.665454
-66.94462,19,44707.434842
-12.808785,26,44709.799835
-25.461447,21,44711.80675
-94.054014,18,44713.441249
-84.335505,16,44714.933767
-76.827189,19,44716.707595
-26.725254,21,44718.659561
-23.256638,21,44720.647553
-67.402882,21,44722.498361
-81.686075,18,44724.22378
-75.195686,19,44725.96648
-40.159219,20,44728.58586
-28.645193,23,44730.771789
19.465927,27,44733.322373
-23.705823,21,44735.25214
-32.395011,19,44737.030871
87.926826,36,44740.119235
-71.644939,19,44741.888672
-75.705891,17,44743.452868
-79.502196,18,44745.126472
-78.631348,18,44746.834949
-74.078144,18,44748.649193
-13.418601,27,44751.150502
-44.98199,23,44753.485299
-76.432929,15,44755.005665
-60.526054,21,44756.968035
-24.465017,24,44759.175752
-17.399759,27,44761.522403
-80.327017,15,44763.030203
29.354592,25,44765.556761
-71.136308,20,44767.392901
-34.166263,18,44769.106956
-69.339653,21,44770.992128
-67.174627,20,44772.93306
-74.457732,21,44774.805949
20.268923,23,44776.913017
-59.265002,19,44778.750662
-66.224463,21,44780.738435
-54.52199,26,44783.014165
72.690745,26,44785.403303
-55.350028,24,44788.458845
-81.60516,25,44790.627935
-72.919374,17,44792.409797
-70.653502,20,44794.498117
-75.507023,19,44796.44058
-81.994333,16,44798.083237
-75.720895,22,44800.247328
-22.665038,22,44802.21701
-72.522061,19,44804.011801
-79.887764,16,44805.590113
-76.106715,15,44807.074126
-65.131126,28,44809.583973
-64.329046,22,44811.603179
1.706896,28,44814.114305
-70.517728,18,44815.770375
-76.215476,19,44817.515544
-64.959356,20,44819.315426
-79.128492,19,44821.216529
-74.748486,18,44822.923886
-33.37766,20,44824.957783
-76.125905,20,44826.784475
-21.088811,24,44829.072527
-22.127458,24,44831.222193
36.290223,32,44834.040792
-68.819313,19,44835.763498
-86.382849,16,44837.258264
-47.250679,26,44839.622829
-76.94039,20,44841.370243
-68.463463,19,44843.119186
-81.802031,16,44844.738245
-28.308506,20,44847.215938
-34.063303,21,44849.524241
-67.067386,21,44851.441255
-70.641553,16,44853.03265
-69.966055,16,44854.842468
-72.889969,17,44856.452189
-72.038239,19,44858.266568
-71.104208,21,44860.195135
-63.261844,18,44861.871576
-68.882112,20,44863.663915
-87.688159,19,44865.432066
-63.973363,24,44867.588756
-30.759334,21,44869.554619
-56.816434,27,44871.873753
-29.038707,23,44874.002187
-59.132713,23,44876.048469
-82.526311,17,44877.557347
-75.283588,20,44879.343406
14.264752,20,44881.270611
8.873427,24,44883.655354
-63.738403,20,44885.557853
-69.068139,19,44887.301142
-70.632698,21,44889.154063
-66.597064,20,44891.075478
66.241033,32,44893.816805
33.304565,29,44896.340031
-72.682491,24,44898.406999
-31.534255,18,44900.243972
-70.626141,24,44902.317888
-77.277965,23,44904.331052
-74.874575,23,44906.729964
-64.764124,25,44909.502082
-67.86299,21,44911.442813
-65.634501,20,44913.325244
-10.998464,26,44915.762356
-78.944238,20,44917.544891
-67.612675,18,44919.241962
-73.691909,16,44920.827704
-67.147925,19,44922.596748
-75.448801,18,44924.331573
-66.440442,19,44926.11894
-77.834269,14,44927.497507
68.931521,27,44930.026265
-37.414554,21,44932.116225
-13.103463,27,44934.450841
-78.140721,16,44935.931565
120.256227,34,44939.171493
-19.145057,27,44941.565104
-31.55597,26,44944.001912
97.81198,28,44946.685038
-67.418611,18,44948.395582
-78.783787,20,44950.283048
-67.68861,20,44952.129856
130.539107,37,44955.367103
-73.440346,17,44956.921118
-70.386264,19,44958.679192
-67.680162,19,44960.442933
-25.626704,22,44962.552767
-75.557189,18,44964.207891
-78.537651,16,44965.775785
26.28219,28,44969.099164
-81.01794,16,44970.629006
-71.196717,20,44972.515039
-80.596378,21,44974.481766
22.571505,26,44976.844405
-73.945738,18,44978.526134
-6.247761,29,44981.063936
-34.359781,20,44982.975175
-75.90431,17,44984.525752
-35.875615,21,44986.529595
-72.053317,18,44988.151137
-63.834148,18,44989.858083
-76.372913,17,44991.478659
-29.116879,22,44993.46557
-72.702222,21,44995.327443
-74.236647,20,44997.175669
19.371501,28,44999.734436
-20.266354,28,45002.14923
-73.761456,17,45003.864632
-69.645623,22,45005.938583
-65.728529,19,45007.701317
-72.787543,18,45009.357971
-79.743096,16,45010.888229
-58.746265,23,45013.085559
34.974576,27,45015.548954
-2.034103,31,45018.133753
-87.318306,21,45019.966041
23.215133,24,45022.288006
-70.324756,20,45024.085644
-32.795091,19,45025.818513
-73.287126,19,45028.390743
-22.151117,26,45030.8602
-73.676967,17,45032.515023
-75.647167,16,45034.101671
-67.765576,26,45036.289035
16.400373,24,45038.562692
-53.737528,25,45040.76304
-55.780929,25,45042.920607
-74.623266,21,45044.825073
-78.157594,15,45046.350404
-81.577402,16,45047.927683
-72.081497,22,45050.069246
19.182231,20,45052.058627
-19.790856,22,45054.102353
-67.468431,20,45055.88765
-36.940048,23,45057.941744
-74.994045,21,45059.791042
36.067134,23,45062.101858
-88.177027,15,45063.752118
117.345272,29,45066.452305
-74.200058,21,45068.314708
7.499387,25,45070.670809
-60.381933,26,45073.048899
-69.910404,21,45075.007252
-67.956207,24,45077.157625
-78.448596,18,45078.821594
33.633037,26,45081.242274
-62.465013,24,45083.316131
-64.49641,23,45085.356728
-36.260351,22,45088.051232
-76.446312,17,45089.663066
-61.779237,19,45091.453227
-76.648477,19,45093.309364
81.098278,31,45096.553955
-30.134527,21,45098.508656
21.319205,28,45101.260339
-75.436099,18,45102.935633
32.045995,22,45105.08078
-80.560991,18,45106.729029
-34.221916,22,45108.731176
-51.539607,28,45111.161143
-62.957505,22,45113.147484
-76.398399,17,45114.735527
-69.908777,21,45116.614681
-64.910706,22,45118.624461
-70.099949,20,45120.44663
-21.938344,22,45122.531136
-16.909041,26,45125.07668
-84.341865,23,45127.781823
-75.843562,17,45129.37765
-62.791997,23,45131.398323
-77.202044,17,45133.000256
-71.173383,21,45134.85246
-69.02285,21,45136.798586
-65.947196,20,45138.616478
80.927909,30,45141.313604
-70.779993,18,45143.001819
-103.948699,16,45144.509853
-62.700865,24,45147.496073
-73.845528,18,45149.244825
-61.7133,23,45151.237619
-79.911268,15,45152.751846
-93.637484,17,45154.334764
-62.14942,18,45156.043477
-38.364457,24,45158.141313
-37.301155,22,45160.339496
-12.668362,25,45162.587814
-74.815066,19,45164.360253
-82.774001,18,45166.085977
-24.323111,24,45168.368497
-91.722285,24,45170.337561
-72.557788,17,45171.909347
-70.253882,18,45173.553137
-66.843764,24,45175.669989
-76.103657,20,45177.537388
-71.866815,19,45179.288739
-75.819438,17,45180.819943
-74.579676,15,45182.464583
-77.836499,15,45184.017426
-90.265862,18,45185.729069
725.661646,57,45190.852146
-31.136677,21,45192.865626
-64.086512,21,45194.712544
-51.026863,21,45196.65561
-7.677644,31,45199.25847
-59.733695,21,45201.138278
-34.638876,22,45203.196677
-83.851119,18,45204.824016
-25.497453,21,45207.438296
-72.381442,19,45209.32348
-62.759216,23,45211.361669
-0.423126,30,45214.02122
18.924287,20,45215.966947
-21.836821,24,45218.211659
-71.31889,18,45219.90431
-72.831478,26,45222.166111
-68.167759,20,45223.977072
90.045211,35,45227.063918
-16.597753,24,45229.226435
117.947008,32,45232.129479
-61.374033,21,45234.026423
-17.085489,25,45236.351552
84.440114,33,45239.225278
-18.180291,23,45241.321409
-74.673681,18,45243.059557
43.001279,34,45246.302118
-73.827017,25,45248.476326
-45.974421,29,45250.877117
-72.850815,21,45252.739101
-75.44101,21,45254.644804
28.519041,27,45257.075651
-76.777048,17,45258.71
-68.230101,21,45260.565743
-75.943536,17,45262.151682
-12.09862,25,45264.465555
-67.766495,19,45266.224524
-56.562064,24,45269.25694
-61.283907,24,45271.398604
-77.634445,20,45273.198683
-78.762836,18,45274.904502
-70.455095,24,45276.984578
-92.551523,18,45278.703478
-10.346901,29,45281.103709
-27.415168,25,45283.32503
-69.672704,19,45285.017238
-76.961804,17,45286.721689
-74.086337,20,45288.588213
-69.455531,20,45290.420588
-18.3107,24,45292.884932
-29.915657,21,45294.907958
-66.474326,21,45296.760265
-93.115334,17,45298.456667
-21.989046,22,45300.476117
-81.746162,16,45301.981905
118.595862,30,45305.032238
-58.52934,23,45307.083116
-80.186849,15,45308.566047
99.143752,30,45311.229361
-28.820666,18,45312.960308
-86.70079,18,45314.655523
-28.072518,25,45316.942204
-81.671167,19,45318.754823
-97.363518,16,45320.233993
-93.278219,26,45322.50337
-60.115935,24,45324.571668
-21.506037,26,45327.513891
-31.581742,20,45329.427199
-76.148997,19,45331.12448
134.092123,37,45334.490845
-79.629194,23,45336.572497
-64.109266,22,45338.515958
-98.207607,20,45340.319586
-53.92588,25,45342.518878
-2.125332,31,45345.220968
-62.434022,23,45347.462635
-63.084097,21,45349.569746
10.994107,26,45351.995206
-19.847113,27,45354.38432
-73.368793,19,45356.101158
-65.341347,18,45357.863134
28.528809,27,45360.321
130.743697,35,45363.560804
-49.696778,28,45366.060144
-74.555056,19,45367.822667
-35.640015,25,45370.237394
-63.663232,21,45372.993911
-69.273995,21,45375.025563
-69.903066,17,45376.636571
-73.585107,18,45378.289349
-63.713971,24,45380.499793
71.902135,27,45382.948573
-71.486707,23,45384.951684
-16.446992,25,45388.014579
-61.914972,20,45389.983244
-75.091887,17,45391.587484
-23.733672,27,45393.933005
-39.0202,26,45396.294287
-69.327588,24,45398.41969
-75.434678,18,45400.113804
-69.605387,20,45401.921473
-60.449963,22,45403.871337
-22.432911,23,45405.965495
35.523129,32,45408.670687
-93.458876,14,45410.580655
-27.076791,21,45412.501169
-74.962164,20,45414.404495
-8.198137,29,45416.904708
-83.457962,16,45418.38053
-80.371098,17,45419.948091
-64.735374,21,45421.844834
-70.90868,18,45423.623102
-14.999236,25,45426.065375
-15.401237,24,45428.196768
-31.6416,21,45430.173929
-12.750493,28,45432.628768
220.253314,43,45436.314745
-52.940412,29,45438.75397
-73.591505,21,45440.746075
-80.561753,15,45442.142103
-17.536383,23,45444.214477
-20.829807,25,45446.672609
-54.057237,18,45449.140373
-56.118391,22,45451.134084
-39.361854,20,45453.096474
-25.662214,18,45454.894516
91.342128,31,45457.684831
-11.53668,27,45460.041029
-64.351305,23,45462.067297
42.260188,31,45464.755663
-77.703612,16,45466.307255
-76.065462,17,45467.971191
-15.145549,28,45470.402107
-74.462133,20,45472.21749
-72.626543,22,45474.264929
-80.418825,16,45475.789912
-13.042355,24,45478.050436
43.893432,32,45480.83223
-39.750527,19,45482.713773
-72.346713,21,45484.72978
-67.805575,18,45486.422042
-104.558086,15,45487.813101
-78.650919,20,45489.652891
-21.136502,24,45491.823803
-73.895907,21,45493.716975
-61.602609,26,45496.032421
-74.686661,19,45497.798837
-76.727093,18,45499.474506
-70.686848,21,45501.336153
-72.8309,17,45502.918066
-76.485339,21,45504.92328
-70.12995,21,45507.555151
-69.978451,19,45509.349632
-83.194503,18,45511.03884
7.817007,25,45513.511256
-68.945522,22,45515.528611
69.352733,33,45518.423999
-38.559793,29,45521.06186
34.608127,28,45523.627871
-66.668102,23,45525.628974
-66.119342,17,45527.266927
-2.395073,29,45529.84552
-25.520348,22,45531.902065
-36.494019,20,45533.748093
-69.363147,19,45535.446079
81.630881,24,45537.657423
-70.702925,21,45539.633225
-27.812388,28,45542.079287
-70.247551,19,45543.977747
-15.400684,25,45546.373511
22.758357,25,45548.710659
144.816194,39,45552.10631
-95.460546,16,45553.591841
-80.021782,20,45555.413441
-95.3307,16,45557.009484
-68.948377,19,45558.785779
-71.618086,20,45560.706829
-35.614659,21,45562.632645
20.420828,28,45565.086556
61.3018,28,45568.62997
-25.211536,25,45570.916269
-70.342544,19,45572.713006
-77.38367,19,45574.522542
-80.749759,17,45576.131638
-74.585685,20,45578.013785
27.794907,27,45580.48924
-16.593583,25,45582.851754
-20.324089,23,45584.998229
-12.596525,26,45587.315453
-55.508624,25,45589.49023
-73.187843,18,45591.182668
243.295483,44,45594.946218
28.428582,32,45597.812099
-21.287967,23,45599.962743
-79.479266,21,45601.857125
-21.319522,27,45604.385505
-72.934632,18,45606.101345
-69.836808,16,45607.639642
-73.695208,17,45609.241056
-70.231951,18,45610.942804
-20.053195,23,45613.035418
44.513661,33,45615.860297
-67.386447,22,45617.821899
-70.141983,21,45619.71021
-66.298451,21,45621.598353
97.164009,33,45624.609049
22.127139,22,45627.338781
-74.271106,21,45629.236869
272.46935,46,45633.372526
-81.39129,16,45634.9466
-18.086665,22,45637.045629
-77.27584,19,45638.754504
-28.550275,23,45640.801746
-25.469537,22,45642.777428
-63.449349,21,45644.68206
43.11311,34,45647.618582
24.145562,29,45650.385964
-15.924633,23,45652.457243
-80.140376,16,45654.052613
-84.887123,18,45655.68843
-73.410653,17,45657.279327
-63.438942,26,45659.74158
-81.373599,18,45661.519111
-78.839375,17,45663.223202
-59.335977,25,45665.620698
-65.357581,20,45667.489688
-62.521156,22,45669.487889
-37.093995,27,45671.971164
-20.788054,23,45674.460283
-66.271555,25,45676.963893
-7.526964,27,45679.412557
-75.52915,19,45681.151667
-8.578029,28,45683.685224
-28.742133,21,45685.625965
-64.944524,27,45688.71739
-13.949108,25,45690.968551
-52.341496,24,45693.215216
-79.557387,17,45694.939443
-36.345776,23,45697.016663
-65.801369,19,45698.829803
-71.428921,22,45700.916188
87.098026,32,45703.836673
-86.28844,18,45705.614456
-84.364889,16,45707.167985
-70.984354,17,45708.779896
-12.296008,26,45711.113688
-56.704354,23,45713.216237
-45.398841,30,45715.777734
-43.001353,26,45718.154526
-20.80764,22,45720.179326
171.915327,41,45723.857553
-65.628633,19,45725.701447
-76.727884,15,45727.1356
-75.626226,15,45728.543074
-62.043829,20,45730.418984
-65.030595,21,45732.32658
-79.402087,18,45733.993082
-69.639103,20,45735.790644
-72.371959,16,45737.358252
90.516073,32,45740.268943
42.571831,31,45742.918682
-30.105938,21,45744.843606
-72.721129,22,45747.841538
-65.716921,26,45750.038201
-70.961855,17,45751.680424
210.726591,36,45755.130739
-50.96561,28,45757.623109
26.555881,25,45759.931932
-67.132124,20,45761.738962
-14.282668,28,45764.297734
-61.086092,21,45766.315325
18.899311,22,45768.39807
-14.516733,27,45770.76821
127.446042,37,45773.943738
-78.777681,16,45775.507093
-77.063773,20,45777.351455
138.899146,39,45780.752689
-85.166326,17,45782.385499
41.643329,29,45785.324716
-71.310664,21,45787.202044
-79.838112,19,45788.867137
-11.249576,26,45791.184539
34.603079,28,45793.760393
-53.228612,23,45795.835342
-64.977473,23,45797.92692
-68.656275,24,45799.995709
4.13588,30,45802.580284
-91.597448,17,45804.143076
22.572262,23,45806.369441
25.169336,31,45809.869342
-61.181823,22,45811.921552
-70.439039,20,45813.84164
-87.357384,18,45815.824363
-66.33614,22,45817.803961
-82.618242,15,45819.261639
-23.985142,20,45821.142628
28.062257,28,45823.633626
-23.63249,22,45825.727044
-67.626974,19,45827.535655
-61.37844,22,45829.46909
25.586823,26,45831.920666
-29.283589,21,45833.830212
102.254017,35,45836.88798
-77.631972,17,45838.421832
84.462813,33,45841.443732
-29.173862,19,45843.341766
-69.943439,18,45845.180266
20.0681,24,45847.366338
-78.64856,17,45848.967266
11.800944,24,45851.172708
-20.556321,22,45853.209909
-79.931333,21,45855.058892
-70.046971,21,45857.040436
-44.392737,30,45859.493418
-28.84427,20,45861.391305
-72.512388,17,45862.943957
24.147534,23,45865.084554
-67.914875,20,45867.866045
-73.283979,18,45869.780416
138.672843,39,45873.119278
-15.019138,24,45875.37938
23.97427,32,45878.420772
-80.932444,21,45880.286342
-68.202831,21,45882.22384
-68.463426,20,45884.039048
-76.49012,17,45885.621969
7.029955,27,45888.418795
-58.780746,23,45890.516673
34.823749,31,45893.43304
-65.268945,19,45895.15542
-72.607455,19,45896.964366
34.059454,30,45899.720246
-64.099299,20,45901.521623
-66.857594,19,45903.330182
31.043425,25,45905.796453
-79.818937,19,45907.57985
29.80759,28,45910.242913
-29.48822,21,45912.31476
-80.292028,18,45913.977546
136.931031,38,45917.324285
-75.13109,17,45918.88922
-63.11441,19,45920.675179
-25.706471,25,45923.016459
-73.918604,15,45924.721222
-55.959901,25,45927.791785
-15.444135,25,45930.057209
12.351709,27,45932.589156
-73.073107,18,45934.349548
90.453061,37,45937.449498
48.835425,32,45940.213211
44.72953,33,45943.117741
-20.917276,23,45945.159801
-78.328501,26,45947.515365
-61.868259,21,45949.562723
-18.575336,28,45952.128524
-36.241925,23,45954.244037
34.793162,31,45957.32349
-80.638476,24,45959.415787
26.534795,26,45961.883826
-83.810125,16,45963.571597
-54.274574,26,45965.947281
-82.071734,17,45967.590299
-61.439418,22,45969.59594
-50.620037,29,45972.002113
-78.878733,19,45973.762594
-53.920683,27,45976.481266
25.133845,29,45979.40451
-72.356153,21,45981.330572
-75.339993,18,45982.98577
-60.964289,20,45984.742795
-34.466815,21,45987.369413
-5.886539,29,45990.068082
-75.706955,20,45991.859947
112.72603,36,45995.0737
-18.987903,24,45997.362565
-63.83754,24,45999.574022
41.842729,32,46002.329603
-64.804603,26,46004.614595
190.95001,39,46008.242045
-10.572865,22,46010.487047
-64.554629,19,46012.282381
-61.691481,22,46014.280377
-72.882065,18,46016.007862
-66.774251,17,46017.602288
-38.090788,21,46019.610468
103.624277,30,46022.316945
-14.122311,28,46025.123459
-14.109811,28,46027.565757
-0.470156,31,46030.188938
-55.826699,24,46032.308469
-69.228144,17,46033.971158
-58.384797,27,46036.240321
87.189714,36,46039.461323
29.916664,31,46042.154697
186.095408,43,46045.757791
-21.061637,23,46048.74447
20.956593,26,46051.130084
-64.147332,21,46053.008893
-29.650378,25,46055.4209
-63.974913,20,46057.214586
-75.786435,19,46059.039293
89.386682,37,46062.387957
-60.097257,21,46064.495173
-44.733518,27,46066.921962
40.906736,34,46069.835336
-78.857937,19,46071.597608
36.943233,30,46074.496511
-22.471216,22,46076.445817
-68.193193,20,46078.44459
-63.877424,20,46080.248405
41.431778,30,46082.844975
-60.912752,20,46084.885745
-19.071288,26,46087.258201
-72.613422,24,46089.292501
-57.775247,24,46091.570091
-73.343629,20,46093.400124
-69.071577,17,46094.994418
-22.21638,22,46097.041146
-21.770681,24,46099.349418
129.657538,40,46102.692958
102.280824,36,46105.804891
-16.927333,28,46108.976352
65.71143,27,46111.678351
-73.541236,16,46113.189132
-77.364563,17,46114.923281
-27.608169,22,46116.930028
-72.639679,20,46118.780398
-47.211826,28,46121.225913
-85.710326,15,46122.671619
-69.646372,20,46124.474998
-78.928367,16,46126.078845
-50.732459,25,46128.33538
8.715966,30,46130.949661
-49.871407,26,46133.219714
86.537461,34,46136.485986
-75.245491,22,46138.490107
-37.280523,22,46140.51353
-74.61535,19,46142.160154
-56.580392,23,46144.389843
26.459317,28,46146.972432
-22.298346,25,46149.377218
-55.519056,25,46151.64546
81.738089,36,46154.751964
-67.269137,25,46156.993741
-48.444047,27,46159.392348
-54.785881,26,46161.833153
251.091847,44,46165.716631
-22.633031,24,46168.690278
88.934543,33,46171.721901
173.38886,39,46175.160036
-71.908491,22,46177.13039
124.470299,34,46180.25983
-71.802612,20,46182.082362
-6.666395,26,46184.390492
-69.898785,18,46186.083556
-33.677232,22,46188.160741
-69.149692,21,46190.120047
94.061881,35,46193.223033
13.093408,23,46195.482789
-32.52454,18,46197.199282
-12.813587,25,46199.466616
84.042402,33,46202.332179
17.88379,26,46204.966634
-5.582648,31,46207.633183
-70.022745,21,46209.493401
-17.469626,23,46211.544016
-18.04195,27,46214.10864
-21.674431,26,46216.358719
-44.154265,29,46218.776917
-76.88392,21,46220.693762
38.309909,28,46223.31696
-72.933738,23,46225.373959
45.527001,35,46229.029557
-88.474552,17,46230.665459
45.995438,32,46233.62276
-10.209182,27,46236.026312
6.74355,28,46239.224738
-83.966416,20,46241.632591
-73.752019,20,46243.499468
-12.597603,30,46246.039093
35.671694,28,46248.707947
-61.386846,21,46250.710807
-71.850113,19,46252.535182
-77.40983,22,46254.481849
-44.872649,29,46256.933891
118.285189,34,46259.885942
-46.496629,27,46262.352766
-76.398864,17,46264.033763
-76.822434,18,46265.754217
-58.419301,25,46267.905252
-56.479862,22,46269.936808
-25.655803,21,46272.061847
-56.112627,25,46274.327605
-75.785291,19,46276.109969
-53.304227,22,46278.316307
42.592544,32,46281.497185
-65.789131,18,46283.266457
-66.770544,16,46284.803721
74.410032,34,46288.380006
-21.246111,19,46290.213558
169.8693,39,46293.787055
-62.310108,23,46295.819084
3.764946,30,46298.442768
-79.203432,18,46300.126623
373.148209,49,46304.589843
-19.312424,24,46306.839572
-23.083937,25,46309.091201
-67.181286,24,46311.144372
-87.994013,19,46312.915323
-39.612735,27,46315.276106
-77.767097,20,46317.289836
34.585079,29,46319.880204
-71.0346,20,46321.698335
99.01175,37,46325.116105
37.328634,32,46327.921792
-7.975237,29,46330.456005
-0.94299,30,46333.073511
142.102508,36,46336.140785
-68.493937,22,46338.134562
-46.215011,28,46340.56102
185.812834,41,46344.190872
-9.142686,31,46347.566063
-45.709449,18,46349.76811
-72.596885,17,46351.338851
49.571987,34,46354.344988
-72.603853,23,46356.369364
-69.367974,17,46358.013876
-63.36248,24,46360.176232
-24.779548,23,46362.26923
36.140576,29,46364.875286
-67.389028,21,46366.794597
-56.996502,22,46368.807901
-64.708347,20,46370.639993
29.697389,27,46373.140969
-73.824587,22,46375.17222
-59.199738,23,46377.183018
32.578867,28,46379.640892
-69.907698,18,46381.31552
-13.825251,26,46383.876785
-73.629093,20,46385.965149
179.553105,39,46389.292941
-76.071378,19,46390.979271
-22.965198,27,46393.397771
-33.241178,25,46395.731654
122.143845,35,46398.731691
-8.577487,27,46401.092312
-87.783117,18,46402.788817
-28.037577,19,46404.76972
-60.750512,26,46407.768114
23.881172,31,46410.59555
-72.30922,26,46412.979901
-79.74071,18,46414.719422
81.259733,35,46417.644801
36.170243,29,46420.420312
-68.244112,16,46421.969065
-22.069559,25,46424.202821
42.419888,32,46427.233931
-65.101586,21,46429.098003
79.602101,34,46432.092032
32.516342,29,46434.698106
-62.067883,26,46436.956445
29.990031,25,46439.784203
-2.090714,31,46442.505308
-70.135461,21,46444.620981
35.059211,28,46447.252391
-20.802342,21,46449.272935
-14.292681,32,46451.919137
-67.992651,17,46453.510673
-70.70642,20,46455.357785
40.650917,34,46458.320588
105.588964,28,46461.039329
273.854969,42,46464.808222
92.462258,34,46468.495997
96.567798,39,46471.803244
-14.903498,22,46473.909819
-82.885057,17,46475.502556
-6.886322,31,46478.141283
-5.702957,28,46480.591624
-74.439987,21,46482.570132
-29.612961,22,46484.645294
-73.663208,20,46486.580399
-75.47826,22,46488.578586
133.47136,37,46491.859192
-34.815161,25,46494.080835
-83.755689,18,46495.757197
71.796312,35,46498.788875
-62.219334,24,46500.946822
-26.073401,24,46503.158448
-91.500861,19,46505.110457
-38.284779,19,46507.305905
-73.051433,17,46508.967613
92.570093,26,46511.425905
20.393636,22,46513.532732
-65.201563,27,46515.831503
-69.290221,20,46517.656452
-60.726944,25,46519.89621
-17.430705,24,46522.088501
-64.585497,21,46523.935148
66.000604,26,46526.624171
318.160004,48,46532.278858
-28.035689,20,46534.49149
-14.913711,26,46537.226423
91.880567,33,46540.868524
-72.488944,18,46542.791935
-25.124131,24,46545.288833
-29.601591,18,46547.621258
-54.664176,24,46550.526469
-84.137701,18,46552.502874
-75.015725,23,46554.96188
-9.351279,29,46557.910829
-46.762774,27,46560.899734
-62.72422,24,46563.416732
-22.368874,28,46566.81109
-14.980159,29,46570.007891
174.161932,40,46574.128485
189.096838,42,46577.868435
-63.432192,21,46579.805662
-16.604586,24,46582.515334
-72.178897,16,46584.207135
-60.354978,22,46586.229805
126.594351,34,46590.003776
-74.714797,21,46592.062765
-49.052974,27,46594.497513
-82.732806,21,46596.452848
-65.222652,21,46598.413048
-0.784752,29,46600.936591
38.961476,31,46603.680901
-73.23133,17,46605.279574
75.568058,27,46607.879064
45.29248,33,46610.930706
31.406584,32,46613.757616
-29.035486,25,46616.023947
37.438002,33,46618.889392
-52.991294,27,46621.170784
-42.422628,28,46623.956514
-63.08765,23,46626.065154
-30.835082,20,46627.933666
-11.601596,23,46630.151753
-48.071199,28,46632.652272
-47.221046,29,46635.063014
-63.074913,21,46636.992887
-30.903312,23,46639.08505
-49.56815,18,46641.442715
-55.67566,26,46643.727909
156.364029,39,46647.845167
15.960336,28,46650.595135
23.116717,32,46653.444648
-80.61277,21,46655.570994
-68.959459,19,46657.302365
-68.361151,23,46659.342361
-74.868223,16,46660.910282
42.716852,30,46663.564749
-76.16954,19,46665.29739
-58.913168,23,46667.355513
-52.878915,27,46669.759839
-25.505316,26,46672.030838
135.393892,39,46675.287718
-14.847891,21,46677.315785
45.639065,33,46680.237105
-25.430823,22,46682.261646
-23.087216,27,46684.998763
-96.865054,17,46686.591273
-80.363909,25,46688.858354
-57.898184,26,46691.129112
-46.050788,22,46693.138398
-54.555516,24,46695.288694
81.14807,34,46698.307405
-63.049467,19,46700.050864
-59.317159,24,46702.171896
-50.534916,27,46704.535827
-69.721811,20,46706.465627
-34.671854,21,46708.958054
38.21803,29,46711.600866
-77.086612,15,46713.119083
-77.956353,25,46715.379038
-67.709135,23,46717.497837
-89.530693,16,46719.034305
-81.173926,14,46720.428275
-32.923679,20,46722.369223
49.373729,31,46725.149144
-29.546813,27,46727.43085
-72.824958,19,46729.166239
40.529941,33,46732.183875
60.881966,29,46734.783663
-64.371768,18,46736.476892
-28.74136,23,46738.545581
30.146844,27,46741.101037
-59.492481,23,46743.222777
-7.703995,25,46745.655415
-57.162208,23,46747.697109
-67.786205,22,46749.921881
-68.567933,18,46751.6147
-16.460918,28,46754.067269
95.000518,26,46756.440264
-33.891438,21,46758.433546
-8.272447,30,46761.006862
-15.182417,26,46763.293906
-26.34783,25,46765.422389
-75.465309,17,46767.71197
-76.928035,20,46769.542883
43.336758,34,46772.562126
56.564573,34,46775.613695
-18.718035,31,46778.274047
-28.362335,22,46780.403968
-11.091214,28,46782.934102
-79.097177,22,46784.918928
-34.551182,27,46787.243955
-67.915318,23,46789.263471
0.529216,27,46791.691813
-72.445049,19,46793.526673
-72.47523,18,46795.221103
-67.628727,19,46796.951326
148.297669,39,46800.29944
-74.608492,19,46802.100495
-7.716409,27,46804.725049
-11.407762,26,46807.179282
31.94725,32,46810.028626
30.74202,27,46812.460077
-41.4219,29,46814.93659
-73.364229,19,46816.689476
-1.584733,31,46819.288085
-30.171585,25,46821.521397
-19.73521,21,46823.509342
135.72301,40,46827.909359
-4.568628,27,46830.433508
-13.883096,26,46832.756435
-66.902645,20,46834.703466
-81.140768,21,46836.63407
276.334179,48,46840.820694
-76.287874,23,46842.90073
-17.959686,21,46844.922925
-70.115104,28,46847.391861
2.227193,30,46850.086311
23.514264,28,46852.593718
-19.110385,22,46854.726638
6.577438,31,46857.376303
-5.688927,29,46859.913238
-64.93357,26,46862.16292
27.843235,30,46865.156161
143.138584,39,46868.552528
41.534251,33,46871.479597
-75.273003,21,46873.385906
-63.039529,26,46875.709151
-20.207686,24,46877.835514
88.785651,36,46880.904377
-56.486252,25,46883.540199
-68.548706,19,46885.56959
-61.289565,25,46888.707917
-15.475606,28,46891.189998
-73.879491,19,46893.001168
-69.699862,23,46895.203649
-8.486284,26,46897.501749
25.62382,32,46900.219742
-46.716661,23,46902.317956
92.789121,34,46905.40878
-54.993588,27,46907.725824
34.301653,30,46910.343176
-60.786849,23,46912.437312
-64.562447,20,46914.365734
119.936441,34,46917.40433
77.916651,34,46920.363065
-59.643258,25,46922.567341
17.484821,24,46925.045543
-66.368156,20,46926.858982
83.953288,32,46929.722837
39.796046,30,46932.400221
-54.833197,24,46934.576929
-10.553102,27,46936.991744
-3.973098,29,46939.42861
-16.354719,28,46941.839199
182.39133,40,46945.352402
-29.210706,24,46948.874393
33.702677,28,46951.42395
-41.674441,29,46954.066531
-15.741895,27,46956.527472
67.491779,32,46959.271321
-63.130924,21,46961.197156
191.116026,42,46964.826182
-54.868666,27,46967.252196
41.169431,32,46970.001967
153.329276,41,46973.543724
-13.664529,25,46975.781964
-18.872433,25,46978.087581
-58.452334,22,46980.069303
-20.034961,23,46982.206142
-68.637441,21,46984.204581
-51.970211,26,46986.607327
75.335515,29,46989.224884
-78.264053,16,46990.718721
-57.643898,27,46993.003154
-57.197974,22,46995.058469
-57.593877,24,46997.269668
-3.953535,26,46999.514961
-56.432283,27,47001.811068
132.442805,39,47005.116228
-9.338953,27,47008.254313
-67.965355,24,47010.283005
-60.735133,24,47012.442545
-26.075569,20,47014.513101
-33.396668,28,47016.926706
84.930297,35,47020.123882
-75.105942,20,47021.925447
-72.441705,20,47023.789133
-36.604022,24,47025.893927
95.458387,35,47028.901288
-19.962751,25,47031.154465
-15.382059,24,47033.403313
-18.721347,29,47035.881432
-11.760541,28,47038.665317
-94.986509,15,47040.49549
218.862421,41,47044.537132
-25.949748,22,47046.629554
71.430555,28,47049.368927
83.803752,35,47052.331307
-56.9171,22,47054.353721
-22.787617,27,47056.61274
-39.632627,21,47058.564568
-43.768285,27,47060.93494
-46.911254,28,47063.357334
132.214428,38,47066.994852
130.322336,39,47070.69126
175.710473,41,47074.340613
-73.155404,20,47076.207045
-59.476706,22,47078.167549
-63.378772,19,47079.918345
7.908125,33,47082.718055
-15.081556,26,47085.176308
0.696178,30,47087.877196
-11.574813,24,47090.076741
-66.557778,22,47092.033604
-58.098565,24,47094.234876
-75.401203,19,47096.01823
88.820511,36,47099.118454
24.999267,29,47101.91722
-68.520338,18,47103.707921
11.541326,26,47106.259123
-80.548708,21,47108.22424
81.228971,33,47111.114672
-47.47575,29,47113.569324
-61.808751,20,47115.397401
23.94076,25,47117.67942
-50.394025,27,47120.041257
-54.627879,22,47122.161694
47.262149,33,47124.995951
61.613208,32,47128.582373
73.356601,30,47131.657938
100.303592,33,47134.657085
-22.440708,24,47136.877857
-20.081749,21,47138.830321
-19.716988,26,47141.093569
-21.966241,20,47143.009212
-25.078943,25,47145.244764
-6.877455,29,47147.907545
-20.523932,23,47150.182223
-13.607762,28,47152.717808
-18.929106,23,47154.824356
7.812102,32,47157.506133
-10.552104,26,47159.759892
-23.381091,19,47161.57394
33.860333,28,47164.171647
186.351294,38,47167.665812
-1.132187,30,47170.349747
-50.808853,26,47172.673381
-38.758153,31,47175.41951
74.974289,31,47178.244706
-21.443052,24,47180.47284
66.963246,35,47183.452412
42.670697,30,47186.602061
48.545412,31,47190.338558
-53.92942,21,47192.290303
241.017073,45,47196.448819
-5.927974,30,47199.067273
81.920387,33,47202.053292
33.989287,31,47204.750124
-22.425689,26,47207.03856
333.760989,50,47211.588086
-62.783377,20,47213.417647
-57.586271,28,47215.770314
-78.959779,20,47217.581914
-10.016884,28,47220.02799
-61.771846,27,47222.453351
177.537635,38,47226.114446
6.001159,29,47228.717034
-6.337939,25,47231.032716
182.686517,38,47234.289559
143.447092,39,47237.670749
233.333369,43,47241.453308
102.786178,33,47244.411368
44.498908,32,47248.165605
135.343074,36,47252.282241
54.55507,36,47255.849018
47.669941,33,47258.696675
29.202143,29,47261.427347
-67.56434,23,47263.439473
-64.093915,23,47265.578442
-59.312694,22,47267.538017
-88.791267,20,47269.801009
-79.69298,26,47272.089751
29.263209,27,47274.554326
78.721596,35,47277.550507
-54.635274,24,47279.678085
-37.653469,23,47281.698005
-2.259725,29,47284.499096
-57.387786,24,47286.742007
32.209408,31,47289.489537
-14.116097,29,47291.940861
-60.977682,26,47294.236804
-55.309351,21,47296.154509
52.874289,33,47298.967058
85.148159,34,47301.903914
41.142286,33,47304.716744
128.326803,38,47308.709317
87.768088,36,47311.800714
-79.860425,19,47313.565439
-76.732871,23,47315.848619
-81.742787,20,47317.801807
-75.091356,18,47319.615705
134.694364,35,47322.821351
-52.923391,24,47324.995738
17.105938,30,47327.831478
-18.420867,25,47330.059373
58.678185,34,47332.96753
-82.323275,17,47334.625544
226.209372,42,47338.402344
39.171909,28,47341.011942
-73.101031,17,47342.607329
-1.25182,30,47345.464134
-77.823937,19,47347.23591
-69.585646,24,47349.328376
-18.027618,27,47351.729753
-16.180398,28,47354.210325
39.888241,30,47356.75864
47.519072,36,47359.725368
-13.88894,23,47361.866826
-62.635931,22,47363.878876
193.562935,43,47368.295944
-8.662408,29,47370.777718
-47.788284,28,47373.264196
139.544877,36,47376.557512
-55.352106,15,47378.819599
-21.306181,23,47380.938476
-70.296605,17,47382.858386
-24.038931,23,47384.96997
-65.681357,23,47386.989701
127.594584,34,47390.004467
-5.274201,29,47392.586761
-67.383437,23,47394.65362
-68.385972,21,47396.489664
-73.077196,25,47398.569125
185.566437,41,47402.213465
-69.485193,20,47404.186462
522.874409,58,47409.20692
-23.450529,25,47411.547712
20.175763,25,47413.876053
88.69361,35,47417.079997
80.207868,33,47419.951531
-63.946664,26,47422.260587
135.084897,37,47425.490936
237.867485,42,47429.927271
144.89506,41,47433.472561
10.903576,26,47436.874897
98.009198,38,47440.067476
36.078087,28,47442.646156
-56.284446,29,47445.123085
-40.743351,29,47447.736135
-62.522971,23,47449.845639
32.070541,27,47452.548971
229.533808,37,47456.076839
-43.869742,19,47458.277914
162.849855,38,47461.545612
-59.689821,22,47463.690343
237.004333,39,47467.256991
44.620557,34,47470.186521
245.58592,41,47474.350714
87.331635,35,47477.52631
76.735351,34,47480.612093
27.591287,31,47483.408032
-55.473795,23,47485.470932
-62.113412,23,47488.199594
30.414522,27,47490.752046
-65.527678,23,47492.851349
-65.449634,19,47494.661347
-71.631435,24,47496.843013
141.834043,40,47500.131072
14.930549,23,47502.309672
-106.373834,12,47503.963933
-73.523386,23,47506.127482
-57.345249,24,47508.328347
-71.425896,18,47510.004672
-24.696328,23,47512.093353
-25.201715,22,47514.179765
194.127895,41,47517.754212
-86.925361,19,47519.510615
-12.87852,25,47521.721364
-1.280767,29,47524.773292
-59.400974,23,47526.910153
-27.127138,24,47529.048407
-44.841869,20,47530.984106
-86.109852,19,47532.752382
87.297715,34,47535.754737
98.162223,36,47538.835811
57.269685,26,47541.19484
0.288223,26,47543.548836
124.11432,34,47547.058189
181.254858,33,47550.814916
-15.49508,24,47553.013932
-48.474626,27,47555.563444
39.619722,31,47558.283673
-12.873346,28,47560.747148
87.603618,35,47563.683172
-74.546469,19,47565.505699
-50.159789,27,47567.782314
46.66312,35,47570.755994
-50.660769,21,47572.837512
103.403067,33,47576.082019
-47.72734,26,47578.446758
75.707304,31,47581.550108
92.53208,36,47585.186692
166.84141,29,47588.37342
-55.037718,25,47590.702362
-80.56267,20,47592.685972
127.884322,36,47596.161918
34.56795,33,47599.189219
47.874352,27,47601.765907
-87.07088,20,47603.720703
40.08318,28,47606.639763
47.738943,35,47610.311063
-7.666151,26,47613.022592
-77.761946,19,47614.985535
245.908064,42,47618.958269
152.332312,39,47622.772346
307.032786,45,47627.182291
44.655736,33,47630.088032
129.712439,39,47633.397026
57.555961,35,47636.528115
32.929342,33,47640.525129
-8.509249,28,47643.421125
33.54031,28,47646.752089
77.563154,32,47650.169376
-78.381241,19,47652.143903
-16.926999,30,47655.162
177.588255,40,47659.231197
135.209538,39,47663.286324
-69.189968,22,47665.502942
-71.011193,25,47668.989524
-53.384484,24,47671.557315
-83.192921,22,47673.890338
-36.534468,25,47676.767592
84.843282,33,47680.654831
-12.206902,30,47683.588991
102.767249,39,47687.686763
-42.428682,23,47690.104137
139.169416,37,47694.017704
-17.719241,22,47696.657143
178.664411,37,47700.493872
144.824174,33,47703.975938
-19.645576,24,47706.792706
43.523095,34,47710.249886
-7.79908,27,47712.992098
-13.685624,28,47715.953465
-75.725955,17,47718.101381
-18.508403,24,47720.606791
38.073132,33,47723.908801
183.329258,41,47728.855799
-50.085393,27,47731.600638
-49.893446,27,47734.557531
-69.112374,19,47736.66061
-76.612534,19,47738.670539
-57.341963,24,47741.232024
-87.012032,19,47744.235222
21.303091,27,47747.385341
-18.890632,25,47750.215763
124.171996,34,47753.950797
-68.017197,24,47756.506556
-0.151157,29,47759.611011
-17.313644,25,47762.236157
-23.126573,24,47764.872364
275.38887,45,47769.668849
-73.866282,17,47771.607212
-73.037728,18,47773.553059
98.52932,29,47776.62589
-69.098822,26,47779.199824
-19.306887,28,47782.187059
-58.741337,26,47784.782013
-71.160638,21,47787.857302
-46.776252,27,47790.68793
138.255975,34,47794.41655
-66.533411,19,47796.552309
-15.844562,27,47799.395828
-69.456655,25,47802.071312
495.530091,53,47807.828547
-66.049203,19,47810.12567
-70.936584,24,47812.472727
-29.691587,24,47815.046947
305.014177,44,47819.851011
36.005802,30,47822.942361
-3.761344,32,47826.46464
-43.112846,22,47828.847255
-50.65189,28,47831.738949
131.014515,36,47835.556707
-4.76686,29,47838.597064
55.514925,30,47841.741575
107.88472,39,47845.707138
129.291104,37,47850.453508
44.197907,33,47854.049689
80.863908,33,47857.339257
71.492146,33,47860.527292
-29.880929,24,47862.898423
131.74015,36,47866.520627
93.76163,35,47870.019395
-11.306748,24,47872.421748
-9.542213,30,47875.281147
-58.160379,23,47877.482692
384.216085,48,47883.297927
63.178718,30,47888.366803
33.554821,29,47891.369445
77.447481,34,47894.89484
86.072583,34,47898.175102
-49.578885,27,47900.895068
-12.332299,24,47903.285404
22.164047,29,47906.238772
-23.029051,21,47909.461021
176.725546,38,47913.567631
-9.972828,25,47916.207906
98.095199,38,47920.03742
79.68091,31,47923.304797
318.000826,49,47927.956824
129.512817,36,47931.469717
100.367612,39,47935.005601
72.266464,26,47937.597389
36.201372,30,47940.625071
223.797613,41,47944.546945
86.500342,35,47947.765514
-9.531158,27,47950.154538
157.970095,37,47953.42732
260.088965,47,47957.294111
92.042734,33,47960.25916
-57.422866,21,47962.190985
28.898957,29,47964.921495
149.13204,40,47969.077921
-5.480317,28,47971.657221
102.457228,38,47974.913399
188.239468,42,47978.549915
23.538689,29,47981.220942
184.457325,41,47984.674791
200.750383,39,47988.079332
33.009068,27,47990.526978
165.952557,41,47993.956583
-64.334611,21,47995.804211
-54.120421,28,47998.153291
98.444946,32,48001.001143
-54.316344,26,48003.36442
27.722927,29,48006.115648
-52.552472,26,48008.342785
-15.833157,24,48010.535116
50.079323,35,48013.525648
43.990219,33,48016.313152
-52.668497,25,48018.500115
-69.920256,19,48020.335321
138.310798,36,48023.477071
-63.644681,22,48025.454438
-25.48754,28,48028.596233
-60.063665,24,48030.719806
76.344347,31,48033.528647
-83.258234,20,48035.602818
22.786795,27,48038.049231
92.071444,32,48040.941671
-67.475415,23,48043.135196
129.663448,36,48046.261554
88.858508,34,48049.467357
317.64632,48,48053.771981
-11.664867,31,48056.316706
-58.117197,27,48058.655933
253.900483,41,48062.270785
241.718813,40,48066.277548
-8.404458,27,48068.666428
-41.228588,29,48071.133464
116.542873,31,48074.001106
-19.255063,23,48076.398283
-53.639868,23,48078.554721
-63.92576,21,48080.465
137.799625,37,48083.71487
-51.623252,25,48085.972497
26.028399,27,48089.110108
239.146337,41,48092.707615
43.387673,33,48095.592542
211.41677,43,48099.30303
199.249972,40,48102.654383
-33.49231,22,48104.684697
125.828405,43,48108.123342
-13.756701,22,48110.15484
-46.653694,27,48112.538013
-90.868714,19,48114.2195
308.768702,48,48118.519108
-45.855851,27,48120.919014
56.230061,34,48124.054272
-58.327108,25,48126.35367
194.50992,36,48129.653476
-67.88991,24,48131.84872
7.127418,32,48134.608667
1.365956,31,48137.21453
218.033043,41,48140.751839
41.759158,31,48143.516618
-57.604261,24,48145.569466
51.562098,32,48149.051259
34.117062,29,48151.775047
69.188703,28,48154.490934
53.692116,35,48157.511021
-62.217315,21,48159.455324
-8.886471,28,48161.915586
126.373494,36,48165.478161
89.035792,34,48168.669278
-62.126489,22,48170.585054
-48.628431,30,48173.075803
-13.471029,29,48175.784755
-68.420297,21,48177.675674
4.346854,33,48180.409191
217.040024,39,48184.084345
-54.6999,26,48186.640509
48.062435,35,48189.54045
-62.747038,27,48191.818968
72.651269,35,48194.85112
32.994122,30,48197.592729
28.712245,29,48200.20478
179.108823,41,48203.817617
-52.360337,23,48205.885068
42.23779,34,48209.73173
86.011981,32,48212.759323
95.920454,37,48216.056536
44.27219,32,48218.880209
-23.716773,23,48221.060539
41.500227,31,48223.734515
88.795235,36,48226.805314
156.442824,36,48229.885115
204.549977,41,48233.422165
-64.820185,28,48235.811527
-73.919991,20,48237.651296
226.229478,41,48241.219909
-19.473191,25,48243.66583
2.41405,30,48246.539088
-17.451109,25,48248.764864
40.125052,31,48251.443193
14.866963,27,48253.953517
166.622814,38,48257.26759
-5.743989,30,48259.826498
93.145601,32,48262.572052
47.365538,33,48265.488739
0.503465,31,48268.895013
47.320588,31,48271.688493
-52.860177,26,48274.04715
-1.92312,32,48276.852903
285.322687,42,48280.526511
32.441199,31,48283.164925
32.340804,28,48285.88454
-4.730853,31,48288.5719
232.868499,44,48292.363633
-31.896349,19,48294.151124
52.605307,35,48297.15525
-71.746766,24,48299.45437
-65.277312,23,48301.448995
-32.60751,25,48303.789769
75.267578,32,48306.757144
66.691961,30,48309.45921
135.899091,37,48312.746449
137.177801,38,48316.07562
-73.904425,19,48317.875132
-55.408591,27,48320.218311
-6.712541,25,48322.413009
-11.670925,27,48324.741346
-63.270356,18,48326.458152
77.319938,30,48329.783509
-10.005759,27,48332.377619
142.54392,38,48335.726151
-53.875028,26,48337.942659
501.406323,56,48342.925085
-57.396001,28,48345.350135
320.593866,48,48349.755396
-3.754666,27,48352.226078
96.702542,37,48355.425635
-16.923781,21,48357.394648
-55.528581,26,48359.627395
-13.842098,23,48361.717436
2.699445,31,48364.54102
-13.639159,25,48366.833908
234.47235,44,48370.638896
27.717654,27,48373.106996
-13.891113,29,48375.792588
105.883304,38,48379.034068
222.519339,42,48382.807821
-64.423179,21,48384.631151
-28.156774,25,48387.590998
-62.094172,23,48389.665174
49.395848,31,48392.544954
8.959542,33,48395.397871
-67.690661,22,48397.364261
-15.605569,28,48399.823107
9.980422,32,48402.602228
151.202509,43,48406.176857
-82.646549,16,48407.874856
128.381289,38,48411.278428
-23.895153,24,48413.405576
-20.157376,20,48415.31106
-19.075734,26,48417.64537
97.258688,34,48420.663501
45.400272,31,48423.519544
125.844626,36,48426.932368
111.620949,37,48429.979084
48.904053,35,48432.948105
233.220272,44,48436.74694
226.235768,44,48440.429815
-59.081542,23,48442.530593
50.352747,34,48445.389122
-64.469083,20,48447.904235
-56.435557,23,48450.038188
-66.012482,20,48451.926037
-50.846084,27,48454.489244
62.513281,26,48456.982247
-67.804393,24,48459.153627
0.742825,28,48461.685851
-63.288989,25,48463.918499
236.122703,45,48467.976698
132.99143,38,48471.213207
95.069019,35,48474.429344
142.868896,39,48477.736959
-3.036519,30,48480.359589
5.575374,30,48483.014508
225.370631,39,48486.953467
-6.038902,30,48489.511744
93.829121,37,48492.651902
-15.399192,26,48494.929492
-0.545465,32,48497.609299
-5.67796,26,48499.9311
113.064283,35,48503.340173
-51.838604,24,48505.648149
-2.613468,29,48508.99664
138.325131,32,48511.982424
-17.879864,23,48514.02988
-33.70065,21,48516.643763
139.113,36,48519.988271
24.956718,28,48522.546765
42.785096,32,48525.340955
-68.922026,18,48527.073214
-1.836543,31,48529.990137
226.511745,42,48533.748235
85.399112,31,48536.720908
4.753351,34,48539.50568
292.454076,43,48543.374714
-29.365697,27,48546.073683
85.266097,35,48549.064173
139.572258,40,48552.490379
-34.384234,20,48554.401434
5.344438,32,48557.088655
40.055986,29,48559.824228
-60.89128,23,48561.806224
-17.271195,23,48563.974505
-64.150138,24,48566.03509
-54.006249,25,48568.987597
134.388646,40,48572.398573
-50.217462,26,48574.808397
4.493862,34,48577.632423
-23.174467,26,48579.922292
-20.076283,22,48582.01685
-54.848526,24,48584.200241
49.810107,36,48587.1836
165.823658,38,48590.580245
0.540067,32,48593.337087
279.430965,46,48597.286572
-1.030439,28,48599.944753
0.146495,28,48602.495236
107.144177,39,48606.051222
36.727209,30,48608.751359
236.185955,44,48612.498254
-63.854285,19,48614.319618
-52.634568,23,48616.353415
-89.68287,14,48618.366561
74.816053,32,48621.386731
-21.327694,24,48623.529011
97.689689,37,48626.948833
0.704334,30,48629.931533
92.6588,36,48633.111026
-88.222938,18,48634.795888
103.25161,36,48637.860171
-46.552642,27,48640.221444
-84.405313,21,48642.122865
49.37622,35,48645.056958
225.319341,43,48648.923401
96.865877,38,48652.429267
25.845638,30,48655.176921
-2.92822,28,48657.647446
-20.545812,25,48659.839886
114.945086,29,48662.56544
-0.084943,29,48665.272795
-19.002332,23,48667.516804
-1.969181,27,48669.902079
98.228387,33,48672.993656
881.681615,67,48678.899598
47.991437,32,48681.653347
-87.639886,19,48683.380318
327.90039,47,48688.284027
188.221731,37,48691.727647
134.836426,39,48695.040897
-43.907289,29,48697.523506
-84.372156,20,48699.386863
30.729384,29,48701.927765
240.113863,45,48705.927326
-60.481185,24,48708.053899
17.450985,26,48710.499094
-78.627819,20,48712.328167
22.126249,24,48714.53816
346.98661,49,48718.719743
-72.094982,19,48720.573887
-0.594092,30,48723.283563
-6.689809,25,48725.794986
140.776038,36,48729.014433
-16.115326,27,48731.453063
-69.848602,24,48733.590092
-30.919837,24,48735.728407
100.067453,35,48738.838415
296.744864,47,48743.111936
-80.973023,22,48745.056315
85.628847,34,48748.642258
133.689659,37,48751.906294
37.878495,29,48754.664866
-58.551066,23,48756.698426
59.626141,31,48759.319899
338.148028,47,48763.368446
31.615736,26,48765.808466
86.611126,33,48768.847064
38.772121,27,48771.396584
20.260116,33,48774.136659
24.998687,27,48776.698473
68.473665,32,48779.595759
252.885082,44,48783.498035
502.480131,56,48788.732564
-13.358953,26,48791.061443
83.640188,34,48793.983761
144.891581,38,48797.411085
53.875332,35,48800.402142
234.539825,44,48804.334252
196.457659,38,48808.702326
-70.019204,26,48810.843499
229.536704,43,48814.69875
-61.678547,26,48816.946933
31.368538,32,48819.639061
-7.547204,27,48822.037061
44.37532,34,48824.95212
-7.792122,30,48827.598548
263.049159,45,48831.472651
-3.125819,30,48834.116684
-16.036867,25,48836.344689
-12.728946,26,48838.689691
-1.282463,27,48841.090039
-8.151059,28,48843.614368
-5.701288,27,48846.181312
139.355675,36,48849.446209
-10.37438,25,48851.679611
34.880388,33,48854.548399
4.955248,32,48857.329204
-50.48902,28,48859.711218
268.897503,44,48863.628795
86.633314,30,48866.340393
495.919321,46,48871.029357
39.464511,34,48874.107905
-45.257274,26,48876.516293
99.594417,37,48879.680552
93.953822,36,48882.780517
-47.299317,21,48884.778254
94.890945,33,48887.728582
-63.244391,25,48889.906395
-51.911572,25,48892.102678
108.823313,34,48895.23144
132.590412,36,48898.38553
147.543595,37,48901.666966
-68.971939,21,48903.663528
186.649718,41,48907.326511
-48.203772,26,48909.636484
149.07346,40,48912.968883
131.40935,37,48916.207961
255.928494,39,48919.693149
-11.368517,25,48921.847166
113.313769,34,48924.973577
92.876321,38,48928.909057
-4.093676,28,48931.593249
-15.712584,24,48933.801173
97.810614,38,48937.152101
91.956842,37,48940.273508
-13.753764,28,48942.683146
-54.244118,26,48945.048681
264.296134,44,48949.07508
42.771733,31,48951.941596
133.56119,38,48955.516237
180.651786,42,48959.071779
217.638199,39,48962.531789
100.061859,36,48965.930576
88.21991,34,48968.942114
-24.48592,28,48971.739547
174.489194,37,48975.535379
187.449378,40,48979.45204
149.524894,36,48982.65713
-71.74373,22,48984.567589
132.185358,37,48988.589941
80.782044,34,48991.521092
131.750296,38,48995.010447
4.57308,31,48997.675745
344.740814,50,49002.015051
47.382656,32,49004.792282
133.699577,36,49008.039371
29.181775,28,49010.736458
209.314268,43,49014.354596
137.318246,38,49017.58365
3.549055,26,49020.167263
37.169959,30,49022.921661
2.091566,30,49025.708538
122.016421,37,49028.93978
-91.876815,22,49030.96946
147.999538,35,49034.025054
-17.767772,25,49036.314405
46.623756,31,49039.06782
163.870124,43,49042.694831
-57.388975,24,49044.774971
88.460535,28,49048.111081
-59.048958,22,49050.190453
49.476868,35,49053.365427
219.45834,44,49057.097423
191.233868,36,49060.305698
94.255704,36,49063.414199
-7.176168,29,49065.959943
415.805601,53,49070.712109
175.103902,37,49074.063331
71.397884,29,49077.074352
-48.270547,29,49079.561186
-43.103545,28,49082.040037
135.294697,39,49085.660097
-64.417276,22,49087.620727
1021.1939,70,49093.879628
103.192437,35,49096.934312
285.32777,47,49101.081918
235.215359,44,49104.879825
-27.19573,25,49107.66158
110.022919,34,49110.730063
320.037691,46,49115.206145
-63.483452,22,49117.229068
123.326943,35,49120.40532
-6.579927,30,49122.993156
341.081688,48,49127.265873
-6.160087,25,49129.644962
56.34428,35,49132.75766
29.164603,26,49135.164128
136.740269,35,49138.355068
317.798282,43,49142.13489
4.214638,31,49145.110628
85.868149,35,49148.215324
32.950538,30,49151.203352
-53.427271,21,49153.1244
-50.281822,27,49155.565245
146.343848,39,49159.059109
169.773454,37,49162.391449
44.913347,33,49165.236331
194.156388,42,49169.502806
-3.332474,27,49171.972018
114.886993,36,49175.392225
385.148623,50,49179.750959
3.594324,30,49182.384604
-64.856979,22,49184.340406
-101.037114,17,49186.178094
-14.135783,25,49188.525754
135.018171,35,49191.803523
182.486352,40,49195.657074
97.089306,37,49198.770894
2.096715,30,49201.338959
189.646039,43,49205.242899
8.177703,33,49208.056218
-12.596579,28,49210.444122
44.850721,33,49213.385741
186.506234,43,49217.177301
-59.518541,23,49219.259034
45.298997,32,49222.034195
-44.002753,28,49224.404623
361.646104,52,49229.454611
248.132063,46,49233.576962
40.294137,33,49236.458331
-5.72041,29,49238.926915
-20.945494,27,49241.350416
569.011625,54,49246.089439
234.96353,43,49250.047765
92.378896,34,49253.090079
-3.448319,30,49255.983804
236.172136,44,49260.023364
88.622967,36,49263.245417
278.105578,49,49267.709869
-13.804984,28,49270.19409
-0.989335,32,49273.025723
-34.037492,31,49275.563996
-91.924939,16,49277.197319
91.121925,35,49280.326549
445.411394,54,49285.080525
-109.093118,11,49286.152417
106.063544,38,49290.145111
98.860672,38,49293.616846
141.550672,39,49297.110461
364.148378,53,49301.78738
-11.798047,25,49304.092123
-68.566852,22,49306.068844
101.563158,36,49309.276453
-69.469761,18,49311.052483
-38.488689,19,49313.668294
-54.888577,25,49315.875667
194.91666,43,49319.557361
357.034917,48,49323.770344
147.031966,38,49327.21941
-11.979109,27,49329.767724
36.739348,33,49332.565288
182.69631,41,49336.108088
232.450764,42,49339.844333
956.858906,69,49346.214782
-6.760287,31,49349.530093
584.055632,58,49354.847029
142.655515,39,49358.284067
-4.016021,28,49360.785815
102.623418,37,49364.086085
129.744156,37,49367.480789
33.492969,31,49370.134625
95.451839,36,49373.257482
29.049307,31,49375.965189
0.173339,31,49378.607799
39.097789,31,49381.360498
-68.480365,23,49383.76118
49.029831,33,49386.775515
-50.553273,25,49388.879099
-52.267452,28,49391.332709
-7.138597,27,49393.843909
-41.87562,27,49396.191292
143.085987,38,49399.509579
36.170841,31,49402.224438
-47.466981,27,49404.617284
89.02645,35,49408.290307
42.300125,33,49411.071659
10.390585,33,49413.905291
-77.165784,23,49416.066776
56.742233,33,49418.936639
91.703096,37,49422.070638
-84.660923,26,49424.271888
298.763065,45,49428.404452
132.512345,37,49431.800397
-6.550682,29,49434.333964
137.150221,38,49437.745246
28.00534,27,49440.268266
126.185057,38,49443.597829
110.192887,35,49446.944403
-65.675068,24,49449.02773
44.836134,33,49451.922554
66.499152,32,49454.696527
82.601397,33,49457.572502
332.201186,51,49461.943467
223.509578,41,49465.965537
72.636186,28,49469.254098
54.495097,34,49472.349298
32.880072,28,49475.043709
3.222611,31,49477.808493
89.312134,33,49480.79108
-26.958915,28,49483.389254
-46.509785,29,49486.138253
47.361373,33,49489.066141
-61.495291,25,49491.20842
134.626511,39,49494.617094
-6.490362,29,49497.168063
-42.549014,28,49499.575632
180.962345,42,49503.128936
45.409055,34,49506.302643
273.674165,45,49510.316482
32.033943,29,49512.986689
15.175841,33,49515.801143
-14.373571,25,49518.038451
-61.220845,22,49519.970763
31.090474,30,49522.684719
-38.457018,29,49525.222508
-47.318636,27,49528.364106
-2.916094,32,49531.036702
88.066468,33,49534.021729
136.559519,39,49537.398324
-2.762603,28,49539.872558
136.381274,38,49543.205169
50.892177,36,49546.180681
83.618328,34,49549.447528
421.257545,53,49554.088564
-6.428642,27,49556.461766
88.376151,35,49559.585602
-10.999563,25,49561.873986
143.564643,37,49565.469062
51.584677,32,49568.299976
414.193124,51,49572.955164
-41.386772,29,49575.454497
322.053188,49,49579.643234
83.993815,33,49582.598981
38.834594,29,49585.234331
-16.295591,26,49588.244975
-72.660367,20,49590.069973
-3.968343,30,49592.70206
-72.198024,24,49594.986511
-3.310505,30,49598.045968
134.984972,36,49601.170281
109.395073,34,49604.262621
348.30308,50,49608.682608
87.751548,35,49611.944628
143.090802,38,49615.206866
235.168488,43,49619.051355
395.082159,49,49623.480815
93.319969,36,49626.816342
186.133007,42,49630.456445
-78.784725,20,49632.282592
193.08589,42,49635.901648
275.129955,48,49640.178298
8.241162,31,49642.757346
104.863572,37,49645.913726
141.111631,38,49649.708222
147.337701,38,49653.287391
204.944209,39,49656.808394
131.494993,35,49659.978072
-76.62829,22,49661.940833
95.62076,32,49664.832323
77.950332,33,49667.783015
122.242582,36,49670.870566
318.329205,47,49675.1629
43.231891,31,49677.97137
-22.033601,23,49680.155277
85.635086,32,49682.991609
189.813679,33,49686.273844
231.496348,41,49689.921099
92.345477,33,49692.84337
196.989117,41,49696.470186
185.203135,40,49699.99807
173.103523,39,49703.35598
33.087783,27,49705.787635
-58.967986,24,49708.703738
9.098078,32,49711.46431
-5.03687,31,49714.138005
142.571193,37,49717.426994
229.175014,42,49721.23599
97.216174,37,49724.483138
58.150291,37,49727.644704
132.687649,36,49730.904844
100.676027,35,49733.887674
230.99619,43,49737.594283
6.886589,31,49740.557664
331.387854,50,49745.049266
134.76006,35,49748.198015
-2.068498,29,49750.774534
123.845713,37,49753.82748
174.573969,39,49757.156178
160.919987,38,49760.525115
120.00051,33,49763.799471
-49.128736,27,49766.039301
53.325383,35,49769.732488
435.138825,52,49774.198668
-8.051334,28,49776.717036
62.270899,27,49779.423672
120.719593,37,49782.63409
93.700293,36,49785.71067
86.525987,32,49788.57147
126.26093,35,49791.723747
190.563778,40,49795.274009
225.475028,44,49798.911165
177.792752,38,49802.480368
274.210209,44,49806.700955
167.682583,34,49809.895798
226.257304,42,49813.529151
-14.188036,25,49815.819134
-54.740821,26,49818.022801
120.598062,35,49821.179859
255.743746,42,49824.886781
151.448081,38,49828.719579
504.343455,56,49833.720196
67.531711,33,49836.664263
144.428248,39,49840.014202
120.515144,36,49843.192467
394.302172,51,49847.906218
249.212167,43,49851.860062
130.3847,37,49855.176092
-9.555318,27,49857.55351
124.524041,36,49860.733602
13.136007,33,49863.576049
212.791031,42,49867.432766
4.501809,30,49870.06537
87.913138,36,49873.104681
150.471319,42,49876.661947
-6.913057,30,49879.482917
92.505385,35,49882.631192
231.441169,45,49886.74997
189.413331,41,49890.772838
283.428298,46,49895.078405
87.368853,35,49898.284652
100.096436,37,49901.588813
714.398404,56,49906.563926
137.560449,37,49909.887554
181.275452,40,49913.515559
-9.655141,26,49915.845796
368.551202,50,49920.242338
242.704434,42,49923.993968
194.192496,42,49927.897262
133.656804,36,49931.113887
-6.004576,28,49933.58747
136.399087,36,49936.83303
288.718529,38,49940.50394
182.916422,39,49943.899473
182.681039,38,49948.006334
502.398746,57,49952.939083
-78.601761,20,49954.828445
90.918358,35,49957.891059
50.817816,34,49961.025239
144.159119,39,49964.53861
-56.135655,25,49966.769629
49.692966,34,49969.620969
236.585391,46,49973.649877
-29.318574,27,49976.040651
84.590618,33,49978.915504
195.793475,36,49982.261759
177.687383,40,49986.001007
133.660327,38,49989.207674
185.211806,43,49992.927428
339.413179,50,49997.182737
55.315338,34,50000.182586
95.498938,36,50003.476036
317.6005,48,50008.590724
227.03103,40,50012.214047
95.460564,35,50015.455692
187.148828,41,50019.057964
232.669538,42,50022.748182
135.584308,39,50025.969096
89.441047,36,50029.164509
281.797503,45,50033.1721
142.999624,35,50036.355454
9.464288,33,50039.185822
94.060424,34,50042.232716
585.945829,57,50047.572318
533.702959,60,50052.660432
-36.914593,30,50055.166328
65.985433,29,50057.984221
286.182835,48,50062.068446
347.17725,47,50066.376062
35.495777,30,50069.714683
228.238674,40,50073.430385
37.673781,32,50076.278598
194.04533,43,50080.007385
-60.815113,24,50082.11721
183.330444,38,50085.590491
-7.263852,30,50088.174085
35.845264,28,50090.694551
153.616065,35,50093.850034
-3.925913,29,50096.390865
-6.094835,27,50098.804029
-59.515191,23,50100.879154
-10.216771,29,50103.495397
173.214501,41,50107.192821
116.132887,34,50110.073312
234.818105,44,50113.98296
83.621184,32,50116.74473
56.428821,33,50119.698322
139.925448,37,50122.932402
32.328972,28,50125.492809
-68.741981,25,50128.389231
-49.942587,27,50130.817182
184.143382,41,50134.425744
-60.547335,24,50136.719184
233.079704,44,50140.526143
-9.802635,26,50142.816913
-11.114764,26,50145.183491
506.95508,54,50150.305279
100.204281,29,50152.967799
51.058248,32,50155.735102
44.305916,32,50158.536915
287.553779,44,50162.513641
-16.617336,27,50165.065775
95.220431,36,50168.266582
35.532227,30,50170.87579
0.856475,28,50173.376954
-51.621981,27,50175.677942
99.350071,32,50178.507479
30.633705,31,50181.244137
215.101872,42,50184.956251
36.350238,30,50188.388636
-7.02956,28,50190.96098
11.708384,33,50193.843235
276.57935,45,50198.041837
50.399724,33,50200.97318
51.057639,32,50203.733654
263.86483,44,50207.609487
43.249136,32,50210.583613
310.288787,47,50214.624255
183.580957,38,50218.148695
9.801914,31,50220.846526
75.80413,32,50223.757101
-2.243578,28,50226.45411
-53.27002,26,50228.761221
513.808888,56,50233.779176
-2.56884,27,50236.198389
190.10684,42,50239.812983
593.918428,58,50244.955508
181.954298,41,50249.334671
141.779612,39,50252.774535
38.062473,33,50255.87083
257.781016,42,50259.670923
235.603011,46,50263.537774
145.121584,39,50266.97845
22.477915,28,50269.476543
-55.839628,26,50271.765346
53.394123,35,50274.650342
10.024536,31,50277.39093
140.630283,38,50280.672746
185.168744,40,50284.21943
95.695577,33,50287.410465
38.048875,32,50290.141187
104.900915,38,50293.383799
148.188451,39,50296.783319
-57.289171,24,50298.856308
231.883615,41,50302.658903
336.375092,50,50307.716367
207.884511,43,50311.356172
128.690944,34,50314.423938
-77.175363,18,50316.255385
102.525861,39,50319.626578
-27.095546,20,50321.686853
-29.669903,26,50323.986287
192.841815,42,50327.74719
-15.727149,23,50330.049906
43.989112,32,50333.223178
0.464754,27,50335.801977
337.342232,46,50339.926157
112.58227,31,50342.86827
686.896443,61,50348.754448
418.085508,39,50352.335384
144.59055,37,50355.632353
59.342245,33,50358.728115
279.400201,45,50362.762016
184.662994,40,50366.365372
40.676235,31,50369.69524
154.553741,41,50373.265494
312.928686,48,50377.472468
156.470155,42,50381.163763
229.461159,41,50384.717804
226.86777,41,50388.531482
131.931179,36,50391.665927
181.296027,37,50394.921
194.511677,40,50398.640827
77.843248,34,50401.564108
756.85348,63,50407.389996
46.065219,35,50410.378249
288.442908,46,50414.534982
0.001342,32,50417.348531
130.262224,36,50420.476805
135.087152,39,50423.870154
42.963943,32,50427.293801
175.922504,40,50431.024211
-92.660505,11,50432.177165
92.467079,37,50435.451837
40.364085,28,50438.108833
290.406981,47,50442.30747
313.239132,47,50446.451789
-44.851038,21,50448.512956
71.900023,31,50451.511752
-11.659045,30,50454.193143
79.338818,34,50457.208259
-0.738832,32,50459.824385
85.186876,35,50463.013481
-30.422704,24,50465.599699
131.332248,38,50469.844651
-5.386693,29,50472.35154
10.989275,23,50474.532691
197.017319,39,50477.986505
224.796068,39,50481.491751
-52.052007,22,50483.548644
329.845163,49,50488.559161
349.495592,48,50492.918785
84.190083,32,50495.956177
145.058405,38,50499.224554
152.834298,42,50502.818453
24.813346,31,50505.635619
82.560009,35,50508.574827
278.104126,44,50512.425396
-79.034206,16,50514.033223
382.200535,54,50518.608501
85.348935,32,50521.484885
-30.178303,23,50523.677142
54.133582,32,50526.718078
185.858668,41,50530.277429
87.193703,34,50533.379084
152.980644,40,50536.816302
42.959761,33,50539.80057
91.088283,33,50542.700559
282.752533,46,50547.460246
51.729085,36,50550.617007
187.080645,41,50554.309005
52.92562,34,50557.424876
101.911602,37,50560.68716
145.638546,40,50564.186457
-69.908349,24,50566.376012
97.274624,39,50569.639462
468.026934,46,50573.628706
54.826648,36,50576.739923
196.556013,42,50580.56059
71.742631,30,50583.336548
65.727775,37,50586.817031
51.270141,35,50589.766581
142.708185,36,50593.098658
343.385284,46,50597.269041
100.948621,37,50600.451001
242.592523,44,50604.270598
45.751269,33,50607.834807
41.641609,29,50610.524961
228.530047,44,50614.469469
-7.347193,31,50617.162652
217.787315,37,50620.591948
131.807066,35,50623.685575
215.618293,41,50627.519464
19.353998,27,50629.975856
133.846117,35,50633.087263
95.200866,37,50636.259832
236.004999,45,50640.062538
-58.947521,22,50642.020989
223.297915,43,50646.038298
-25.239098,24,50648.232017
132.834869,35,50651.192318
-49.02952,28,50653.586759
183.296651,40,50657.174723
30.269335,30,50659.904438
176.66697,41,50663.419494
-52.044727,23,50665.497877
-40.125128,29,50668.610965
187.573562,41,50672.27537
187.006775,40,50675.990218
320.995791,48,50680.254806
79.918887,33,50683.249393
45.02592,33,50686.117249
-51.009192,27,50688.445222
-54.138707,26,50690.654119
184.142553,40,50694.287744
226.437608,43,50698.0061
179.312463,39,50701.390725
11.852706,33,50704.227926
94.846795,36,50707.652649
342.209196,50,50712.066531
179.748734,38,50715.407499
230.722968,42,50719.113139
40.145367,27,50721.645329
171.376024,38,50724.883732
242.343066,41,50729.200467
192.342416,38,50732.825207
24.473371,22,50735.094705
4.823159,32,50737.835181
5.827568,21,50739.842409
220.332484,39,50743.294822
78.847703,28,50746.101984
159.483936,38,50749.932735
-72.03249,21,50751.817641
183.182394,39,50755.269254
237.49927,40,50759.005459
-55.638571,27,50761.315482
272.310114,43,50765.326609
55.703089,32,50768.200834
225.707032,41,50771.862007
222.867548,41,50775.396827
82.019466,36,50778.638901
179.413226,38,50782.153975
136.676245,37,50785.348727
-51.963471,27,50788.406648
223.019466,41,50792.007002
324.317107,47,50796.446372
197.551691,44,50800.19422
48.005068,32,50802.92463
-62.448628,25,50805.057402
105.393449,39,50808.323091
44.285354,31,50811.204356
249.092484,44,50815.056121
365.970652,51,50819.522099
242.780466,39,50823.049281
138.818528,42,50826.805581
136.166149,38,50830.118043
186.211717,41,50833.646422
898.301463,66,50839.43607
206.78335,40,50843.012689
237.371533,43,50847.472497
148.726973,40,50852.573582
95.353987,37,50856.216498
258.13837,45,50860.256282
49.255907,34,50863.109627
534.489705,57,50868.15724
478.269971,53,50872.775292
425.05677,55,50877.638447
-8.836944,29,50880.330958
-3.617625,29,50882.830143
45.477912,32,50885.826134
50.691734,33,50888.646027
47.335557,30,50891.289438
239.214813,43,50895.123353
79.586821,28,50897.638391
283.833487,43,50901.462007
-41.244086,28,50903.904576
183.8463,41,50908.088073
235.110969,44,50912.021336
142.00159,38,50915.709823
142.470113,38,50919.227688
124.355821,33,50922.235031
-5.826382,30,50924.848948
-63.057451,23,50926.911554
329.974316,52,50931.514231
83.478233,32,50934.489765
54.089736,34,50937.461625
245.819579,44,50941.550407
27.807232,25,50943.844984
248.862719,46,50948.178434
305.089741,44,50952.25244
159.739489,34,50955.501404
-1.240508,30,50958.027609
139.023785,37,50961.253108
333.929129,43,50965.190976
179.377473,40,50969.229827
39.964706,32,50972.059254
53.977373,34,50975.014926
185.33958,40,50978.547641
127.781582,36,50981.893962
103.639556,37,50985.240059
208.567297,39,50988.845541
-17.523118,23,50990.971461
96.596553,34,50993.971331
284.601147,48,50998.087448
199.378476,42,51001.857853
167.583173,39,51005.347473
12.157098,28,51008.133815
-12.259125,24,51010.314535
-94.385233,23,51012.279684
233.805809,44,51015.896996
118.751484,32,51018.926886
336.220742,50,51023.474118
-47.310925,25,51025.593833
100.707543,37,51029.415896
222.721262,41,51033.202552
162.090498,40,51036.701666
45.595615,31,51039.389799
91.530441,37,51042.632366
94.487081,37,51045.78403
-28.769146,25,51048.287908
-59.259757,28,51050.866343
390.560733,50,51055.322461
232.952336,44,51059.094486
272.439524,44,51063.089219
9.927346,31,51065.986031
314.279264,45,51069.978118
303.614294,48,51074.518208
182.49202,36,51077.905173
38.820584,28,51080.455652
195.002232,42,51084.237378
134.655474,38,51088.119983
239.63114,46,51092.135315
-4.754534,28,51094.550333
-12.961231,23,51096.791195
238.892862,43,51100.59816
41.274105,30,51103.290664
184.738137,41,51106.836375
42.546617,31,51109.826792
45.505328,33,51112.915434
7.248451,33,51115.65619
326.594291,41,51119.464756
93.049077,37,51122.704911
218.522466,42,51126.618282
9.681395,28,51129.090507
47.998705,34,51132.011252
71.737049,30,51135.132253
65.542639,37,51138.395091
237.938437,43,51142.300729
225.471204,41,51145.950939
224.382787,41,51150.299449
42.526766,29,51153.064591
546.624932,52,51157.932233
241.704576,45,51161.823858
-59.579856,24,51164.165778
277.405035,43,51168.11282
299.681216,46,51172.16173
375.673573,52,51176.718479
94.088874,36,51179.741189
117.402988,35,51182.817602
217.767233,41,51186.734844
55.408961,35,51189.713103
365.409986,49,51194.092237
194.786032,40,51197.741164
173.185014,37,51201.002857
54.425208,34,51203.906042
-65.919134,22,51205.817913
185.101399,41,51209.828233
97.39338,37,51213.13159
272.722727,44,51217.1655
98.972517,34,51220.238225
236.674179,43,51224.042612
155.814261,37,51227.18267
403.976623,53,51231.788147
2.38739,31,51234.578638
286.300468,46,51238.707433
50.917539,31,51241.49092
180.193111,40,51245.251861
296.7865,44,51249.138113
133.585677,36,51252.371569
255.925893,45,51256.18429
-39.379713,20,51258.356614
29.41482,33,51261.244859
-4.010984,26,51263.619377
133.458041,39,51267.545411
-2.064597,29,51270.096332
594.098961,49,51274.561723
49.226437,32,51277.561318
213.845818,41,51281.48183
237.53414,45,51285.385
98.758925,36,51288.474401
263.84332,45,51292.415085
52.138025,32,51295.476064
172.237785,40,51299.06231
95.441175,36,51302.195845
145.171742,39,51305.901709
-33.828333,25,51308.247678
393.914812,51,51312.754362
-10.625662,29,51315.349909
45.341021,32,51318.333794
184.876638,42,51321.963902
146.628366,36,51325.264086
-14.332685,25,51328.114048
135.849485,36,51331.483086
54.422992,34,51334.365374
240.599862,42,51338.151808
10.151958,30,51340.724113
0.045801,27,51343.143082
68.786421,30,51345.793825
141.83608,39,51349.356603
314.600875,47,51353.734115
283.232771,47,51358.216719
195.461344,45,51361.988611
3.067638,32,51364.735872
187.009817,42,51368.613758
179.74904,37,51372.028329
91.959117,34,51375.138272
119.592697,35,51378.289319
-28.299134,23,51380.450526
196.161646,41,51384.093691
87.748884,35,51387.757977
97.678318,38,51390.990748
134.251804,34,51394.129817
38.239549,31,51397.09755
108.819314,39,51400.391804
547.650905,56,51405.330357
325.714443,50,51409.927316
86.511517,34,51412.97769
47.071328,33,51415.798661
121.720417,34,51418.83294
193.607282,39,51422.169817
187.282138,40,51426.337555
37.884683,33,51429.2558
395.519005,49,51433.63112
-4.511413,29,51436.202964
-98.296762,17,51437.888622
139.748801,38,51441.318313
-76.07172,21,51443.15804
107.409686,33,51446.033992
140.893703,41,51450.04288
121.329151,34,51453.486152
249.127774,40,51457.10789
45.987666,32,51459.918396
12.246372,29,51463.481409
160.471097,35,51466.552569
244.834558,47,51470.631274
168.550581,34,51473.68051
145.02718,40,51477.192673
115.253575,33,51480.255108
288.063737,49,51484.560239
141.467836,33,51487.787528
11.355322,31,51490.567703
6.759499,32,51493.173909
101.374639,34,51496.330417
225.260951,39,51499.705086
195.596762,39,51503.344024
153.0362,40,51507.565688
338.235488,49,51512.132576
260.549902,39,51515.671501
34.625128,33,51518.575336
301.354983,45,51522.654241
144.107157,38,51525.841878
-0.215296,32,51528.571947
335.12021,47,51533.03874
235.388723,43,51536.967424
341.953782,50,51541.440275
112.945775,34,51544.897439
185.833683,41,51548.730034
47.484139,35,51551.709438
88.095742,30,51554.412555
78.53036,31,51557.223306
136.283418,39,51560.642778
372.131014,48,51565.071228
-51.770172,26,51568.05238
332.985069,49,51572.333286
145.723481,38,51575.64057
57.158991,34,51578.591326
17.800206,33,51581.464639
292.13442,48,51585.647887
305.632343,46,51589.862386
-7.808942,27,51592.234804
-12.230806,28,51594.656139
96.997413,37,51597.838001
281.187721,43,51601.695346
226.113395,40,51605.40968
130.998376,35,51608.634856
334.577835,51,51613.108161
450.325874,54,51617.963037
355.230658,51,51622.309754
235.685982,42,51626.023752
337.966997,50,51631.463554
-49.442742,26,51633.755504
285.105027,45,51637.751937
164.962822,39,51641.338089
132.350897,36,51644.491279
140.587929,40,51648.043331
151.163546,40,51651.849186
53.544533,32,51654.756716
193.570074,44,51658.525387
145.378244,40,51661.959817
77.765383,35,51665.148179
277.274836,46,51669.356206
85.046194,35,51672.37555
-13.132402,30,51675.168023
239.9606,45,51678.966142
82.524832,35,51682.334626
186.271474,41,51685.993346
-46.365727,29,51689.162352
56.823266,33,51692.247804
228.526899,45,51696.168835
381.269986,52,51700.708755
271.803483,43,51704.744488
294.064477,49,51708.924393
44.302548,32,51711.89359
355.007458,47,51716.032283
164.836605,40,51719.436745
99.916364,37,51722.54801
96.849111,36,51725.964002
-4.757275,29,51728.476223
199.5254,44,51732.464741
36.12734,30,51735.051652
250.684385,40,51738.56579
-9.102434,30,51741.18835
46.465463,32,51744.014654
0.306343,28,51746.623523
33.23297,31,51750.003901
96.543009,35,51753.136753
202.60169,42,51757.002063
233.028589,46,51760.836536
186.289326,38,51764.334769
172.681149,39,51767.766648
38.414747,30,51770.481247
-30.074109,19,51772.351809
51.287287,34,51775.527154
282.155219,46,51779.704102
95.056483,35,51782.993608
83.003513,33,51786.171629
96.370388,35,51789.289783
69.620124,27,51792.000836
285.448009,46,51796.062684
31.211725,33,51798.938268
2.176036,30,51801.499013
233.069172,37,51805.266409
12.168928,34,51808.577605
285.157857,41,51812.744097
236.417754,45,51816.913181
1.514112,30,51819.449955
43.394168,31,51822.337402
179.683708,41,51825.832364
94.448066,34,51828.840214
224.416523,40,51832.489748
285.26171,46,51836.663818
61.664639,35,51839.653709
171.087633,37,51843.048213
305.338618,47,51847.429188
109.944702,40,51850.885468
175.546641,37,51854.257078
84.653491,35,51857.305031
84.381381,34,51860.328495
61.060282,33,51863.369391
386.941443,53,51868.728659
103.36617,38,51871.98205
98.058343,36,51875.182904
2.879847,30,51877.875782
191.788702,40,51881.378619
40.186173,32,51884.135188
177.199534,40,51887.592171
106.488722,36,51890.71873
5.785139,31,51893.411317
231.917868,41,51897.118646
141.657757,38,51900.331445
248.280095,46,51904.590988
97.921184,36,51907.871926
539.978884,54,51912.430622
224.625345,42,51916.183041
154.877949,41,51919.748003
225.183094,43,51923.498301
330.397974,50,51928.596807
529.641269,57,51933.72783
55.287524,34,51936.749755
274.623111,44,51940.664322
272.405903,42,51944.554247
506.482062,57,51949.902539
197.147165,40,51953.546113
172.957202,34,51956.880302
228.097671,41,51960.543406
145.170159,39,51964.135558
50.543368,32,51967.247675
279.910129,45,51971.138901
193.841352,41,51974.817282
103.199275,37,51977.9438
-50.862087,24,51980.133176
88.429944,35,51983.134151
52.90323,32,51985.918426
257.922474,44,51990.54429
132.948046,35,51993.716942
257.470714,43,51997.649374
-44.898675,19,51999.431154
313.832605,47,52003.528997
792.761866,58,52008.536996
-63.192387,21,52010.582529
99.299542,38,52013.852361
97.000953,35,52016.954625
101.272734,35,52020.069378
393.219289,52,52024.542809
127.452544,37,52027.945172
209.400024,39,52031.409011
171.648012,39,52034.797483
49.478307,33,52037.670024
116.13837,36,52040.840599
56.47625,35,52043.91289
50.002483,32,52047.231679
88.8933,34,52050.627072
293.853132,47,52055.499946
193.529117,43,52059.250252
274.699124,46,52063.295312
-35.815014,32,52065.906882
140.146205,37,52069.094174
196.647838,42,52072.812479
392.816108,52,52077.509374
192.652036,39,52081.1222
182.536027,39,52084.678997
145.355025,39,52088.171659
187.891276,41,52091.810571
146.007121,39,52095.103791
91.141349,36,52098.354855
293.494449,45,52102.291845
47.507775,32,52105.146265
173.622995,41,52109.588049
179.848532,39,52113.055905
186.10534,40,52116.641238
190.008874,40,52120.374824
97.374778,37,52123.533554
241.885529,46,52127.524231
171.501186,37,52131.365267
503.988649,46,52135.442559
315.663757,45,52139.544286
-14.164923,27,52141.906684
141.142574,37,52145.328461
236.017434,45,52149.292301
12.695502,31,52152.056189
-9.771661,27,52154.733377
253.319999,47,52158.855325
184.632463,41,52162.596951
-27.232243,32,52165.386679
378.542604,51,52170.712858
58.001524,33,52173.603025
102.621252,34,52176.759209
424.718823,54,52181.522513
190.930808,36,52184.796659
194.863361,39,52188.120286
439.688322,55,52192.839025
686.933391,58,52197.972291
47.484526,32,52200.826489
196.898764,43,52204.616043
377.948834,50,52209.138257
240.982316,41,52212.826918
91.088638,33,52215.738102
148.24427,38,52219.01859
41.036685,29,52221.686951
89.404545,34,52224.680324
107.139384,37,52228.823343
88.123334,30,52231.789157
322.398533,45,52235.825262
146.681793,40,52239.241078
377.320507,49,52243.687282
-65.323265,23,52245.863142
165.472844,39,52249.53959
197.657869,42,52253.2206
49.211285,33,52256.049176
229.379697,44,52259.909578
86.318924,32,52262.736718
261.590147,43,52266.721006
41.635954,34,52269.602191
224.863752,39,52273.097002
238.602975,45,52276.996215
257.045585,45,52280.914804
688.089558,56,52285.865653
213.229339,40,52290.257557
-61.077424,27,52292.596933
66.137615,33,52295.335746
44.01809,33,52298.260589
225.078074,42,52301.958789
90.381355,36,52305.116001
11.434058,33,52307.918593
-11.791675,25,52310.21505
268.678833,46,52314.141871
85.171057,34,52317.341846
182.098473,39,52320.705363
272.582394,41,52324.677927
142.513011,37,52328.088909
-6.056352,28,52330.53501
86.077543,35,52333.684572
329.664646,49,52337.962
82.98672,34,52341.107922
39.255064,34,52344.058846
37.902294,33,52347.721172
368.21736,52,52352.239599
87.13561,34,52355.167867
43.948334,32,52357.950069
301.352739,48,52362.194928
-18.712344,20,52364.147802
43.118473,31,52367.005964
168.810778,39,52370.483582
425.04318,56,52375.318032
189.398458,40,52378.922615
-8.835695,26,52381.278816
149.542052,42,52385.073663
91.724281,34,52388.180808
512.181183,56,52393.35605
405.337642,51,52397.820961
208.121221,38,52401.423674
250.853589,46,52405.442892
377.567869,52,52410.674298
186.42001,39,52414.234916
250.790842,42,52418.119026
425.656313,55,52422.808372
-38.724049,31,52425.398612
318.107665,47,52429.609259
92.56312,34,52432.712144
96.079547,35,52435.839058
86.89986,36,52439.124179
-2.852031,28,52441.586024
232.850738,41,52445.544809
-1.48118,26,52447.978538
-47.303053,27,52450.293815
223.560267,43,52453.949431
59.7828,35,52457.067545
675.49263,62,52462.284664
45.977816,30,52464.941769
405.068979,51,52470.048596
-55.497069,23,52472.163565
227.126112,41,52475.934191
186.879449,38,52479.269597
241.67284,44,52483.131726
189.079851,41,52486.832543
151.157879,39,52490.241243
52.703627,33,52493.119348
130.697169,36,52496.389969
298.970504,46,52500.585486
228.831761,41,52504.275039
144.795217,38,52507.812365
328.922084,50,52512.182194
131.554921,38,52515.473596
196.212675,41,52519.134164
378.538951,52,52523.656775
423.892737,52,52529.110756
240.270932,45,52533.18071
146.655822,37,52536.544034
128.756027,37,52539.800105
134.814428,38,52543.014019
48.377913,35,52546.077035
-42.117529,28,52548.598452
292.740148,51,52553.118686
235.291241,38,52556.651685
89.040779,35,52559.719207
146.341788,38,52563.056743
42.504354,32,52566.077635
241.329127,41,52569.855444
370.438402,53,52574.944228
236.043912,40,52579.009699
1291.456041,79,52586.780564
-5.614123,28,52589.795391
144.174529,40,52593.295132
232.970234,42,52597.117112
42.923327,33,52600.034024
113.894015,31,52602.902246
98.333266,35,52605.976091
149.569817,41,52609.657998
-6.465057,31,52612.379757
198.920456,41,52616.090827
48.949453,32,52619.019791
216.691036,41,52622.587444
2.323903,30,52625.339449
52.566146,33,52628.324027
10.701086,33,52631.239294
675.341996,58,52636.514312
127.361191,33,52639.49785
9.030992,32,52642.255992
438.295863,55,52647.859396
237.65865,44,52651.780643
102.811818,37,52654.958217
233.136061,45,52658.856153
53.286018,33,52661.745339
48.858817,33,52664.700655
447.591669,52,52669.477863
99.026191,37,52672.561751
125.97517,33,52675.54064
54.893028,34,52678.551279
56.932757,35,52681.539008
141.619583,39,52684.911735
79.528269,32,52688.077682
-60.117402,26,52690.322718
144.334441,40,52693.749017
304.044243,46,52697.7788
144.825935,39,52701.209781
234.624348,44,52704.923615
95.052536,37,52708.928676
1.25377,31,52711.563056
88.166765,31,52714.476706
428.67131,52,52719.184623
234.199065,42,52722.97331
104.904996,36,52726.150721
88.123147,34,52729.154426
140.373631,38,52732.522848
-33.252161,30,52735.053699
82.322816,33,52738.166225
85.23811,36,52741.29683
409.593271,53,52746.242087
535.300632,53,52751.166753
-56.678527,24,52753.279529
194.192195,41,52756.96228
97.518783,33,52760.013774
124.071374,34,52762.970514
98.387494,38,52766.20892
42.636388,33,52769.650151
180.011354,42,52773.281109
102.368722,34,52776.387258
-5.993148,27,52778.823911
96.221135,33,52781.826641
347.290449,51,52786.087763
5.290711,32,52788.888638
132.200415,33,52792.006376
432.9465,55,52796.676329
42.17829,32,52799.43539
-19.670828,24,52801.712398
170.300291,37,52805.38659
-50.55935,29,52807.966611
53.723046,33,52810.89418
46.097927,33,52813.747215
44.788442,32,52816.588346
371.033331,49,52821.08349
277.766053,46,52825.032855
106.608389,38,52828.998826
95.743772,36,52832.224509
28.036707,26,52834.660808
142.108741,38,52838.126297
96.686434,35,52841.209314
53.348099,35,52844.05347
438.697314,53,52848.919103
274.974913,46,52853.056776
174.19066,36,52856.296734
102.563151,37,52859.541638
86.112551,32,52862.665469
328.022633,49,52867.281991
530.242131,55,52872.287938
55.099568,35,52875.328557
13.541205,26,52877.739549
-53.481028,23,52879.788831
-55.787637,25,52881.957528
144.087386,36,52885.190267
187.756463,39,52889.209277
347.293894,43,52893.514206
343.522289,50,52897.966522
89.114348,34,52900.931896
-7.784139,28,52903.749756
54.090943,34,52906.639533
599.408813,60,52911.925798
89.506709,33,52914.919264
354.420076,47,52919.261645
167.79218,39,52922.628001
338.85614,51,52927.294923
233.822134,45,52931.124861
181.449985,38,52934.624135
-61.106904,21,52936.53259
582.994333,58,52941.684575
773.400499,61,52947.565585
138.976405,37,52950.998049
151.874029,41,52954.695453
184.874997,39,52958.119725
387.856946,54,52962.824883
-41.998019,30,52965.368658
145.188912,39,52968.744401
-3.33894,31,52971.411828
345.770003,49,52975.768064
190.653559,41,52979.645329
1542.19441,82,52987.731459
188.872857,41,52991.18915
16.094193,35,52994.076576
231.862807,43,52997.905141
58.240671,35,53000.782418
102.922136,36,53004.005861
78.837491,30,53006.805278
205.85984,44,53011.105351
281.256158,48,53015.385644
85.827723,35,53018.476913
141.517186,35,53021.58596
184.103276,43,53025.380539
46.777795,32,53028.188608
32.079292,33,53030.997341
119.665446,33,53034.109774
93.781772,38,53037.361061
690.949918,59,53042.545363
280.298667,46,53046.959685
177.758025,37,53050.266487
436.643458,55,53055.073881
96.15324,35,53058.276767
147.194457,38,53061.556701
140.686514,36,53064.784851
212.261391,41,53068.888522
511.793728,58,53074.182374
368.928222,55,53078.818374
285.631471,44,53082.78114
415.405271,54,53087.604821
330.974957,50,53092.043674
139.528577,37,53095.31224
463.430156,44,53099.174735
10.691676,31,53101.944702
79.812666,34,53105.040289
180.785936,39,53108.752113
233.791342,42,53112.52495
48.439642,34,53115.561339
235.710358,44,53119.36763
191.654187,43,53122.881946
75.843307,34,53126.012531
6.083129,30,53129.216562
96.902491,32,53132.141805
82.363763,33,53135.204558
93.335225,37,53138.431895
-61.031746,23,53140.559615
50.015838,34,53143.429024
427.763317,51,53148.329559
125.669475,36,53151.972609
191.855435,41,53155.801589
245.0031,46,53159.762802
88.024045,33,53162.753348
251.730836,47,53167.226358
188.955289,41,53170.824506
3.436258,31,53173.428191
327.72326,46,53177.387233
137.542999,36,53180.676727
20.488332,26,53183.10133
355.862933,48,53188.145854
157.915397,42,53191.846385
292.751785,47,53196.072419
187.565493,41,53199.743917
149.512702,40,53203.248982
128.229502,36,53206.580318
229.88528,44,53210.612628
684.755012,60,53216.21468
145.699053,40,53219.509456
280.247182,46,53223.503574
187.299446,41,53227.409925
180.81785,41,53231.06043
-2.822876,30,53233.72277
514.484902,57,53239.303241
685.02442,55,53244.189263
248.710264,43,53248.69899
135.600666,35,53251.895328
-44.099099,27,53254.228204
514.790036,56,53259.365447
306.200829,45,53263.48525
136.530487,38,53266.83435
3.234562,31,53269.623574
-42.334023,20,53271.53534
95.20089,35,53274.592246
684.898746,61,53280.169062
53.434659,31,53282.986019
274.677719,42,53286.905722
233.68595,44,53290.828091
225.8325,39,53294.374034
96.079435,37,53297.509491
42.407376,31,53300.315964
92.138833,35,53303.406262
105.850431,37,53306.920691
105.175786,38,53310.598813
100.361271,37,53313.865983
286.854886,47,53318.092193
53.48259,35,53321.046581
225.417803,42,53324.675837
51.901612,33,53327.663838
174.341607,37,53331.169598
8.962779,33,53333.963196
177.793045,41,53337.453828
149.700253,39,53341.101823
593.81077,51,53346.18712
45.343632,34,53349.205349
90.582731,36,53352.306648
322.716168,48,53356.485768
41.681143,31,53359.20621
281.591013,46,53363.201508
45.849046,32,53365.925455
59.460898,37,53369.628528
413.636309,54,53374.357285
87.629638,29,53377.114398
422.342447,53,53381.821343
102.086594,37,53384.938777
230.856535,41,53388.73038
424.94547,56,53393.599072
194.168032,42,53397.274417
143.418462,36,53400.538368
279.492124,47,53404.665492
133.828547,35,53408.082661
-90.808451,15,53409.938528
154.299793,36,53413.190862
80.84388,32,53416.185598
4.815133,32,53419.028901
128.010164,37,53422.321923
154.437604,38,53425.707087
-3.997597,28,53428.712057
91.156027,35,53431.767706
186.396999,40,53435.497743
239.418332,45,53439.452177
187.109909,38,53442.88883
-5.599016,30,53445.458621
581.611129,56,53450.726506
339.098074,44,53454.61637
134.622517,35,53457.737619
235.808259,43,53461.639708
58.786923,33,53464.607644
-39.727933,19,53466.548722
231.624523,42,53470.32475
-4.505434,28,53472.77933
229.978517,42,53476.55131
383.168547,48,53480.732295
42.508685,33,53483.907793
103.633873,36,53487.747395
264.294946,41,53491.575584
187.711716,42,53495.290522
89.367338,34,53498.441403
139.663522,39,53501.682107
240.813872,43,53505.697405
14.918892,32,53508.409777
229.017676,42,53512.169183
50.426362,33,53515.170048
46.345008,35,53518.125646
137.734645,37,53521.319198
229.689218,45,53525.355406
235.776471,43,53529.287551
4.562273,29,53532.054831
-41.143157,29,53534.86023
54.993156,34,53537.870203
93.205913,36,53540.932041
151.708215,42,53544.426785
293.589774,44,53549.080647
277.826924,48,53553.361297
40.535385,29,53556.091619
187.199683,41,53559.688108
330.034021,49,53564.023327
95.947493,37,53567.16784
337.543321,52,53571.596483
3.873699,31,53574.212217
97.691139,36,53577.394305
147.134698,38,53580.802614
146.760446,40,53584.273831
179.607518,35,53587.777673
305.768449,47,53591.961907
225.857277,42,53595.637995
602.924615,61,53601.026555
55.401413,34,53604.200201
378.605218,53,53609.446447
102.608998,34,53612.644627
49.658325,33,53615.485689
289.6485,46,53619.771001
282.151452,47,53623.841367
334.525019,51,53628.309782
213.035304,39,53631.791253
280.362945,44,53635.836924
132.607391,38,53639.152515
43.259409,33,53642.166674
147.724273,40,53645.828546
212.662855,43,53649.64791
51.37823,33,53652.542206
185.799018,41,53656.30689
286.464778,49,53660.43623
201.157065,39,53663.83197
274.067074,44,53668.501464
-43.415209,28,53670.909031
140.853124,36,53674.27475
367.616407,50,53678.667941
64.15598,38,53681.797187
173.411454,36,53685.025878
281.192808,45,53689.11651
147.066304,38,53692.402043
297.464537,45,53696.543226
279.084192,45,53700.659257
177.487647,37,53704.00067
735.68344,60,53709.709346
-1.466856,29,53712.236732
591.233561,59,53717.666071
223.058668,39,53721.242279
233.541805,42,53724.883822
231.421311,42,53729.511243
93.612092,35,53732.640778
375.671316,51,53737.242574
33.082917,28,53739.733404
188.281622,41,53743.313023
282.418516,48,53747.631898
151.395789,36,53751.155337
77.641347,34,53754.158473
51.998116,32,53757.161442
36.24926,29,53759.754671
683.473294,63,53765.484625
383.247103,47,53769.709618
88.075889,33,53772.696437
41.451015,32,53775.564726
369.253753,50,53779.924148
212.197092,41,53783.403043
376.641011,49,53788.399126
318.82338,44,53792.627304
289.527122,46,53796.752767
596.740851,58,53801.882603
108.746951,36,53805.059314
141.501925,36,53808.414723
336.545134,48,53812.957819
143.191207,36,53816.163307
97.82975,34,53819.141785
48.467647,34,53822.07207
141.829961,38,53825.433032
138.465129,37,53828.806429
-8.991963,29,53831.303601
497.575203,56,53836.244349
50.190935,32,53839.251453
188.536589,41,53842.984196
330.681527,45,53847.591187
434.897817,56,53852.851334
453.639911,56,53857.869526
133.269513,32,53860.718665
137.942216,37,53864.102411
415.123574,50,53868.628959
250.191542,41,53872.144011
84.35428,35,53875.113035
1.99018,30,53877.781875
94.104972,36,53880.91564
197.667592,43,53884.712977
176.87487,39,53888.322724
84.120572,31,53891.049827
-1.766323,28,53893.607342
104.450078,38,53896.8293
288.173216,44,53900.774291
247.133861,43,53904.590772
192.772736,40,53908.803556
419.59163,53,53913.688831
288.282992,46,53917.865342
248.113808,44,53921.88894
192.712144,39,53925.472182
92.338807,37,53928.669054
242.817269,42,53932.441901
288.480913,45,53936.324403
144.050359,34,53939.44301
276.422792,45,53943.550687
165.909746,39,53947.100299
142.792824,37,53950.477124
138.024249,36,53953.606274
184.760595,41,53957.160533
327.795163,51,53961.555409
142.146824,39,53965.051542
225.457224,41,53969.267581
530.695662,55,53974.165497
74.219831,31,53977.000061
143.355828,39,53980.326843
193.020628,43,53984.076447
387.102109,51,53988.558652
416.625161,50,53993.173191
104.50041,39,53996.398221
56.47183,32,53999.309307
50.081546,33,54002.233322
125.529328,36,54005.443304
251.720627,42,54009.212729
138.864942,39,54012.684056
420.47564,52,54017.380563
4.799559,32,54020.070913
189.304589,40,54023.514896
145.981467,37,54027.426339
167.504676,40,54030.915322
323.206235,46,54035.175978
149.307048,40,54038.694071
-9.486354,26,54041.083144
94.477806,34,54044.031317
52.819966,33,54046.929696
136.310441,36,54050.290172
242.456872,43,54054.104901
52.017924,32,54056.833528
371.897998,51,54061.281466
163.774144,38,54064.736351
293.226889,43,54068.775266
147.061747,40,54072.220629
188.048706,40,54075.853867
224.421561,42,54079.521267
854.764139,68,54085.51535
235.739559,44,54090.093742
287.372031,48,54094.391706
209.913506,39,54097.864828
188.750891,43,54101.631412
187.064126,36,54104.912533
95.253929,37,54108.043875
44.416728,32,54110.934258
195.381893,41,54114.53421
240.82891,44,54118.436337
444.477452,53,54123.107324
138.348994,38,54126.62928
48.985981,31,54129.357959
58.638634,34,54132.337224
701.801474,61,54137.781529
2.189195,31,54140.440467
326.408256,48,54144.756784
282.720513,45,54149.627965
425.392933,54,54154.504549
97.528998,35,54157.61003
154.136596,38,54161.075624
197.732691,40,54164.637026
90.431424,33,54167.577016
54.617274,35,54170.532021
290.344037,46,54174.415801
338.787175,51,54178.97849
154.394376,39,54182.477698
138.162357,37,54186.080601
278.990621,47,54190.319851
-23.907781,27,54192.712271
110.091701,33,54195.820015
984.916744,70,54201.883562
234.611952,43,54205.689305
230.152852,44,54210.340714
581.553886,57,54215.546696
192.263056,40,54219.078928
191.075672,36,54222.399928
86.612272,32,54225.334249
227.17224,42,54229.121705
74.176059,30,54232.235392
244.420703,43,54236.171788
101.777116,37,54239.450304
-23.045868,26,54241.889396
201.221522,45,54245.828548
309.999731,48,54250.097214
161.767608,38,54253.371166
143.872203,37,54256.634645
532.31422,58,54261.676868
46.079176,32,54264.631991
279.4638,45,54269.364676
362.823801,50,54273.789654
191.294765,41,54277.49816
333.117069,50,54281.943491
597.444529,56,54286.866947
192.765222,43,54290.476313
77.716945,33,54293.291503
103.518905,38,54296.536872
279.612847,46,54300.464106
195.097731,43,54304.181185
328.415883,48,54308.752819
182.806176,38,54312.044842
389.36733,53,54316.804558
120.489858,36,54319.983713
51.692632,33,54322.785834
394.916016,51,54328.292107
28.843646,28,54330.828833
49.214667,32,54333.70541
45.704048,36,54336.845147
88.093158,34,54340.036774
265.280171,44,54343.728026
774.980708,61,54349.71675
49.376827,34,54352.613617
367.753171,49,54357.112846
138.477959,37,54360.310335
123.821896,37,54363.52291
152.854331,39,54367.226125
142.620776,41,54370.65417
128.581982,35,54373.723993
231.978676,42,54377.48624
102.098056,38,54380.72011
289.873197,46,54385.235738
154.963102,40,54389.590002
29.1513,32,54392.334656
426.294466,53,54397.170226
143.438663,38,54400.544267
193.682,41,54404.220103
141.272548,38,54407.636031
139.095674,37,54411.054234
447.148444,54,54415.992063
1253.211382,78,54422.744135
85.085386,33,54425.763352
196.523925,43,54429.613167
601.686285,51,54434.344989
142.748777,38,54437.743636
234.840948,44,54441.66374
150.522257,37,54444.971062
45.471728,34,54448.627313
139.231682,37,54453.020365
191.062423,39,54456.966209
419.075706,52,54461.62722
366.049279,45,54465.717519
149.600757,41,54469.290526
83.056441,34,54472.307247
233.20728,42,54476.027133
58.874435,36,54479.127736
211.653572,42,54482.662212
-54.654485,25,54484.899323
131.633447,36,54488.312785
-3.558741,30,54490.957481
96.210092,34,54493.920807
188.167978,39,54497.363939
99.335762,37,54500.544571
186.422139,40,54504.136186
280.723003,45,54508.939501
135.906344,38,54512.281733
101.445953,38,54515.531364
147.097845,38,54519.149518
9.767905,32,54521.916481
333.532788,45,54526.023504
28.097645,29,54528.571258
190.739341,42,54532.225305
601.2234,60,54537.518281
419.805078,54,54542.443941
47.75941,32,54545.355836
27.713208,30,54548.333613
-20.22115,26,54550.640073
-39.286309,30,54553.256939
227.354038,41,54556.982638
51.065734,35,54560.004904
94.233122,35,54563.042906
197.163494,43,54567.104551
196.963341,41,54571.036842
185.448911,41,54574.642575
233.572036,41,54578.356603
230.039944,44,54582.407432
100.524441,38,54585.636551
201.292207,44,54589.485829
218.189539,44,54593.116339
47.966299,33,54595.99384
239.740302,45,54600.03441
194.708434,43,54603.724763
7.77,33,54606.693745
76.365378,30,54609.664931
139.985537,37,54612.981743
0.703217,30,54615.694638
-3.413184,28,54618.221395
129.71035,33,54621.235437
355.386761,48,54625.445493
338.164992,50,54630.199606
282.599313,47,54634.328654
151.642251,39,54637.9486
180.582246,40,54641.481394
275.085136,44,54645.370664
289.641845,47,54649.951287
56.400591,34,54652.896136
137.744574,36,54656.121001
197.124926,44,54660.004366
281.775968,44,54664.051121
58.145668,35,54667.281461
1.933046,32,54669.975474
227.931072,41,54673.940364
144.173874,39,54677.397124
307.96739,47,54681.555244
85.48203,34,54684.621719
176.713505,39,54688.688908
244.612648,41,54692.331649
241.024224,42,54695.885893
288.066055,47,54700.182204
140.573591,37,54703.686092
141.615407,38,54706.895409
330.021009,46,54711.072988
1035.333498,73,54717.589994
105.629899,37,54720.856554
176.628122,39,54724.28095
45.911483,32,54727.267071
456.075398,55,54732.184104
234.489689,41,54736.036708
190.408421,40,54739.611814
181.717125,40,54743.158001
184.562173,41,54747.100389
429.644948,53,54752.061547
286.534245,45,54756.163781
220.592736,39,54759.741517
150.066329,40,54763.135446
181.253058,38,54766.592568
3.682856,29,54769.145175
277.662689,43,54773.022067
62.406271,37,54776.174383
275.214255,44,54780.074457
191.884577,43,54783.853091
501.056397,53,54788.906078
251.661226,43,54792.606982
779.728801,62,54798.127775
341.739627,52,54802.58245
-56.96902,24,54804.686458
143.733916,38,54808.737711
3.127349,30,54811.345522
43.821826,28,54813.910443
196.721109,42,54817.643168
192.783057,42,54821.364209
97.532183,35,54824.487284
130.598773,39,54827.839944
865.907364,65,54833.778721
64.535417,34,54836.795432
234.813955,45,54840.808792
196.936064,42,54844.802031
81.675189,32,54847.842369
154.985921,41,54851.417678
264.432097,45,54855.351632
139.95599,39,54858.719342
387.168892,51,54863.032555
291.33243,48,54867.597159
41.627602,32,54870.519309
144.654604,39,54873.916077
112.474295,36,54877.122883
94.338466,37,54880.637546
169.434912,41,54884.175293
244.938287,45,54888.055474
40.121163,31,54890.819795
372.773582,48,54895.256225
444.492964,54,54900.281961
294.912009,47,54904.409638
303.327446,47,54908.696239
187.293602,39,54912.055701
283.922299,47,54916.383706
90.730351,35,54919.475426
381.297811,51,54923.936474
368.76635,52,54929.165404
95.11123,38,54932.376845
300.164206,46,54936.495767
230.930966,43,54940.243659
318.979256,47,54944.341982
251.794986,47,54948.535669
95.631905,34,54952.325611
236.994416,45,54956.273445
178.164974,42,54959.928601
172.110449,38,54963.245104
288.239457,48,54967.703084
128.755523,37,54970.885405
99.20638,38,54974.208855
-30.69938,31,54976.836007
47.239812,33,54979.764095
83.509107,34,54982.752644
329.111842,50,54987.852306
426.843543,53,54992.728274
242.48167,45,54996.809727
356.176846,50,55001.063625
168.992377,39,55004.536999
46.751841,32,55007.35105
93.186022,35,55010.682834
234.778906,42,55014.353578
185.850318,41,55017.895279
198.027041,43,55021.641974
51.160124,31,55024.442109
192.422803,42,55028.433197
-40.895,22,55030.418044
593.84707,59,55035.874287
14.367534,35,55038.838351
198.459944,43,55042.586121
233.447761,43,55046.319141
198.000657,40,55050.527714
430.191103,55,55055.570881
142.548923,38,55059.044096
234.802666,43,55062.800965
90.237307,34,55065.844532
45.881749,33,55068.744467
293.177972,47,55072.962908
283.298981,45,55077.009997
346.458066,50,55081.559
190.288666,43,55085.356203
281.781621,47,55089.60032
59.348419,35,55092.690504
436.210931,52,55097.3845
194.901609,43,55101.089387
106.31292,37,55104.295134
105.363656,32,55108.072567
16.36044,34,55110.904244
192.459051,42,55114.537509
705.637378,63,55120.021147
145.233722,39,55123.463293
-4.858109,31,55126.177966
-10.502292,28,55128.602521
147.468866,38,55132.000988
96.715832,34,55134.987308
862.841544,68,55141.032133
278.117793,43,55144.90191
273.488524,44,55149.504998
90.132115,35,55152.621366
699.140343,61,55158.172158
-3.319656,30,55160.979217
260.668751,41,55164.61645
140.50771,39,55168.584553
685.079478,59,55174.060555
90.08788,36,55177.255998
188.970642,41,55180.898199
212.17829,40,55184.439254
353.048823,49,55188.880131
362.311141,48,55193.18587
42.137202,30,55195.804786
243.941846,43,55199.58968
145.886939,39,55203.065929
153.080397,39,55206.568981
324.070932,48,55210.920742
196.590214,41,55214.519483
552.696953,56,55219.445732
143.031599,37,55222.6962
379.888936,53,55227.997055
96.328797,38,55231.314465
166.373887,38,55234.663381
145.8744,39,55238.063838
146.357143,41,55241.534657
99.447401,38,55244.75155
113.891275,30,55247.708406
186.660678,41,55251.465703
194.826508,40,55254.987205
265.640246,45,55258.904594
198.171985,43,55262.756276
55.326444,34,55265.836334
247.377298,42,55269.686496
89.999778,35,55272.809837
389.70499,50,55277.262151
188.591366,41,55280.777892
256.312353,41,55284.549752
378.578442,52,55290.345077
92.501935,31,55293.282373
144.451095,39,55296.759573
149.056994,38,55299.998508
281.363464,47,55304.040104
55.264691,35,55307.14737
197.059797,41,55310.729933
180.025601,37,55314.075309
150.581463,38,55317.420325
325.470037,50,55321.873066
617.661647,61,55327.446491
7.439817,30,55330.189912
101.193923,35,55333.34025
243.656621,45,55337.339517
240.842732,43,55341.115264
313.242928,43,55345.049079
148.562879,39,55349.243187
147.210707,39,55352.897969
182.035945,42,55356.368261
436.33927,54,55361.07509
428.1712,51,55365.739556
319.194968,47,55369.908046
-0.184612,31,55372.630059
234.484838,44,55376.426513
158.157808,42,55379.924152
80.502823,32,55382.949827
244.461432,46,55387.098593
139.870726,37,55390.455557
146.183409,39,55393.97582
375.009632,44,55398.041956
181.433327,38,55401.386031
90.352727,34,55404.579873
111.537791,38,55408.715229
782.590701,64,55414.904055
282.71239,47,55419.008583
235.059837,45,55422.860094
192.714575,42,55426.519727
189.586708,43,55430.155548
203.83938,44,55434.033798
133.388078,37,55437.206681
288.294773,45,55441.194372
130.483924,36,55444.446658
55.853649,33,55447.710818
130.436406,35,55450.862303
232.229359,41,55454.583037
187.637908,40,55458.056658
319.810688,46,55462.3141
142.785373,39,55465.755723
139.380278,40,55469.87283
193.81457,37,55473.299342
198.265475,44,55477.11653
47.824417,33,55479.849228
318.659038,43,55483.743417
264.733002,44,55487.575723
166.522482,39,55490.898254
366.225404,50,55495.32307
142.898509,36,55498.550973
304.070064,47,55502.676657
102.344964,36,55505.958357
133.77918,35,55509.1957
192.59886,38,55512.600798
187.038974,42,55516.229391
49.882432,32,55519.044719
595.476923,59,55524.294878
179.920744,39,55528.46736
287.804531,48,55532.713939
26.385546,28,55535.494633
191.858246,41,55539.225779
231.547311,43,55543.010025
134.05973,36,55546.286805
140.505753,38,55549.901138
144.276389,38,55553.190337
149.752489,40,55556.637995
1310.399848,75,55563.584505
336.848524,46,55567.980673
59.950423,36,55571.010682
-72.038766,22,55573.041437
208.922007,42,55576.641624
269.900757,46,55580.879537
288.386448,42,55584.46795
251.761572,43,55588.854817
506.08132,58,55593.940732
243.834354,43,55597.837412
195.676459,42,55601.530171
689.084654,61,55606.988844
103.825583,37,55610.386396
290.837857,44,55614.398744
42.138866,30,55617.140879
139.837131,38,55620.480832
397.20384,53,55625.232191
318.171827,42,55629.522533
103.734537,38,55632.697964
185.850039,40,55636.169035
420.364515,53,55641.020183
106.019603,32,55643.86676
285.730594,47,55648.615175
144.507165,37,55651.927903
197.49889,41,55655.94377
185.708252,39,55659.673038
227.068826,45,55663.407933
190.383716,38,55666.83757
333.462701,51,55671.309862
12.988087,32,55674.041443
101.416245,37,55677.309379
138.287549,37,55680.528383
12.678562,33,55683.423963
7.606878,30,55686.303706
210.672375,38,55689.891248
818.327266,62,55695.254375
43.975482,31,55698.222041
149.352926,37,55701.609072
184.987477,42,55705.197768
-8.889235,26,55708.392399
173.99745,37,55712.224342
95.862873,35,55715.444594
247.26193,45,55719.377211
154.56359,40,55722.921823
228.896867,45,55726.71746
194.457406,41,55730.360012
236.960388,41,55733.913513
-8.532444,26,55736.198588
54.595828,35,55739.244096
-11.241862,25,55741.551717
323.229414,50,55746.094674
385.563033,52,55751.336176
147.452797,39,55754.543172
130.195289,35,55757.731565
58.266169,35,55760.677931
92.404025,36,55763.679018
196.8001,41,55768.149485
61.067953,36,55771.265381
196.671317,39,55774.836445
386.491994,54,55779.574893
194.316315,41,55783.206467
327.241953,49,55787.365004
50.493986,33,55790.244425
301.065933,47,55794.186398
78.020495,34,55797.127504
152.899338,40,55800.580704
132.756969,38,55803.857215
574.619216,57,55809.093184
713.363867,63,55814.64949
304.889373,47,55818.667212
-3.643808,27,55821.081506
177.668444,37,55824.471689
197.581232,42,55828.821233
106.037432,37,55832.275912
7.636404,33,55834.989686
-50.469258,25,55837.224943
49.089178,34,55840.229827
4.445169,30,55842.804499
246.543351,40,55846.453241
336.458104,49,55851.2508
-58.803171,24,55853.383446
42.364309,32,55856.125715
92.736221,38,55859.27515
47.652751,33,55862.152841
54.774583,34,55865.206909
341.279391,43,55869.396632
160.856814,38,55872.719151
89.576711,35,55875.72236
209.432481,42,55879.454003
93.190205,36,55882.553038
185.497981,40,55886.037564
139.697873,36,55890.035148
159.102772,39,55893.434044
86.840592,37,55896.714969
289.778891,49,55901.48145
-1.990179,28,55903.852688
174.797177,38,55907.214324
219.257621,44,55911.048557
50.796859,35,55914.096553
182.700777,41,55917.539922
300.70056,44,55921.52725
195.475255,40,55925.090277
206.721703,40,55928.754563
228.563094,44,55932.564339
56.764623,36,55935.633959
190.071859,40,55939.139838
-12.069895,30,55941.723586
138.271054,39,55945.106493
293.152484,47,55949.960891
39.60603,32,55952.984012
179.284099,40,55956.458646
99.592738,35,55959.567747
187.865024,39,55963.069864
745.144886,61,55968.306865
276.519205,43,55972.131296
96.25684,37,55975.31603
285.69025,47,55979.421983
521.386976,57,55984.56402
133.29604,37,55987.988356
404.504078,50,55992.465874
6.03948,31,55995.133684
-7.893313,29,55997.817418
276.844556,45,56001.789691
131.809974,37,56004.937837
197.085408,42,56009.368149
275.498932,48,56013.506861
205.576602,40,56017.160146
91.505795,36,56020.232171
146.476831,38,56023.720185
151.497995,41,56027.19817
533.354405,58,56032.237753
443.91462,54,56037.099783
283.745093,45,56041.089947
249.908619,40,56044.615954
190.25067,40,56048.478516
125.882447,36,56051.546481
346.165114,52,56056.03688
391.368888,48,56060.259867
15.365158,27,56062.687927
81.927475,33,56065.718609
283.249946,47,56070.337726
56.572761,35,56073.432956
-9.673903,27,56075.787073
546.976824,56,56080.896893
291.477563,40,56084.493461
214.210758,39,56087.93793
106.102332,39,56091.293445
8.653637,31,56094.108633
92.983625,33,56097.104376
147.312351,38,56100.373189
412.77193,50,56104.963229
228.293542,41,56108.88351
-40.082362,30,56111.425771
235.311008,44,56115.201039
403.532362,50,56119.60524
0.993379,32,56122.393952
188.666078,40,56126.086442
194.701787,43,56130.49744
170.402159,38,56134.131661
379.961855,51,56138.70569
-44.07411,26,56140.990883
414.86245,52,56145.541938
286.174978,49,56150.014036
278.865228,49,56154.138488
401.662173,52,56158.928536
728.319694,62,56164.430825
52.122654,30,56167.344283
380.658106,55,56172.316505
380.682039,52,56179.101881
226.169718,41,56183.276697
518.315262,57,56190.111369
95.296044,36,56193.686696
82.031757,33,56197.118357
188.683518,40,56200.992235
287.627569,41,56205.022295
213.945626,42,56208.98111
214.928875,40,56213.152665
350.76563,49,56217.831832
126.233659,34,56221.144201
226.804412,43,56225.294518
-1.49841,29,56228.409203
149.312929,39,56232.197783
197.004412,44,56236.402169
65.081392,32,56239.478699
362.297725,47,56244.138493
210.27327,43,56248.925555
494.515547,57,56254.447774
423.823931,55,56259.841202
149.769302,39,56263.612952
50.853767,35,56266.877562
-49.83794,28,56269.682482
49.249869,34,56272.842509
36.533704,30,56275.77517
197.505467,41,56279.863469
213.598525,40,56283.807104
231.397293,40,56288.078385
336.850149,49,56293.046376
384.458242,51,56297.971662
142.484199,40,56301.715786
309.371183,45,56305.959518
721.930733,59,56312.676647
143.00259,38,56317.439276
38.314243,24,56321.015111
187.749142,41,56326.447715
290.36663,46,56332.26791
146.124318,42,56337.116516
280.581504,46,56341.657249
66.265461,28,56344.977278
190.322499,40,56351.163951
193.072183,43,56356.617123
56.862313,34,56360.371853
687.645216,60,56366.495517
325.856602,48,56372.71768
515.870588,59,56381.316132
190.739523,40,56385.857533
239.214491,43,56391.61495
183.33234,39,56397.406503
151.09895,41,56403.278256
96.734616,36,56407.623034
196.364566,43,56412.370941
206.40523,45,56416.297666
285.1246,45,56420.693375
139.935818,37,56423.924622
249.221979,41,56428.251196
199.285463,44,56432.187304
173.98171,37,56435.598038
443.017402,55,56440.522058
173.368136,37,56443.835455
603.124153,60,56449.567319
370.531403,46,56453.802145
132.656744,36,56456.866675
42.726751,30,56459.602553
-0.101906,33,56462.458914
12.262425,29,56465.08818
307.92436,49,56469.589417
281.420486,46,56473.761098
92.978389,36,56476.946207
54.24212,36,56480.036941
-32.795921,30,56482.554649
147.519463,37,56485.88771
100.412542,37,56489.734456
95.236803,35,56493.099484
-36.402321,29,56495.620779
165.343241,39,56499.303709
274.926677,42,56503.171412
390.559933,50,56507.488267
76.470459,32,56510.32124
137.692796,36,56513.463629
324.399081,48,56517.523366
183.955835,42,56521.109003
155.066823,42,56524.663629
-39.079066,28,56527.264911
263.597553,45,56531.328664
302.329743,44,56535.358098
249.438549,47,56539.337652
149.297142,40,56542.752368
267.598818,42,56546.710632
354.845271,49,56551.817565
54.041702,34,56554.757956
375.123976,53,56559.504517
103.761758,37,56562.876879
190.22046,40,56566.385916
133.191074,35,56569.575227
428.204382,53,56574.371414
372.001361,50,56578.862764
760.157675,57,56583.934824
151.52886,40,56587.70452
104.001194,38,56591.037878
197.546494,42,56594.778996
185.310324,40,56598.293962
288.028949,44,56602.303515
52.225601,34,56605.152443
192.942101,42,56609.249913
4.305592,29,56611.959549
132.655302,37,56615.247582
466.900815,45,56619.194268
116.998103,32,56622.252017
292.491554,44,56626.217779
47.494729,31,56629.46197
116.611101,30,56632.314423
-31.59526,29,56634.863591
379.993843,53,56639.407235
374.009341,50,56643.802418
379.342098,53,56648.839091
237.344803,44,56652.825219
148.555391,38,56656.223374
7.079778,31,56659.063449
334.877334,51,56663.545026
89.715915,36,56666.862022
71.176495,29,56670.146137
290.911323,46,56674.229506
320.542489,48,56678.481907
102.733333,36,56681.65298
85.90829,35,56684.725688
280.44786,47,56688.760186
235.652464,44,56692.728925
44.997389,34,56695.610169
271.854964,46,56699.584451
98.767414,34,56702.613825
51.340988,35,56705.728813
56.165501,36,56709.099645
184.74903,42,56712.653255
247.865069,41,56716.38477
-34.543028,28,56718.779326
332.603544,49,56723.13009
235.135364,44,56727.101176
99.377765,37,56730.692254
315.67518,49,56734.930802
40.487076,29,56737.705204
39.411644,34,56740.663915
225.745409,41,56744.285083
238.940672,45,56748.467564
105.200883,39,56751.971308
140.713336,39,56755.426713
318.563364,50,56759.604201
92.086848,37,56762.754683
603.600656,57,56768.163204
58.099184,33,56771.139472
378.852599,53,56775.844337
284.389824,48,56780.083658
224.875559,42,56783.804708
279.456832,47,56788.689194
237.739276,41,56792.452665
243.066964,44,56796.291888
278.757169,45,56800.429199
92.886269,37,56803.602866
53.441262,36,56806.58207
424.654336,55,56811.579321
145.280313,40,56815.144786
797.098528,67,56821.002812
213.3787,42,56824.595425
323.925023,50,56829.165289
181.132849,40,56832.659587
48.828185,33,56835.571316
208.945607,45,56839.552689
236.636021,43,56843.379859
138.835876,40,56847.163212
-58.269502,24,56849.748786
130.555219,35,56852.88563
863.719873,62,56858.46783
56.93317,36,56861.510092
209.094559,43,56865.210513
341.980538,50,56869.833521
118.559307,38,56873.151118
149.679985,39,56876.5599
529.331326,55,56881.450985
199.675761,41,56885.238989
189.838459,41,56889.192216
215.573489,42,56892.734316
145.383976,38,56896.027349
186.770353,40,56899.649536
313.671401,48,56903.682284
102.813618,38,56907.410613
343.279944,52,56912.402545
94.757421,36,56915.586268
230.1209,44,56919.536026
504.424543,56,56924.363812
50.294116,31,56927.152467
1058.608991,71,56933.748434
376.283055,52,56938.309397
91.541443,33,56941.190882
641.253846,58,56946.309711
151.303937,38,56949.942238
288.927034,48,56954.247017
152.278302,40,56957.930324
103.60705,37,56961.180898
196.09699,38,56964.563596
286.209477,48,56969.014101
137.26448,36,56972.547663
525.593486,57,56977.568452
338.76109,48,56981.92712
227.85317,42,56985.635713
183.919901,38,56989.16448
190.400043,43,56992.831661
308.825567,47,56997.048553
103.370495,36,57000.213187
147.559628,40,57003.647556
58.38568,35,57006.805405
289.758406,45,57011.103149
272.55086,43,57014.861547
201.887304,43,57018.776608
643.631077,61,57024.073545
322.231929,47,57028.87291
56.107028,35,57031.973272
234.099329,44,57035.852205
291.529864,45,57039.784835
432.864626,55,57044.607162
90.189377,33,57047.653349
43.292051,33,57050.609288
-30.976615,27,57053.200626
54.93759,35,57056.138211
-10.66067,29,57058.654934
193.790348,42,57062.613293
377.421764,50,57067.305513
60.419201,35,57070.4781
-43.139421,29,57072.911268
186.697912,40,57076.461492
339.213237,49,57080.86978
97.893869,36,57084.022554
45.700006,32,57087.541692
101.350196,37,57091.2291
322.12784,44,57095.221162
326.87736,44,57099.241927
417.570779,56,57103.993284
292.646251,48,57108.363727
356.378519,52,57112.719974
52.925776,35,57115.602667
105.528463,38,57118.879239
94.851996,35,57122.028624
209.965215,42,57125.603809
40.30458,31,57128.540843
104.794152,36,57131.712133
234.860218,44,57135.484125
58.000505,32,57138.256462
167.687722,40,57141.849203
189.534467,40,57145.385199
214.592787,40,57149.381613
182.449927,39,57153.321327
91.34409,33,57156.241045
239.483819,43,57160.134677
426.808839,54,57164.901774
398.122392,54,57169.524676
240.741343,44,57173.394714
382.168239,51,57177.809615
282.825171,44,57181.821419
676.775473,54,57186.825404
11.779047,32,57189.672603
100.074567,37,57192.808209
331.716079,49,57197.18613
336.594643,49,57201.552765
282.958982,48,57205.925075
330.932465,42,57211.030835
254.100434,41,57214.891674
45.499053,35,57217.834075
103.441498,37,57221.068668
396.840237,52,57225.609709
128.558323,34,57228.773684
6.019066,31,57231.55985
418.375051,54,57236.251972
179.91961,39,57239.876356
122.54851,38,57243.303218
386.863495,51,57248.041452
139.199649,32,57251.019099
397.76224,51,57255.585974
188.357437,42,57259.300239
696.055504,59,57264.594499
200.292833,43,57269.025795
128.734274,37,57272.377639
133.341616,33,57275.539774
97.90346,38,57278.90845
429.98197,53,57283.725467
142.309092,36,57286.884114
241.098896,44,57291.033757
14.096717,30,57293.616479
-9.742959,26,57296.092895
49.64769,32,57299.049522
148.715605,40,57302.454627
379.412888,53,57307.390889
228.865952,41,57311.187715
288.857693,47,57315.401338
103.144647,39,57318.701735
131.871809,35,57321.99779
8.869239,29,57324.694435
97.658488,34,57328.321151
329.993891,47,57332.563087
273.60361,47,57336.601564
859.069584,65,57342.512146
595.94241,60,57347.859392
787.802948,66,57353.972662
385.526639,52,57358.726663
233.470531,43,57362.513127
101.034147,36,57365.747437
144.097371,38,57369.301042
93.339331,33,57372.232828
155.961914,41,57375.971944
357.050736,52,57380.424793
103.076101,36,57383.565694
287.446757,47,57388.426205
286.885469,47,57392.684807
233.371627,44,57396.602269
267.616652,42,57400.687361
144.526122,39,57404.004321
261.53616,45,57407.928761
231.287557,42,57411.949343
289.433485,49,57416.148022
87.503621,33,57419.028724
523.603024,57,57424.109138
275.577678,45,57428.446832
274.706311,45,57432.525589
56.903341,35,57435.530002
95.163493,35,57438.698833
196.025198,38,57442.187391
275.176684,42,57446.024753
222.659735,41,57450.208652
55.293259,34,57453.218716
57.061523,34,57456.169717
646.595829,58,57461.572352
849.685729,67,57467.447585
181.837609,37,57470.749112
253.890501,41,57474.44188
670.088437,60,57479.824325
389.373025,54,57484.614882
45.861424,32,57487.695582
188.98219,40,57491.551043
191.858825,42,57495.261351
147.851726,39,57498.66011
48.775067,30,57501.606284
293.455083,48,57505.812546
205.137967,41,57510.019927
227.198512,45,57514.024333
54.792702,36,57517.170012
251.606577,46,57521.345614
275.684526,46,57525.31059
284.554495,48,57529.413439
202.01162,42,57533.202007
0.218802,29,57535.665056
227.845976,44,57539.61595
-57.332354,25,57541.774064
281.725364,43,57545.678003
155.605555,39,57549.437444
297.187038,43,57553.506083
50.64436,33,57556.390634
313.260482,46,57560.458488
180.443825,40,57563.962493
43.953793,30,57566.655708
419.796904,54,57572.101397
183.273476,37,57575.409124
296.723283,44,57579.374257
165.775919,40,57582.808536
232.08867,40,57586.456163
271.768102,44,57590.404456
220.781574,40,57594.050936
215.355453,42,57597.703144
290.403477,46,57601.832625
336.964531,51,57606.257445
4.64363,30,57609.115423
98.194049,37,57612.450346
-33.045255,29,57614.919411
285.196086,44,57618.790113
184.741803,43,57622.475099
134.825081,34,57625.575462
136.840304,37,57629.672648
48.696573,34,57632.524756
144.823589,40,57637.242753
48.523278,33,57640.146669
190.612662,41,57643.76782
340.606141,52,57648.429916
239.808737,41,57652.24671
137.05096,38,57655.674223
381.25081,52,57660.239831
172.940453,37,57663.865235
855.456894,67,57670.290969
283.29697,47,57674.46995
231.91608,39,57678.045701
121.183897,36,57681.240194
503.117948,53,57685.855729
509.084783,56,57691.226853
327.699478,48,57695.677604
198.571106,43,57699.479342
183.898396,38,57702.977576
344.282247,51,57707.58189
231.310392,40,57711.260293
834.842977,64,57717.031192
705.942298,65,57722.734279
56.000691,34,57725.702223
127.701602,38,57729.151764
189.35617,42,57732.895005
238.224199,45,57736.847983
38.314281,30,57739.669209
334.254442,49,57743.938294
94.655823,35,57747.707649
271.492467,44,57751.774558
277.043554,45,57755.894584
241.588371,42,57759.687523
142.258366,39,57763.072294
290.851491,46,57767.189929
178.690508,35,57770.531348
288.657921,47,57774.677082
98.05013,35,57777.741411
10.873518,26,57780.096109
234.673223,46,57783.928993
60.906715,35,57787.074697
340.011643,51,57791.692758
-49.226638,26,57793.968848
135.559303,34,57797.18299
799.623522,66,57802.988014
185.991954,40,57806.490545
300.606666,50,57811.538768
143.101032,39,57814.999884
135.918211,36,57818.320821
45.122584,31,57821.051437
323.82427,48,57825.241441
245.130327,45,57829.243148
152.068257,35,57832.402361
285.771737,45,57836.54573
52.350993,33,57839.4268
125.110416,34,57842.558389
317.906343,49,57846.787275
88.909339,36,57850.059675
183.721936,39,57853.573368
143.102737,38,57856.900579
44.905189,30,57859.564273
-53.365851,26,57862.004599
271.122644,46,57865.916086
229.891105,43,57870.167654
271.018553,41,57874.079248
105.219193,37,57877.430008
357.989446,51,57882.037818
331.378754,51,57886.453461
151.795325,40,57889.814119
-13.156242,28,57892.238943
276.701919,43,57896.201374
513.116043,55,57901.240179
99.352425,36,57904.47997
141.533578,39,57908.05699
47.508173,32,57910.957336
381.61379,54,57915.637838
92.109735,33,57918.603452
454.585969,57,57923.653446
98.336613,38,57927.306731
99.032641,34,57930.588488
56.3754,34,57933.5411
98.939578,36,57936.737633
143.698738,38,57940.196416
52.479482,34,57943.139363
590.958043,60,57948.713696
16.264872,26,57951.164617
436.682084,58,57956.162919
300.502033,43,57960.016787
59.790158,35,57963.018445
107.277233,36,57966.170955
296.582208,46,57970.38956
171.984619,31,57973.457641
386.626265,50,57977.756605
80.377121,30,57980.50219
325.591343,51,57984.765835
311.399488,45,57989.53631
190.731756,40,57993.461774
588.095201,58,57998.73955
46.961584,33,58001.558233
197.35817,43,58005.247891
331.242528,47,58009.526396
184.740678,40,58012.958714
100.0603,37,58016.158677
365.127863,48,58020.586684
283.991836,45,58024.647943
100.65185,36,58028.221996
418.105767,51,58033.01877
259.860788,44,58036.914294
57.916666,35,58039.944651
123.570833,35,58042.978419
284.962601,47,58047.743092
-4.736274,28,58051.090653
440.046435,54,58056.389404
348.763929,49,58060.654145
144.972381,41,58064.210271
150.101482,41,58067.649219
93.388472,36,58070.912089
320.995268,48,58075.252655
173.95523,40,58078.851026
597.664424,57,58084.050496
322.102923,49,58088.633734
236.781958,42,58092.440091
775.739489,65,58098.215035
43.933382,31,58100.960987
141.90511,40,58104.365556
235.968224,43,58108.760447
395.454583,52,58113.376374
514.623713,58,58118.827313
977.301531,72,58125.277333
45.046725,33,58128.181177
772.915188,60,58133.612345
40.052793,30,58136.307094
326.478794,46,58140.5131
43.006848,31,58143.320884
374.498055,50,58147.95319
10.53605,30,58150.750854
186.050208,39,58154.252938
267.462811,40,58158.332606
148.033223,38,58161.735937
670.444639,58,58166.989572
234.459587,40,58170.960241
285.393461,45,58174.947837
290.67944,47,58179.106089
95.349991,36,58182.439135
582.507638,58,58187.242714
13.387399,32,58190.040542
184.121862,42,58193.571426
1.122788,29,58196.128278
60.111713,36,58199.187776
-44.368034,28,58201.628235
249.89897,47,58205.65281
309.380414,45,58210.254188
152.016967,42,58213.765223
3.945414,33,58216.47506
402.873638,47,58220.636262
721.654234,61,58226.149898
376.377245,51,58231.525341
84.482519,31,58234.409557
139.234257,39,58237.963178
186.536939,40,58241.437442
93.099724,35,58244.585125
381.62842,47,58248.927705
385.759244,52,58253.581717
414.678626,51,58258.266194
92.279376,33,58261.209492
4.007639,30,58263.811146
179.535435,42,58267.555792
322.016221,49,58271.915769
97.272343,37,58275.035653
83.523022,36,58278.386098
36.487353,30,58281.060986
186.268594,42,58284.7142
421.365812,54,58290.344171
224.417555,43,58294.122088
48.258282,33,58297.048986
757.41898,64,58302.803826
423.170181,54,58307.522374
239.471545,44,58311.296483
247.464401,46,58315.194992
228.627314,44,58319.226429
215.306851,43,58322.949955
238.080598,44,58326.863598
321.191334,47,58331.367969
135.789863,37,58334.685316
55.701791,35,58337.675235
-12.216688,29,58340.225773
149.841467,41,58343.92022
176.861002,37,58348.095884
120.441442,33,58351.213588
-1.864925,28,58353.773586
233.553794,43,58357.576406
425.72462,53,58362.599555
15.01392,32,58365.335574
273.183171,48,58369.37882
191.354952,42,58372.921245
208.948944,41,58376.488475
228.521576,40,58380.14889
156.236232,41,58383.680901
241.015652,42,58387.536837
231.559817,44,58391.692653
222.779031,45,58395.537744
1039.359796,71,58402.250432
770.547298,65,58408.617427
53.820833,35,58411.725246
279.999108,49,58416.049978
46.88337,34,58419.014404
242.248455,44,58422.98498
509.400734,56,58427.991745
93.933027,37,58431.164824
527.08179,56,58436.108414
140.367004,37,58439.378497
195.600996,43,58443.167118
188.526014,42,58447.039356
396.805468,50,58451.621325
372.564445,50,58456.260288
374.356756,50,58460.889977
526.463847,55,58465.767375
135.858404,37,58469.493066
512.681164,57,58474.485621
-8.639161,28,58477.015553
137.939772,39,58480.677869
234.435033,44,58484.559627
133.635808,38,58487.984023
893.514438,68,58494.058832
133.795307,40,58497.615383
596.999825,58,58502.690844
286.550099,46,58506.838296
39.280407,32,58510.24527
587.64861,55,58515.321509
203.988588,42,58518.818926
130.973449,35,58522.035202
229.27039,44,58526.02075
362.893984,48,58530.888639
96.935884,38,58534.284034
282.875262,46,58538.444668
220.976761,38,58542.077127
417.047256,50,58546.641589
194.880861,41,58550.590869
49.481616,35,58553.633161
190.919567,40,58557.182972
5.799101,30,58559.871868
94.083143,34,58562.856757
194.769641,42,58566.716574
307.083383,43,58571.282287
374.542335,51,58575.76313
338.010572,41,58579.234782
356.065718,51,58583.687011
227.055561,42,58588.133745
393.899497,51,58592.605123
424.25757,56,58597.489102
230.987424,42,58601.328755
461.414019,45,58605.262623
409.198818,53,58610.115529
330.885148,49,58614.324456
418.053188,57,58619.082293
137.730157,38,58622.533853
308.391078,46,58626.657016
240.143951,45,58630.834506
174.104731,38,58634.226168
158.115338,42,58637.948708
319.386691,49,58642.097546
140.060923,36,58645.480631
289.410088,47,58650.263728
243.510725,42,58654.317
393.530645,54,58659.030744
241.065393,44,58662.910322
199.810589,43,58666.670802
225.201281,42,58670.470624
197.061273,44,58674.367593
443.611042,53,58679.075003
92.362421,34,58682.198764
100.792793,36,58685.512399
102.200747,35,58688.706839
502.401482,57,58693.638918
498.288046,57,58698.715425
276.763413,47,58702.784195
326.877091,49,58707.988672
148.246503,40,58711.545504
269.242397,45,58715.540998
333.251513,47,58720.031557
226.999134,41,58723.791316
295.229495,49,58728.139165
178.204414,40,58731.62501
182.29354,42,58735.452539
-3.324823,29,58738.052207
374.6556,50,58742.569688
391.791389,49,58747.133523
148.40463,40,58750.812037
326.754774,48,58754.991495
254.055021,45,58758.883487
182.889773,40,58762.466569
71.570701,33,58765.483469
282.459212,47,58770.226824
96.907532,37,58773.445908
785.025813,64,58779.472538
861.368636,65,58785.263381
232.149475,40,58788.879794
145.342225,38,58792.179622
153.952838,36,58795.430099
95.9745,35,58798.522707
234.485447,44,58802.467416
283.047608,47,58806.734852
180.406498,35,58810.131229
290.856422,46,58814.277777
861.405502,67,58820.131047
588.003489,59,58825.290578
372.538051,49,58830.343468
198.174917,42,58834.325265
245.035772,46,58838.505675
197.202638,42,58842.312965
511.308387,54,58847.425368
143.448555,39,58851.317399
186.17204,40,58854.863626
376.212407,53,58859.396224
75.243962,31,58862.310004
502.793557,59,58867.501607
84.262266,27,58870.211031
605.855679,60,58875.458024
397.425409,51,58880.027671
268.459479,46,58883.988355
410.474542,54,58889.416234
334.646319,49,58894.435338
284.990182,47,58898.601217
143.084819,38,58902.050838
180.319391,39,58905.529738
229.148054,45,58909.309846
152.613411,40,58912.767888
308.352239,45,58916.83874
240.910636,45,58920.702388
301.967865,45,58924.804444
24.743379,28,58927.564561
124.954366,38,58931.002436
437.018475,52,58935.717264
234.678618,42,58939.542115
44.280329,31,58942.340566
196.420127,43,58946.141814
374.552216,48,58951.322247
287.442225,47,58955.394392
349.754104,46,58959.549984
136.318502,34,58962.737175
-1.098852,30,58965.390781
400.420648,49,58969.84725
43.11049,31,58972.580064
237.098923,45,58976.495407
225.258035,42,58980.25092
531.791538,58,58985.309563
148.093938,39,58989.037019
240.485232,45,58993.055954
407.798144,53,58997.894484
138.900607,37,59001.40721
37.976446,33,59004.355864
231.439088,43,59009.073879
84.172481,34,59012.169636
335.995312,49,59016.510208
228.451806,43,59020.276159
189.14789,43,59024.011102
-26.70856,22,59026.005177
143.660649,39,59029.433152
90.124471,35,59032.455122
965.573618,62,59038.027524
58.037038,35,59041.154933
200.634234,44,59044.895945
149.864179,41,59048.641189
440.960496,53,59053.446038
383.148082,51,59057.883104
294.997269,43,59061.680137
140.467658,37,59065.048994
410.581722,52,59070.067827
268.656841,45,59074.004087
54.623419,32,59076.798404
61.257377,36,59079.937289
143.013076,40,59083.59535
184.45779,40,59087.078029
414.165174,53,59091.917417
-54.75116,25,59094.081344
504.154186,57,59099.109442
142.931027,40,59102.618
222.280688,42,59106.259135
337.066008,47,59110.844554
669.161376,64,59116.407131
126.80248,35,59119.539247
380.670061,52,59124.354264
129.555932,39,59128.216582
48.551789,34,59131.176315
318.530358,47,59135.378881
-5.144395,28,59137.962943
316.105908,49,59142.170324
142.448392,40,59145.965726
225.412869,41,59149.889848
146.244708,36,59153.060346
365.392192,49,59157.661846
406.88501,52,59162.293418
102.707291,37,59165.50822
193.397314,42,59169.409869
136.097189,37,59172.815302
187.364798,40,59176.527349
460.315571,53,59181.218396
93.390228,36,59184.378361
139.868728,39,59188.612788
42.443042,33,59191.468748
38.510678,32,59194.360978
152.816567,41,59197.963722
334.006341,51,59202.314895
220.377799,42,59206.013378
-0.645425,31,59208.626425
179.357601,41,59212.414957
184.296998,42,59215.971322
275.199869,44,59220.055912
288.453345,45,59224.199863
119.364603,34,59227.289788
216.49599,43,59231.184587
7.363495,32,59234.000445
334.233522,50,59238.358904
145.964102,39,59241.778556
147.098638,35,59244.906265
351.518908,48,59249.938993
82.893722,31,59252.844835
223.017123,42,59256.90857
517.004272,58,59262.043875
82.146614,31,59264.86863
234.333698,44,59268.741511
679.721407,59,59274.147806
107.301446,40,59277.649234
329.756245,50,59282.038524
234.850559,43,59285.886201
4.209695,31,59288.885004
42.473995,32,59291.741808
102.536079,37,59294.973757
211.748965,42,59298.637084
380.641062,49,59303.07609
592.480501,58,59309.0286
84.710951,29,59311.895128
290.425083,48,59316.128576
202.4797,43,59319.935994
268.862796,45,59323.894019
57.149094,35,59326.940315
243.42242,46,59330.981469
391.446638,51,59335.503748
770.388288,60,59340.804144
289.927227,45,59345.031431
131.05751,36,59348.448646
54.640452,36,59351.523104
103.794823,38,59354.728864
188.546672,40,59358.321979
96.921663,35,59361.616162
283.264105,47,59365.694496
84.362119,36,59369.523285
94.782561,38,59372.781766
223.101534,44,59376.520344
233.760874,41,59380.338078
-21.550182,26,59382.576784
261.310483,46,59386.493502
379.400528,52,59391.264208
202.390551,42,59394.970846
215.401095,41,59398.614616
503.047287,57,59403.611899
287.936141,46,59407.898402
264.000097,42,59411.774816
328.642958,51,59416.242495
140.150893,41,59419.809778
101.738358,39,59422.989028
419.042842,53,59428.442163
98.807407,33,59431.394574
236.891031,44,59435.338097
288.7658,46,59439.479787
60.79204,35,59442.534539
365.358747,48,59446.986096
516.21141,57,59452.539551
284.560624,45,59456.653552
583.777452,56,59461.759111
582.366148,59,59467.247412
342.179259,51,59471.970247
142.4505,38,59475.549544
427.209246,52,59480.27765
1.011988,31,59482.995565
322.581673,49,59488.02874
610.227577,57,59493.248628
199.781547,41,59496.93653
331.963705,47,59501.360092
242.452962,44,59505.175253
43.064145,34,59508.068906
-22.871019,26,59510.473484
968.785819,67,59516.413044
232.847449,45,59520.270295
913.95944,64,59525.919159
528.009134,56,59531.177536
148.297668,37,59534.535784
2.432504,31,59537.324673
182.441753,36,59540.725128
238.880853,42,59544.466855
424.718051,55,59549.802963
299.754622,46,59553.949005
875.590995,69,59559.854904
44.094359,31,59562.630979
311.814825,44,59566.641635
51.04779,34,59569.629439
147.554619,40,59573.095613
-53.473043,27,59575.519732
40.264805,30,59578.223107
592.315004,56,59583.48431
90.130701,34,59586.535535
288.661677,50,59591.073908
97.073948,34,59594.097435
803.190914,66,59599.935434
340.526346,46,59604.068554
405.860083,54,59609.323429
539.73092,58,59614.692092
335.743974,48,59619.272837
378.768305,52,59623.926737
251.83986,43,59627.843147
111.797521,38,59631.183875
151.452127,42,59634.874932
351.510608,49,59639.203145
134.672088,36,59642.390187
8.288571,31,59645.072463
133.530057,37,59648.670111
974.181585,70,59654.6337
54.8715,35,59657.633269
92.166148,32,59660.79764
296.262463,46,59664.850394
154.865729,40,59668.889759
299.778772,48,59673.137804
-37.233353,24,59675.366989
32.930512,33,59678.309296
102.234817,37,59681.614185
581.304473,53,59686.186855
245.310134,46,59690.229306
60.635241,38,59693.483617
442.503974,52,59698.224481
140.032921,38,59701.50627
311.654664,43,59705.672763
426.638596,51,59710.684099
239.584535,45,59714.548793
185.450283,42,59718.050719
683.46826,61,59723.594826
356.327423,48,59728.55362
1572.093649,83,59736.095117
12.768114,32,59738.869711
318.746366,49,59743.117803
201.273624,44,59747.124385
529.098353,57,59752.48737
511.707142,56,59757.515799
301.364849,47,59761.574691
804.924112,65,59767.41074
441.070149,51,59772.598321
99.400878,36,59776.010575
183.955669,42,59779.637665
257.264002,45,59783.73747
33.098752,30,59786.349904
380.297744,53,59791.362169
583.556268,56,59796.757415
187.755447,43,59800.551314
223.604789,39,59804.093106
250.018622,46,59808.092058
419.467014,52,59812.939313
407.616116,53,59817.563089
207.339895,41,59821.136806
191.371314,42,59824.787039
226.541542,44,59828.822641
140.502614,36,59832.065598
88.99142,35,59835.156064
138.394199,39,59838.468042
190.073335,41,59842.096989
-28.207482,32,59844.793369
3.629836,30,59847.943202
222.187389,37,59851.366602
129.986929,37,59854.676139
280.618933,46,59858.885275
136.387019,37,59862.072104
162.590722,39,59865.605184
224.413653,44,59869.521056
55.82403,35,59872.515453
56.494175,33,59875.442849
-47.82549,23,59877.62887
1213.799929,76,59884.564974
239.260606,43,59888.676514
144.89336,38,59892.014605
296.580944,47,59896.223118
331.647898,46,59900.221342
285.898695,47,59904.549402
436.002596,56,59910.181576
3.167726,28,59912.676413
103.23635,36,59915.861626
776.847204,60,59921.246226
130.292538,36,59924.661542
97.831886,37,59927.914608
396.812692,52,59932.376672
263.942906,46,59936.494142
61.240479,24,59939.120916
1248.859204,75,59945.672602
283.566333,47,59950.158987
1.744831,31,59952.820189
63.194072,34,59955.821185
792.689197,66,59961.69103
239.994238,42,59965.457622
95.166862,33,59968.794501
54.248358,34,59971.663483
402.338198,52,59976.443414
427.805575,57,59981.332537
131.229861,36,59984.680197
190.500992,40,59988.19616
81.165403,33,59991.326105
233.994748,42,59995.025241
90.41198,34,59998.052437
271.468134,43,60002.052931
100.985354,34,60005.007947
426.09516,52,60010.109905
105.584879,38,60013.345589
1005.978551,67,60019.178591
187.332778,40,60022.670114
324.475662,48,60027.562943
235.86788,42,60031.492217
289.612179,47,60035.50008
6.014133,29,60038.193905
61.667074,36,60041.248922
-5.6324,29,60043.784419
147.340151,38,60047.225545
870.545004,67,60053.292702
365.795211,51,60057.73951
37.514809,31,60060.549911
131.783775,38,60063.807739
141.369802,39,60067.22962
621.120861,61,60073.397399
215.91394,41,60077.05843
419.760659,49,60081.830268
425.790437,53,60086.586199
305.007933,46,60091.376654
240.987771,46,60095.378315
148.915755,39,60098.891111
1270.201986,82,60105.920506
982.227691,69,60112.003675
257.526077,41,60115.688839
-37.789621,27,60118.064309
13.568792,34,60120.994547
61.291276,37,60124.004571
355.131397,45,60128.258768
58.935677,35,60131.341394
52.683067,29,60133.973344
48.5426,33,60136.727079
152.646944,40,60140.256005
588.500927,57,60145.392506
230.535547,39,60149.721205
292.630707,48,60153.992016
213.001347,41,60157.625011
152.482844,40,60161.112835
191.221737,41,60164.978556
425.398642,52,60169.515244
966.925035,71,60175.755365
148.749886,40,60179.279665
201.060814,43,60183.149438
59.082099,36,60186.156554
201.761099,34,60189.646102
232.698097,43,60193.31948
36.565976,25,60195.737207
149.599896,39,60199.155613
183.946439,38,60202.629488
228.979179,43,60206.357403
235.972517,44,60210.986662
323.983081,47,60215.190342
266.477221,44,60219.100503
279.485063,47,60223.436334
88.705647,32,60226.291468
621.392809,60,60231.654577
507.085305,55,60236.723236
150.276301,41,60240.334265
233.635718,42,60244.105066
133.996008,36,60247.331119
335.629053,48,60251.596467
57.292671,34,60254.529407
192.930464,42,60258.231345
427.06141,52,60262.960981
392.609089,51,60268.19449
236.593253,42,60271.930922
332.334297,50,60276.210697
128.902363,38,60279.422974
103.213673,38,60282.933464
175.417724,38,60286.208035
8.157556,32,60288.919022
328.589489,49,60293.309949
53.280704,34,60296.26274
251.32095,38,60300.099985
61.888441,36,60303.128214
101.237955,38,60306.39117
335.979597,47,60310.936769
225.194682,41,60314.680871
87.860466,33,60317.574819
281.906629,44,60321.409644
102.634648,37,60324.607246
235.95845,43,60329.200769
113.667316,35,60332.212976
261.678675,46,60336.23169
351.412834,49,60340.658909
211.980766,42,60344.311733
349.031578,51,60348.777456
243.183013,46,60352.939784
145.854769,38,60356.461042
89.459751,37,60359.484277
269.000744,44,60363.377541
132.981719,37,60366.688874
112.97505,41,60370.315784
0.932582,33,60373.092545
368.286418,50,60377.697476
140.965806,38,60380.991467
327.444669,49,60385.342287
353.619571,49,60390.251321
243.524834,37,60393.649489
52.273811,35,60396.720862
195.817578,42,60400.375168
404.715242,52,60405.010522
445.562791,55,60409.812666
36.574883,32,60412.590549
372.198814,52,60417.208713
137.44295,40,60420.663574
236.258975,44,60424.53067
699.072827,63,60430.176408
247.78216,47,60434.206961
300.551201,46,60438.139356
340.739984,45,60442.145445
210.051626,40,60445.696695
799.796288,65,60451.948675
182.061511,38,60455.515844
287.175034,48,60459.652328
101.293931,36,60462.833804
242.489639,43,60466.750103
350.939112,47,60470.806365
398.609433,53,60475.288969
4.846696,34,60478.164947
-7.727036,25,60480.454299
94.489856,36,60483.562864
3.701247,30,60486.503999
54.607685,34,60489.71401
321.168376,46,60493.817534
300.272133,46,60497.905807
100.914375,35,60500.975652
145.717305,36,60504.157939
320.273082,48,60509.18142
51.225671,33,60512.101959
145.605595,40,60515.469539
419.324167,56,60520.255663
586.486326,61,60525.414375
253.071724,42,60529.352731
-43.455729,29,60531.842582
190.385158,41,60535.572288
93.134627,34,60538.609287
289.459312,47,60542.745993
137.877571,38,60546.075213
523.524661,55,60551.309518
366.9226,47,60555.762796
281.774776,45,60559.791045
140.28285,37,60563.265508
-73.871297,21,60565.250927
189.60382,41,60569.192335
596.628045,60,60574.697433
58.269617,36,60577.87643
142.337014,39,60581.187663
161.53523,37,60584.364418
588.433171,60,60589.435973
280.510318,44,60593.288914
301.161891,45,60597.211728
203.100662,45,60601.105225
144.433713,38,60604.378957
593.808162,60,60609.917101
100.590921,35,60612.948822
1357.12954,78,60619.825976
604.149748,57,60624.869492
101.751201,38,60628.760503
542.03177,55,60633.519604
203.346738,43,60637.185327
189.704987,40,60640.91706
408.447716,50,60645.256161
48.825617,33,60648.213115
142.256792,36,60651.735221
209.950256,41,60655.204853
333.846623,51,60659.784537
80.159237,32,60662.599712
369.06237,45,60666.842205
762.106506,64,60672.595191
273.85118,43,60676.339993
274.89112,46,60680.463868
515.232371,54,60685.323953
141.149259,41,60689.502179
112.225343,36,60692.579407
535.920229,55,60697.735209
150.313118,39,60701.039724
47.075011,33,60703.905754
372.863075,47,60708.146909
249.468963,45,60712.100522
191.444749,39,60715.602082
-67.50992,22,60717.63203
322.043098,50,60721.942606
104.857988,38,60725.171266
61.96912,35,60728.368346
236.217981,41,60732.129772
311.371339,48,60736.216024
232.698918,40,60739.786884
673.950112,63,60745.461618
-17.232431,27,60748.786253
338.805884,45,60752.729607
372.806573,51,60757.18603
146.829911,37,60760.600268
-76.582214,21,60762.431859
527.425948,53,60767.32795
340.311645,52,60771.783696
148.052618,39,60775.232312
234.26512,42,60778.970293
911.745342,67,60785.03713
28.857008,27,60788.119831
362.569118,52,60792.723343
61.475425,33,60795.604477
99.079679,37,60798.74865
140.514056,37,60802.055083
414.973912,54,60807.532517
50.252345,35,60810.657123
149.206688,41,60814.182637
332.304813,49,60818.655077
109.110852,35,60821.758754
1099.883262,75,60828.334176
93.00487,36,60831.488321
370.073709,52,60836.294803
355.406109,48,60840.641012
437.946996,53,60845.343049
336.657425,50,60850.009017
189.962892,39,60853.594815
87.668219,36,60856.553593
244.235257,47,60860.714033
303.365864,46,60865.071149
336.677518,52,60870.152653
242.638764,46,60874.144067
93.114946,34,60877.189499
223.064512,43,60881.033758
102.378815,38,60884.333134
532.236957,57,60889.40259
55.17752,33,60892.472732
192.009001,39,60895.769093
139.209878,38,60899.065108
61.984702,37,60902.160962
-5.216009,27,60904.57241
41.017551,33,60907.521047
601.770637,57,60912.54635
232.339015,40,60916.182542
153.229507,38,60919.813572
42.472423,31,60922.616435
267.946629,40,60926.239406
306.799715,45,60930.917235
277.971408,46,60935.076585
92.606683,36,60938.277686
-56.959477,23,60940.34708
408.348259,51,60944.965234
-92.399125,19,60946.769109
373.427581,51,60951.585322
421.405668,53,60956.348303
89.811908,37,60959.459077
235.244476,43,60963.344127
384.198965,47,60967.400614
200.153492,44,60971.356631
233.09122,44,60975.466268
-29.064409,32,60978.16242
185.564976,41,60982.022826
183.728059,38,60985.484111
536.513229,56,60990.91555
477.182191,56,60995.825485
458.941288,51,61000.385682
107.749806,35,61003.460296
186.443123,41,61007.01562
106.204501,41,61010.520883
146.468758,40,61013.987568
175.350589,42,61017.646525
95.864247,32,61020.60304
187.721884,41,61024.085682
440.471121,54,61028.898455
241.431672,44,61032.880136
229.42588,44,61036.895877
432.662831,54,61041.706491
210.198331,44,61045.593201
133.269861,39,61049.553472
807.21994,55,61054.828888
1224.241218,76,61061.747758
135.581545,36,61064.986251
198.20397,45,61068.738399
83.510324,29,61071.545448
239.59357,45,61075.453689
1265.991774,78,61082.305238
599.946576,60,61087.678793
301.471308,49,61092.297629
92.395731,35,61095.419132
-53.758768,26,61097.675261
436.510115,53,61102.328649
305.600797,45,61106.291946
506.057881,58,61112.04415
1070.070459,73,61118.568448
40.656262,32,61121.464175
197.881747,43,61125.226757
260.504032,43,61128.958158
35.113598,25,61131.300141
144.541259,39,61134.839331
291.167301,45,61138.817461
187.832645,38,61142.369208
1028.789017,67,61148.416581
-29.930915,25,61150.875552
208.209829,40,61154.370676
325.55549,51,61158.768249
221.488196,40,61162.411812
231.155837,43,61166.370841
149.583246,41,61170.364057
-35.759245,28,61172.896262
51.633378,31,61175.729974
617.6989,59,61180.951156
274.921216,47,61184.988283
8.532212,31,61187.689608
152.155422,38,61191.043784
327.762612,46,61195.19996
233.895366,41,61198.923654
226.169644,41,61202.646962
241.113773,43,61206.387951
4.037002,32,61209.238113
125.106403,34,61212.408731
94.419745,32,61215.249515
231.115674,40,61219.064563
46.943585,32,61221.832591
335.02114,43,61225.803865
422.921083,52,61231.341382
288.024883,49,61235.579624
634.825836,61,61241.237572
79.751785,35,61244.617623
142.79432,37,61248.004232
142.166579,38,61251.586084
149.353762,39,61255.04698
240.242502,46,61258.947802
253.520898,45,61262.641538
-4.717456,30,61265.189917
302.959052,50,61269.873001
423.692096,54,61274.605906
150.676761,39,61278.263113
759.963472,62,61283.739776
240.031904,43,61287.908692
283.41141,49,61292.194693
35.053131,27,61294.59828
396.296179,52,61299.390053
272.414658,40,61302.971031
199.688712,40,61306.316554
508.213802,57,61311.4077
167.691902,38,61314.799602
367.112701,49,61319.049543
187.848525,40,61322.631866
118.54983,35,61325.635937
172.614396,41,61329.360902
342.301041,48,61333.520814
229.86982,43,61337.315405
147.731802,38,61340.590561
105.231972,39,61343.810962
1751.179739,88,61352.284561
237.874323,44,61356.284721
198.496337,40,61359.949331
225.771025,43,61363.603359
58.92798,34,61366.86626
418.673393,54,61371.755262
371.927641,49,61376.278604
89.583157,36,61379.398493
100.55255,35,61382.432938
149.451598,39,61385.940959
159.799705,42,61389.782396
185.167353,40,61393.325114
383.855432,54,61398.009468
57.476313,35,61401.025321
507.738091,56,61405.890514
238.553323,39,61410.298938
294.607155,46,61414.394826
598.423189,60,61419.743643
151.166102,39,61423.169894
395.892318,49,61427.41699
844.622728,65,61433.179409
240.301005,42,61436.937642
192.995745,41,61440.574579
406.280855,52,61445.168478
139.633076,38,61448.554013
872.764842,64,61454.433664
55.387428,34,61457.293719
285.404645,48,61461.40917
508.599044,57,61467.355371
56.460494,34,61470.486717
433.395699,53,61475.399302
446.606441,56,61480.477986
91.688949,35,61483.643672
694.176151,63,61489.137282
317.076404,48,61493.435247
600.716791,58,61498.587947
285.345127,47,61502.740711
-23.659495,25,61505.028098
330.920569,46,61509.390849
1285.780282,79,61516.176811
194.4966,39,61519.891684
103.931522,39,61523.226217
349.914313,50,61528.275434
235.144005,43,61532.659451
509.249851,57,61537.679967
59.208766,33,61540.70878
282.967947,46,61544.737532
262.215915,43,61548.61277
-35.356088,25,61551.252451
241.221078,45,61555.516202
287.799809,47,61559.554042
87.07208,32,61562.427848
356.810749,47,61566.45254
337.675321,51,61571.317968
228.649382,44,61575.264475
521.736138,51,61579.546528
189.207021,37,61583.151472
470.852413,52,61588.526725
163.35555,34,61591.837094
197.661435,39,61595.387239
239.345751,44,61599.372302
194.164092,43,61603.096142
99.10674,36,61606.210232
94.00239,34,61609.281777
117.241711,36,61612.64289
102.672536,39,61616.01369
147.906911,38,61619.388282
140.460664,36,61622.601096
235.54442,44,61626.328398
188.501355,41,61630.215596
145.706702,41,61633.750096
141.947256,37,61637.05641
55.595264,36,61640.028979
50.117369,32,61642.970713
93.001435,36,61645.985685
281.672806,48,61651.85599
142.691471,38,61655.538189
508.354668,56,61661.161016
325.22563,50,61665.836939
323.394685,46,61669.991989
271.784377,41,61673.852321
777.398043,65,61679.50688
92.387671,33,61682.379082
327.466993,49,61686.882946
233.230694,45,61690.936331
-2.792551,30,61693.612461
0.00689,29,61696.246607
148.42905,39,61699.676681
93.143379,38,61702.770285
335.62575,50,61707.881006
144.454159,38,61711.338398
146.397381,41,61714.80329
39.077393,33,61717.922036
394.282895,52,61722.804127
284.973964,47,61726.898282
864.588837,67,61733.0582
196.710016,42,61736.912292
277.011775,47,61741.108124
101.708277,37,61744.302415
131.27603,35,61747.447704
325.985995,50,61752.230588
194.8165,42,61756.214931
146.640278,39,61759.641611
356.376121,48,61763.982315
350.590839,49,61768.938158
319.150244,49,61773.318123
562.470399,57,61778.626322
45.715404,32,61781.403646
284.409652,49,61785.578225
522.501797,56,61790.605341
185.669493,41,61794.238288
330.864133,51,61798.541822
196.082642,41,61802.259748
204.226867,39,61805.890366
133.447314,34,61809.153242
245.208264,46,61813.220381
599.918829,59,61818.677991
206.235875,42,61822.455667
284.174682,47,61826.857274
662.345041,62,61833.011078
219.789547,37,61836.716357
390.142084,48,61841.606911
207.938823,40,61845.500409
532.861297,56,61850.79829
698.625929,56,61855.756202
427.751927,53,61860.493447
312.570751,45,61864.467336
447.99114,56,61869.575416
133.414221,34,61872.935358
415.682798,49,61877.523205
695.667899,63,61883.234363
153.267767,40,61886.714756
47.304073,30,61890.079648
152.005966,40,61893.660936
132.822381,40,61897.052352
1049.157742,72,61903.376048
195.703351,42,61907.084723
180.11052,40,61910.625397
321.34877,46,61914.743977
240.431226,43,61918.840155
107.56185,38,61922.072213
511.135122,57,61927.155629
-24.136652,28,61929.765646
237.781836,42,61933.593469
140.624687,39,61936.965546
285.038567,45,61941.017706
86.028381,34,61943.955767
339.837309,50,61949.182284
151.671282,41,61952.820755
352.09073,46,61957.345245
495.402958,51,61962.12819
257.951224,41,61965.766918
588.437691,60,61971.020716
715.866717,57,61976.108822
601.622191,62,61982.514892
287.204485,47,61987.123712
298.804772,46,61991.501609
599.183095,56,61996.351291
282.559383,46,62000.344741
709.577548,63,62005.907546
53.641672,35,62009.602322
329.026287,49,62014.000215
425.655105,56,62018.88544
184.592775,39,62022.438493
227.601779,42,62026.713186
78.735342,37,62030.071362
968.196994,70,62036.38633
281.996134,46,62040.347851
374.288847,49,62044.927524
170.208306,38,62048.353136
152.488458,42,62052.215949
186.260386,41,62056.060528
134.205534,37,62059.599779
146.197956,37,62063.544723
300.647901,45,62068.2911
501.436714,57,62073.574701
137.704029,38,62077.157885
284.739885,46,62081.694962
377.539604,51,62086.31281
237.740507,43,62090.174812
328.088294,51,62094.576488
142.996909,40,62098.215493
400.715012,51,62102.869522
343.375463,52,62107.336776
231.006774,42,62111.414702
364.00557,50,62115.948729
134.420603,35,62119.127447
286.982908,47,62123.302386
269.64411,42,62127.633143
220.755594,40,62131.42403
148.627752,38,62134.786695
-65.669588,22,62137.100248
224.198973,42,62140.858314
129.497853,34,62143.899642
172.668972,38,62147.47853
233.879201,41,62151.355212
333.888621,49,62155.661712
265.241168,45,62159.596527
194.185696,41,62163.255856
684.33448,62,62168.911925
388.368853,51,62173.538582
241.236352,46,62177.506679
40.570665,30,62180.320012
48.170251,34,62183.252373
380.573818,49,62188.270105
84.581145,34,62191.465707
192.003214,43,62195.224715
46.513311,31,62197.978374
96.861546,33,62201.068156
139.496457,36,62204.332153
762.761361,65,62210.13048
196.199692,42,62213.879342
190.756837,41,62217.602269
447.863394,54,62222.636294
127.239548,34,62225.696306
96.93877,36,62228.845456
99.669433,32,62231.925719
441.428518,51,62236.394655
31.244893,27,62239.174307
456.316087,53,62243.75874
333.469511,49,62248.862805
46.378843,33,62252.005919
537.335026,58,62257.175545
279.662892,45,62261.229059
372.595097,53,62265.795681
415.487759,55,62270.673633
174.472948,38,62274.151624
93.268529,32,62277.078332
381.525798,51,62281.624217
171.277304,37,62284.991271
0.827429,28,62287.501513
81.633154,35,62290.858639
333.531066,48,62295.172305
422.269642,54,62299.901975
615.685537,60,62305.103952
46.168524,31,62308.55671
262.944323,43,62312.507051
276.72137,45,62316.500473
92.471694,34,62319.49324
-40.984733,29,62321.990289
230.370051,44,62325.933739
367.838603,48,62330.364929
189.603223,38,62333.83743
33.188392,23,62336.144793
189.366366,38,62339.504759
92.862491,37,62342.697018
413.250836,52,62347.549441
57.682409,35,62350.766363
39.485409,32,62353.703812
180.762131,37,62358.083553
11.281888,33,62360.9195
90.98666,32,62363.873866
49.365139,33,62367.185812
920.4043,65,62373.571354
180.072559,42,62377.288754
318.644964,47,62381.379918
760.920917,64,62387.046849
391.005837,49,62391.692354
372.839684,49,62396.059436
97.867357,38,62399.277133
190.922353,42,62403.040715
348.074133,51,62407.482754
293.117698,49,62411.850656
180.497086,41,62415.424679
30.672128,27,62417.862087
269.409901,45,62421.872866
394.501022,53,62426.265357
322.672161,49,62431.010285
132.358418,39,62434.557909
150.577154,40,62438.131246
366.456844,50,62442.568448
256.292337,44,62446.407561
387.566101,53,62451.300654
384.648713,54,62455.956715
388.568563,53,62460.549356
400.110288,53,62465.085898
135.849678,39,62468.683306
275.007214,40,62472.481699
184.885189,41,62475.955127
281.836649,44,62479.881547
915.318207,64,62485.558232
356.741612,49,62490.389636
386.740718,54,62495.133857
4.2072,30,62498.082692
282.26157,46,62502.135279
191.914172,42,62505.808816
237.915209,41,62512.034987
247.078258,47,62516.916636
39.035897,32,62520.454948
378.137553,50,62525.638369
510.545738,57,62532.861567
390.734337,49,62538.422117
3.010054,27,62540.929984
600.072544,61,62546.778574
204.889597,40,62550.4634
63.766381,37,62553.64064
40.529083,33,62556.431602
98.504987,36,62559.840072
141.991945,40,62563.424317
130.557533,36,62566.84209
275.279998,46,62571.033473
134.899978,33,62574.535572
279.221183,43,62578.465077
100.870182,35,62581.557377
184.38916,41,62585.065659
316.221011,50,62589.680723
239.827669,39,62593.361238
141.051271,38,62596.788315
-15.877724,24,62598.990228
232.373805,44,62603.16855
114.157185,37,62606.388941
233.46129,43,62610.097773
264.190507,46,62614.199091
188.134385,44,62618.050667
-15.466354,26,62620.758719
283.207862,47,62624.89344
95.059738,37,62628.169977
-46.334939,27,62630.772822
57.617697,34,62633.877786
327.371276,48,62637.924395
234.260814,44,62641.866997
204.173847,45,62645.924089
292.04458,44,62650.03543
94.950965,37,62653.263079
128.910841,32,62656.194147
504.323044,57,62661.320511
237.016167,45,62665.169091
9.210177,31,62667.759745
327.258824,49,62672.048532
419.770336,55,62680.675041
252.961425,48,62689.834607
773.634899,64,62699.636217
428.913377,57,62708.419429
284.684434,41,62714.624535
366.461042,50,62722.621357
39.602564,32,62726.147137
213.175022,40,62730.209128
226.599467,43,62734.695714
239.301748,45,62738.793013
150.25413,38,62742.442402
505.602693,53,62749.487216
3.528953,32,62753.086762
143.649721,38,62756.901513
97.496879,34,62760.833038
301.557487,46,62766.19263
245.842086,45,62771.49038
152.181882,40,62775.531031
120.124239,34,62778.981184
284.742229,48,62783.382411
184.341954,36,62787.151187
373.632844,47,62792.773893
249.947377,46,62797.302677
144.580138,40,62804.29173
185.853737,43,62809.184794
614.71223,60,62815.48851
929.11085,69,62824.441979
227.305824,45,62829.317338
209.294612,41,62834.781021
284.806277,46,62839.44339
249.815778,42,62843.763332
364.649455,48,62849.115957
538.594866,57,62855.948348
236.643353,44,62860.798434
90.125618,36,62864.411196
178.000498,42,62868.860275
238.521101,40,62873.984304
277.05269,45,62879.937731
279.487481,46,62885.017919
257.160769,48,62890.400226
244.233975,46,62895.078042
256.695297,45,62899.570891
431.906707,54,62905.682463
289.659585,45,62913.526125
241.038693,45,62922.371977
667.871217,64,62933.265965
84.855444,32,62938.97299
98.583724,34,62944.280151
89.094967,32,62950.667909
260.72925,38,62958.625023
94.445541,35,62964.484801
184.688807,40,62971.08
46.934864,32,62976.634023
331.154839,49,62984.284678
215.634365,40,62990.949527
1193.520283,75,63001.788033
335.916413,52,63006.831076
226.547701,37,63010.673684
229.446558,44,63014.715184
179.381505,41,63018.517518
53.942426,31,63021.709336
510.691314,54,63027.274451
265.874674,43,63031.403928
185.064251,43,63035.402895
230.119823,42,63039.862702
109.59837,36,63043.26738
50.88123,32,63046.144668
139.699889,38,63049.959479
172.900983,38,63053.923413
371.145603,52,63058.627987
235.12681,43,63062.630877
76.020487,33,63065.61582
249.397791,45,63070.293562
97.508538,35,63073.590465
418.366776,54,63078.721411
53.627926,33,63081.792951
245.52208,46,63086.137751
-31.450137,33,63089.140828
325.098983,50,63093.75494
196.923742,36,63097.185019
384.498709,52,63102.384102
242.137214,45,63106.479691
511.583527,56,63111.70606
302.215954,50,63116.20696
89.538374,36,63119.786483
501.070552,57,63125.054213
334.015298,51,63129.800024
409.912487,53,63134.793914
368.799059,53,63140.030549
705.75106,63,63146.924019
369.426288,52,63151.664536
300.295619,47,63156.147266
157.460557,38,63160.015645
4.585253,31,63163.073359
289.082401,49,63167.407652
354.142031,51,63172.080838
508.337981,55,63177.641196
428.594586,53,63182.997067
190.753436,39,63186.691814
172.310559,36,63190.408947
182.737769,40,63194.454528
241.402656,41,63198.386463
284.804548,43,63202.698484
284.965446,48,63207.063091
510.720927,47,63212.16908
-18.987084,26,63214.688816
509.413814,55,63219.764761
96.351359,36,63222.986772
230.661201,43,63227.232465
427.113678,54,63232.165663
231.009656,42,63236.591521
52.333537,31,63239.550336
243.688891,44,63244.194353
195.949233,42,63248.541499
321.947983,47,63253.637398
219.957387,39,63257.401882
325.833654,48,63262.368648
61.003773,34,63265.659243
359.040373,47,63270.202707
293.858232,48,63274.66794
26.308372,30,63277.70549
400.427174,51,63282.607544
1114.558298,76,63289.829867
582.942636,59,63295.264419
93.327977,36,63298.857412
537.822923,58,63304.169076
87.066367,35,63307.507239
375.544612,49,63312.402111
325.299709,45,63317.228362
244.434101,44,63321.29405
-2.134525,29,63323.940679
286.825898,49,63328.353679
322.801504,48,63333.154321
294.447137,48,63337.664351
243.356047,43,63342.106419
144.537098,41,63345.867013
178.550925,38,63350.191938
150.903545,39,63353.923665
85.334744,34,63357.485977
279.42013,45,63361.68087
72.441221,34,63365.348591
389.666845,52,63370.84429
676.204068,62,63377.208762
520.965915,56,63384.814349
1070.773286,72,63392.625039
410.033105,51,63397.999427
426.020785,55,63403.911409
506.241976,57,63409.350698
130.528365,35,63413.727024
1117.68719,75,63421.224191
193.300232,40,63425.140731
255.971517,45,63429.593889
293.74054,48,63434.88559
198.678096,41,63438.997408
90.115578,36,63442.639303
248.270259,44,63447.833013
300.587192,44,63453.930548
431.750921,56,63459.762855
206.727255,36,63463.639747
683.719861,59,63469.616308
32.749543,31,63473.40391
1207.460027,76,63480.522442
158.069659,36,63483.917564
330.636828,48,63488.648816
280.476951,44,63494.483163
145.491435,38,63499.065134
65.999562,30,63502.088566
11.315759,34,63505.141733
283.558847,48,63509.810088
272.177253,41,63513.83117
400.563971,51,63518.588314
743.687278,62,63524.729721
59.534862,27,63527.694065
150.264974,41,63531.526643
376.071518,49,63536.58271
44.384028,34,63539.956185
293.892787,42,63544.266613
288.442468,45,63548.726846
699.128371,61,63555.45731
239.926753,46,63559.654867
188.536969,43,63563.815048
189.229481,41,63567.672202
-0.552203,31,63570.458001
393.878344,51,63575.314492
277.551808,45,63579.960957
136.350799,37,63583.332639
388.363721,52,63588.329436
247.519135,46,63592.600462
108.821592,36,63596.406862
341.771706,50,63601.181272
151.17335,41,63605.013172
277.748052,41,63609.224137
961.22115,68,63616.096115
312.330701,46,63620.437347
37.396769,30,63623.208014
59.948275,35,63626.432058
256.163797,43,63630.763258
189.041551,43,63634.745395
355.397062,52,63639.634075
699.450438,63,63645.398236
455.580832,54,63650.859312
242.897299,44,63654.983061
60.917626,35,63658.211077
386.327485,52,63663.130598
145.470059,37,63666.984089
-60.57931,24,63670.142722
385.285461,52,63675.664359
135.201405,35,63679.043286
0.372825,29,63682.157438
189.538407,38,63685.876293
50.551505,35,63689.017406
73.077647,30,63691.873998
-7.25561,28,63694.776059
249.00707,39,63698.655926
377.683305,52,63703.51415
249.794321,43,63707.682924
152.554507,38,63711.334745
425.198963,46,63715.405736
503.089425,56,63720.631984
58.73129,35,63723.861654
593.666059,60,63729.836635
367.329769,47,63734.512322
255.38046,42,63738.565882
105.858841,39,63742.02007
-2.365836,29,63745.081859
54.208601,33,63748.098017
241.366463,44,63752.274106
232.340724,43,63756.437588
959.06489,71,63763.552933
322.521654,49,63767.982291
46.031945,35,63771.085415
274.640268,46,63775.347998
147.542428,40,63779.167226
149.012321,40,63783.231899
504.425071,57,63790.062039
506.011827,56,63797.380315
524.071184,55,63803.498848
48.415159,32,63806.512959
566.774484,59,63812.06122
189.713531,41,63815.845527
37.404693,27,63818.933204
-60.110862,27,63821.419171
59.413236,34,63824.658753
700.584666,65,63830.674874
-44.716467,28,63833.584531
331.460038,47,63838.042586
514.456559,57,63843.440872
47.190122,31,63846.339896
676.553831,61,63853.395219
424.366461,54,63858.436574
161.262365,35,63861.811304
600.907986,62,63867.704175
191.296966,40,63871.814038
408.689622,54,63877.074907
850.044751,66,63883.487529
-0.490936,30,63886.264353
365.454325,53,63891.433506
468.932796,53,63896.297761
53.075169,34,63899.521465
6.753966,23,63901.751911
59.612835,34,63905.215846
236.50031,44,63909.444143
5.270062,32,63912.573745
266.693691,45,63916.635191
0.509977,30,63919.780647
135.780454,37,63923.444165
244.901602,45,63927.650153
159.584324,41,63931.412074
379.838748,53,63936.665697
201.465979,45,63940.78908
389.240836,53,63945.877197
629.745228,62,63952.36957
652.64897,56,63957.879475
-44.779758,29,63960.478336
504.468343,58,63965.93738
291.138021,42,63970.2943
228.652731,44,63974.866362
450.625979,56,63979.95197
229.434484,43,63984.087651
421.523328,54,63989.246648
769.283089,65,63995.408232
151.845626,39,63999.100702
180.492614,41,64002.850087
51.398331,34,64006.01329
41.496539,30,64009.021942
156.190988,40,64012.961741
380.280813,53,64017.862468
552.943281,56,64022.966078
248.114155,43,64027.065453
277.224836,46,64031.604874
-46.383437,27,64034.23673
239.011583,45,64038.276341
194.2027,41,64042.537061
529.679756,59,64048.195719
152.822196,37,64051.669755
378.637922,52,64056.524537
502.857858,56,64061.916038
290.953681,47,64066.421604
1000.980787,67,64072.785228
180.838161,37,64076.325853
884.398314,64,64082.626373
285.809035,45,64086.783678
331.193724,48,64092.118347
58.093013,35,64095.514642
59.200554,32,64098.718251
856.10348,68,64104.876116
189.501677,39,64108.520189
617.342047,59,64113.892618
282.269471,46,64118.844719
80.455013,31,64123.680802
26.408096,27,64126.298028
262.028725,44,64130.411884
242.706936,41,64134.941669
238.148874,43,64139.14064
372.651312,51,64144.845892
1.759356,29,64147.818458
608.816536,56,64155.317645
234.932615,43,64159.589097
139.37609,36,64162.967127
517.133861,54,64168.06394
50.868142,35,64171.534494
243.321791,45,64176.094903
236.924195,39,64179.91883
131.622527,36,64183.21485
420.637266,53,64188.400157
266.689564,43,64192.427341
4.582308,31,64195.327504
530.651032,58,64200.806839
379.766041,49,64205.891595
249.280551,46,64210.285141
488.791089,53,64215.584601
323.01994,48,64219.826919
591.280695,61,64225.684076
792.544205,63,64231.945483
508.595377,55,64237.262093
287.209485,47,64241.719767
313.060866,46,64246.338406
321.174329,49,64251.173239
423.206274,52,64255.987954
174.076312,35,64259.410146
291.373106,43,64263.688283
419.044504,55,64268.833401
32.693486,29,64271.912366
190.261099,44,64275.93625
228.750766,43,64280.324119
44.230984,32,64283.368675
320.119676,51,64288.243257
188.131043,40,64291.978267
227.904785,41,64296.054363
197.746194,36,64299.794835
450.214093,55,64304.995322
577.413637,58,64310.413664
235.745484,45,64315.081825
282.023464,49,64319.856526
140.851085,38,64323.221716
149.674356,38,64326.877213
243.738101,41,64331.593048
330.649181,49,64336.323937
158.720229,41,64340.670573
205.420493,41,64344.51345
326.893289,46,64349.64465
106.150938,38,64353.068353
758.374949,60,64359.268236
392.725112,50,64363.978731
146.931015,36,64367.500628
198.077365,42,64371.261566
332.279773,49,64375.809958
105.514867,36,64379.132971
189.77141,40,64383.018988
279.758133,45,64387.27947
625.715044,62,64393.604124
438.886759,54,64398.441014
424.112416,53,64404.060014
376.254054,53,64410.198387
659.65948,63,64416.022818
459.032469,53,64420.923514
382.489437,53,64425.978206
165.396759,35,64429.270159
315.385137,47,64433.519551
5.243985,31,64436.337831
309.492683,49,64441.15515
320.496969,49,64445.85295
72.693407,31,64449.905812
369.553168,51,64455.242763
594.619124,61,64461.793469
191.908503,41,64465.727898
424.072619,52,64470.591628
104.556747,37,64474.131907
59.227125,34,64477.876235
953.180253,69,64484.449461
147.757519,38,64488.217686
282.180431,47,64493.110775
913.691959,67,64502.292529
900.793048,67,64509.713731
96.371731,32,64513.211817
503.736503,52,64518.521044
807.723508,63,64524.968906
529.032614,55,64530.41071
507.716703,57,64536.814076
670.388849,54,64543.261005
287.463222,46,64548.134269
86.934562,34,64551.62089
280.275106,47,64556.621483
436.960981,57,64561.839665
143.118096,39,64565.67305
88.310233,34,64568.892926
600.398013,57,64574.608809
320.863171,46,64578.915017
192.104952,40,64583.035265
148.831709,40,64586.710544
201.89695,42,64590.634237
327.209342,49,64595.270487
420.637036,55,64601.043939
516.765433,55,64608.961458
267.654802,42,64613.985941
232.793677,38,64619.391193
342.992105,50,64625.626961
412.64297,50,64633.70452
245.508046,46,64639.851929
88.880923,34,64644.243661
374.072445,49,64651.797245
151.505831,40,64655.764487
1110.554618,71,64663.141845
755.742085,60,64669.52359
368.295694,50,64675.259439
310.387397,48,64679.695944
50.915,33,64683.277797
290.111017,49,64688.18778
140.252312,40,64692.797486
2.859572,28,64696.190374
1105.729404,73,64704.3117
428.597746,55,64709.973314
31.678737,33,64714.01655
410.985449,55,64719.970012
183.050241,38,64724.150234
143.410287,34,64728.210694
246.425602,48,64733.121146
229.481704,43,64737.479484
249.389078,44,64742.155053
136.093041,37,64746.471077
106.15952,36,64751.139105
380.193791,51,64757.17048
699.701238,60,64764.610111
579.578359,59,64771.114953
499.357804,55,64778.412522
296.315812,48,64784.807523
305.207103,47,64791.184844
605.184898,61,64799.672177
337.530372,49,64808.111826
244.856989,43,64814.966711
140.615638,37,64820.076957
178.857268,39,64825.625391
209.6139,41,64831.550593
600.665047,62,64841.345807
311.685944,48,64848.539072
967.202,72,64859.195839
433.103741,48,64866.523324
788.941974,65,64877.34997
301.225803,48,64884.454213
432.973815,52,64891.670524
231.748486,43,64898.078942
-48.15179,26,64901.79397
765.356145,68,64912.674887
239.221399,45,64919.02466
192.106291,42,64925.182918
232.45635,41,64932.692517
84.37462,36,64939.303349
941.671856,68,64952.230173
464.849034,52,64962.204283
773.780192,65,64972.95593
144.169377,36,64977.837947
239.364792,46,64983.783422
423.26666,43,64990.256858
190.228708,41,64996.631876
199.946894,40,65002.625214
425.224036,54,65010.122042
534.616163,55,65018.595426
233.074001,42,65024.570957
381.404646,52,65031.716538
149.494892,41,65037.15303
129.6148,38,65043.414971
225.165194,43,65049.389062
703.213195,64,65057.724795
192.090295,39,65061.901417
106.274616,38,65066.514593
801.429887,68,65073.922601
330.171203,49,65081.126774
423.606149,53,65087.753056
180.791791,37,65091.661224
143.52953,40,65095.344985
320.521976,47,65099.983543
381.558224,51,65105.20693
45.885895,31,65108.892721
52.650582,34,65112.525965
180.48044,40,65116.658458
408.859457,53,65121.754405
212.291052,35,65125.543488
89.697195,34,65128.888135
153.214133,42,65132.793168
181.141544,39,65136.577941
219.969198,42,65141.091337
283.078956,45,65145.486109
322.496944,47,65150.281436
107.152929,36,65153.707539
278.209367,48,65158.276671
218.254261,43,65162.510481
235.732989,44,65166.692761
146.849618,41,65170.551156
154.314844,41,65174.801983
286.821839,47,65179.439781
54.929968,34,65183.25763
-59.850326,23,65185.669136
192.665158,41,65189.992429
137.871089,39,65193.587016
423.726336,57,65198.797985
59.561734,36,65202.683123
365.786049,51,65207.690697
619.308622,58,65213.512146
186.720704,40,65217.357984
268.300836,43,65221.723653
387.69259,52,65227.076202
145.48536,40,65230.804671
286.464917,48,65235.692294
236.844203,46,65240.853563
91.938389,33,65245.675076
172.17298,37,65250.295101
674.448222,62,65257.61016
942.937577,69,65264.943229
515.115078,56,65276.09636
151.875978,40,65282.410308
411.715635,48,65290.365021
420.010196,54,65299.349609
139.009996,38,65306.097828
390.377387,51,65313.920598
99.093402,36,65320.056316
510.809258,54,65328.999404
496.691773,56,65340.049425
342.295462,48,65348.044669
50.912745,33,65354.169837
136.150783,36,65360.199107
207.060233,42,65372.767394
183.034231,39,65383.303281
582.117628,57,65395.526834
129.929038,35,65403.817765
238.667668,44,65418.278201
180.343717,37,65427.312348
315.695294,42,65436.946095
78.895681,30,65444.118743
251.535911,43,65454.913934
403.730216,51,65465.76158
185.437906,42,65475.542504
679.695174,61,65488.954192
174.565657,40,65499.356611
390.74351,55,65510.868816
515.763048,57,65523.911874
594.652186,58,65538.142149
111.773766,33,65546.243895
226.718768,43,65555.431877
703.229852,63,65568.866135
385.423844,52,65582.077879
84.888335,33,65592.185272
106.112936,40,65600.244512
240.699296,45,65609.347735
390.261202,54,65620.505365
90.938321,33,65628.305842
386.710714,55,65639.330434
667.487567,61,65653.478476
179.180977,38,65662.668115
10.479297,32,65671.055585
-4.057066,28,65677.146277
437.203723,50,65688.438293
275.441769,45,65699.592748
597.226977,53,65713.96008
199.108975,41,65723.757099
574.974504,60,65737.789298
133.950433,39,65746.833784
439.98111,54,65760.191546
259.689202,44,65770.639214
286.599028,49,65782.675505
119.519834,36,65791.293619
179.51145,41,65801.14635
55.502754,34,65808.066836
94.59542,35,65816.51654
323.736821,47,65826.853893
51.150304,33,65836.256204
204.865651,45,65845.399334
503.412875,55,65857.961938
285.728823,47,65873.354929
147.371905,40,65883.288622
335.27873,46,65896.088499
334.321262,47,65908.36337
187.589359,41,65919.165524
236.260884,44,65929.750698
48.948077,34,65937.334326
334.297289,49,65948.079214
51.752647,31,65957.445921
137.810604,37,65967.848997
350.476978,44,65978.241442
158.393439,41,65987.323003
591.140838,55,66000.498464
-37.445507,32,66007.222365
224.624796,43,66017.776896
516.472679,59,66030.425597
146.200357,40,66038.897644
262.933588,46,66049.970852
193.248236,38,66058.789201
375.056702,52,66069.879537
182.783561,38,66079.371143
454.15941,56,66091.935516
61.029777,36,66099.785341
383.85488,50,66111.510299
387.227219,54,66123.347871
500.539986,52,66137.974897
278.69951,44,66147.721958
1036.560139,71,66162.202374
198.179481,44,66170.684016
141.30361,39,66179.541691
236.609866,46,66189.173346
243.910934,45,66202.465149
42.70843,32,66209.88408
-59.718638,25,66217.544078
333.667391,50,66227.744658
97.728982,35,66235.559285
224.834038,40,66244.713314
252.8866,46,66257.37747
182.586602,40,66266.140179
295.730991,47,66276.177112
394.808509,53,66287.511111
521.272484,56,66300.459037
328.609029,50,66311.850235
379.650625,54,66323.869139
229.978064,40,66332.455033
56.94402,33,66340.933442
328.878348,50,66352.071672
180.647564,40,66360.746894
58.797067,35,66367.727247
288.559102,47,66379.30636
161.428513,40,66387.99276
429.754599,55,66399.794365
232.699442,44,66408.74189
51.734466,35,66417.33996
1279.993357,77,66435.971998
331.786206,51,66446.191908
257.426405,44,66455.738163
283.604645,47,66466.092559
324.109221,51,66475.556756
12.326931,33,66481.540704
934.813606,71,66498.375947
119.762377,36,66507.840785
180.937601,41,66516.271889
229.067129,44,66525.808794
232.456593,44,66534.489548
197.967306,41,66543.730233
238.864551,45,66553.369341
305.056006,44,66563.349081
304.024603,46,66573.910544
276.359733,44,66584.139667
341.123973,44,66593.503089
339.892263,46,66602.969929
192.190684,44,66613.156847
148.876857,40,66623.146273
-19.676864,25,66628.867505
91.245377,33,66636.069567
321.999958,49,66646.645932
435.487786,57,66660.264996
228.0655,43,66669.198432
279.206791,46,66679.969833
157.103581,41,66688.686653
51.605449,31,66696.653079
317.972475,51,66707.343362
328.803187,49,66717.5237
940.442311,68,66733.867213
596.187053,60,66747.77808
41.123023,31,66754.124991
434.048699,50,66765.277896
348.243681,49,66775.819454
714.888859,63,66790.887846
11.546405,31,66797.773467
430.055396,51,66809.129433
88.970064,35,66816.53381
37.337519,34,66824.484079
-3.853872,31,66830.367005
1263.225476,79,66845.783842
146.022814,39,66854.576119
800.320134,63,66868.465305
338.573662,49,66878.179359
265.472012,39,66886.423382
287.62611,46,66895.952528
151.185304,39,66904.705848
188.10576,41,66913.782028
98.302247,37,66921.324042
134.88705,37,66929.3984
585.721609,55,66943.488038
427.035374,57,66957.063192
168.520632,37,66967.799806
342.942016,50,66980.464638
34.602637,28,66987.672122
187.6616,40,66997.246349
187.893797,42,67007.993959
48.178215,32,67014.699381
975.944497,69,67023.507523
240.158585,45,67029.153991
239.274497,46,67035.201022
348.182599,51,67041.03246
123.629482,33,67045.7131
187.672463,42,67050.835434
90.454221,37,67055.114902
31.338811,33,67058.904398
445.618148,53,67065.382335
598.585848,62,67072.102582
97.691886,37,67076.198732
267.577429,44,67081.199069
432.430201,53,67087.412877
-11.23434,29,67090.93466
351.484677,48,67096.755391
74.595992,33,67100.215487
244.340786,44,67105.396974
93.05546,36,67109.335407
424.837236,53,67115.360835
278.510555,45,67120.451133
394.501514,51,67126.615329
142.591936,39,67130.926394
933.429794,67,67138.707274
93.01639,34,67142.456349
16.076489,35,67146.297512
864.315967,68,67154.235889
601.001272,59,67165.220896
94.678926,33,67174.263978
-56.710192,24,67181.849378
334.730234,51,67195.222816
199.404091,43,67206.660695
194.338743,40,67218.427905
89.162453,34,67228.104818
276.861494,44,67239.922567
185.680643,40,67251.38833
522.682566,56,67264.217762
-28.080882,28,67271.242014
104.006801,34,67279.613957
128.8729,39,67287.731523
252.386742,43,67297.099421
235.062546,44,67306.915243
379.289356,53,67318.56432
145.944417,39,67327.388229
419.166682,49,67338.690024
282.746964,48,67349.583492
99.499784,31,67356.439466
761.116204,61,67369.354811
99.820064,36,67378.097513
152.052173,41,67388.733772
249.014155,46,67400.4635
98.987941,32,67409.090237
135.137677,32,67416.092903
581.883637,54,67430.102726
94.983816,38,67437.925528
187.470539,43,67447.254913
195.569829,44,67457.042168
188.469886,37,67466.81994
328.367037,46,67477.554697
238.463333,45,67486.819167
278.019988,47,67496.388458
150.623819,39,67506.844187
281.157757,46,67520.10403
377.5598,51,67531.30956
48.924705,34,67538.269446
22.724153,28,67545.77039
246.419424,43,67555.395065
195.48386,44,67563.89611
388.06526,55,67575.702003
111.152863,37,67584.323791
555.705473,57,67595.704114
221.262964,43,67604.283224
-25.801859,27,67609.562826
51.165351,31,67618.039044
184.284439,36,67626.059075
1237.17779,76,67643.456023
142.470217,40,67651.788014
956.69324,72,67667.946607
774.860501,63,67683.107231
191.878093,44,67693.388197
93.971179,34,67702.990511
91.448796,32,67711.978942
370.707002,49,67723.967668
334.977074,49,67735.37313
234.059894,45,67745.084812
439.95444,57,67760.756491
103.450346,39,67769.328592
98.068568,36,67777.124681
380.6405,54,67789.013968
292.006073,41,67799.828797
294.07855,49,67816.089411
226.893985,40,67826.559724
-8.617753,29,67833.507915
191.484019,41,67844.516484
138.760376,37,67854.450485
189.554592,41,67864.35459
885.246732,66,67880.942951
366.953587,50,67893.807519
325.50851,48,67904.796583
-36.350534,30,67912.74888
282.132548,46,67923.377502
102.729501,34,67933.198949
701.670435,62,67948.186931
403.086333,54,67960.25043
63.330418,34,67969.451158
4.668024,31,67977.767912
141.71194,38,67987.292794
60.388067,35,67996.750676
114.99046,40,68005.887222
285.676438,49,68017.828331
234.439362,45,68028.627886
59.312597,36,68035.805748
95.841916,36,68043.098819
52.430905,33,68051.285136
185.277961,41,68062.446068
365.410188,52,68073.514907
180.416013,35,68081.39795
279.884766,43,68091.418386
196.718566,42,68099.813173
198.031023,43,68109.05725
373.925308,51,68121.017946
279.304149,46,68131.902887
387.653102,51,68143.961195
232.618834,43,68154.722145
241.38195,45,68164.701589
374.838143,51,68177.742034
415.353261,52,68189.743356
396.115077,50,68201.831173
288.040446,47,68212.666865
-20.899442,29,68220.319632
44.232379,29,68227.129483
167.718239,39,68237.184774
115.490447,38,68245.521016
143.376424,37,68255.011379
719.780718,62,68268.593118
140.417158,35,68276.287301
677.407643,63,68289.925353
242.637284,46,68301.427866
52.32122,34,68310.580154
364.455048,51,68321.832794
282.005201,47,68333.03866
614.527785,62,68347.819122
230.804215,42,68358.532728
196.921147,40,68367.43991
530.871673,55,68381.185106
301.84462,45,68392.018753
142.107081,38,68400.264875
199.172973,38,68409.27183
140.640521,36,68418.442982
152.714067,42,68428.233707
98.069134,38,68436.532607
974.766209,71,68453.778306
469.440702,53,68466.460215
187.270652,42,68477.826586
504.516265,56,68491.054577
371.654917,49,68502.790828
304.242735,49,68514.679911
439.132981,54,68527.320304
61.139316,38,68536.656168
139.830047,36,68544.635228
942.094147,71,68559.574659
496.054663,58,68572.864238
107.724935,36,68581.554598
1209.202063,78,68598.896582
362.917888,51,68608.930498
206.070374,39,68618.254578
176.513454,41,68626.763974
380.561284,51,68638.979477
521.637928,57,68651.461655
46.149956,33,68659.774631
187.460418,42,68668.510834
-45.653829,27,68674.357757
141.694158,35,68682.294945
368.39544,52,68693.837073
558.893061,54,68706.239003
213.973949,40,68716.156607
94.585651,38,68723.557955
144.47677,37,68733.139343
325.558368,47,68743.725443
133.145988,36,68753.136452
236.795757,43,68765.679547
1236.279098,75,68786.09365
290.001778,46,68796.3361
263.20315,43,68805.6027
240.803953,46,68815.96785
361.501956,50,68827.246378
846.027816,67,68842.368948
379.74691,53,68857.303041
-26.415102,27,68864.822341
279.027274,47,68874.888514
334.147477,48,68886.37506
40.862917,32,68893.939886
278.30034,46,68903.954512
131.767876,41,68912.7862
170.149613,41,68920.75348
238.168557,45,68929.014421
612.939541,59,68943.595854
409.425031,52,68957.743881
145.210256,36,68963.136181
988.294476,68,68974.969046
242.350397,46,68982.018307
316.353436,48,68988.906722
63.444329,35,68993.462833
425.338152,53,69001.633131
89.556396,36,69006.683734
427.369413,54,69014.082879
250.183902,46,69019.731011
277.582656,47,69026.754439
274.394247,42,69035.497993
514.453229,58,69046.177528
716.8151,60,69056.374774
358.120871,45,69063.471937
285.768956,46,69070.767192
-17.349117,25,69076.139575
129.505864,36,69081.884096
-57.257326,27,69086.215803
27.952576,28,69090.766601
49.913207,34,69096.795125
505.51665,60,69105.68819
88.622855,35,69110.874373
394.415042,52,69118.502116
203.288111,43,69124.78373
233.361201,41,69131.300013
429.370301,57,69139.958663
147.05539,38,69146.110692
244.478741,44,69153.620506
98.874856,35,69159.018951
443.034495,58,69169.357404
1850.121981,91,69183.924433
-3.727881,28,69188.657816
283.413434,48,69196.30728
475.798591,57,69204.98797
254.019841,47,69212.08735
26.373755,26,69225.627547
191.849641,40,69242.2101
862.805133,63,69263.482033
240.403929,40,69272.296804
177.869696,41,69279.991639
186.357465,40,69286.71433
42.321161,34,69293.793285
233.627513,42,69301.340059
385.481692,53,69311.331117
347.715468,47,69320.648629
-36.947245,30,69326.085514
479.431885,53,69335.421605
-3.793329,25,69340.035177
50.95455,35,69345.89836
109.038782,38,69352.743323
328.666325,50,69360.93139
328.166318,47,69368.70323
295.09018,50,69377.692313
292.399456,46,69385.605049
2236.020585,95,69402.581637
2.091247,29,69407.531929
310.554513,47,69415.562253
101.555153,35,69421.432981
86.464824,34,69427.668594
513.710977,57,69439.849975
534.449066,58,69450.124104
160.582164,34,69457.972178
180.79241,36,69466.176201
90.420852,36,69473.556506
448.228542,53,69483.376498
193.980621,40,69490.182872
93.324068,36,69497.467301
376.131294,54,69511.78904
382.411603,53,69524.585014
611.446182,56,69536.555868
241.979219,43,69545.518259
771.376244,66,69559.390214
150.049057,37,69569.864824
272.76401,45,69589.583644
186.066275,42,69598.013677
104.689995,38,69604.690195
355.573155,51,69616.073888
353.74043,50,69627.387469
134.525992,39,69635.331748
170.435905,36,69643.884501
201.407068,44,69653.208279
291.737718,48,69661.188987
433.010154,55,69670.636319
185.324102,40,69678.177114
243.709717,47,69685.911004
290.947631,48,69694.836075
429.049905,54,69704.8408
46.079522,32,69711.899578
185.867777,42,69720.654038
51.161648,32,69727.311583
28.255275,30,69734.77029
488.164086,56,69745.01356
374.446842,52,69754.965299
306.064627,48,69763.009305
321.042981,46,69773.251868
230.308504,41,69782.594218
240.744119,43,69790.255747
92.844931,31,69796.407703
134.854452,38,69802.732161
287.465005,49,69812.5281
192.614783,43,69820.071669
269.143538,40,69827.012117
50.010608,36,69832.725332
425.398262,55,69842.016732
131.553737,37,69848.843913
139.592646,40,69858.581713
430.851423,53,69879.651698
241.13683,44,69890.84712
90.373086,35,69898.60588
346.827147,50,69916.72417
518.319757,52,69935.995748
234.133418,43,69952.694766
145.81965,38,69964.393547
244.276278,42,69978.024144
205.262718,40,69989.080468
96.625255,35,69994.945929
191.652568,41,70001.931431
332.676121,49,70010.461797
380.818099,51,70019.086569
269.333783,44,70027.196146
227.55373,42,70035.725404
89.848885,35,70042.514305
375.953956,53,70054.628067
143.702719,39,70063.624016
447.132033,56,70072.392105
37.001546,30,70077.283089
87.793122,32,70082.663671
284.206249,47,70090.969258
177.808851,42,70099.965446
87.409627,34,70105.921234
282.382656,48,70113.892842
349.849777,51,70122.209793
148.196049,40,70130.675351
94.437129,37,70136.776207
232.281712,43,70143.742014
233.504611,43,70151.35624
422.482592,54,70173.234876
145.866895,41,70183.646176
392.831208,53,70194.419307
92.610558,36,70201.957843
427.293866,54,70212.572359
100.414301,37,70219.483129
203.631781,36,70225.990452
155.957249,42,70239.8394
185.450904,41,70253.188646
546.302156,59,70271.199049
374.097947,53,70285.134352
178.348878,36,70293.211631
268.702114,44,70309.219447
283.045177,46,70321.725119
245.946459,47,70329.542363
837.547978,66,70342.523547
331.4625,48,70350.714097
230.162516,40,70357.167829
47.357829,33,70362.465694
236.327825,44,70373.858426
91.348913,32,70380.638477
95.714931,35,70388.746058
244.324426,45,70399.104752
73.044068,35,70404.984937
278.747747,47,70413.979637
288.27587,49,70424.970492
224.780532,42,70433.039642
283.026725,45,70443.596385
382.626683,51,70451.085546
280.280944,45,70458.167819
103.11502,37,70463.581466
531.709087,57,70478.312955
293.73191,48,70489.557102
509.235399,57,70502.988236
100.932887,35,70511.000852
1063.612087,72,70529.715507
46.552927,33,70537.000135
-50.52441,25,70542.627746
230.427879,42,70553.902543
236.428169,36,70561.629879
-49.828437,27,70567.696532
283.431074,42,70579.263339
298.234431,46,70587.786545
231.87704,41,70596.256715
281.798893,44,70603.887573
422.787418,55,70613.750012
188.158902,40,70620.021427
333.219085,49,70627.761621
586.821643,61,70638.453411
176.901897,39,70645.053236
239.49159,44,70653.626913
184.286518,40,70660.762404
280.595799,44,70668.025516
687.359172,64,70678.647854
205.594861,44,70685.485386
241.489754,46,70692.778696
216.394933,42,70700.055686
511.980711,59,70710.791481
329.762628,47,70718.617466
351.901082,51,70726.914399
349.039072,49,70734.711239
601.879767,59,70744.682341
1.927943,31,70749.620994
40.954187,35,70756.079341
327.646968,51,70764.405143
332.747024,50,70773.705481
161.957587,40,70780.856114
348.166311,52,70789.439991
54.116336,35,70794.947058
328.776828,49,70803.0156
66.703195,37,70809.148116
246.358665,47,70817.425482
154.905634,38,70823.814208
861.432001,64,70836.438899
83.273787,35,70843.489767
375.521949,49,70852.997929
180.318055,40,70859.029316
195.279815,42,70865.653502
367.131345,52,70873.635406
198.452932,42,70880.862461
147.5403,40,70887.219698
327.631157,47,70897.441872
1212.47835,79,70910.719268
110.799871,40,70916.820896
981.333084,66,70927.502808
157.908628,42,70934.252787
285.540621,46,70942.092898
42.154928,32,70947.393039
61.39911,35,70953.629456
329.406158,50,70961.346321
393.816114,52,70969.303684
423.217373,53,70977.696954
308.196172,48,70984.910187
50.387931,33,70989.993576
528.956983,56,70999.835629
45.157395,32,71005.280977
855.931724,67,71016.397058
748.005111,66,71026.678727
207.835588,40,71033.12782
229.193031,41,71040.159934
410.698098,53,71048.566373
154.927416,39,71055.494632
52.847336,34,71061.650484
374.791626,52,71071.006042
322.078574,48,71078.897628
195.107347,40,71085.239874
426.189226,52,71094.123897
323.103972,47,71101.52985
50.351639,27,71105.909305
336.927263,49,71117.292604
97.717992,36,71124.212787
47.95935,32,71128.949418
613.551592,55,71139.011505
145.166484,39,71145.428854
388.438187,49,71154.709773
612.017386,62,71164.99653
241.357319,43,71172.378443
603.977079,59,71183.181751
238.171818,46,71190.602886
100.033035,37,71196.788291
42.549933,32,71202.250582
238.53911,44,71209.176272
92.923405,35,71217.992008
196.842018,39,71226.671643
513.622825,56,71235.443135
240.922314,43,71242.243196
29.366304,31,71246.492979
292.259749,47,71254.113316
509.783394,60,71263.469135
238.055771,43,71269.61712
264.528431,44,71277.268098
401.306221,51,71284.407897
279.925522,48,71294.496991
282.920366,42,71304.677807
359.504042,50,71313.31637
44.915017,35,71319.185166
-104.392471,15,71321.808241
499.484651,54,71330.756909
100.661463,35,71336.541291
506.2816,56,71346.255025
1438.322721,84,71361.137297
273.306218,46,71370.236351
190.163532,42,71377.22578
154.856826,39,71383.948157
352.630985,47,71391.770034
245.009556,41,71398.74922
842.440702,60,71408.200053
142.334876,38,71415.44076
777.941631,67,71426.758885
336.173991,44,71436.348367
1011.661369,71,71450.052504
22.362131,31,71455.161567
621.060828,60,71464.941676
50.397279,34,71470.371103
123.151636,36,71477.30205
102.559861,34,71482.965565
298.522062,45,71491.9919
421.702355,40,71498.162509
145.398093,40,71504.482059
340.166741,48,71513.761119
291.074524,46,71522.751979
87.022602,33,71527.441277
847.463725,68,71536.558856
706.137671,62,71544.862363
246.8165,47,71551.415632
286.458518,47,71558.083391
295.126832,45,71564.598214
780.681689,65,71574.001385
-74.128851,21,71576.98873
48.639446,34,71581.443882
131.278974,37,71586.573555
40.560705,32,71591.000358
139.635016,38,71596.421676
201.596176,39,71601.792179
289.26656,45,71608.581659
265.27823,41,71614.504559
87.297295,35,71619.344176
38.71692,30,71623.478844
10.191182,33,71627.547067
105.504886,39,71632.021822
336.1883,50,71636.420217
51.494843,34,71639.254338
242.569839,46,71645.032597
809.866219,65,71651.391989
140.459438,39,71655.143272
184.323365,39,71659.025868
242.539032,43,71663.204454
1.45578,30,71666.51973
168.405959,39,71670.089774
337.053288,49,71674.812274
351.067393,48,71679.523069
146.609553,38,71683.357834
335.265384,49,71687.890363
88.778049,35,71691.142007
700.841525,63,71697.237343
98.860485,38,71701.045586
388.464907,52,71706.078209
160.472655,38,71709.740791
555.353425,50,71714.539146
74.635299,31,71717.988468
501.331589,54,71723.283311
214.220405,42,71727.200825
101.13135,37,71730.560882
280.230868,50,71735.255306
122.508263,37,71738.847368
285.000247,46,71743.355403
446.776968,53,71748.586511
373.738415,51,71753.952114
211.103657,42,71757.797869
336.196495,49,71762.390336
201.273078,43,71766.319335
577.857576,57,71772.034856
527.843674,55,71777.597383
320.854271,47,71782.004845
293.726194,49,71786.871428
602.239415,62,71793.311851
374.06326,48,71797.977491
148.720407,40,71801.791701
688.051886,61,71807.532815
838.344964,63,71814.03381
195.965823,43,71817.98895
-0.639988,25,71820.496613
78.476996,33,71823.691256
150.005219,39,71827.70567
198.383456,41,71832.550005
147.55011,38,71837.811824
437.41932,53,71843.604324
91.059869,33,71847.599128
237.842134,44,71851.953582
201.714381,43,71856.236409
877.846858,66,71863.079343
149.14074,39,71867.329672
190.661044,41,71872.050983
287.783934,47,71877.65839
508.194786,57,71884.767433
336.051999,50,71891.390784
187.79451,43,71896.963778
842.377332,67,71905.98736
614.225417,61,71913.215697
683.498436,63,71919.566448
49.189709,29,71922.534109
400.048074,54,71927.498758
284.8754,46,71931.91434
185.66172,41,71936.090434
102.136207,37,71939.453008
218.206959,43,71943.408516
196.392089,43,71947.453239
185.429168,40,71951.483711
149.262563,42,71955.375665
429.012674,56,71960.609923
1195.662791,78,71967.760907
589.244242,59,71973.762558
243.342326,44,71977.828368
85.544875,35,71981.206911
981.201998,70,71987.724672
888.133771,65,71994.064548
940.02536,68,72000.405927
244.266727,44,72004.644115
337.342116,49,72009.199751
417.477159,55,72014.505723
317.95933,49,72019.504994
322.197952,46,72023.846224
395.723366,51,72028.629933
154.956956,38,72032.349142
300.095638,48,72036.943658
372.709843,53,72041.880855
-0.872233,32,72044.741666
477.808373,55,72050.691318
201.389576,43,72054.710471
517.482626,60,72060.125598
369.056116,51,72064.89738
708.048526,62,72070.995052
451.47,56,72076.478822
687.479969,62,72082.407975
511.43546,56,72087.796278
281.66843,44,72092.239203
338.043864,48,72096.902196
183.398724,41,72100.69439
157.393788,40,72104.319245
205.238421,44,72108.524881
335.269872,48,72113.091265
682.295134,62,72118.868489
194.146895,43,72122.683554
52.473073,32,72125.92647
186.326707,42,72129.829051
243.029319,45,72134.038257
173.422679,39,72137.829594
200.072252,43,72142.026818
143.451402,39,72145.603271
280.84685,47,72149.955206
842.41434,66,72157.591815
503.575862,53,72166.016376
139.888356,39,72170.700642
662.563543,59,72177.153185
530.345542,57,72182.846621
2.06611,31,72186.30703
235.951702,44,72190.991584
1119.892515,76,72198.918493
147.531501,38,72202.994097
294.070764,48,72208.138445
1351.940647,81,72217.019825
181.078328,39,72221.594121
334.996958,49,72227.251011
87.095975,32,72231.68466
497.994751,55,72236.989905
176.473904,40,72240.713019
53.71894,29,72243.41604
131.537062,37,72247.480445
233.198621,43,72251.509844
235.397635,41,72255.718185
42.504128,32,72258.733717
116.791184,35,72262.360843
47.760781,31,72265.282893
507.275945,59,72270.60766
506.875871,54,72276.128733
335.208954,51,72281.044244
189.636281,42,72284.804301
45.831185,31,72287.683205
1168.2841,73,72294.636438
-84.637913,22,72296.959526
-27.945243,24,72299.654494
217.615809,42,72304.060534
590.953526,60,72309.58381
368.46821,48,72314.431979
218.721772,43,72319.110679
382.771468,55,72324.361619
144.2418,39,72328.016498
334.99908,47,72332.909703
516.291754,59,72338.435684
44.593746,33,72341.652186
341.608799,50,72346.543253
152.580745,38,72351.066945
113.304704,40,72356.12181
141.725152,38,72360.277505
351.613233,48,72365.430227
104.128189,38,72369.45978
97.269057,37,72373.159525
839.189922,64,72380.24633
91.290149,36,72384.122327
277.728789,47,72389.063086
2.882634,31,72392.9228
275.280911,47,72398.401979
318.027368,50,72404.384331
275.724484,46,72410.751177
229.866089,43,72416.563751
3.739085,32,72420.476465
365.020308,52,72426.198755
849.253496,61,72432.266727
1195.872453,73,72439.537705
331.797087,47,72443.914523
349.133487,49,72448.565656
245.903962,46,72454.858135
501.420862,53,72460.479064
141.237191,40,72464.303511
289.543468,48,72468.886874
325.120864,47,72473.75842
235.930704,42,72477.676991
-60.320968,28,72480.150342
246.459978,47,72484.372237
225.532275,41,72488.543526
144.866626,33,72491.725291
506.50593,58,72497.170592
240.72922,43,72501.158065
432.666193,54,72506.957229
394.826949,51,72512.359353
400.193498,53,72517.357828
309.028067,48,72521.914999
34.206113,31,72525.028078
229.978057,44,72528.957734
531.682209,55,72534.345726
188.492569,42,72542.177629
240.16898,45,72550.13192
445.002996,55,72558.558944
238.829328,43,72562.740584
246.369885,43,72567.083874
329.497683,49,72572.14008
101.31058,38,72576.400996
100.850387,36,72580.540079
243.673706,46,72585.814158
423.939165,55,72591.990592
275.499645,44,72596.859747
248.04294,47,72601.658268
1302.046781,80,72610.54214
327.696077,48,72616.368126
334.378406,50,72621.861171
300.138823,45,72626.951815
417.945194,52,72632.668096
246.978211,46,72638.035907
531.815791,55,72644.753577
189.641963,42,72649.677934
195.616343,42,72654.570995
523.500592,56,72660.318049
193.781177,43,72664.31545
726.473403,61,72670.330062
252.681513,47,72674.999974
375.429008,50,72680.767549
352.625403,48,72685.383246
173.870849,39,72689.03941
147.76311,40,72692.716917
183.186537,39,72696.969393
363.788796,46,72701.95883
517.239003,57,72707.38676
512.675583,58,72712.948038
216.363149,42,72718.121411
241.837099,44,72722.390335
155.891576,39,72726.177195
79.199443,32,72729.417858
96.753801,33,72733.162406
57.189273,34,72737.02578
154.393705,40,72741.146996
194.89012,42,72745.235257
176.347997,43,72749.687301
290.111749,49,72754.705301
515.208399,59,72760.812556
50.703371,33,72764.00017
-48.793074,30,72767.263332
146.908917,41,72770.895507
187.092808,42,72774.826708
95.650485,37,72778.33234
445.0462,57,72784.096497
134.513318,36,72787.436028
444.503137,56,72793.160083
369.083316,51,72798.487342
278.460839,46,72804.039115
232.217403,40,72807.907722
138.607963,39,72811.517261
378.944199,54,72816.375516
583.869432,59,72822.374369
111.788945,39,72825.89113
512.741088,57,72831.226864
181.648982,40,72835.149712
325.98042,49,72839.742996
366.41899,51,72844.413433
252.111178,45,72848.656464
231.001057,43,72852.718326
294.369476,47,72857.838523
305.070172,45,72862.309354
43.083232,28,72865.145705
132.913141,38,72868.728369
46.922335,34,72872.047816
150.222478,40,72875.715239
4.876423,32,72878.701756
197.319269,43,72882.734372
797.577351,66,72889.240067
171.89621,40,72892.863298
352.500489,49,72897.508752
151.578038,39,72901.574055
291.545623,46,72907.091618
362.186972,48,72911.562972
660.58585,63,72917.668223
57.159847,35,72920.848828
1058.079121,65,72927.506428
604.95948,62,72933.284513
-64.771468,23,72935.6492
788.315868,65,72941.8668
-44.818707,29,72944.990696
365.693544,50,72949.981457
231.059911,46,72954.190745
326.119128,46,72958.598554
1326.982235,78,72966.215789
331.727981,51,72970.792435
55.633877,33,72973.772235
228.03031,42,72978.022568
510.54192,57,72983.691548
607.639725,60,72989.36954
133.865839,37,72992.855912
372.474345,52,72997.697974
364.13548,51,73002.781408
380.473875,51,73007.597684
177.365906,39,73011.336768
180.280643,40,73014.991947
328.36448,50,73020.05895
140.35535,40,73023.694449
370.802089,54,73028.719348
106.085623,39,73032.258245
538.327923,58,73038.578364
850.300601,63,73044.837762
40.126917,29,73047.704923
590.629905,55,73052.994945
358.634775,46,73057.99488
235.278407,42,73061.906403
49.468608,32,73064.903569
38.149878,32,73067.978309
437.695154,55,73073.389428
90.68425,35,73076.492972
45.146583,33,73079.456774
730.417043,59,73085.020826
459.086495,54,73090.274581
223.376718,45,73094.554259
234.874405,43,73098.817337
164.305929,38,73102.406911
138.038671,40,73106.59494
430.349441,56,73111.851522
866.331805,68,73118.39241
634.770944,63,73124.353432
445.736022,55,73129.598892
790.691413,65,73135.637789
7.37879,32,73138.540179
708.841111,64,73144.397795
418.791166,52,73149.854906
242.304532,44,73153.894086
226.766016,40,73158.090951
311.771779,45,73162.288248
410.080597,53,73167.45061
402.054701,51,73172.463341
-42.244423,26,73175.017448
233.10669,44,73179.316094
-30.299968,32,73182.556463
192.984906,44,73186.464232
102.014122,38,73189.974797
274.415403,45,73194.164995
245.22616,42,73198.699166
381.967529,48,73203.378161
197.056399,40,73207.102348
267.025048,38,73210.997082
283.311639,46,73215.625645
415.635237,52,73220.61287
691.176291,63,73226.52806
339.904972,52,73231.437511
360.934332,44,73235.986119
374.433426,54,73240.950698
603.079103,57,73246.605227
514.105069,54,73251.928985
364.698615,49,73256.757599
332.312307,47,73261.188897
294.94144,45,73265.475626
194.682361,43,73269.903881
145.544843,32,73273.679257
80.754455,35,73277.636416
265.043133,42,73282.248111
216.552817,43,73286.60372
206.911586,41,73291.273736
143.097358,39,73295.257937
1010.432412,69,73302.691884
278.072163,47,73307.593499
939.617682,68,73315.470122
520.336725,60,73322.044255
154.959267,42,73325.990002
412.222768,54,73331.06662
107.250274,38,73335.45596
137.222042,38,73340.120255
159.415299,42,73344.582103
183.489196,36,73348.87386
183.539977,40,73354.105493
416.429776,55,73360.434747
687.783042,63,73367.369205
142.787345,40,73371.801952
220.625378,39,73376.576075
430.718056,50,73382.645195
416.998678,51,73388.351144
231.059607,41,73393.181881
1741.31571,86,73404.074989
778.520622,63,73411.407284
559.143588,59,73417.727272
103.41966,39,73421.609771
785.455866,67,73429.704274
241.357415,46,73434.712423
-34.096029,27,73437.697549
300.956747,46,73442.929225
290.234769,47,73448.508964
112.254232,37,73452.509258
182.332333,39,73457.1795
145.685925,37,73461.439999
203.83038,44,73466.67286
702.814239,63,73473.732692
288.776747,49,73478.993324
142.390525,41,73483.434779
191.203559,40,73488.293112
142.699984,37,73492.443577
73.371387,32,73495.900789
232.44551,42,73500.518591
243.573435,40,73505.320944
939.504907,69,73513.133904
797.263806,64,73521.296243
395.322305,51,73527.287086
230.874751,43,73532.252095
-2.816329,29,73535.36775
599.250052,62,73541.798545
316.136294,47,73546.860597
224.549194,40,73551.941715
-6.006179,31,73555.046338
102.437046,39,73559.119817
377.26527,49,73564.794473
257.983243,43,73569.959863
51.241434,31,73573.47853
611.979293,61,73580.943644
143.851032,37,73585.082848
47.873358,33,73589.038864
37.157475,29,73592.157502
27.792307,30,73595.280419
585.020174,56,73601.35249
641.869453,60,73608.083862
378.210865,52,73613.455546
165.594863,35,73617.153566
938.026127,70,73624.410403
137.389088,37,73628.357713
364.256014,53,73633.280257
232.798952,41,73637.51774
46.500567,32,73640.561889
133.394941,38,73644.516883
602.822863,60,73650.187189
438.15982,55,73655.654341
241.054297,42,73659.759088
524.962084,54,73665.223939
289.690742,46,73669.490061
197.743041,41,73673.202585
193.35863,39,73676.938494
199.328304,40,73680.961543
45.425626,34,73684.126549
241.735778,46,73688.166987
385.818471,51,73692.96952
-9.887083,27,73696.211997
290.158185,48,73700.834759
386.554617,53,73705.8678
610.273873,58,73711.255448
57.132077,34,73714.897995
309.944587,46,73719.215726
198.455491,40,73723.027989
537.634353,58,73728.621919
349.789175,48,73733.272338
374.690349,51,73738.036947
-35.499762,28,73740.588388
25.420975,22,73742.834971
234.367539,43,73747.150945
87.570055,35,73750.350129
1034.142844,67,73756.999701
584.758139,58,73762.246732
4.804015,31,73765.849802
867.427167,67,73772.070978
323.464937,48,73776.451667
155.816395,42,73780.305796
375.755929,49,73785.216796
336.039757,51,73789.873683
193.862481,42,73793.597685
236.460994,46,73797.719976
150.291693,39,73801.737206
283.14769,44,73805.705363
191.228599,42,73809.895169
11.691078,34,73812.821153
190.606101,39,73817.041799
1229.767832,78,73823.972993
243.021494,46,73828.26281
80.134794,32,73831.278547
97.32176,35,73834.964771
230.244778,40,73838.79311
1129.886711,70,73845.511355
179.840645,43,73849.661216
613.295298,59,73855.659271
492.315905,49,73860.183894
287.023383,47,73864.478345
443.261719,54,73869.56155
334.974689,48,73874.578982
282.634507,48,73879.299116
47.333613,34,73882.3573
310.774321,46,73886.639007
53.490536,32,73890.167694
259.632662,42,73893.954801
247.403816,44,73898.016602
350.063566,49,73902.658286
112.421159,38,73906.489672
193.025078,42,73910.378834
49.223457,29,73913.123095
345.086915,49,73917.4748
779.664633,65,73923.932672
193.982868,43,73927.773484
86.122653,34,73930.92548
191.590144,45,73935.086512
421.715689,52,73940.509489
147.191482,37,73943.97433
141.282774,37,73947.453398
152.196733,42,73951.352582
901.031648,69,73957.946879
1548.453316,56,73963.247546
382.312285,53,73968.010156
418.930094,55,73973.025053
179.690381,39,73977.260359
78.866385,30,73980.152612
540.709084,58,73985.642794
1039.829238,71,73992.263544
185.768297,42,73996.687618
213.878089,41,74000.776796
456.623016,51,74005.677896
327.141644,47,74010.070477
182.944969,40,74014.160375
311.832565,48,74018.733372
132.880873,39,74022.454395
343.84566,49,74026.892924
583.281291,57,74032.503701
331.126351,49,74037.099284
760.469641,64,74043.03378
191.981439,41,74046.925837
461.152004,54,74052.216724
421.25203,54,74057.607009
443.100018,45,74061.644542
289.158225,48,74066.100808
177.592479,40,74070.124149
79.605902,34,74073.447194
201.977972,34,74076.88601
142.055797,41,74080.63755
319.020048,49,74085.428633
42.719575,33,74088.405525
136.098994,38,74091.914126
370.087893,49,74096.520124
92.114137,36,74100.126206
411.753889,51,74105.111617
289.500741,47,74109.38202
101.739591,39,74112.858772
440.914628,48,74118.50714
44.390134,34,74121.497136
154.863058,36,74124.875556
243.464515,45,74129.023697
91.57749,34,74132.437397
387.609409,54,74137.370861
592.615362,61,74143.225581
184.025698,40,74146.971904
371.174736,51,74152.33343
865.029149,63,74158.495314
258.057556,45,74162.535409
194.367851,42,74166.326401
418.165998,54,74171.740247
339.028933,51,74176.839526
321.105675,46,74181.282713
313.681935,48,74185.847307
86.289969,33,74189.205589
329.200211,50,74193.875125
302.23383,50,74198.618196
431.345899,53,74203.767912
-5.068435,32,74207.015625
290.288798,47,74211.573586
938.830963,71,74218.180292
450.652748,58,74223.623161
243.770635,43,74227.909958
85.483018,33,74231.005628
152.483629,39,74234.768293
-55.737916,25,74237.401653
244.6154,45,74242.135879
617.938652,59,74247.582934
133.495945,35,74251.088256
280.818713,45,74255.41093
-79.919278,18,74257.506202
181.833712,34,74260.862695
290.884993,49,74265.365467
85.325092,33,74268.547042
513.606501,57,74273.918246
418.71612,55,74278.906163
385.174472,53,74283.769974
152.903978,41,74287.593434
114.763068,41,74291.405992
142.832771,37,74294.948046
512.350771,58,74300.491438
126.721482,34,74304.134559
173.184301,39,74308.48798
254.776123,44,74312.535934
271.809012,47,74317.089227
311.298972,48,74321.590603
385.33737,54,74326.889482
312.291819,40,74330.861924
231.812688,43,74334.825692
1177.125455,77,74342.103325
313.014439,48,74346.748952
418.444971,52,74351.726605
187.434701,39,74355.585956
303.295235,47,74360.30673
190.714313,42,74364.264919
52.353941,35,74367.443568
259.919456,40,74371.408571
122.004148,37,74374.944631
602.830319,61,74381.403095
278.103556,46,74385.566361
237.682615,41,74389.600129
7.355583,31,74392.347352
101.668424,37,74395.895087
415.291452,53,74400.955593
688.856742,59,74406.257749
245.747973,45,74410.391618
358.433296,48,74415.293462
253.356443,48,74419.833788
314.142672,48,74424.327338
100.57693,35,74427.553594
264.644143,46,74432.012508
52.680042,31,74434.879625
416.347351,56,74440.111976
403.767462,56,74445.121072
345.076723,49,74450.134738
123.013578,35,74453.690686
47.859705,32,74456.616975
505.532607,55,74461.730709
47.656273,32,74465.231283
134.540726,37,74468.645577
647.190096,59,74474.506885
434.380343,53,74479.592526
205.891436,42,74483.653526
803.274354,68,74490.288152
385.724039,54,74495.231733
768.36947,64,74501.321968
237.835415,44,74505.733763
520.466487,59,74511.26594
423.217815,54,74516.250804
378.95138,52,74521.039793
625.970247,59,74526.674329
406.024612,51,74531.529191
336.130192,48,74536.219633
128.89809,37,74540.246816
262.391616,45,74544.795742
235.834481,43,74548.784232
231.371288,44,74553.11921
414.266068,50,74558.082173
156.60059,38,74562.06336
179.05812,39,74565.754396
40.417315,34,74568.805423
191.777293,42,74572.715623
316.878291,47,74577.357878
414.977857,55,74582.326761
1204.199927,77,74589.699097
223.16396,43,74593.637147
530.77871,50,74599.120324
309.300938,46,74603.498836
200.428522,41,74607.377917
231.06455,38,74611.127016
231.819364,41,74615.348833
113.030844,36,74618.603537
183.311823,39,74622.450643
374.952614,53,74627.388983
4.066817,29,74630.290417
58.637961,35,74633.576344
98.191376,37,74637.274897
496.64504,57,74642.606696
318.641459,49,74647.307145
704.29939,60,74652.953847
-6.318224,29,74655.727855
181.980427,40,74659.911108
277.62902,45,74664.688932
105.005551,39,74668.186177
135.185645,38,74671.686915
951.275909,70,74678.35555
232.312884,44,74682.98086
256.914798,39,74686.666941
286.148169,42,74690.800606
177.762564,41,74694.531244
94.908168,37,74698.032161
322.414611,49,74702.484642
140.143737,37,74705.985313
144.529706,40,74709.644382
229.163246,45,74713.844139
376.851511,47,74718.581316
953.199479,73,74725.50348
216.513827,43,74729.321498
302.762381,48,74734.037978
266.807753,37,74737.722124
96.603872,38,74741.1977
454.093241,54,74746.228922
448.938481,56,74752.125945
425.105189,54,74757.258832
437.233963,56,74762.643517
187.463947,39,74766.383675
908.338734,64,74772.652588
427.132058,52,74777.935217
331.858857,51,74782.592652
344.618538,49,74787.260742
601.333696,62,74793.461759
597.862419,61,74799.055521
-7.540684,30,74801.82474
125.622818,34,74805.346378
242.075361,44,74810.092533
75.96405,30,74813.011596
244.727046,47,74817.239166
355.562415,50,74821.830387
8.874799,32,74825.036783
632.670752,59,74830.419932
251.147266,40,74834.24494
365.318134,45,74839.191356
663.679821,63,74845.351655
97.378248,39,74848.757649
1257.665841,79,74856.100548
524.978994,58,74861.716367
931.529875,62,74868.150145
1595.680724,79,74876.154152
383.820349,50,74880.96667
-4.065744,27,74883.46389
6.207687,30,74886.71516
43.575624,33,74889.959635
304.595693,48,74894.462293
347.932858,51,74899.422289
612.588414,53,74904.749011
0.117868,30,74907.511134
267.850301,42,74911.587118
195.180462,40,74915.330832
11.413399,33,74918.713217
140.953798,40,74922.434099
378.516163,53,74927.37051
194.330458,43,74931.281481
98.96851,39,74935.082727
601.932822,60,74940.798094
280.74503,46,74944.957061
147.788401,38,74948.510386
236.748322,43,74953.087121
185.945344,40,74957.246077
589.072832,60,74962.712623
423.851999,51,74967.680329
227.628657,44,74972.126848
103.493201,30,74975.359356
279.104,44,74979.589238
184.061811,40,74983.319635
38.045678,32,74986.496937
238.500701,42,74990.214136
95.054569,36,74993.45047
12.252816,33,74996.450006
515.99656,59,75002.231736
234.094355,41,75006.125294
1152.480064,75,75013.145671
191.686308,43,75017.30007
236.173919,43,75021.795874
361.091988,51,75026.477576
243.659941,42,75030.521199
-5.760476,30,75033.261113
335.480237,52,75038.36531
180.026657,39,75042.119871
208.921112,40,75045.737167
153.704639,39,75049.664559
1093.573499,75,75056.972261
780.57464,63,75062.889412
195.993483,43,75066.808012
29.518321,33,75069.90529
230.046061,45,75074.245435
114.070264,41,75078.101741
384.111084,52,75083.118712
375.435829,52,75087.935279
284.660225,45,75092.580005
230.273444,45,75096.693306
607.722635,61,75102.750608
-29.542218,28,75105.35293
831.609311,64,75111.512212
447.877097,55,75116.69331
307.387621,49,75121.631287
702.609364,63,75127.359488
152.745556,41,75131.31676
82.361601,29,75134.161469
155.635592,40,75138.138649
425.350862,53,75143.250684
350.168723,46,75147.96714
152.026786,40,75151.593331
91.67594,35,75154.856055
333.224818,50,75159.406422
149.057047,39,75163.426308
380.407822,52,75168.202762
1042.213581,66,75174.657732
431.69019,56,75179.84272
-8.2627,29,75182.892108
377.885623,53,75187.814838
378.651981,51,75192.443343
380.465255,51,75197.251938
460.760028,55,75202.736333
136.115354,39,75206.387476
398.578224,53,75211.466861
277.336399,47,75215.632113
53.807313,34,75219.184135
186.227119,41,75222.955969
328.863459,47,75227.350721
452.208194,54,75232.246647
284.848732,46,75237.233404
321.172815,50,75242.154523
774.502854,66,75248.103724
37.538909,32,75251.058174
274.129168,46,75255.920296
150.516263,39,75259.734997
690.414317,64,75265.472651
614.160545,61,75271.029067
1789.573179,88,75279.698448
346.558402,52,75284.540262
288.614543,49,75288.980046
379.778198,52,75293.996181
-27.652378,26,75297.167228
56.680822,35,75300.333282
-44.325253,27,75302.870018
213.588584,39,75306.544268
260.708825,42,75310.758833
192.926018,43,75314.907195
349.768321,49,75319.734142
247.086149,46,75323.991012
380.042091,53,75329.330423
386.966471,53,75334.219384
764.352338,63,75340.182192
80.857313,34,75343.395751
333.328225,48,75348.565193
579.975375,55,75353.97832
189.537285,41,75357.950111
25.26854,30,75360.701339
143.939791,40,75364.547037
509.968956,59,75369.855577
162.683506,39,75373.472443
139.822673,34,75377.033427
194.379912,42,75381.154298
1090.217481,73,75387.894034
41.501713,30,75390.759961
112.362473,35,75393.983297
85.242717,33,75397.57329
414.233499,54,75402.637264
282.858729,46,75406.757372
587.614779,57,75412.327675
238.671234,44,75416.802072
605.810243,59,75422.301889
547.344121,56,75427.394849
105.958902,38,75430.828606
194.743724,41,75435.034482
142.982283,40,75439.090658
136.448577,40,75442.588842
334.96706,47,75446.831898
467.233895,57,75452.795827
52.407039,34,75455.98949
600.473167,59,75461.479206
155.12748,42,75465.250289
423.997252,53,75470.424238
225.390141,43,75474.429886
716.451581,63,75480.481042
585.580943,61,75485.896993
189.329387,42,75490.10548
90.416217,34,75493.26886
11.434791,32,75496.431483
172.074108,34,75499.863101
29.823341,32,75503.200686
4.516278,31,75506.074559
242.132127,43,75509.921722
230.085056,45,75513.97158
683.43133,58,75520.162713
96.033619,30,75523.316949
61.817235,38,75526.626511
421.671399,56,75531.680588
529.864604,59,75537.531624
309.111678,48,75541.925671
286.173223,43,75545.959408
586.32944,62,75551.419726
516.509921,58,75557.63673
37.003564,31,75560.528199
196.083378,42,75564.368844
754.779612,61,75570.164247
270.127523,43,75574.571989
282.198341,48,75578.955445
160.182319,43,75582.803036
697.643821,60,75588.666089
254.235049,43,75593.041583
353.758123,50,75597.654845
440.604271,50,75602.46847
243.652724,45,75606.676063
629.665601,59,75612.267809
48.088268,32,75615.298045
286.902317,48,75620.009172
-70.176294,29,75622.533207
1677.898212,83,75631.250988
245.614631,45,75635.341281
372.465662,53,75640.295918
234.701377,45,75644.359855
377.057246,51,75650.055963
186.185451,40,75653.810196
285.170054,43,75657.641518
615.810516,57,75662.962972
807.89261,64,75669.257382
1156.328387,73,75676.322832
87.446263,35,75679.762619
1135.005412,72,75686.504967
191.489428,39,75690.537154
285.715208,46,75694.878126
100.462301,38,75698.359982
43.208401,32,75701.352414
8.149441,29,75704.532955
769.246994,61,75710.367464
187.450092,42,75714.212574
182.918404,41,75718.027102
430.658139,54,75723.192037
417.633533,55,75728.154187
358.287559,50,75732.821312
287.245797,49,75737.650364
337.790663,50,75742.742656
227.391148,41,75746.578035
221.546569,42,75750.493511
194.32857,41,75754.43028
625.284002,60,75761.987278
56.557756,34,75765.824723
193.869565,42,75770.898554
759.524016,64,75778.069564
5.963592,33,75781.806441
102.075927,38,75785.692995
320.576119,47,75790.856164
700.3951,59,75797.293004
734.315171,61,75804.213299
382.760063,54,75809.552883
206.284572,43,75814.135052
98.124385,38,75817.902758
447.797282,55,75823.957529
364.629251,47,75828.952151
379.335661,48,75834.453359
275.458509,45,75839.159053
149.869606,42,75843.57961
508.027792,48,75848.464991
517.723518,59,75854.602981
194.654864,43,75859.59765
62.943208,35,75863.764277
376.641319,53,75869.148594
346.602223,47,75874.053174
652.595272,61,75880.427709
396.983188,52,75886.300995
518.566787,57,75892.31607
101.491429,38,75896.291224
819.197632,63,75905.318344
485.847458,56,75912.802918
378.973895,50,75920.467881
352.308398,50,75925.633202
395.535245,51,75933.079335
70.928131,31,75938.651787
619.436198,61,75945.510911
859.678314,68,75955.134729
1336.110096,76,75969.151342
57.95479,35,75973.637255
385.431328,51,75979.267962
252.672437,45,75983.436418
360.593822,46,75989.441221
48.071519,29,75993.287504
206.25052,41,75997.450012
110.799346,41,76001.110705
363.317164,50,76005.711779
408.652977,52,76011.21909
236.7627,44,76015.420665
240.148748,47,76019.656045
363.73143,51,76024.656009
236.746285,46,76029.192138
-57.441064,25,76031.632016
280.72697,44,76036.312659
307.226778,47,76040.920805
260.426208,43,76045.563048
147.585175,39,76049.182926
217.954753,44,76053.186933
395.705418,53,76057.921466
284.3231,45,76062.504199
364.324556,51,76067.327359
587.262247,58,76073.137415
337.428812,51,76077.87521
1290.224396,72,76085.230229
277.921527,44,76089.365003
175.993048,41,76093.338634
173.517254,35,76097.075504
969.9521,71,76104.041302
189.25454,42,76108.006078
137.107696,39,76111.627759
1018.100395,75,76118.702624
229.972061,41,76123.159687
242.778568,45,76127.570665
-0.146906,35,76130.594218
420.236554,52,76135.612929
378.037028,50,76140.832992
-12.81882,28,76143.746842
239.747368,42,76147.897032
1058.087094,70,76154.5117
1129.545097,76,76162.708402
142.785787,38,76166.452991
88.906673,33,76169.567531
369.477402,53,76174.518782
1162.462293,76,76182.595708
598.757285,60,76188.411635
90.386083,35,76191.629732
384.291893,51,76196.327293
-0.504181,30,76199.805224
36.789495,31,76202.833293
321.659137,49,76207.308023
229.732455,42,76211.59897
319.247606,42,76216.087443
64.164169,38,76219.66505
185.986314,42,76223.474618
499.847177,55,76228.762249
303.347331,49,76233.473893
620.252615,59,76239.208529
132.820839,39,76242.854865
57.105424,33,76245.935216
698.188535,62,76252.374501
705.471694,63,76258.339332
505.7129,55,76263.548637
750.683479,61,76269.264488
1021.050232,68,76276.174393
444.573912,57,76281.830061
302.48911,47,76286.378828
41.987311,28,76289.143074
83.778891,34,76292.687401
169.419325,35,76295.996127
245.636151,46,76300.371972
404.794407,53,76305.298787
142.362257,37,76309.306754
337.064496,51,76314.051978
329.191866,47,76318.733144
700.546276,62,76324.593524
208.666383,45,76329.002846
400.164321,52,76333.969348
440.70563,57,76339.555303
201.503007,41,76343.230767
336.253272,47,76348.571487
326.622157,47,76353.214062
379.855567,52,76358.119585
188.812576,37,76361.816997
97.238811,35,76365.49349
306.183353,48,76369.91409
1.687549,30,76372.715742
197.915113,41,76376.425239
293.646452,50,76381.208577
106.742136,39,76384.61139
435.734125,57,76389.822896
337.536902,50,76394.6937
412.8217,49,76400.428871
935.90112,70,76406.965943
422.398774,55,76412.094868
1177.162457,74,76419.020248
248.092203,47,76424.025161
58.989259,34,76427.077782
-12.846131,29,76429.866317
889.585907,69,76436.551295
232.033369,45,76440.965773
511.512804,58,76446.166493
894.258039,66,76452.327558
18.354,35,76455.565819
1032.572755,73,76463.422977
280.573303,43,76467.42115
373.989503,54,76472.244086
106.378743,37,76475.668418
372.24507,52,76481.124865
98.680689,37,76484.447052
169.418756,35,76487.815933
350.241163,49,76492.394231
1169.851671,75,76500.110957
755.692833,65,76506.42979
995.364132,65,76512.593901
150.835126,42,76516.491765
951.840952,70,76523.650622
280.698566,42,76527.686537
100.847486,38,76531.149711
276.951056,48,76535.503131
84.978311,34,76539.060999
268.88786,46,76543.271554
589.16044,60,76548.9294
55.670509,33,76552.19338
980.864563,70,76558.948128
664.073339,61,76564.924296
230.07719,39,76568.768552
217.408955,43,76572.690902
867.19377,60,76579.074556
152.443018,40,76582.693265
340.983351,51,76587.348975
55.87701,35,76590.531964
147.289179,38,76594.398268
141.63116,39,76598.042094
618.437772,60,76604.126121
429.279442,56,76609.271423
211.339607,41,76613.532721
350.998722,51,76618.111029
321.517909,47,76622.460245
-37.490271,28,76625.214209
128.511183,34,76628.937528
358.593772,51,76633.869042
336.697383,50,76639.050293
434.251949,58,76644.446516
403.766772,55,76649.690245
81.464886,33,76652.867161
321.11121,46,76657.608512
436.012239,57,76662.977527
308.935554,49,76667.562769
385.233407,53,76672.415853
143.908002,39,76676.11852
230.839245,43,76680.093203
44.796042,35,76683.615615
193.073652,41,76687.439074
540.077769,57,76692.805184
559.943558,52,76697.927039
178.294481,38,76702.115618
322.704492,48,76706.76153
190.821001,42,76710.874158
380.824435,50,76715.713849
145.851918,39,76719.790333
532.694919,57,76725.173173
172.515205,39,76728.747613
176.791352,38,76732.484302
238.427883,45,76737.038876
426.696652,56,76742.15712
13.123277,33,76745.13665
804.653997,64,76751.095187
147.146866,39,76755.148004
429.027358,56,76760.61116
288.05063,49,76765.189276
502.417088,53,76770.27137
145.165104,39,76774.403479
442.16991,51,76779.235408
190.741233,42,76783.306144
311.969602,47,76787.743548
236.030902,45,76792.031056
438.918876,53,76797.181976
244.587561,46,76801.343
196.288571,43,76805.357387
193.007091,42,76809.692485
123.138605,36,76813.068195
435.693026,56,76818.766034
275.163748,46,76823.014119
851.719168,68,76829.643486
519.223695,55,76834.931473
338.742915,46,76839.418784
242.765612,44,76843.695956
295.803832,47,76848.56963
380.047224,53,76853.669033
95.214987,36,76856.971083
294.559336,48,76861.466185
286.438333,45,76866.078939
213.111535,41,76870.084209
922.290222,66,76876.966012
174.502364,36,76880.529053
341.751175,50,76885.474181
354.036318,50,76890.187487
500.97228,57,76895.399336
1429.710402,78,76903.064075
470.359215,57,76908.776809
283.72093,49,76913.219339
523.641995,58,76918.507313
295.446499,46,76923.103527
219.831723,43,76927.503321
248.081506,45,76931.592528
95.121227,38,76934.971131
98.69603,36,76938.640493
400.979515,51,76944.04253
82.15894,34,76947.259172
246.148497,44,76951.584527
102.405547,38,76955.001017
141.473981,36,76958.739245
-10.886101,30,76961.563196
331.981317,50,76966.124431
1303.942318,82,76973.791693
263.25025,46,76978.298615
629.55369,58,76983.841248
226.805891,41,76987.686766
144.635429,41,76991.32504
316.471083,48,76996.116842
205.285268,45,77000.338135
146.174287,37,77003.840288
921.530072,67,77010.182538
190.031136,42,77014.528238
249.927074,47,77018.877699
674.807952,61,77024.65322
285.584122,46,77029.013847
312.037334,43,77033.431459
232.476742,44,77037.300656
53.064268,33,77040.527618
132.641867,37,77044.118936
453.440702,55,77050.189729
401.959688,49,77055.056366
589.511096,59,77060.794231
537.900411,59,77066.412364
264.564373,40,77070.769384
672.651775,56,77076.239091
416.219809,55,77081.48097
281.660057,49,77085.908292
337.398631,49,77090.705327
421.317706,53,77095.592448
420.897319,54,77100.70554
151.15877,42,77104.506909
830.408793,67,77110.971116
860.474461,69,77117.654366
137.097467,38,77121.137859
148.824809,40,77124.841587
107.262725,39,77128.801498
90.500957,37,77132.216533
412.53279,53,77137.087267
486.516741,57,77142.291267
189.721358,40,77146.348196
251.624545,43,77150.628062
374.867555,51,77155.431923
-63.144468,26,77157.811052
332.055941,48,77162.652156
50.948602,33,77165.935005
138.306929,38,77169.43539
298.33447,46,77173.915449
197.847351,41,77178.472811
944.665715,69,77185.031323
248.17166,42,77188.874054
504.75396,57,77194.234962
272.144054,45,77198.996403
498.555802,56,77204.318572
3.707553,30,77207.087532
241.016757,44,77211.521091
436.07038,53,77217.000415
427.583829,56,77222.095845
223.567208,42,77226.000323
201.826343,40,77229.781139
51.439131,35,77233.396558
520.316808,56,77238.962703
331.582207,50,77243.530977
394.79568,52,77248.599137
97.167733,36,77252.190821
515.60757,59,77257.941528
1003.635159,66,77264.386928
286.780578,44,77268.783684
188.646519,41,77272.998834
298.33421,46,77277.222402
204.119509,44,77281.099491
296.025933,49,77285.60145
172.191479,39,77289.630018
444.592939,56,77294.730471
215.279117,41,77298.900538
698.690556,62,77304.790622
320.565508,49,77309.53232
146.376747,39,77313.094726
693.528927,61,77318.790451
594.111366,61,77324.593566
100.73548,36,77328.294113
414.808642,52,77333.468888
622.310941,59,77339.617085
339.165652,48,77344.210394
111.493276,30,77347.653801
516.783568,55,77352.93033
344.468086,50,77358.370637
493.839322,55,77363.503089
183.454352,42,77367.820068
308.623001,46,77372.163476
242.953818,43,77376.270699
141.248117,36,77379.647507
390.739151,52,77384.864552
98.998435,37,77388.123332
287.201105,47,77392.634043
367.944841,51,77397.431949
84.575694,36,77401.023912
84.323559,33,77404.273615
363.471934,50,77408.946142
88.564119,36,77412.306511
784.271487,61,77418.948311
432.14508,56,77424.042288
199.674405,39,77427.761007
273.212773,45,77432.000206
306.512176,48,77436.759104
421.518807,53,77441.737303
169.479948,38,77445.334412
53.258333,35,77448.607105
698.141679,59,77454.794134
260.077888,44,77458.776569
197.928523,41,77462.661294
428.074574,53,77467.719905
622.4576,60,77473.527597
143.765527,41,77477.579441
791.554146,64,77483.458232
412.911912,56,77488.432206
397.204668,48,77493.392138
844.875072,65,77499.386036
285.221537,45,77503.659648
258.047074,42,77507.638185
347.075747,47,77512.739446
188.746248,40,77516.393027
187.080224,41,77520.406996
173.463937,41,77523.973777
271.186921,43,77528.442628
294.708873,45,77532.486922
187.826999,39,77536.482703
182.137464,37,77540.13563
403.184753,50,77545.184239
99.345308,36,77548.613891
335.840326,47,77552.975658
312.472255,40,77557.061607
306.525036,47,77561.647729
117.957935,33,77564.596012
47.007779,32,77567.535518
1305.538842,70,77573.791286
107.217573,36,77577.590267
164.776147,39,77581.088892
327.43036,50,77585.626726
237.263224,45,77589.839136
454.061728,55,77595.343649
179.441952,41,77599.41581
223.434818,40,77603.163762
745.021369,63,77609.238782
47.415053,34,77612.658559
451.115619,54,77617.485928
98.086632,37,77620.91168
373.493065,51,77625.696507
146.006742,39,77629.740346
42.0759,31,77632.642879
140.988486,36,77636.008481
331.078437,49,77640.770252
195.451728,38,77644.767974
37.967765,32,77647.650259
387.820249,53,77652.710331
145.520913,41,77656.598833
864.514527,64,77663.294836
433.358347,55,77668.183542
259.344688,41,77672.051043
223.278446,39,77675.867687
297.805144,48,77681.572662
282.667331,48,77686.005378
672.017137,59,77695.525625
195.591135,43,77700.922181
282.851264,48,77707.660486
729.797689,62,77717.764361
1074.285321,75,77727.552627
239.920118,45,77731.863696
191.221383,43,77735.922899
113.244585,40,77739.456287
389.670961,55,77744.262967
338.348657,47,77748.713125
441.820032,56,77754.335275
626.146037,60,77760.119181
164.076645,42,77763.828582
340.476417,51,77768.710591
418.988136,53,77773.888435
249.339647,38,77778.008937
304.311672,47,77782.353008
387.624007,51,77787.366619
326.988899,47,77792.138216
3.006899,28,77794.780572
436.749723,51,77799.493732
317.466561,35,77802.788004
143.808267,36,77806.365461
410.01248,51,77811.454201
340.205814,51,77815.9951
-35.069774,26,77818.45427
291.918345,47,77823.307117
783.069925,63,77829.135722
136.812697,36,77832.461356
421.92022,56,77837.870944
104.166105,35,77841.487361
274.328991,46,77845.685867
362.695327,46,77850.14885
307.01071,48,77854.394597
602.63306,61,77860.275065
358.902246,51,77865.532289
306.570922,48,77870.795354
-66.459468,28,77874.202999
1847.388718,89,77884.166123
316.346563,47,77889.296548
216.35023,39,77893.449374
408.044569,53,77899.518152
27.918031,28,77903.314361
127.203993,37,77907.088466
418.978978,54,77912.831109
1154.810142,74,77922.015506
611.633007,58,77928.623951
140.352542,41,77932.267387
133.975828,38,77935.679483
632.068793,62,77941.52794
161.411675,36,77945.535439
514.253391,58,77951.057943
208.694348,38,77954.584284
280.073853,48,77959.290897
493.570721,55,77964.47245
6.77863,31,77967.226511
-7.645361,26,77969.611882
233.564403,45,77973.81991
1051.24812,71,77980.869828
590.368742,58,77986.25087
289.875757,44,77990.401122
103.079632,37,77993.792407
1156.948828,74,78000.936341
143.232323,40,78004.582349
787.173967,63,78011.721255
227.465559,42,78016.633647
303.824669,46,78022.712588
505.184838,55,78028.297628
150.174279,41,78032.041373
521.190085,59,78037.255371
234.658612,45,78042.073954
594.373622,61,78047.630296
518.424373,57,78053.197417
6.192532,31,78056.05902
232.988181,44,78060.543279
148.719696,40,78064.378743
222.520951,41,78068.11497
335.19199,51,78072.931751
378.565613,51,78078.425009
666.227932,60,78083.957803
96.372611,35,78087.228889
997.239218,68,78093.792679
255.948605,42,78097.927037
44.388213,35,78101.125962
566.05066,58,78106.402328
236.166523,42,78110.274649
103.072999,31,78113.582714
147.15708,39,78117.063655
159.244162,40,78120.625457
1567.354041,83,78128.278869
250.386293,47,78132.806398
245.964678,45,78137.123475
867.907525,69,78143.662341
124.778005,32,78146.794973
245.506679,47,78151.255812
489.672673,55,78156.424137
604.599375,61,78162.02338
891.020751,65,78168.123647
430.916646,53,78173.557283
29.838604,28,78176.24928
95.838634,34,78179.376123
415.980099,55,78184.378651
192.008139,41,78188.364585
1022.581653,68,78194.419196
337.033135,51,78199.488304
273.893832,47,78203.768225
232.443577,45,78207.983737
242.240974,45,78212.195159
157.540553,42,78215.878811
521.872431,59,78222.214619
293.077325,45,78228.23295
946.249335,66,78235.463174
193.455003,43,78240.316111
362.618233,50,78246.165817
232.295128,41,78250.859454
154.603436,40,78257.748748
143.458135,41,78262.092289
759.37212,65,78268.741753
182.694214,40,78272.960759
509.546757,57,78278.121323
507.547717,56,78283.870583
46.41212,32,78286.888281
881.48114,68,78293.974851
336.232294,50,78299.083417
145.236277,37,78302.602812
150.71624,39,78306.320154
403.462137,53,78312.268696
521.133848,58,78318.957114
656.91464,61,78324.967469
141.920307,37,78328.524923
279.358511,44,78333.128297
703.961494,59,78339.400455
414.537935,53,78344.419324
323.632106,45,78348.851051
371.947464,52,78355.0179
11.107958,32,78358.247414
31.110322,27,78360.857025
99.144903,35,78364.231651
532.570833,59,78370.188744
499.441834,56,78375.646125
1180.992848,74,78383.172881
598.063551,61,78389.181106
194.705573,40,78393.339995
87.151681,37,78397.033334
423.110032,54,78402.834519
326.394275,44,78407.038005
603.948305,61,78413.280296
283.866457,47,78417.709603
201.218515,43,78421.693211
10.660641,31,78424.539103
411.819884,55,78429.768472
395.245455,47,78436.191869
525.790076,55,78443.777355
48.252499,34,78447.185754
270.070769,46,78452.361769
202.689407,45,78456.918299
377.167317,52,78464.820762
1702.932367,86,78475.040954
596.445497,58,78481.53716
876.732984,65,78488.244403
234.591766,46,78492.985595
278.246627,46,78498.707675
87.812408,33,78503.621037
49.388431,35,78507.436522
442.976187,54,78513.485792
238.623936,45,78518.206159
615.162239,59,78525.081163
84.785696,35,78528.578899
438.88589,57,78534.509354
298.763473,45,78539.236411
365.567964,49,78544.770905
705.371806,59,78551.197689
186.933755,40,78555.319521
234.84751,41,78560.24453
374.352342,53,78566.346807
-41.172082,28,78569.212731
193.558326,43,78573.651297
34.248631,32,78576.942204
782.003569,62,78584.192606
328.810558,51,78590.041503
40.293522,28,78593.04863
313.879221,47,78598.073158
291.17225,48,78603.658378
112.812889,30,78607.902047
340.813955,50,78613.184178
3.424385,32,78616.944028
196.36578,42,78622.288066
273.856722,45,78627.080328
920.940488,66,78634.241931
250.392638,44,78639.01771
287.771099,48,78644.468142
273.48074,47,78649.982059
507.91346,58,78657.491889
366.853573,52,78664.329652
699.685118,64,78672.964252
208.519461,42,78678.260245
1916.957436,90,78692.439104
250.702974,44,78698.205181
137.244262,40,78703.989661
365.57776,50,78709.862481
137.19788,39,78714.146576
271.234874,46,78719.088422
109.522657,36,78723.153402
411.756111,51,78729.244966
-7.583633,28,78732.339959
282.293937,48,78737.590928
518.002672,58,78744.149151
98.743336,39,78748.131892
463.234229,45,78753.019666
367.063787,50,78758.570009
332.490144,47,78764.160762
199.607443,42,78768.659975
97.336391,36,78772.492023
228.221042,44,78777.762115
191.447787,41,78782.506958
237.670217,44,78787.216413
258.246088,41,78792.098917
516.990257,58,78798.736186
594.181167,59,78805.364047
42.85504,33,78808.837109
135.247225,40,78812.905031
310.937499,47,78818.048028
1445.995673,80,78830.865411
229.155458,42,78835.867579
532.383114,57,78841.946898
612.415982,61,78848.431752
147.98893,37,78852.645962
394.057549,55,78858.585042
208.955886,46,78863.412975
537.062927,59,78869.576164
91.649077,37,78873.807477
294.486234,49,78879.142384
31.325021,33,78883.259732
518.741116,57,78889.79838
99.685094,36,78894.134074
394.131336,53,78899.954049
85.085134,30,78903.568272
616.735449,60,78910.031367
525.976044,60,78917.152854
87.351405,35,78921.110104
446.273479,53,78926.529476
410.277943,54,78932.359824
504.102287,59,78940.198611
223.648557,40,78944.680495
229.979879,43,78949.494673
217.81779,44,78954.835258
397.53197,52,78961.814931
880.421635,68,78971.239674
41.958666,30,78975.141629
100.537954,36,78979.78143
277.455259,46,78986.453112
465.630443,53,78993.541857
435.74596,53,79000.581569
325.458459,50,79006.875231
101.320697,34,79011.82327
218.139324,43,79016.76614
341.219944,50,79022.891724
765.915191,59,79030.64249
274.051549,48,79037.087092
238.139871,44,79043.614357
251.800364,47,79049.462347
179.334136,40,79053.638546
197.02434,39,79059.307033
258.079482,43,79064.509448
49.472965,32,79068.380228
601.578956,59,79075.027228
429.781431,56,79084.519236
244.861108,43,79092.734738
190.124242,40,79098.343514
86.506253,29,79102.239838
389.80666,52,79108.817068
118.064096,32,79112.579094
284.769544,47,79118.311956
142.599011,39,79122.564803
230.072532,42,79127.394322
324.781839,50,79132.562825
172.465874,41,79136.900836
533.838798,60,79143.808839
194.247596,42,79148.572225
759.162273,64,79155.684259
330.630325,50,79164.007983
234.579927,44,79169.517815
253.174861,46,79174.864653
143.012844,40,79179.529925
302.506389,49,79185.391575
81.831996,32,79189.367733
354.458105,49,79196.971951
490.678651,55,79204.68426
183.549459,39,79209.383564
112.519703,38,79213.870573
277.13385,44,79220.374158
97.604606,37,79225.284702
240.906315,45,79231.128954
1739.6477,85,79242.830007
232.739185,44,79249.05367
183.216511,39,79254.455248
281.034632,45,79260.37882
282.173404,41,79265.548863
189.913264,39,79270.024959
776.444154,66,79276.793829
198.807854,44,79281.244761
284.856493,46,79285.829095
685.552971,60,79292.572774
166.202695,37,79296.495217
83.516869,33,79299.896375
325.719215,45,79304.731235
198.846852,41,79309.055744
239.592176,42,79313.37938
43.259895,33,79316.744557
228.871431,42,79320.970577
232.997955,39,79325.518616
192.829888,39,79329.457667
797.981313,65,79336.296921
327.038266,46,79341.175623
664.517475,57,79347.594547
377.537557,51,79356.584743
333.329433,50,79362.545749
325.921038,49,79368.37657
521.996563,53,79374.157159
60.116437,36,79377.895619
1425.200815,79,79391.006717
277.593517,46,79396.939712
144.531414,40,79402.398609
10.435292,31,79406.64472
97.435624,37,79410.535857
307.742189,48,79416.103687
-47.418731,28,79419.988944
1546.876528,83,79429.201587
0.872193,29,79432.538742
256.537123,41,79437.373033
188.90802,42,79445.128184
150.378784,37,79452.69064
241.793065,45,79462.513953
293.30763,45,79470.918172
383.533079,51,79481.642954
96.921049,36,79488.378103
-65.558808,26,79493.755653
405.678351,52,79502.328164
246.53154,46,79510.531596
286.564096,47,79520.483924
1772.04192,88,79536.368853
143.58239,38,79543.377983
367.225183,51,79551.661562
324.428813,49,79559.062066
190.024825,40,79567.038159
43.174111,31,79571.997569
357.590325,50,79583.916834
141.281473,38,79589.035153
99.840952,36,79593.512943
771.806378,66,79601.039208
224.647306,44,79606.578259
543.941296,56,79612.964644
163.523393,39,79618.416356
95.759942,37,79625.470578
274.364263,45,79632.628872
147.805729,41,79639.442863
45.096509,34,79644.007905
513.09388,59,79652.926797
278.614722,45,79659.52081
145.868023,40,79664.351259
140.374985,38,79670.436947
217.918957,41,79676.722663
286.489355,47,79684.260918
263.4612,40,79690.287251
271.600473,46,79696.131935
671.536804,60,79704.015831
285.989409,45,79712.194669
227.081127,42,79717.248845
787.68673,65,79724.578415
214.777542,42,79729.542016
40.428433,33,79734.079539
239.194354,42,79739.410644
52.314909,37,79743.791909
384.560011,52,79750.839025
183.48595,42,79760.428482
331.911609,49,79771.550076
35.196359,29,79777.896665
603.601104,62,79793.190534
328.264396,48,79805.363019
176.547168,37,79815.398045
321.223125,48,79823.571376
-10.377464,27,79827.915211
690.300744,62,79838.975329
288.067699,48,79847.465072
776.311955,67,79860.254795
1269.84777,79,79874.121119
273.836546,45,79884.362227
-49.511125,27,79889.422801
283.999415,46,79897.938718
343.356225,46,79909.602266
594.983614,55,79921.246127
34.407473,30,79926.87215
292.95419,49,79935.175719
188.007308,41,79943.131969
927.417385,70,79956.84344
285.436371,48,79964.904638
316.179908,49,79975.240131
238.875018,45,79983.326603
196.467806,44,79991.742799
110.865806,38,80001.688877
198.622015,44,80008.976687
90.079376,36,80015.258271
1825.974503,89,80038.430469
943.176243,67,80058.355201
142.775845,35,80064.553413
376.586696,42,80070.632526
288.908708,49,80078.642168
306.948001,46,80085.467154
282.555826,42,80093.375044
43.049413,34,80098.998423
140.88403,36,80106.579255
41.348795,32,80114.043924
200.625419,44,80124.439948
410.570429,51,80139.043308
219.937856,32,80145.147435
252.479308,44,80154.361465
86.313998,35,80162.791738
307.636347,45,80172.628894
100.462749,35,80182.962857
600.16718,60,80195.74182
142.110753,40,80203.757059
298.705794,50,80214.83034
598.75633,59,80228.452297
330.313969,49,80238.550244
94.486598,36,80246.2564
350.336379,49,80257.561515
104.761094,37,80267.59459
595.829344,57,80280.379655
2.238883,32,80288.127564
392.180622,49,80299.822375
331.245795,47,80311.634638
79.193556,30,80317.849723
193.27429,40,80331.023074
294.006859,50,80343.1842
177.043374,38,80355.33517
241.481951,46,80365.771549
238.669571,44,80373.470628
368.147538,53,80384.61392
622.761444,60,80399.07727
380.994474,50,80407.993277
202.468812,37,80413.663504
397.954138,51,80422.138607
234.692678,44,80429.229723
4.183615,31,80434.024786
49.859903,31,80440.726719
365.158251,50,80452.143934
508.947847,56,80463.608849
325.283299,51,80473.433045
136.072958,38,80481.855407
512.619426,61,80493.365578
242.210585,42,80502.743844
946.513491,70,80517.282487
232.931036,42,80527.342432
-63.930005,26,80532.720164
282.01553,45,80544.625769
135.264399,39,80552.282571
236.872466,43,80561.226978
985.794011,69,80575.748173
99.924055,34,80584.134075
384.727606,52,80593.779577
50.987495,33,80601.021618
324.060001,50,80610.854982
165.309427,39,80620.274803
77.557202,35,80628.037206
968.488515,62,80641.11018
304.603639,48,80651.800519
337.035334,47,80667.02207
778.866573,65,80681.788297
690.664285,62,80696.646508
145.172925,40,80705.215434
-58.540607,23,80710.379603
234.230176,44,80721.152568
426.726753,55,80732.791414
1237.440273,76,80750.589601
247.991096,45,80760.905914
382.773209,54,80770.230109
376.272942,52,80781.377462
370.296416,48,80791.013632
515.974875,57,80804.413417
-37.900132,30,80809.205501
453.602038,55,80819.510044
142.637155,38,80826.809154
133.918107,36,80833.937182
586.469532,57,80844.151016
739.419016,62,80856.809064
143.796039,39,80864.084122
150.130734,41,80872.184467
149.903726,41,80881.058573
288.880786,47,80889.368779
278.409198,46,80897.854932
307.194534,48,80906.287696
188.295457,42,80913.24223
431.242726,56,80923.146595
237.087389,43,80930.416273
52.538339,35,80936.508198
152.062265,41,80943.101096
152.228741,40,80949.291566
274.47951,46,80956.953477
138.8783,39,80964.791135
175.079669,38,80972.383261
240.206444,40,80978.847661
509.86986,58,80989.632251
87.375531,31,80995.732821
84.314098,35,81001.766281
142.100279,40,81009.322422
339.671213,48,81018.412781
105.660639,36,81025.506495
383.335,52,81034.383039
151.188142,39,81041.319704
181.061408,40,81048.717223
793.413001,64,81060.79697
330.797281,47,81068.855394
233.04539,43,81076.095288
320.343577,45,81085.727489
95.916395,36,81094.675335
-62.714083,27,81099.692939
206.360183,40,81106.889409
765.791678,66,81118.055909
121.859312,32,81124.561886
322.377372,46,81132.365988
358.095594,51,81141.390498
292.728251,48,81150.14389
60.170967,35,81157.73795
187.63858,41,81165.438088
128.446981,34,81171.870893
683.310634,61,81183.488017
282.526473,45,81191.604904
230.341555,42,81199.767991
196.418032,42,81208.132799
219.970858,42,81215.243093
594.430224,61,81227.777189
92.405739,36,81233.974182
507.306097,55,81245.080597
288.490768,48,81253.819239
150.03678,40,81262.411446
961.313228,71,81274.508268
366.279408,46,81283.975715
715.835338,64,81295.708319
178.607613,38,81303.915616
758.472811,62,81315.354095
446.11539,53,81325.467406
519.689175,57,81335.73023
179.264826,41,81343.901371
231.418801,43,81351.474071
425.119349,52,81360.374325
238.70243,44,81367.996126
321.269076,48,81377.86463
1060.016496,71,81390.560591
329.172171,50,81400.208528
45.8179,34,81405.903143
197.042499,43,81415.81457
-33.505391,30,81421.015702
313.67652,40,81428.592386
-7.445267,29,81435.173069
228.681585,45,81446.181494
219.474834,41,81453.834062
443.458734,55,81463.259368
60.472717,35,81469.02295
539.138107,59,81480.624969
275.99956,45,81490.354126
104.21759,40,81498.974709
515.396272,57,81510.501415
241.413467,45,81520.188416
698.869468,61,81533.276018
268.593001,45,81541.534922
434.887518,55,81556.870078
1080.009395,71,81577.051666
315.644564,46,81589.585163
147.943533,39,81597.674307
306.973465,44,81607.43308
345.149359,51,81617.490185
506.275598,58,81630.788217
504.928356,60,81641.107463
97.250964,37,81647.949514
386.574307,52,81658.44048
939.127768,70,81670.724806
681.883702,58,81681.984409
947.229444,69,81694.386836
338.448365,51,81703.815499
180.607668,43,81711.212635
419.158537,55,81720.899778
203.728862,40,81727.696022
236.860078,43,81736.363136
401.936001,51,81748.520785
28.415094,30,81754.316775
1058.171557,70,81768.13991
132.362655,35,81775.203534
262.201388,45,81784.372663
236.990617,44,81792.229047
230.930811,39,81799.674306
914.952275,63,81811.668129
879.220166,65,81823.492568
310.382995,48,81832.326788
315.56871,46,81840.474823
242.117045,44,81848.230984
933.462927,68,81860.940567
616.411662,59,81872.577722
173.658962,40,81879.378048
367.040185,49,81889.711967
330.839541,49,81898.478993
323.16562,49,81906.885772
374.385125,51,81916.01872
245.471062,45,81925.810264
259.361051,41,81933.007744
81.213152,33,81938.885919
143.16556,40,81945.674752
115.159939,40,81954.44468
92.52001,36,81961.001639
278.529146,47,81969.261492
183.896093,43,81976.873661
634.937635,62,81988.645541
145.552337,37,81995.527497
696.956226,62,82007.28944
240.205635,46,82016.110168
223.510153,43,82024.434612
418.433225,54,82034.474725
-68.1987,26,82040.211879
191.384428,41,82048.168481
131.247243,35,82055.498705
137.575141,37,82062.355544
215.793642,42,82069.266162
327.493472,50,82077.759298
298.700243,47,82086.333312
846.049489,65,82098.502223
675.688757,63,82110.141884
54.600043,33,82115.699309
14.549487,33,82122.120919
182.972386,40,82129.941442
279.62715,46,82137.843607
352.05621,52,82146.502636
330.662907,52,82155.800557
381.635209,51,82165.216118
159.396174,43,82172.290581
534.938021,56,82182.576356
439.246701,52,82192.127183
772.848354,64,82203.438415
544.020502,58,82213.597168
237.400048,44,82221.686458
323.607661,48,82230.278075
-9.376393,29,82235.164142
954.890887,70,82248.262402
287.588754,45,82256.146084
177.087255,41,82263.698296
595.52974,59,82274.708006
385.613321,53,82284.415982
685.151433,59,82294.515482
703.814605,62,82306.267768
771.348028,65,82316.783235
334.333652,52,82324.986577
521.364546,52,82333.800096
221.910243,43,82343.987144
186.043564,42,82351.514197
43.898013,32,82357.561506
84.476028,31,82363.869742
288.851536,46,82371.578444
77.940816,34,82377.407117
217.38816,41,82385.66117
427.128407,54,82395.647718
503.874938,55,82408.168956
348.489474,52,82416.671667
345.972342,51,82424.994786
195.763019,41,82431.699368
812.181776,66,82442.697839
52.008555,29,82447.486717
445.11101,58,82459.419456
876.524823,64,82470.676786
51.969201,35,82476.486108
541.570699,62,82485.96323
1096.104197,77,82499.396344
934.29134,69,82511.427961
190.381726,41,82519.468089
34.292731,27,82524.116378
-40.714912,25,82527.992864
597.386993,61,82537.021137
285.358292,48,82545.224611
423.902913,54,82554.428729
526.916386,56,82563.406017
802.30556,63,82574.272249
681.732016,61,82585.285938
326.736335,44,82594.071401
1223.685801,76,82606.816485
422.99994,52,82616.107577
792.996395,64,82628.704658
93.114853,35,82634.332377
387.763792,53,82643.272879
49.892722,35,82649.468341
394.842756,50,82658.308333
967.364168,71,82670.191121
459.161671,57,82680.27053
145.868071,37,82686.003744
-34.075541,28,82691.932728
387.618867,50,82701.835438
519.274684,57,82710.595182
675.659877,63,82720.792593
1047.76867,70,82734.873373
187.187597,42,82741.734466
238.300608,46,82750.88783
99.478153,39,82757.454914
431.085078,56,82768.717901
260.626807,41,82775.68267
523.422895,57,82785.474834
99.556248,38,82793.107185
451.458318,50,82801.899276
875.619466,68,82813.929659
426.023497,56,82825.118034
332.51066,50,82833.164189
524.517052,56,82842.786362
148.531079,35,82848.743226
382.209253,56,82858.256452
1056.633673,70,82870.075695
799.165866,66,82881.928652
-10.932529,30,82886.651531
447.399345,50,82895.850729
411.085361,49,82904.032396
290.33486,47,82912.41595
94.689601,33,82918.714159
231.688388,45,82925.940597
38.843433,30,82930.875929
398.29828,50,82940.651021
513.484848,56,82949.506275
215.446123,41,82956.400803
402.92663,51,82964.647093
145.462143,39,82971.446631
440.884627,57,82980.698445
147.211363,40,82986.824436
938.433109,67,82998.937238
425.761852,56,83009.286186
620.734025,57,83022.515136
372.190425,53,83033.05538
140.836495,37,83039.993719
143.553682,34,83047.69959
146.309705,37,83052.315712
937.867205,70,83059.773086
-1.301719,25,83062.236569
95.519909,37,83065.903964
86.742243,36,83069.181229
280.722399,48,83073.49789
627.104887,58,83079.093036
603.163419,58,83084.796701
189.916859,40,83088.420303
114.842863,40,83091.905788
82.864738,37,83095.131701
243.240392,43,83099.914586
-37.561843,24,83102.799307
1691.600025,86,83116.398365
790.580335,65,83123.560871
1140.71738,76,83131.547763
273.100118,45,83136.45764
425.137727,55,83142.035324
858.168977,69,83149.088075
1090.863713,72,83157.565533
447.002471,54,83162.663631
-5.581062,28,83165.24518
81.210568,33,83168.397473
428.935109,56,83173.68828
597.968819,59,83179.657354
793.747223,61,83185.594201
333.031782,50,83190.180786
386.343915,50,83195.907388
190.130927,42,83200.883152
620.60793,60,83209.843136
390.103535,51,83216.678597
401.206091,52,83224.8502
186.26657,43,83229.996209
186.056256,39,83234.756981
145.815773,36,83238.973469
378.301122,53,83245.5156
396.080527,47,83251.431624
316.762889,46,83256.92422
141.250104,36,83260.864973
302.272329,49,83266.396672
74.997654,34,83269.975716
771.556689,64,83276.659164
272.382973,45,83281.384713
677.751541,61,83288.325367
44.402686,32,83291.825627
237.469823,40,83296.246433
280.89953,46,83301.650453
40.937863,30,83305.252885
196.503762,43,83309.556661
105.370988,34,83313.401353
772.919465,67,83320.634982
1223.896303,72,83329.387345
350.450619,49,83334.708488
692.790549,61,83340.975363
231.942525,46,83345.820307
189.157131,40,83350.315082
313.377039,45,83355.413604
121.846864,35,83359.483653
226.22696,40,83364.52645
186.148853,41,83369.319264
185.775044,39,83373.735492
812.934075,63,83380.77138
287.718076,48,83386.218812
243.311672,45,83390.861551
174.031858,38,83395.266382
141.226588,38,83399.184869
49.010124,33,83402.661172
142.789036,43,83407.332707
427.071027,51,83412.920726
326.548288,45,83418.266485
839.279823,68,83425.874033
321.975421,45,83431.090049
85.567234,33,83435.101516
155.35372,39,83438.956779
178.184802,39,83443.236642
876.039531,67,83451.621958
305.732936,46,83457.00232
355.471576,50,83462.202171
275.480037,47,83467.227542
98.902973,38,83471.521762
202.146081,44,83476.306113
179.540489,40,83481.193346
83.366899,33,83485.036627
667.228125,61,83492.441927
423.310606,54,83498.159618
393.253083,52,83503.634596
91.305782,37,83507.620713
189.086944,41,83512.212472
189.02691,41,83516.749012
1719.904406,86,83526.064949
101.383899,35,83529.617728
532.795837,56,83535.857846
92.164959,34,83539.990936
152.553972,41,83543.989561
415.029283,54,83549.943533
142.821977,38,83554.086046
324.85586,49,83559.166951
27.686341,28,83562.253003
783.202076,66,83569.665416
1175.175034,72,83578.208642
187.936368,41,83582.477233
87.673657,33,83586.186045
440.844721,53,83591.889713
210.966742,41,83596.695754
289.433193,47,83602.176062
285.650204,45,83607.056965
243.963282,47,83611.878812
112.051281,38,83616.012058
864.888919,67,83623.500129
702.508522,60,83630.266689
518.44466,58,83636.254802
374.860025,54,83642.209811
143.009971,40,83646.333024
147.810619,42,83650.562066
260.301061,44,83654.999822
679.609587,59,83662.319066
290.944053,45,83667.162044
380.35205,51,83672.739187
347.448171,52,83678.314843
268.763187,42,83683.320227
366.585443,48,83688.5478
423.413505,53,83694.012411
149.324728,40,83698.022033
196.187749,44,83702.829252
281.331608,47,83708.344781
-7.586306,29,83711.340055
256.886052,44,83715.732519
156.087817,42,83720.981213
1050.469057,73,83728.902935
432.521632,53,83734.419942
353.978415,51,83739.907871
290.435672,45,83744.963956
238.619108,41,83749.991285
329.077799,51,83755.146006
95.577401,35,83759.067325
188.927698,42,83763.633377
445.391091,55,83769.502128
601.098119,59,83775.815192
193.645983,40,83780.596256
11.953149,33,83784.099013
333.230988,48,83789.553179
117.847982,33,83793.102278
1631.565355,87,83802.211307
350.750381,51,83807.603766
141.435231,39,83811.998487
295.213763,46,83816.394026
342.549462,45,83821.115513
371.846491,52,83826.642829
1031.591062,72,83834.600971
230.024636,42,83838.952856
338.888133,50,83844.265877
341.74034,51,83849.783474
905.29801,68,83857.261202
623.590941,58,83863.455998
939.74603,69,83870.393856
593.385058,62,83877.223205
318.964543,47,83881.915623
245.265101,47,83886.591484
182.697709,39,83890.729606
465.646632,54,83896.367074
383.931711,50,83902.074806
1146.925092,72,83911.197306
-31.883404,24,83914.424099
377.207478,50,83923.681985
235.379981,43,83928.160484
266.404509,42,83932.88861
190.012868,40,83937.12289
232.345864,40,83941.964663
414.294352,52,83948.055605
12.689009,33,83951.7131
-45.46268,27,83954.754211
117.935033,34,83959.58938
284.981412,44,83965.11327
-3.140865,31,83968.698276
242.464623,46,83973.863251
391.547587,56,83979.915904
259.040012,44,83985.105729
1074.168068,72,83993.437439
506.527571,54,83999.063418
279.85038,48,84004.560946
20.144213,29,84007.924562
197.877544,42,84012.379519
191.761353,43,84016.958822
296.672399,43,84022.46315
201.46775,44,84027.164929
148.645531,38,84031.107471
106.600596,39,84035.301233
186.723233,39,84039.590559
185.362796,36,84043.820467
853.931454,68,84054.258248
332.55549,49,84059.885433
2367.286953,100,84072.185225
426.382165,56,84079.487538
-19.398223,29,84084.075953
368.027974,50,84090.113085
149.163988,37,84095.540277
499.061248,56,84101.316643
352.275874,51,84107.266921
-43.898956,26,84110.224638
2024.927524,91,84122.788534
660.109466,53,84129.673144
47.545373,34,84133.251708
171.211931,39,84138.283347
251.176812,48,84143.901914
534.667963,56,84150.042184
246.339558,44,84154.804786
244.900491,46,84159.697978
368.258129,50,84165.38587
424.417937,56,84172.028834
148.702936,40,84176.315425
47.202106,32,84179.587835
131.324989,39,84185.303998
131.428334,39,84190.148169
1107.559532,70,84199.041935
853.234562,67,84210.887938
596.670689,62,84218.310803
194.249959,42,84223.361145
1190.7104,75,84232.445958
187.852506,37,84237.291862
278.814429,46,84243.466959
1044.147561,74,84252.153213
353.922726,50,84258.133037
569.45749,54,84264.807678
495.284296,50,84271.441872
402.204086,51,84277.67479
-37.112711,30,84281.33184
120.773262,36,84285.509887
1828.444743,82,84296.685754
232.252115,43,84301.850019
142.766819,40,84306.573184
279.894381,46,84313.36292
40.579591,33,84320.082285
123.507129,36,84326.631952
287.014766,46,84334.02838
141.011506,37,84339.1645
286.365156,46,84345.997467
281.299681,39,84352.59433
245.077502,47,84358.345202
764.13801,55,84366.797003
37.103497,29,84371.348442
143.949782,39,84376.503133
51.336615,33,84381.889307
199.688616,43,84386.82779
983.390283,66,84397.182646
1049.744158,73,84405.217041
1066.457538,68,84412.890123
689.389124,62,84419.477963
116.051074,40,84424.351584
272.615823,45,84429.322309
-9.220048,23,84432.19193
330.270921,51,84438.083629
439.069069,53,84444.332242
437.243847,57,84450.470718
108.407713,36,84455.156829
298.641321,50,84460.395768
275.346692,46,84465.853021
471.913961,53,84471.769085
427.370739,52,84477.453837
250.517404,46,84482.449348
137.728914,36,84486.608264
502.019109,55,84492.685412
381.282294,52,84498.605852
238.955202,44,84503.575489
227.825156,42,84508.552312
52.26868,36,84512.424677
238.159141,45,84517.334646
44.227444,30,84520.474092
178.326887,36,84525.805446
278.8064,46,84530.841157
48.925377,33,84534.8845
402.357018,54,84540.728811
96.915057,33,84545.893305
685.424788,63,84553.368825
442.06334,55,84559.967555
289.381359,46,84565.53442
2112.948159,94,84577.083595
125.926214,32,84581.071461
237.891902,41,84586.182414
88.034718,35,84589.743515
624.339618,61,84597.053317
288.195921,46,84601.925136
202.109215,43,84606.584891
508.511159,56,84613.040491
245.942104,45,84618.87394
913.313655,65,84626.489878
199.326807,44,84631.041639
220.746004,42,84635.60715
267.871403,44,84640.629895
223.729046,43,84645.495275
344.083577,50,84651.109798
264.610618,43,84656.048093
282.606899,43,84661.481062
281.887833,42,84666.51115
678.344279,58,84673.199176
112.553414,30,84676.889881
422.003886,55,84683.978946
701.518009,62,84690.823464
117.952876,34,84694.65552
85.119157,34,84698.509043
368.01956,50,84704.519875
459.429462,52,84710.493119
142.48309,39,84714.561313
677.655604,60,84721.280825
92.912505,35,84725.661564
263.732723,42,84730.571122
383.132211,53,84736.368459
945.079403,67,84743.758062
630.574641,58,84750.576823
609.804254,58,84756.773167
367.251183,53,84762.50516
383.024756,51,84768.361286
241.588701,43,84773.269969
703.098566,62,84780.167425
690.884875,61,84786.70317
89.94116,36,84790.773237
215.26509,40,84795.531545
102.255998,36,84799.810446
350.717304,48,84804.869974
41.457202,35,84808.977246
335.186051,52,84814.823052
806.966506,65,84821.797429
178.161459,39,84826.274867
372.750883,53,84831.898389
53.727307,37,84836.033486
621.739543,57,84842.509758
302.880846,47,84847.588278
269.730613,46,84852.462621
258.767773,44,84857.595948
386.633975,50,84863.378863
624.32681,58,84869.852308
85.136521,33,84873.409765
678.900119,63,84880.814214
48.227031,35,84884.713599
63.46349,33,84888.39622
873.855523,67,84895.483046
-64.769853,18,84897.880674
125.867797,36,84902.086542
528.421961,57,84908.260045
289.906371,49,84913.796114
195.043697,45,84919.048108
390.783297,55,84924.98193
4.358119,33,84928.341867
320.877041,48,84933.896608
41.102325,36,84937.81894
240.236808,43,84942.734872
2.255598,33,84945.997535
241.718105,45,84951.736202
598.438078,59,84959.570954
943.015475,69,84967.104474
800.759811,65,84974.563402
186.220518,42,84979.216201
140.379772,39,84984.074111
143.261451,40,84988.314949
-7.509776,26,84991.755406
94.639741,35,84995.405441
109.361024,38,84999.814624
244.823458,46,85004.711353
968.07118,72,85012.754286
892.15971,70,85019.766118
284.378886,45,85025.22943
157.238995,42,85029.622759
44.631172,29,85032.984097
135.610458,40,85037.415391
431.377341,53,85043.975865
1021.926126,72,85051.861895
47.758425,35,85055.633128
101.088765,37,85059.553368
235.332632,42,85064.878675
373.703481,47,85069.93388
613.230806,59,85077.537057
33.287645,34,85081.760714
342.007972,52,85087.854162
273.236392,45,85092.847775
235.694917,42,85097.396255
337.032994,50,85103.102692
226.738274,41,85108.039647
101.048635,38,85112.103174
387.565423,52,85117.504271
503.068457,56,85123.653323
200.900865,43,85128.796115
131.851097,34,85132.516391
293.304528,48,85137.61815
952.073165,69,85147.399461
41.350594,35,85152.195353
133.561453,35,85161.397636
1001.905853,71,85175.356388
511.860578,54,85184.567491
782.535574,66,85192.167902
226.234953,43,85196.902057
234.692988,44,85201.607869
363.837807,50,85207.412585
496.02652,56,85213.916296
6.484755,32,85217.64178
44.848847,33,85221.722795
131.871314,38,85225.992631
184.054464,37,85230.581109
355.963408,51,85236.278995
510.768038,57,85241.923766
448.284736,52,85248.234747
-51.872202,26,85251.486242
174.827549,42,85256.228798
398.446831,52,85261.931822
232.020443,42,85266.821619
347.287368,48,85272.345212
141.927567,37,85276.970754
52.9081,37,85281.161464
141.256176,39,85285.597252
381.006528,53,85291.793042
982.291906,68,85299.587125
336.473282,45,85304.659479
150.422998,41,85309.24354
138.411194,37,85313.795919
804.770302,69,85321.178184
596.621964,57,85327.614558
153.116628,41,85331.899982
224.629593,40,85336.835628
181.084739,40,85341.798441
176.557415,40,85346.220561
418.748484,50,85351.845974
335.156893,48,85357.553242
615.316428,60,85364.519464
615.128766,59,85371.252216
352.874839,46,85377.380497
288.284924,48,85383.166093
419.388719,55,85389.373601
-4.14337,30,85392.590158
518.541527,56,85399.361903
1000.788899,70,85407.822028
235.383832,44,85412.615474
689.983245,59,85419.205466
53.809165,34,85423.129143
331.217513,49,85430.267769
611.049237,56,85436.793742
350.705944,49,85444.439697
604.537626,61,85451.261219
146.404987,37,85455.682838
194.398842,42,85461.061223
369.512582,52,85466.52185
146.609802,39,85470.873349
238.047869,42,85476.250584
610.425197,60,85483.077127
58.094817,35,85486.901983
776.86135,64,85494.225218
183.021374,40,85499.130702
177.644633,41,85503.367407
134.458441,37,85507.445749
-54.943224,29,85510.691578
146.060937,40,85515.231416
-41.701487,28,85518.301853
377.43337,53,85524.755624
284.566861,46,85531.027704
973.786811,71,85541.699822
335.859371,51,85547.882214
942.51368,65,85557.105291
262.529147,44,85562.170842
610.308149,58,85568.884502
191.001204,42,85573.62742
340.618632,50,85580.249594
45.695794,34,85584.648307
423.786395,56,85591.589945
767.402491,64,85599.027518
1229.802961,77,85609.287336
238.568539,43,85614.484306
427.295906,55,85621.000792
320.68879,45,85626.282578
-1.836416,31,85629.672681
46.479541,36,85634.174732
519.581123,59,85641.873974
477.647024,57,85648.63205
504.97002,56,85655.290298
332.661473,50,85660.840221
52.25792,33,85664.780809
915.275586,67,85672.205253
98.802898,37,85676.880128
144.081221,40,85681.717885
278.454608,46,85687.542076
56.346759,33,85691.745234
1967.020977,90,85704.246274
391.613734,54,85710.756632
130.599324,39,85716.026272
687.456158,64,85723.627138
145.802932,35,85727.68004
134.524277,36,85731.883501
94.873233,36,85736.37068
145.419712,40,85740.524155
239.787087,45,85745.432188
289.967807,47,85750.622152
141.542659,39,85755.478871
348.636157,44,85760.785186
154.110129,38,85765.16783
1788.41652,92,85775.700105
190.99965,41,85780.544011
96.610578,37,85784.985316
99.167063,34,85789.213781
751.409751,57,85796.284563
443.339102,55,85802.888621
81.544239,33,85806.879488
329.953614,50,85812.832475
98.946331,34,85817.080705
966.024081,69,85825.803984
241.201188,44,85830.342103
566.839888,54,85836.160292
311.468276,46,85841.069776
227.287123,42,85846.563004
142.055892,38,85851.617841
491.824728,55,85859.370759
151.377773,38,85863.902831
316.012992,48,85869.786716
193.312095,41,85875.009917
90.659923,37,85879.510011
-62.045573,26,85882.582279
105.161729,37,85887.511086
592.83561,60,85894.845824
230.362115,43,85899.742383
392.051638,55,85905.850175
403.608747,54,85911.776497
688.469063,62,85919.026608
318.37983,48,85924.077195
522.468034,57,85930.603639
350.830415,47,85937.452941
324.163785,49,85943.348371
142.838439,39,85947.709423
293.812314,48,85953.015003
182.055204,37,85957.938796
228.835028,39,85962.892868
593.631125,59,85969.98229
92.726465,33,85974.077411
514.413563,55,85981.196316
95.92189,36,85985.255106
381.407499,49,85990.933274
-8.868133,27,85993.807446
377.977209,53,86000.743758
101.515986,35,86004.625093
288.851413,48,86011.024931
176.312548,38,86018.034149
244.109366,44,86023.922339
504.704,58,86031.417393
460.798887,54,86039.056584
1022.852845,70,86047.646189
232.454237,46,86053.292664
-23.793425,24,86056.394893
449.504372,55,86063.351344
298.482686,48,86069.778803
-12.147887,31,86073.730864
135.224744,39,86078.105007
328.825705,52,86086.854165
290.835817,49,86092.926746
231.477407,45,86098.70632
530.647576,58,86105.869003
513.409658,59,86113.13071
700.926069,63,86121.545585
1424.923474,83,86132.54625
767.823343,62,86139.795455
683.282119,64,86147.434579
697.730524,61,86155.327113
186.434537,41,86161.648379
338.382491,48,86167.185265
146.367022,39,86171.747187
291.156789,50,86177.353556
699.288372,64,86185.569921
1790.01174,90,86197.90394
901.67603,66,86205.395357
388.226841,52,86211.565083
131.361684,37,86216.161367
190.953915,41,86221.284195
430.366934,57,86227.365746
348.231552,48,86232.995627
444.490208,54,86241.423223
860.414501,64,86249.165496
431.531607,56,86256.044642
394.82797,49,86262.155746
241.854199,46,86268.345246
87.952354,31,86272.433681
596.946966,59,86280.55969
331.644157,46,86286.275758
378.36851,53,86292.582051
299.312317,50,86298.329803
310.329221,45,86303.813172
391.989974,54,86309.964641
326.886318,49,86315.583501
453.670688,56,86321.916692
47.734731,32,86325.672081
241.261823,44,86330.579323
167.650933,36,86335.181322
516.356689,55,86341.65482
804.468026,69,86350.552993
712.619507,63,86358.787699
144.605671,38,86363.986119
242.513027,44,86369.283706
105.755314,38,86375.381287
136.513544,35,86379.512189
100.06321,36,86384.066744
770.964902,62,86391.583332
85.200734,31,86395.544143
343.7239,48,86401.482309
516.730688,55,86408.514034
278.20226,36,86416.007102
252.156231,43,86422.757732
685.124019,64,86430.2561
290.421561,47,86436.454796
601.61927,59,86443.40988
139.519577,36,86447.94555
83.525763,35,86452.064694
309.383377,42,86457.719207
440.553108,58,86464.915934
244.898043,44,86470.261108
704.971687,62,86478.459419
321.596012,44,86485.156718
342.885663,49,86491.16841
162.899842,40,86496.236187
431.312147,55,86502.714834
194.925178,41,86508.374074
267.194559,41,86513.903928
233.275994,41,86521.25763
297.322953,45,86531.622174
615.889677,58,86539.691369
418.686502,52,86545.996917
305.60311,48,86551.972866
323.595812,48,86557.374697
876.095802,68,86567.133404
620.996654,62,86574.846735
284.754134,47,86581.092797
620.210267,59,86588.543946
148.810824,36,86593.869376
202.635782,42,86598.923146
233.75887,44,86604.946544
513.356894,54,86612.125053
531.845893,57,86619.90997
127.438901,37,86625.351127
137.62091,37,86629.954567
196.063219,42,86635.337201
372.456833,53,86642.224525
40.195121,30,86646.258794
151.674297,41,86651.421496
306.269221,45,86657.765536
284.488819,46,86665.886849
201.632551,44,86672.203954
183.148763,43,86678.006587
383.584255,54,86685.877037
680.639581,62,86695.523938
356.333389,46,86701.887534
227.816767,41,86707.852495
291.929276,48,86714.802699
974.863615,70,86725.067018
134.326665,35,86729.607191
421.75598,49,86736.236372
369.498806,53,86742.822176
190.863229,36,86748.630412
241.936649,43,86755.431927
1063.730836,69,86765.478364
599.260569,61,86773.441026
828.618254,65,86782.328178
200.716751,42,86788.073465
14.713005,32,86791.978562
1317.452224,78,86801.414292
59.671934,38,86807.038352
267.277134,44,86813.083546
445.885795,55,86819.865478
492.685145,57,86826.4332
371.420623,47,86832.511258
189.822888,42,86837.69969
880.929989,68,86846.178184
1965.023702,90,86858.712303
287.533706,49,86864.530403
185.018141,38,86869.374878
191.397232,42,86874.910763
525.150356,56,86881.980934
230.794468,45,86888.09606
230.897297,43,86892.735784
914.449603,69,86901.239362
861.184378,64,86908.958675
146.644135,39,86913.972749
438.940302,53,86920.29229
190.328628,38,86924.768251
514.884584,53,86930.879808
491.007531,52,86937.548235
583.922785,57,86943.866338
1075.59833,75,86952.046244
-40.310731,23,86954.633152
200.961972,44,86960.195354
596.788058,59,86966.936075
264.044806,43,86971.815966
694.092972,58,86978.573059
305.01583,42,86984.3455
-40.150461,28,86987.490158
-0.592992,32,86991.002205
0.15603,31,86994.593206
139.920959,36,86999.189129
138.543371,36,87004.208903
427.025465,53,87010.699538
10.18829,33,87014.27216
289.320421,46,87021.80111
134.716722,41,87026.855714
302.533791,44,87032.194914
325.450205,41,87037.410902
42.828235,33,87042.00803
362.934846,49,87048.331927
534.369445,56,87056.222903
190.580169,42,87061.292245
133.093829,36,87067.052544
37.408491,27,87071.124478
89.740589,37,87076.615055
338.115333,46,87083.259264
1398.876815,77,87093.451183
190.669898,37,87097.973701
237.72127,42,87103.030073
767.612831,62,87110.471407
727.836845,63,87118.516725
238.642716,42,87123.831203
1835.550881,83,87133.852645
288.249097,49,87140.106837
605.885375,52,87147.844515
279.515205,46,87153.913426
414.206951,48,87159.938996
858.821661,67,87168.528275
142.306866,36,87173.977884
609.306176,59,87182.186767
416.168075,54,87188.352082
415.014492,51,87194.976519
93.405555,32,87199.472391
226.464683,40,87205.292723
595.355444,55,87212.474215
639.880181,59,87219.2333
190.654835,42,87225.213019
244.447202,46,87230.144182
195.430098,40,87235.02167
193.688225,41,87239.593892
102.089656,36,87244.073375
404.191452,52,87249.656991
441.404151,53,87255.932197
190.822121,41,87261.227376
377.184915,49,87267.456181
50.877091,32,87270.905255
333.021393,50,87276.839602
414.173543,54,87283.496739
238.576261,45,87288.848425
824.511616,60,87295.898935
278.572619,44,87301.044398
267.892105,45,87306.977491
477.345557,58,87313.83016
143.966321,40,87318.292333
590.592948,59,87325.514788
205.387719,43,87330.189066
382.292785,49,87337.941676
1162.901941,67,87347.189992
861.802203,65,87356.053783
341.776623,51,87362.073315
94.779679,38,87367.603659
126.82132,36,87372.809907
181.029725,41,87378.1299
407.744072,53,87385.315791
266.533658,42,87391.783395
511.664848,60,87399.110203
136.221486,37,87404.964388
769.893649,61,87414.155288
300.142599,47,87420.985456
322.354315,48,87427.274941
240.624883,45,87433.185812
183.390139,41,87439.116179
138.697401,35,87444.050184
193.155042,32,87448.827423
-75.009961,21,87451.097385
240.579274,45,87456.348066
56.254327,33,87460.470531
214.545823,41,87465.503225
874.562383,64,87473.093198
65.698034,34,87476.986451
150.486448,40,87482.223302
427.677532,52,87489.171527
235.023918,43,87494.087744
153.174773,39,87500.447547
328.650577,48,87505.000382
256.834881,43,87508.839404
43.231785,27,87511.400998
252.378198,43,87515.438127
248.157681,46,87519.845934
51.447618,35,87523.540063
277.801292,46,87528.300884
364.535823,52,87532.674963
326.49642,51,87537.338624
687.552128,61,87542.950516
364.599212,53,87547.40979
357.006846,49,87551.817311
776.532506,56,87557.615719
608.306854,60,87563.224566
343.248111,49,87567.726891
785.102099,62,87574.086762
250.441637,48,87578.340023
693.327179,64,87584.151955
354.050759,49,87588.474432
240.223962,45,87592.336642
199.488342,41,87596.38696
279.130462,46,87600.495956
228.506366,46,87604.337371
873.822179,69,87610.401841
413.513042,51,87623.994045
327.421291,45,87629.291675
672.5456,63,87637.114541
90.092628,37,87641.740711
598.361899,57,87650.337559
46.790739,33,87654.161731
184.185627,41,87658.717452
153.928496,38,87662.341511
191.897118,40,87666.601844
353.911608,49,87671.157761
353.750142,48,87675.86372
1547.564448,75,87683.249564
366.224115,50,87688.40151
779.593265,65,87694.417296
55.661551,30,87697.359765
388.903219,53,87703.006748
104.677021,39,87708.143288
784.764153,62,87716.285107
267.595755,42,87721.903012
169.844342,37,87726.538934
171.986128,38,87731.412395
406.312573,53,87737.168797
284.933812,48,87743.132341
66.05925,29,87746.754168
59.3611,35,87751.111449
1006.148666,70,87759.36849
184.898787,39,87764.05074
270.211285,44,87769.355081
854.615626,67,87777.694373
1446.118809,79,87787.2109
326.937114,48,87792.791662
537.384995,54,87799.732384
243.908655,45,87805.435231
702.546208,64,87812.727614
287.139785,48,87818.525192
1390.405948,79,87828.565682
1070.008552,73,87837.882288
383.433179,49,87843.653541
188.173089,38,87848.270204
231.13638,44,87853.512566
440.108986,55,87860.800136
41.825851,31,87863.960944
182.207485,40,87867.696264
334.827404,49,87872.546217
236.453842,44,87877.651514
533.764267,57,87883.684384
402.100637,50,87888.33491
241.277109,45,87892.849114
595.785892,58,87898.415169
514.431513,60,87903.553161
149.015544,40,87906.894343
992.85835,68,87913.366804
185.885669,41,87917.356514
108.301292,38,87920.766898
390.720842,53,87925.529242
240.99057,43,87929.487569
105.979495,38,87933.267855
210.681069,39,87936.997899
319.073252,49,87941.133948
502.971414,59,87946.565469
281.291722,46,87951.171286
191.577801,41,87954.938386
762.675571,64,87960.858225
683.095938,62,87966.306564
160.266301,39,87970.068873
510.216465,57,87975.118464
233.029423,43,87978.902245
240.005506,45,87983.088042
150.559645,40,87986.837997
396.681268,51,87991.587871
509.37448,57,87996.75978
-3.912731,28,87999.242268
790.300636,63,88006.585276
42.833033,35,88010.193305
113.905705,38,88014.656028
433.18387,58,88020.807371
235.770735,44,88026.936791
242.056072,43,88032.49138
150.513775,38,88037.064017
950.88824,68,88044.652744
675.421157,63,88051.20985
140.6968,40,88055.47248
429.629002,55,88061.835975
-17.806492,27,88065.015878
155.681347,39,88069.681977
96.42876,37,88073.746581
294.581924,49,88079.19599
595.255344,58,88087.542534
408.494178,50,88097.555637
286.264793,44,88104.290506
358.083941,47,88109.41935
325.041442,49,88114.573863
602.619093,57,88121.228168
382.00906,53,88127.184703
365.123114,50,88132.462879
284.083944,47,88137.513753
-33.045682,31,88140.867249
149.703069,36,88144.59745
44.576849,31,88147.848269
605.588876,61,88154.341103
193.049507,42,88159.170848
227.800056,45,88164.080484
-12.816795,23,88166.586607
498.418192,56,88172.211988
856.323452,66,88179.291981
605.381605,57,88185.367995
95.812597,30,88188.572124
89.14868,34,88192.342415
367.816054,52,88197.803365
374.050518,52,88203.58626
762.664019,58,88210.120212
421.013963,52,88215.371619
233.267946,44,88220.428754
244.854953,46,88225.206179
151.28649,42,88229.380742
363.547699,48,88235.196341
107.820814,39,88239.83672
846.966123,66,88247.131068
946.079102,65,88254.201007
414.573392,54,88259.681932
230.348078,42,88264.238962
335.157709,47,88269.649894
1102.446257,69,88276.626196
228.1904,45,88281.370269
99.062601,38,88285.541293
208.875152,43,88289.945349
694.639487,63,88296.806812
91.7361,35,88300.419114
331.193247,42,88305.781891
108.095732,31,88309.172474
342.624649,46,88314.103476
181.899419,40,88318.086403
299.967709,46,88323.259315
126.664574,37,88327.046814
217.870199,37,88331.058135
315.133876,46,88335.755434
99.101071,38,88339.994941
45.38483,32,88343.313597
634.820681,58,88349.24217
1173.695231,75,88356.745484
448.255426,57,88362.915852
200.209964,41,88367.255473
678.739161,59,88373.565213
285.378422,46,88378.378226
516.428404,59,88384.782446
326.955897,47,88389.563703
153.553856,40,88393.651492
47.92475,33,88396.976765
45.125656,32,88400.767959
199.593067,38,88405.391944
412.404142,53,88411.079006
324.104109,45,88415.845589
371.168098,49,88421.263208
1678.772204,85,88430.33087
448.03043,57,88436.160405
252.523647,37,88440.150239
184.747641,38,88444.484124
94.62389,34,88448.171488
1598.873622,84,88456.795221
183.984862,40,88461.190422
331.765679,43,88466.35588
189.300376,38,88470.284666
95.34608,33,88473.773162
278.367563,41,88478.180216
278.361022,47,88483.403135
434.411666,56,88489.202039
298.394838,42,88493.758466
250.979389,47,88498.493018
137.323238,39,88502.908566
523.285938,57,88508.56365
330.695389,51,88513.653724
676.746682,61,88520.091843
771.232069,64,88527.437301
283.735915,47,88532.208562
285.68559,48,88537.106261
2961.039253,108,88548.862613
492.580147,55,88554.869967
-8.350883,22,88557.259728
334.734865,46,88562.552011
286.756695,48,88567.491775
778.270267,65,88574.608636
350.521316,52,88580.25043
601.76502,60,88586.565412
295.243808,47,88591.277473
506.911573,55,88597.663322
199.728605,41,88601.909666
178.557723,39,88606.077922
233.905662,44,88610.745685
428.349497,56,88616.763124
62.346389,28,88620.18845
220.393512,41,88624.39138
153.803873,42,88628.567971
369.536535,50,88634.188693
79.092887,31,88637.470933
281.64036,45,88642.735431
597.56072,61,88649.059141
372.081462,51,88654.591106
395.978659,48,88659.795778
298.843919,49,88665.024446
-45.980569,29,88667.85932
325.246979,48,88673.232876
105.649645,39,88677.18166
4.610835,31,88680.156998
1047.585565,72,88687.253489
419.931988,52,88693.112654
97.471867,38,88696.97304
491.404526,54,88702.881243
758.138254,61,88709.462985
213.286881,43,88714.244112
140.107562,38,88718.330083
322.859143,54,88723.710415
77.355077,32,88727.393031
373.32215,51,88733.424703
243.155632,40,88737.890315
191.719221,44,88742.223972
1987.797144,89,88752.214592
164.317845,41,88756.432619
141.002218,38,88760.336186
602.29634,61,88767.022846
138.34798,36,88770.907972
1099.642894,72,88779.147515
-8.481969,26,88781.913404
330.051496,47,88787.106238
58.699868,36,88791.481
447.27078,52,88798.692787
96.958333,36,88802.943775
1091.185725,72,88811.86484
321.58863,42,88816.524784
196.122901,43,88821.759653
1553.346575,85,88831.474074
396.082461,50,88837.007802
185.683667,41,88841.405904
708.185565,62,88848.874422
938.607272,70,88856.571007
358.805076,49,88861.863137
313.274051,50,88867.049134
318.061781,46,88872.642979
379.033062,49,88878.328266
147.925833,41,88882.867935
184.034479,39,88887.06354
226.221503,43,88892.857382
1284.150306,77,88901.652667
256.007103,41,88906.420967
275.596495,45,88911.332643
150.334826,37,88915.246735
114.180673,39,88918.92938
233.839077,39,88922.902927
182.286293,41,88926.863307
531.515813,56,88932.671204
100.796234,37,88936.304597
37.142187,34,88939.584674
782.858249,64,88946.557937
239.221425,45,88951.411812
183.067231,40,88955.460646
311.152618,44,88959.933455
331.203215,47,88964.765151
101.886522,36,88968.656829
143.836678,39,88972.48862
351.441614,49,88977.376977
90.981219,31,88980.560061
459.145699,54,88986.346574
374.461604,50,88991.547445
107.560018,38,88995.362884
355.510237,47,89000.609675
194.627372,41,89004.971239
534.033447,59,89010.704182
371.845195,52,89015.750282
526.095846,56,89021.558791
54.118954,35,89025.875729
291.863533,48,89030.991684
425.891888,54,89037.205246
322.116624,45,89042.534994
391.215769,53,89048.635895
596.941733,60,89054.676229
375.414842,53,89060.546199
943.023203,65,89068.904517
153.263143,37,89073.167259
1024.409911,72,89080.718085
962.573045,68,89087.802319
291.039569,48,89092.654832
394.227807,52,89099.497215
98.764043,35,89103.333342
186.828193,42,89107.626047
228.938202,42,89112.361877
872.34757,66,89120.042005
104.562759,38,89124.049288
613.263434,62,89130.381978
51.697402,33,89133.79503
234.040844,45,89138.816669
199.597228,43,89143.197607
523.860391,52,89149.389786
288.990517,46,89153.820252
423.669829,47,89158.283449
-6.132039,31,89160.889787
265.757257,45,89164.82508
301.486023,45,89169.176897
389.054226,54,89174.378687
186.426578,38,89177.927729
53.527812,36,89181.333597
-80.719991,28,89183.808861
330.924904,50,89188.513967
427.90863,55,89193.547804
324.751124,48,89197.845908
438.718294,54,89202.894563
410.562446,51,89208.083321
287.90167,46,89212.588687
89.517856,36,89215.940516
343.725307,52,89220.713613
278.994372,46,89224.985142
698.425056,60,89230.242882
693.195663,65,89236.20487
337.65522,51,89241.32595
424.20433,52,89246.703754
146.146702,37,89250.027728
536.817997,54,89254.674543
89.419895,35,89257.789877
356.357763,50,89262.541401
373.351042,52,89267.067695
247.819885,47,89271.061614
141.754157,36,89274.240145
572.807206,51,89279.046616
139.185034,40,89282.393614
502.473309,57,89287.294829
954.684351,70,89293.804032
455.339396,59,89299.246611
627.369126,58,89304.548404
401.782182,52,89309.221041
236.534071,42,89313.038735
634.779942,57,89318.619956
110.745081,40,89321.966267
286.642169,45,89326.122349
634.359479,61,89331.561413
422.962635,56,89336.825443
290.29527,39,89340.404621
299.4922,47,89344.330635
304.383371,44,89348.319237
93.445812,37,89351.823395
143.934155,40,89355.268644
1196.649299,77,89362.243929
277.132635,45,89366.214455
33.549158,29,89369.230996
317.42296,45,89373.265286
247.8553,46,89377.302168
356.307661,47,89381.586487
434.029847,50,89386.752032
100.42036,34,89389.739043
1691.285932,88,89397.20544
950.14941,71,89403.49374
141.979854,39,89407.213798
689.045226,64,89412.743458
215.760888,41,89416.333781
309.282375,49,89420.639463
421.652671,52,89425.541493
184.705647,42,89429.229256
98.625203,37,89432.39413
143.507397,39,89435.729403
295.449063,50,89440.321974
385.603946,52,89445.076297
265.248132,46,89449.065915
417.355764,53,89453.958511
335.929378,51,89458.648346
238.833105,44,89462.472362
272.660828,49,89466.580226
575.853041,55,89471.587127
2.666926,30,89474.929486
203.607425,45,89478.781444
185.037511,40,89482.560914
32.244439,27,89485.046524
452.863243,55,89490.126168
195.05089,42,89493.903196
273.780683,45,89497.886413
40.778184,27,89500.340442
318.717113,49,89505.15493
292.815244,42,89508.891032
429.281413,50,89513.315192
108.25853,37,89516.476715
1118.51147,75,89523.45279
239.580759,43,89527.21476
515.852469,58,89532.147269
764.89605,64,89537.863114
333.293647,46,89542.857311
429.240999,56,89547.952341
134.912244,35,89551.129665
41.855086,34,89554.028347
858.961421,70,89560.50692
110.494286,38,89563.957956
532.382789,56,89569.158956
341.904542,44,89573.097528
1050.644042,72,89579.619491
150.500189,42,89583.175741
507.799767,58,89588.104452
281.6853,49,89592.177601
28.033354,29,89595.221419
672.97209,56,89600.717586
240.200118,45,89604.861025
423.367926,53,89609.59513
219.0798,42,89613.87423
49.084574,30,89616.567496
817.070251,63,89622.184909
884.172052,64,89628.389018
45.50723,31,89631.426369
235.437319,42,89635.178522
252.609068,46,89639.055094
532.383719,57,89643.926956
137.080954,36,89647.352519
274.689009,42,89651.192631
107.070356,39,89654.60409
427.189305,54,89659.58852
522.596299,57,89665.278968
235.543148,41,89668.961293
762.537337,62,89674.576971
41.108598,32,89677.300027
430.46122,54,89682.953176
1251.57077,76,89689.947353
98.274776,36,89693.08873
188.652733,42,89696.730648
23.135012,29,89699.604317
318.764369,48,89703.793404
284.530406,47,89707.970281
1036.651349,72,89714.507677
498.446267,57,89719.960728
346.263238,48,89724.229254
222.889497,37,89727.641785
295.532568,47,89731.592836
511.329741,57,89736.899712
366.892249,47,89741.215978
622.950143,57,89746.3546
12.60613,32,89749.320076
686.379626,63,89755.062855
193.151624,42,89758.685459
422.426676,51,89763.409159
331.235608,48,89767.613976
317.351123,49,89772.219429
279.164819,46,89776.188888
313.885261,47,89780.525044
283.223025,45,89784.557479
379.375309,45,89789.109403
508.630162,56,89794.137707
148.566315,40,89797.595867
1021.574037,74,89804.003673
228.051827,41,89807.937634
864.402953,67,89813.81894
1228.799198,76,89820.147941
-18.900068,29,89822.652425
367.578433,52,89827.603436
318.86335,48,89831.722706
175.2774,38,89835.062777
-56.193029,24,89837.188986
239.657366,42,89841.47635
236.335902,43,89845.334184
1117.521664,77,89852.404608
420.972509,52,89857.021311
373.13055,51,89861.757086
364.492231,51,89866.392172
165.833095,39,89869.656124
150.284795,41,89873.213574
1284.524398,80,89880.559915
1952.222109,93,89889.384996
129.852631,37,89892.514858
509.780804,54,89897.335682
372.266322,53,89902.508553
60.252637,35,89905.556667
663.580956,63,89910.946825
614.514662,56,89916.182837
1062.365484,72,89922.888903
693.454522,60,89928.286753
294.683677,44,89932.114431
368.086357,48,89936.480858
282.025618,46,89940.911762
244.212059,45,89944.761955
445.10355,56,89949.807247
129.172973,35,89952.895085
193.399871,38,89956.830937
359.051068,51,89961.838145
51.14019,36,89964.931646
185.807489,39,89968.430757
393.414598,50,89973.08538
192.179616,41,89976.731749
405.306841,53,89981.380242
178.352592,37,89984.735857
283.928822,43,89988.985808
-12.592688,21,89990.973849
130.650523,37,89994.165327
48.09587,32,89997.002755
-45.003869,27,89999.587912
49.912612,35,90002.544419
918.243307,70,90008.582387
3.483025,31,90011.265685
277.857223,44,90015.671809
159.715779,39,90019.035261
237.786201,47,90023.135298
767.904376,64,90028.772129
1304.197925,76,90035.932745
197.18561,39,90039.254366
374.624339,51,90043.780867
1642.742946,82,90051.354498
282.92645,42,90055.322519
239.881175,47,90059.311668
331.427848,50,90063.605987
423.529028,55,90068.522051
284.408985,47,90072.902993
237.605997,45,90076.833822
133.423274,31,90079.914985
172.612615,36,90083.345493
135.001574,35,90087.308655
238.823,44,90091.248056
-86.139389,17,90093.401052
223.048278,43,90097.237764
496.382695,53,90102.81411
283.747559,47,90107.083667
424.358372,53,90111.765898
420.424088,55,90116.541342
424.724381,53,90121.792001
418.672061,50,90126.308123
378.546925,51,90131.054726
1158.81854,75,90137.65528
179.163509,38,90141.503743
896.707971,64,90147.492451
88.643098,35,90150.590509
595.26976,60,90155.785244
185.452439,40,90159.684468
16.590749,32,90162.435839
367.69045,53,90167.287704
92.837892,36,90170.3932
518.381903,56,90175.63833
1150.023196,79,90182.533537
794.363057,60,90188.164869
236.32267,45,90192.171515
153.810378,39,90196.043325
150.388653,41,90199.570241
356.066533,47,90203.930579
-51.493888,22,90205.933472
1153.872319,75,90213.109173
1399.128248,83,90220.2331
92.098654,34,90223.305422
52.732789,34,90226.297364
602.88513,61,90232.009058
236.659131,45,90235.851966
145.753386,37,90239.186007
621.297818,57,90244.263655
938.597445,68,90250.519418
1261.240352,72,90257.322221
286.225194,45,90261.669365
779.358835,66,90267.509075
52.376769,31,90270.549876
673.400556,63,90275.950615
620.221214,59,90280.995255
579.236357,57,90286.026388
235.308475,45,90290.281155
192.292835,43,90294.020163
159.586504,41,90297.694848
438.934507,57,90302.602678
392.937419,52,90307.299619
324.398868,49,90312.187158
678.525595,57,90317.355626
289.17351,47,90321.622687
314.967273,49,90326.180812
188.665078,41,90329.836188
132.213339,37,90333.072257
53.80305,33,90335.92454
183.716847,41,90339.876999
193.037793,43,90343.70378
230.39695,39,90347.330319
591.30685,56,90352.628112
269.260085,47,90357.129652
609.068398,55,90361.837099
32.540268,29,90364.368335
434.121619,55,90369.307751
316.444873,44,90373.955086
147.321078,39,90377.3696
877.581749,66,90383.40407
270.644276,45,90387.325992
192.915584,42,90391.249246
380.64978,48,90395.605091
96.976163,36,90398.749439
156.242413,37,90402.151627
684.410042,66,90408.140471
1108.900536,74,90414.913001
616.319329,55,90419.932081
378.326183,47,90424.224534
501.860031,56,90429.918044
141.898392,39,90433.379085
146.996319,38,90436.70963
256.555041,42,90440.675993
235.314377,39,90444.857008
1204.325018,78,90452.333669
98.70989,37,90455.918791
79.485435,32,90458.944347
379.930089,53,90464.062952
416.40706,54,90468.834409
509.053385,55,90473.801745
82.172894,32,90476.695205
49.703844,32,90480.206784
142.707535,38,90483.533604
1256.278205,74,90490.299121
861.155595,65,90496.400029
195.537371,42,90500.647617
200.188372,45,90504.468245
436.396844,51,90509.169919
-35.569076,24,90511.310248
514.214645,56,90516.690817
281.04944,45,90520.785779
1914.820073,91,90529.145412
284.479531,45,90533.159198
329.236811,52,90538.023298
104.715954,38,90541.37104
918.592166,66,90547.335207
49.12287,31,90550.240445
688.71624,64,90556.518833
338.970676,52,90561.110896
139.292628,38,90564.600754
1122.012227,75,90571.231841
511.143784,58,90576.681852
147.843993,30,90579.436475
351.467252,48,90583.83145
1396.585425,79,90591.342362
425.452261,51,90596.239392
143.072003,39,90599.562694
46.997498,32,90602.316286
684.839818,57,90607.547857
198.315782,43,90611.568289
538.150445,56,90616.510044
278.535307,42,90620.292064
191.713914,44,90624.287141
508.224493,54,90629.44811
519.382975,56,90634.477712
293.166465,44,90638.300653
510.468256,56,90643.329908
501.533597,55,90648.97792
225.798024,39,90652.648948
557.70932,59,90657.859437
1029.675665,73,90664.861913
911.386874,68,90671.574921
-66.741777,22,90673.633006
279.843421,43,90677.534903
524.228826,60,90683.663528
195.001258,42,90687.94283
214.056427,45,90691.629375
516.729249,59,90696.639952
273.793793,44,90700.572515
136.914539,36,90704.122273
207.747021,42,90707.759699
616.62776,61,90713.139873
529.718995,58,90718.092768
845.825734,63,90724.114653
295.270723,47,90728.194721
284.955595,45,90732.167614
345.34722,44,90736.217047
779.727081,59,90742.403343
139.132062,33,90745.507955
273.253207,47,90749.543671
47.476812,33,90752.403971
253.213122,46,90756.693
871.60873,68,90762.679217
512.515376,60,90767.881297
513.913664,56,90772.677157
623.133525,58,90778.000214
318.991252,46,90782.049663
283.315458,47,90786.122653
295.919205,48,90790.312513
104.338815,38,90793.991001
304.234409,51,90798.519065
335.356855,51,90803.230121
45.63262,34,90806.117731
531.451082,57,90811.366771
313.209923,45,90815.187962
124.276584,35,90818.196817
242.322144,44,90822.185248
509.806556,55,90827.527517
634.823418,62,90833.154846
533.853233,47,90837.274626
430.565332,55,90842.015976
380.665476,51,90846.988341
348.13878,48,90851.166401
279.386055,45,90855.168736
190.537612,42,90858.94106
337.192633,50,90863.962445
326.464616,47,90868.293525
279.529942,45,90872.417034
378.849893,52,90876.886404
3.027217,32,90879.759401
817.476107,60,90885.204139
280.043518,45,90889.185174
430.31502,55,90894.032732
374.926658,52,90899.51755
97.707477,37,90902.619483
1056.280538,71,90908.99919
10.146953,31,90911.713753
277.108779,44,90915.791449
334.712554,50,90920.454997
80.716452,33,90923.65213
1307.65066,82,90930.571884
190.593142,41,90934.617027
125.153274,37,90937.858187
22.304683,27,90940.288957
766.972978,63,90946.007638
250.391642,47,90950.690632
136.721809,38,90954.041013
133.99304,34,90957.186028
51.012688,34,90960.089024
326.863518,47,90964.487329
32.808159,29,90967.088199
139.093795,35,90970.279323
189.456642,40,90973.78135
186.552921,40,90977.640058
530.776922,60,90983.288111
146.429457,39,90986.686941
238.510144,46,90990.576596
236.263633,45,90994.706742
183.3246,40,90998.153003
1529.033178,86,91005.742313
854.699606,68,91011.919327
324.206723,48,91016.56071
335.337378,50,91021.0031
517.992149,54,91025.948195
536.137581,57,91031.07583
223.576764,43,91034.986614
369.443339,51,91039.447464
1851.864768,89,91047.700125
201.598731,40,91051.221783
5.200885,31,91054.174914
1074.561,74,91060.302994
291.483843,48,91064.655313
282.766501,43,91068.593318
395.204825,52,91073.701236
52.576584,35,91076.740595
392.113232,50,91081.120673
1054.030725,73,91087.829803
101.914968,35,91091.358009
586.082769,60,91097.026526
184.058601,42,91100.920871
94.13589,35,91104.082582
681.496103,59,91109.726348
293.517817,48,91113.910146
317.912266,46,91118.196903
243.724602,43,91122.172428
1110.593006,74,91129.906093
197.465489,43,91133.665945
331.142399,49,91138.047938
151.483151,33,91141.159403
204.144177,44,91145.144099
364.040758,51,91149.389117
189.707193,43,91153.086954
425.367113,54,91157.906723
375.109518,50,91163.027927
126.262472,33,91166.045619
772.421251,65,91171.995905
203.762646,43,91175.958982
195.081001,41,91179.973672
230.348282,41,91183.668022
315.637877,48,91188.008362
371.570121,50,91192.403861
230.676363,45,91196.698048
241.376572,44,91200.597085
789.911473,64,91206.295129
429.870512,52,91211.091125
607.915943,57,91216.380023
411.106554,54,91221.330175
504.312756,57,91226.400544
447.833582,57,91231.221778
377.857474,53,91235.903582
195.911447,43,91239.54779
402.659264,54,91244.314142
786.174031,67,91250.49198
83.196361,31,91253.964967
616.685669,60,91259.359739
-45.462424,25,91261.595172
99.682335,37,91265.293542
419.893512,54,91270.118434
187.425292,40,91273.631037
96.192081,39,91276.933975
97.775257,35,91280.199093
79.860429,33,91283.536864
134.706058,38,91286.864802
381.205766,53,91291.449263
437.508097,53,91296.209192
631.386853,61,91301.73371
1810.40395,89,91309.802118
229.522726,42,91313.469573
1368.410622,78,91320.473759
773.691252,65,91326.773231
115.276028,41,91330.190085
1127.657371,73,91337.058026
793.448681,66,91343.04793
413.459979,49,91348.185754
975.781137,69,91354.499901
-1.416046,31,91357.145503
164.782597,43,91360.659103
100.449511,37,91364.427017
517.871906,52,91369.344752
115.943041,36,91372.328001
368.342103,49,91376.764486
197.396771,41,91380.748794
352.276484,49,91385.198602
411.084802,49,91389.761552
577.893639,59,91394.808593
446.779652,53,91400.161953
286.389718,50,91404.587356
103.272457,37,91407.862303
374.893731,51,91412.317172
758.071454,58,91417.872631
94.462232,35,91420.869453
272.91128,46,91424.86492
331.506836,50,91429.292423
-35.194504,28,91431.914757
514.081747,58,91437.008731
541.986026,58,91442.091149
614.569867,63,91447.657781
1064.102576,72,91454.722647
524.741792,54,91459.50729
627.089039,57,91464.97205
520.955451,57,91469.955286
151.210748,42,91473.698559
378.057196,50,91478.048762
375.564631,50,91482.567103
331.598926,48,91486.963569
325.723727,47,91491.384966
312.267003,49,91495.549603
722.010894,58,91500.725338
1715.062542,88,91508.607969
233.68694,45,91513.288589
-9.2927,27,91515.639278
143.738479,37,91518.980592
100.644577,38,91522.550943
1843.456549,90,91530.960076
4.776509,31,91534.002244
442.959911,54,91538.586186
1966.535436,94,91546.939435
60.978733,36,91550.553018
618.122862,57,91555.575248
228.590447,43,91559.262071
142.164584,34,91562.424548
374.794584,52,91567.409069
278.659584,47,91571.485013
142.56945,37,91575.036821
4.532633,32,91577.842991
330.435038,50,91582.616437
145.326073,40,91585.973341
759.858339,63,91591.503801
160.367815,41,91595.169943
230.838272,45,91599.338486
331.06206,47,91603.676891
363.432054,49,91608.058887
593.795303,61,91613.601676
514.894188,59,91619.093969
194.197841,43,91622.751602
491.27907,57,91627.426082
685.55625,64,91632.9482
338.052522,52,91637.78409
108.81598,32,91640.727745
195.958202,44,91644.657672
672.53862,61,91649.95094
204.648013,41,91654.180709
236.800024,46,91658.192252
1197.013558,71,91664.816209
282.433203,46,91668.778906
54.591944,33,91672.070528
409.280731,52,91676.617895
402.865506,51,91680.929415
183.383878,36,91684.29416
762.338043,64,91690.336797
416.139751,54,91694.90913
183.841624,44,91698.635491
271.386654,44,91702.886438
783.043297,64,91708.921115
193.332371,41,91712.540992
518.034197,54,91717.248387
334.013584,46,91721.442485
193.279112,41,91725.509869
323.582443,48,91729.679686
872.643002,67,91736.073287
162.476004,37,91739.430442
1667.12906,86,91747.74718
374.704397,51,91752.724465
113.19333,35,91755.983378
190.523896,41,91759.754186
976.386841,70,91766.70233
532.699768,56,91771.818344
1628.282613,87,91779.443458
799.451472,62,91784.943786
436.112392,52,91789.892244
319.335981,48,91794.096987
49.727379,31,91796.823835
193.735892,45,91800.721019
141.477111,36,91804.188023
240.356792,45,91808.157141
422.747045,54,91812.76608
48.790296,31,91815.497465
615.098739,58,91821.190857
424.363987,53,91826.02287
231.139501,44,91829.779142
179.751309,39,91833.123547
55.215835,35,91836.497959
37.639537,34,91839.482832
64.056397,38,91842.656066
181.742522,38,91846.14517
89.235664,32,91849.651117
40.757714,30,91852.448133
581.158063,57,91857.629578
133.986789,37,91860.85887
237.455689,41,91864.848931
299.390401,49,91869.050482
326.689958,48,91873.25157
174.69742,37,91876.636045
171.050096,40,91880.786705
208.884503,43,91884.504694
599.010333,59,91889.695551
-6.26251,27,91892.034374
377.753304,53,91896.750509
256.037742,45,91900.57229
705.248719,62,91906.180852
380.671183,52,91911.370212
321.525639,47,91915.754639
137.34127,38,91919.04917
181.828408,36,91922.308338
149.450758,40,91925.785439
403.65715,52,91930.66122
91.915326,36,91934.683268
117.959489,37,91940.656003
188.361959,41,91946.849105
331.809412,49,91953.245843
268.330521,48,91960.956575
40.666356,32,91966.126516
250.529942,44,91971.789933
52.707165,34,91976.700726
506.286726,57,91985.285146
286.385689,47,91993.811515
241.538297,45,91999.972698
529.975163,57,92007.843916
861.984592,62,92015.417578
511.472353,59,92023.129646
49.299398,34,92027.172328
436.28427,53,92034.315998
285.718479,44,92039.622164
333.61975,50,92045.579335
949.278004,69,92053.773366
44.098567,30,92057.66072
184.849161,38,92063.111238
85.052628,34,92066.678218
190.581393,42,92071.401566
284.053977,50,92077.417886
319.080119,48,92085.237386
622.978898,59,92092.915657
332.409654,50,92098.467277
144.848674,36,92103.656537
155.450585,38,92108.071379
160.194133,41,92113.212057
339.899232,51,92119.496039
428.717116,55,92126.744127
244.308498,45,92132.531373
524.30214,56,92144.032607
207.421458,37,92149.951009
107.016917,37,92155.374905
967.318867,63,92166.542161
161.122114,37,92172.379641
329.211092,48,92178.312983
515.217628,55,92185.902653
955.772927,68,92195.440288
839.519361,66,92205.057858
922.481547,66,92213.183565
374.007226,53,92219.646568
146.023187,40,92224.507319
370.850054,44,92228.969249
613.428733,60,92235.851181
742.095088,63,92243.982587
315.84809,51,92250.365121
242.657433,45,92256.141198
232.076649,43,92261.427382
233.833566,42,92268.348261
1206.932233,77,92278.088737
587.353608,57,92284.933345
397.296948,54,92291.379237
-15.657076,27,92295.425385
378.831792,50,92303.504427
287.106433,47,92309.554316
333.004967,48,92315.864979
669.285169,59,92325.349192
780.65239,68,92336.908612
496.211847,57,92343.492074
593.47779,58,92353.994153
584.145042,59,92361.539249
281.670156,43,92367.013944
2151.713127,88,92378.693923
455.089224,57,92386.286931
185.798552,36,92393.615467
62.724539,36,92398.702563
373.192196,50,92404.724761
1584.405738,85,92415.297687
-4.551681,29,92419.681312
510.811058,57,92427.235346
340.365843,47,92433.896479
441.495901,56,92440.174535
195.231739,41,92445.31007
50.327288,34,92449.29584
-14.907204,27,92452.261081
135.45473,36,92456.354523
289.466879,49,92462.437647
926.610391,66,92470.663055
245.326249,44,92475.453552
381.708252,49,92481.681668
819.25254,67,92490.260344
718.24665,63,92497.856741
950.625972,62,92505.617014
287.695716,48,92511.307657
188.526302,39,92516.854243
98.360859,36,92521.102154
-30.334728,31,92524.530561
145.82773,39,92529.195146
603.054408,58,92536.48952
93.659005,36,92540.838372
-4.285917,26,92544.09268
290.436962,45,92550.054246
220.940093,40,92555.23823
103.373435,37,92559.729224
881.380646,68,92567.777643
437.273003,53,92574.290747
203.097196,41,92579.590023
250.246754,47,92584.828701
9.475545,32,92589.444912
326.995846,48,92595.92494
-73.26975,22,92601.961226
155.274894,42,92607.648848
285.363992,49,92614.337592
143.197139,37,92618.405358
-29.273708,23,92621.708224
455.980314,54,92629.944255
203.106203,38,92635.377348
1427.135675,77,92646.925708
702.854016,60,92656.660886
149.329779,36,92662.38459
943.276796,65,92671.821621
330.432804,49,92678.792738
189.092193,40,92685.138214
80.595789,35,92689.576509
351.653424,45,92695.628565
205.60867,42,92701.344248
334.086518,51,92708.269064
499.681961,54,92715.332322
372.788231,53,92722.527958
284.296318,47,92728.00477
793.768279,66,92736.212164
406.744267,52,92742.232002
244.861485,45,92748.051485
378.746219,51,92754.389356
339.028557,54,92761.005566
638.73035,62,92768.504528
308.580202,45,92774.666531
300.710686,47,92780.454853
107.920718,36,92785.799032
-5.187606,29,92789.461261
242.445671,41,92795.457418
1056.876608,70,92804.847427
154.961196,40,92810.181551
551.747496,58,92818.164331
100.703245,34,92822.773464
175.72787,40,92827.474106
191.82665,42,92833.010725
243.505481,45,92838.854758
146.265752,39,92844.140132
421.060016,53,92850.541568
387.990114,48,92856.997212
235.711992,44,92862.530664
588.975109,58,92870.02351
224.609782,39,92876.051032
-59.099866,22,92879.123672
384.251692,53,92885.589381
675.419936,58,92893.265666
517.946171,50,92899.134477
744.812755,62,92907.122685
2959.16926,105,92919.22644
43.211215,31,92922.624181
402.350456,54,92928.564536
376.560305,51,92934.788972
234.791661,42,92939.482402
678.269889,63,92946.340409
537.478802,56,92953.090746
265.582297,46,92958.761631
170.275894,38,92963.332261
-81.266926,18,92965.574826
786.178249,66,92972.442488
770.896884,65,92980.057897
348.391776,48,92985.597045
192.483021,43,92990.329967
680.117059,59,92996.626125
191.354599,41,93001.388096
418.382964,50,93007.188904
321.989673,46,93012.21915
913.491564,70,93019.966108
779.400956,63,93028.13209
298.507035,48,93033.120628
234.665609,44,93038.059773
516.465143,57,93044.081012
342.842118,52,93050.633803
385.261797,54,93057.186452
762.816418,61,93064.13385
323.010897,47,93070.396576
145.397063,38,93074.976475
139.82909,40,93079.259393
772.451082,64,93087.428781
275.853819,47,93093.99541
319.909133,49,93101.631554
948.980361,68,93110.997658
408.444641,46,93117.029472
55.57339,32,93121.189367
764.467545,63,93131.303046
50.66618,35,93135.458994
406.887989,49,93141.902596
179.518126,36,93146.446798
249.642261,45,93153.03989
236.029188,43,93157.90486
1473.797288,81,93167.018369
531.751719,56,93173.042593
1.901463,30,93178.168215
383.724785,53,93185.478097
342.438226,51,93191.010519
420.307793,50,93196.272296
290.248422,48,93201.951666
356.918612,52,93207.353543
1322.726661,72,93215.353959
91.08969,37,93219.200014
246.615389,44,93224.532959
34.818088,32,93227.874842
101.456266,36,93231.725926
255.081696,46,93236.302925
764.595203,64,93243.127851
684.941133,61,93249.698801
250.243939,41,93254.001778
423.405828,56,93259.82564
269.572459,46,93265.043552
288.51098,47,93270.111641
1201.708956,74,93277.458511
378.411174,52,93283.065609
188.989613,41,93287.752806
1178.664194,73,93295.868448
0.527571,29,93298.847281
-10.480859,29,93301.878453
369.366704,49,93307.451755
262.248166,41,93312.094285
768.650767,58,93318.487342
285.984627,46,93323.529447
513.455031,58,93330.229595
360.071126,51,93335.96829
-5.164764,32,93339.08805
782.358699,60,93346.5876
389.243014,55,93355.308141
40.937983,32,93358.728508
82.787993,33,93363.721495
192.261261,44,93368.632833
108.360891,40,93373.612381
388.323881,48,93378.90022
203.101697,44,93384.315534
700.429694,61,93390.912289
780.017651,65,93398.286476
630.533205,63,93405.081282
378.901869,51,93410.424318
238.533497,38,93415.173107
932.133046,67,93422.859778
305.904541,49,93427.82737
231.104901,41,93433.93988
604.791915,58,93440.295603
1017.830849,72,93452.127879
795.54384,63,93460.818815
503.918134,57,93467.720949
183.867204,39,93473.154626
480.834212,51,93479.757047
196.631574,42,93485.59361
715.888332,56,93492.309325
588.827271,55,93499.43877
505.682204,58,93506.006013
234.779456,44,93510.305726
683.735054,62,93516.19883
723.376843,60,93522.779351
233.599509,44,93527.558489
2231.610678,99,93537.698157
92.415722,34,93540.878512
321.283775,48,93545.409943
328.702243,48,93550.487754
226.592009,41,93554.549495
238.668775,45,93558.954241
940.187189,67,93565.81124
417.452043,55,93571.518177
853.144463,66,93578.243705
436.831704,56,93583.739701
103.620787,34,93587.066704
113.836766,39,93591.094304
451.638822,57,93596.511858
191.868999,34,93599.851295
344.767221,51,93604.899808
113.072799,39,93609.220866
586.366093,59,93615.011641
91.444581,32,93618.289608
416.809348,53,93623.581583
1194.996271,76,93631.130425
100.129293,35,93634.51597
325.824061,49,93639.386833
390.883214,53,93644.602047
577.467496,53,93650.572375
143.507034,38,93654.085505
104.398848,38,93657.672395
390.293229,53,93663.07628
270.935118,46,93667.978836
325.568637,44,93672.32922
326.821854,46,93676.889583
387.816497,51,93682.202777
854.486272,68,93689.558521
419.56771,53,93694.772082
538.322231,54,93700.160226
370.810507,50,93705.211964
372.531921,50,93710.67227
235.907686,43,93714.804025
399.304535,53,93719.941527
335.132427,46,93724.332975
597.491908,59,93730.687024
327.658344,48,93735.319389
1195.496164,75,93743.142453
860.142666,66,93749.848306
288.71764,46,93755.61245
100.819947,36,93759.275213
332.17522,48,93763.941212
414.602365,48,93769.032678
1030.706272,65,93775.692127
586.538006,56,93781.05447
380.75862,51,93786.019164
2141.268326,96,93794.904853
423.830131,57,93800.799503
177.26515,41,93804.931627
773.82866,57,93810.680278
524.558966,58,93815.927528
190.066985,41,93820.224518
386.453754,52,93825.274092
104.698168,39,93828.928993
534.347287,55,93833.888155
387.520223,51,93839.013014
294.613463,50,93843.536246
243.698,44,93847.713176
727.371127,62,93853.72787
53.361769,34,93857.321777
154.865346,39,93861.178712
514.898463,57,93866.843145
79.265394,31,93869.912807
768.561064,65,93876.507668
200.640273,43,93880.405304
925.215037,65,93886.501151
375.878776,51,93891.292197
501.284092,55,93896.862095
587.262688,55,93902.349956
397.401114,51,93907.219223
179.54802,39,93910.840398
327.548599,50,93915.791667
1158.614745,71,93923.174134
186.203835,40,93926.903351
329.917103,49,93931.485534
750.086534,62,93937.68876
841.120935,66,93943.705401
1186.410296,72,93950.639647
598.205019,59,93956.259783
372.137081,49,93961.615415
179.180961,34,93965.038072
240.311968,44,93969.162117
-38.421888,27,93971.674452
389.178473,52,93976.696082
59.757753,35,93979.899284
133.381495,37,93983.718987
449.632737,53,93988.816523
386.305055,53,93994.267652
758.679024,59,93999.726515
159.819348,39,94003.622958
183.430459,40,94007.307657
1234.990675,74,94015.39288
104.224044,38,94019.102666
97.296343,37,94022.570194
152.471825,42,94026.434428
237.590439,45,94030.729935
320.809666,49,94035.36657
311.539848,32,94038.425944
323.700016,49,94043.530046
354.103786,48,94048.522683
312.146541,48,94055.222601
5.106383,32,94058.241309
420.994057,54,94063.269107
237.206638,41,94067.62313
294.880069,47,94072.19519
186.599305,41,94075.983711
422.623161,54,94081.282159
431.977928,53,94086.720714
518.077958,56,94091.942847
241.938252,43,94096.058523
231.957733,44,94100.174945
259.747867,46,94104.975171
333.681022,48,94109.780144
131.955342,38,94113.380714
195.960465,43,94117.430788
-42.632579,29,94120.683975
375.020876,51,94125.607879
164.566429,39,94129.309859
1204.812625,78,94136.904778
1302.80061,73,94144.370242
677.197811,63,94150.398098
641.421846,57,94155.865194
705.205014,59,94162.35831
240.808646,45,94166.81199
367.243533,54,94171.716067
150.886343,39,94175.345767
279.184162,46,94179.683879
324.773799,49,94185.218136
60.009704,36,94188.600382
273.217864,42,94192.683997
193.950444,44,94196.615622
511.040159,58,94202.420264
200.687408,44,94206.393389
454.362589,56,94211.482297
234.544567,45,94215.606561
514.086304,57,94221.559735
884.694884,64,94228.135208
57.858491,35,94231.36976
129.624697,39,94235.071601
437.380128,53,94240.170316
1573.080166,83,94248.053448
1725.038098,90,94256.615036
52.210736,34,94259.728315
696.23882,58,94265.826843
10.662031,33,94268.886696
439.985741,50,94273.752167
409.601421,50,94278.573288
589.104996,60,94285.173239
397.158008,54,94290.235677
99.422958,36,94293.522094
269.33529,44,94297.820648
97.79518,34,94301.769509
182.02281,41,94306.442659
193.062474,43,94310.900719
290.818632,47,94315.384861
92.42062,34,94319.196727
363.167139,51,94324.017679
31.384231,33,94326.973279
98.664219,37,94330.267726
320.580046,48,94335.104264
1058.686637,72,94342.384323
377.11206,51,94347.374806
246.976,46,94351.702373
293.210438,48,94356.979218
283.662302,45,94361.14783
84.720276,33,94364.317855
288.018331,47,94368.460529
38.918465,31,94371.718382
312.164598,40,94376.156635
193.496851,45,94380.238509
250.019375,45,94384.637146
2323.789186,103,94394.326731
1210.089239,71,94400.735837
700.851013,61,94407.063857
131.751186,38,94410.628104
37.565516,33,94414.186201
261.056541,44,94418.089664
126.109697,37,94421.69527
502.504146,51,94426.956819
1039.054604,66,94434.13325
174.797458,42,94438.002503
330.218776,49,94442.533386
363.334609,49,94447.191711
373.802792,53,94452.618274
152.894218,39,94456.323344
180.060046,40,94460.298356
391.30638,53,94465.476757
346.525892,53,94470.598781
964.022137,69,94477.244687
448.991529,56,94482.541131
233.621361,43,94486.691748
94.141545,35,94490.395186
82.648534,28,94493.230941
1156.963534,75,94500.23119
430.295725,57,94505.476125
853.094704,68,94512.645019
72.381542,33,94515.72552
338.425111,51,94520.436947
192.511499,43,94524.701047
1473.071323,86,94533.344675
380.801462,51,94538.205556
1030.968318,73,94545.162262
156.167906,40,94549.623386
331.443048,50,94554.65796
2.691065,30,94557.420618
370.393873,51,94562.406199
387.638197,53,94567.042408
231.648457,43,94571.440866
150.107992,38,94575.10199
336.285239,51,94580.011917
523.36073,55,94585.651863
271.585239,44,94590.157556
195.683291,39,94593.948127
5.97637,33,94596.91562
393.716667,52,94601.729713
1285.606691,77,94609.826655
417.523669,52,94614.998462
53.423962,33,94618.123959
337.589003,48,94622.809343
1038.125947,73,94630.492037
1542.461152,84,94638.474862
271.47878,47,94642.974657
239.489435,42,94647.195659
855.213325,66,94653.912657
292.892977,48,94658.276532
666.637672,58,94663.821097
128.902014,35,94667.161806
57.091701,36,94671.03407
300.750994,44,94675.11137
429.776745,54,94680.425758
325.440675,47,94684.985952
514.247537,57,94690.699339
237.39076,46,94694.789618
514.552523,57,94700.191476
188.508303,40,94704.369402
228.371546,36,94708.441159
288.440427,48,94713.086918
356.281355,49,94718.117948
91.483255,34,94721.452498
333.014251,50,94727.333184
102.234269,39,94733.070487
271.419084,46,94738.272958
129.111441,33,94742.501671
145.272431,39,94747.285986
151.742742,40,94751.613199
518.307965,52,94757.087315
89.932568,35,94760.738556
108.911793,40,94765.785586
404.454875,54,94771.564134
135.039909,37,94775.425992
563.110758,58,94781.428363
38.75845,30,94785.053213
142.08075,38,94789.194905
-32.172421,27,94791.989183
278.70934,46,94796.750453
238.265461,44,94801.976009
1124.021476,72,94809.461545
192.085893,39,94813.58313
588.442972,60,94819.93751
279.391794,45,94825.47414
1299.939311,82,94834.28149
792.550725,65,94841.15962
276.406307,46,94845.944939
591.257013,58,94853.145704
290.020502,48,94858.227474
127.35438,36,94862.688685
456.672258,53,94870.862426
389.31027,49,94878.634194
493.333657,50,94888.739791
326.588766,50,94895.799288
183.764086,39,94901.729038
2353.778731,99,94915.53288
287.877837,49,94920.153061
142.279169,39,94923.937974
290.661274,47,94928.30305
679.215692,63,94934.533661
300.58239,42,94938.638355
47.159637,29,94941.499369
760.88498,64,94948.072822
88.868394,33,94951.830384
288.399405,46,94956.365953
132.708436,38,94959.876776
200.176925,41,94963.860006
428.70365,54,94969.471192
528.2314,53,94974.787577
53.888143,31,94977.809433
235.877856,45,94981.957907
73.507416,31,94985.289959
309.503444,51,94990.135375
505.072804,54,94995.432796
1206.877509,71,95002.588074
320.58823,48,95008.058539
183.98308,43,95012.066283
316.014538,49,95016.633639
239.843103,42,95020.729603
335.099795,51,95025.779338
384.672095,47,95030.247638
426.192629,55,95035.363788
293.941731,48,95039.74102
769.272293,65,95046.383737
684.034739,59,95052.123311
312.471557,50,95056.836563
105.045034,37,95060.320472
784.115951,64,95067.244309
709.623591,63,95073.314619
307.053306,52,95078.14128
354.36141,50,95082.819767
237.924001,42,95087.163828
228.187173,40,95091.009126
273.591289,42,95095.089493
1322.485443,82,95102.78299
39.881851,33,95106.210562
194.111651,42,95110.144715
513.914745,59,95115.652121
379.94295,53,95120.457427
283.569829,47,95125.908658
374.024971,52,95130.697236
260.693936,48,95135.208359
128.86551,35,95138.618012
44.184324,33,95142.145448
116.857423,37,95145.866274
293.516294,46,95150.547498
315.774266,46,95154.971254
333.146835,49,95160.066348
179.949218,38,95163.771598
243.95565,45,95168.063841
88.784396,34,95171.322191
1166.20044,76,95178.81003
202.358533,44,95183.1402
319.848011,50,95188.001555
314.844374,46,95192.614725
512.070842,58,95198.892801
953.765,70,95205.699449
682.570569,63,95211.774566
387.102578,55,95216.856368
284.47998,46,95221.561126
98.2482,37,95224.947851
1033.789292,74,95231.799043
554.507114,52,95237.004986
42.620555,32,95240.961111
1460.619276,84,95250.507077
1586.135818,85,95259.821505
687.792783,64,95266.621574
405.799627,52,95272.59503
693.375207,65,95279.588446
930.596881,69,95287.11361
411.316137,54,95293.001684
224.279807,45,95297.488697
78.341889,35,95300.910411
506.342377,48,95307.837779
285.706868,48,95313.307542
749.614376,62,95320.486257
342.838007,50,95326.225768
280.052121,47,95331.381253
797.02534,64,95339.015425
321.42239,50,95345.114766
270.593727,47,95350.301311
793.217612,63,95357.397912
-78.503962,22,95359.872497
1182.983298,73,95369.177752
181.898633,43,95374.129555
153.183699,41,95378.5532
676.133188,59,95385.589751
524.482058,58,95391.821499
365.436409,52,95397.680367
288.348061,47,95403.019254
385.589874,50,95408.488907
1093.706003,74,95417.299436
195.473126,43,95422.068914
190.837267,43,95427.320421
99.407628,37,95431.43559
1472.93282,83,95441.30145
236.29868,39,95446.015959
382.722428,49,95451.990255
282.17211,42,95457.081915
1087.732755,71,95465.414662
224.111821,42,95470.062385
230.477435,45,95475.044334
766.415591,64,95482.684656
315.025213,49,95488.873395
131.803182,35,95492.889342
288.504448,48,95498.109239
189.736778,40,95502.385514
285.528856,47,95508.185817
200.796787,39,95512.431005
297.831785,50,95517.526335
48.700354,34,95521.544686
1199.74817,77,95530.711765
137.562075,35,95534.512735
141.903845,39,95538.707217
274.623619,41,95543.337614
251.808779,42,95548.439658
326.344366,50,95553.860235
362.542069,46,95559.158067
394.536819,52,95565.052107
514.095576,59,95571.649634
141.301988,37,95575.770205
297.755064,47,95580.355536
40.290034,31,95583.209715
243.023914,44,95588.100706
1079.507999,74,95595.228813
1250.730746,78,95602.678118
79.401639,30,95605.921035
983.437281,70,95612.748926
1133.031268,77,95619.873558
357.129432,52,95624.741163
103.333168,37,95628.327192
607.450534,56,95633.78977
220.451759,38,95637.526308
324.117216,48,95641.920079
92.795293,36,95645.3832
286.576647,48,95650.277224
92.377311,35,95653.578038
870.27347,65,95659.901917
1056.241183,70,95666.972249
231.751226,42,95671.413423
280.947302,47,95675.945348
190.385331,41,95679.873295
458.221971,49,95684.556191
386.632179,53,95689.848006
237.198173,45,95694.022259
-9.887746,26,95696.539204
326.675583,46,95700.991936
485.636977,38,95705.37749
88.934005,36,95708.798858
279.559241,43,95712.912497
1167.91267,75,95720.245887
680.869233,59,95726.821134
87.471533,35,95730.014288
188.827723,39,95733.771642
328.808896,47,95738.362664
18.888476,28,95741.530994
231.618127,44,95745.835197
240.071101,43,95750.296405
300.561973,44,95754.449439
361.381612,47,95759.529276
295.213747,48,95763.989908
294.277955,43,95768.066811
670.215594,63,95773.837821
613.875642,58,95779.858511
420.219472,53,95785.055711
432.319899,50,95789.936024
306.243345,47,95794.214373
353.379089,48,95799.093878
104.890993,39,95802.620345
368.923119,50,95807.167962
181.842166,43,95811.166379
382.654388,54,95816.471721
599.757245,62,95822.329033
645.57364,56,95827.732452
239.820681,45,95832.038156
53.038006,34,95835.764961
29.079463,29,95838.647705
439.413174,52,95843.865156
304.462059,47,95848.410337
443.436295,55,95854.448234
1418.599486,81,95862.267688
243.25694,45,95866.468225
486.891105,56,95871.928693
592.607003,58,95877.687839
419.185592,51,95882.968846
62.689719,37,95886.299233
352.967862,47,95890.970474
268.453029,43,95895.474783
846.026885,63,95901.446112
242.795489,43,95906.067498
1295.40435,80,95914.002981
288.827157,44,95918.686926
145.976068,39,95922.35588
442.806588,53,95927.596585
675.393432,60,95933.644219
698.137668,61,95939.787697
217.409553,41,95943.657028
351.593317,48,95948.081017
52.767108,31,95951.152287
453.84258,56,95956.941601
619.057124,59,95962.727072
241.774473,47,95967.259656
363.561839,51,95972.191322
766.861758,65,95978.769346
273.313356,37,95982.597858
329.790693,50,95987.242818
588.735055,59,95992.866726
186.975462,41,95997.081761
44.55602,33,96000.207337
423.738038,54,96005.179372
365.551039,48,96010.034781
515.848023,59,96015.976773
2101.646635,97,96025.633419
586.814733,62,96031.495865
1318.901598,77,96038.792604
201.801444,39,96042.986409
557.411461,59,96048.609812
95.73542,36,96052.193105
530.91549,58,96057.41877
1326.19153,79,96065.252875
165.988715,38,96068.740667
235.994584,43,96072.914194
1026.516093,70,96079.695734
438.700959,55,96085.704077
177.648118,34,96089.087451
228.550578,42,96093.15284
174.277879,32,96096.413313
291.803299,47,96101.33458
210.469467,40,96105.149259
252.418351,44,96109.314375
505.817483,59,96114.846869
283.746408,47,96119.528962
259.552258,41,96123.407084
391.14957,51,96128.238159
855.17959,67,96134.768613
435.689127,51,96139.943317
1225.765823,72,96147.306941
282.256406,44,96151.54768
452.38757,54,96156.842641
586.707543,58,96162.742493
238.624012,46,96167.038332
292.585323,48,96171.592726
239.837224,41,96175.603187
116.90544,35,96179.210121
742.906196,65,96185.367001
110.355621,38,96188.918532
598.597859,58,96194.466682
1049.569888,73,96201.474892
51.629695,34,96204.89448
438.609871,54,96209.995828
202.481426,44,96214.09744
278.997039,48,96218.914784
229.072836,45,96223.224748
662.843558,58,96229.093493
330.472401,49,96233.917395
350.681431,47,96239.171348
294.977391,50,96243.850099
106.624192,36,96247.321738
279.229342,46,96251.595444
197.360472,43,96255.984805
681.259738,61,96262.00069
510.202785,58,96267.707424
492.718304,57,96273.004768
376.374486,53,96278.359159
332.799466,50,96283.143052
280.472222,46,96287.569768
250.055144,47,96291.807384
1039.976235,72,96298.986268
525.094445,56,96304.210374
586.901401,55,96309.704478
382.809867,46,96314.281268
192.891023,39,96318.493785
907.398368,69,96324.997521
297.157014,48,96329.52089
311.908153,45,96333.820727
172.708423,35,96337.632254
520.76561,58,96343.237857
442.828975,52,96348.38593
380.379206,52,96353.672834
273.420427,43,96358.178678
533.693352,54,96363.594447
282.37508,47,96368.1783
96.391626,39,96371.641673
1211.268882,77,96379.513097
147.66815,38,96383.296663
414.628587,50,96388.440706
145.176882,40,96392.108077
317.075656,46,96396.834581
275.657674,45,96400.999135
602.247801,60,96406.810135
321.580401,47,96411.593026
880.404849,67,96418.226358
138.098399,37,96421.714816
173.344758,40,96425.454984
153.707256,41,96429.347018
7.629715,31,96432.610316
446.624167,56,96437.830615
89.819432,33,96441.046732
185.720385,36,96444.838356
864.506342,67,96451.740305
435.882469,53,96456.771312
185.558871,39,96460.361497
190.40605,43,96464.42746
146.096226,40,96468.547553
-37.331958,28,96471.101764
170.194828,36,96474.509566
1177.070793,75,96481.54154
85.691015,34,96485.298431
91.922113,36,96488.758763
488.405797,54,96494.197189
423.329863,56,96499.459557
64.378037,37,96503.395996
498.812501,52,96508.65094
989.309245,66,96515.303509
329.818127,50,96519.985675
413.159567,56,96525.739215
427.156577,56,96530.930861
267.041723,46,96535.346292
88.937308,37,96538.879898
1165.798181,66,96546.039198
589.493598,61,96551.812125
426.069926,57,96556.869115
139.049046,40,96560.698298
673.759572,55,96566.683432
382.009986,50,96571.458703
207.264159,45,96575.638414
624.020814,61,96581.82729
857.161943,65,96588.583445
391.942831,50,96593.376074
635.537254,59,96599.213286
435.690042,53,96604.245473
2075.228564,93,96613.296021
690.96981,61,96619.216038
513.598154,59,96625.214948
59.963022,34,96628.355747
343.836917,47,96633.201979
414.432534,54,96638.253854
419.854888,49,96642.93366
182.153032,39,96646.58561
27.503337,26,96649.991521
94.60034,34,96653.349648
152.283945,40,96657.139783
334.29001,50,96661.895222
45.70846,33,96665.257483
568.114609,52,96670.324628
996.358413,67,96676.609716
1.930877,31,96679.43049
292.771884,47,96684.626588
293.274792,40,96688.564117
253.194056,47,96692.968048
238.109205,46,96697.14564
1025.001235,72,96704.572441
934.750824,69,96711.274204
154.321997,42,96715.154134
239.412845,34,96718.610688
567.53751,56,96724.482561
534.890684,57,96729.967308
-60.186661,24,96732.183068
135.26454,38,96736.038926
868.649039,68,96743.160927
41.263613,30,96746.14181
8.979451,25,96748.723547
330.827622,48,96753.271174
1329.987104,82,96761.659928
422.965808,56,96766.911334
406.794844,52,96771.795162
305.557219,48,96776.195595
26.933837,28,96779.425733
126.044705,33,96782.679953
194.100011,40,96786.755729
139.864823,38,96790.37826
316.757144,43,96795.239805
691.917966,60,96801.300238
545.152095,59,96807.39069
1030.040402,72,96814.261603
31.437776,30,96817.543595
140.716014,37,96821.035727
412.222907,53,96826.042651
135.168956,37,96829.462162
354.297857,51,96834.748483
425.963493,55,96840.058398
518.943463,58,96845.629004
96.348205,34,96848.782464
380.477794,53,96854.053632
44.551343,31,96856.942193
210.321719,42,96860.738538
275.482018,42,96865.200822
310.009204,44,96869.836894
64.695492,37,96873.183609
425.485768,53,96878.279145
148.467733,38,96881.728599
0.789928,32,96885.028545
182.268222,41,96888.91646
776.300006,60,96894.613614
148.656073,38,96898.20565
172.237637,38,96902.239039
168.436111,39,96905.961087
446.745766,55,96911.041531
233.552858,43,96915.346576
372.700621,53,96920.539837
13.075669,30,96923.703646
684.847019,63,96929.617821
333.253538,48,96934.11263
180.477049,38,96938.4194
1015.471915,72,96945.059004
1461.414612,84,96953.535711
521.749079,54,96959.108728
603.64904,61,96965.221693
257.98325,44,96969.391683
277.226344,47,96973.859335
294.831946,48,96978.212497
233.41102,45,96982.865751
271.268357,43,96987.21368
459.94155,55,96992.508525
850.84096,61,96998.44411
243.553363,46,97003.336416
239.270113,46,97007.532765
1625.152339,85,97015.781357
254.121732,39,97019.557666
-9.099103,29,97022.547215
511.155713,56,97027.901023
275.141662,43,97032.307528
513.92522,58,97037.736703
452.66536,56,97043.464206
214.703561,43,97047.543459
4.925867,24,97050.027423
-61.506213,26,97052.385697
288.733514,46,97057.17453
308.603349,47,97061.608878
285.249021,47,97065.976912
48.495573,33,97069.054737
1023.20901,61,97075.816681
320.876739,46,97080.292598
185.782275,40,97083.926694
-4.213075,29,97086.669292
280.772415,47,97091.642416
366.256616,53,97096.4844
268.62959,46,97100.709436
44.982238,33,97104.053581
648.700522,61,97110.28982
276.837668,46,97114.52461
428.116496,54,97119.907692
448.85532,54,97125.244786
389.726931,52,97130.573587
304.165374,44,97134.745413
144.528439,40,97138.400459
72.512739,30,97141.291984
597.804738,59,97147.246758
364.781538,51,97152.017646
335.613226,51,97156.667275
39.28526,32,97159.766383
423.400095,47,97165.246662
385.753343,52,97170.183758
103.081353,38,97173.727256
305.032039,48,97178.213373
540.80677,50,97183.626005
142.690135,34,97186.960613
855.908343,69,97193.42424
864.735597,67,97199.704198
385.22941,49,97204.785235
979.906032,69,97211.229383
1067.182863,70,97217.83074
208.342586,42,97221.642267
195.508098,37,97225.775633
180.387026,37,97229.317264
146.326458,40,97233.129079
132.534077,39,97236.919731
82.276567,34,97240.634879
1235.826532,77,97248.252729
307.106514,48,97252.95387
376.192886,54,97257.871183
166.33376,40,97261.866504
280.996207,44,97266.045855
-59.200991,24,97268.307558
188.020472,42,97272.160971
377.254908,53,97277.526996
682.253868,59,97283.182938
36.854139,30,97286.242471
271.022023,45,97290.938543
279.87368,45,97296.263687
998.916399,72,97302.891475
186.576498,40,97306.848793
600.583559,58,97312.55075
182.33713,41,97316.675922
599.915046,61,97322.561626
987.392956,71,97329.421949
211.14707,39,97333.453866
1052.628472,73,97340.900906
183.717992,42,97345.707184
678.908883,62,97351.471493
154.429038,42,97355.349107
377.343278,49,97360.6048
420.860524,55,97365.818031
353.70514,50,97370.622686
1046.325856,69,97377.342454
386.833817,53,97382.714001
188.45647,39,97386.467244
240.906178,45,97390.625969
428.308078,54,97395.787196
683.504176,61,97401.914835
435.36559,57,97407.728742
150.536185,41,97411.441412
196.707666,42,97415.32605
371.029373,53,97420.415644
102.982095,39,97423.980116
1706.11942,88,97432.641748
304.802345,45,97436.842705
56.631148,33,97440.464357
1089.016449,76,97447.510205
311.683017,40,97451.702364
429.916404,56,97457.048337
880.233011,63,97463.792707
243.041869,44,97468.107522
2040.041605,91,97476.683746
141.253986,39,97480.236405
193.198864,41,97484.349503
129.134876,36,97487.969667
326.949482,47,97492.18284
360.765359,44,97496.334004
143.12423,34,97500.072247
355.635749,50,97504.779674
174.499204,38,97508.47154
-5.437461,29,97511.178789
414.640152,55,97517.07805
183.062429,39,97520.78341
588.913103,59,97526.717173
47.025277,31,97529.607001
139.435229,35,97533.285504
597.57935,60,97539.023304
108.446404,40,97542.549168
623.804808,56,97548.488908
361.768341,48,97553.743725
1257.686911,78,97561.31833
233.82522,45,97565.480204
1208.231174,78,97573.049933
310.247358,45,97578.16345
240.727183,42,97582.215008
430.107461,50,97587.299824
393.469176,54,97592.396654
764.772724,62,97598.725654
96.784352,33,97601.839844
142.312381,38,97605.474032
342.902905,46,97609.861126
328.885414,46,97615.102852
-45.652025,29,97617.719304
1245.731158,72,97624.639338
377.922665,52,97629.57087
291.456032,49,97634.366507
331.730937,48,97639.013884
351.3854,51,97643.824188
199.872276,34,97647.353308
613.260525,61,97654.872509
325.242807,46,97660.273446
338.788657,52,97665.240343
286.4232,48,97669.83528
1426.274661,79,97677.591616
115.6573,37,97681.00541
-21.020474,27,97683.866822
291.50855,46,97688.113385
511.355703,55,97693.878173
200.671994,41,97697.541905
326.260602,47,97702.234625
409.415956,51,97707.420665
598.52187,60,97713.423122
679.743777,61,97719.622293
256.478861,47,97724.023129
54.081197,34,97727.259519
368.443081,48,97732.246459
288.602943,45,97736.490263
441.467933,50,97741.645966
285.877744,44,97746.014298
508.439702,55,97752.203023
284.166272,48,97756.721478
1014.912159,71,97763.947321
204.45545,43,97768.091393
8.314328,27,97771.151447
351.931155,46,97775.523967
324.762638,47,97780.046546
237.558096,41,97784.506669
311.956658,48,97789.172001
926.893752,70,97795.59367
874.519847,69,97802.02503
366.074679,46,97806.529468
628.992706,63,97812.592026
188.864517,38,97816.272927
188.070255,43,97820.226914
622.223927,60,97826.420034
0.993846,28,97829.519526
150.759048,40,97833.317938
225.273953,41,97837.182947
593.594403,60,97842.746074
1172.045443,75,97850.515063
-7.0222,25,97853.233272
709.114771,58,97858.762851
503.340118,57,97864.19986
443.415799,56,97869.728993
239.922855,43,97873.884566
230.996224,43,97877.946074
286.108825,48,97882.505712
656.438991,60,97889.099509
1159.717159,66,97895.887625
773.469472,65,97902.226746
245.876874,44,97906.565406
377.470762,50,97911.670777
607.175917,57,97917.17636
291.755002,48,97921.842252
243.837423,45,97926.130109
149.600079,36,97929.913501
827.361041,64,97936.032563
929.344266,67,97942.512677
147.375616,42,97946.532958
58.784594,34,97950.195197
150.566154,39,97953.958071
150.880783,43,97957.928304
369.716326,51,97962.559705
89.527024,35,97966.27782
15.390554,31,97969.16134
421.606447,55,97974.26913
419.771448,54,97979.471953
340.429864,45,97984.242316
423.765386,55,97989.312045
1240.694537,75,97996.976401
138.373431,37,98000.539095
288.849541,47,98005.763196
231.305733,45,98009.820011
270.152933,42,98013.928252
400.279528,50,98018.637877
1039.17026,72,98025.91859
774.904862,66,98032.144253
188.21423,39,98036.034197
145.069602,39,98039.746718
244.309554,51,98044.539315
-22.992089,27,98047.094458
437.317006,53,98052.17447
145.175416,38,98055.736039
128.673959,36,98059.75542
308.8059,44,98064.215626
366.840158,52,98069.27662
612.187644,56,98074.57117
5.706656,31,98077.9005
368.096049,51,98082.47517
48.090211,31,98085.54215
241.179113,43,98089.687078
515.251018,57,98095.448751
183.748837,39,98099.280139
292.498283,44,98103.924324
193.266258,41,98107.992711
393.991641,52,98113.267976
332.504598,49,98117.904705
96.005037,37,98121.503176
455.272535,56,98127.305145
852.901083,67,98134.07153
426.193349,53,98139.243172
188.048162,40,98143.202338
369.91913,49,98148.056313
287.036509,47,98153.094831
384.236136,49,98157.856669
88.592886,35,98161.024584
500.747481,56,98166.157145
110.387384,38,98170.029217
194.813599,43,98173.872133
385.751339,54,98178.907929
165.11332,39,98182.514777
103.249592,37,98186.729961
383.024194,50,98191.637713
188.162137,41,98195.352915
1194.31048,74,98202.3551
159.407284,40,98206.297018
427.338213,52,98211.546329
308.267974,46,98216.11813
-55.610591,25,98218.804299
149.585241,40,98222.78893
513.993688,59,98228.31648
683.712665,62,98234.134752
374.189291,52,98239.118384
95.427837,33,98242.842495
1193.312638,76,98250.296173
413.556155,51,98255.275265
675.754685,57,98260.791266
1152.215491,75,98268.29246
454.70495,55,98273.45574
318.11865,47,98277.862686
179.095733,38,98281.532233
431.957553,53,98286.981969
618.92853,60,98292.568468
348.046783,49,98297.156301
31.131999,29,98299.937194
292.007539,48,98305.375732
277.254657,46,98309.933265
331.77955,45,98314.191895
382.350901,51,98318.98934
341.069682,53,98324.711736
130.909883,35,98328.67482
346.698728,51,98333.678444
375.848691,52,98338.598281
1024.161787,73,98346.010752
602.109446,60,98351.727393
1214.678341,76,98359.344901
504.128767,56,98364.901328
653.274141,53,98370.618611
151.120173,38,98374.169223
580.124195,54,98379.653398
1173.553438,70,98386.777163
523.758152,59,98392.754116
394.747528,51,98397.511467
1320.938828,77,98405.350988
243.030832,40,98409.190848
591.067002,59,98415.055648
374.604054,51,98419.750401
1.651579,29,98422.482874
206.810612,40,98426.661171
191.495265,43,98430.965097
505.864027,54,98436.321239
190.168485,40,98440.154262
46.243202,34,98443.275766
425.933703,53,98448.949362
358.293009,43,98453.46186
264.222779,44,98457.612638
513.278767,56,98463.007411
273.283954,45,98467.747476
367.257559,53,98472.614218
761.112794,61,98478.511259
378.733527,51,98483.64216
331.238202,47,98488.773639
185.658443,41,98492.600407
524.623643,59,98498.106466
204.8116,39,98501.616818
268.833537,44,98506.156771
56.970481,28,98509.147788
393.086135,55,98514.1651
102.213469,37,98517.623041
226.128515,44,98522.072518
515.048412,58,98527.472793
413.800399,50,98532.485982
6.915082,33,98535.546712
140.435764,36,98539.326615
242.271466,44,98543.627774
190.323619,35,98547.145168
947.132415,68,98553.911435
1000.795136,73,98561.344661
429.753826,55,98566.649806
390.741927,51,98571.438919
-30.152249,24,98573.711317
538.481135,60,98579.465965
406.428868,54,98584.58966
265.83716,43,98588.809135
448.171344,55,98593.998428
383.01656,47,98598.978492
335.666509,51,98604.032846
273.92826,46,98608.589625
529.928249,58,98613.908922
338.742551,52,98619.094322
533.97339,56,98624.385931
896.974742,67,98630.727345
426.194536,55,98635.994408
1910.023674,92,98645.211361
334.559442,50,98649.885546
366.832639,49,98654.567814
352.052203,50,98659.219642
361.088773,43,98664.006613
366.96329,51,98668.853129
766.828587,61,98675.010847
771.300712,61,98680.59492
315.615258,47,98685.329168
302.209563,45,98689.615064
289.197826,49,98694.210384
775.407187,66,98700.555965
356.956591,50,98705.571361
102.175515,32,98708.548903
33.402801,31,98711.442923
368.601073,42,98715.452793
133.608915,36,98719.410898
229.943114,44,98723.614065
91.263492,33,98726.908518
70.045339,36,98730.063763
-55.582071,25,98732.648372
207.070815,45,98736.668241
53.135187,34,98739.827615
584.939171,56,98745.323888
60.112334,34,98749.073871
604.424426,61,98755.048478
617.780925,57,98760.467058
225.898573,40,98764.185234
552.160172,53,98769.619385
1064.87787,68,98776.08205
136.486467,34,98779.382922
419.356285,55,98784.64912
292.380101,40,98789.063843
125.357172,39,98792.552541
321.114044,50,98797.171678
51.80663,35,98800.459575
34.716525,33,98804.420928
333.422464,47,98809.130232
338.194212,42,98813.432348
203.716353,39,98817.021224
52.572197,34,98820.52998
103.729276,39,98823.896195
135.601507,38,98827.462785
165.964448,40,98831.280842
96.222444,34,98834.734104
2187.548939,100,98844.419099
328.971798,50,98849.372023
396.925298,52,98854.698133
235.330758,39,98858.81719
281.812281,46,98863.116832
142.763834,37,98866.560269
16.554252,32,98869.581259
702.148562,55,98875.724635
723.515549,62,98881.5422
231.82111,46,98885.628718
149.708745,40,98889.436562
141.553074,38,98893.251904
402.75979,52,98898.157855
154.83638,40,98901.779603
1824.136129,90,98911.063361
242.295309,48,98915.684666
-50.909348,24,98918.023197
233.306112,41,98922.009823
146.520349,39,98925.737891
240.129125,43,98930.335055
17.809628,36,98933.492906
293.476168,45,98937.739781
365.824748,52,98942.481742
132.363067,37,98946.175012
120.282566,34,98949.428623
-5.035997,30,98952.217813
253.43355,47,98957.151558
201.929898,34,98961.551212
539.937821,58,98967.44664
287.210149,48,98971.999874
89.533095,34,98975.356102
376.023558,52,98980.612153
188.95425,42,98984.462462
58.315939,35,98987.640803
312.507495,48,98992.104071
92.228154,35,98995.730014
1247.598496,80,99003.06729
472.800638,55,99008.063394
963.440304,67,99014.327776
335.165457,50,99019.395022
686.560582,58,99025.026419
445.040228,55,99030.063183
32.869831,28,99033.14007
618.466683,58,99039.01439
104.090984,38,99042.452326
415.922752,57,99047.634512
203.570012,41,99051.715546
941.163587,72,99058.730144
369.419225,51,99063.601368
419.128632,49,99068.328383
505.037068,58,99073.624549
318.732206,49,99078.299548
392.019001,54,99083.614696
276.485193,46,99087.862291
200.633326,43,99091.95137
286.523647,49,99097.030525
108.616124,39,99100.529799
814.193927,65,99106.811959
344.516074,48,99111.342429
62.244102,34,99114.660454
-28.452534,21,99116.761217
403.20456,50,99121.629111
43.791583,34,99124.759818
1177.865498,77,99132.496671
336.270598,46,99137.069439
603.807145,61,99142.84464
188.346598,43,99147.019863
329.845603,51,99152.312289
770.518378,64,99158.385828
330.364757,49,99163.116281
376.09939,54,99168.115249
1006.825878,72,99175.111359
235.605609,43,99179.231186
193.998501,40,99182.958285
370.023516,51,99187.797604
996.845745,65,99194.314418
267.638173,44,99198.550695
192.39344,43,99202.676721
234.497415,43,99206.897882
672.51875,57,99213.107411
236.399299,47,99217.242818
80.73588,35,99220.399037
423.564074,52,99225.606158
429.418693,48,99230.678259
393.23418,55,99235.573112
189.315484,41,99239.356671
496.947732,58,99244.675248
289.771947,47,99249.495527
173.911782,36,99253.021184
36.18255,31,99255.884089
233.081116,45,99259.985571
68.873464,30,99263.607262
279.974987,49,99268.352303
856.053008,68,99274.681928
254.661165,42,99278.694574
194.226006,45,99283.152131
241.171228,43,99287.196016
149.374574,41,99290.867607
612.365385,55,99296.173368
320.151032,44,99300.778045
687.190877,66,99306.76193
51.641113,34,99309.913669
338.375287,45,99314.152378
251.577311,45,99318.988389
189.311635,42,99322.929405
835.609557,63,99329.502866
1341.630676,79,99337.047547
264.95725,46,99341.520959
1584.385418,82,99349.071649
169.553175,41,99354.992966
325.217066,47,99359.554784
165.459986,43,99363.846028
129.547658,36,99367.194487
1259.014915,78,99374.709601
673.57881,61,99380.295931
245.18369,44,99385.236473
412.657797,53,99390.180693
236.617645,44,99394.384947
247.416267,46,99398.649536
284.106729,43,99403.121748
288.192801,45,99407.50526
768.630276,63,99413.961534
820.147464,62,99419.558938
342.049113,47,99424.038252
97.005103,36,99427.425925
122.481534,33,99430.586561
1310.10404,78,99438.241463
518.307919,58,99444.536167
509.869289,57,99449.81289
922.791933,68,99456.395935
133.429873,39,99460.396631
18.540862,32,99463.65536
100.153139,35,99467.032209
522.909314,59,99472.591285
187.581675,40,99476.442836
245.768305,42,99480.759474
282.398953,46,99485.019938
430.978639,57,99490.354052
330.316976,52,99494.897227
191.24012,43,99499.219433
287.283742,49,99503.937995
583.029079,57,99509.534988
426.27802,56,99514.814618
153.899622,40,99518.801312
295.768458,48,99523.188668
622.603506,60,99528.974298
599.461626,57,99534.50008
423.512579,48,99539.749104
279.442527,47,99544.118815
940.490095,68,99550.74602
2110.423444,95,99559.633872
191.613227,42,99564.090226
49.393102,34,99567.548644
767.205889,63,99573.460214
411.451634,57,99578.462187
-82.655004,11,99579.731786
236.648631,45,99584.348831
941.605894,70,99591.022659
245.607411,46,99595.445369
283.403249,46,99600.435277
365.279729,52,99605.200496
584.882602,61,99610.779756
285.824778,46,99615.056597
800.142112,65,99621.644836
250.357598,42,99626.179599
295.328978,46,99630.353771
270.578333,44,99634.540151
187.464746,41,99638.85728
151.492928,39,99642.513074
294.940394,49,99647.108017
14.542935,35,99650.457592
1413.773903,81,99658.514934
258.517797,40,99662.307457
235.360738,46,99666.3567
590.268293,56,99671.891513
1143.22324,77,99680.154948
518.44677,57,99685.825616
140.19523,34,99689.22316
311.408618,47,99693.78781
336.680497,50,99698.56297
1731.043682,88,99706.831053
219.331946,40,99710.689885
508.797845,58,99716.166146
363.184526,47,99721.195324
321.627456,46,99725.640686
714.33234,61,99731.507213
1900.966258,88,99739.52726
97.104488,36,99743.60655
187.517684,41,99747.720643
784.530653,65,99754.09982
371.277739,54,99759.00698
111.629392,31,99762.320659
943.917341,72,99768.973182
529.829663,58,99774.548755
41.721849,31,99777.668244
329.925278,49,99782.627808
327.501074,47,99787.094551
52.780616,34,99790.212941
198.837922,43,99794.156548
220.703173,40,99798.530254
451.970072,56,99804.090641
527.704952,59,99809.596256
2024.278552,97,99818.417154
594.903813,57,99824.359245
962.017952,71,99831.283347
2985.349744,107,99841.430337
203.664316,40,99845.414032
384.494358,54,99850.697955
199.011973,43,99854.600241
146.633615,34,99858.295148
43.532419,33,99861.310139
669.329101,61,99867.955405
192.086073,39,99871.684273
619.074499,60,99877.237178
238.454812,44,99881.461048
238.879142,44,99886.10327
583.840396,57,99891.497454
54.026702,35,99894.737029
6.302136,27,99897.320577
424.51405,54,99902.773307
341.728277,50,99907.356498
563.637728,59,99912.82794
335.850647,46,99917.264366
277.651646,48,99922.044655
61.442312,28,99925.070851
756.09894,60,99930.686946
99.350893,36,99933.94814
126.659897,37,99938.488456
597.604562,60,99944.204398
876.644613,64,99950.668436
624.374242,58,99956.26758
328.375532,49,99961.198316
139.229632,40,99964.800638
98.252864,38,99968.308212
244.850835,45,99972.406581
2480.001447,101,99982.312485
376.961374,54,99987.741219
336.989639,50,99992.564343
201.215845,43,99996.565609
143.231731,39,100000.629886
1544.459889,86,100008.488193
725.154848,62,100014.573155
231.372965,43,100018.572904
147.101534,40,100022.434344
-36.363526,32,100025.294982
289.024019,48,100029.923101
13.277653,32,100032.793076
1060.557875,70,100039.806336
517.18307,56,100045.480717
774.062073,62,100051.597528
515.138014,55,100056.638598
230.196435,45,100061.162979
601.308455,61,100066.816529
149.211035,40,100070.548928
193.226367,42,100074.370926
46.946076,33,100077.995142
782.224373,61,100083.978199
8.400726,32,100086.86719
599.69834,56,100092.143873
414.240457,48,100096.930244
334.671488,49,100101.658828
317.48064,42,100106.482415
674.998674,54,100112.270811
179.165264,36,100116.350067
620.200685,58,100121.943721
507.483553,58,100127.507435
700.669016,64,100133.589661
147.960881,41,100137.829503
419.30674,54,100142.844657
242.244501,44,100146.96826
157.498922,43,100150.952821
200.317368,42,100155.133512
131.280194,37,100158.64331
378.769759,54,100163.942189
238.314746,44,100168.258655
332.049367,47,100173.219798
281.804487,47,100177.64807
337.744218,51,100182.537195
756.998737,64,100188.447157
288.103021,49,100193.530179
464.098681,53,100198.614642
214.272098,35,100202.23277
195.728938,43,100206.128803
239.451979,43,100210.550838
957.285098,69,100217.380606
420.484189,54,100222.413769
512.601728,58,100228.176243
243.669154,44,100232.797144
91.04411,33,100235.974881
236.348911,43,100240.048691
330.161547,50,100244.759379
133.406857,40,100249.094195
295.477285,48,100253.727673
119.112101,34,100257.08286
39.605565,31,100259.973149
193.806447,42,100264.299381
145.988224,39,100267.905193
156.360132,36,100271.269893
214.718514,40,100275.104712
328.809005,49,100280.053246
521.388149,55,100285.327432
240.320534,41,100289.386126
1096.595335,73,100296.265034
409.991875,54,100301.722892
335.521518,47,100306.285157
344.768807,52,100311.058605
535.947079,56,100316.54237
413.447548,53,100321.609431
516.07167,58,100326.886835
383.079477,48,100331.485049
438.2901,55,100336.462275
601.624612,57,100342.212735
281.908727,44,100346.778848
281.374859,44,100350.984316
325.451808,49,100355.505872
771.336159,62,100362.461123
434.526096,55,100367.724295
801.855399,65,100373.770606
617.86671,61,100379.391659
751.172719,59,100385.39376
581.610666,61,100390.819166
386.569175,54,100395.938698
408.607183,53,100400.825792
294.149538,50,100406.256118
845.333282,67,100412.572811
126.663254,35,100416.015004
-18.983794,24,100418.287241
287.523635,47,100423.151226
773.529752,59,100428.730667
228.505837,42,100432.71164
606.764428,61,100438.351695
265.436691,44,100442.684267
66.388266,37,100446.076795
283.094345,45,100450.374332
202.454434,43,100454.269074
590.768457,58,100460.228479
963.008417,73,100467.136834
191.803193,42,100470.921324
370.522169,51,100475.71623
951.997023,65,100482.665149
139.625479,39,100486.396734
140.842558,40,100490.00605
220.652114,38,100493.723346
2815.028618,98,100503.139752
321.700452,48,100507.756979
775.603102,66,100513.719759
310.457141,49,100518.212015
427.912097,56,100523.783541
225.968603,34,100527.583727
-11.323002,23,100529.810608
-101.500745,14,100531.380249
465.911086,55,100537.141363
775.967439,65,100543.325242
406.187326,52,100548.474095
124.40562,34,100551.830147
-30.551367,28,100555.052616
282.204836,46,100559.333923
434.41973,52,100564.184775
158.641617,42,100567.975222
500.300222,54,100573.433378
232.493502,43,100577.500185
39.998108,33,100580.743698
231.300687,42,100584.94654
197.521517,45,100589.731249
1055.876251,69,100596.353778
345.895709,51,100600.935744
832.255859,65,100606.849472
806.016395,64,100613.245984
528.338085,53,100618.372953
450.222287,57,100623.543869
280.226223,42,100627.812961
374.036868,49,100632.81568
874.03945,63,100638.993832
680.066499,57,100644.76377
331.011092,49,100649.557311
682.134681,60,100655.889905
90.275596,36,100659.251193
284.692031,47,100663.621611
889.974273,67,100670.135665
427.730825,57,100675.65071
375.589799,53,100680.629864
277.762607,46,100684.85174
767.23309,65,100691.108732
870.193065,67,100697.659359
202.506584,41,100701.603376
51.927156,33,100704.830081
141.63707,37,100708.48485
289.554737,48,100713.505409
553.682615,51,100718.291473
1804.788967,90,100727.217835
369.465822,50,100731.878248
696.690026,63,100738.199495
202.003834,38,100741.804502
439.403081,52,100746.906667
10.974666,32,100749.870996
444.387507,57,100755.337732
89.448046,34,100758.506357
594.470391,58,100764.122765
1101.231198,74,100771.215528
450.364393,56,100776.730669
188.521024,40,100780.472205
343.514381,51,100785.359315
154.637193,41,100789.129766
510.96333,59,100795.388338
376.100047,53,100800.444761
92.003699,37,100803.76052
734.056134,59,100809.547785
279.928412,47,100814.359169
14.091044,21,100816.501063
425.072911,53,100821.489904
236.910476,44,100825.801409
331.797093,51,100831.029501
240.60509,45,100835.478676
617.114623,63,100841.458397
922.709435,67,100847.859312
679.839399,59,100854.099997
153.43366,41,100857.772775
391.126955,54,100862.429653
392.77763,47,100866.978029
104.686954,36,100870.703185
1696.408523,90,100879.226881
1030.31992,68,100886.353236
102.819884,35,100890.085744
1016.89621,70,100897.20342
361.613617,50,100901.900108
436.982755,55,100907.087653
241.161514,45,100911.300347
148.465181,40,100915.464207
261.140195,44,100919.594495
223.002627,41,100923.474358
751.186919,58,100928.998088
48.44139,34,100932.661257
87.288295,32,100935.740162
830.03404,65,100941.722392
1676.582376,84,100949.840177
601.939927,53,100955.277275
2026.962576,92,100964.135441
287.622713,45,100968.54743
266.30577,42,100972.573448
44.741108,29,100975.75464
1066.255924,71,100982.299913
292.720084,48,100986.769213
759.687271,56,100992.256699
915.571959,68,100998.994749
641.52047,60,101004.981065
101.761784,36,101008.852798
220.016562,38,101012.495049
608.140898,58,101018.308043
46.00495,32,101021.222531
498.459552,54,101026.421779
699.763849,63,101032.092125
-20.909867,23,101034.770254
398.088827,53,101039.588232
6.202096,30,101042.367326
430.190234,54,101047.45156
244.395351,44,101051.867531
1037.513274,71,101058.615749
598.927521,58,101064.093948
332.22258,49,101069.017294
320.517231,47,101073.971409
981.169539,72,101080.907333
677.109753,62,101086.775369
202.232217,45,101090.739696
773.866989,63,101097.192328
243.483188,46,101101.365045
766.468108,66,101107.61171
606.515517,59,101113.659727
46.087565,33,101116.979247
26.211069,28,101119.649424
105.118076,35,101122.924169
281.516688,46,101127.620684
108.719359,34,101131.106542
768.86981,66,101137.273311
231.617581,44,101141.22031
1107.886794,75,101148.44961
228.303995,42,101152.97289
419.579761,51,101157.951289
188.413999,41,101161.804752
398.798959,53,101166.652611
180.86895,37,101170.622546
434.823964,50,101175.447833
236.1748,41,101179.418202
175.238446,38,101182.908209
375.039343,54,101188.638246
506.304701,58,101193.968909
146.655662,38,101197.556313
336.393039,50,101202.345417
188.286345,42,101206.434747
161.909473,42,101210.239013
601.173871,61,101216.388856
1885.054604,89,101224.40108
1306.752537,74,101232.121488
702.143707,62,101237.8006
287.241205,45,101242.057546
286.674793,47,101246.671961
342.639527,53,101252.883748
324.479361,49,101258.270465
730.243238,63,101264.39127
185.025171,44,101268.43504
395.76571,48,101273.226278
831.12898,62,101279.084679
428.965799,56,101284.221082
416.900016,54,101289.263221
445.203145,54,101294.568652
364.819827,51,101299.148491
143.477072,40,101302.799735
438.696054,54,101308.172293
613.71056,56,101314.396966
332.391215,51,101319.144639
305.957751,42,101323.315072
375.173061,52,101328.327434
274.733754,44,101332.877339
86.827037,35,101336.03222
460.367613,41,101340.004863
206.720989,41,101343.892169
430.544169,57,101349.664284
950.249021,71,101356.387781
405.032849,53,101361.447561
230.339174,43,101365.511411
107.588333,33,101369.415622
124.258474,34,101372.646214
189.266686,42,101376.492958
195.615399,42,101380.352143
717.513021,62,101387.003754
198.413623,44,101391.139516
1902.297746,91,101399.666298
122.416343,33,101402.879679
776.307989,66,101409.405528
193.68674,40,101413.186873
185.44209,42,101416.980276
995.498407,69,101423.922634
495.574507,56,101429.941368
78.117818,32,101432.931578
438.634858,56,101438.329445
402.229053,50,101443.147061
84.999666,31,101446.43582
914.613074,68,101453.037531
444.704395,57,101458.446005
57.572042,33,101461.567299
299.017256,47,101466.108266
140.955881,32,101469.262816
325.10881,48,101474.003911
977.809277,71,101481.172925
1610.987053,85,101490.509376
425.591339,57,101495.801058
377.890303,51,101500.671846
107.463698,39,101504.283143
409.487371,54,101509.677329
372.137136,53,101514.61309
336.227721,50,101519.398194
242.653282,44,101523.59924
365.459818,52,101528.568514
391.595213,52,101533.314317
367.390564,47,101537.851307
319.27539,50,101542.308445
189.545576,42,101547.05791
1025.34904,70,101553.79125
1335.229316,82,101561.296429
374.358869,49,101566.219674
438.712356,55,101571.55366
239.079131,44,101575.566021
326.099818,46,101579.941668
598.513008,61,101585.679046
243.723951,42,101590.018381
1210.807718,77,101597.557835
-4.821834,27,101600.122784
449.847438,55,101605.486112
681.130832,64,101611.702942
76.389243,30,101614.65676
138.731952,33,101617.893481
793.175278,66,101624.120754
245.65399,42,101628.564998
368.28021,45,101633.076586
332.902368,47,101637.630653
422.355839,55,101642.734784
374.885884,52,101648.075332
45.951514,32,101651.073833
385.862557,53,101656.052038
765.065549,62,101662.095778
2439.350722,101,101671.876443
871.585595,68,101678.52797
295.369271,49,101683.016559
149.392858,32,101686.298909
428.104849,53,101691.821267
512.97016,56,101697.245756
275.783151,46,101701.581508
175.58411,37,101705.124502
172.697241,37,101709.076154
283.33763,48,101713.890078
28.92555,28,101716.668573
313.373468,46,101720.938791
436.833186,55,101726.505491
375.546345,51,101731.478109
307.994752,47,101735.818134
720.735573,58,101741.33835
427.773385,50,101746.687858
138.853668,38,101750.467526
397.598867,48,101755.332252
389.568387,53,101760.322565
592.569663,60,101766.239981
313.645557,47,101770.747285
198.223695,44,101774.63025
-43.840156,20,101776.595608
50.3793,32,101779.974075
189.231043,41,101783.799511
55.975968,36,101787.397678
-95.290544,19,101789.282338
180.867386,40,101793.415217
853.213047,67,101799.978858
150.436945,38,101803.654512
484.412888,54,101808.867833
183.011203,39,101813.299374
284.192257,46,101817.579395
1043.515455,72,101824.621565
1108.831409,74,101831.490376
1318.840071,81,101839.718435
194.419568,43,101843.634075
99.513724,36,101847.265067
1055.480923,73,101854.096773
1793.590023,90,101862.686019
190.782017,41,101866.602315
132.928462,39,101870.2891
283.062728,44,101874.506048
190.415195,42,101878.856536
992.03944,72,101885.53405
38.245384,32,101888.72996
266.773664,47,101892.891305
515.49112,59,101898.66042
127.674575,36,101902.113548
1138.086321,76,101909.798594
529.425877,55,101914.951586
194.294411,40,101919.076215
126.160245,38,101922.765944
155.170041,41,101927.310243
322.729371,49,101932.184492
298.082478,43,101936.790599
320.860409,50,101941.450203
328.283879,50,101946.066801
408.097303,54,101951.074393
368.856974,48,101955.903058
97.773436,38,101959.374065
231.259713,42,101963.54229
148.866193,37,101967.382853
373.007951,49,101972.065539
250.006089,45,101976.276378
536.609401,57,101981.577228
186.382659,38,101985.219802
454.558386,56,101990.943359
240.620156,44,101995.16747
310.820546,48,101999.732934
914.533591,69,102006.365368
318.117704,46,102011.191863
1035.733783,72,102017.726476
374.850794,54,102022.751832
682.536545,65,102028.959063
787.680479,66,102035.858863
306.907571,48,102040.25066
296.465302,43,102044.42182
-90.761946,13,102045.817773
496.436435,57,102051.937312
1690.190285,86,102060.269397
268.575782,47,102064.624456
422.071112,53,102069.486978
195.629733,44,102073.972153
249.177914,47,102078.226145
536.682674,55,102083.54474
89.262531,32,102086.880849
335.039469,48,102091.826514
140.212881,39,102095.301121
810.095299,66,102101.452039
518.683092,58,102106.95777
326.276975,48,102111.866677
183.525982,38,102115.573455
510.732942,53,102121.004564
331.119451,45,102125.461306
79.962969,32,102129.001778
695.677541,60,102135.084898
899.097541,68,102141.608423
276.465343,46,102146.118185
372.919274,53,102151.368419
438.787069,54,102156.287711
-9.874781,28,102158.963969
199.98778,44,102163.393939
374.776999,51,102168.251082
-5.036368,24,102170.675797
94.127157,32,102173.993038
283.94592,47,102178.356207
244.315173,44,102183.043912
430.713253,55,102188.282418
238.081047,45,102192.386641
270.596821,46,102196.664271
145.378272,40,102200.786551
259.004414,40,102204.955821
725.498244,62,102211.011847
378.033134,49,102215.806767
93.995401,36,102219.408785
667.153233,61,102224.970968
525.504131,54,102230.209014
372.915249,50,102234.962296
233.187447,46,102239.813846
451.085307,57,102244.847823
146.526728,37,102248.553779
887.148558,65,102254.693377
306.481192,45,102259.117189
302.086711,48,102263.625872
520.343667,57,102269.442447
501.90779,59,102274.751038
398.010682,53,102280.141634
551.696817,56,102285.396191
51.898415,29,102288.25575
56.603386,34,102291.413644
141.855582,39,102295.240899
169.445384,39,102299.146886
331.574158,49,102304.273522
328.947981,51,102308.988267
374.039592,48,102314.241393
0.563604,27,102316.778905
333.206981,50,102321.335901
45.212627,31,102324.333461
88.71795,33,102328.233326
373.337248,44,102332.682162
620.390265,59,102338.232789
317.461075,42,102342.156848
377.098517,49,102347.149563
193.695006,40,102351.232919
227.029742,41,102355.838882
233.692874,45,102359.928376
284.733629,46,102364.64569
252.370597,43,102368.526976
752.266326,60,102374.202248
1638.771345,82,102382.120135
325.888705,51,102387.710388
95.050813,34,102391.124867
104.793512,34,102394.3475
223.028681,39,102398.200126
634.592867,57,102403.97196
375.054899,46,102408.436965
322.218475,51,102413.342577
334.771655,46,102417.90971
85.352864,34,102421.488106
364.601277,51,102426.393252
80.555324,35,102429.671124
586.093926,56,102434.955578
103.702855,39,102439.040791
439.572872,51,102444.028884
281.143138,45,102448.563961
775.08111,67,102455.134764
69.29395,31,102458.548616
350.260746,50,102462.99567
93.891319,35,102466.352117
283.765693,48,102470.865867
341.013989,49,102475.875005
540.171219,55,102481.027283
295.114416,47,102485.250919
1155.39062,76,102492.290849
235.594579,45,102496.885029
1154.565874,75,102503.890694
436.744303,53,102509.513416
196.298472,45,102514.12572
1224.044226,75,102521.777571
377.806928,52,102526.753021
218.643684,39,102530.78734
129.533713,34,102534.035925
606.512085,62,102540.222264
104.356296,38,102543.679933
850.469102,65,102549.925097
392.755537,50,102554.488442
197.888042,38,102558.568543
529.535343,57,102563.986764
203.426072,43,102568.233685
103.641234,37,102571.653032
589.837359,58,102577.867143
279.859393,49,102582.422431
-0.446941,30,102585.204808
217.943241,41,102588.984195
283.568776,49,102593.664803
1122.055729,75,102600.977849
197.590933,43,102604.96368
246.543879,47,102609.284846
26.022239,29,102612.400261
138.026548,40,102616.067576
757.22448,61,102622.014081
514.932068,56,102627.648171
769.282669,62,102633.838877
100.698491,36,102637.155981
903.19268,66,102643.395926
394.997233,51,102648.255539
89.86808,37,102652.188906
49.061905,32,102655.128525
241.907905,47,102659.431975
599.031976,59,102665.305394
188.843055,42,102669.564168
-3.319424,30,102672.296241
388.223925,54,102677.347474
338.572854,52,102682.104424
40.018163,31,102685.75662
98.026335,36,102689.454468
613.702592,55,102694.859019
599.520558,60,102700.455304
676.601542,60,102706.60067
371.9561,55,102711.492891
21.093198,25,102714.017493
328.276941,49,102718.567475
335.653463,52,102723.732846
405.623511,52,102728.473417
230.689528,43,102732.522336
311.553709,45,102736.82297
910.315337,66,102743.192624
331.683179,49,102748.064217
336.528958,49,102752.854071
1223.788167,80,102760.199535
171.774853,36,102764.196079
608.72529,51,102769.065892
190.297834,42,102773.019543
238.74687,46,102777.241485
95.048675,33,102780.701893
922.156167,70,102787.230402
1405.988403,79,102794.72537
198.919402,44,102798.672379
109.810534,38,102802.463388
690.579645,61,102808.691515
933.72912,69,102815.180875
121.370903,35,102818.422941
285.118601,42,102823.120703
328.018476,46,102827.641085
418.197081,55,102832.78059
719.197942,60,102838.529025
692.034691,62,102844.763175
202.329709,41,102848.649103
42.997431,27,102851.298708
330.041749,48,102855.982372
1249.757059,72,102862.767346
240.174973,46,102867.40434
196.856221,42,102871.277334
325.610546,50,102876.094122
721.553122,64,102882.479234
244.405005,45,102886.627196
8.329715,32,102889.509664
229.42652,42,102893.427076
511.722743,57,102899.124076
60.817759,35,102902.288908
383.893387,53,102907.375527
1154.291307,72,102914.349751
326.971974,48,102919.265512
111.433472,39,102922.686959
377.695909,51,102927.869308
385.336233,51,102933.099883
382.302494,53,102938.604463
441.455154,55,102943.723644
1439.066767,83,102951.775746
379.460592,51,102956.774826
-13.158004,26,102959.554862
411.869642,53,102964.678053
331.261614,50,102969.178856
1565.930956,79,102976.378578
1338.568516,83,102984.358619
778.310768,58,102990.318998
196.267837,42,102994.244257
507.452787,54,102999.511327
257.85538,44,103004.351651
103.420731,36,103007.947443
338.606748,46,103012.632615
191.539875,38,103016.35539
453.712511,54,103021.483945
357.096744,51,103026.099118
869.316928,66,103032.64779
969.413178,70,103039.466653
599.90921,60,103045.423555
-96.683644,14,103047.127985
351.241648,50,103051.932212
132.541235,37,103055.335358
539.577454,56,103061.493171
701.532542,62,103067.635679
344.557972,48,103072.055401
127.992062,37,103075.631031
305.610935,49,103080.623456
842.449063,66,103086.681054
37.715261,29,103089.436275
345.458271,52,103094.298107
349.942074,45,103099.061527
496.91521,52,103104.011116
1118.793238,75,103111.228423
-46.849545,27,103113.775039
-4.936268,26,103116.759576
184.951183,42,103120.754037
47.19667,29,103123.644559
955.472384,68,103130.071544
359.609671,50,103135.261348
787.098942,64,103141.461542
435.7036,50,103146.139702
528.140088,56,103151.384151
392.228386,52,103156.494363
85.005116,30,103159.601964
104.267186,39,103163.145337
389.226671,52,103168.362029
279.50273,45,103172.951598
281.094048,49,103177.324139
162.296339,42,103181.207703
268.305587,47,103185.502011
595.503427,58,103191.716402
455.682468,52,103196.764396
1325.765226,83,103204.636613
179.688703,36,103208.143693
489.766989,58,103213.474191
677.902251,57,103219.177214
233.856937,44,103223.552194
270.262852,45,103228.52675
340.890627,50,103233.885137
179.7233,39,103237.465156
777.19108,63,103243.537982
177.544461,38,103247.485693
380.122216,51,103253.129707
90.354866,38,103256.483151
271.267156,43,103260.500764
1418.177176,82,103268.268857
340.211774,51,103273.437467
92.712601,33,103276.575736
255.150186,43,103280.708373
408.058475,42,103284.580696
194.811269,38,103288.862674
280.536019,39,103292.989741
104.202638,37,103296.388637
83.58877,30,103299.277003
371.624342,55,103304.748582
612.563256,60,103310.396824
369.014853,49,103314.934576
385.188137,50,103319.928644
1087.108013,73,103327.257395
1.904969,31,103330.07492
197.722906,44,103334.261831
181.935568,38,103337.73137
388.054154,48,103342.577439
132.443676,35,103346.082105
362.904034,53,103351.094726
158.89199,40,103354.830739
335.771716,49,103359.790634
1084.291629,72,103366.976575
434.27087,57,103372.381519
53.937522,33,103375.483648
236.123737,41,103379.786521
434.825513,56,103385.111398
932.954835,65,103391.180588
239.533082,45,103395.351312
399.30768,49,103400.543554
352.791292,52,103405.721946
502.87779,58,103411.117311
233.028114,45,103415.386475
599.870873,62,103421.194094
1081.79214,74,103428.292688
424.885335,56,103433.61394
267.291348,43,103437.710128
343.190988,50,103442.944669
388.246001,51,103447.623471
384.509527,51,103452.642314
241.629369,43,103456.793362
1108.780089,74,103464.526002
415.254114,55,103470.021515
611.698605,59,103475.435651
1173.118233,74,103482.415227
228.45161,44,103487.017126
853.905685,65,103493.235713
90.207613,34,103496.422034
339.397615,52,103501.186165
507.787144,59,103507.180006
240.033066,46,103511.330164
222.018962,42,103515.297944
911.173535,64,103521.093813
193.296026,39,103525.249216
202.138461,39,103529.127409
830.901452,63,103535.172662
885.361875,67,103541.38392
159.282782,39,103545.416137
373.922773,49,103550.309454
194.64018,42,103554.241526
164.145361,40,103558.057714
381.329058,52,103563.10425
339.909598,49,103567.732732
1054.649763,72,103574.422806
1521.399414,81,103582.305335
134.717348,39,103586.827229
931.015026,70,103593.661539
147.669083,37,103597.345117
233.244667,43,103601.394427
684.692119,63,103607.633413
359.047351,49,103612.508657
97.130605,36,103615.956543
766.948587,63,103621.949739
55.459661,33,103625.598875
757.670118,65,103631.482877
354.940287,49,103636.040687
578.158209,59,103641.51538
429.865199,56,103647.522841
237.542909,43,103651.532598
373.794451,51,103656.434571
390.797524,46,103660.961112
305.6705,48,103665.759267
549.468631,57,103671.469749
313.102018,47,103675.866132
405.176085,48,103680.301942
96.183486,32,103683.63504
242.766786,43,103687.656347
949.393365,73,103694.401598
129.498243,38,103697.975974
953.050009,65,103704.266942
752.490733,62,103710.484511
1325.669299,73,103717.595253
201.546726,38,103721.152985
283.949733,43,103726.039637
412.553408,54,103731.261759
185.224904,39,103734.912888
667.4077,62,103740.634431
151.279713,42,103744.765111
179.859979,34,103747.975772
130.267504,40,103751.531484
404.916603,54,103756.595187
47.87659,32,103759.893978
317.705808,44,103764.128807
89.768069,33,103767.50712
794.119238,67,103773.913306
231.585191,43,103778.411664
226.284321,42,103782.28416
392.121629,51,103787.266773
140.602716,41,103790.934644
610.92731,60,103797.062279
497.911929,57,103802.49198
667.057074,59,103807.976223
1971.724589,94,103816.554698
202.630866,44,103821.12361
241.020404,45,103825.454833
142.699384,37,103829.11522
535.721828,56,103834.731796
58.101262,36,103838.241385
1068.688887,66,103844.755111
328.354377,49,103849.581022
282.411309,46,103853.923351
238.532509,45,103858.518798
374.98641,51,103863.356822
839.354908,66,103869.626632
699.140049,63,103875.508146
606.273336,60,103881.884573
57.449896,34,103885.028322
525.863656,61,103890.82798
2058.543597,95,103900.045882
584.688106,58,103905.868457
276.566676,44,103910.064376
245.788068,47,103914.356686
32.476455,32,103917.243941
-50.118333,25,103919.987271
459.211843,54,103925.287907
439.533885,47,103929.934622
253.706476,46,103934.159532
125.773622,37,103937.980887
127.865493,36,103941.470808
386.504673,49,103946.399392
541.698646,56,103951.67419
267.730321,41,103956.026452
245.419589,46,103960.144226
707.875505,64,103966.58296
886.708317,68,103972.773374
168.327455,34,103976.754059
276.421469,44,103981.094082
131.533453,34,103984.404025
320.166516,51,103988.993217
936.433662,71,103995.995864
763.938712,65,104001.983682
587.645155,59,104007.990046
234.681215,37,104011.661597
149.964176,39,104015.644219
389.348055,50,104020.65881
1146.03932,72,104027.439515
304.335897,47,104031.858687
376.86402,53,104037.311019
429.83332,57,104042.510716
405.863667,48,104046.857098
326.741671,49,104051.465033
317.866261,47,104056.3781
669.027967,59,104061.938256
232.340603,43,104066.216074
402.909208,49,104071.044007
194.745289,43,104075.363143
299.195648,47,104079.847052
194.889181,42,104083.848893
176.040919,39,104087.507483
126.737744,36,104091.438632
760.98526,66,104097.936818
-9.400505,25,104100.333489
131.84343,37,104103.731481
155.75315,40,104107.743942
451.460423,56,104112.82831
622.097497,61,104118.526412
194.908124,39,104122.24309
605.384006,61,104128.762838
850.741589,64,104134.825172
41.577288,32,104137.848065
321.403711,49,104142.464043
668.834028,62,104148.957068
498.743853,56,104154.483783
42.697558,32,104157.494606
322.434767,49,104161.953753
970.067583,71,104169.2178
148.368668,41,104172.878874
601.885747,59,104178.611194
437.810275,51,104183.816421
89.600716,35,104187.780748
1090.537782,71,104194.621399
380.110782,51,104199.527225
1079.939214,68,104206.118575
509.8445,49,104211.149625
344.596918,50,104215.859886
213.434141,40,104219.780788
1251.609348,77,104227.470796
853.890292,63,104233.962329
2.091393,29,104236.725687
312.49379,48,104241.236978
156.382473,41,104245.086837
437.63159,57,104251.129522
382.69042,54,104256.070598
372.065145,50,104260.562416
1220.415882,77,104267.927162
14.284774,35,104271.440413
330.285589,52,104276.049958
278.869904,46,104280.426811
243.010567,45,104284.577662
432.00506,55,104290.302098
43.95209,32,104293.340674
278.935084,46,104297.717571
421.731888,56,104303.131174
284.910514,48,104308.255506
137.240808,39,104311.88495
283.809514,47,104316.273972
156.311023,40,104320.009793
1069.286411,74,104327.442726
401.408933,52,104332.282352
287.774684,46,104336.617608
939.520511,70,104343.220622
227.267725,42,104347.362087
92.702696,36,104350.801945
620.151246,56,104356.23406
94.815814,37,104359.570861
97.667238,35,104363.24312
937.494317,71,104370.086668
452.576733,57,104375.374901
186.017523,41,104379.451186
93.224285,35,104383.345216
97.186962,33,104386.596512
272.545321,47,104390.790226
184.916214,36,104394.235861
1884.987469,90,104402.781764
890.029491,67,104408.894129
0.430837,29,104411.493834
495.991421,55,104416.701132
905.071313,67,104423.364576
840.730585,66,104429.907686
1202.188233,76,104437.317602
95.812769,36,104440.659263
744.629764,58,104446.605251
268.934393,43,104450.944916
526.499188,59,104456.255967
314.566278,49,104460.847318
845.675403,67,104467.24338
279.151239,47,104471.714549
334.48189,51,104476.339949
468.280415,56,104481.472227
266.401253,45,104486.237974
190.205138,39,104490.180235
180.189817,35,104493.608007
