#{"t_start": 1776774591.3699374, "env_id": "None"}
r,l,t
-273.303247,19,19.755598
-275.276008,16,25.110081
-232.111689,17,30.920086
-244.833861,13,35.529005
-276.507779,17,42.936558
-301.830337,20,49.61723
-293.803103,15,54.443252
-283.003026,16,60.10436
-320.198023,20,67.637834
-223.615851,20,75.513376
-399.758749,18,83.084349
-231.830038,19,90.069101
-275.227514,19,98.238574
-261.024304,19,106.063951
-277.462566,14,111.548046
-248.170547,19,119.471066
-227.009415,15,125.009143
-290.817386,15,130.936147
-268.123213,16,136.063591
-288.551202,21,143.576911
-274.448004,14,148.666985
-141.860551,15,153.020166
-391.181924,21,159.461059
-209.137761,20,166.804711
-268.656614,15,172.246019
-280.704521,16,179.363164
-132.251843,16,185.469989
-218.612322,19,192.071528
-248.963749,14,197.375971
-220.512742,18,203.678578
-292.456564,18,209.763016
-282.747781,19,215.49458
-187.76578,22,222.496053
-330.194746,20,228.819951
-231.755587,20,235.888923
-271.492946,17,244.593218
-290.417625,15,250.833815
-268.58836,14,255.503085
-300.989691,20,264.865267
-120.466464,14,271.246691
-310.296073,14,275.794672
-266.432962,15,280.381923
-196.628591,20,288.666057
-415.463101,14,293.050602
-247.371747,19,300.024381
-363.59011,18,307.346566
-250.593175,13,311.767446
-301.194636,18,318.158812
-272.378968,9,320.876789
-239.938587,16,326.556164
-261.768582,17,332.460297
-258.672916,15,337.902655
-342.010617,22,346.28904
-240.548331,18,351.729416
-280.623102,19,358.252891
-280.363715,17,363.642554
-322.626083,16,369.869853
-112.339405,11,373.535877
-298.159985,19,380.89227
-343.321385,20,387.725186
-268.511551,17,393.889834
-292.256551,17,399.08877
-254.202679,17,404.915081
-264.150373,16,411.381872
-277.521379,14,415.635985
-270.66657,19,421.509242
-247.884324,10,426.325293
-336.484383,17,434.489524
-254.108498,15,439.442406
-283.842906,13,445.075034
-273.932972,20,450.997721
-322.926617,20,457.43624
-275.451347,18,463.401692
-173.126022,17,469.517954
-264.440717,12,474.398101
-228.143472,17,481.121339
-192.264708,12,484.89046
-293.848444,13,490.182084
-196.419249,21,497.828568
-328.822401,12,501.43814
-278.106752,12,506.467111
-338.224584,17,513.200938
-216.790316,19,520.96292
-360.129859,14,526.795977
-222.267305,19,532.987656
-269.142596,17,538.416067
-240.143424,20,546.242507
-247.566705,17,552.336443
-245.965407,17,557.45133
-248.628192,16,565.002733
-301.05713,17,575.482941
-217.292158,14,580.047489
-322.663058,17,586.362291
-198.284067,21,592.958951
-253.285558,16,598.435337
-261.62108,19,604.780677
-206.669866,22,613.64697
-319.831058,12,617.452666
-334.044263,17,624.944958
-229.264457,21,633.226875
-287.180564,10,638.214911
-187.875659,18,644.30965
-242.614692,22,652.373302
-261.255984,15,657.783614
-336.607428,14,662.881657
-220.458063,15,670.040405
-254.086274,24,678.225348
-267.506882,12,683.3398
-233.858152,22,692.331365
-241.551245,19,700.006873
-359.27153,19,706.494306
-235.049284,13,711.370423
-346.391778,18,718.296645
-282.95444,10,721.965624
-340.024917,18,727.535082
-310.247351,15,734.267128
-190.727849,16,739.654381
-381.304495,20,745.842601
-211.920549,19,751.935202
-264.52063,18,760.058557
-253.997694,13,764.10215
-284.405057,17,769.195688
-237.124899,17,774.74801
-316.148639,16,780.063905
-203.984585,19,787.778873
-279.736646,12,792.666227
-275.179442,19,799.216773
-366.723171,11,802.892826
-227.10558,17,809.244366
-296.917151,18,815.191885
-276.978633,13,821.07934
-218.895645,23,828.313987
-254.642128,11,832.766703
-412.526929,20,841.054277
-237.603783,25,849.869216
-409.621414,12,855.511649
-259.756904,15,860.430631
-231.729851,21,866.756667
-259.055178,17,873.803688
-259.73239,19,880.934965
-310.678787,17,886.966911
-275.563386,18,893.030856
-254.613944,21,900.094058
-316.459982,17,905.421848
-298.09703,12,908.942371
-255.671452,18,915.629661
-265.381717,18,922.439038
-314.711145,16,928.684588
-347.732108,20,935.821967
-238.169988,19,941.652473
-287.97097,19,947.921591
-373.468007,21,955.297287
-237.670431,20,964.380021
-259.535244,16,969.519407
-265.472596,20,976.103687
-252.317165,21,983.584828
-302.491279,18,991.749922
-243.70124,16,997.048198
-240.975983,21,1004.002727
-253.533589,16,1010.070393
-207.67814,18,1016.90308
-358.543662,17,1022.641835
-311.57606,19,1029.82719
-270.660972,18,1036.634022
-245.28701,11,1040.057271
-263.549513,16,1046.039209
-315.26596,18,1051.699862
-302.677603,23,1059.182801
-281.67389,13,1063.165263
-295.433321,22,1071.024804
-236.279057,17,1076.659199
-326.694925,17,1082.216237
-240.134154,16,1088.502704
-306.83532,14,1094.006644
-251.909509,15,1098.350144
-228.664266,20,1106.809612
-284.92577,17,1112.58377
-259.816006,11,1117.085125
-275.457294,16,1122.5825
-267.149485,20,1128.870069
-297.457716,12,1136.329518
-323.722564,19,1144.35826
-150.183932,14,1148.592959
-197.528426,18,1155.488213
-242.994955,21,1163.156285
-267.573115,20,1169.976754
-259.914883,12,1174.87332
-285.176075,17,1180.817466
-248.902471,17,1187.964978
-324.713922,17,1194.111713
-212.323733,20,1201.333069
-253.651807,17,1207.067946
-327.444671,19,1214.087632
-289.916623,16,1220.07368
-245.962523,17,1225.56143
-216.506965,18,1231.267035
-245.395146,15,1237.824431
-140.971042,10,1241.917992
-321.467229,18,1251.569052
-295.073012,18,1258.745389
-179.37263,16,1264.367843
-285.380922,20,1270.566799
-293.586999,16,1276.099811
-147.395572,12,1280.396878
-357.716078,14,1284.614786
-245.839541,16,1291.66262
-248.903145,18,1297.034886
-307.350625,20,1303.578287
-216.543227,17,1309.474957
-155.291624,13,1313.048202
-306.777517,23,1322.516992
-251.469092,20,1329.808311
-301.738297,15,1334.698102
-317.266578,16,1341.67682
-311.85502,12,1348.251134
-259.54424,18,1354.040548
-272.474876,18,1360.449633
-274.993977,22,1368.589751
-233.595084,18,1374.473611
-288.550349,16,1379.436904
-140.440907,12,1383.65512
-267.868695,15,1389.889481
-271.144718,20,1397.433865
-322.906009,19,1403.783729
-218.863871,17,1408.640121
-277.819958,12,1412.47958
-309.028992,17,1419.911932
-266.342199,16,1426.236962
-261.91018,19,1432.248467
-335.09089,19,1438.761847
-373.68857,17,1444.690263
-247.178515,18,1450.394504
-283.688187,14,1456.180876
-269.47538,20,1463.761793
-274.658668,15,1469.10218
-299.850229,20,1475.53519
-291.479778,18,1481.699363
-290.781713,16,1486.343775
-307.287833,19,1492.8069
-239.053942,17,1499.294718
-232.903506,18,1506.606667
-240.566516,21,1514.04749
-286.829793,16,1519.344362
-250.890546,14,1523.639159
-320.489984,22,1531.854449
-265.855643,12,1537.65365
-303.663874,20,1543.895814
-255.836735,18,1553.646996
-265.97819,12,1557.123308
-233.483919,20,1565.207113
-336.887951,17,1574.173761
-284.170668,19,1583.666814
-277.643309,16,1591.109493
-292.850262,19,1597.63021
-295.106451,13,1601.796178
-278.847673,16,1607.076677
-276.042841,20,1612.985701
-301.743184,17,1621.249003
-213.957036,19,1628.093251
-235.229512,16,1633.662472
-242.058288,16,1639.646307
-228.148579,22,1646.564862
-350.181149,17,1652.179197
-301.187139,14,1658.148379
-291.257964,16,1664.369961
-294.638315,20,1672.247895
-265.688506,21,1680.12072
-286.033509,15,1687.800299
-361.483685,14,1692.60812
-258.900518,17,1698.321239
-263.791619,21,1706.458152
-276.140219,18,1714.281061
-230.126201,18,1720.231522
-255.641257,18,1727.557843
-315.788141,17,1734.21561
-266.836313,17,1741.756972
-356.094202,21,1749.546031
-197.434923,22,1758.730121
-283.807428,19,1766.374314
-220.578754,12,1771.453951
-206.077132,20,1779.233349
-246.393851,20,1785.422025
-252.615631,18,1793.0473
-304.13673,21,1801.55903
-309.839451,19,1809.181306
-291.464489,20,1815.641054
-282.951542,17,1821.161727
-249.506765,16,1827.360666
-281.893021,19,1834.24449
-280.999376,15,1840.712127
-256.709379,18,1846.249109
-291.984974,18,1851.466912
-251.770512,14,1857.306832
-343.751006,16,1863.269184
-231.309087,19,1872.364468
-210.556374,12,1876.211359
-241.966218,16,1882.38801
-279.354073,13,1886.979379
-315.033906,21,1894.289002
-241.882358,16,1899.807021
-211.255455,12,1905.141287
-316.439091,15,1910.006073
-232.902978,16,1914.886429
-218.137282,17,1921.879093
-292.096097,14,1928.74494
-427.622832,18,1934.456101
-246.086601,19,1940.098049
-305.78404,17,1948.314112
-197.926082,20,1955.087615
-248.496637,16,1960.904484
-257.990226,18,1966.308459
-266.49148,18,1971.868589
-277.363471,14,1979.051509
-280.286085,14,1983.595972
-320.521721,14,1988.24032
-244.90854,14,1993.127093
-229.164101,19,2000.04915
-270.565191,17,2005.420231
-258.818396,12,2011.498415
-283.521199,18,2018.132084
-267.140018,15,2023.480361
-271.298562,14,2028.510447
-241.872489,14,2033.619178
-246.732616,15,2039.677541
-245.472925,18,2045.594919
-356.640659,14,2050.832917
-229.501163,17,2057.000561
-247.483394,18,2062.319963
-247.733543,23,2069.889147
-298.265023,15,2076.80363
-270.622589,17,2083.740373
-300.185715,21,2090.531787
-243.002531,16,2095.968679
-287.851496,20,2103.230237
-275.107181,12,2107.665143
-274.660463,20,2116.299246
-313.305838,15,2120.969589
-310.970927,18,2128.21621
-324.894999,24,2139.786528
-317.907705,22,2146.33122
-321.176978,22,2153.1627
-175.796573,16,2158.529338
-243.157472,19,2164.248036
-315.553318,19,2171.323028
-236.979226,15,2178.700127
-342.676659,15,2183.386326
-291.391662,16,2188.851196
-307.24869,13,2194.759376
-270.942988,19,2202.539537
-305.842229,20,2211.00696
-220.801283,13,2214.812534
-297.100831,27,2223.947572
-295.225198,15,2230.670152
-320.586772,19,2237.561416
-307.785582,16,2242.861284
-212.339376,21,2249.703405
-274.508133,19,2256.208809
-217.385587,17,2261.717329
-329.772722,17,2268.073706
-264.69431,17,2273.179648
-239.650126,18,2280.263808
-366.028826,20,2286.353609
-264.841094,15,2291.795416
-200.925493,18,2297.055755
-260.513977,18,2302.590045
-289.418937,16,2309.746748
-314.501046,18,2318.064325
-230.393958,15,2322.772333
-308.57254,15,2327.679102
-196.345924,15,2335.251054
-292.12711,10,2338.551693
-299.978449,17,2343.890775
-235.382149,15,2351.016082
-301.915627,18,2357.328842
-287.887808,16,2362.947124
-302.295198,20,2369.613682
-235.894174,16,2375.773504
-257.577918,16,2381.065166
-281.386924,13,2387.621547
-234.898506,19,2395.807481
-265.889972,11,2399.478409
-269.914882,15,2405.997894
-281.565708,14,2410.760296
-230.506351,17,2417.365445
-205.582932,20,2423.663904
-222.849952,19,2431.889582
-234.716113,16,2437.672204
-287.805667,10,2441.835263
-163.187933,13,2449.193867
-231.701314,19,2457.204817
-253.076601,20,2463.366279
-267.889058,18,2469.820689
-252.174957,14,2475.292507
-176.054995,11,2478.696146
-232.544486,19,2487.189056
-301.626404,15,2491.389996
-231.379281,18,2496.770574
-273.422045,13,2500.803996
-306.294299,15,2506.908476
-343.069771,15,2511.357233
-278.465201,14,2517.064605
-218.144027,17,2523.59714
-331.783723,20,2532.048914
-304.310503,16,2537.028609
-261.637502,21,2545.851735
-298.898682,19,2553.370187
-250.62486,17,2558.790543
-276.380472,12,2564.246714
-323.268767,12,2568.725925
-404.238348,21,2576.948578
-268.868756,21,2584.455082
-211.539641,22,2592.480878
-363.896359,21,2600.326666
-267.869851,16,2606.208732
-223.929606,10,2609.542863
-270.517189,11,2616.817372
-282.894769,20,2624.689468
-281.965245,19,2631.173461
-310.205683,10,2636.412224
-240.097656,17,2641.721642
-266.66344,20,2647.845674
-248.035991,21,2655.837323
-248.095552,17,2662.721824
-176.626536,16,2668.031924
-273.392324,15,2673.895425
-287.73313,17,2680.221601
-333.097624,22,2688.104064
-291.802395,15,2694.610327
-228.958578,23,2704.354909
-210.722424,23,2712.429231
-213.276768,23,2721.56657
-230.228164,17,2729.109348
-236.654902,17,2734.125724
-202.636138,22,2741.596131
-331.16195,19,2747.944323
-244.505534,21,2754.909389
-256.24262,15,2760.411366
-294.500784,20,2769.831962
-286.646819,23,2777.968934
-276.61902,16,2783.892513
-275.423199,19,2789.816329
-251.974344,15,2794.736599
-223.689021,18,2801.177986
-318.036995,17,2807.687265
-340.197912,18,2813.871553
-230.567594,18,2821.357275
-406.119031,14,2827.179568
-318.517237,19,2833.091635
-323.618988,16,2839.946032
-261.444627,17,2848.911237
-317.743497,21,2855.676798
-374.705452,17,2860.928154
-236.76536,20,2868.488973
-314.34706,17,2874.422631
-245.788522,9,2877.292869
-236.206874,16,2883.33305
-297.525987,18,2890.927305
-235.952277,18,2899.42017
-157.852472,12,2903.459478
-294.367171,12,2906.984189
-297.934136,15,2912.733609
-281.87595,21,2920.170966
-286.927774,16,2925.896199
-244.148646,15,2931.446111
-297.668286,17,2937.720443
-237.578105,15,2942.407475
-188.473645,20,2949.363344
-258.236817,16,2955.600399
-298.192194,21,2962.409046
-272.018766,23,2969.758517
-270.557247,18,2976.030864
-227.934584,17,2982.586636
-262.931569,17,2988.291346
-291.060726,22,2996.098728
-273.637845,20,3002.365618
-289.802875,20,3008.518954
-328.907684,16,3014.221722
-312.173309,18,3019.822016
-271.796444,18,3025.879442
-275.537896,16,3030.839284
-206.923819,20,3037.826517
-281.566343,19,3044.149688
-250.614053,14,3051.04693
-363.522121,18,3059.036979
-231.097536,19,3065.658077
-267.594494,21,3072.301229
-308.514869,16,3079.07539
-410.618007,24,3157.620544
-286.13054,20,3164.780569
-266.862362,18,3172.504821
-249.34501,21,3179.726223
-281.208364,21,3186.600492
-267.21402,19,3193.446457
-168.46316,14,3199.13329
-355.337721,20,3207.076983
-288.09155,24,3216.766328
-263.430559,18,3223.532656
-263.691231,15,3228.452303
-231.380401,17,3234.710632
-261.594027,21,3245.409842
-297.248603,16,3252.654984
-309.273779,18,3259.066296
-284.0958,13,3263.715192
-348.282922,18,3270.130825
-203.145905,17,3275.796165
-271.14846,19,3282.418584
-307.839588,17,3288.290478
-237.18142,11,3293.191801
-414.38367,18,3299.69902
-198.439973,17,3305.659196
-270.051249,20,3313.742814
-179.500924,13,3318.161507
-306.357365,23,3326.046438
-261.724344,16,3333.224866
-318.296511,19,3339.616947
-308.950287,16,3345.9455
-268.682488,18,3351.874814
-234.104759,16,3357.619146
-264.031287,15,3363.762942
-303.862135,21,3372.573209
-278.934311,20,3379.79547
-271.891708,16,3387.04681
-297.786298,13,3392.821673
-267.305769,20,3401.391608
-273.100564,15,3406.558415
-240.228984,18,3412.920937
-204.019665,18,3420.227344
-292.236763,20,3428.054397
-272.831079,13,3432.829217
-251.368698,18,3438.704188
-367.856441,23,3447.274485
-195.162543,16,3454.137417
-192.072455,20,3462.865776
-260.593024,18,3469.231807
-313.198477,17,3475.296212
-290.422916,19,3482.110823
-294.801986,17,3487.718099
-126.76778,20,3495.045676
-295.554543,18,3501.13653
-265.052496,16,3506.941712
-225.409003,18,3515.63105
-185.406973,21,3523.078519
-298.283645,19,3530.217996
-324.715066,16,3535.679834
-371.26956,20,3542.889323
-287.876402,21,3549.671783
-358.749107,20,3557.339505
-249.282642,18,3564.186325
-269.520962,18,3570.317029
-310.64862,17,3576.02899
-273.819862,19,3584.078115
-221.796585,19,3590.420002
-311.428464,12,3595.52414
-419.453284,20,3604.11052
-220.392839,17,3612.537681
-292.219309,12,3617.564985
-252.409077,13,3622.50179
-300.833973,13,3628.054965
-223.343876,18,3635.56617
-219.824286,24,3644.169309
-195.11688,14,3649.110287
-318.372909,16,3656.423136
-251.205052,18,3664.985464
-281.025976,17,3673.763719
-261.456703,18,3681.083402
-281.946562,16,3686.820396
-287.435764,11,3691.422116
-251.227881,18,3697.749914
-190.870737,17,3703.229558
-253.29782,13,3707.403981
-303.193558,15,3712.101695
-312.896001,19,3720.161591
-302.303973,17,3725.623463
-304.943539,23,3734.895329
-371.324015,23,3743.597533
-231.847159,19,3750.960875
-274.656058,19,3758.54161
-258.607721,17,3764.616673
-320.892932,18,3770.52851
-318.982329,17,3779.315977
-200.63366,20,3785.592831
-245.383422,16,3792.352516
-235.596192,13,3800.438405
-274.348967,16,3806.872283
-319.620565,12,3812.162117
-282.83813,19,3818.994372
-252.780041,18,3825.192942
-230.398414,19,3835.14505
-267.403335,19,3842.579328
-301.899,14,3850.17972
-267.504411,15,3855.748245
-258.08351,21,3865.305159
-309.300732,23,3874.355722
-262.523955,16,3882.388439
-262.602639,18,3888.523339
-281.380888,20,3895.656301
-320.411272,16,3901.948998
-283.011217,12,3907.088744
-311.482883,16,3913.375199
-250.175391,19,3920.975386
-287.721998,15,3928.162352
-238.397694,22,3936.31329
-293.503732,18,3943.084541
-262.661501,17,3951.901329
-172.05217,11,3957.6982
-313.831541,19,3963.93091
-228.453869,19,3970.544954
-361.687759,18,3976.671553
-284.016855,15,3981.536918
-259.924628,14,3986.695076
-251.073926,20,3993.208731
-262.212345,15,3998.991029
-276.952242,15,4005.326533
-259.058626,16,4013.422122
-280.359794,15,4019.750597
-299.120298,16,4025.54908
-232.819262,18,4032.745809
-163.597874,14,4037.398282
-245.030047,19,4044.509615
-262.067975,15,4049.486404
-220.431375,16,4055.523135
-235.374838,15,4060.38416
-240.436458,18,4066.981347
-283.782272,10,4070.394405
-282.96835,17,4076.445884
-299.96349,22,4084.171282
-319.364956,18,4091.332512
-324.330283,15,4097.795805
-260.941339,21,4104.588446
-315.409175,16,4111.34876
-291.991787,18,4118.338712
-238.700485,18,4125.080479
-287.451854,20,4131.608449
-266.316681,18,4137.887781
-293.157091,17,4144.723212
-200.030649,20,4152.25918
-243.974099,12,4157.605754
-209.068162,21,4166.119686
-178.518474,13,4170.676256
-260.125857,14,4177.463988
-180.437959,9,4181.908756
-270.781466,17,4187.357589
-315.231747,20,4194.745676
-271.26033,18,4203.258532
-289.771452,16,4208.874382
-251.494171,13,4213.201238
-397.98719,20,4220.935469
-305.433329,12,4225.672331
-423.931691,20,4233.009553
-297.115296,19,4240.217499
-286.254494,17,4246.229669
-278.896693,11,4251.810741
-223.098467,15,4257.42595
-317.199161,18,4263.978345
-222.176665,22,4273.583546
-317.039073,18,4279.881353
-296.537068,18,4289.137124
-172.559426,18,4294.992324
-227.407442,17,4301.982171
-304.512081,18,4307.860296
-238.553515,17,4313.697605
-218.155026,21,4321.879244
-213.87889,17,4327.625014
-310.218915,17,4334.339189
-310.267919,18,4341.978895
-315.847734,20,4348.798579
-289.070111,14,4353.746511
-259.487836,17,4359.594877
-237.801955,16,4364.934434
-341.672741,12,4368.898618
-316.587859,16,4376.16542
-252.821158,15,4381.033204
-327.979382,17,4388.315454
-206.609864,20,4395.172268
-199.465267,19,4402.697071
-309.37007,20,4409.621901
-268.958887,21,4417.796261
-321.802668,13,4421.971315
-225.901908,18,4428.89706
-275.680795,17,4437.15467
-296.048755,20,4445.336977
-297.941923,16,4452.647565
-361.26595,14,4458.933969
-298.087385,16,4464.859308
-417.863889,19,4472.257593
-256.23569,10,4475.888757
-280.573921,14,4481.575249
-390.511195,21,4489.472572
-320.867037,19,4496.460067
-384.794977,18,4503.735448
-195.599183,21,4511.372826
-269.756482,17,4519.856992
-336.544,16,4526.435848
-244.066746,11,4531.078756
-276.40571,18,4538.564974
-286.187264,20,4547.204166
-230.72108,11,4550.977913
-265.559212,15,4556.132042
-297.378699,16,4561.900146
-253.927833,19,4568.715443
-264.527109,12,4575.437665
-241.364116,17,4581.54566
-297.795588,19,4588.174647
-225.396074,16,4595.031318
-267.493102,18,4602.420015
-364.475391,20,4610.43526
-167.871134,19,4616.959747
-280.066329,16,4624.460702
-223.04652,17,4630.199327
-284.178319,22,4638.480168
-277.433108,15,4643.954966
-266.496494,17,4649.730746
-251.097452,19,4658.07689
-314.222517,22,4665.554624
-304.573832,16,4670.53113
-256.258324,17,4676.886258
-266.730272,21,4685.584501
-364.530219,14,4692.107565
-233.701362,18,4698.342705
-272.207817,17,4704.085871
-297.351957,19,4710.83951
-334.988558,9,4715.588111
-267.280929,15,4721.127398
-332.541544,16,4726.325822
-264.27834,17,4737.004865
-299.064561,19,4743.385477
-160.91569,16,4750.586085
-265.353812,14,4755.588753
-284.638145,18,4761.901574
-336.655638,19,4771.36583
-222.366095,20,4779.057168
-251.958742,16,4785.758531
-220.884566,20,4792.582413
-206.87511,16,4798.130932
-263.539071,16,4805.435157
-261.706567,16,4811.130645
-261.950545,11,4816.85755
-258.463545,17,4822.659543
-205.937591,18,4828.723569
-254.945401,18,4834.6502
-227.473994,22,4842.236537
-278.578408,17,4848.118716
-277.909584,16,4854.665593
-227.351417,18,4861.302197
-274.004648,20,4868.34022
-258.738107,20,4875.762788
-329.817163,16,4881.560108
-315.632728,11,4886.294274
-272.560544,19,4893.947291
-235.109441,17,4900.510483
-353.725533,12,4905.208278
-333.412937,17,4913.479465
-243.911196,16,4920.591842
-208.092931,16,4926.192656
-395.589581,18,4934.246219
-251.017815,14,4939.352205
-226.965689,22,4947.016982
-256.436609,16,4953.534322
-233.884555,18,4960.320379
-340.404748,16,4965.788461
-281.123781,19,4973.823364
-251.697755,14,4979.214943
-347.808208,13,4983.640558
-291.063368,14,4988.49615
-147.883689,15,4993.604957
-306.514611,18,5001.315809
-289.671759,12,5006.299875
-287.666523,16,5013.323666
-271.234953,19,5019.635993
-238.923477,14,5024.979468
-257.535977,18,5031.877336
-266.89834,16,5037.681026
-338.253163,18,5045.117832
-245.323281,14,5049.977943
-304.894703,22,5057.667183
-264.07565,17,5064.164704
-312.196845,17,5070.447124
-243.641725,18,5076.353035
-253.101096,17,5082.933163
-259.36074,11,5087.724162
-207.35985,17,5096.245196
-252.789016,17,5103.901561
-159.448553,13,5108.701744
-246.220238,18,5115.292735
-311.49299,19,5121.825915
-245.594992,21,5132.906083
-294.112164,16,5139.592843
-298.114264,15,5145.056866
-264.668889,17,5151.316173
-263.223857,14,5158.37762
-244.732546,19,5165.326301
-269.40347,15,5171.46293
-219.016087,21,5178.949365
-255.417232,19,5186.541693
-195.462339,20,5194.621171
-315.534574,18,5201.061746
-290.426978,15,5205.885992
-259.730174,19,5212.118054
-254.737217,14,5219.198014
-226.895407,16,5224.785395
-250.903958,18,5231.437307
-285.08471,12,5235.857581
-253.845034,20,5244.855042
-193.377124,20,5252.240202
-258.827741,15,5258.011299
-188.438526,15,5264.075271
-267.541664,16,5270.325159
-312.501282,17,5276.243726
-243.491363,18,5283.359441
-289.663635,17,5289.802208
-230.236357,18,5295.925978
-261.000596,17,5302.283165
-266.316608,15,5307.265764
-298.465895,17,5313.912329
-296.185804,18,5320.320096
-312.342955,20,5329.649875
-234.442911,17,5336.343327
-276.902982,14,5342.515595
-314.21015,20,5349.326317
-382.978655,16,5355.296692
-212.706418,17,5362.334225
-237.281886,18,5370.84731
-131.265088,11,5374.361125
-260.67441,19,5381.477054
-324.207376,19,5388.006949
-252.729213,17,5394.47331
-248.040235,21,5401.912723
-237.558047,17,5407.752189
-288.552071,17,5413.827864
-240.397695,17,5420.206157
-219.833996,19,5426.305093
-285.506857,16,5432.559408
-292.250789,14,5437.271302
-329.600577,20,5446.56067
-263.086015,19,5453.501126
-259.713126,18,5461.697781
-267.546097,15,5466.720026
-248.532951,18,5472.948687
-272.607606,16,5479.211239
-236.822789,16,5485.46241
-276.966138,20,5495.167984
-284.487954,15,5500.864924
-269.992779,15,5505.890455
-343.572187,15,5510.614841
-257.000343,21,5517.338526
-284.087662,20,5524.464211
-320.398435,17,5531.374274
-227.262887,19,5538.181033
-266.856791,11,5541.838584
-227.851087,21,5549.663607
-254.735438,19,5559.469062
-304.044418,17,5566.454029
-181.251784,18,5574.648386
-174.913905,13,5580.55709
-289.969575,19,5589.390233
-244.517656,13,5595.682316
-433.531907,20,5603.507905
-232.604157,18,5609.531309
-361.317255,18,5616.748035
-236.177612,17,5622.519888
-270.039738,12,5628.33161
-279.884905,18,5634.551942
-308.513876,15,5640.131573
-251.735606,14,5645.04506
-269.114687,10,5648.90171
-226.277413,18,5656.611267
-288.260612,14,5663.025023
-261.984783,21,5670.468088
-235.519573,16,5676.141332
-253.741473,17,5683.262193
-275.183282,14,5687.938451
-277.776755,17,5696.253028
-198.385995,16,5701.635594
-354.738673,20,5709.00863
-261.411349,21,5717.144778
-248.207021,22,5727.856085
-256.862986,21,5735.047765
-310.207528,16,5741.753489
-302.12856,15,5747.542387
-251.646115,15,5753.475349
-292.169403,19,5759.893175
-263.142215,16,5765.645766
-246.620914,16,5772.159175
-253.246704,20,5778.786122
-343.064111,23,5787.434974
-297.298284,22,5796.901023
-330.311466,17,5805.426368
-298.807933,18,5813.589119
-316.645472,18,5820.000946
-267.948239,10,5824.030367
-264.912553,24,5833.323585
-279.353166,13,5839.629163
-371.56891,22,5849.112308
-313.088642,14,5856.066976
-245.674822,18,5862.80404
-235.884998,20,5870.700156
-285.030344,14,5875.493189
-250.962589,18,5881.928797
-176.970581,12,5885.716508
-258.886282,18,5891.786349
-245.822475,14,5897.35294
-251.673937,10,5900.472791
-265.616609,20,5908.312567
-316.534339,17,5916.315782
-252.104425,10,5921.484378
-154.798901,15,5926.421959
-277.669896,14,5932.483242
-239.913504,22,5940.130647
-356.5838,15,5945.098056
-220.291496,18,5952.991707
-241.925204,20,5962.755588
-253.678022,16,5968.529411
-261.287866,18,5975.134622
-314.596602,16,5982.006099
-358.875017,17,5987.737937
-274.51015,14,5993.702388
-297.452525,15,6000.166595
-310.654315,15,6005.681751
-274.13786,14,6010.256715
-256.615618,19,6017.205492
-280.500194,17,6023.975796
-223.214457,17,6029.468024
-355.834272,19,6036.680207
-297.398778,13,6040.90995
-336.614997,16,6046.849293
-330.055449,20,6054.44583
-242.767758,19,6061.643723
-334.015383,19,6068.426589
-272.901043,12,6073.786409
-255.927097,10,6078.037914
-296.850882,15,6085.492651
-292.554316,18,6093.231885
-254.539337,22,6101.195416
-296.259228,13,6106.00677
-284.453419,18,6112.467374
-295.156659,22,6119.450632
-174.502937,21,6126.486588
-299.14309,21,6134.700683
-326.183231,15,6141.894427
-247.466338,21,6150.025082
-293.62683,15,6155.215787
-327.940094,15,6161.117372
-283.320057,22,6168.890031
-236.956932,18,6175.196574
-241.165472,18,6184.843536
-242.333664,22,6192.177673
-247.383237,22,6200.884627
-365.188743,16,6207.105382
-210.744111,19,6214.238262
-141.697435,14,6219.02614
-281.959946,10,6222.358525
-292.580963,25,6233.633137
-370.389317,16,6239.269452
-233.141689,17,6246.669809
-307.296384,15,6252.974756
-341.21936,19,6259.358707
-259.241363,19,6266.549339
-370.952692,15,6271.882941
-334.123204,20,6280.609869
-331.397854,20,6288.0325
-258.223597,14,6294.135566
-224.230126,21,6302.635401
-231.589437,19,6309.542692
-273.19145,19,6316.894896
-261.371409,21,6325.732953
-258.366486,14,6331.123908
-249.518326,16,6338.682353
-230.201706,23,6346.526097
-392.594997,17,6352.547988
-230.336635,15,6358.048505
-206.932505,19,6366.914195
-274.157944,18,6372.869477
-191.513722,22,6383.138708
-277.345697,13,6453.990508
-282.807847,19,6463.477523
-245.226619,15,6468.960984
-264.405988,19,6475.962379
-330.280806,21,6483.588788
-220.640415,20,6491.782271
-252.429112,13,6496.536937
-285.604737,17,6502.756549
-286.029087,21,6509.518213
-271.539939,18,6517.624673
-248.377069,19,6524.567885
-283.764522,15,6529.546047
-280.18665,17,6534.946118
-230.57313,16,6540.773883
-247.985016,19,6548.739327
-279.140259,17,6556.126552
-215.011105,18,6562.095934
-334.671826,19,6568.480142
-231.658737,19,6575.040911
-309.488782,15,6580.213539
-373.634931,20,6588.396823
-222.174463,15,6594.375814
-218.261509,10,6599.620997
-271.232115,14,6604.51198
-304.894607,18,6610.818923
-245.281326,15,6616.874507
-267.975097,18,6623.3112
-199.167235,22,6631.43543
-227.259647,16,6638.56664
-350.894995,22,6646.392281
-294.628364,20,6654.008685
-237.340846,15,6659.922064
-366.092359,24,6668.554445
-253.128895,14,6673.908142
-202.030672,17,6682.230332
-349.097997,12,6686.783096
-278.198975,19,6693.108299
-277.718012,15,6700.413282
-258.773885,16,6707.094836
-320.489584,16,6713.282198
-237.429383,17,6719.428647
-332.781296,15,6725.632779
-257.667272,21,6732.971256
-270.440274,14,6737.700669
-276.352068,13,6742.362515
-404.14647,18,6749.66012
-214.058,20,6756.447807
-336.61986,20,6763.531816
-199.494034,19,6770.008736
-238.365761,16,6775.556087
-221.236931,17,6781.018176
-250.308992,18,6787.371481
-305.29721,17,6793.978934
-207.862358,20,6803.520722
-243.072048,17,6809.227173
-281.452391,18,6816.231518
-277.258676,14,6821.150964
-251.628479,14,6827.180854
-215.661874,19,6834.15749
-205.612045,15,6841.104471
-300.54535,20,6849.267147
-257.418475,19,6856.428639
-289.670416,22,6865.766335
-250.004017,19,6873.163027
-275.631652,18,6880.721779
-248.49825,12,6886.380256
-290.227122,20,6893.930765
-309.100068,17,6899.964332
-271.794761,13,6904.746062
-243.891274,21,6913.033232
-301.926461,17,6919.909627
-331.889223,20,6928.974803
-262.038874,12,6934.365213
-237.752725,17,6942.438639
-183.444524,16,6948.984506
-276.571327,18,6955.258959
-288.20715,17,6960.923764
-191.006573,15,6966.792439
-219.868366,16,6973.087091
-253.545643,14,6977.706356
-266.744956,18,6985.23526
-302.844088,21,6992.473484
-246.027455,18,6999.203939
-328.532639,17,7006.531425
-231.238363,17,7012.310551
-302.78872,16,7018.942049
-353.650147,17,7026.282387
-310.958755,20,7033.437959
-269.613693,19,7039.905828
-229.175502,18,7045.869659
-289.740801,15,7050.94575
-268.787589,12,7055.082941
-249.588148,10,7061.109368
-244.828362,23,7069.186221
-249.909411,18,7075.461409
-337.415583,21,7082.797578
-235.17619,23,7092.634234
-279.324719,13,7097.112546
-250.256584,18,7103.658782
-287.793478,14,7107.883275
-242.193878,18,7113.97509
-285.546243,13,7120.294182
-268.043197,21,7129.789438
-293.865684,14,7135.085352
-319.468234,17,7140.924814
-285.456782,16,7147.293989
-166.65243,13,7152.531952
-260.898417,19,7159.556069
-257.879891,17,7167.965386
-237.86851,20,7176.447545
-251.35475,18,7182.954554
-277.470912,22,7192.143394
-271.046106,17,7198.598863
-232.950103,18,7207.095989
-231.362088,19,7216.462949
-280.378633,15,7224.31209
-262.170284,17,7229.883289
-209.88169,18,7236.554421
-283.514796,16,7242.106112
-320.905573,13,7246.981979
-261.281274,22,7255.933726
-289.146422,24,7264.399085
-353.023165,20,7271.492837
-229.588182,18,7277.532758
-318.202269,17,7284.648042
-320.679799,20,7293.23349
-288.600857,17,7300.318506
-275.058801,13,7305.426684
-309.951851,13,7311.287312
-234.703147,15,7316.47155
-232.723081,13,7321.423522
-284.688421,11,7326.312827
-317.755407,13,7333.831511
-158.335334,14,7339.084437
-304.362529,13,7343.495492
-304.813052,16,7349.463776
-225.538707,13,7355.849205
-239.401793,18,7363.054576
-332.366907,14,7368.623837
-216.065507,17,7376.214529
-261.243158,21,7385.475102
-288.212333,13,7390.964746
-345.147063,18,7396.973074
-263.891009,16,7403.285976
-250.411988,20,7410.593379
-184.158987,15,7415.63263
-170.664076,21,7422.787248
-289.711767,17,7431.155353
-338.949435,20,7439.668444
-306.358895,17,7445.335518
-277.464551,21,7454.385324
-142.639889,17,7461.452635
-272.263752,12,7465.633871
-299.865221,21,7473.149884
-257.761157,15,7480.216174
-258.471214,14,7486.282543
-237.028934,17,7491.959739
-265.027571,19,7499.521887
-209.411313,15,7506.115445
-282.607357,15,7511.50225
-282.977173,12,7515.901497
-262.647244,15,7521.199938
-209.964912,17,7526.88851
-262.18582,16,7533.28635
-331.769319,19,7540.413493
-244.876587,16,7545.898534
-258.937542,14,7551.637586
-240.700183,16,7557.076823
-241.873652,16,7565.32744
-280.696373,17,7572.409821
-291.645792,16,7580.989606
-275.285484,16,7586.904342
-293.985771,17,7593.603213
-247.698103,18,7601.540208
-216.87779,18,7608.77182
-294.748858,15,7613.884731
-226.629602,19,7620.601381
-314.999492,14,7626.619809
-225.775093,22,7636.433438
-329.317224,20,7643.799306
-205.177937,17,7649.945518
-325.878187,17,7655.860389
-297.8056,15,7661.802421
-259.441402,21,7669.641329
-320.491671,21,7678.001581
-322.667837,16,7684.842738
-219.777319,18,7690.952528
-322.845171,21,7700.072866
-339.335484,17,7706.271058
-291.207943,22,7713.628972
-178.016468,15,7718.431387
-271.262054,11,7722.758442
-270.121472,12,7728.001297
-286.88012,19,7735.135497
-302.090594,23,7742.972106
-189.633595,16,7750.142298
-232.480636,18,7758.593737
-240.442272,19,7766.901855
-257.491668,15,7773.870836
-283.109358,14,7779.341901
-208.802935,15,7784.300426
-304.612971,20,7791.500059
-301.468954,19,7798.552678
-239.103849,17,7804.7281
-253.039623,15,7815.002338
-266.714538,17,7821.245516
-211.047015,16,7828.111285
-259.005847,14,7833.664346
-278.581876,17,7839.446358
-356.959186,19,7846.212168
-223.394381,21,7854.065671
-297.255783,19,7860.736393
-266.058004,17,7867.561681
-286.406133,22,7875.608045
-289.429797,18,7883.272803
-214.83955,18,7889.376776
-259.160469,20,7898.648873
-225.800609,14,7903.90531
-300.343147,17,7910.58302
-238.434038,14,7915.771635
-311.642135,12,7920.306279
-293.393291,15,7926.022277
-300.287484,19,7932.921833
-214.403748,21,7940.126539
-333.474587,18,7947.043427
-286.427471,18,7953.970864
-309.885817,10,7959.26401
-325.181971,12,7965.489141
-286.77266,12,7971.319165
-135.816793,13,7975.839354
-335.045683,14,7981.476147
-285.674709,11,7985.136568
-268.706746,19,7992.319498
-310.572784,11,7996.827562
-277.115345,9,8003.023181
-329.963332,20,8009.296486
-243.513212,18,8016.311528
-282.063187,16,8021.602324
-324.807078,19,8028.247874
-167.393677,19,8034.343744
-367.274193,20,8041.783559
-201.257282,10,8046.077636
-299.396356,14,8051.961718
-248.20112,15,8057.530748
-156.670672,15,8062.435088
-198.390833,23,8070.991815
-289.416231,19,8078.350628
-282.288594,18,8086.282647
-283.915505,19,8092.371451
-292.910779,19,8098.64289
-302.467024,20,8107.649939
-299.132325,15,8113.231052
-267.658538,17,8119.476927
-323.02695,15,8126.502761
-222.396159,19,8132.879579
-304.192029,20,8140.594636
-260.780178,16,8146.453377
-229.755492,17,8155.127378
-318.43682,19,8162.314651
-171.934776,25,8171.903994
-233.788696,16,8178.784681
-326.943575,13,8183.695183
-285.649235,19,8191.371627
-304.975459,18,8199.311946
-190.824779,17,8207.531884
-261.904914,15,8214.336169
-295.297217,20,8221.867683
-289.095703,12,8228.319093
-248.642734,18,8236.620429
-360.099082,19,8243.066411
-312.510763,15,8250.41082
-313.645639,22,8259.663815
-277.971993,19,8266.182993
-172.057998,14,8271.755912
-280.743965,19,8280.40867
-189.244052,21,8287.989287
-339.796329,17,8294.104023
-287.222768,15,8299.669655
-264.391785,15,8307.112862
-343.753746,18,8315.065025
-240.505908,17,8322.399884
-232.410568,19,8329.329198
-293.225497,20,8335.80744
-272.231525,14,8341.647513
-284.254535,16,8347.616175
-221.553168,18,8354.440337
-322.355764,15,8360.481545
-318.268557,15,8368.636532
-234.626362,23,8376.644312
-321.799835,17,8382.124448
-271.759628,17,8388.848559
-296.888536,20,8396.551711
-214.778178,20,8403.180351
-166.41566,15,8409.687047
-305.154125,16,8415.322736
-338.769807,13,8420.660919
-211.545657,21,8428.920694
-154.06741,17,8435.307431
-138.726062,15,8441.119698
-259.157474,14,8446.349036
-232.005421,23,8453.829621
-319.775561,20,8461.194463
-202.899211,19,8469.283689
-304.433092,19,8476.361133
-163.919458,16,8483.131987
-286.853127,17,8488.624687
-169.701448,14,8494.204666
-276.314693,12,8498.214267
-271.267984,16,8504.050266
-329.556406,15,8510.934813
-327.411767,13,8516.17522
-259.051718,24,8525.16111
-272.645156,16,8531.482457
-250.366436,13,8539.016008
-392.884438,20,8547.11528
-319.032268,19,8554.312681
-268.946707,13,8558.254406
-214.390357,17,8565.255769
-245.779627,21,8573.027683
-256.050062,20,8580.769169
-292.135341,16,8589.431847
-344.555138,18,8597.170201
-264.452831,17,8603.739456
-338.187679,22,8612.830663
-192.667011,19,8621.256073
-293.730257,17,8629.074351
-266.29413,20,8636.186372
-280.890321,20,8643.739836
-241.411,12,8647.562878
-255.670191,19,8655.647541
-277.989157,19,8663.198798
-323.03676,19,8671.484562
-271.685576,15,8676.688324
-279.796105,14,8681.662301
-283.496634,16,8687.377921
-282.232625,17,8693.983649
-201.696242,22,8703.154875
-219.967022,19,8710.350133
-160.547235,17,8716.403581
-285.025782,10,8721.729702
-229.437662,20,8728.679296
-303.344025,17,8735.461869
-319.174591,18,8742.055003
-211.868583,17,8747.582061
-278.54262,18,8754.300646
-224.589669,16,8760.934271
-128.236561,17,8767.453274
-321.346998,21,8775.728827
-254.758044,18,8781.912113
-188.870914,22,8790.0032
-237.644834,23,8798.3485
-179.243165,15,8803.336911
-293.102081,15,8808.699257
-295.434321,13,8813.427991
-248.989771,14,8818.294551
-272.414519,21,8826.530084
-290.902763,12,8831.697883
-238.855177,13,8837.033195
-277.793765,13,8841.922428
-261.500758,17,8848.222917
-314.410191,20,8854.831951
-298.616599,10,8858.163331
-220.558235,21,8865.983829
-308.934091,24,8873.843479
-254.969151,22,8882.433189
-254.795676,21,8891.113226
-297.700734,17,8898.391775
-303.766844,16,8905.85934
-341.288289,14,8911.830071
-314.848128,19,8918.144759
-219.20649,22,8925.695317
-222.773729,19,8933.12901
-254.558581,20,8940.045843
-281.662356,22,8949.997333
-352.77488,14,8955.273368
-257.959164,15,8961.804214
-294.407719,17,8968.73522
-309.63715,15,8973.957493
-294.145164,14,8979.931712
-246.795221,9,8984.784638
-270.0221,11,8989.400542
-239.264315,19,8996.781044
-368.101355,19,9003.545341
-217.005304,10,9007.019679
-217.058074,21,9015.214741
-215.899556,22,9023.463831
-334.599039,13,9029.92935
-270.976947,17,9041.090834
-306.162586,19,9053.537445
-172.853934,15,9058.376089
-275.721607,18,9064.685873
-310.583215,19,9073.108285
-259.690818,16,9078.643184
-303.285005,16,9085.574459
-227.286044,18,9092.983641
-286.400005,15,9098.815549
-360.131822,18,9105.868371
-302.924974,15,9110.884043
-317.907531,15,9116.969887
-294.314354,17,9122.770314
-261.24605,15,9127.74239
-236.906965,21,9136.877329
-269.782881,14,9142.714462
-328.23551,13,9147.260725
-271.700692,20,9155.047808
-282.523743,20,9162.547272
-231.858977,18,9168.588236
-280.04029,13,9173.231379
-198.493526,19,9180.029687
-214.809346,20,9189.244935
-237.552866,17,9195.108497
-272.596559,22,9203.904098
-184.864059,16,9209.114722
-272.533639,14,9214.94487
-272.103033,18,9221.91017
-265.275851,16,9228.32127
-246.383072,17,9234.650953
-239.748824,16,9240.560644
-257.837405,21,9248.531244
-291.068594,22,9256.884526
-294.703791,18,9263.719604
-260.429045,17,9272.047019
-328.117759,10,9275.661928
-239.710374,18,9281.776762
-229.065831,19,9288.226997
-251.122442,13,9293.002526
-274.737369,17,9299.282
-224.296217,20,9306.393651
-241.688827,21,9314.787145
-266.395089,20,9322.766127
-263.768781,16,9328.215049
-274.561732,13,9333.572591
-295.181645,17,9340.50782
-317.961399,16,9346.104631
-290.69826,24,9354.746464
-357.887808,14,9359.815597
-268.255805,15,9365.156306
-263.04025,16,9372.566013
-267.499359,14,9376.965338
-342.436254,14,9381.923702
-260.762466,12,9387.479558
-289.804308,12,9393.143656
-260.086519,20,9399.271273
-221.251736,17,9405.74144
-272.538862,17,9412.611036
-230.364633,20,9419.671543
-268.304655,18,9428.094628
-252.747641,15,9434.363924
-264.932276,17,9440.406
-330.939561,21,9447.398551
-287.234562,17,9453.242153
-336.141413,18,9460.290344
-344.259518,15,9465.371449
-282.818777,14,9470.329043
-215.446495,16,9479.677251
-295.290385,14,9484.719766
-218.832545,20,9495.120911
-283.054117,21,9502.995949
-287.665712,18,9510.781628
-219.211727,22,9518.690115
-238.680112,16,9523.873837
-271.740457,15,9529.167119
-283.126874,15,9534.62993
-299.039159,20,9541.487903
-268.767537,10,9546.502065
-255.297379,22,9554.644769
-271.156476,21,9562.14436
-297.72832,11,9566.782476
-240.309046,23,9575.652505
-208.268608,21,9582.799973
-228.593273,17,9590.551951
-277.308885,17,9597.092507
-309.344021,15,9603.703967
-297.576297,14,9609.530123
-373.231363,23,9618.400907
-258.1187,20,9626.28467
-223.073003,22,9634.810642
-203.912073,19,9641.353922
-262.451807,21,9649.776002
-320.713959,20,9657.324293
-292.340266,15,9664.595468
-306.053017,16,9673.278525
-289.119995,15,9679.662709
-294.292656,19,9686.256987
-285.12728,17,9692.471689
-226.623953,14,9697.164161
-299.463087,11,9702.444284
-272.233342,14,9708.654332
-261.994728,22,9787.852957
-164.451946,22,9796.612412
-309.321141,22,9804.427053
-286.685928,17,9809.833802
-263.617242,19,9816.729867
-303.572417,14,9825.232982
-203.331694,16,9831.296237
-236.689057,16,9838.492798
-232.379369,16,9846.552236
-197.788833,23,9856.106034
-195.012049,19,9863.236459
-277.454764,20,9871.389564
-311.820722,16,9878.213176
-309.421962,22,9885.915478
-222.45017,11,9889.598128
-263.557697,18,9896.677965
-231.655828,14,9902.152599
-240.039326,17,9908.206164
-289.920977,19,9916.705278
-246.882932,18,9923.330999
-265.868926,19,9930.611263
-276.193256,17,9937.023763
-222.05045,15,9942.184609
-319.673575,13,9947.485225
-280.184275,14,9952.027674
-284.203694,15,9958.765943
-341.683119,20,9967.878427
-296.00542,14,9972.912309
-293.968052,18,9979.479509
-324.558676,15,9985.619962
-340.581771,14,9991.092015
-278.186709,16,9997.523986
-371.774627,17,10003.677186
-228.194174,15,10008.780174
-238.92859,16,10015.880905
-275.339406,18,10022.3592
-190.540719,18,10028.365886
-235.403578,18,10038.051807
-230.076449,18,10045.670008
-269.679894,15,10051.201366
-345.36089,14,10056.623952
-237.703963,17,10062.211623
-267.947106,17,10068.675768
-234.963419,16,10074.476418
-291.975635,16,10080.028427
-207.276825,13,10085.113524
-271.696706,17,10092.603342
-254.42097,19,10098.797921
-296.508535,17,10105.817171
-236.11515,15,10111.076341
-251.49094,22,10118.699625
-208.131987,20,10125.82327
-288.429717,16,10133.350264
-251.405505,13,10139.120819
-264.494986,18,10146.02911
-280.345868,11,10152.693571
-234.995639,18,10159.408394
-278.206944,18,10165.930756
-276.600666,13,10171.538364
-249.824485,14,10176.110335
-226.987543,16,10182.496223
-256.777775,12,10187.657761
-259.134792,15,10194.264769
-282.712012,18,10200.553658
-237.886528,21,10209.53559
-260.593466,12,10216.036225
-327.302836,15,10222.098282
-241.450436,17,10228.286559
-314.982126,22,10237.847297
-252.534335,20,10246.452602
-335.598548,17,10252.853405
-180.322629,19,10258.744266
-222.633874,16,10267.051768
-274.450825,15,10273.393291
-317.560118,15,10278.817085
-311.633807,20,10285.674211
-279.588266,23,10298.452954
-303.781346,22,10306.993529
-382.921736,12,10311.770044
-245.365665,16,10317.677764
-228.268151,15,10323.29266
-281.39505,16,10329.921114
-262.01801,23,10337.932435
-245.186533,15,10344.079424
-348.542162,16,10350.091997
-289.439258,19,10356.941507
-370.005367,23,10366.540586
-168.263878,22,10375.47321
-359.861803,16,10380.850909
-309.226798,18,10387.555587
-199.825027,19,10394.382835
-298.742709,20,10401.852841
-301.655214,19,10408.321744
-251.797508,20,10415.728398
-226.998566,21,10424.250221
-331.107881,21,10434.20968
-229.417435,19,10440.6746
-259.831286,17,10447.372752
-382.516638,17,10453.456437
-220.528619,18,10461.767375
-173.05083,19,10468.977152
-217.355394,17,10475.848734
-270.948884,18,10483.69086
-277.701668,19,10492.787967
-244.714158,16,10498.721616
-253.401984,18,10505.731623
-243.314014,13,10509.948385
-229.118928,17,10516.058954
-270.260466,19,10525.856671
-318.628065,20,10533.990582
-258.550346,17,10539.849555
-309.832901,11,10544.15793
-248.969704,19,10551.085906
-204.060351,22,10558.928333
-405.293167,20,10565.83624
-269.091642,15,10572.277385
-288.689908,18,10578.880183
-240.928342,21,10585.833076
-175.742524,12,10590.644744
-251.959962,15,10596.302682
-287.460423,22,10604.922028
-274.456711,15,10610.630455
-231.091748,20,10619.679366
-181.84886,14,10625.379915
-288.028782,12,10629.712435
-213.864435,17,10636.782599
-253.362914,14,10641.339994
-208.790992,20,10648.900193
-261.996036,19,10656.765037
-195.103691,15,10662.585853
-215.890723,19,10671.686594
-287.427887,21,10679.126287
-256.099001,16,10684.749062
-201.171219,15,10689.925289
-327.341694,17,10696.28223
-253.57505,15,10702.067662
-182.487969,15,10707.744591
-218.50035,17,10713.634049
-207.410135,20,10721.700873
-309.080601,18,10728.912403
-304.840933,15,10735.281323
-258.8653,19,10745.080497
-286.567597,21,10753.239626
-273.143862,16,10760.260127
-262.814853,17,10767.989861
-305.005536,14,10772.899954
-255.46364,20,10781.249252
-312.18349,12,10785.383237
-269.115168,13,10791.868892
-278.855032,18,10799.038412
-328.708684,15,10805.419641
-273.052303,20,10813.076677
-158.353032,15,10818.833197
-154.178788,13,10823.551064
-235.730365,16,10831.283387
-300.632596,19,10838.578041
-291.062805,14,10843.397002
-221.364657,14,10849.101449
-387.0066,20,10857.553309
-256.922028,16,10864.695545
-249.809975,17,10871.13931
-237.714212,18,10877.808054
-222.252314,18,10884.15029
-243.546993,21,10892.315458
-271.841539,15,10899.672677
-275.909444,18,10905.630551
-280.772827,13,10912.095572
-252.877831,17,10920.347076
-296.432784,13,10927.429171
-261.975393,23,10935.467297
-255.895573,17,10941.478007
-233.429358,15,10947.972416
-336.113823,16,10956.187591
-221.380658,23,10964.544582
-296.137095,19,10972.234023
-231.324722,16,10977.552865
-341.617071,18,10984.51813
-332.143633,17,10992.596576
-212.189934,19,10999.146984
-195.646565,17,11005.511756
-236.345657,20,11012.817684
-235.032798,19,11020.001712
-265.116194,14,11024.754505
-244.947541,15,11031.831961
-258.141077,21,11040.557322
-219.196459,21,11050.359589
-262.585141,19,11058.375969
-232.114179,21,11066.556236
-159.67805,19,11072.839344
-184.795972,15,11077.791579
-241.375594,16,11083.056341
-203.72832,16,11090.578194
-251.765213,17,11096.491475
-301.635775,15,11102.430591
-277.06272,22,11110.273504
-212.290413,15,11115.52101
-357.881708,18,11121.529438
-202.251279,18,11129.351907
-244.605663,16,11134.481281
-319.904631,14,11139.862009
-317.272621,16,11146.146225
-244.70469,17,11152.75076
-275.322922,12,11158.123752
-241.443857,20,11167.270284
-219.626823,17,11173.628796
-275.541502,16,11179.036728
-242.55785,14,11185.146161
-302.241871,18,11192.455504
-265.379654,12,11196.681231
-255.034117,21,11203.473318
-254.644391,20,11212.169189
-231.818746,13,11219.791706
-284.291379,17,11226.720345
-259.726114,14,11232.863067
-252.690399,20,11240.810585
-265.342318,18,11247.676872
-300.767101,18,11255.459301
-200.272416,19,11262.101595
-330.476433,20,11271.591376
-261.363726,16,11277.460364
-223.018753,18,11284.05656
-278.161817,17,11289.95496
-271.416564,13,11294.612683
-287.478406,21,11302.936579
-227.938588,21,11311.470863
-224.554733,20,11319.461081
-256.845296,18,11325.464423
-273.842062,19,11331.854829
-348.916108,17,11338.119431
-247.236807,11,11342.966858
-261.311174,11,11347.827132
-217.398043,17,11354.708708
-313.189919,19,11361.715883
-314.204892,11,11364.960715
-199.511548,22,11373.557981
-245.580783,22,11382.301561
-302.487788,17,11387.828003
-247.658186,19,11394.503393
-220.710566,21,11402.03206
-260.735258,14,11407.424874
-258.498537,22,11415.972397
-289.490508,20,11422.86155
-253.254464,14,11429.927789
-265.451824,14,11434.610971
-278.675823,16,11440.471644
-339.069347,12,11445.185992
-229.931217,19,11453.660553
-217.171547,19,11460.105281
-236.459228,13,11466.000907
-233.576369,16,11472.754071
-238.264908,19,11479.791427
-230.537846,20,11487.475434
-309.421939,15,11495.674852
-201.140912,16,11505.579569
-189.096491,16,11510.993582
-167.392244,15,11515.862109
-332.962419,18,11522.661693
-257.385093,18,11529.075812
-237.853908,20,11538.559085
-158.437196,18,11545.25789
-339.889776,15,11550.564325
-107.362562,12,11554.900913
-253.835795,16,11561.753407
-245.875877,20,11569.532867
-205.168929,17,11575.029259
-258.904001,16,11580.833524
-270.131902,10,11587.064564
-350.480841,17,11592.658015
-232.413107,17,11599.383961
-254.529717,17,11606.158929
-216.120807,21,11615.018656
-300.530121,11,11619.960062
-283.549678,15,11624.885983
-241.375304,21,11633.073789
-235.591101,15,11639.448611
-291.715079,21,11647.120863
-176.453564,15,11654.287416
-209.56437,19,11661.75065
-252.409501,16,11667.767123
-261.059537,18,11674.780698
-250.490905,18,11681.92904
-249.491457,16,11688.080581
-169.734356,12,11692.574165
-253.044152,18,11698.887401
-225.039853,20,11706.775621
-221.697153,19,11715.967188
-250.313004,18,11722.711641
-255.085527,21,11733.004298
-300.806421,17,11740.002403
-238.699956,17,11747.100978
-287.890202,12,11751.344268
-275.906122,18,11757.232505
-286.929954,20,11763.699591
-286.722201,10,11768.451355
-253.363639,16,11776.02392
-225.498158,15,11782.215848
-251.270779,19,11789.093673
-319.922349,18,11796.399857
-285.302896,12,11801.936489
-156.451311,19,11809.522592
-209.63508,22,11817.377893
-241.660493,18,11823.932248
-243.137317,13,11829.409454
-279.85198,15,11838.53794
-153.220109,13,11843.304498
-233.488869,13,11847.603926
-233.743355,14,11852.765842
-254.315041,14,11858.509523
-292.609914,21,11866.517492
-233.191515,18,11873.11827
-253.066063,16,11878.906516
-283.53834,19,11885.644711
-311.272968,18,11892.56194
-224.939183,17,11898.39474
-237.805416,18,11906.451207
-290.967597,18,11914.198517
-224.461842,21,11921.27577
-299.864875,18,11927.774392
-213.608597,18,11935.260183
-251.584795,12,11941.854855
-222.010031,13,11948.500093
-331.019006,14,11953.086601
-262.32638,19,11959.670085
-236.337931,18,11966.09945
-290.565339,17,11971.698694
-333.139686,17,11977.29687
-223.693752,15,11982.645806
-226.118293,19,11988.971163
-224.749865,18,11996.000439
-292.77552,17,12002.785845
-280.367124,17,12010.152098
-291.588709,15,12017.412402
-293.842123,19,12024.851785
-225.464748,20,12032.340881
-362.369112,20,12039.156781
-223.798687,17,12046.429863
-267.699895,19,12052.657678
-355.84763,14,12059.131335
-302.741785,8,12062.433096
-217.899216,17,12068.276311
-288.472432,18,12074.611754
-347.441121,16,12080.624848
-243.489174,16,12087.55507
-328.522421,13,12093.688488
-240.318977,14,12098.14733
-297.859333,13,12103.635519
-214.362458,17,12109.442357
-240.890393,19,12117.13141
-233.927392,22,12125.498761
-295.424415,16,12131.487835
-195.764003,15,12137.957472
-246.59701,15,12146.018857
-281.037419,18,12154.123421
-330.721641,17,12161.914539
-287.787665,11,12167.865089
-302.299542,18,12176.128213
-261.507579,19,12183.688569
-164.403281,14,12190.513775
-455.574205,20,12197.19303
-263.370434,21,12205.265303
-229.895831,17,12212.18427
-280.301006,19,12219.101642
-170.131047,17,12226.265328
-225.532294,21,12235.256919
-239.715836,18,12244.160282
-243.572816,21,12252.564535
-217.775328,17,12259.048675
-268.719523,22,12267.810056
-249.063388,19,12274.337215
-293.586157,12,12279.423828
-306.836558,18,12287.681283
-206.208814,18,12294.121042
-294.83435,14,12299.224267
-198.815519,19,12306.388356
-215.195907,19,12312.80375
-318.510313,15,12319.989263
-294.322478,12,12325.801874
-297.253413,18,12336.195203
-248.703457,14,12341.446218
-283.134934,16,12346.780566
-293.163399,18,12352.877038
-231.847137,15,12359.269458
-312.656489,15,12364.410858
-310.702496,14,12372.374168
-256.01674,15,12377.962286
-203.776729,17,12386.008323
-319.521404,15,12393.378833
-404.862953,18,12400.994785
-293.49326,21,12408.689677
-226.754684,20,12415.632378
-312.444596,14,12422.654274
-418.72091,13,12427.143336
-345.095671,20,12434.941634
-226.402159,17,12441.072679
-284.245233,16,12446.155657
-238.662241,17,12454.200348
-272.622185,20,12461.60317
-344.566798,16,12467.326644
-243.398831,22,12475.877207
-298.080659,17,12483.441756
-264.371286,20,12491.979168
-270.503726,22,12500.322968
-233.950229,19,12507.473968
-246.410511,24,12518.190259
-239.017176,13,12524.020975
-283.628221,13,12528.006261
-307.620783,14,12532.575153
-324.861155,21,12540.231725
-106.977568,14,12546.259384
-227.382023,16,12551.26404
-287.161729,20,12558.449004
-195.883221,18,12564.20804
-253.731568,16,12570.191201
-277.284516,19,12576.747267
-162.467007,15,12582.662285
-174.474418,16,12588.593798
-288.023622,16,12594.82003
-331.487526,17,12602.418031
-230.022855,18,12609.555256
-348.546127,16,12615.256843
-299.724179,21,12622.51095
-302.284863,19,12629.620666
-221.04596,14,12634.811265
-306.214343,21,12642.775402
-407.945087,13,12647.255383
-216.062923,16,12653.998471
-248.15539,19,12660.208382
-292.244441,17,12665.927952
-260.056675,25,12674.96011
-264.673376,15,12680.287958
-277.02328,15,12686.983029
-263.359187,20,12695.936634
-236.992515,17,12703.816278
-319.086829,15,12708.698866
-166.570133,12,12714.968258
-239.472811,21,12722.091232
-289.068299,19,12730.762273
-231.095801,21,12738.762059
-284.324456,21,12746.230442
-170.416057,17,12752.514946
-297.034316,12,12758.494978
-353.008584,17,12764.990386
-240.494955,20,12772.096722
-418.065173,17,12780.382633
-251.129897,19,12788.356927
-218.822884,18,12794.336889
-233.418332,21,12801.860475
-261.671696,16,12806.898325
-238.361554,20,12813.799123
-287.591357,17,12819.810622
-254.329688,16,12825.162695
-302.996841,18,12831.826507
-227.786749,14,12838.300053
-239.22859,22,12845.644392
-180.251202,13,12851.689805
-284.64479,19,12858.559003
-345.714364,14,12864.257622
-245.067827,16,12870.775462
-309.242823,10,12874.223958
-249.418536,22,12885.484261
-242.722686,20,12892.341157
-245.152177,21,12901.356432
-249.572673,15,12906.490474
-301.816369,17,12913.368866
-244.261563,18,12920.207745
-194.001303,18,12927.165612
-269.974563,22,12934.762952
-215.432201,20,12942.954833
-316.039498,21,12949.891236
-233.838234,18,12956.104431
-253.110218,17,12961.635347
-230.508532,22,12971.548977
-189.227647,20,12979.33154
-249.627792,14,12983.510693
-237.401318,19,12991.091115
-262.823569,13,12996.273967
-224.397618,18,13002.475133
-314.312686,13,13006.947288
-247.870878,12,13012.241406
-278.318184,17,13018.185956
-252.661897,19,13024.487822
-263.875413,15,13030.790491
-244.732019,22,13038.599144
-252.061162,15,13044.142714
-269.288566,17,13051.015748
-269.791975,18,13057.977028
-398.266461,15,13134.353882
-232.541137,17,13140.44297
-264.473512,20,13148.068888
-223.155768,14,13152.92691
-172.77413,10,13156.734299
-222.268062,17,13162.640999
-275.573711,17,13168.397027
-133.535648,11,13173.527628
-321.632159,16,13179.318736
-275.16069,16,13185.338456
-219.149124,19,13191.801811
-250.614117,17,13197.947997
-250.213922,15,13203.519398
-260.347379,14,13210.35708
-304.059285,19,13218.187936
-287.415422,14,13225.174239
-193.486966,18,13231.323709
-286.237879,17,13237.388129
-275.988034,18,13243.931613
-235.174179,18,13249.799695
-249.811582,17,13257.640586
-212.929719,19,13263.886045
-218.819581,18,13271.263683
-287.450045,18,13278.249784
-206.260473,21,13286.513111
-271.828091,14,13292.460048
-231.730804,18,13298.794454
-290.212718,14,13306.122209
-225.156695,20,13313.233277
-248.76713,17,13319.200162
-279.731264,14,13323.540707
-193.763101,23,13331.951573
-288.197424,15,13337.350545
-217.789982,17,13343.633634
-268.703514,14,13349.582089
-225.289207,19,13355.870169
-217.681917,16,13361.511175
-295.459222,18,13367.426128
-223.046993,16,13372.502746
-211.801296,18,13381.125253
-268.805431,13,13386.761982
-227.612062,17,13393.956635
-240.530309,20,13403.815874
-298.070804,19,13410.489714
-290.450833,18,13419.848813
-248.424163,14,13424.998401
-364.212067,20,13432.492592
-267.384461,18,13438.98703
-210.091881,21,13448.251569
-229.903815,22,13456.771636
-200.099319,21,13467.434899
-235.834235,21,13476.547628
-254.805447,19,13484.085872
-429.130103,15,13489.646911
-267.0719,19,13496.418104
-203.903586,17,13502.13352
-326.267478,17,13508.222704
-209.497727,16,13515.90076
-263.021911,21,13524.688994
-303.691588,14,13531.35134
-256.327692,19,13539.924621
-279.903652,17,13548.748383
-283.068507,16,13555.230877
-260.327926,17,13562.528708
-267.964368,16,13569.14196
-242.361784,14,13576.440857
-301.57858,16,13583.618398
-344.497874,16,13590.982927
-231.419123,16,13597.422627
-378.163938,12,13602.374127
-232.868481,18,13610.828182
-246.986813,21,13617.930811
-224.044563,18,13623.871677
-289.504662,24,13632.842358
-266.340537,21,13640.194523
-215.366676,18,13646.777478
-389.872297,15,13652.024869
-356.864935,15,13657.661711
-248.471223,18,13664.239294
-242.969894,17,13669.662769
-265.378072,20,13676.433077
-271.298645,18,13683.729469
-266.202323,16,13689.324115
-289.815316,14,13694.941857
-278.380455,19,13702.38792
-258.48567,14,13709.762513
-296.374313,19,13717.829737
-221.695581,16,13723.177797
-243.020322,19,13730.931657
-329.660596,12,13736.034153
-283.058555,19,13742.257362
-225.6953,19,13749.971862
-307.174019,20,13757.307236
-318.09167,22,13766.602995
-237.710802,20,13773.058868
-207.135683,17,13780.114965
-284.610363,20,13786.600738
-327.965256,20,13794.400235
-262.172267,20,13801.475367
-250.250613,17,13807.30083
-286.558083,9,13810.156852
-265.683464,17,13816.94328
-233.70516,16,13822.309014
-284.735138,22,13830.76827
-170.531154,11,13834.731457
-316.591944,20,13842.56267
-295.088743,16,13849.198064
-269.157523,22,13857.500789
-155.570255,15,13862.785354
-144.986935,14,13867.851606
-215.344027,17,13876.081828
-239.230132,18,13882.112583
-268.334787,15,13887.233718
-284.738135,19,13893.325267
-291.103856,19,13899.812348
-224.784009,19,13906.686608
-308.733174,19,13913.817423
-305.846535,11,13917.983902
-228.914301,20,13926.086884
-318.283171,17,13933.095531
-298.613894,12,13937.147983
-272.54689,18,13944.642408
-229.629557,20,13951.85642
-217.082868,9,13955.557368
-190.384,20,13963.095811
-240.537648,20,13971.008484
-281.950609,21,13979.180242
-290.164162,21,13985.998473
-241.646251,19,13997.013131
-291.914549,21,14005.516925
-243.271559,17,14014.360258
-296.233309,20,14022.316103
-242.488852,22,14034.587574
-157.04696,20,14043.660434
-278.953157,20,14052.325273
-279.660577,21,14061.619536
-304.363098,14,14066.78422
-342.76915,22,14076.04343
-274.903323,21,14083.478303
-312.248053,11,14088.589937
-316.925716,13,14095.347532
-270.296483,18,14102.56737
-268.454982,18,14109.102879
-215.990356,18,14116.427879
-286.892273,19,14124.477403
-222.699744,16,14131.943612
-256.944673,21,14141.090178
-264.785455,15,14147.075573
-229.86718,21,14156.208222
-233.900699,20,14164.422481
-252.423397,12,14172.625368
-203.829045,20,14180.810556
-272.961027,16,14187.773002
-250.347676,18,14196.725845
-285.487379,18,14204.270528
-242.392966,16,14211.073218
-176.049736,22,14218.742824
-286.205722,18,14225.551406
-273.235006,20,14233.228665
-283.5881,20,14243.865559
-234.711727,16,14251.54868
-265.694195,14,14256.566623
-294.308589,18,14263.093478
-240.084185,19,14271.120209
-264.079802,17,14277.754491
-226.248092,17,14283.208371
-278.664824,18,14289.488805
-328.421542,14,14295.14166
-296.391912,20,14302.490997
-426.161764,15,14307.490202
-231.936609,21,14314.831226
-254.057427,17,14320.591889
-222.496515,16,14326.725209
-281.212215,18,14332.929672
-283.658959,15,14339.063828
-291.810433,18,14346.849363
-290.297322,24,14355.097648
-283.160224,21,14362.13577
-201.152149,17,14367.694104
-220.977234,17,14375.237827
-266.87884,16,14380.713161
-260.806137,12,14384.965913
-251.21656,15,14390.188592
-231.693058,20,14399.282312
-225.609578,19,14405.383934
-249.314065,11,14409.392405
-315.467841,17,14417.058873
-233.694591,19,14426.347368
-301.680639,25,14434.975131
-269.082692,17,14440.618245
-247.969,17,14446.645178
-254.354954,17,14452.724566
-288.543389,19,14458.915229
-218.502819,20,14467.118959
-267.796357,16,14474.496767
-245.225711,19,14484.763188
-253.802309,17,14490.489507
-228.529731,20,14497.401455
-212.243324,22,14505.252382
-245.538335,17,14511.891978
-235.573857,18,14519.543238
-305.785101,13,14524.554114
-274.153045,9,14528.819133
-244.713753,15,14533.737659
-335.456256,18,14541.250295
-212.169444,21,14548.128343
-242.061336,21,14555.226964
-276.663662,18,14561.835978
-243.94297,17,14567.658848
-358.560218,14,14572.848185
-220.280292,22,14582.816086
-308.881912,21,14592.246294
-250.129385,15,14597.248599
-260.373518,13,14601.711041
-229.994577,22,14609.818131
-301.144789,21,14617.076405
-240.410411,19,14624.660227
-253.565039,14,14630.600125
-309.42174,16,14636.984901
-250.434612,20,14643.614314
-237.141092,18,14650.331838
-212.943724,22,14658.411654
-295.450413,11,14662.942798
-252.920855,25,14671.319796
-282.28212,21,14680.038467
-239.357435,18,14687.450732
-296.573533,20,14695.330938
-292.844032,17,14701.417112
-259.766601,17,14706.791899
-217.905323,22,14715.41569
-256.503987,17,14722.356321
-192.223793,23,14730.45682
-318.36868,16,14736.975721
-296.445967,17,14742.656992
-312.265139,18,14749.965622
-287.21576,19,14756.413365
-267.612338,18,14765.671549
-270.638744,22,14773.341584
-294.818597,11,14778.618796
-218.853973,16,14784.994535
-214.269353,16,14791.094123
-253.1603,20,14797.785736
-229.106068,14,14804.313506
-352.298754,16,14812.659106
-292.334957,9,14819.376013
-270.764956,21,14826.321043
-306.088855,15,14831.937738
-146.14671,17,14839.338804
-197.721278,18,14846.013854
-317.19742,13,14850.561319
-264.700794,17,14856.373749
-255.803274,15,14862.186228
-238.385101,15,14867.457376
-212.674314,18,14874.020644
-310.708241,21,14882.584231
-257.725528,18,14889.426419
-323.290646,15,14894.336296
-223.994482,19,14902.248517
-204.576283,17,14907.975741
-315.628031,20,14915.205056
-251.519511,22,14922.883184
-240.511518,16,14930.162792
-223.137629,18,14936.849019
-236.05992,15,14943.808884
-261.259278,10,14947.891631
-283.163663,16,14953.234075
-268.161796,14,14959.774081
-161.740743,11,14963.596917
-215.333365,16,14968.846797
-268.762536,16,14975.554173
-142.726593,17,14981.561714
-286.832038,10,14984.889458
-273.544503,15,14990.745514
-132.977257,11,14995.370554
-265.739548,22,15003.388357
-268.135051,20,15010.215279
-324.129654,22,15018.406832
-197.085626,17,15025.538037
-241.3884,16,15032.029197
-273.099064,11,15036.888132
-184.958035,20,15046.332199
-269.050098,21,15054.054711
-188.039321,20,15063.029976
-270.243221,14,15071.344179
-266.623658,18,15078.098177
-297.451463,19,15086.211578
-218.807985,18,15092.946954
-241.452085,13,15098.12341
-249.092447,12,15102.899932
-200.648993,21,15110.309632
-230.15083,22,15120.100243
-317.407147,22,15127.525697
-322.86,15,15133.980276
-193.425089,15,15140.012745
-209.209665,18,15147.515525
-317.70398,23,15156.361147
-184.521037,14,15162.048132
-263.295571,16,15167.959121
-314.499302,13,15173.466063
-324.223038,23,15183.319556
-262.523145,20,15193.521855
-208.621115,19,15199.956213
-253.180712,14,15204.850974
-235.294189,13,15209.29357
-278.615648,20,15218.027055
-243.582444,16,15223.771975
-251.00435,18,15230.582939
-266.644797,16,15235.900005
-283.188486,22,15243.378548
-293.242383,16,15249.86212
-260.307279,16,15256.61491
-324.947915,17,15263.036385
-245.969966,14,15267.718832
-270.932478,17,15273.568285
-223.663764,17,15279.179287
-180.126769,20,15286.443325
-278.586529,19,15295.875574
-309.40503,20,15305.183881
-324.925145,18,15312.025243
-166.689777,12,15315.628429
-262.488524,20,15322.70091
-272.159298,14,15327.563826
-234.871426,17,15335.002297
-223.346709,17,15340.985683
-237.34916,17,15349.116413
-240.478411,19,15355.769025
-218.455498,21,15362.924859
-232.801044,21,15370.981187
-260.088045,13,15375.504115
-313.988017,14,15381.982624
-342.177034,17,15389.136801
-208.841311,16,15394.437105
-169.833932,17,15400.864651
-190.058503,11,15404.656082
-301.881215,23,15413.440488
-305.083987,18,15422.551591
-267.396064,18,15430.187059
-210.188766,22,15438.325834
-214.447469,10,15441.697459
-225.60276,17,15448.300411
-230.076033,18,15454.603893
-291.242619,17,15460.763652
-224.350081,16,15466.979983
-281.981836,12,15471.222348
-164.868432,15,15477.136288
-287.099586,19,15484.03989
-249.856379,14,15489.449264
-239.611229,16,15498.252057
-187.521724,19,15504.579362
-263.54396,18,15512.00167
-233.963507,19,15519.395514
-257.801373,13,15524.463858
-296.181121,10,15531.343774
-273.207623,17,15538.173519
-285.015873,14,15543.79566
-252.777681,17,15551.527807
-253.729434,17,15557.619608
-261.385977,19,15564.647779
-326.562874,18,15574.636038
-276.863488,14,15580.724074
-346.577436,16,15586.044497
-259.828641,22,15593.911706
-226.10304,15,15599.130503
-222.776174,19,15606.139537
-317.881002,18,15613.048101
-340.8896,11,15620.034097
-461.202456,20,15628.28969
-200.942679,24,15636.083551
-183.015922,20,15642.941815
-212.318127,19,15651.814973
-283.295688,11,15657.449759
-245.991061,13,15662.440361
-239.743525,19,15668.309863
-246.769516,17,15674.479271
-241.92647,19,15681.287599
-279.763108,23,15690.868884
-219.398759,20,15697.754301
-270.413021,15,15703.375703
-231.205734,17,15709.758048
-194.337771,15,15715.744829
-171.542142,16,15721.594337
-313.282711,17,15727.631732
-245.33652,17,15733.990113
-251.90133,13,15738.589615
-228.083385,19,15746.317702
-392.843547,13,15751.772763
-298.355972,16,15757.963735
-237.34457,19,15764.929527
-211.738942,17,15771.086184
-254.392729,15,15777.743554
-302.129395,18,15784.545838
-176.951271,26,15793.514606
-164.488919,22,15803.316788
-243.130213,12,15809.688644
-262.884024,17,15815.817502
-263.77196,17,15822.32603
-293.152262,13,15828.537932
-244.568199,20,15836.466936
-181.807745,25,15845.168179
-227.780525,19,15852.67953
-147.871173,17,15858.058101
-278.069681,10,15862.172866
-385.423071,20,15870.034426
-270.377366,18,15878.419387
-193.017732,13,15883.661306
-233.991281,16,15889.50249
-243.400141,18,15896.152261
-250.940344,22,15904.216743
-204.378208,18,15910.89812
-266.961368,20,15918.751574
-268.891196,18,15925.242418
-190.571235,14,15931.198182
-311.642646,22,15939.554816
-147.768319,14,15945.049124
-216.21874,21,15952.023869
-200.455699,22,15960.637057
-241.083433,23,15968.221809
-222.776588,17,15975.846694
-260.28868,20,15983.068152
-239.107153,17,15988.970411
-203.620723,22,15998.409836
-199.494941,16,16003.494246
-357.772882,16,16009.02316
-269.737277,18,16015.057595
-205.610966,20,16021.974367
-285.387318,17,16027.665894
-227.375247,22,16036.975191
-312.352437,15,16042.534773
-242.521471,14,16048.906712
-271.353191,15,16054.315584
-231.325705,19,16062.010508
-218.486293,19,16069.098481
-334.800533,15,16073.820066
-198.128208,22,16082.610296
-300.815959,17,16090.490718
-217.534053,19,16097.6633
-182.430911,19,16105.359504
-241.970196,21,16112.968213
-374.590346,24,16121.586193
-160.765986,13,16126.015241
-142.379108,18,16132.835799
-198.029209,22,16140.101362
-248.41337,18,16147.477545
-281.91188,19,16154.064417
-239.734413,22,16162.324278
-219.873867,21,16169.731092
-228.278895,13,16175.580106
-280.051657,13,16181.198438
-226.548946,23,16190.312153
-249.112109,22,16198.222553
-293.683138,13,16202.578682
-354.62601,21,16210.387552
-318.3942,17,16216.93595
-241.175493,14,16223.434434
-265.307749,15,16228.567925
-230.177664,17,16235.919523
-256.456763,21,16243.125221
-139.446039,13,16248.406507
-305.849566,18,16255.031117
-175.291945,12,16259.515011
-294.418448,20,16267.555651
-261.105753,17,16275.329954
-256.6972,14,16280.888262
-235.795055,18,16288.690055
-286.515086,18,16295.591111
-192.159252,15,16301.219393
-169.083122,21,16311.054982
-286.311213,17,16318.320618
-262.767761,24,16327.101244
-226.786095,11,16331.134883
-203.362493,19,16339.178234
-277.439119,16,16345.111425
-241.008606,17,16353.453685
-396.730255,17,16362.387994
-233.060529,17,16368.297835
-248.497969,22,16376.92467
-283.750199,23,16385.823973
-319.826769,21,16393.139996
-265.765741,19,16475.811046
-239.077522,17,16482.563444
-257.843483,16,16487.921292
-211.075104,16,16493.866316
-240.790863,17,16501.935553
-238.981864,16,16508.255057
-275.585076,17,16514.788863
-283.158914,13,16519.946807
-271.460464,14,16525.006798
-270.640543,16,16531.437814
-195.170992,24,16539.502584
-291.61498,16,16545.618547
-232.012232,19,16552.469048
-222.879136,23,16562.069462
-219.612691,26,16570.695096
-218.85526,15,16577.311852
-245.100885,20,16584.880935
-208.808161,20,16592.72368
-254.665616,16,16598.313781
-260.139111,14,16603.804055
-260.555598,16,16609.454854
-268.347896,11,16614.204292
-274.80116,18,16622.808532
-241.489022,19,16631.420189
-236.298482,19,16638.76693
-230.312192,22,16647.069883
-258.083188,18,16653.367308
-270.123473,15,16658.821495
-327.951619,17,16666.3288
-287.1104,17,16673.123645
-265.522673,18,16679.514391
-215.374245,16,16685.099001
-250.213154,18,16692.030536
-186.662232,19,16698.474757
-179.950845,17,16704.143178
-270.957557,16,16710.848983
-310.927022,12,16717.544173
-277.228589,18,16724.753049
-262.861652,18,16731.353478
-232.887605,17,16738.958962
-248.544555,19,16745.979525
-292.224433,11,16751.483013
-310.94504,19,16758.601078
-297.291454,15,16764.522089
-343.87173,19,16772.120444
-263.443399,13,16777.750638
-310.639557,16,16784.578712
-331.209503,16,16791.473018
-279.856908,17,16797.738961
-286.063221,17,16804.41165
-215.721214,21,16811.463376
-161.087058,18,16817.538122
-217.893898,17,16823.426687
-197.569784,17,16830.447869
-234.585206,18,16837.659816
-186.92945,25,16846.106936
-253.128972,18,16853.208968
-280.758107,16,16859.993927
-266.159818,15,16865.642784
-201.254299,22,16873.717042
-221.463492,18,16881.097062
-272.331223,18,16889.165198
-225.52846,14,16894.643723
-193.273793,16,16900.07584
-223.918565,18,16906.488615
-256.748756,15,16915.999143
-262.208958,17,16922.546732
-303.607268,13,16927.846837
-181.209925,16,16933.234588
-293.436773,19,16939.664816
-276.793948,20,16946.668123
-239.283816,19,16953.992344
-249.967378,22,16961.861994
-315.819975,18,16968.062093
-204.932035,19,16974.309026
-276.022318,23,16983.195971
-229.956903,19,16989.742285
-257.223401,16,16996.582163
-185.457861,17,17002.788544
-276.893229,16,17008.189316
-211.232488,18,17014.251526
-272.27602,18,17021.960199
-158.0506,19,17028.424217
-300.038047,19,17035.074424
-226.645092,20,17041.51215
-256.148725,15,17047.098845
-163.541074,12,17052.143708
-288.381906,16,17058.229605
-271.002907,17,17064.961998
-234.697034,18,17071.162756
-228.255207,14,17076.143874
-166.500695,19,17082.77457
-292.088834,21,17091.08932
-280.852248,18,17097.253158
-276.298874,13,17104.274128
-179.757481,21,17111.682333
-269.845129,10,17117.81796
-209.557047,24,17128.815289
-330.625288,16,17134.478494
-256.677495,17,17140.377929
-154.435966,12,17144.740292
-295.557457,12,17148.590666
-257.632677,20,17155.931361
-276.797524,19,17162.497518
-408.476596,17,17168.353673
-267.661663,17,17175.775568
-247.919026,18,17181.442606
-259.461746,16,17187.099165
-211.152746,15,17192.692293
-225.435739,19,17200.854019
-223.334803,17,17208.097749
-242.844769,14,17213.241217
-288.888769,22,17221.082638
-259.918522,18,17228.112024
-304.242501,21,17234.97135
-234.587414,21,17242.355688
-238.615715,17,17248.066919
-324.039197,21,17255.925822
-329.420204,19,17262.791115
-109.694906,11,17265.937345
-305.055529,20,17275.052449
-299.570403,15,17281.97963
-233.657251,20,17291.317247
-209.762438,19,17299.567982
-294.500678,19,17305.824966
-125.790872,14,17310.672235
-146.521455,13,17315.441693
-328.527533,19,17323.322737
-155.474072,19,17330.094678
-249.65867,13,17335.322509
-202.147135,20,17342.80285
-233.180894,16,17348.052835
-262.378806,18,17354.068182
-219.996885,19,17360.99299
-269.068321,12,17365.538469
-319.678712,20,17372.732388
-250.605462,15,17378.36216
-273.474734,12,17382.664707
-254.11969,22,17389.812082
-369.959139,22,17396.826341
-229.855282,21,17404.08678
-308.069296,18,17411.838742
-253.258298,18,17420.226436
-293.883662,15,17426.644995
-272.371921,11,17431.497458
-292.803931,14,17439.411212
-218.666253,23,17447.018103
-237.522454,18,17453.297379
-260.308648,19,17460.351551
-276.71828,13,17464.849088
-321.84856,16,17470.243448
-269.477802,21,17478.387851
-256.274472,19,17484.847147
-280.730753,21,17492.785689
-295.020727,13,17497.774863
-342.580875,20,17505.875483
-171.947533,18,17512.296695
-139.023939,9,17516.049515
-198.623268,18,17525.338255
-278.889027,17,17533.572142
-289.231789,22,17541.722738
-244.09693,14,17546.860564
-247.673678,16,17553.843595
-292.305358,18,17560.341496
-276.464437,19,17567.054739
-155.548623,16,17572.914369
-283.043275,15,17579.536824
-211.085512,22,17588.876187
-310.975044,17,17597.440748
-124.408884,21,17606.427326
-195.566075,20,17615.00649
-182.946238,23,17623.350471
-277.395514,15,17629.310874
-376.436171,24,17640.246947
-340.418246,20,17648.523106
-280.324198,14,17654.735492
-294.417705,20,17663.664246
-181.168135,18,17669.921038
-227.032958,23,17677.901522
-241.969433,15,17683.050352
-237.900839,20,17690.15575
-385.123241,13,17694.394581
-243.09114,20,17701.081616
-236.398748,16,17706.649583
-235.266914,16,17713.919543
-216.432492,18,17721.159341
-203.677069,16,17727.823103
-226.70736,18,17734.364065
-304.043089,20,17741.100393
-282.435192,23,17749.51809
-241.129511,19,17755.660673
-192.137626,23,17764.892218
-222.133262,16,17770.758752
-212.907071,14,17776.161137
-260.422155,17,17783.899996
-200.272719,17,17792.472968
-316.372291,22,17803.201399
-302.684842,14,17809.648984
-239.866439,16,17818.578721
-175.067127,9,17821.922128
-331.269199,17,17829.129642
-257.283778,18,17835.474285
-157.018709,9,17838.822351
-276.647122,15,17844.767401
-297.615226,17,17852.138318
-248.917331,19,17860.399131
-293.789529,14,17865.998795
-157.722619,17,17871.852537
-231.769331,15,17877.272547
-230.58096,16,17886.033157
-283.384619,19,17894.460968
-208.484448,18,17900.79442
-251.389161,16,17906.955036
-261.272323,17,17913.039038
-308.21606,15,17918.765285
-202.08352,19,17926.280207
-281.716878,21,17934.097322
-232.205812,17,17939.648616
-381.919675,13,17944.888657
-183.624158,18,17951.948864
-218.363441,18,17957.939243
-248.403853,19,17966.376823
-209.256662,27,17975.612329
-279.928171,15,17981.849995
-280.017351,18,17988.675373
-249.116747,17,17995.284061
-197.962955,19,18002.305154
-273.30461,14,18008.092381
-210.03286,21,18015.585072
-309.520187,18,18021.955112
-290.004248,14,18027.287687
-228.909634,20,18034.580729
-312.77216,18,18041.271262
-287.216244,20,18050.047084
-149.805339,11,18055.522339
-204.940866,14,18060.638127
-350.939677,17,18067.339802
-243.701969,17,18073.692975
-252.612617,19,18080.893477
-162.435849,19,18087.864825
-236.493895,18,18096.250135
-194.410358,19,18102.500023
-219.722519,17,18109.107375
-328.214534,21,18117.394114
-261.0827,12,18124.504325
-237.741768,16,18132.183647
-269.987201,14,18136.746743
-315.827726,20,18144.888634
-288.660576,9,18148.125945
-217.475213,19,18155.494582
-142.07187,18,18161.773217
-233.159473,19,18168.369824
-237.790241,21,18176.457463
-252.286326,16,18182.500398
-336.740046,15,18188.455037
-257.03954,11,18194.081748
-117.509472,9,18198.601896
-254.878097,16,18205.972937
-287.244546,22,18215.343187
-300.598936,18,18221.688443
-352.558666,22,18229.926507
-194.756337,24,18238.409899
-244.878079,17,18244.570625
-249.509165,18,18251.422702
-262.957051,17,18259.491912
-222.687338,22,18269.719365
-261.358305,19,18277.102591
-233.668704,23,18285.14521
-245.897308,14,18290.140342
-224.336248,19,18296.742507
-214.988694,16,18302.613642
-236.392317,14,18307.602995
-187.803,21,18314.860372
-264.163274,16,18320.299141
-243.730449,15,18325.983293
-276.725314,20,18334.26519
-238.767018,19,18341.024381
-177.120639,21,18349.224475
-252.533548,12,18353.539953
-219.528177,15,18358.998059
-247.147681,15,18365.432626
-267.706434,13,18371.1856
-304.460868,15,18377.681873
-291.80925,17,18383.404629
-270.613907,24,18393.065197
-201.873944,20,18400.869381
-224.48234,18,18407.921169
-247.829289,17,18414.104395
-227.965103,21,18421.415436
-236.798672,13,18426.600384
-235.189322,21,18433.882122
-216.767883,26,18443.160527
-254.4259,16,18449.751253
-390.394765,22,18457.133088
-247.526676,22,18465.943416
-295.069464,15,18470.918261
-244.182179,18,18477.059127
-253.602715,15,18482.642096
-338.746799,18,18489.006837
-256.440346,15,18494.529878
-147.47366,16,18500.319947
-329.010284,20,18507.915944
-238.584461,16,18514.006594
-238.561616,20,18520.485174
-237.412002,14,18526.425926
-254.306369,21,18533.892378
-322.824262,20,18541.07597
-252.667449,15,18547.962216
-272.600268,13,18552.674895
-258.863079,14,18557.608641
-236.011287,17,18563.210565
-274.69738,24,18572.104784
-252.493572,14,18577.024783
-227.719709,15,18581.955909
-235.195878,15,18588.279393
-149.426813,13,18592.791224
-306.493988,20,18600.454799
-178.980026,19,18606.528299
-189.998652,17,18612.992506
-260.407818,21,18620.014256
-230.534879,21,18628.301434
-227.011665,17,18634.045232
-230.927523,15,18639.619437
-296.947851,16,18645.365174
-270.315696,17,18651.066799
-258.327025,18,18658.50776
-255.308081,19,18667.476447
-293.685882,22,18674.795784
-179.816265,16,18681.058495
-201.673007,20,18688.291759
-241.293185,17,18694.161141
-287.590541,18,18700.146677
-155.759331,20,18707.223659
-282.320381,13,18712.058211
-303.372068,14,18717.757027
-240.207387,13,18724.087693
-282.265518,15,18728.996031
-274.244283,20,18737.102852
-125.281629,16,18742.993517
-258.026524,16,18748.549737
-207.63533,21,18755.400998
-230.696701,18,18763.065197
-117.538462,16,18768.650679
-214.741088,22,18776.867607
-285.775063,17,18783.197199
-243.568577,20,18790.15489
-215.731879,20,18798.620894
-299.70946,15,18804.33125
-189.554575,17,18811.777258
-293.760671,15,18817.262781
-205.632557,22,18826.098892
-234.321048,20,18833.96108
-262.543033,18,18840.253006
-256.343809,16,18845.790282
-146.005281,21,18855.144377
-283.717997,19,18861.982813
-240.192296,18,18869.995434
-239.619667,15,18875.981877
-289.901275,20,18883.664666
-250.673803,18,18890.508546
-229.046561,17,18897.438982
-168.789019,15,18903.333518
-316.552915,16,18909.215132
-292.620529,18,18915.333765
-203.290837,22,18922.572882
-315.925445,12,18926.609197
-225.08038,20,18934.075999
-139.913601,13,18938.261348
-285.055559,21,18946.344883
-374.162469,15,18952.027174
-243.959029,16,18958.468445
-210.089164,19,18965.054416
-198.690482,19,18972.339441
-251.091602,10,18976.432257
-232.985731,18,18982.355997
-105.203342,15,18989.181001
-209.034357,16,18995.391691
-370.091264,16,19001.107598
-271.815389,21,19009.462793
-262.880901,18,19016.586379
-239.208939,21,19025.436471
-214.228011,24,19033.818792
-271.865247,16,19040.073128
-208.269421,17,19046.154279
-236.492693,23,19053.314812
-237.598086,15,19059.422897
-323.196094,16,19064.713652
-236.471752,16,19070.811527
-281.170993,22,19079.157048
-247.405912,20,19085.892063
-175.679964,23,19093.713588
-294.822349,18,19099.956877
-350.603419,22,19108.271801
-210.865462,19,19115.029292
-265.234547,15,19120.124916
-215.953805,17,19126.330357
-247.653109,16,19133.505284
-286.870803,18,19140.064082
-224.384351,18,19148.020894
-259.776957,17,19155.15527
-288.38302,17,19162.544162
-266.550026,14,19167.115033
-226.131711,17,19173.958958
-220.870891,22,19181.325693
-132.818948,19,19187.396174
-269.875558,19,19195.372666
-253.630111,19,19202.087754
-328.495126,20,19208.668919
-226.998037,20,19216.290304
-242.340214,19,19222.461348
-285.287401,19,19228.801858
-232.072021,18,19236.328647
-219.143452,17,19242.065154
-325.11274,15,19247.690185
-258.285798,14,19253.886583
-223.654339,14,19259.167198
-264.970651,19,19266.351486
-203.760006,19,19273.137435
-289.304804,16,19280.427728
-252.336169,18,19289.370175
-258.436873,22,19296.602456
-212.653413,18,19304.194891
-369.978063,19,19313.074882
-223.6883,17,19319.253566
-197.043244,19,19326.736671
-247.469859,24,19335.86003
-234.287911,15,19341.333188
-251.415093,19,19347.72363
-280.708843,9,19352.101093
-135.902783,18,19358.163277
-290.091552,15,19363.294832
-259.85925,21,19370.575132
-192.462816,15,19376.640736
-413.181045,21,19386.411302
-256.99042,11,19392.328969
-267.380086,21,19399.65832
-221.454667,19,19406.418581
-337.592767,15,19412.517281
-288.410779,17,19418.462132
-305.31309,14,19425.896154
-243.334547,17,19432.000573
-126.952365,19,19439.254972
-166.964325,13,19443.621545
-188.888818,15,19449.908349
-198.437872,18,19456.171481
-212.941064,24,19465.031541
-270.290186,21,19471.848101
-211.512075,21,19478.58761
-311.424386,19,19484.895426
-211.884694,16,19490.654823
-222.390064,21,19499.059955
-250.8065,19,19507.009103
-254.575399,22,19514.481823
-321.031021,17,19520.362096
-248.715435,11,19524.391551
-213.298686,14,19530.819632
-247.566275,16,19539.495572
-256.899018,16,19546.390063
-236.052245,18,19552.559779
-278.533089,16,19558.578711
-251.049604,16,19563.512549
-280.254545,16,19569.622579
-237.462379,19,19578.901234
-219.365421,15,19585.361959
-202.702346,20,19593.207858
-256.440131,15,19598.86477
-226.292025,22,19607.091394
-221.307883,16,19613.429948
-201.214069,19,19620.136515
-284.048403,17,19625.998702
-236.891664,22,19634.15726
-135.408147,15,19639.981725
-284.906351,18,19647.537275
-244.141692,17,19654.918082
-464.166441,21,19663.431427
-207.157959,18,19745.116261
-260.86274,11,19751.386748
-248.392152,19,19758.392731
-230.011446,19,19765.289259
-339.432682,15,19770.745235
-250.825687,14,19776.060299
-167.104549,13,19781.501673
-237.679913,18,19788.491943
-264.102262,19,19795.993858
-232.130109,14,19800.857306
-285.414353,18,19808.504942
-277.998861,11,19814.40346
-176.391326,19,19821.997464
-261.320997,14,19827.484206
-238.814097,15,19833.784872
-249.808529,14,19838.358023
-214.254468,22,19846.14038
-248.708768,17,19852.710621
-255.798375,22,19860.626154
-305.610131,11,19864.509124
-248.00086,16,19870.012275
-273.549493,21,19878.202944
-249.420869,21,19886.050801
-260.766404,22,19895.482821
-275.607645,20,19903.87463
-265.912961,21,19911.567931
-251.32934,18,19919.008399
-259.776714,16,19924.845721
-341.04238,18,19932.138316
-334.155057,17,19940.612737
-239.542669,14,19945.725924
-262.313853,17,19951.892002
-273.485791,21,19960.853849
-245.159006,23,19968.065725
-245.967485,21,19976.756362
-242.905147,16,19982.165402
-221.637837,17,19989.030216
-302.926581,12,19994.699657
-228.876276,19,20001.500145
-230.983245,17,20008.566181
-228.130566,21,20015.866248
-255.577865,20,20024.438057
-223.927172,21,20032.400928
-296.240925,16,20038.035434
-275.515492,17,20044.80326
-265.288085,18,20050.83853
-390.599175,20,20057.983547
-219.433266,19,20064.829014
-300.80238,12,20069.612532
-270.778872,15,20075.350097
-261.44824,21,20086.382109
-246.035618,15,20092.811736
-255.054067,15,20098.77785
-382.392465,23,20107.730307
-221.822542,17,20114.673679
-214.662263,19,20123.456614
-227.496548,14,20129.599971
-230.734619,11,20136.037971
-176.194875,19,20143.61638
-154.440076,16,20149.606822
-265.178851,19,20156.539559
-228.266388,21,20163.853354
-290.232783,18,20172.3252
-277.472048,14,20177.568943
-389.456496,18,20183.514664
-284.196237,15,20191.848773
-239.719197,18,20197.796888
-178.454367,19,20204.237551
-290.598631,15,20209.335403
-271.232546,13,20215.053543
-218.110445,25,20223.106263
-316.714868,17,20228.790759
-160.585015,20,20236.876259
-283.924849,17,20243.519582
-168.377218,16,20248.661308
-234.770562,21,20255.837603
-245.767277,15,20261.601609
-106.812583,12,20265.90375
-270.765662,12,20269.941105
-182.257262,13,20274.415332
-284.989944,18,20281.259187
-233.983197,18,20287.706563
-109.422179,19,20294.162988
-212.445359,16,20299.975187
-295.071522,19,20309.038594
-288.207201,18,20315.905784
-226.357177,18,20321.994213
-199.007471,18,20329.931885
-156.401581,16,20336.603455
-368.292324,18,20342.816048
-214.059644,18,20349.726485
-259.502639,15,20355.597129
-183.64269,19,20362.552578
-240.407937,20,20370.110552
-197.58209,20,20377.186217
-245.32048,18,20383.883117
-276.25853,25,20392.9182
-294.532984,21,20399.993639
-282.832557,13,20405.018358
-292.049651,14,20410.386904
-322.916364,19,20418.802865
-262.492774,19,20424.782001
-198.251289,21,20432.562947
-284.341316,12,20438.769987
-241.93119,21,20445.768606
-263.851984,13,20450.030347
-220.817693,15,20456.684004
-297.227691,22,20466.147255
-272.916412,15,20472.44234
-153.627349,19,20479.5648
-201.302782,22,20487.217147
-238.033992,18,20493.82751
-274.151026,14,20498.187362
-243.059583,18,20503.949188
-211.484682,16,20510.144102
-214.352368,22,20517.676586
-227.607762,18,20523.940098
-249.357132,21,20531.398928
-286.735486,11,20536.987291
-251.671533,18,20544.07486
-329.781333,23,20551.598808
-244.190324,17,20558.036397
-336.290647,21,20565.596299
-185.463163,13,20570.951413
-224.760947,18,20579.041732
-334.977384,14,20585.853456
-178.999261,17,20591.062997
-234.305596,19,20597.571508
-204.34888,16,20603.514479
-288.774051,22,20610.782012
-265.800583,21,20619.106462
-222.941192,21,20626.016038
-187.261475,11,20630.290702
-190.548311,23,20638.984016
-266.308829,20,20646.111161
-305.650115,23,20654.039293
-174.797003,19,20660.597903
-306.467312,23,20669.304039
-190.202768,18,20675.550874
-277.628048,18,20682.542445
-223.606754,19,20689.822977
-222.096854,20,20697.309811
-274.798224,16,20703.296145
-175.49987,14,20707.66994
-308.226914,18,20715.233324
-335.501778,19,20721.935741
-248.4745,18,20728.824684
-286.028139,17,20734.765256
-269.815427,23,20742.570161
-214.295799,21,20751.345085
-224.504817,18,20757.155904
-218.63241,25,20766.328758
-218.766861,22,20774.972044
-212.808009,23,20782.573279
-245.073164,16,20787.965194
-242.307063,21,20795.931136
-281.185879,15,20802.256847
-250.645033,14,20807.831934
-303.651097,20,20815.37298
-310.339271,18,20822.076282
-257.157578,22,20830.647837
-265.19072,17,20837.355816
-270.624321,19,20844.426136
-279.257801,19,20852.727204
-194.6652,21,20862.646769
-337.360227,17,20869.135051
-253.376144,23,20877.347263
-222.432351,16,20883.449307
-217.71124,20,20890.272057
-195.436635,14,20895.858102
-225.515155,20,20903.516626
-227.138898,18,20909.985469
-277.541335,17,20916.703449
-136.863404,17,20924.475405
-215.680213,23,20935.487957
-234.149938,23,20943.891133
-197.169263,21,20951.376902
-223.958368,19,20958.030523
-169.436386,16,20964.004092
-217.268101,19,20970.573413
-228.581051,19,20977.218781
-294.412222,21,20984.181873
-208.68278,21,20994.09944
-164.728361,14,20999.152622
-241.834115,22,21007.740902
-278.722265,13,21012.065369
-227.519533,19,21018.800788
-194.518967,20,21025.714524
-207.940885,22,21033.489781
-190.545418,16,21040.148701
-279.612399,24,21049.295234
-188.299099,17,21055.078146
-214.463901,18,21060.874349
-238.705873,18,21068.300152
-225.352369,18,21075.549712
-171.146931,19,21083.149763
-252.022363,14,21088.132119
-226.350785,22,21095.779261
-144.192645,15,21101.326952
-246.973542,15,21106.317502
-218.181735,21,21113.408958
-250.13367,18,21121.185449
-320.008665,17,21127.551814
-267.474557,21,21134.993265
-257.951119,18,21142.73035
-229.605257,15,21148.633969
-226.432921,19,21156.378958
-280.810114,21,21163.992366
-215.236739,27,21173.912052
-238.492798,21,21181.373329
-308.637223,16,21186.072595
-263.114657,16,21192.778397
-220.896268,17,21199.222095
-242.330081,18,21204.980017
-228.486498,15,21210.261972
-302.336872,16,21217.472271
-190.386738,13,21222.024405
-232.026599,20,21228.983604
-280.731144,14,21233.569222
-281.417128,14,21239.042267
-222.412558,18,21245.322525
-225.15315,17,21253.181278
-269.398784,17,21259.026448
-280.247362,23,21267.673385
-224.833166,21,21275.005382
-288.759253,15,21280.541828
-249.56346,23,21288.41221
-189.196999,22,21297.177022
-275.974461,20,21303.591155
-216.499735,19,21311.858773
-242.115076,24,21319.898332
-297.269801,22,21327.720414
-253.970365,17,21334.564509
-183.47998,19,21341.30138
-214.778256,21,21349.229357
-158.66629,20,21356.034579
-225.3059,17,21361.806276
-204.699838,19,21369.758806
-286.783286,17,21376.9284
-268.206599,19,21383.753185
-172.928195,18,21389.781782
-282.350022,15,21396.438891
-301.185106,20,21403.562117
-260.397608,18,21409.531679
-240.214714,16,21416.336884
-251.792472,15,21421.737483
-230.592173,24,21429.883909
-219.484792,24,21438.905509
-236.344856,14,21444.682115
-186.904742,24,21454.962028
-271.402589,20,21461.617701
-242.440074,23,21469.783604
-245.655471,18,21476.364518
-222.161172,17,21482.62163
-207.071971,20,21492.726986
-145.982534,17,21499.25897
-227.90306,17,21505.102603
-239.702951,19,21512.523841
-208.84883,18,21519.603815
-292.814722,19,21526.030341
-309.966753,16,21531.491605
-149.264095,16,21536.837884
-172.927654,15,21542.449326
-235.837659,15,21547.690003
-206.574599,16,21553.748998
-221.315354,14,21560.71868
-283.092746,21,21570.18762
-239.322805,15,21578.047286
-159.173389,20,21584.910863
-228.003316,20,21591.575803
-217.962226,20,21599.321928
-239.697411,16,21604.839392
-290.794672,23,21613.733459
-221.613117,20,21621.453227
-129.668272,20,21628.333723
-158.513776,18,21635.672721
-269.821693,19,21642.748875
-276.824914,15,21648.286424
-208.470462,21,21656.983549
-215.236563,22,21664.807058
-215.858514,16,21671.91953
-282.983223,22,21680.715326
-175.190074,20,21687.787097
-259.003966,20,21696.710086
-239.532761,20,21704.737284
-224.971158,20,21712.665163
-149.334881,19,21719.45908
-259.845898,21,21726.843405
-327.64659,17,21733.246294
-268.058511,19,21739.793489
-262.064375,16,21746.464265
-247.62137,21,21753.803004
-291.810459,14,21759.02874
-262.363908,19,21765.720777
-243.072361,14,21770.626466
-312.4909,16,21776.337367
-245.635836,22,21783.504152
-189.561303,22,21795.487683
-145.976348,17,21801.159984
-220.717951,21,21808.062525
-172.537727,21,21815.028814
-218.407168,23,21823.633888
-213.254116,19,21831.454959
-287.619118,11,21837.064315
-196.112371,19,21843.296645
-205.4914,22,21850.855359
-170.569953,19,21857.945999
-149.828584,23,21865.658912
-236.331448,24,21874.825987
-272.962176,11,21879.573434
-305.278546,16,21884.841045
-268.193413,18,21892.529279
-254.183739,22,21899.855299
-222.271971,18,21905.958207
-118.814645,14,21912.349288
-233.725871,19,21918.901845
-189.455482,15,21925.670558
-103.762088,17,21931.80416
-203.232488,23,21939.696804
-282.82961,16,21947.312127
-188.904181,18,21954.165293
-192.565524,16,21961.51191
-178.703468,19,21970.171306
-133.88438,13,21975.960272
-330.563099,20,21982.774791
-228.157109,17,21988.469795
-277.287144,20,21995.965845
-298.694823,22,22004.42457
-153.806383,18,22010.337611
-195.17774,23,22019.169663
-217.43852,23,22026.843985
-261.633576,18,22033.221689
-241.275737,16,22039.084177
-247.114528,14,22045.040738
-214.210439,18,22051.227961
-270.197624,10,22057.237269
-303.354907,14,22062.517503
-220.468161,19,22070.388801
-213.398539,17,22077.892817
-408.238866,22,22085.04867
-235.584326,15,22091.889697
-272.070806,19,22098.412971
-281.108834,22,22107.395034
-305.716993,18,22113.375818
-213.011096,20,22119.885089
-217.433074,16,22126.806909
-182.328786,25,22135.726547
-355.852936,20,22141.926556
-237.427101,16,22147.720792
-238.90992,15,22152.89562
-319.243321,15,22158.337678
-291.808953,21,22166.198327
-305.816843,14,22172.074383
-342.764215,16,22178.013924
-255.629958,14,22183.779374
-331.284036,16,22189.210222
-328.273186,18,22194.994284
-248.750329,15,22200.577374
-234.996121,16,22206.733377
-251.373497,18,22212.935017
-271.37429,11,22218.537867
-271.236319,17,22225.061162
-241.450146,20,22231.680991
-203.818447,19,22238.059646
-209.526288,17,22246.851223
-195.223416,18,22253.558719
-243.118708,18,22260.15634
-312.942645,21,22267.290307
-241.661462,14,22273.382742
-186.222742,19,22279.884941
-346.346817,18,22287.046967
-201.572048,22,22294.975208
-265.578418,20,22301.912727
-364.026973,17,22308.414311
-255.994765,14,22313.734012
-146.57267,20,22320.538673
-248.545106,17,22327.095087
-206.35788,20,22334.131197
-219.818169,19,22341.228315
-145.012082,15,22346.462784
-226.820164,18,22353.143667
-207.666215,21,22361.029269
-291.317541,11,22365.113718
-194.04816,22,22373.350443
-183.643673,18,22379.289425
-242.418094,22,22387.441672
-227.602187,23,22395.337609
-264.322119,19,22402.568485
-220.936185,17,22408.677452
-199.549177,15,22413.408437
-213.672529,16,22419.866024
-293.462518,24,22429.218658
-215.193516,20,22436.145508
-263.431351,19,22442.755633
-289.777712,19,22449.977983
-200.53173,22,22459.154426
-194.344405,18,22466.277669
-318.399208,16,22474.102329
-189.738253,20,22480.795545
-210.881725,20,22487.421021
-270.215711,19,22494.792965
-266.289778,19,22501.41582
-289.526137,17,22507.449088
-258.901334,17,22513.367062
-214.907656,16,22518.308533
-249.793121,21,22526.386981
-180.130272,24,22534.510417
-137.730213,18,22541.143866
-224.234374,21,22548.830949
-278.945719,19,22555.522355
-340.507391,18,22563.692837
-125.041089,21,22570.758729
-244.87799,18,22577.381179
-242.929932,13,22582.574852
-245.137153,15,22587.970086
-193.944074,17,22594.32567
-242.007148,15,22600.129729
-226.46883,22,22609.226687
-260.299701,24,22619.074404
-220.271274,20,22627.831609
-201.603964,20,22636.401607
-270.208291,16,22641.710258
-155.399985,17,22648.400461
-276.281773,14,22653.611537
-254.010455,16,22659.306459
-260.828269,20,22666.73977
-249.766632,13,22671.811868
-241.480015,20,22679.474268
-225.107582,19,22687.248072
-202.96027,21,22694.247205
-213.795567,17,22700.673173
-321.237033,15,22705.740689
-295.788477,20,22712.748034
-265.166032,16,22718.231021
-236.963657,17,22723.953609
-278.429726,19,22731.613412
-168.428592,19,22739.273554
-147.048129,21,22747.39037
-234.148527,15,22753.28315
-282.743976,13,22757.795073
-214.419522,27,22769.425344
-219.622457,18,22776.416113
-257.683412,22,22786.42989
-268.996628,13,22791.534767
-160.097375,18,22797.553612
-302.183724,21,22805.774056
-224.135515,19,22812.178333
-271.25293,18,22818.40884
-359.641818,19,22826.065991
-273.040574,16,22831.187255
-210.892189,25,22840.879915
-301.986511,23,22849.216161
-279.622224,17,22856.807896
-234.966612,18,22863.443801
-321.915155,25,22871.78626
-285.926535,22,22880.22534
-200.922168,19,22887.302443
-186.827593,25,22976.997168
-186.860911,15,22982.789798
-329.73042,20,22989.518024
-345.265465,20,22996.550111
-292.341888,17,23002.286931
-313.99342,20,23009.654984
-261.713361,17,23016.659544
-283.114007,11,23020.372849
-205.487739,26,23031.339839
-170.915614,15,23036.175548
-305.716107,17,23042.911563
-247.903952,12,23048.306214
-162.747107,23,23057.169023
-325.120678,20,23064.545607
-303.194117,18,23070.117802
-186.901488,17,23078.386239
-266.129221,20,23085.884889
-254.316424,22,23093.260971
-356.360797,21,23104.084402
-236.309151,20,23110.990904
-194.36847,12,23116.394572
-243.552445,16,23121.82657
-193.69189,16,23127.028553
-209.991192,20,23133.827201
-255.511076,15,23138.743531
-342.4189,19,23145.418067
-225.224907,18,23151.981577
-332.424219,16,23157.746599
-273.219136,19,23165.105974
-298.978554,17,23172.218129
-254.25381,16,23177.953541
-189.413035,17,23184.946561
-278.169673,17,23190.680323
-301.79984,19,23196.893955
-306.041917,16,23203.607224
-264.6233,21,23211.46297
-270.783225,18,23218.58436
-235.555051,13,23225.216439
-301.735551,19,23233.450781
-199.703512,21,23241.762287
-271.517019,14,23246.273138
-314.895576,20,23253.694003
-408.017813,20,23260.92075
-286.365027,21,23270.70179
-333.201833,17,23279.2165
-276.319998,19,23286.401273
-301.294951,17,23291.811644
-213.458369,20,23299.895181
-223.028526,23,23307.741867
-174.718727,23,23316.746332
-288.704221,17,23323.153245
-233.001381,19,23330.389838
-206.798484,25,23339.096533
-235.401968,20,23347.336082
-176.317816,20,23355.602942
-218.506097,24,23364.219109
-255.848606,17,23370.372878
-272.136306,20,23378.561189
-225.375228,15,23384.642787
-210.723862,20,23391.979241
-286.214797,19,23401.3576
-258.482898,17,23409.014067
-229.426474,21,23416.206229
-214.870601,22,23423.3478
-292.631155,19,23430.732145
-281.441805,23,23438.654856
-199.731192,21,23445.756566
-155.209248,17,23451.829986
-172.688435,24,23461.227804
-357.471894,15,23467.450277
-313.810727,17,23475.085445
-152.844303,24,23483.196133
-208.16338,19,23490.580604
-235.068946,16,23497.188913
-288.292235,18,23503.15772
-221.868853,16,23508.972653
-207.598033,18,23516.294209
-220.51208,18,23523.387581
-449.039748,20,23532.092568
-247.438381,20,23539.77505
-284.841416,21,23547.927444
-221.221042,15,23553.885899
-291.291173,20,23560.644881
-290.595211,15,23567.268743
-278.543539,16,23573.349347
-244.934192,18,23579.612004
-196.068542,19,23585.845175
-160.600931,19,23592.623071
-357.769462,19,23599.271614
-291.936634,20,23606.213836
-278.195785,16,23611.823717
-215.412925,20,23618.738975
-245.984468,20,23625.720431
-231.740913,20,23632.77422
-208.826301,16,23638.981727
-257.578516,20,23646.01866
-310.549895,16,23652.707651
-192.748964,19,23661.71446
-241.180714,19,23668.645127
-292.091977,19,23675.04681
-263.20407,19,23681.605762
-249.344173,15,23687.586914
-311.720821,21,23697.006798
-251.414546,23,23706.170033
-133.556743,16,23711.805101
-264.475896,23,23720.252359
-200.395001,19,23726.773767
-237.918534,21,23734.340166
-293.403336,17,23739.671559
-248.802213,16,23745.027469
-184.614376,18,23752.27517
-239.420792,15,23758.558623
-217.849102,19,23766.203993
-212.555016,20,23774.497353
-226.0137,23,23783.160285
-240.427974,18,23790.082747
-278.891824,15,23795.312657
-274.063316,15,23801.441993
-246.756562,17,23807.669662
-231.512683,25,23815.88344
-237.95417,25,23824.906224
-344.293925,18,23831.803639
-235.189591,19,23838.52324
-352.109547,14,23843.986416
-253.72908,19,23851.186646
-221.741431,17,23858.7811
-313.495637,17,23865.334233
-311.22,27,23875.198888
-308.766347,19,23881.434362
-234.241745,15,23888.246068
-224.485938,16,23893.290163
-275.695671,19,23899.692283
-232.714001,20,23907.55887
-211.495163,22,23917.26431
-264.558088,18,23923.751387
-234.698406,21,23933.01874
-189.302145,25,23943.095153
-193.699994,15,23948.414486
-221.849628,20,23956.25846
-247.400472,18,23962.323284
-346.077889,18,23969.288163
-203.310223,20,23977.424153
-197.258124,19,23984.033276
-340.022084,19,23991.23831
-289.500804,18,23997.473587
-292.441848,10,24000.848939
-226.978479,14,24006.008871
-231.178221,18,24012.27369
-222.145981,20,24020.393224
-226.461337,17,24026.983257
-227.642939,23,24034.661754
-213.636757,14,24039.731995
-233.858326,18,24047.373888
-306.513349,16,24053.219235
-228.91211,20,24060.861658
-264.523744,14,24066.473384
-240.875766,18,24072.90704
-258.118047,20,24079.891241
-161.486766,23,24087.883475
-183.45495,19,24096.578381
-187.466043,12,24100.981939
-216.079818,20,24108.063088
-201.692356,19,24114.387928
-266.217121,19,24121.821988
-276.871604,23,24130.583904
-187.929319,18,24136.567711
-178.231633,19,24145.596886
-269.979497,8,24149.274231
-258.217525,15,24154.54446
-315.375978,21,24162.98026
-302.68469,20,24170.192708
-241.424356,18,24175.939459
-311.218884,20,24182.783928
-310.89377,11,24186.766926
-238.162554,19,24194.188371
-253.671838,14,24198.838389
-250.150346,22,24206.6845
-323.769607,25,24215.420898
-185.516909,25,24224.203628
-176.845488,20,24231.402826
-270.551121,18,24237.16549
-235.49873,17,24242.960448
-254.239694,19,24250.54409
-230.562302,17,24257.860175
-172.888881,14,24262.449724
-247.552401,20,24269.494172
-268.949414,18,24275.81464
-248.795034,16,24282.359648
-246.663108,19,24288.457008
-242.946118,18,24295.11817
-294.568555,11,24299.291924
-179.216011,21,24307.810028
-211.779986,22,24315.660269
-299.035413,24,24324.433906
-290.546827,20,24331.926721
-215.413245,16,24338.141984
-255.234374,17,24343.803832
-251.774698,16,24351.793867
-241.189815,19,24357.883701
-214.592521,16,24363.435611
-283.743969,21,24370.95297
-204.391522,22,24378.289624
-366.816362,19,24384.968719
-254.386125,24,24394.248521
-290.31726,19,24404.490774
-244.32355,19,24411.517313
-233.720887,23,24419.065808
-243.923836,17,24424.903574
-228.092357,15,24430.542731
-253.552849,20,24439.672985
-203.867846,19,24445.694042
-267.885605,19,24452.421281
-290.863739,18,24458.716439
-295.160617,11,24463.54378
-157.499241,19,24471.082466
-260.346865,12,24475.270527
-117.836515,23,24482.821316
-271.639555,11,24487.469896
-193.066141,15,24493.389026
-124.683983,18,24501.818012
-217.606613,20,24508.759982
-186.540013,21,24516.019977
-238.011351,18,24522.087906
-309.803219,16,24529.422523
-216.960302,18,24535.693045
-209.797078,21,24543.87447
-312.524958,20,24550.965812
-240.898878,18,24557.312632
-345.242012,17,24563.457176
-155.709725,16,24569.949436
-298.815278,15,24577.281101
-254.162147,19,24583.4228
-252.321684,19,24589.892057
-299.282105,20,24596.284354
-251.52169,21,24603.816664
-290.432253,10,24607.40844
-258.591538,13,24612.487642
-282.310061,18,24619.317084
-229.771587,21,24627.320894
-177.145702,20,24634.113421
-204.081065,19,24640.695564
-292.843341,18,24647.138832
-199.9482,16,24654.14417
-258.604781,18,24661.192857
-190.942179,20,24668.176747
-106.348868,10,24673.708751
-254.787261,18,24681.373847
-231.73854,17,24687.084098
-274.240488,21,24696.176451
-261.677371,21,24704.349737
-281.599359,19,24711.194512
-256.136211,17,24718.353554
-244.590614,19,24726.88404
-296.690733,19,24734.816899
-172.556537,23,24743.610471
-263.880634,18,24752.591941
-260.043209,21,24759.868215
-227.01164,18,24766.276029
-318.552999,19,24772.910385
-197.801892,19,24779.435761
-299.663094,15,24785.88289
-310.117868,21,24793.789912
-221.601655,19,24802.753347
-296.962622,22,24812.96764
-246.324649,22,24820.559194
-221.766827,21,24828.080267
-245.969068,18,24834.386222
-238.661227,21,24841.384634
-241.750144,20,24848.483351
-220.951976,15,24854.766391
-264.132816,12,24858.881314
-208.399377,17,24865.016422
-230.823302,23,24873.848603
-140.149819,21,24882.863746
-261.996862,15,24888.148873
-218.864849,22,24895.83702
-238.61768,18,24904.905892
-245.706115,21,24913.994007
-239.252588,17,24920.314177
-370.741054,19,24926.822607
-284.71009,17,24932.439738
-228.840012,18,24939.572939
-155.794542,17,24946.888437
-314.192209,12,24952.385713
-361.137479,21,24959.78563
-203.266934,17,24965.392586
-210.874632,16,24972.137071
-257.505437,20,24978.997413
-220.947164,19,24986.462906
-244.116865,17,24992.636795
-230.985331,17,25000.525131
-237.985934,17,25006.578235
-230.794429,15,25013.749166
-241.381839,17,25019.662635
-147.08496,24,25028.544012
-212.569738,20,25036.293497
-309.82084,16,25043.46838
-252.746851,18,25050.38917
-190.161564,21,25058.383274
-227.480255,20,25067.556242
-284.174718,15,25074.610499
-309.572983,11,25079.000753
-213.172873,17,25085.515172
-250.032995,13,25093.219146
-249.959133,19,25100.188406
-235.371287,17,25105.959881
-298.479793,18,25111.961076
-229.098787,13,25117.413483
-268.693701,18,25124.418154
-250.263505,20,25131.391083
-238.789369,18,25137.383552
-331.662982,21,25145.377859
-263.174211,21,25154.939632
-247.700749,18,25161.40618
-184.584456,21,25169.404008
-231.002887,22,25177.087816
-258.767907,18,25183.40283
-226.364433,15,25190.65873
-208.922544,17,25196.727737
-181.949572,24,25204.821084
-263.317889,17,25210.54087
-211.391205,19,25217.941768
-288.249679,19,25224.509398
-226.218921,16,25231.449038
-363.524065,19,25237.916221
-390.808093,20,25244.666042
-184.828725,21,25251.530186
-218.551329,18,25257.645229
-247.294726,19,25263.88872
-203.247797,20,25272.913793
-368.825417,19,25279.186909
-140.985969,15,25286.095931
-253.073458,19,25292.290323
-251.77093,17,25299.057664
-218.406941,19,25305.838596
-179.119656,20,25314.438524
-276.495626,21,25323.789899
-263.412335,21,25331.868447
-361.088611,17,25337.997468
-229.249181,17,25343.802144
-205.874555,21,25351.714786
-221.677869,11,25355.7544
-257.120329,21,25364.005334
-219.45749,17,25370.646859
-220.319897,23,25378.40101
-246.481424,19,25384.916691
-261.01964,14,25391.511608
-316.514388,19,25397.915912
-312.45687,15,25403.588437
-180.948914,22,25411.387554
-264.357236,17,25419.261081
-161.119215,17,25425.120727
-270.608854,21,25433.163925
-237.717656,18,25439.152349
-257.597383,18,25445.411494
-343.329296,24,25453.8525
-240.468598,16,25459.875038
-351.787488,20,25467.872414
-216.355072,18,25476.458453
-227.236455,21,25483.773112
-261.221192,24,25492.04668
-154.779457,20,25498.874879
-210.858762,20,25505.708585
-274.329186,14,25510.30149
-232.654526,20,25517.244435
-215.584475,20,25523.756656
-318.471509,14,25529.382273
-214.352105,19,25535.89309
-193.593431,25,25544.976199
-301.488359,17,25551.893479
-294.976043,21,25559.911538
-283.955232,19,25568.597229
-260.814757,26,25578.57443
-233.634213,24,25587.176429
-247.588029,20,25594.855067
-176.454638,15,25601.900395
-250.802485,24,25611.133165
-246.23398,19,25618.261323
-223.275513,23,25627.50633
-281.645044,14,25635.168782
-195.250993,19,25642.612385
-209.22533,16,25649.175739
-327.603357,20,25657.247283
-116.480863,18,25664.535606
-191.391312,19,25672.173667
-137.627306,14,25677.399045
-291.380993,22,25685.980527
-220.264448,20,25696.625938
-328.585365,14,25702.407722
-214.12176,19,25710.216851
-178.130203,23,25719.396658
-215.360608,22,25727.407005
-280.824359,13,25732.01037
-182.783476,20,25742.438565
-141.802627,21,25750.43312
-137.089472,19,25757.365538
-237.249869,20,25764.730861
-162.590173,22,25772.243933
-285.422883,23,25781.951811
-145.459634,21,25789.489488
-194.359136,21,25796.999806
-261.802976,16,25803.816951
-230.607255,20,25811.569566
-272.403139,22,25819.839474
-244.322491,24,25828.724216
-281.559578,16,25835.27768
-181.005916,19,25842.666173
-260.814312,12,25848.426868
-213.066843,18,25855.106934
-185.434123,19,25861.714219
-223.040199,28,25872.528695
-249.306784,14,25877.191297
-254.865726,25,25886.02398
-259.195613,17,25893.56383
-256.871283,14,25898.785963
-241.322513,19,25904.907336
-280.833879,21,25912.13164
-251.440871,22,25921.107324
-293.759799,21,25929.721972
-227.500616,17,25935.558465
-243.625428,18,25941.374761
-331.681227,19,25949.033515
-253.821992,19,25955.728419
-176.125096,19,25962.994467
-263.383735,13,25967.316591
-221.570807,20,25974.182647
-218.24857,20,25982.378922
-224.974601,20,25989.822215
-349.203718,25,25999.685086
-254.981396,18,26006.203836
-272.979771,19,26012.939836
-328.09074,21,26019.778722
-218.949996,19,26026.731426
-120.110708,15,26031.308011
-242.791753,19,26039.122773
-233.232427,19,26046.024925
-100.651267,22,26054.761557
-221.720286,22,26063.089721
-232.22345,22,26070.649701
-237.350394,17,26076.543912
-214.596115,22,26084.248973
-264.336823,18,26090.163784
-187.466087,23,26097.74754
-389.874776,18,26103.870891
-195.428306,28,26113.564728
-260.327394,18,26120.913109
-322.28992,19,26127.495186
-239.095188,21,26220.235754
-252.341984,21,26228.788266
-257.548379,19,26235.589311
-260.537658,14,26242.04907
-269.357803,18,26248.110017
-218.831153,15,26256.344223
-220.370756,19,26263.179231
-300.316138,20,26271.020617
-255.967723,16,26276.799688
-265.514556,19,26282.924196
-250.644573,14,26289.19941
-180.611506,22,26296.333935
-159.77122,17,26302.682685
-267.614402,22,26311.307192
-251.19822,17,26317.591076
-208.582927,23,26325.458515
-214.508996,25,26333.736708
-271.265486,17,26342.828638
-290.226173,14,26348.934361
-206.431655,16,26355.002937
-252.386492,19,26361.806393
-169.658197,18,26367.63879
-250.733117,20,26375.209125
-156.853667,18,26380.998753
-202.824142,20,26387.961799
-193.058141,23,26396.327034
-183.870572,20,26403.971355
-250.886408,19,26411.596273
-223.041247,16,26418.179732
-206.228132,19,26424.51027
-196.10354,21,26434.255304
-207.469228,24,26442.766185
-307.599869,10,26445.977583
-213.426088,20,26452.933799
-210.177544,21,26460.710774
-216.627467,21,26468.778119
-198.015106,22,26476.673202
-266.908355,19,26483.444286
-238.033876,14,26488.027689
-232.748357,18,26494.07354
-183.458874,21,26501.250944
-276.10065,14,26506.672328
-314.560179,21,26515.147512
-242.292469,23,26522.252218
-243.985231,18,26528.564944
-177.376551,17,26534.743662
-229.145682,17,26541.914276
-245.251266,15,26547.067474
-127.65048,22,26555.255655
-177.26644,19,26563.215689
-132.808501,19,26569.575492
-284.671344,15,26576.39077
-284.340815,20,26583.910966
-198.821343,18,26590.544106
-132.457486,14,26596.135493
-253.142789,11,26600.841366
-233.676814,14,26607.539877
-270.633792,16,26613.187219
-305.44082,10,26617.707483
-204.760345,22,26625.374438
-208.596604,19,26632.247583
-260.706173,17,26638.269447
-305.343528,17,26645.424619
-275.39812,18,26651.997541
-384.018245,22,26660.306634
-286.998874,17,26666.895041
-188.342934,18,26672.862558
-193.218907,23,26680.757587
-125.604318,17,26686.129488
-291.023055,11,26690.483082
-195.404065,22,26698.312286
-224.623085,11,26702.537574
-232.296662,15,26707.77917
-273.978944,18,26715.997916
-210.775413,16,26724.070843
-186.354032,15,26729.168102
-206.217396,15,26734.577334
-218.022845,17,26741.702285
-174.514987,17,26747.999568
-264.64547,24,26756.26571
-234.21615,17,26763.013643
-192.015349,16,26768.144882
-258.603342,21,26775.815458
-227.015091,12,26780.121288
-271.668819,11,26785.370873
-238.002987,16,26791.210632
-274.9756,18,26798.436036
-182.222066,21,26808.986326
-342.104173,16,26814.685936
-228.836947,19,26823.005829
-296.786709,12,26827.060651
-203.659821,23,26835.290536
-190.584644,17,26842.701429
-128.875775,17,26849.159561
-271.426557,15,26854.327404
-274.757608,19,26862.250793
-201.56461,20,26870.346954
-242.23052,18,26876.830864
-284.410431,19,26884.805248
-197.433784,24,26893.663938
-201.956223,25,26903.040592
-225.022768,15,26908.774709
-220.9565,16,26915.455006
-298.659055,17,26923.672406
-178.594515,21,26930.900798
-332.586964,21,26938.599741
-239.020872,18,26945.311116
-202.960153,22,26954.344337
-249.534001,19,26960.767374
-254.217545,18,26967.388048
-246.175545,21,26974.417535
-246.448356,17,26981.009547
-230.509735,20,26987.814715
-386.629905,17,26994.572403
-307.010979,11,26998.498145
-226.798918,17,27004.533171
-222.534762,17,27011.797768
-384.15536,13,27018.250813
-255.467493,21,27025.973384
-223.615015,20,27033.437626
-241.559745,19,27040.911883
-230.642959,19,27047.541308
-234.57959,20,27054.203247
-234.070856,19,27060.404927
-207.721779,20,27070.223443
-231.640013,20,27076.940316
-245.221725,18,27085.990608
-240.438038,21,27093.333507
-315.420522,15,27100.844434
-277.131562,18,27107.056249
-205.291052,19,27113.388963
-280.961387,13,27120.045713
-207.446886,19,27126.625858
-263.57879,19,27133.874699
-238.01859,15,27140.674049
-364.517528,19,27149.738108
-224.272549,19,27155.954991
-185.673687,19,27162.907883
-268.911328,16,27168.212295
-221.78635,19,27175.952147
-252.86043,13,27181.164948
-208.607482,19,27188.32104
-359.323086,19,27194.643648
-273.814174,17,27201.944487
-293.306321,13,27206.657955
-220.027638,17,27212.988515
-238.934717,14,27219.179811
-196.457515,20,27227.128878
-269.078639,17,27233.901197
-237.622416,22,27243.144517
-201.411123,17,27248.905041
-135.239897,17,27255.220342
-232.22401,19,27261.853056
-280.925216,15,27268.238992
-233.991135,21,27279.870012
-243.870303,23,27287.933199
-355.927612,21,27295.844396
-277.215548,21,27302.804735
-267.710755,22,27313.5597
-270.758339,12,27319.272362
-295.103909,22,27326.989009
-272.05269,23,27335.197616
-186.805639,19,27341.57872
-266.394576,17,27347.598012
-320.093593,16,27353.314424
-268.167182,20,27362.341636
-235.09095,18,27370.489593
-309.194063,18,27378.825029
-231.917071,16,27384.818493
-224.71771,19,27392.72519
-294.750086,12,27398.930319
-253.103687,19,27405.04916
-225.277404,14,27411.37965
-287.194118,12,27415.916615
-257.793428,16,27424.79392
-284.232726,22,27433.967814
-276.608786,15,27439.317657
-155.131323,19,27445.351989
-332.059623,20,27452.378158
-274.329371,13,27457.486504
-123.536287,16,27462.665797
-187.780603,20,27469.749513
-233.125574,16,27477.179032
-183.809064,17,27482.782634
-231.098149,14,27488.575969
-242.72632,20,27495.340852
-341.824479,21,27503.160518
-292.402293,24,27511.515359
-270.13999,10,27514.43573
-204.908934,13,27519.423061
-288.150829,20,27525.940456
-126.357154,19,27532.42022
-264.337796,17,27540.171074
-82.096397,21,27547.616124
-223.348431,19,27554.399897
-238.555504,15,27560.289765
-246.017224,22,27568.878964
-243.563367,20,27576.282436
-231.712995,18,27583.219336
-222.941015,19,27589.863994
-208.023649,15,27595.37442
-275.893037,23,27604.096825
-258.273094,18,27610.012385
-314.938964,21,27619.242394
-189.507746,24,27627.927462
-230.178297,14,27632.477834
-222.191949,20,27639.176187
-223.94144,17,27645.105185
-248.21583,24,27654.017363
-250.221619,21,27662.656564
-271.298325,18,27668.43191
-278.591241,14,27676.196372
-237.929854,17,27681.750607
-356.429397,20,27688.811029
-241.245786,21,27697.025807
-249.347402,14,27702.317888
-232.085582,20,27709.382808
-249.892059,18,27715.185213
-327.95318,16,27722.053336
-253.476361,15,27728.685058
-245.934443,16,27734.758639
-264.453155,15,27739.911749
-172.754102,22,27749.300491
-206.928488,19,27755.690689
-418.647456,21,27764.076995
-257.813966,19,27770.900049
-311.85723,17,27776.334778
-334.94439,15,27782.500355
-240.414268,13,27789.877371
-171.421158,20,27797.469938
-244.56639,20,27803.871905
-202.540336,14,27808.817012
-243.539717,22,27817.06563
-278.589064,19,27823.041722
-252.889594,12,27828.998908
-366.271809,20,27835.524739
-177.397265,26,27845.60598
-226.160376,21,27853.668587
-181.830644,21,27863.187402
-258.422588,18,27871.263282
-280.423853,17,27878.431073
-288.178863,14,27884.470091
-285.320981,23,27891.788498
-253.096999,19,27898.778515
-238.597329,17,27905.755813
-213.913893,17,27913.586726
-179.374283,21,27920.792433
-240.997158,17,27926.727222
-228.923519,15,27931.669416
-310.872325,18,27938.669406
-169.134859,21,27946.619087
-301.636152,18,27952.802603
-272.088986,16,27958.860936
-162.836792,13,27964.252216
-214.886976,23,27971.657904
-258.141475,11,27975.356306
-294.612183,19,27982.36077
-114.321566,14,27988.187464
-252.80977,23,27995.572474
-212.053417,17,28001.68239
-130.096265,17,28007.539039
-315.142876,19,28014.059485
-195.21656,20,28022.253737
-248.718029,15,28027.178908
-215.478646,16,28033.160819
-245.722643,15,28037.757601
-228.476817,22,28045.184381
-275.892964,13,28050.757617
-115.078615,9,28054.297608
-219.360686,22,28062.203469
-217.135736,19,28068.808773
-199.321615,10,28072.219031
-199.950308,20,28080.729446
-319.033832,13,28086.959356
-186.315556,19,28095.070025
-280.783528,18,28101.375309
-280.865411,20,28109.015739
-232.149379,19,28115.468229
-274.546744,15,28120.110094
-314.753416,20,28128.225346
-123.969265,22,28135.886489
-220.236697,19,28143.299533
-288.437285,20,28150.992069
-302.920208,16,28160.250617
-279.390483,15,28167.754909
-246.289827,19,28173.996973
-273.746404,12,28179.597196
-290.931381,17,28186.624881
-150.746455,11,28190.502211
-247.522796,23,28198.33872
-228.140321,21,28206.425233
-288.749768,20,28213.383702
-279.617993,19,28220.645605
-241.234575,14,28226.343993
-305.612773,14,28232.554815
-231.66477,23,28240.219467
-202.081082,20,28247.376381
-188.253872,23,28255.808104
-235.271788,14,28260.45388
-212.271389,19,28268.227112
-311.979102,21,28275.992348
-273.579173,18,28282.044718
-154.349907,20,28288.17554
-269.646996,16,28294.52269
-246.641383,14,28299.755849
-257.061305,15,28304.990166
-212.34057,17,28311.156586
-118.47468,21,28318.698618
-269.539246,22,28326.665973
-269.602496,14,28331.792826
-277.147422,17,28337.658433
-253.105519,18,28345.215563
-185.326249,25,28353.307606
-225.796512,17,28362.441474
-222.216482,15,28367.55213
-152.694645,17,28373.038859
-192.703165,20,28380.058871
-222.662076,21,28387.952286
-262.906567,19,28394.453693
-307.205533,14,28400.879494
-182.40529,15,28405.929288
-183.248137,19,28414.725854
-299.06482,19,28421.622681
-245.45704,14,28426.501112
-240.873752,18,28432.522697
-230.389698,20,28439.240569
-242.24845,25,28447.530132
-235.620238,16,28453.577584
-302.780685,19,28461.392639
-225.758698,20,28468.562555
-233.962829,19,28475.23401
-213.221356,19,28481.70488
-200.367082,20,28489.655919
-277.993627,15,28494.731277
-162.635412,16,28500.390726
-221.475488,19,28507.763406
-294.814591,21,28515.796338
-259.445642,23,28523.782228
-219.633268,24,28532.435766
-207.258236,22,28539.939314
-258.767782,17,28545.976025
-321.893702,18,28551.989117
-319.748607,16,28557.464672
-250.028775,19,28564.387775
-227.117344,15,28569.870799
-347.414108,22,28577.149618
-204.839129,17,28583.035377
-291.148083,20,28590.95791
-226.173866,22,28598.272602
-211.481778,20,28605.771536
-272.840936,16,28611.110519
-203.481091,24,28619.351563
-279.73511,21,28626.580933
-266.474842,17,28632.991164
-203.69204,22,28640.584729
-212.590691,22,28648.487391
-178.874213,24,28657.884494
-151.950222,21,28667.260472
-257.291558,16,28672.434024
-193.951212,21,28680.517535
-219.677569,17,28687.098987
-237.874414,16,28692.573393
-261.933636,20,28699.765764
-221.781245,19,28707.177923
-311.481063,21,28714.114878
-227.418024,18,28720.976799
-214.041828,14,28726.697551
-296.123406,16,28733.612667
-274.584579,20,28740.879151
-267.80277,18,28747.687923
-192.686247,12,28751.848157
-384.041797,22,28760.229817
-231.162895,19,28766.519007
-288.048973,19,28773.513369
-395.352046,11,28777.540375
-241.809495,22,28785.974257
-212.686257,24,28795.2325
-257.677757,25,28803.546706
-232.949119,25,28812.726611
-187.68679,16,28817.733881
-209.927216,18,28825.794904
-202.667475,20,28832.14283
-187.59446,24,28840.350761
-236.919732,16,28848.299246
-250.602128,22,28856.620538
-176.164785,20,28863.477764
-280.316937,17,28868.968138
-293.984857,16,28874.236617
-255.486351,19,28880.629787
-191.365725,20,28887.395308
-225.725885,18,28894.384082
-237.277566,18,28900.27403
-214.564117,15,28905.920789
-187.746122,17,28912.659568
-219.185163,21,28919.57967
-259.69834,20,28928.248749
-294.928555,12,28933.2149
-235.919731,22,28940.536453
-167.018886,20,28947.334541
-303.048424,16,28952.338058
-168.726991,26,28961.990679
-233.840036,25,28970.459736
-253.102293,21,28977.565138
-210.275605,16,28983.582272
-226.512852,19,28990.590985
-484.044068,18,28997.972169
-267.569346,15,29002.77143
-209.740257,22,29010.311474
-275.727865,12,29014.565794
-239.818753,19,29023.411741
-207.103753,21,29032.456676
-303.999507,23,29040.592349
-276.212271,21,29049.067187
-179.366265,21,29056.912833
-226.375745,19,29063.86457
-203.030591,22,29071.206637
-270.623644,17,29078.614038
-207.616889,21,29085.94702
-282.12433,22,29096.32498
-289.835765,15,29102.59383
-222.801221,18,29108.691576
-246.48283,14,29114.436086
-213.529339,29,29124.250519
-207.997679,21,29131.260922
-246.64995,15,29136.965598
-240.338947,24,29146.614819
-327.023713,23,29155.738103
-224.504752,18,29163.209243
-180.755164,18,29171.423367
-215.69582,17,29181.678276
-194.680412,18,29189.079178
-181.675213,19,29197.221082
-322.904111,12,29204.664934
-293.225047,15,29212.388588
-163.186294,26,29227.43955
-169.129621,28,29237.988492
-293.220877,12,29243.023169
-221.635951,23,29251.15066
-185.828744,21,29259.350583
-197.648557,20,29266.654744
-243.852415,16,29273.130267
-202.171573,27,29283.690816
-270.823617,21,29291.2309
-246.990313,23,29300.503815
-226.349862,21,29311.654789
-319.569485,15,29317.650663
-259.732056,17,29324.41158
-248.901366,18,29331.196898
-247.175806,15,29338.623376
-259.43155,21,29346.632653
-245.062814,21,29355.926383
-136.879521,18,29362.289733
-249.963135,16,29369.688147
-218.648711,21,29379.776066
-159.325119,14,29385.955691
-315.967469,18,29484.072748
-240.654293,17,29489.832755
-203.660741,19,29496.804327
-188.292437,25,29504.833357
-330.987716,17,29510.216478
-250.803964,15,29515.328793
-240.85971,14,29520.926961
-259.13397,15,29526.382196
-243.682141,22,29534.07163
-270.417579,20,29540.731416
-300.195594,21,29548.61659
-198.800458,26,29557.438971
-246.170549,17,29563.896175
-187.09726,23,29571.372083
-246.427039,21,29578.409543
-289.167956,13,29584.02389
-245.891211,22,29592.067449
-247.930393,18,29597.935661
-271.546885,20,29605.162023
-259.48948,15,29611.199044
-238.921675,18,29616.92717
-227.156793,21,29623.938305
-229.208265,19,29630.267671
-283.14804,21,29637.668189
-212.374284,19,29644.773299
-178.263673,15,29650.037008
-178.433082,20,29657.443694
-203.957376,22,29665.277362
-180.272694,18,29671.982955
-140.256677,22,29679.264368
-261.337911,14,29685.71558
-220.303272,19,29692.382764
-395.965251,18,29698.459821
-204.220306,20,29705.378721
-241.337943,16,29712.057139
-265.982758,13,29716.844926
-227.442344,20,29724.062117
-237.08316,23,29731.588463
-241.767656,20,29738.437279
-209.902412,16,29744.79265
-181.183738,18,29752.262701
-274.13529,18,29758.511259
-311.728498,18,29765.8941
-285.325736,17,29772.257449
-298.998831,18,29778.673277
-178.822155,14,29784.61634
-309.46725,19,29790.867997
-247.276659,17,29797.619042
-288.693566,16,29802.900188
-206.67583,20,29810.401567
-158.649354,21,29817.647375
-307.640939,24,29826.928534
-225.760755,23,29835.353186
-208.188476,19,29841.678353
-217.432236,18,29848.824031
-219.347231,16,29854.869467
-151.539682,12,29859.007001
-221.25567,16,29866.566387
-252.747202,16,29872.363085
-215.334191,22,29879.81784
-257.628664,22,29889.531886
-286.512378,16,29895.899742
-249.025823,20,29903.330323
-241.601906,19,29909.437782
-241.322676,22,29916.820482
-283.750928,19,29923.234486
-195.937462,18,29932.00376
-237.813518,14,29938.58164
-249.565278,18,29944.773903
-246.03743,15,29950.756281
-234.657503,21,29958.377932
-249.134796,17,29964.275641
-223.1747,19,29971.408031
-266.391578,19,29978.321016
-253.299679,17,29984.014304
-182.730425,18,29990.573189
-224.548686,20,29997.73228
-173.690541,16,30002.842662
-281.805421,16,30008.838861
-434.025307,22,30017.822107
-246.599904,11,30024.001853
-222.1284,19,30030.610221
-244.27327,18,30036.623818
-122.944438,21,30043.357266
-194.668053,24,30051.540172
-261.751123,21,30058.643555
-208.844809,23,30066.25834
-196.158569,24,30074.891183
-243.589933,24,30082.408858
-298.346845,11,30086.629029
-349.02342,15,30091.368164
-214.667157,20,30098.844894
-185.847125,12,30102.804868
-209.916626,21,30109.785839
-290.770877,17,30116.324287
-187.706142,18,30122.277646
-325.41772,22,30131.266075
-182.297094,21,30138.877873
-339.242628,23,30146.471611
-243.00465,19,30152.658315
-196.939275,14,30159.38632
-293.812844,18,30166.86337
-179.553206,19,30172.887744
-217.864228,19,30180.085894
-334.521772,21,30186.818638
-244.973185,16,30192.73483
-284.005483,18,30198.322025
-216.022274,17,30205.658038
-160.683152,19,30212.949714
-189.284475,18,30219.005849
-233.860306,22,30226.576251
-263.683527,13,30231.400088
-155.229272,23,30239.679168
-209.770245,23,30247.501213
-201.837002,20,30254.596626
-228.398493,19,30261.066137
-250.193716,20,30268.053861
-232.889352,18,30274.738001
-292.680024,15,30279.806965
-158.350271,13,30284.13444
-264.441577,15,30288.995391
-214.139892,15,30295.346591
-281.443946,21,30302.269773
-208.732778,19,30308.553887
-200.863935,21,30316.450777
-229.95374,19,30322.671568
-306.049306,22,30330.260133
-253.901352,22,30337.594095
-156.634299,14,30342.554116
-254.45753,18,30349.082851
-278.35479,20,30356.470761
-304.778101,15,30362.007031
-131.509713,24,30371.983002
-301.967329,14,30377.068129
-227.182522,17,30382.982879
-294.464317,20,30389.546805
-235.817702,14,30394.438337
-209.205164,19,30401.520157
-225.448278,16,30407.063452
-252.650909,19,30414.28069
-366.166706,15,30419.388534
-230.014933,22,30426.637309
-257.091708,15,30431.886411
-288.399435,19,30438.562668
-190.943939,19,30445.006788
-296.719223,15,30449.96156
-223.840092,14,30454.726821
-186.494231,19,30462.4818
-269.769005,25,30471.930617
-209.87254,18,30477.907919
-217.022088,20,30486.040698
-182.140305,20,30493.24052
-228.876669,21,30500.484899
-168.663937,20,30507.17348
-131.70603,17,30513.337562
-289.353983,14,30518.354331
-232.089291,17,30525.409693
-200.025451,20,30533.370095
-179.484461,23,30541.599754
-231.195795,16,30547.614584
-206.348978,19,30555.022582
-218.108157,19,30561.306957
-132.776529,10,30564.480485
-249.600392,20,30571.910135
-234.937013,22,30579.089869
-207.421577,18,30585.799913
-257.256114,16,30591.534592
-359.301543,22,30600.445393
-260.769643,16,30605.921245
-229.45101,17,30611.924306
-262.30805,18,30618.322596
-321.487009,17,30624.841956
-165.113411,20,30631.405553
-197.060749,25,30639.938716
-259.236042,13,30644.976799
-219.437637,17,30650.768811
-280.700968,19,30657.021664
-202.159965,18,30663.485726
-212.589742,14,30669.54648
-243.439647,14,30674.58055
-137.048033,14,30680.153617
-365.001465,15,30685.157778
-224.991865,17,30691.260135
-229.024595,20,30698.743892
-295.199208,21,30707.163164
-240.4671,22,30714.904112
-221.861646,17,30720.804046
-193.825542,21,30728.732248
-162.509777,21,30736.223933
-225.141438,21,30744.37721
-233.07936,20,30750.570004
-272.298665,13,30756.311416
-122.327594,13,30760.585604
-212.319202,21,30768.100576
-185.860657,21,30775.631115
-192.486847,24,30783.36318
-126.105759,16,30788.929437
-261.16123,17,30795.314165
-197.143169,21,30803.973176
-299.483695,13,30809.42273
-293.163548,20,30816.553213
-272.210827,18,30823.65741
-203.747081,18,30829.707148
-327.040405,15,30834.938441
-154.560665,27,30844.472272
-184.486771,14,30849.102134
-212.911737,17,30855.707969
-234.177394,22,30863.545743
-282.382265,20,30870.143655
-163.918392,19,30877.036005
-133.979468,18,30883.050615
-302.436397,19,30889.249712
-113.853906,7,30891.785859
-162.871903,20,30899.838463
-166.092355,21,30906.999466
-275.392266,24,30915.303458
-263.513118,13,30921.275162
-215.750186,19,30929.03739
-220.965925,19,30935.548831
-124.280584,12,30941.746512
-249.116729,18,30947.854353
-261.666382,17,30953.691597
-239.285784,19,30959.99543
-239.793467,16,30966.050598
-231.10971,17,30974.217026
-131.010312,15,30978.882831
-202.856184,21,30987.997089
-357.93869,17,30993.475713
-235.959536,24,31001.759109
-344.794609,24,31011.529595
-177.943202,21,31018.772702
-252.673747,23,31027.036805
-160.92788,24,31035.374524
-218.78605,19,31042.561703
-250.042985,15,31047.72566
-256.607123,21,31055.260212
-222.424085,27,31064.6138
-240.990311,23,31073.347667
-110.297058,16,31078.768886
-229.533913,15,31084.068851
-268.513767,15,31089.159631
-182.724662,22,31097.294941
-257.485737,16,31105.692798
-354.215,19,31111.969033
-202.048198,21,31119.815442
-261.106585,19,31126.814192
-228.499285,19,31134.861087
-268.941769,18,31141.015653
-183.762314,22,31150.329123
-111.26305,14,31156.171632
-263.691381,18,31163.494325
-209.945947,23,31172.222278
-295.028886,21,31179.824623
-271.549165,16,31185.800052
-236.806392,17,31192.49944
-259.852914,17,31198.168655
-216.138665,19,31204.743949
-124.359534,19,31212.435916
-268.089991,16,31218.296683
-204.01415,21,31225.855793
-282.968915,22,31233.165467
-229.465051,19,31241.539872
-164.868756,16,31246.670982
-265.894488,16,31252.896497
-247.203577,18,31259.151225
-237.169747,23,31267.051658
-299.838816,16,31272.902097
-293.755316,18,31279.204243
-132.255676,16,31284.609563
-253.705259,17,31290.711406
-334.120883,19,31299.020957
-214.153465,18,31304.947346
-248.986337,16,31310.06914
-287.949678,19,31317.02443
-278.994485,22,31325.148782
-306.466952,14,31330.00126
-235.871559,15,31336.098462
-250.681405,14,31341.004247
-270.171321,22,31348.261393
-257.9292,17,31354.592719
-201.722515,23,31362.611608
-152.775416,13,31367.463365
-182.079865,22,31374.718524
-153.105685,18,31381.017937
-212.687332,15,31386.068599
-226.112152,22,31393.705761
-224.539102,16,31399.452235
-242.652382,17,31405.879361
-265.965593,20,31415.048016
-209.625944,19,31421.204669
-306.296286,20,31427.730206
-249.870724,15,31433.68129
-263.398378,20,31442.340157
-157.614177,25,31450.684624
-191.936822,17,31457.610012
-256.53317,14,31462.562965
-116.029098,19,31469.741029
-160.075689,20,31476.468361
-204.96509,17,31482.833969
-230.720231,20,31490.730129
-272.584289,17,31497.464479
-175.481353,20,31505.311483
-302.255536,18,31512.339359
-196.623522,19,31518.957178
-185.716055,23,31526.509324
-226.99642,15,31531.962224
-284.27332,20,31538.577667
-231.466061,19,31545.333503
-234.567871,19,31551.544518
-313.54141,15,31559.141096
-214.459497,25,31567.229218
-238.585113,20,31574.011367
-171.819038,19,31580.572717
-262.402196,16,31586.996722
-172.575297,12,31590.892174
-123.431857,21,31597.70944
-157.706945,22,31605.858943
-240.82252,20,31612.962703
-280.17278,23,31623.524363
-239.14926,17,31629.750579
-197.075267,23,31639.026124
-233.592749,15,31645.447574
-274.069361,21,31652.731607
-205.381525,20,31661.293502
-241.02684,21,31668.353206
-232.480828,18,31674.514283
-277.989055,16,31680.074947
-231.096377,25,31688.584769
-269.179673,23,31697.188904
-191.623058,23,31705.875681
-197.629511,23,31714.053292
-235.417936,19,31720.987689
-179.491374,20,31727.933639
-166.755803,20,31735.101689
-283.248332,17,31742.309279
-118.284943,16,31748.217595
-333.172311,23,31756.305025
-231.761091,19,31763.441681
-263.567893,11,31767.502634
-223.811868,20,31774.834548
-295.104303,16,31780.026606
-237.565949,18,31786.694857
-248.041902,19,31793.366531
-166.244346,21,31800.703711
-198.452529,21,31809.028192
-169.631442,17,31816.213818
-160.916379,13,31822.122916
-204.72994,21,31829.617774
-253.324707,17,31835.383872
-246.766238,23,31846.010621
-288.358326,12,31852.197197
-192.396216,21,31859.074033
-191.087047,20,31866.394131
-233.018153,18,31873.320243
-197.7456,19,31880.508502
-195.918963,19,31887.966672
-198.686195,21,31894.910975
-228.030253,16,31900.64405
-248.783437,19,31907.439386
-274.054888,12,31912.294669
-292.345381,19,31920.173807
-188.28433,23,31928.077517
-219.978174,19,31934.794938
-254.704389,17,31940.790327
-227.331397,24,31949.769829
-170.05727,20,31956.728064
-282.970215,9,31961.170016
-218.563197,21,31968.461247
-114.740103,19,31975.264693
-294.830852,14,31980.864566
-275.041117,21,31988.289991
-228.464879,23,31996.272998
-141.590831,19,32003.018191
-144.904565,24,32010.824876
-159.287584,19,32017.691714
-334.90381,19,32026.412375
-113.858095,16,32031.771081
-268.658432,19,32038.005552
-255.670642,19,32044.453839
-302.623951,20,32051.357503
-220.980634,20,32059.174784
-211.354939,21,32066.526606
-197.239112,18,32073.26734
-318.376899,17,32079.369021
-279.232526,20,32086.441608
-261.220335,14,32091.028113
-227.085627,18,32097.853747
-224.820505,19,32104.170784
-154.497365,9,32107.939651
-248.791315,16,32113.90585
-243.174941,15,32119.450925
-264.865942,18,32126.846037
-259.728743,22,32136.541068
-140.955485,23,32144.284809
-133.816371,10,32148.531196
-152.59259,12,32152.756747
-218.044091,21,32159.515402
-143.698464,13,32164.345536
-275.792339,23,32173.539521
-291.641411,21,32182.047056
-230.773273,21,32189.025606
-248.683783,14,32194.202363
-175.13616,15,32200.845646
-219.0502,21,32209.00208
-265.791888,25,32217.990491
-252.925585,17,32223.843857
-119.657442,15,32229.024497
-217.763222,22,32236.627741
-205.996164,17,32243.010871
-234.438396,22,32252.447178
-258.23021,23,32261.060366
-214.548607,17,32268.454671
-226.794795,17,32273.907581
-152.753222,22,32281.33402
-217.608895,13,32286.044575
-211.703171,23,32295.497784
-113.862586,16,32301.74508
-229.256645,16,32307.180516
-364.384813,17,32315.283522
-197.093862,19,32321.630578
-310.1723,15,32327.130167
-231.394543,21,32334.533817
-186.970504,19,32341.533523
-259.338199,22,32349.2877
-178.567761,25,32357.890124
-251.030572,23,32366.648424
-217.238978,25,32376.551636
-276.217865,15,32382.814999
-232.944731,20,32391.212763
-268.861097,11,32396.412794
-146.197223,19,32402.590651
-349.564767,18,32408.593454
-229.937327,22,32415.840635
-195.448628,18,32422.24643
-243.891051,15,32427.090606
-187.349178,19,32434.884847
-217.706742,22,32443.313582
-199.611817,18,32449.209619
-263.245395,15,32454.410418
-253.08775,16,32459.735449
-173.988681,22,32467.125347
-247.221938,21,32474.227533
-235.372133,20,32481.015842
-191.079623,17,32486.749593
-214.134874,16,32492.044815
-296.188411,18,32498.161863
-244.728754,17,32505.269805
-266.791339,18,32512.105746
-244.71942,17,32518.915545
-250.10414,19,32607.935113
-240.463883,19,32616.3705
-264.718414,11,32620.674984
-215.571953,22,32628.783572
-136.57496,18,32634.868105
-193.820896,20,32642.117802
-304.648873,20,32649.443654
-205.466645,17,32656.405828
-273.347769,16,32661.851501
-259.889178,20,32669.420444
-233.122194,17,32675.28457
-301.144698,12,32679.272512
-224.640625,15,32687.665338
-174.837739,25,32696.710171
-191.591803,20,32703.691632
-236.260725,23,32711.552547
-301.318795,18,32718.190936
-226.41344,17,32726.641334
-262.844893,17,32732.378682
-131.580388,19,32739.587006
-253.378222,20,32747.977638
-268.924318,21,32756.428087
-209.269768,16,32761.5632
-238.773538,14,32768.44393
-210.303523,18,32775.745646
-276.56337,15,32780.632488
-286.60006,22,32788.69642
-218.977113,17,32795.709281
-193.361728,20,32802.303943
-210.289814,22,32809.850876
-355.340569,17,32816.619902
-146.366337,9,32819.450548
-253.802737,25,32830.005827
-271.058132,18,32837.793103
-156.569528,10,32841.379271
-229.762955,16,32846.981571
-214.067604,22,32855.101126
-298.193807,14,32860.739841
-223.864728,21,32868.14439
-235.608859,19,32874.168166
-286.893921,23,32884.103471
-187.884216,22,32892.429856
-216.527311,17,32898.302715
-200.095666,22,32905.64668
-174.47199,14,32911.640793
-198.524062,23,32919.467988
-210.602417,24,32927.423665
-228.069658,20,32935.51717
-299.992775,20,32943.008455
-232.925687,16,32948.246967
-220.456472,21,32955.513849
-281.290489,14,32960.663419
-145.800019,18,32966.376707
-282.672918,18,32973.466097
-314.199915,13,32979.170759
-297.174112,17,32984.741872
-181.723541,14,32990.130963
-188.695353,12,32994.486183
-196.064948,21,33001.587764
-263.69733,13,33005.868375
-227.659679,21,33013.06934
-285.239124,15,33019.657706
-234.493404,16,33026.568481
-261.520823,23,33034.341982
-254.974683,15,33040.473925
-164.479328,22,33047.658248
-153.736558,17,33053.239047
-182.734011,23,33061.814155
-251.120274,23,33069.717802
-202.053272,22,33077.845208
-214.853504,20,33085.400911
-220.22179,16,33091.599509
-184.485801,22,33101.039392
-276.161913,18,33107.246816
-228.050442,20,33114.562853
-151.600075,10,33119.059277
-187.050475,17,33124.927592
-298.71041,17,33130.723906
-203.623548,20,33137.859701
-224.849176,22,33145.835887
-288.72267,22,33153.594845
-248.461217,13,33159.932867
-207.764663,14,33165.405124
-213.421879,26,33174.817211
-249.428035,16,33180.437912
-260.315467,18,33187.86654
-209.115521,20,33194.413039
-205.728712,25,33202.70734
-201.689072,20,33209.438422
-260.552628,14,33216.233915
-208.998246,23,33224.08585
-335.528745,17,33229.733981
-219.186541,22,33239.162882
-181.129071,16,33244.62803
-240.52806,25,33253.55609
-248.577704,20,33260.240431
-196.461645,18,33266.704221
-208.327144,15,33271.853835
-312.016456,9,33274.720746
-294.320194,18,33281.297371
-183.579643,19,33288.100912
-304.636505,23,33297.138858
-260.685809,20,33304.744473
-269.100691,24,33314.226477
-252.5434,19,33321.565792
-235.09245,23,33330.783726
-295.138332,18,33337.728312
-168.237831,19,33345.404703
-183.356359,22,33352.631538
-242.681859,20,33360.584213
-134.45249,17,33367.907793
-270.509765,17,33375.000391
-274.850322,19,33381.304991
-213.879042,21,33388.441194
-136.532034,12,33392.542957
-262.205101,18,33399.217954
-243.514404,11,33404.364945
-235.155796,16,33412.119342
-320.12092,16,33417.36728
-248.841589,16,33423.784407
-224.839211,19,33431.013612
-235.332941,24,33439.876343
-244.961312,20,33447.133855
-219.001102,19,33454.84381
-183.238612,14,33460.213799
-302.759899,18,33466.779482
-208.295709,21,33475.872164
-199.161144,25,33484.586796
-262.132993,15,33490.17454
-175.24844,19,33496.793388
-239.333679,18,33503.733478
-216.698799,19,33510.133376
-213.040322,20,33516.798688
-189.413065,20,33523.914164
-237.133449,17,33530.297808
-168.775788,25,33538.940585
-316.934841,18,33545.35217
-252.105003,19,33552.999304
-133.921655,20,33560.105339
-183.953857,21,33567.59799
-193.801765,19,33574.517905
-208.105405,25,33583.114153
-248.491089,18,33589.690258
-202.481709,14,33596.481453
-226.093222,21,33604.179907
-226.109198,22,33612.264808
-172.920066,24,33620.687538
-329.777061,18,33627.121024
-97.039638,13,33631.568802
-248.438707,16,33637.009827
-232.383109,18,33644.009611
-241.482776,19,33650.939023
-231.971727,19,33657.799522
-228.56986,22,33666.06697
-245.400602,13,33671.225329
-233.14868,16,33676.652086
-217.014116,21,33685.696098
-277.986451,12,33690.465014
-185.504076,18,33697.847772
-131.124285,17,33703.797324
-209.120982,12,33707.986703
-249.557466,21,33715.293242
-301.711199,19,33721.904221
-210.549795,23,33730.194731
-248.307724,18,33737.338128
-157.882132,18,33743.733842
-241.175257,19,33750.409087
-295.307705,15,33755.699178
-264.952739,21,33763.627683
-295.782463,25,33772.168944
-185.605254,22,33780.321902
-178.198246,19,33787.023949
-175.040032,20,33793.778044
-219.68461,21,33801.278529
-157.990477,17,33809.296833
-234.19738,20,33818.14305
-194.493506,15,33824.792956
-221.036498,19,33832.169157
-264.544004,17,33839.0304
-240.657276,23,33846.752229
-237.606172,24,33855.563394
-241.210952,19,33862.151665
-254.972473,20,33869.938556
-229.778712,14,33874.932666
-234.036592,19,33881.646859
-263.607283,16,33887.775205
-162.350957,19,33894.044285
-247.350956,19,33901.078676
-230.002941,20,33906.8967
-270.546762,21,33914.259231
-282.170087,17,33920.325715
-242.897973,19,33927.463238
-371.09325,20,33934.236014
-177.141214,18,33941.047427
-208.932645,19,33947.790925
-252.149628,17,33954.67787
-207.673364,17,33960.127115
-203.128978,21,33967.494683
-243.676883,18,33973.768567
-221.114647,18,33980.522855
-266.099666,14,33985.151025
-244.699714,14,33990.834487
-226.862552,11,33994.825605
-170.120693,21,34001.701968
-204.972627,19,34009.706587
-238.795254,20,34016.663738
-164.599292,22,34024.052869
-248.4379,16,34030.68473
-96.722487,18,34037.713358
-237.493669,20,34044.144809
-215.074698,12,34048.469203
-168.06518,22,34058.103145
-180.28545,19,34064.430125
-209.89787,23,34073.211633
-248.274467,17,34079.253778
-306.379748,20,34088.161061
-296.330682,20,34096.076346
-171.850871,22,34103.920223
-149.924804,14,34108.958402
-164.252525,20,34115.790047
-222.968053,18,34123.254269
-243.472153,19,34129.383135
-288.62575,21,34136.672442
-212.814498,17,34143.340129
-238.70722,17,34149.317748
-208.278491,21,34156.856956
-257.455818,15,34162.778635
-313.778768,18,34169.549864
-207.588625,21,34177.209805
-372.826401,18,34183.916585
-262.491546,17,34189.454646
-195.279779,18,34196.523512
-167.996363,18,34202.86835
-197.77949,20,34209.519921
-222.639047,17,34215.320853
-230.420688,26,34224.296759
-290.286034,21,34231.610045
-233.246832,16,34237.090872
-193.443056,21,34243.790195
-263.493958,19,34250.231309
-146.110576,24,34258.726833
-187.753045,22,34265.944176
-178.544831,21,34272.879968
-180.873975,18,34280.233981
-236.525134,24,34288.982094
-321.262068,17,34295.133727
-268.866333,12,34299.367963
-155.720015,18,34306.512283
-222.5734,21,34313.419416
-302.676074,14,34319.106977
-236.248677,24,34327.592809
-156.85678,15,34336.699882
-230.796926,23,34344.505961
-142.856057,25,34353.172536
-206.448474,19,34361.394638
-216.618636,19,34367.862881
-239.687484,16,34373.468879
-243.648265,20,34381.775788
-233.650136,20,34389.662266
-210.61612,22,34397.312848
-238.7498,23,34406.148967
-158.980824,22,34413.595829
-224.915617,18,34419.904831
-166.460774,22,34427.508662
-173.643433,22,34436.589532
-268.636746,17,34442.782216
-208.081249,19,34449.42308
-232.638455,16,34454.875826
-222.820986,22,34464.528474
-173.724539,25,34473.05479
-264.700444,18,34480.792759
-289.213666,20,34487.993712
-286.923702,17,34493.714409
-194.591699,13,34497.96798
-178.232222,22,34505.656124
-116.068359,11,34510.617794
-208.447065,20,34518.742249
-231.533861,20,34525.625533
-175.314572,18,34531.719422
-256.40162,14,34536.44865
-270.437885,13,34540.979277
-258.979677,20,34548.088933
-271.736623,18,34555.895743
-230.789035,26,34567.481502
-153.677158,18,34573.942768
-202.763048,18,34579.696483
-190.090555,24,34587.811889
-207.912595,12,34593.929214
-268.394082,13,34598.259286
-195.451889,20,34605.140372
-218.66698,18,34611.260267
-262.159277,18,34618.123477
-227.051288,21,34626.299392
-246.891605,19,34634.002149
-253.419102,16,34640.570382
-303.521079,20,34647.224336
-183.454433,22,34654.62328
-174.544636,20,34661.271785
-178.274117,21,34668.246764
-333.517965,13,34672.341882
-176.411838,16,34678.210548
-145.778087,16,34683.834843
-203.390725,18,34692.569626
-242.085952,22,34701.61421
-211.072897,23,34709.377866
-229.476337,21,34716.884938
-163.244463,24,34724.622969
-344.839536,19,34733.050406
-259.483895,16,34738.317569
-180.910041,23,34746.049344
-242.906239,11,34751.648937
-275.515636,21,34760.430657
-236.339876,17,34766.577932
-115.009475,17,34772.87225
-258.729315,19,34780.145775
-176.260526,10,34783.818659
-259.869833,16,34789.714147
-261.459421,17,34795.391957
-191.698867,21,34803.000295
-271.489706,17,34809.384403
-137.8107,15,34815.009019
-228.1106,16,34821.158973
-123.981427,19,34827.864898
-207.84679,21,34835.322216
-152.953775,18,34841.650938
-315.533267,21,34848.782359
-280.836243,19,34856.119334
-269.003656,19,34862.99587
-143.639127,18,34870.802764
-199.960001,26,34879.576205
-214.498835,21,34886.828936
-314.110584,18,34892.893536
-282.924836,19,34899.971665
-205.812889,17,34906.154578
-146.994848,20,34913.288211
-147.890431,14,34918.809074
-269.592915,13,34925.34179
-204.758207,21,34933.437768
-272.188977,16,34939.138805
-179.046259,17,34944.698778
-223.075567,18,34951.155183
-249.915169,14,34956.801355
-202.52223,19,34963.551618
-183.361965,18,34969.318705
-267.402586,21,34977.368222
-152.587884,24,34985.579743
-205.757928,24,34993.707989
-250.540093,19,35000.968682
-233.95897,24,35009.178358
-193.76516,16,35014.526333
-275.112394,19,35020.86813
-269.695005,22,35027.877668
-161.306798,23,35035.574342
-172.84334,21,35043.005524
-249.1593,23,35053.760469
-171.72519,21,35061.063947
-239.37629,16,35068.153425
-249.934857,13,35072.878646
-288.562127,23,35080.731757
-245.837547,16,35086.220109
-191.136704,17,35092.12349
-145.568811,16,35098.282357
-212.497494,15,35103.996958
-238.250051,16,35110.072292
-320.691729,23,35118.964237
-244.639189,22,35126.705933
-211.490548,22,35134.365787
-306.535247,19,35141.297511
-249.595379,13,35146.576806
-122.247244,18,35153.217544
-161.184766,22,35160.795718
-213.839231,16,35167.438057
-181.572274,14,35173.649966
-266.758628,14,35178.995529
-156.221992,18,35185.081474
-237.166798,18,35191.254283
-177.736993,22,35198.663431
-249.321518,19,35206.004302
-198.906669,25,35214.3868
-224.554985,14,35220.870783
-239.285618,20,35228.080014
-188.435313,16,35234.284935
-294.187955,18,35241.002197
-298.492799,12,35246.069402
-281.029984,18,35252.719681
-218.084649,19,35259.014817
-199.405649,19,35265.021202
-189.619339,18,35271.001592
-206.120776,21,35277.83081
-279.470318,13,35282.796393
-295.89436,18,35289.055091
-238.488522,22,35297.888633
-219.131296,20,35305.436383
-255.454241,15,35311.236131
-239.136858,17,35317.93682
-206.916339,24,35326.302988
-230.001336,15,35331.510873
-227.129052,16,35339.855833
-214.313478,17,35345.595037
-225.315866,20,35352.397186
-195.84227,17,35359.865828
-352.223762,20,35366.696339
-188.806016,20,35373.360928
-297.682053,18,35380.55854
-244.753113,19,35387.194575
-197.769578,23,35395.543985
-194.005747,25,35405.11904
-245.507536,23,35412.9503
-216.078376,16,35420.395651
-282.535166,22,35429.481206
-249.091744,20,35437.56646
-227.946629,21,35444.838844
-188.289966,25,35454.030848
-239.155396,13,35461.558995
-195.822745,17,35467.465091
-247.740132,19,35474.144715
-162.739871,25,35483.1939
-249.071552,15,35488.917243
-246.781218,22,35496.080644
-260.471474,18,35503.176425
-265.058982,21,35510.55774
-197.310713,21,35517.278026
-227.473593,18,35523.688127
-237.164567,16,35529.562095
-226.63657,21,35538.782883
-214.682987,18,35545.990597
-167.533594,20,35553.549824
-195.853528,18,35562.232907
-251.612317,16,35567.954404
-237.033819,24,35575.937901
-175.596942,13,35581.027806
-228.545504,18,35590.062436
-241.044066,18,35597.372748
-248.796992,22,35604.6892
-229.553146,21,35611.772548
-198.083462,15,35616.904267
-265.581232,17,35622.869089
-185.425698,20,35629.540102
-212.932471,19,35636.498759
-301.766054,21,35644.237327
-151.173329,12,35649.046751
-139.216618,21,35657.260968
-233.727071,19,35663.978128
-157.852784,11,35667.464399
-143.95768,22,35677.043447
-235.466575,21,35683.933665
-182.405,22,35777.120938
-292.411098,21,35784.237417
-206.249694,19,35791.397264
-267.514123,17,35797.690869
-194.252345,22,35806.218367
-327.561997,12,35810.189309
-343.009093,18,35816.50032
-368.359043,19,35824.702469
-189.722632,28,35834.845874
-191.004592,22,35843.689559
-191.185175,14,35848.413129
-217.066083,21,35855.213343
-297.021953,23,35863.664965
-179.043158,20,35871.738584
-228.354411,25,35880.314311
-117.745357,21,35888.122802
-205.263984,18,35894.776337
-156.216835,21,35901.92006
-130.901812,20,35908.834351
-233.640671,15,35915.325599
-250.120455,18,35921.49789
-340.458545,21,35928.661394
-264.010399,19,35935.435867
-294.263184,14,35940.54394
-239.201514,19,35947.255507
-179.837057,24,35956.527011
-293.542985,18,35962.747216
-224.692676,24,35971.001233
-321.68772,18,35977.89569
-225.036576,24,35986.035642
-276.059628,17,35991.814101
-199.530538,22,36000.441454
-286.192443,19,36008.094736
-269.196417,22,36015.650502
-262.90318,21,36024.349486
-149.070839,21,36031.711777
-241.493804,10,36036.727993
-238.127645,16,36043.358212
-233.219885,19,36049.917002
-246.095245,18,36057.868173
-257.171056,19,36067.254576
-205.359558,18,36073.873886
-187.842949,22,36082.469286
-177.675161,19,36090.30953
-214.616695,18,36097.103556
-199.940359,20,36104.02035
-126.405416,16,36109.335435
-247.963905,20,36117.41109
-235.263634,14,36122.804801
-231.235777,18,36129.255284
-274.2795,24,36137.746836
-230.852946,18,36144.165956
-213.297345,24,36152.190262
-196.631073,20,36159.471333
-242.188638,21,36166.206825
-253.094803,15,36171.691463
-251.898069,18,36178.752932
-205.392565,23,36187.960768
-199.400988,24,36196.512134
-209.81867,21,36205.370288
-246.298082,20,36213.323246
-245.798973,17,36219.25624
-233.722105,17,36225.15237
-219.594534,20,36232.993361
-210.785092,24,36240.87894
-141.634003,21,36249.05757
-218.819691,24,36258.937121
-307.528108,17,36266.514318
-234.276557,19,36273.026295
-220.503304,15,36279.684026
-296.513071,14,36284.417443
-180.768203,25,36293.256956
-225.000718,19,36300.551467
-133.933822,25,36308.880732
-105.487339,23,36317.205175
-224.776574,23,36326.340267
-300.654836,16,36331.512085
-160.537854,13,36336.336582
-253.145269,17,36343.387556
-201.744209,20,36351.275661
-153.24202,19,36359.138853
-230.438114,18,36365.627085
-273.879537,21,36373.8374
-162.00657,23,36382.615737
-254.353354,16,36389.128976
-341.127842,17,36394.732732
-264.469328,17,36400.488287
-240.532434,19,36407.565822
-216.28021,24,36417.089441
-245.358218,19,36423.822391
-211.994229,18,36430.067095
-242.906866,20,36438.893278
-247.398421,17,36444.706642
-266.972515,11,36449.036546
-194.282773,21,36457.913621
-306.788816,16,36463.101952
-239.462406,19,36470.496455
-124.261679,14,36476.80469
-301.982468,17,36483.097492
-210.139536,26,36492.275365
-248.910606,13,36497.374316
-261.61347,18,36503.783386
-283.470573,16,36509.162797
-215.419453,17,36517.118593
-233.246812,14,36522.148259
-139.133362,23,36530.346061
-270.08404,19,36537.550941
-161.788331,21,36544.605091
-106.793024,10,36548.630168
-187.109218,22,36556.833358
-233.243501,18,36563.364043
-289.533815,14,36568.446296
-217.48823,26,36577.252728
-241.268091,26,36585.724588
-236.327931,17,36592.901747
-227.444086,18,36599.011991
-202.977114,15,36604.563505
-232.181171,23,36613.577396
-233.859421,20,36620.143629
-165.633321,25,36628.282608
-186.459908,20,36634.905183
-136.645408,21,36641.836455
-224.459681,22,36649.205223
-218.844993,18,36655.091086
-218.345851,22,36663.594384
-182.129397,19,36669.800899
-238.028906,20,36676.989503
-244.030289,21,36684.296009
-230.547673,22,36692.266669
-174.708476,15,36697.072522
-205.48912,23,36705.880569
-285.433909,17,36713.865958
-283.169606,18,36720.523033
-277.677633,19,36726.951708
-138.019917,27,36736.159074
-218.842179,21,36743.016404
-329.704831,17,36749.094955
-263.552495,17,36755.338163
-236.43793,22,36762.417057
-156.770347,21,36769.668612
-215.174978,18,36776.360082
-227.032677,18,36782.446013
-242.165335,19,36789.571009
-270.647354,19,36796.161865
-290.283495,22,36804.260313
-203.59291,19,36811.191315
-257.671911,18,36817.182534
-230.314439,20,36824.569326
-177.209322,26,36833.009176
-196.287478,19,36839.76462
-242.192124,16,36845.455651
-279.771862,19,36853.815038
-269.610939,25,36864.495941
-143.456953,18,36870.626769
-214.851686,15,36875.822328
-222.327296,25,36884.241739
-145.866469,25,36892.311741
-241.223856,18,36898.743574
-275.784245,17,36905.735699
-110.322733,21,36915.658085
-196.504672,19,36923.310122
-236.586957,12,36928.966567
-135.96944,16,36934.76562
-163.236346,15,36940.857648
-200.876979,20,36949.460718
-242.789839,13,36953.726619
-188.634636,23,36961.451211
-335.356946,20,36968.427033
-209.290136,18,36976.364182
-223.614593,19,36982.600448
-145.516827,26,36993.223768
-210.753847,16,36998.41285
-159.139029,16,37004.253935
-241.671113,20,37011.727638
-165.3056,21,37019.18273
-135.726504,22,37026.587046
-256.30074,13,37033.150292
-228.610697,18,37040.707855
-235.568738,22,37048.305465
-337.85849,19,37056.259331
-229.76379,18,37062.215346
-197.827233,20,37069.259489
-167.811275,16,37074.75504
-215.733881,19,37081.261861
-168.115705,21,37088.39399
-239.140106,21,37095.745327
-341.276999,14,37102.266887
-189.664347,20,37109.37218
-270.735879,23,37117.06497
-296.958157,24,37126.695966
-163.273744,20,37133.351784
-319.972882,16,37138.683147
-223.937124,19,37145.3375
-225.433445,17,37151.348466
-339.878093,16,37157.179657
-242.047815,16,37163.311587
-202.857357,22,37171.120703
-183.049481,23,37179.91659
-291.703399,16,37185.693506
-215.015711,20,37192.292364
-175.882017,26,37202.574648
-229.292048,20,37210.104013
-233.023694,19,37217.827431
-221.471177,17,37224.586902
-235.137206,19,37231.527358
-248.63569,19,37238.578717
-236.93213,17,37246.288273
-168.359388,22,37253.442757
-255.551632,20,37259.766109
-261.899788,16,37265.044336
-216.343512,22,37274.263067
-213.367145,21,37281.4326
-162.812008,15,37286.79385
-253.414724,11,37291.661487
-202.04055,22,37299.818949
-175.271294,23,37308.1126
-222.449906,19,37314.342706
-232.470998,16,37321.09028
-230.758409,22,37328.777497
-283.503338,19,37335.840842
-166.592759,20,37343.196154
-267.940234,24,37352.339885
-247.378968,20,37359.177917
-134.391468,17,37365.837464
-185.146834,12,37369.941092
-230.291765,14,37375.492879
-217.794984,20,37382.347787
-138.612409,20,37389.08503
-255.576568,19,37396.080666
-228.535144,15,37402.997949
-299.401472,22,37411.409221
-143.33443,16,37417.183928
-273.067184,15,37423.33497
-162.769304,13,37428.356589
-246.083302,14,37435.59147
-282.674272,17,37443.29284
-107.068959,23,37452.342557
-231.618556,24,37461.984391
-302.836638,12,37467.049915
-210.150229,17,37474.07058
-172.479521,18,37480.602831
-199.538786,18,37486.392099
-205.803042,17,37492.289545
-163.74304,15,37497.320928
-290.99407,21,37505.417739
-296.676648,19,37512.535706
-248.26238,23,37520.080986
-230.408033,19,37528.625386
-220.479232,22,37537.457189
-212.037178,22,37546.549975
-198.640598,22,37553.82771
-327.636052,21,37562.887018
-244.036424,20,37570.488647
-222.080898,21,37577.449191
-177.423504,21,37584.693671
-295.809327,22,37593.35437
-206.097479,21,37600.606058
-232.04116,22,37608.776984
-312.698379,19,37617.024406
-199.763816,18,37623.032141
-184.528288,24,37631.076223
-189.957278,18,37637.292889
-154.271708,12,37642.215561
-170.636491,23,37649.886317
-270.908665,20,37656.749933
-204.010766,21,37666.488463
-184.540478,19,37674.162802
-210.807569,22,37682.053916
-234.531262,13,37687.803181
-242.6759,15,37694.254813
-200.238684,23,37701.73352
-315.985543,19,37710.159477
-188.270872,18,37715.835082
-309.40211,21,37722.939372
-158.443021,20,37730.34253
-264.834443,16,37735.967542
-228.474991,27,37746.419317
-224.037754,17,37754.90911
-146.4453,21,37762.348052
-187.823205,24,37770.466544
-227.486526,16,37776.721897
-185.291932,20,37783.322304
-218.059308,17,37790.809363
-288.577521,18,37797.369622
-113.86957,17,37803.305872
-113.464053,20,37811.886848
-202.469699,20,37819.727793
-183.617788,26,37828.347258
-266.495606,22,37836.804904
-208.241779,23,37845.156596
-145.373387,16,37850.422493
-221.767204,24,37858.832867
-231.812517,21,37867.9409
-377.598268,19,37874.665124
-220.161249,16,37880.654577
-201.333666,19,37887.259267
-297.202004,11,37891.461504
-270.816802,19,37897.970523
-242.637369,17,37903.961631
-153.527136,21,37912.476718
-163.036445,23,37921.424014
-248.178675,17,37927.666224
-259.238668,21,37935.733678
-243.268583,16,37940.544532
-223.957178,21,37947.814113
-229.182646,18,37954.014798
-238.028115,18,37961.437385
-199.444203,16,37966.780922
-215.459,21,37973.805963
-169.585468,19,37982.736377
-238.670566,20,37989.465456
-245.108686,18,37995.407273
-191.948396,19,38001.780285
-212.608809,19,38009.051375
-143.163151,19,38015.672807
-249.159899,15,38025.615884
-277.62805,12,38030.174993
-237.470346,17,38035.676944
-210.840451,17,38041.36869
-220.72331,17,38048.477028
-287.73076,17,38056.976568
-239.161333,15,38062.849127
-176.135989,18,38069.963194
-284.557581,17,38075.336697
-185.030946,18,38081.854584
-203.357252,18,38090.327108
-294.482275,9,38094.625759
-232.250341,22,38101.695418
-228.183542,17,38107.890265
-261.371961,16,38113.721504
-217.189441,21,38120.68468
-297.518361,12,38126.673637
-266.607937,19,38134.269413
-244.866716,23,38141.812717
-152.690658,20,38149.043971
-176.03054,21,38157.177803
-222.972694,17,38163.459331
-298.712051,18,38169.337233
-182.589053,17,38175.098325
-245.288261,17,38183.339495
-241.739219,19,38190.412163
-209.653407,22,38197.558949
-229.413036,17,38203.788579
-209.269533,17,38209.987002
-109.659058,22,38217.985265
-194.228016,24,38228.109738
-105.017831,16,38233.715975
-131.075613,20,38241.211215
-228.049985,19,38249.037967
-264.833552,22,38257.2061
-198.853611,18,38263.450766
-244.248792,22,38271.573704
-256.234389,19,38278.055695
-257.805284,19,38285.527952
-274.394946,15,38291.024403
-228.193225,20,38297.889118
-230.077904,11,38302.344761
-247.719588,20,38309.091089
-252.923944,16,38315.647559
-211.149591,19,38322.273529
-110.043591,30,38332.998902
-231.092296,25,38342.392531
-229.16949,23,38350.903493
-241.160693,17,38356.679045
-217.236858,20,38364.253395
-278.638687,18,38370.918165
-240.941497,18,38378.290464
-266.698642,19,38385.117521
-184.540972,19,38391.264632
-154.898657,21,38398.60514
-168.195593,23,38406.193461
-223.171907,24,38414.543936
-130.700122,24,38423.257737
-103.051727,22,38430.970436
-227.144315,17,38436.730875
-257.448498,16,38442.480387
-234.238171,22,38449.732461
-158.723154,23,38457.202268
-218.232949,24,38465.280383
-165.085338,17,38471.259403
-364.774866,24,38479.099742
-211.668385,20,38485.817462
-235.233522,21,38492.577558
-254.91123,17,38498.59638
-162.342701,24,38506.72208
-219.398872,24,38514.406082
-216.821806,16,38520.118453
-126.421658,22,38527.371152
-208.339926,19,38534.055687
-214.917668,21,38540.916541
-184.128007,24,38549.860071
-236.645683,20,38557.650562
-275.279601,19,38565.400274
-193.566632,23,38574.12519
-302.110367,20,38580.957914
-218.565363,21,38588.380177
-266.875748,19,38594.881103
-193.936831,20,38602.312802
-167.269735,22,38610.359152
-168.119297,25,38618.619543
-129.171174,14,38623.831423
-174.33462,19,38630.117248
-249.257099,19,38636.630946
-210.961842,23,38645.37895
-182.595169,21,38653.402986
-206.686526,22,38661.252272
-247.174421,21,38668.866688
-236.032113,19,38675.024723
-232.873425,22,38682.941052
-201.197836,23,38691.313008
-214.183798,23,38699.786454
-212.932418,15,38706.139271
-192.914934,22,38714.472488
-243.740118,22,38722.263286
-158.197637,23,38730.466218
-178.542885,18,38736.072878
-258.886225,17,38741.572155
-107.365507,17,38747.93205
-220.70025,19,38754.577359
-195.137807,21,38763.264068
-240.648815,17,38769.681495
-125.714478,22,38777.767167
-209.531318,23,38786.601354
-236.638175,16,38792.147494
-243.200219,16,38797.617018
-260.213902,16,38802.797171
-294.034108,17,38808.766841
-232.589493,14,38813.67125
-179.051445,13,38818.182408
-123.476572,11,38821.885222
-237.599248,20,38830.010142
-222.956693,20,38837.622297
-190.80063,23,38846.335053
-159.070872,23,38940.80414
-238.803812,14,38946.546627
-232.927246,21,38953.936804
-212.941612,22,38961.499719
-217.505784,21,38968.673943
-216.746406,22,38977.397557
-195.480602,22,38986.039993
-234.46293,20,38992.690389
-148.339845,20,39000.584279
-240.687103,15,39006.089161
-108.853063,12,39009.874694
-266.058059,21,39018.344597
-241.867794,13,39023.73635
-203.207459,20,39030.441642
-190.956532,20,39037.455784
-163.80263,24,39045.733701
-257.461874,15,39050.964401
-184.259171,19,39057.427678
-226.001267,22,39065.140519
-251.520269,22,39073.848959
-209.373762,16,39080.122218
-246.090824,16,39085.694498
-205.696126,21,39092.633878
-219.124072,18,39099.656521
-305.496949,22,39107.14608
-110.906177,22,39114.477725
-182.041856,20,39121.194293
-221.630263,21,39128.974656
-170.210267,17,39134.871649
-168.695499,19,39141.413135
-227.034304,21,39149.338756
-237.975011,23,39156.744783
-165.089696,21,39163.705041
-204.434607,28,39173.427848
-212.289405,20,39180.592567
-194.504492,21,39187.918017
-263.583925,16,39195.059146
-268.700336,21,39203.348781
-114.761322,21,39210.167593
-124.695818,19,39217.072486
-266.35174,25,39225.706166
-198.905837,17,39232.091217
-220.89179,18,39238.871405
-224.022567,20,39245.495977
-170.67393,22,39253.466435
-243.173627,17,39260.361535
-230.211846,19,39267.118253
-155.085671,22,39274.344309
-204.543438,25,39284.327214
-233.79403,22,39291.903282
-244.405584,14,39296.696091
-199.934622,26,39306.220365
-148.705823,20,39313.159769
-309.914202,19,39320.472449
-278.289561,19,39326.874164
-239.941293,15,39332.418898
-171.321378,21,39339.770302
-268.331461,19,39345.675106
-163.691741,26,39354.371868
-112.15962,9,39357.864138
-198.896735,18,39363.934295
-223.198058,18,39370.539088
-185.345959,22,39377.997682
-243.534827,18,39383.990801
-192.807361,19,39390.43279
-232.909458,21,39397.75099
-262.998389,14,39402.317209
-281.614456,18,39408.979393
-169.89844,24,39417.062146
-259.242479,17,39423.292401
-194.005988,23,39433.285755
-199.311951,17,39439.022798
-234.801352,20,39445.670195
-404.608153,17,39451.02561
-229.449188,22,39458.144309
-254.601398,17,39464.447212
-204.717148,19,39473.735056
-163.35468,18,39480.720806
-115.890348,15,39485.606228
-210.099535,14,39491.595636
-144.318371,25,39499.670762
-116.090344,14,39504.470694
-313.266893,16,39509.733858
-248.968757,17,39515.395022
-270.832716,15,39521.194041
-282.237007,12,39525.568868
-235.874202,25,39533.898911
-172.098761,20,39540.681653
-214.412417,23,39548.357005
-204.628471,23,39556.527611
-193.573438,18,39562.729801
-247.091593,20,39569.30899
-217.012945,19,39575.962018
-238.234618,18,39582.104417
-98.598107,19,39590.948771
-203.906828,23,39599.859723
-246.793793,20,39606.969716
-280.931538,17,39616.82379
-160.750666,20,39623.585973
-251.265734,23,39631.970718
-236.15038,18,39639.269801
-219.254885,16,39644.514619
-180.799212,13,39649.278018
-255.481423,17,39655.291956
-168.775993,15,39660.197293
-302.741467,18,39666.073588
-286.723839,21,39674.12266
-148.138085,18,39680.124595
-178.775571,15,39685.337786
-235.311935,21,39693.143066
-170.035316,23,39700.635299
-264.973609,21,39709.373639
-252.219646,20,39716.673556
-165.332906,19,39724.415663
-110.943209,21,39731.663871
-225.438277,27,39741.187827
-243.294043,16,39747.546902
-202.379947,22,39755.867118
-248.929552,19,39762.030964
-176.302315,27,39772.911479
-229.741456,19,39779.306778
-222.435445,20,39788.212183
-158.207248,26,39797.29461
-221.49345,16,39802.987412
-291.100494,19,39810.725201
-187.236824,22,39817.489405
-230.132321,18,39823.35844
-162.564139,23,39831.699094
-239.340532,21,39839.287678
-253.49674,21,39846.263881
-311.938935,21,39854.21709
-185.313082,23,39863.186229
-235.867144,24,39870.932651
-166.124039,20,39877.894532
-382.991045,20,39884.636609
-217.19013,19,39891.627439
-230.364341,14,39897.332041
-154.864595,25,39907.402362
-305.902453,19,39914.975597
-295.055037,15,39920.162634
-182.873037,22,39927.594689
-218.563991,15,39933.317744
-206.358646,20,39940.83507
-218.281405,16,39947.055211
-265.643587,20,39954.556729
-147.597174,19,39962.113178
-354.739772,25,39971.44206
-155.170076,26,39980.275385
-305.688013,20,39987.311295
-259.239661,21,39996.137182
-155.595661,15,40001.531629
-149.384487,24,40009.746403
-255.540812,23,40018.005919
-248.930656,19,40025.45664
-286.559527,16,40032.830793
-173.319755,19,40039.067641
-225.4665,24,40048.117052
-197.855024,27,40056.954821
-253.370522,22,40065.669489
-218.913707,23,40073.130458
-211.437922,21,40080.683528
-236.182298,25,40089.989193
-272.175841,19,40096.728156
-183.517615,17,40103.194904
-236.417798,18,40109.098552
-205.976321,23,40116.489504
-253.105025,19,40122.885566
-283.147516,14,40128.9666
-100.438401,18,40134.854697
-229.840895,13,40140.694408
-211.63258,24,40148.563699
-234.116715,15,40155.668423
-228.865066,19,40162.312324
-327.652588,19,40168.538976
-111.111802,18,40174.633576
-237.731303,16,40180.589284
-188.965862,21,40188.229268
-174.977522,23,40196.890457
-238.066485,19,40203.285457
-183.627031,21,40210.682144
-257.256241,16,40216.733833
-200.096073,20,40223.432617
-257.44908,17,40229.478305
-126.788599,21,40237.689639
-228.716735,23,40248.814524
-261.704432,16,40254.483056
-202.386298,19,40261.129246
-147.001471,21,40268.204654
-271.866242,14,40273.181163
-274.496818,19,40279.788246
-310.210933,18,40286.732824
-298.973236,16,40292.499931
-260.746504,18,40298.370662
-221.384546,22,40307.785849
-167.455138,18,40315.346177
-133.130317,13,40320.29522
-308.428247,19,40326.564274
-127.068181,20,40333.563288
-174.837534,25,40341.71909
-179.152965,21,40348.585194
-219.515944,19,40355.996713
-269.366424,18,40363.751148
-232.282446,22,40371.135001
-220.330915,21,40378.687818
-184.870926,17,40384.63573
-219.704091,18,40391.810608
-220.325363,22,40400.10737
-245.820843,21,40407.819632
-268.743371,16,40413.125193
-215.173101,18,40419.381373
-196.086993,20,40426.491969
-280.609717,16,40432.031239
-238.683686,19,40438.716504
-250.608801,15,40443.533396
-248.427926,23,40453.851659
-212.95724,22,40461.113039
-176.488887,18,40466.688701
-197.914689,20,40474.360321
-219.83564,17,40480.983948
-241.923046,17,40486.505538
-233.826226,19,40492.965099
-227.437578,20,40500.746926
-237.313702,15,40506.080334
-264.832114,19,40512.648917
-240.103766,19,40519.370778
-246.070227,22,40527.216873
-189.635352,21,40535.179655
-173.812136,22,40543.100203
-264.002874,23,40552.390853
-330.647702,20,40560.907801
-169.245459,19,40567.435353
-305.563941,18,40575.382032
-192.087583,21,40582.78785
-219.079962,17,40589.428772
-302.940548,20,40596.9008
-264.271707,14,40602.112753
-179.257555,23,40609.909737
-212.368724,21,40616.827667
-270.466543,14,40623.322854
-282.699297,11,40628.552317
-205.36193,24,40636.873228
-200.397131,15,40641.712407
-202.749681,21,40649.234213
-165.314974,27,40658.862319
-251.826205,21,40666.582774
-135.466576,16,40672.023999
-201.117034,21,40679.284878
-300.868974,22,40686.857179
-357.035861,21,40694.785316
-176.554171,24,40704.302631
-285.770651,19,40710.420034
-102.342487,11,40714.143106
-277.664564,26,40722.456421
-226.310997,20,40730.534551
-225.79747,19,40737.098355
-219.130685,21,40746.000909
-188.064435,25,40755.425316
-235.677025,18,40761.441721
-255.137796,13,40767.760172
-260.855602,21,40775.669174
-201.276839,24,40784.106359
-112.081793,20,40791.884219
-189.357776,29,40801.312367
-106.569722,13,40805.857608
-166.648284,22,40814.144265
-208.577016,21,40821.710963
-250.501432,19,40828.247043
-250.614669,19,40835.526141
-221.131587,17,40841.65447
-295.154644,16,40848.455133
-217.934779,20,40855.073433
-289.44819,14,40859.980483
-223.57316,18,40868.247637
-158.333724,19,40874.535709
-206.843557,22,40883.271228
-249.5304,17,40890.937633
-205.197458,23,40898.915831
-158.72623,18,40905.272951
-220.237769,16,40910.87054
-238.148951,22,40918.299253
-213.055462,18,40926.369767
-144.734648,18,40932.546112
-270.523928,15,40937.787202
-130.156395,15,40942.911754
-238.379385,18,40949.973379
-173.205222,23,40959.83684
-288.934472,24,40968.709615
-222.743608,20,40975.78388
-281.234654,19,40981.912353
-178.085601,22,40989.066596
-225.4384,16,40994.585321
-244.752359,22,41003.384204
-198.813764,18,41010.058051
-182.551153,20,41016.404063
-275.323778,23,41025.663467
-190.602855,19,41032.542252
-238.564304,23,41041.04176
-139.184436,19,41048.959276
-231.924438,22,41056.195556
-192.991694,21,41064.526676
-172.243225,21,41071.583298
-184.890653,21,41079.164172
-349.651708,17,41086.229813
-212.084815,25,41094.654224
-268.348899,21,41105.010388
-228.09045,18,41112.576309
-197.039129,15,41117.48471
-279.142662,19,41123.813017
-246.825108,16,41130.942696
-222.059888,19,41139.028359
-270.852099,22,41147.096611
-228.986661,17,41153.581338
-209.663726,17,41159.336506
-201.278214,16,41165.223194
-242.140532,16,41172.826061
-219.564817,23,41180.727599
-202.898864,20,41188.925161
-180.076149,25,41197.509209
-175.410892,21,41204.653774
-222.589869,23,41212.071684
-164.818481,24,41220.156916
-179.660652,18,41227.384487
-206.260037,23,41235.420607
-215.51006,14,41240.481686
-252.665371,20,41247.525418
-137.619402,18,41253.38474
-204.335017,18,41261.318919
-224.227432,20,41269.28653
-172.238573,19,41275.429216
-217.374664,20,41283.311828
-222.947276,18,41289.600961
-256.489349,21,41297.515261
-217.584438,19,41304.663902
-242.964225,20,41311.76565
-213.004193,23,41319.235226
-192.536037,24,41327.811211
-190.466457,23,41336.644783
-110.27076,20,41343.265671
-211.397623,22,41351.426949
-284.704278,19,41358.224539
-153.792095,16,41364.496404
-228.594805,24,41372.851975
-116.836519,19,41379.171011
-177.269383,19,41386.841702
-261.53948,18,41392.675467
-129.590779,16,41398.843437
-228.851069,18,41404.759917
-246.97277,22,41412.383932
-299.261906,10,41418.257024
-212.234658,22,41425.679644
-171.327479,19,41432.159645
-245.920269,20,41438.829696
-217.833475,19,41445.032093
-242.103302,16,41451.563774
-193.134029,20,41459.128823
-176.788141,24,41468.056035
-240.306857,23,41476.333901
-155.649023,22,41483.382842
-210.095072,18,41489.368492
-220.73223,21,41497.443431
-198.320656,21,41504.211512
-214.825157,16,41509.553406
-205.036908,21,41516.573151
-248.0826,21,41523.259742
-129.49195,15,41529.561095
-211.934222,28,41538.711072
-293.184941,15,41543.916314
-300.044206,22,41551.1966
-215.145832,24,41559.371751
-152.942952,17,41565.451622
-264.09194,22,41572.616614
-109.917613,9,41575.852123
-196.27104,23,41583.539016
-237.15031,18,41590.387159
-157.807501,18,41597.252643
-180.669748,22,41604.204134
-217.407127,18,41610.667511
-230.848712,17,41618.195274
-252.439878,17,41624.901266
-210.933415,23,41633.324843
-199.278754,20,41640.729452
-258.630873,19,41647.276044
-236.938611,23,41656.398376
-198.357544,18,41663.336038
-257.105778,19,41670.247256
-138.480333,18,41676.556992
-175.755412,19,41683.739206
-237.824633,21,41690.911479
-218.384487,21,41697.933004
-228.485641,24,41706.063164
-213.515703,21,41713.451432
-207.365887,15,41720.101998
-222.138616,17,41726.028708
-274.675919,13,41731.674384
-183.047207,22,41740.323136
-286.010107,17,41746.19323
-234.566313,16,41752.453505
-190.956517,23,41760.7236
-191.539995,21,41769.377439
-205.814328,16,41776.106383
-200.668897,24,41784.198113
-157.313427,21,41791.021668
-211.000576,23,41799.148777
-134.39425,20,41805.733382
-210.458404,17,41811.137429
-247.866985,15,41817.562354
-155.640982,19,41824.294051
-307.923666,15,41829.970165
-267.07311,14,41836.358696
-208.193346,21,41845.04512
-220.577899,21,41851.782849
-178.56296,24,41860.012714
-166.099237,28,41871.552222
-172.961251,19,41878.18233
-260.579038,19,41883.999681
-213.947462,29,41894.21722
-174.689535,22,41901.530622
-282.861701,20,41908.829895
-133.961348,17,41915.704295
-204.725624,22,41923.831074
-309.321009,15,41929.347576
-177.240681,17,41934.85892
-230.308329,24,41944.103656
-177.252837,26,41953.395205
-230.786971,18,41960.226581
-109.783426,12,41964.788527
-313.48528,15,42064.263737
-212.646091,22,42072.269482
-250.532113,22,42080.462635
-235.766119,25,42088.531683
-206.151516,23,42097.191121
-202.503425,19,42103.739311
-294.739722,12,42108.814842
-141.94043,18,42115.484514
-202.452331,18,42122.886628
-132.051993,22,42130.122571
-237.405776,20,42136.808029
-240.252591,22,42145.096101
-223.274723,21,42154.015473
-263.839002,17,42159.986911
-261.734234,16,42166.816723
-186.555235,23,42176.663861
-238.879767,14,42182.93374
-220.763672,13,42188.669404
-235.760585,16,42194.243394
-137.211729,18,42201.021487
-266.304036,23,42210.735152
-220.749201,21,42219.685107
-272.920542,11,42225.957866
-216.009162,18,42232.627063
-135.563663,15,42238.034163
-221.440663,18,42244.983109
-207.943805,19,42252.903516
-178.294515,25,42261.210185
-248.388508,17,42266.954564
-134.54687,16,42273.606921
-242.775786,15,42279.01324
-249.849734,18,42285.16326
-174.771873,19,42291.552503
-161.778808,19,42298.046309
-226.294675,23,42306.126427
-307.798762,12,42310.293248
-258.331866,18,42316.617352
-161.599247,25,42326.31427
-266.642148,17,42332.646129
-231.426201,23,42340.014901
-218.386254,20,42346.620998
-240.668974,17,42352.884197
-195.170521,21,42360.083207
-247.388753,15,42366.357725
-286.391353,16,42374.068941
-144.872236,16,42380.367158
-251.8536,18,42386.57795
-200.191596,22,42394.385736
-219.484066,20,42401.367424
-311.359167,18,42407.744492
-263.205281,17,42413.451193
-252.082431,18,42419.567861
-126.486456,21,42426.924907
-236.346779,19,42435.226961
-220.019485,18,42441.007342
-165.877306,20,42447.971416
-222.362676,20,42454.358401
-242.902701,20,42461.78264
-163.379298,16,42467.528006
-199.078949,22,42475.159724
-210.573366,16,42480.676011
-322.471795,20,42487.350995
-205.760752,21,42496.521892
-203.773989,21,42503.84744
-173.559473,23,42511.925088
-265.678932,23,42521.103962
-225.927931,21,42529.679269
-228.391899,19,42536.300035
-227.374515,22,42544.478948
-202.306186,24,42552.752338
-184.946778,24,42560.879796
-303.351866,20,42567.644582
-126.07474,22,42575.145376
-136.325068,25,42583.444683
-208.569218,20,42590.341567
-251.996035,25,42599.035534
-187.761049,24,42607.058249
-182.321275,16,42612.405635
-219.538284,22,42619.985375
-183.247782,21,42626.894063
-216.049089,18,42633.462536
-131.173075,20,42640.311703
-171.281911,24,42649.183402
-225.44928,17,42655.022208
-198.659647,25,42663.850565
-227.806599,17,42670.787751
-123.178019,20,42677.821609
-247.345627,22,42685.543527
-176.208433,26,42694.320779
-213.812392,19,42700.579066
-259.174289,19,42707.063684
-325.922091,17,42713.306559
-226.388354,15,42718.148849
-124.810601,24,42727.474069
-121.617192,18,42733.446272
-217.967884,20,42740.227017
-111.700093,11,42743.908958
-135.828025,21,42750.627451
-144.310223,10,42753.860217
-204.298455,23,42762.830627
-279.965125,18,42769.229529
-179.978971,22,42778.285259
-133.04118,20,42784.658622
-196.725634,20,42792.246443
-296.263231,16,42798.34638
-154.935591,21,42806.798774
-246.536108,19,42813.180255
-235.010299,15,42818.386088
-213.859359,27,42827.060495
-160.576543,21,42834.027683
-208.753249,14,42839.064435
-239.913015,16,42844.769135
-252.455744,20,42851.788071
-191.100506,23,42859.6432
-172.397861,27,42868.635525
-223.889891,19,42875.989697
-201.742879,26,42885.680078
-229.052627,19,42891.752779
-248.441498,20,42898.200861
-191.654196,17,42905.060599
-229.827819,27,42914.098019
-211.04177,32,42925.062571
-207.643168,20,42931.557041
-193.438284,21,42938.641538
-203.444639,23,42946.104856
-214.358424,24,42954.227015
-201.508787,24,42962.354509
-216.250103,22,42970.556089
-234.211465,26,42979.081166
-93.224111,23,42988.167807
-350.277993,19,42994.887258
-218.874103,20,43002.41392
-187.105306,19,43008.95189
-249.416407,23,43016.834623
-460.569383,21,43024.088349
-182.16304,23,43033.474901
-291.079723,17,43039.137889
-142.897825,24,43046.95226
-239.163355,26,43056.293292
-241.1408,16,43062.083617
-104.3259,16,43067.869331
-102.381864,22,43076.059402
-221.260042,15,43081.8018
-188.495188,22,43090.651278
-280.786363,20,43097.763967
-253.332239,19,43105.652194
-337.947365,17,43112.808673
-227.439712,20,43119.536727
-268.550331,17,43127.41654
-231.926378,24,43135.846201
-217.735523,18,43142.429508
-178.124212,20,43149.796352
-119.736314,14,43154.943343
-218.048132,17,43160.789041
-275.859271,20,43168.151297
-170.08825,21,43175.201555
-193.180843,26,43183.73266
-203.498372,21,43191.019648
-170.41663,21,43198.194617
-228.774233,20,43207.251474
-233.323388,22,43216.35495
-151.182796,21,43223.394566
-233.36387,15,43228.74368
-224.835252,15,43235.180609
-204.380554,19,43242.340344
-316.573386,13,43247.211447
-265.026802,14,43251.917208
-293.195801,18,43258.828144
-199.33724,19,43265.601677
-266.402625,20,43272.969355
-245.950155,19,43279.308212
-259.410591,22,43287.13081
-179.262124,22,43294.744955
-144.29256,23,43303.666705
-229.654966,19,43310.333493
-177.634391,23,43317.881537
-235.160376,22,43325.561667
-267.266567,17,43331.063909
-222.531777,18,43337.415248
-207.824719,21,43344.113571
-207.989416,19,43351.654528
-152.769916,18,43358.041396
-136.703133,19,43364.480433
-227.988336,19,43371.299857
-303.422122,14,43376.890791
-134.673608,20,43383.595042
-97.278186,17,43388.972315
-257.593953,18,43394.780881
-350.205455,18,43400.993882
-286.343804,18,43407.043535
-169.946073,13,43413.201782
-237.423926,14,43418.592424
-243.238538,20,43426.425451
-177.946915,21,43433.564548
-218.542815,23,43444.902515
-263.176258,18,43453.170319
-246.976094,26,43465.812502
-311.293526,23,43474.098554
-152.84951,15,43480.083065
-175.300314,22,43487.834708
-153.149285,14,43492.558377
-212.852756,21,43500.153925
-217.139246,19,43507.095623
-151.288996,25,43515.847283
-188.597482,22,43523.616205
-205.9204,20,43531.100252
-244.105315,24,43540.874412
-253.424403,25,43550.876479
-223.256236,19,43559.270831
-197.692115,24,43567.964247
-182.020757,19,43574.734856
-165.410776,19,43581.13738
-269.364968,24,43589.775087
-167.164957,22,43597.008369
-178.289801,21,43604.507734
-263.158492,24,43612.455507
-236.337667,21,43620.194996
-260.229389,16,43626.703837
-218.617709,21,43633.750096
-300.247893,30,43643.489852
-229.868877,20,43650.287909
-223.277021,14,43654.704893
-124.579192,22,43662.560682
-206.896158,19,43669.103442
-187.123662,19,43675.530911
-279.260602,24,43683.900294
-272.556516,15,43689.289266
-305.521554,19,43695.553577
-246.28418,19,43703.03031
-241.767308,21,43710.061001
-312.924625,18,43717.023761
-153.664278,15,43722.222941
-166.301781,19,43729.038939
-348.832135,22,43736.583305
-210.583693,18,43743.029834
-257.510553,15,43749.634017
-101.810077,23,43758.345241
-117.790795,19,43764.501389
-153.241551,20,43771.173283
-165.189062,15,43777.126017
-329.110696,23,43785.647785
-224.021422,23,43794.027014
-303.229455,16,43799.54169
-124.208979,22,43806.863678
-137.997272,26,43815.632778
-249.578028,17,43821.182621
-142.288201,22,43829.303372
-199.275364,22,43837.413844
-164.726282,20,43844.166595
-257.426881,22,43851.595042
-185.514469,19,43858.145933
-227.190782,22,43865.180784
-262.260755,19,43871.865859
-181.235676,22,43879.687947
-183.446485,25,43888.193279
-242.419562,19,43894.285395
-157.965884,22,43902.210874
-148.892746,15,43907.99544
-156.55069,22,43915.068498
-263.026443,15,43921.303571
-244.398677,19,43927.920766
-329.421047,18,43935.156119
-223.784503,18,43942.667972
-167.665694,25,43950.895969
-161.555752,8,43953.671384
-225.32966,19,43962.414912
-283.281649,14,43967.305683
-220.382673,18,43973.107988
-174.364425,25,43981.324144
-231.886966,20,43988.836725
-252.465774,22,43997.716769
-259.825228,27,44007.233725
-185.998143,22,44014.721785
-139.880375,23,44022.343673
-195.241475,26,44032.966033
-311.238922,16,44038.318966
-244.041791,22,44046.860166
-207.104463,23,44055.883771
-185.285533,16,44063.93879
-245.558976,24,44071.571307
-191.476538,22,44079.278903
-301.776573,21,44086.285305
-217.633391,16,44093.098477
-155.685198,17,44098.672037
-168.595323,27,44107.659671
-253.970786,21,44115.857108
-287.666708,17,44121.760133
-242.192896,13,44126.233376
-195.372277,20,44133.655901
-330.353145,16,44139.337805
-206.930333,20,44146.510698
-146.201707,26,44155.257811
-279.815673,16,44160.552424
-316.314123,18,44166.589993
-169.825961,18,44172.673887
-215.011181,19,44178.856733
-224.094628,18,44184.750488
-281.646896,23,44192.974565
-267.762671,17,44199.369171
-245.784624,20,44206.42921
-330.26475,14,44211.530199
-162.346924,24,44219.679148
-150.454134,21,44226.960138
-130.86341,20,44234.132949
-167.815226,21,44240.955343
-229.882579,21,44247.830165
-287.609119,24,44256.531566
-193.976989,22,44264.552202
-247.44145,18,44270.924554
-181.624051,21,44278.007073
-174.954856,24,44285.837591
-214.07823,23,44293.558182
-157.566069,20,44300.433017
-135.533167,23,44309.435992
-163.290914,23,44316.421727
-259.767278,18,44322.652694
-212.012247,17,44328.146281
-220.135794,17,44333.75162
-177.65063,28,44343.768694
-254.922855,15,44350.038489
-229.653246,19,44356.546521
-180.299553,23,44364.271584
-225.360559,18,44370.118677
-193.256913,25,44379.813354
-267.544712,21,44386.771067
-240.005617,19,44395.141629
-193.353807,26,44403.671651
-169.749167,21,44410.8197
-217.239337,20,44418.47841
-243.535321,22,44426.676047
-158.7372,19,44433.212347
-111.282732,24,44441.031377
-118.951652,19,44448.790668
-135.897199,17,44454.920163
-318.763603,18,44461.481452
-189.4801,23,44470.344249
-244.636405,21,44477.494657
-360.104868,24,44485.279789
-217.707373,23,44492.778493
-183.428497,21,44499.675709
-196.508981,20,44506.5848
-223.03633,25,44515.596828
-212.729626,24,44523.894225
-146.087851,24,44532.755255
-188.573386,24,44541.245376
-257.855489,22,44549.230675
-241.799916,22,44558.553577
-257.025468,19,44565.281508
-182.108151,24,44575.102392
-267.528791,17,44582.196373
-181.136319,22,44590.100218
-216.900095,19,44596.883313
-230.585082,12,44602.147308
-292.099095,20,44608.472275
-108.308669,24,44617.142733
-130.851714,22,44623.995617
-196.346595,20,44631.047658
-132.027925,16,44636.449049
-262.835729,18,44643.797915
-174.134889,12,44648.757035
-208.23218,17,44654.716362
-223.261021,21,44662.458123
-182.16782,21,44669.409105
-195.457219,18,44675.703072
-215.128667,28,44686.570507
-162.637586,22,44693.715807
-298.664386,20,44700.674248
-267.354383,22,44707.969878
-264.710704,20,44715.530942
-308.138474,21,44722.506394
-262.442456,23,44730.423927
-174.915433,20,44737.316652
-262.863635,16,44742.682837
-174.491881,22,44750.513649
-146.468735,24,44759.646102
-138.372826,15,44765.068154
-239.333181,15,44770.409362
-165.919678,22,44779.080509
-259.425716,21,44786.148045
-234.873959,18,44793.456734
-180.65187,18,44799.479828
-153.622571,20,44805.672719
-242.772256,21,44813.504318
-212.279572,26,44822.738797
-83.830608,25,44831.247526
-246.210496,18,44838.292919
-211.214084,22,44845.473881
-241.563875,21,44852.934407
-181.882581,19,44859.689258
-245.562951,19,44866.962212
-105.520126,18,44873.760958
-280.097835,21,44880.880393
-237.911425,14,44888.513855
-265.952423,17,44894.1361
-337.098951,17,44899.952327
-244.397001,18,44907.732787
-179.004381,23,44915.657212
-198.583342,21,44922.591849
-190.740747,23,44930.083688
-160.457988,23,44939.010894
-220.067564,18,44945.437168
-194.158428,19,44952.199126
-234.808549,22,44959.711973
-234.639122,17,44965.185588
-189.239565,21,44972.160566
-315.144679,19,44979.762673
-189.350898,26,44988.717021
-155.587574,18,44994.690987
-236.528495,17,45001.599633
-141.172571,22,45009.086833
-405.307549,19,45016.003072
-250.084535,14,45020.740097
-231.334154,18,45026.679207
-239.488032,17,45032.249697
-243.222881,19,45039.162218
-214.431877,22,45046.698123
-222.81434,23,45057.008716
-192.752902,20,45168.639708
-164.934367,18,45174.703668
-181.553,18,45180.484712
-179.535787,23,45188.499325
-223.424979,19,45195.966806
-222.788566,21,45205.174371
-229.900687,21,45212.114472
-188.234115,21,45219.310283
-165.697779,20,45226.511651
-219.640547,19,45233.092016
-178.873347,25,45241.624798
-251.389628,22,45249.173856
-217.616624,19,45256.373184
-269.771452,21,45263.550152
-225.254128,20,45271.996646
-175.147652,24,45279.699989
-242.855458,20,45286.798218
-228.784778,20,45295.156815
-149.952981,19,45301.416305
-169.85784,21,45310.136792
-244.329755,17,45316.132864
-248.679639,15,45322.511887
-135.20715,18,45330.310385
-202.47398,25,45338.672599
-202.43984,24,45346.547499
-169.176836,21,45354.810727
-245.973467,16,45361.479857
-162.134801,21,45370.903527
-248.068296,17,45377.794195
-143.109428,19,45384.736423
-152.154742,23,45392.230123
-169.311628,25,45400.379345
-144.852242,27,45409.916447
-237.768168,21,45417.277269
-188.438977,21,45424.813515
-269.434046,14,45430.933011
-212.467009,24,45440.048509
-115.028171,13,45444.449146
-135.722199,12,45448.401844
-221.318591,18,45454.827234
-164.333285,20,45461.384949
-218.355824,19,45467.775612
-225.811546,20,45475.437325
-133.066312,28,45486.071628
-170.761779,15,45490.994009
-237.176631,22,45499.137429
-128.777035,23,45506.781549
-151.330197,14,45511.42826
-179.477186,19,45518.09427
-245.607476,17,45524.348886
-199.254051,19,45530.377697
-188.313476,17,45537.456871
-213.531817,19,45543.722085
-251.954108,14,45548.857719
-103.582917,19,45556.003413
-151.47736,34,45566.803235
-215.475621,19,45574.394487
-157.192834,23,45584.041955
-183.343453,23,45591.624826
-193.564129,20,45599.132514
-193.744601,22,45606.937741
-149.071154,21,45614.88893
-176.450812,22,45622.191887
-219.730988,19,45628.408149
-191.973305,24,45636.770304
-143.049142,20,45644.254773
-230.558231,23,45652.890401
-249.640087,23,45661.074708
-236.627992,20,45668.850836
-145.772727,23,45676.923956
-253.945508,17,45682.944393
-231.515871,17,45688.626084
-269.978536,25,45697.430104
-207.848849,20,45704.233909
-202.788435,24,45711.842311
-258.579242,20,45718.835361
-111.510682,20,45726.412601
-202.816427,22,45734.172413
-240.674637,21,45741.493764
-119.066634,19,45748.356343
-151.962387,22,45756.420512
-203.065801,22,45765.303293
-221.290847,16,45770.395616
-234.187437,16,45776.631634
-119.829499,20,45783.42491
-124.801879,18,45790.173147
-229.894478,15,45795.563531
-209.149051,24,45803.938729
-130.316469,19,45810.397424
-253.305473,27,45819.367342
-248.365033,23,45826.913898
-191.243619,29,45836.407964
-186.468427,19,45843.372765
-149.211825,14,45848.118492
-225.32413,21,45856.09661
-200.568271,20,45863.182349
-112.69685,22,45870.826265
-167.534491,17,45876.317912
-181.843237,20,45883.359372
-246.632106,21,45892.773495
-295.891475,20,45899.565459
-225.24868,18,45906.004145
-173.75886,22,45913.347202
-156.413427,19,45919.595572
-200.894853,25,45929.958672
-213.668972,20,45936.640846
-176.742881,22,45944.299809
-166.158061,18,45951.065619
-194.008765,21,45958.081817
-153.905824,26,45966.582438
-188.561009,24,45974.422445
-318.304474,20,45981.993852
-106.948883,15,45986.851928
-208.392325,22,45993.612112
-212.246268,24,46001.771507
-120.236315,13,46006.772272
-205.521185,21,46014.697778
-172.352167,20,46021.565416
-266.51493,22,46028.94894
-253.332015,14,46035.151744
-258.33335,16,46043.433742
-243.169004,16,46049.764148
-204.612263,21,46059.150927
-215.190648,25,46067.447398
-265.023793,21,46074.432386
-136.644974,23,46083.260294
-260.09005,19,46090.544947
-195.006914,30,46100.455728
-246.708937,22,46107.685601
-153.547126,25,46115.562465
-241.09899,20,46122.601841
-256.367046,17,46128.888617
-274.039641,11,46132.562911
-261.851273,20,46139.756379
-170.376632,22,46147.552149
-254.735659,24,46155.977859
-320.802119,15,46161.140558
-217.700024,23,46168.565225
-134.279939,20,46175.690157
-212.240118,19,46181.765531
-186.46492,23,46190.416257
-228.878751,22,46197.62801
-216.583103,23,46205.864093
-245.674937,17,46211.66345
-149.211213,18,46217.491397
-103.196699,20,46225.223305
-259.469778,19,46233.071058
-173.263993,25,46252.188579
-310.518533,18,46261.807889
-216.792146,18,46268.250578
-258.262596,14,46274.339303
-215.812045,23,46282.87393
-234.55916,25,46292.177921
-234.462936,20,46299.717984
-167.081592,25,46310.371384
-204.928075,22,46318.552904
-197.439913,24,46328.214895
-132.555856,19,46335.751138
-273.6611,19,46344.247097
-239.417417,17,46350.848018
-252.240341,19,46359.010088
-249.896229,15,46366.418653
-149.898595,23,46375.280822
-212.713291,20,46382.73132
-206.176663,24,46392.646977
-226.19975,25,46407.931841
-171.097848,14,46413.779487
-243.454776,23,46423.122943
-134.827597,16,46430.062821
-146.103186,28,46441.620532
-155.144407,19,46448.99757
-197.41589,26,46459.734365
-234.099856,16,46465.834827
-173.7258,20,46473.943114
-206.930071,20,46482.33308
-217.627284,22,46491.055923
-205.892288,22,46499.133945
-180.237574,18,46506.613597
-276.233875,18,46514.617113
-141.581608,15,46523.542754
-214.38882,19,46532.312229
-241.9705,18,46540.701182
-181.802593,21,46549.832869
-164.246285,24,46560.700921
-152.259437,28,46571.646895
-203.443733,20,46579.765364
-195.710979,20,46589.254089
-241.636865,21,46599.159721
-191.090303,23,46609.486743
-223.978875,20,46617.230227
-218.338237,22,46627.170497
-188.212826,20,46635.236033
-255.094735,22,46644.844723
-174.539253,21,46653.775925
-139.455679,18,46661.628014
-267.892718,20,46669.204072
-187.728082,23,46678.340605
-175.057635,25,46688.089756
-144.342743,22,46696.736576
-159.625491,17,46704.204376
-135.247065,20,46712.448713
-142.352503,17,46719.616375
-236.007545,17,46726.375532
-266.267641,19,46733.634235
-191.35117,18,46742.051343
-234.279357,11,46748.045593
-329.250345,15,46754.051257
-140.431128,16,46761.041464
-219.108775,17,46767.924707
-187.484352,26,46777.958564
-141.361509,15,46784.014327
-171.553129,26,46795.498443
-204.932086,19,46806.621109
-196.535217,22,46815.797415
-173.667337,22,46824.594568
-191.393352,21,46833.759472
-167.771353,22,46843.754387
-204.770773,20,46851.653033
-178.198523,23,46860.445793
-135.835717,20,46868.438789
-288.230084,20,46876.712224
-244.592153,8,46879.742893
-259.17619,21,46888.731613
-193.67206,19,46896.627625
-249.92239,26,46907.644752
-210.45669,20,46915.317878
-148.384787,25,46925.458521
-162.70522,24,46935.052032
-246.3114,24,46944.576077
-148.234332,23,46953.688139
-182.745173,20,46961.762349
-243.318564,17,46968.385376
-187.611117,26,46983.104607
-308.794261,18,46990.524936
-133.221424,30,47004.382241
-225.501139,18,47011.61637
-171.29064,22,47020.446365
-153.351074,15,47027.81532
-265.174339,11,47033.430047
-226.480054,24,47043.270675
-156.691247,29,47054.72682
-224.571162,20,47062.95398
-268.332578,22,47071.96727
-188.042423,21,47082.065046
-195.717624,21,47091.493243
-328.496388,21,47100.781044
-230.35851,19,47107.767022
-156.50908,27,47118.804662
-227.554612,22,47129.912336
-214.690604,24,47139.986596
-251.509468,21,47148.359853
-181.907932,21,47156.388989
-174.142012,21,47164.320062
-166.762206,24,47173.83033
-208.391383,15,47180.244547
-257.968839,23,47189.490664
-158.337054,16,47196.924849
-314.683012,23,47206.762516
-196.199603,25,47217.457247
-150.299677,14,47223.587697
-142.305953,24,47233.586827
-204.643811,19,47244.345239
-191.053018,28,47255.140891
-191.148493,21,47265.062041
-147.476243,20,47273.739826
-211.15289,29,47286.029924
-238.818994,15,47293.100009
-200.051888,27,47303.494226
-213.17951,23,47312.791397
-181.681938,21,47322.189464
-208.266947,22,47330.803824
-315.295875,19,47339.178983
-244.207791,22,47349.15666
-190.372534,19,47357.124852
-254.899227,16,47363.614517
-204.528939,21,47373.325889
-149.001665,24,47384.648782
-170.013706,24,47393.730773
-218.446976,18,47402.175692
-243.794852,17,47410.257598
-205.268831,20,47417.641479
-196.960908,20,47425.413508
-292.809665,20,47433.224757
-181.835919,23,47442.132792
-214.573055,22,47451.117347
-248.994619,21,47459.30199
-220.586248,24,47469.236307
-222.355193,18,47476.791368
-111.878129,24,47485.77516
-287.088978,21,47494.842481
-124.649856,22,47503.39803
-214.500513,20,47513.315962
-122.040233,23,47522.175354
-115.936956,18,47529.72313
-250.582202,17,47536.991899
-133.782909,22,47546.359346
-282.41835,12,47550.865563
-191.249367,21,47559.923225
-199.040223,24,47570.825322
-271.409009,15,47577.006815
-183.851492,17,47585.603497
-283.218514,9,47589.732539
-129.264209,22,47598.120691
-238.31506,18,47605.554483
-210.607558,24,47615.470201
-202.155882,24,47624.722077
-227.104702,18,47632.716576
-116.088514,17,47640.759483
-186.189567,22,47649.16346
-339.512536,19,47656.976255
-174.772492,27,47668.132123
-269.480838,21,47677.168372
-196.073665,22,47686.867625
-215.19557,21,47695.699608
-152.597916,16,47702.68376
-231.753677,22,47711.000154
-148.740189,23,47719.876675
-206.08682,16,47726.036793
-246.297792,22,47735.185122
-196.930421,28,47746.475224
-212.061031,25,47755.573413
-171.723974,29,47769.254333
-238.0325,21,47776.946712
-149.085491,25,47786.486403
-172.30463,24,47796.58126
-228.911647,23,47805.506168
-247.678409,17,47811.794722
-306.835762,24,47821.575786
-143.529826,30,47833.282352
-238.180028,20,47841.510411
-339.260562,20,47849.373664
-212.091451,23,47859.143143
-151.334942,30,47871.199078
-136.010968,20,47880.15961
-182.711306,21,47888.347756
-144.53347,24,47897.26843
-143.59288,22,47907.609999
-177.352762,22,47916.102744
-276.465629,21,47924.769315
-139.337502,23,47933.281113
-218.404753,22,47942.905433
-314.512027,15,47948.618954
-241.563051,18,47955.782887
-195.640499,18,47963.065581
-198.36208,25,47972.797644
-170.380459,21,47981.409856
-301.395304,19,47991.520151
-231.267685,20,48001.559762
-213.321186,21,48011.034337
-282.081448,20,48020.60004
-154.411138,21,48028.853081
-289.712822,14,48035.199984
-235.979963,20,48043.642531
-240.602199,18,48050.936836
-196.107499,26,48060.806944
-224.220905,18,48067.578248
-168.292938,26,48078.717077
-254.392222,25,48088.671597
-267.588466,20,48098.139067
-139.251335,15,48104.748016
-143.520439,20,48113.249295
-181.360096,18,48119.840089
-228.163957,23,48128.706159
-297.728934,22,48138.030072
-220.842214,20,48147.352657
-236.084947,20,48157.666286
-230.450473,16,48165.251783
-231.15062,16,48172.361889
-144.786366,16,48179.319962
-282.969564,20,48187.339906
-218.117392,25,48197.765411
-176.774602,26,48208.061701
-163.411643,22,48216.382161
-221.31787,23,48225.992309
-261.640489,18,48232.701885
-265.762536,12,48237.62138
-318.062968,17,48244.718532
-219.122664,23,48253.553844
-197.769372,21,48262.288805
-247.220751,22,48270.814244
-237.509705,25,48281.497268
-183.205364,19,48288.169898
-93.391065,24,48297.491114
-142.719329,22,48305.978659
-135.160278,19,48313.156397
-247.062772,19,48321.605833
-300.333423,19,48329.555529
-225.14481,23,48338.955816
-142.093855,27,48352.089171
-121.439705,22,48360.664402
-188.780425,24,48370.011588
-145.509393,30,48382.262746
-141.106245,26,48393.183637
-132.88199,22,48402.550822
-223.256546,19,48410.443462
-188.920281,18,48417.887067
-150.416836,21,48427.976877
-132.460351,20,48435.48535
-297.994055,19,48443.83723
-221.850952,23,48452.975209
-195.442985,21,48461.747478
-279.014649,17,48470.278336
-169.757896,18,48480.526567
-317.649826,15,48487.643174
-159.103096,21,48611.975914
-183.334934,24,48622.844144
-191.861193,24,48632.939072
-316.379033,18,48640.708992
-183.840934,22,48649.22502
-169.157666,21,48657.940876
-141.939569,15,48664.349402
-114.098945,25,48675.476038
-183.534151,25,48686.209486
-101.146442,9,48690.847067
-190.361767,21,48698.828262
-193.903395,25,48708.574677
-221.786587,21,48717.125896
-264.234497,19,48724.870249
-229.230817,19,48732.60741
-315.25687,18,48740.986798
-136.583075,24,48750.612488
-196.709717,21,48758.946296
-174.049215,24,48768.752702
-119.660935,21,48777.081707
-277.267074,20,48785.701026
-245.410075,20,48793.459044
-202.236686,22,48806.142191
-143.831064,21,48814.533769
-173.613891,24,48824.117676
-85.647612,27,48834.613987
-161.125945,23,48843.736707
-148.753263,29,48855.05249
-243.792186,19,48862.286937
-165.645952,20,48870.572868
-170.099115,23,48879.589641
-227.664548,19,48887.85019
-260.740045,20,48896.142634
-199.293878,12,48900.837659
-226.618219,27,48911.696007
-233.078211,15,48918.521058
-216.61491,28,48929.170248
-148.890968,19,48937.042178
-263.937365,18,48944.632561
-303.887229,24,48954.762354
-163.379117,20,48962.81222
-214.605833,17,48970.086105
-183.720993,21,48978.758267
-262.291561,25,48989.061475
-233.962539,20,48997.840926
-183.962362,22,49006.93017
-210.819837,16,49014.239807
-168.493597,28,49026.035371
-203.697329,19,49033.803849
-168.686192,20,49042.234398
-180.877321,23,49051.030015
-228.981008,26,49062.088566
-167.985285,19,49070.413131
-194.877125,34,49084.435982
-230.787219,19,49093.278211
-185.719668,20,49101.456614
-263.680396,13,49108.097802
-192.001392,18,49115.187497
-145.857406,21,49124.493851
-185.337986,28,49135.356579
-172.9797,19,49142.520103
-218.648831,22,49151.115917
-116.175126,24,49161.1482
-237.210669,29,49173.379399
-131.285847,18,49182.431287
-249.386512,23,49192.151334
-206.607187,20,49200.333333
-142.444444,14,49205.467534
-193.370512,20,49214.046555
-220.480077,25,49223.945625
-192.715895,31,49235.742058
-271.514222,17,49244.44523
-173.147767,22,49253.164243
-102.854523,18,49260.74958
-112.73903,21,49269.394453
-215.02826,15,49277.611778
-150.881355,22,49286.660696
-105.763076,25,49296.131145
-294.314836,18,49304.170041
-104.784782,25,49314.00724
-156.07674,21,49323.417595
-208.575184,22,49332.153184
-247.111328,13,49338.294019
-225.114898,19,49345.862289
-251.822026,22,49355.354374
-276.307079,17,49362.803077
-202.969635,22,49371.278914
-245.126071,18,49378.532547
-242.235855,23,49387.031786
-160.241079,24,49397.437168
-217.467553,21,49406.782721
-228.588753,18,49414.588743
-160.634467,33,49428.256543
-96.395465,11,49432.288027
-184.244633,23,49441.771877
-148.269367,18,49448.561144
-168.918791,19,49455.449475
-272.315373,18,49463.239327
-147.350559,26,49474.638701
-174.862717,28,49487.914267
-301.044628,10,49492.367723
-112.615608,16,49498.998189
-243.3608,13,49506.403016
-174.302632,22,49514.501673
-112.954321,25,49524.428596
-87.702857,22,49532.56084
-224.152222,20,49540.317194
-166.043475,25,49550.650936
-149.156772,18,49559.399289
-152.574316,20,49568.772283
-252.212046,17,49576.055407
-140.155655,26,49587.225642
-281.057734,21,49596.730628
-209.796471,22,49605.579121
-204.58096,20,49613.532128
-207.975333,25,49625.315395
-234.206113,18,49634.203288
-190.751695,23,49643.334296
-186.054525,13,49649.242722
-180.372474,20,49657.999687
-171.661257,23,49667.226896
-222.872468,22,49676.065027
-232.301479,26,49687.338844
-155.18704,21,49695.484968
-149.905281,26,49708.344568
-137.960279,24,49718.220075
-252.29061,23,49727.140477
-173.893854,23,49735.460996
-193.82049,22,49745.383593
-178.802785,20,49753.442614
-266.945471,13,49760.738738
-207.586642,21,49769.792544
-119.705667,21,49779.072546
-205.146008,19,49786.747739
-318.140805,18,49793.834458
-230.978231,19,49801.508411
-295.63483,18,49808.48629
-204.125817,25,49820.320697
-312.623143,26,49831.18871
-244.682821,18,49838.683132
-221.369864,19,49847.526379
-224.551591,20,49854.449945
-319.672648,22,49863.764606
-233.546887,15,49871.489383
-231.727212,14,49878.067142
-223.244055,17,49885.103008
-134.479869,22,49893.793869
-209.778139,23,49905.31678
-159.073349,21,49916.117207
-161.677236,27,49926.626663
-171.145412,18,49933.775903
-178.527995,22,49941.921589
-103.019,25,49951.368665
-188.28114,22,49960.84905
-161.910773,27,49971.437829
-157.203892,21,49981.458262
-252.633726,18,49988.17119
-230.041275,23,49998.671461
-223.193626,19,50005.721797
-165.196223,15,50011.961036
-247.292904,23,50021.34277
-323.345939,13,50026.937259
-171.142849,22,50035.432975
-179.854603,21,50045.217049
-196.499906,20,50051.950755
-277.999576,13,50057.290232
-158.553974,29,50071.455256
-194.499237,22,50079.621679
-240.275082,14,50087.273933
-192.955128,25,50097.539998
-261.807956,23,50106.578645
-333.378181,16,50114.281949
-271.045436,22,50123.077199
-133.187191,21,50131.679848
-268.564932,26,50141.920909
-350.447548,18,50149.338187
-121.387981,21,50157.87994
-162.578443,19,50165.277857
-98.198963,15,50172.19662
-178.448789,21,50180.580769
-215.229804,16,50188.587616
-306.837437,24,50199.169115
-236.743796,15,50206.451683
-263.486206,20,50214.420311
-162.776901,19,50223.59464
-196.602599,22,50232.883314
-187.36614,19,50240.246346
-161.543113,25,50248.773017
-256.723666,18,50257.268093
-175.969852,20,50265.783829
-108.153334,19,50274.384874
-184.322562,15,50280.75663
-143.678763,24,50290.424659
-209.882574,21,50299.236827
-285.898189,20,50308.630694
-203.231086,19,50316.726741
-205.657103,23,50325.921639
-301.354264,20,50333.357125
-248.229384,26,50345.900679
-291.078588,17,50354.38157
-194.153198,20,50362.513688
-212.697215,28,50373.893147
-181.016243,19,50382.989197
-186.508961,18,50391.056869
-218.322734,22,50399.755111
-285.204762,23,50410.334855
-131.535519,25,50421.495814
-188.744847,20,50431.984618
-215.164788,23,50440.198875
-233.440179,25,50451.355226
-135.513784,22,50460.04668
-94.427509,12,50466.742916
-193.538493,22,50476.018841
-236.283647,17,50483.824818
-374.789881,21,50492.72334
-210.003438,22,50501.464656
-204.639028,25,50511.973097
-249.194529,17,50521.087931
-126.800947,29,50532.438942
-174.284224,26,50543.257035
-220.716892,22,50553.961996
-199.762268,22,50562.551087
-231.222567,21,50573.103633
-303.93958,16,50579.106971
-228.585315,14,50584.975684
-214.491935,23,50593.842176
-213.671792,25,50604.034643
-225.176168,19,50611.449528
-269.048444,20,50620.496479
-127.512845,23,50629.812067
-174.428759,21,50637.516727
-107.195522,30,50649.999229
-216.749441,23,50659.476822
-156.175605,25,50670.103284
-260.422043,22,50678.543502
-150.192716,21,50687.061508
-193.875072,21,50695.874622
-129.21992,26,50707.368162
-237.075905,23,50716.757576
-211.683014,21,50725.623323
-230.70932,18,50734.379643
-150.20267,21,50743.069425
-124.020898,20,50751.14814
-176.430548,22,50762.3555
-105.274628,9,50765.766015
-173.022368,21,50773.700659
-208.200747,25,50785.092906
-192.726393,23,50794.933254
-121.851458,24,50804.28127
-229.80067,25,50813.980559
-158.511308,29,50827.616571
-180.112784,22,50837.047252
-225.009872,27,50847.268292
-174.359781,22,50856.407288
-164.095153,22,50866.263114
-137.527506,21,50875.301764
-196.374108,25,50884.683183
-179.363018,25,50894.964031
-219.98267,20,50902.701668
-237.593105,20,50910.540577
-181.752439,25,50920.042801
-215.124407,17,50926.408466
-159.123796,24,50935.394492
-273.317986,16,50942.068207
-273.396245,16,50948.783031
-147.601815,27,50959.406713
-166.825137,20,50967.309503
-261.809231,23,50976.606736
-223.491601,18,50985.011458
-232.468194,17,50991.743962
-241.478373,20,50999.349987
-172.085519,22,51009.277862
-208.048403,16,51015.194626
-253.06332,19,51023.650218
-144.347968,17,51031.03195
-152.507814,22,51040.844844
-220.33157,18,51049.231268
-224.384994,24,51058.747277
-147.60039,21,51066.447917
-266.653232,21,51074.661679
-161.2562,27,51085.037199
-267.12178,16,51090.354108
-174.47082,28,51101.644278
-203.487676,21,51112.023184
-234.885698,20,51119.948532
-86.183256,26,51130.67379
-164.144233,22,51140.412078
-317.075032,21,51148.830675
-191.664816,25,51158.624492
-182.048435,21,51167.155399
-187.012768,24,51176.51416
-278.170016,13,51181.987577
-241.058596,13,51190.356621
-188.931604,26,51201.047172
-219.381637,22,51211.181491
-107.256671,20,51220.046937
-104.480759,12,51224.772646
-283.58775,21,51233.780901
-119.689362,15,51241.307638
-237.096448,25,51251.166262
-135.666485,23,51260.124143
-178.405057,21,51268.087456
-182.724268,27,51280.139659
-180.623622,21,51291.297821
-107.619025,26,51301.814018
-132.724383,29,51315.823021
-209.092577,21,51324.959207
-183.133017,18,51332.846079
-287.243098,21,51341.010229
-194.140682,25,51350.758319
-232.436284,30,51364.909391
-243.029846,16,51371.837367
-186.284663,29,51384.057646
-258.675256,17,51394.196098
-112.413024,18,51400.927016
-201.002405,21,51409.116568
-219.864566,22,51418.941199
-151.815127,24,51428.36376
-122.061366,30,51440.071422
-189.094019,19,51450.583493
-153.792324,25,51460.547286
-115.730606,18,51467.870617
-205.609536,20,51475.571565
-177.69939,22,51484.541049
-207.60056,19,51493.367602
-276.00016,24,51502.600173
-249.944109,21,51512.379431
-176.919855,23,51522.983451
-181.668795,23,51532.352854
-200.333775,20,51540.360052
-190.477095,19,51548.8653
-181.489289,19,51556.099658
-150.969103,16,51562.598936
-218.457476,22,51571.86955
-129.30956,26,51582.763191
-250.045933,19,51590.914383
-134.135708,19,51598.875899
-205.380179,26,51611.5894
-180.413932,11,51615.460961
-138.227516,23,51625.094859
-346.016717,17,51631.993214
-120.489189,19,51639.750202
-195.598174,17,51647.882056
-136.46941,25,51658.020714
-243.732536,23,51666.394875
-248.802041,15,51674.228062
-158.881388,20,51681.978761
-292.529947,15,51690.103809
-256.956262,19,51697.663941
-249.563024,21,51709.267366
-228.412203,20,51722.218135
-195.237219,22,51730.722807
-180.148762,25,51741.898427
-205.965359,22,51750.522618
-195.330735,22,51759.016604
-189.784361,20,51767.098471
-260.389898,21,51776.219062
-235.332801,28,51787.741956
-253.470041,19,51795.198468
-170.669723,23,51804.2212
-170.184722,22,51816.329155
-102.467145,16,51822.697232
-163.093217,21,51830.991359
-211.237908,18,51839.161799
-231.771593,23,51847.758679
-142.4865,21,51856.417676
-308.375958,15,51862.428471
-329.420103,18,51871.137528
-225.582826,21,51882.288418
-150.305248,25,51892.765344
-276.976009,19,51899.953037
-187.472882,23,51909.461748
-172.48043,30,51921.878134
-182.410319,25,51932.197849
-102.791496,12,51937.705255
-188.403951,18,51944.920875
-214.988775,23,51955.017304
-161.71509,16,51961.200282
-170.36704,26,51972.126951
-224.257283,21,51980.752893
-148.892658,25,51992.619121
-162.302928,18,51999.815177
-190.694986,20,52007.898753
-237.738611,22,52019.132153
-198.852252,27,52029.671897
-159.336187,22,52040.057201
-222.450471,24,52049.422757
-86.431062,27,52060.317669
-190.498918,23,52070.982218
-259.338251,19,52078.123154
-179.411929,22,52086.269124
-245.010752,17,52092.983855
-153.114861,31,52105.640202
-159.167474,22,52115.25144
-185.536737,23,52125.431214
-175.881615,21,52263.000041
-193.216233,25,52273.659996
-97.245382,25,52284.154356
-186.623715,19,52293.396617
-246.636767,20,52301.745441
-225.091798,20,52310.666059
-138.620648,19,52318.855463
-218.609212,19,52326.755495
-151.155463,24,52337.479269
-119.993858,20,52345.027825
-214.417187,20,52354.691103
-193.313782,21,52363.078464
-179.055338,30,52374.845845
-194.246305,20,52382.810121
-185.655909,20,52390.942131
-125.022709,28,52402.017523
-204.752971,19,52409.149357
-231.483702,18,52417.388563
-145.732638,25,52427.397221
-159.656235,31,52439.926372
-265.190879,19,52449.310671
-147.168852,27,52460.189499
-197.233998,23,52469.743215
-212.384776,19,52477.431734
-168.172669,23,52486.29106
-102.455994,24,52496.180624
-213.025759,25,52506.131677
-120.815939,22,52515.761736
-183.86101,23,52525.866872
-181.991005,20,52535.274432
-232.697365,22,52544.452576
-248.41542,19,52552.114349
-137.65281,23,52561.097383
-275.260682,20,52569.020815
-121.068666,22,52577.752864
-249.004699,14,52585.07178
-151.866294,33,52597.724494
-148.634041,26,52609.153753
-178.998431,22,52618.029042
-208.019421,24,52628.328805
-280.556,19,52636.021422
-247.612599,17,52643.279558
-274.745222,20,52651.374257
-114.788301,18,52659.628189
-108.138962,23,52668.307043
-222.683792,17,52677.653944
-274.720787,24,52686.917065
-142.346423,21,52695.474222
-170.87067,28,52707.901937
-223.557005,20,52715.729459
-194.577268,23,52724.491088
-260.294384,20,52733.153103
-127.125794,24,52742.340154
-170.042932,31,52755.012412
-207.030908,19,52763.444864
-192.830884,25,52772.816272
-204.639051,24,52782.640282
-241.47476,18,52790.078028
-307.145649,17,52796.499867
-235.393328,19,52804.02713
-346.69475,22,52813.364721
-163.885925,21,52821.212332
-183.754728,24,52830.878374
-293.490183,20,52839.684653
-189.854022,23,52849.163682
-260.624134,13,52854.430845
-220.97748,21,52862.524467
-125.438567,25,52872.324966
-164.004892,24,52882.002831
-197.119511,24,52891.429735
-276.823304,19,52901.812484
-189.149513,25,52912.169772
-239.750848,19,52919.982905
-186.877663,23,52929.966357
-181.588719,25,52939.644016
-139.230886,21,52947.892317
-176.480297,19,52955.558922
-154.155649,28,52967.652218
-271.164467,18,52976.883182
-202.45739,20,52984.892329
-92.713364,16,52991.07295
-270.739381,15,52997.671264
-236.210635,17,53005.021828
-199.178837,24,53015.861067
-224.829662,21,53024.270741
-262.519407,25,53033.76281
-170.191097,11,53038.904335
-214.92785,18,53047.270583
-184.999758,27,53060.681356
-136.066307,12,53065.676702
-212.607104,22,53074.574842
-264.455511,20,53082.06762
-141.832486,16,53088.508263
-136.098105,26,53100.541689
-201.411137,24,53110.406854
-244.883588,19,53118.089381
-131.979415,22,53126.592983
-180.011713,23,53135.600554
-118.502972,14,53141.215144
-222.5413,20,53149.071988
-243.457464,25,53159.982076
-251.348368,21,53169.612861
-274.064334,21,53177.739752
-288.224356,24,53188.056379
-178.682303,24,53199.594208
-166.719414,24,53209.386054
-209.706339,23,53218.880543
-154.731262,19,53227.012012
-263.347318,20,53234.740383
-225.344225,26,53245.807493
-173.593182,26,53255.952986
-261.195722,13,53262.804432
-193.81277,26,53274.224317
-183.797436,21,53282.278669
-218.269215,20,53290.519995
-181.563152,19,53298.419695
-205.764845,18,53305.310213
-182.50129,20,53313.536209
-265.719999,19,53321.679859
-174.665824,20,53332.324754
-208.300088,20,53342.676625
-155.217087,19,53350.7905
-213.758257,25,53361.155386
-181.625064,22,53369.933066
-123.823596,23,53379.54391
-183.402263,27,53390.571601
-197.769971,25,53401.26274
-194.707552,16,53408.669038
-199.091867,25,53418.540499
-238.419615,24,53428.162565
-328.370412,20,53436.500821
-187.248148,26,53448.756271
-178.992555,24,53458.970221
-223.37924,17,53467.088463
-196.081812,23,53476.594257
-250.242281,21,53484.707572
-126.248416,20,53493.28071
-206.320703,17,53499.8079
-128.213532,16,53506.38833
-268.297009,17,53514.409691
-191.009793,21,53523.799744
-214.245829,19,53530.823322
-174.111891,23,53540.02322
-159.357234,28,53552.20342
-285.976585,13,53557.333612
-217.57476,27,53567.806924
-264.252836,19,53575.672934
-186.747742,18,53582.657849
-194.448598,18,53591.63744
-133.68078,21,53599.508314
-131.748411,32,53612.181277
-162.35059,21,53621.101721
-169.459323,24,53631.180501
-275.670635,16,53638.517993
-177.912543,23,53647.408035
-250.424419,21,53655.982527
-170.52319,23,53664.678241
-164.736379,20,53673.020297
-274.966049,19,53680.748863
-219.077504,16,53686.900343
-196.525777,26,53697.198839
-259.472426,20,53705.426895
-187.95907,15,53711.159339
-211.808275,21,53719.612174
-171.182831,23,53729.919314
-230.821945,22,53739.201618
-200.94517,21,53747.70808
-273.675599,14,53755.47708
-224.31273,19,53763.343774
-117.242599,21,53771.655765
-279.596775,24,53781.042122
-213.260647,21,53789.178758
-126.377194,24,53798.283658
-180.193061,23,53810.022142
-129.422763,17,53818.145864
-183.943067,17,53827.637676
-250.942529,12,53835.241438
-231.154346,21,53844.173918
-126.714227,20,53853.128258
-150.109902,26,53863.927257
-286.963846,12,53869.278243
-177.838827,26,53879.045283
-145.828061,32,53892.062868
-156.712485,18,53899.742273
-167.2653,24,53908.826726
-211.728361,17,53916.931627
-129.971113,30,53930.714735
-164.468883,21,53939.459424
-224.031407,19,53946.600878
-102.27577,24,53955.481228
-172.909325,20,53964.832115
-227.284691,17,53973.025183
-176.576098,27,53984.842255
-160.905825,24,53993.819216
-244.16059,19,54002.558376
-264.321925,24,54011.786582
-137.487202,25,54022.333305
-233.091386,18,54029.778846
-210.535695,19,54037.469152
-217.067133,18,54046.594474
-272.527623,20,54054.465118
-133.701495,21,54062.982562
-304.531621,24,54072.735141
-238.01835,19,54080.257179
-220.894338,22,54089.001492
-114.478545,32,54101.49967
-124.048711,25,54113.45572
-128.242769,28,54125.304601
-184.548629,25,54136.434547
-264.181675,20,54144.982358
-218.312449,25,54154.66715
-217.227657,18,54163.647119
-194.037165,22,54172.195888
-263.611127,16,54178.417499
-234.611476,20,54187.025246
-280.955253,22,54195.19934
-234.398456,25,54206.465341
-155.088022,22,54215.649818
-253.69623,23,54225.215375
-162.991713,22,54235.919889
-225.273794,16,54241.998362
-186.830872,20,54249.892848
-163.100339,27,54260.266335
-124.655037,25,54269.987099
-226.776675,16,54277.193706
-99.619329,24,54286.854153
-128.83092,22,54295.942572
-218.041736,23,54306.037244
-161.96953,24,54315.287406
-176.82944,21,54324.250461
-160.529957,21,54332.882965
-198.648081,16,54341.479993
-133.22241,26,54351.256458
-203.465405,22,54359.972617
-168.423825,25,54369.192124
-120.259823,21,54377.786111
-178.512497,19,54385.481326
-126.734283,25,54398.2174
-207.227227,22,54407.55613
-141.249473,26,54419.785121
-166.610476,18,54426.716832
-142.909033,25,54436.983387
-243.851112,16,54443.271863
-147.083724,13,54449.91845
-106.481492,24,54459.949054
-187.8062,32,54473.063981
-103.361132,21,54481.748487
-173.961423,25,54492.763548
-171.736731,21,54501.999112
-191.223532,18,54511.109492
-265.526806,19,54519.203148
-182.260886,23,54528.607897
-171.289212,23,54537.532301
-179.043381,19,54546.550511
-178.966478,21,54554.635436
-159.141659,20,54561.76021
-265.319785,20,54571.068828
-117.576644,14,54576.544364
-225.541045,18,54583.8491
-195.3392,28,54595.456685
-161.890056,24,54604.357709
-148.049011,23,54615.598996
-244.992397,26,54625.658606
-237.324447,19,54633.450695
-243.346108,15,54640.872044
-230.361851,19,54648.843318
-199.724066,18,54657.707006
-239.984487,23,54666.889986
-141.003415,27,54677.467463
-189.72265,18,54684.307899
-227.326779,14,54689.851551
-149.165563,23,54698.342185
-153.252664,23,54707.850978
-190.266025,22,54716.786796
-298.087623,19,54724.007686
-238.170318,20,54731.922941
-194.380789,30,54743.919359
-197.254963,22,54753.973845
-194.726019,20,54763.588176
-270.906654,21,54771.837944
-274.762131,17,54778.975721
-250.463421,20,54788.212998
-157.123057,18,54795.198264
-170.404169,24,54803.746213
-142.865779,28,54815.902798
-270.758915,16,54823.566371
-225.885917,19,54831.857085
-130.906351,19,54839.001857
-239.776343,18,54846.303807
-184.934521,23,54855.406517
-234.799119,21,54863.556183
-255.228012,21,54873.450402
-177.394062,21,54881.437555
-229.799797,18,54890.928061
-222.517343,24,54901.223829
-105.183503,22,54910.305351
-227.063979,20,54917.85799
-122.709198,19,54925.815402
-199.172961,23,54935.902077
-164.002157,27,54946.544525
-205.699746,21,54955.44392
-139.396089,25,54964.753932
-98.104399,21,54973.010487
-205.369396,22,54982.381365
-248.222397,21,54990.566469
-129.111751,17,54997.519413
-222.772454,12,55002.680554
-140.4302,25,55011.471224
-327.536492,8,55015.096172
-136.865834,27,55027.723261
-241.339544,24,55036.494959
-203.311261,29,55047.766143
-164.732629,28,55058.053067
-123.537651,21,55067.118564
-102.985844,27,55077.565845
-121.568158,25,55087.442722
-213.967278,26,55097.283143
-270.104141,16,55108.267693
-221.79714,18,55115.552279
-237.833096,19,55124.042095
-183.117985,20,55133.013369
-119.32672,23,55142.299601
-147.428997,20,55150.28783
-190.140771,22,55159.216644
-168.151137,15,55165.467604
-338.399517,24,55174.469251
-90.057644,20,55183.553514
-168.639939,27,55196.662873
-202.105849,22,55205.998208
-183.504979,20,55214.329163
-205.538109,23,55223.800625
-212.302584,20,55231.895292
-106.187703,16,55238.952286
-224.869141,15,55244.940237
-196.798004,26,55256.488297
-162.525532,24,55265.815624
-261.507478,24,55274.937468
-195.789419,25,55286.641147
-210.004996,28,55298.176663
-279.87967,23,55307.334838
-293.0922,23,55316.293572
-162.390737,24,55326.355277
-210.759023,18,55333.119649
-231.033689,18,55340.357153
-161.513285,16,55346.465645
-194.593991,21,55355.138385
-195.546365,20,55362.96123
-214.155016,16,55372.667207
-140.6239,26,55383.314014
-188.701101,20,55392.764719
-270.31707,17,55399.695311
-111.160348,25,55409.564249
-213.179859,23,55419.770422
-204.001956,25,55429.794203
-133.469413,23,55439.181188
-172.197347,29,55450.741258
-177.789168,22,55458.841269
-150.990419,24,55468.884993
-244.539523,17,55475.585671
-189.38421,24,55484.492055
-246.251723,24,55494.618418
-141.121921,23,55506.511562
-124.401895,20,55513.990918
-197.112601,23,55523.637079
-220.281291,21,55532.874445
-176.487901,17,55540.779794
-157.777593,12,55545.437765
-102.469438,31,55557.771287
-128.350893,23,55567.007511
-113.077341,26,55576.375188
-251.130164,20,55584.71447
-164.113218,21,55592.446092
-254.137774,18,55599.706377
-148.057737,23,55610.034933
-184.247825,20,55618.334333
-246.251504,12,55625.133385
-220.378827,26,55635.028921
-96.959936,25,55644.99719
-243.614803,26,55655.002358
-145.488804,27,55665.332847
-182.328322,21,55673.892227
-223.395481,19,55681.759072
-207.271735,12,55686.146233
-75.123261,28,55696.873171
-272.705833,16,55703.264627
-187.462794,29,55715.531177
-204.667313,27,55726.017711
-167.730879,20,55733.200101
-223.755775,21,55873.317947
-209.257898,17,55881.949156
-198.883824,22,55890.784994
-109.671986,21,55899.006487
-132.460997,24,55908.56797
-232.917056,17,55917.011554
-156.484384,21,55926.965916
-216.988304,21,55935.58976
-218.846515,25,55945.46016
-224.616054,22,55954.425485
-134.666442,27,55965.316306
-105.868038,26,55975.876335
-131.9437,23,55985.683958
-195.62737,24,55996.224298
-222.964211,17,56004.113815
-178.027363,19,56012.215535
-172.547583,22,56020.990685
-225.713371,22,56029.666854
-247.345512,19,56038.730579
-204.215678,21,56047.911014
-197.694546,21,56056.336229
-142.740642,21,56064.374024
-214.580631,25,56074.658069
-196.524838,24,56084.481019
-177.769276,18,56091.475974
-157.830542,21,56101.198562
-134.349817,24,56110.4598
-209.429551,25,56120.506299
-131.52963,24,56129.83074
-230.707212,22,56138.225327
-240.852144,19,56145.576138
-202.094078,20,56153.657765
-108.717834,22,56162.714319
-108.698639,19,56170.51548
-147.662002,25,56180.625314
-146.316655,24,56190.374587
-179.25452,26,56201.241565
-193.556222,19,56208.549474
-250.135947,20,56216.496887
-186.823311,15,56222.359079
-149.873709,30,56234.956306
-218.296472,20,56242.344152
-225.603066,19,56250.04983
-257.368837,25,56259.539496
-165.778846,23,56268.815878
-226.281476,16,56274.892401
-270.88178,17,56285.444637
-192.380705,20,56293.26653
-156.301055,26,56304.073118
-161.553679,25,56315.048092
-148.356971,22,56324.874639
-123.604862,21,56333.730941
-168.445625,30,56345.617163
-277.81535,16,56352.387888
-124.35491,24,56361.635974
-198.767448,27,56371.889185
-242.892622,15,56378.643185
-116.280078,28,56391.05421
-209.034867,21,56398.89772
-138.05654,23,56408.245759
-197.788665,21,56416.856175
-239.93619,28,56427.791779
-255.519886,17,56434.816137
-166.150671,19,56442.436122
-109.359144,27,56452.906964
-127.410071,23,56462.137036
-168.758616,29,56474.757595
-238.074453,23,56483.224556
-211.031052,23,56493.315325
-169.17444,14,56498.820154
-124.075462,30,56511.395803
-180.844992,23,56521.18243
-120.438257,18,56528.617611
-247.485577,18,56536.016734
-254.677304,21,56544.036507
-231.384525,18,56551.484773
-167.396291,24,56561.138149
-122.4884,25,56572.521675
-192.992627,24,56582.496313
-184.379256,20,56590.008006
-182.185414,24,56599.395115
-245.066097,14,56604.799412
-114.307658,17,56611.712379
-307.207445,19,56619.878901
-146.575496,34,56633.016132
-187.092494,23,56642.924557
-227.107704,18,56650.798047
-176.246309,23,56659.536013
-159.380425,23,56668.409628
-249.4394,15,56675.471821
-127.805288,21,56683.557731
-141.844743,25,56693.12038
-305.235624,25,56703.183773
-220.123626,20,56711.395931
-176.128299,30,56722.7138
-247.298845,19,56730.05411
-116.214748,19,56737.852769
-174.914805,19,56745.785921
-176.975831,33,56758.611777
-198.466053,20,56766.996867
-197.660691,31,56779.635839
-178.251362,22,56788.8058
-237.22942,16,56794.815506
-265.334361,21,56804.853346
-195.652161,18,56812.059829
-162.058127,21,56820.165312
-86.817298,27,56831.048557
-234.973906,17,56838.654459
-195.041446,17,56845.762506
-143.609899,17,56852.694352
-175.122838,19,56860.286124
-93.72626,24,56869.874523
-215.737563,19,56879.583579
-191.046059,24,56888.78772
-185.015839,26,56900.332259
-201.915676,25,56911.573228
-127.645606,32,56925.222123
-253.037964,14,56932.408908
-202.13027,28,56945.012572
-171.477644,23,56953.926949
-202.2542,21,56963.165792
-288.819768,20,56971.158204
-128.88744,23,56980.24164
-117.187098,15,56986.801766
-217.813091,16,56993.01923
-184.323358,20,57000.957334
-258.110436,15,57008.068064
-226.4028,16,57014.594346
-124.457931,24,57023.596378
-271.49082,22,57033.31234
-167.626446,23,57041.712199
-135.272086,28,57052.795572
-159.323528,23,57062.300427
-219.393066,24,57071.249795
-181.149916,20,57079.627881
-192.388345,29,57091.072801
-147.600858,24,57100.547364
-230.810658,18,57108.01698
-174.731819,25,57117.98762
-277.340946,24,57128.027271
-205.379999,24,57137.391374
-144.787764,19,57144.539192
-192.228504,18,57153.874042
-172.732533,12,57160.484258
-132.351508,21,57168.675702
-295.778258,16,57175.037408
-167.820932,27,57185.872947
-172.280331,25,57195.980511
-193.672087,22,57204.638247
-156.909936,19,57213.36206
-214.064956,23,57223.065437
-112.071918,28,57236.546527
-135.045414,25,57246.439594
-98.261985,31,57257.92499
-233.508139,19,57265.684319
-157.804559,18,57273.965606
-139.396747,25,57283.626033
-201.228011,19,57290.985198
-198.638674,25,57302.112655
-241.392194,22,57311.094174
-233.660315,21,57322.827454
-208.291959,24,57332.775899
-203.128736,21,57342.209545
-153.117,23,57351.507838
-171.817569,22,57360.908792
-206.454601,21,57369.601287
-185.14134,18,57376.527332
-211.247478,35,57390.740928
-254.459306,19,57398.806624
-259.669583,19,57407.582014
-150.021787,14,57413.113827
-117.343453,20,57421.093919
-111.478981,20,57429.050373
-174.030624,22,57437.751843
-87.614226,31,57450.461884
-94.990795,21,57459.395363
-213.651575,24,57469.647649
-228.333454,21,57478.749895
-313.656224,15,57485.755783
-255.992351,14,57491.049166
-271.991521,27,57501.514448
-130.832941,31,57515.141963
-211.787762,23,57524.289297
-124.1592,22,57533.755738
-197.764441,25,57544.403052
-225.03646,23,57553.428184
-178.501486,19,57560.71743
-233.316052,22,57570.735403
-257.573021,15,57579.191827
-105.762699,25,57588.965389
-94.256831,20,57597.231578
-260.056033,23,57606.108485
-218.785555,18,57613.005875
-260.29713,16,57620.195487
-140.36839,23,57629.423094
-175.35694,22,57638.271919
-110.946151,27,57650.242803
-246.444932,19,57657.914318
-200.026071,19,57666.530002
-186.625615,22,57676.866747
-121.84663,20,57684.545827
-252.807822,17,57691.756077
-189.831542,21,57699.61367
-146.530616,27,57710.513174
-208.87611,17,57717.815375
-166.598925,20,57725.284692
-183.530503,22,57734.465077
-142.120035,31,57747.289222
-139.050284,30,57760.787242
-133.162319,32,57774.343486
-128.66923,14,57780.193434
-187.723463,23,57789.310028
-162.703448,22,57797.62023
-140.507045,27,57808.358837
-224.988405,21,57816.913067
-253.497231,20,57826.007215
-185.190743,22,57834.647119
-207.820115,21,57842.917496
-229.995537,22,57852.01311
-224.433443,21,57860.08034
-208.624441,25,57869.972308
-227.651485,15,57880.611681
-214.182458,18,57887.269458
-112.360178,26,57897.885557
-246.040875,18,57905.097975
-167.173371,28,57915.553388
-153.288279,22,57924.570246
-258.183447,20,57932.530465
-188.157499,24,57942.241414
-220.917355,16,57948.228354
-164.683383,25,57957.558972
-87.856662,34,57971.443642
-192.60178,22,57980.53748
-167.549591,18,57988.125418
-188.814656,29,57999.694002
-99.446374,14,58005.776289
-194.619809,26,58017.765242
-86.712074,32,58031.273544
-141.225889,24,58040.814517
-167.492191,26,58051.697906
-147.406868,25,58062.159028
-245.406927,21,58071.857816
-116.425293,13,58080.740786
-291.305794,12,58085.479559
-310.482728,19,58093.880794
-118.85799,23,58103.139145
-143.721285,30,58116.180327
-175.353541,20,58124.005688
-148.23848,22,58132.454318
-153.72491,21,58141.149064
-120.833977,26,58152.130491
-254.266401,21,58164.956289
-259.41605,16,58176.400284
-148.533287,21,58186.435076
-134.176527,35,58200.249253
-222.103611,20,58208.68954
-114.838453,25,58219.040351
-126.908671,26,58228.855248
-153.237023,15,58235.279449
-182.291059,22,58244.399814
-162.534031,22,58253.117023
-124.122946,19,58260.0186
-187.557285,35,58273.610153
-150.077822,29,58285.092791
-155.632031,26,58295.050411
-123.032583,23,58303.025987
-213.579559,23,58315.042333
-161.117076,23,58324.515045
-180.129267,21,58332.128599
-173.948196,21,58340.080248
-109.348541,20,58348.394181
-182.339342,23,58357.234124
-175.69837,22,58366.001038
-256.010547,22,58375.214562
-205.340757,24,58385.428738
-232.416493,18,58393.496838
-223.43967,24,58403.13991
-166.033808,17,58410.162666
-157.68805,28,58421.733794
-138.105723,11,58425.539752
-227.014514,18,58434.159797
-135.046763,27,58446.545975
-76.762851,27,58456.720443
-115.01973,32,58469.139019
-96.855354,22,58479.036156
-110.793911,28,58489.987615
-262.51447,12,58494.793153
-241.746711,23,58504.251341
-308.168755,14,58510.901463
-151.942408,19,58520.292313
-145.238248,23,58529.386924
-164.667149,29,58541.022062
-205.507806,24,58549.858146
-255.318881,19,58560.526316
-115.214795,22,58569.544661
-156.663693,21,58579.823838
-124.520401,23,58589.648263
-127.266056,27,58599.913793
-164.310563,18,58607.557605
-271.702814,25,58616.904092
-119.227642,18,58624.059124
-98.778453,22,58632.010569
-172.970564,29,58645.105291
-125.990972,23,58654.430044
-170.818578,17,58661.359339
-168.453064,22,58670.701276
-217.660175,20,58678.726215
-215.48244,19,58685.81514
-167.817727,21,58694.03428
-137.040487,27,58704.767753
-215.669879,18,58712.513895
-261.007488,19,58720.785749
-155.765425,25,58732.195735
-230.980107,17,58739.624825
-171.465808,24,58749.209527
-214.045681,30,58760.974432
-162.650209,24,58771.099601
-163.049933,30,58782.920173
-197.90562,21,58793.617871
-108.858514,25,58803.650135
-156.312118,21,58811.469047
-224.39004,21,58820.965698
-186.394264,21,58829.141369
-170.12476,34,58843.289054
-191.135996,16,58849.1515
-131.872643,21,58857.580766
-107.773969,34,58871.045676
-202.20767,17,58877.489565
-160.037579,26,58888.297025
-174.097872,24,58897.83821
-233.61295,20,58905.96721
-218.102968,17,58914.800341
-256.867512,24,58925.665764
-150.567047,21,58933.638032
-165.75779,29,58945.305195
-178.487146,20,58953.425551
-101.378387,24,58963.383644
-155.784847,16,58969.981193
-210.156954,23,58979.621336
-177.277135,26,58989.668154
-159.842406,21,58997.889345
-190.251073,25,59008.079353
-139.605007,28,59019.319666
-122.65933,25,59029.205699
-187.931013,27,59040.618062
-215.211073,23,59049.591345
-130.919357,16,59056.297754
-134.821908,25,59066.66405
-87.789975,29,59077.72638
-212.977784,16,59084.399687
-203.405636,22,59093.012861
-191.4677,20,59101.337961
-187.826617,15,59107.971961
-171.499734,20,59115.890354
-179.012103,28,59126.961653
-243.813275,20,59135.120005
-202.494422,19,59143.809788
-247.295836,17,59151.217677
-108.726084,19,59159.298437
-232.409498,20,59166.998552
-104.224413,23,59175.818414
-290.840089,14,59182.504059
-200.181787,15,59187.961338
-224.77786,25,59198.342674
-274.445066,21,59206.14421
-147.737166,30,59217.937746
-207.742792,27,59229.67581
-171.080261,28,59240.330927
-148.87137,33,59253.352698
-218.902231,21,59261.568579
-161.695006,26,59272.374157
-258.074857,25,59282.772017
-226.115842,25,59293.772337
-119.751372,27,59304.966766
-172.432943,21,59314.49326
-177.284011,23,59466.671808
-129.015823,15,59473.259425
-162.41383,28,59485.056348
-138.053165,21,59493.437884
-209.139097,21,59501.604589
-206.644723,28,59512.320972
-101.105506,25,59522.119265
-170.986297,25,59531.687114
-283.031588,16,59538.498922
-243.468774,26,59548.995308
-112.878211,25,59560.374167
-134.195304,21,59568.642657
-155.463908,29,59580.211449
-240.254612,23,59588.88211
-187.012655,20,59596.662294
-177.799584,20,59605.281011
-204.551445,18,59613.725618
-205.479728,27,59624.106944
-93.715918,27,59635.115789
-281.105804,19,59642.831588
-113.06261,22,59651.498863
-225.507033,19,59658.727175
-281.342555,16,59665.057096
-193.422427,22,59672.969489
-276.618173,15,59680.803004
-207.229446,23,59690.990942
-161.355538,25,59701.155909
-205.323649,26,59713.09277
-196.602414,24,59722.017714
-320.798306,19,59730.396669
-190.24458,22,59741.776011
-179.680629,21,59750.094742
-111.885289,28,59763.580132
-162.87183,25,59773.430227
-126.911521,28,59785.343626
-199.353985,21,59794.67906
-174.102495,23,59804.298484
-172.242721,23,59813.651179
-111.073693,26,59823.848158
-88.899733,25,59836.083972
-286.740653,16,59842.531193
-138.577347,20,59851.073158
-103.287981,22,59859.651995
-185.803512,26,59870.025892
-206.763206,17,59876.817952
-121.068142,21,59885.866069
-237.788889,20,59893.568889
-82.186455,29,59904.815372
-203.559172,21,59913.722042
-198.72083,21,59921.652946
-188.69159,20,59929.828788
-193.337327,20,59938.643393
-98.656858,19,59946.440001
-162.79806,28,59959.706643
-169.829486,21,59966.834574
-168.666475,24,59976.095573
-166.370567,25,59987.187119
-102.629308,27,59998.219471
-209.387703,25,60008.246717
-248.607485,20,60016.765663
-165.889347,21,60024.882102
-127.487611,19,60032.443247
-112.905068,24,60042.912708
-245.577445,24,60052.490989
-154.545745,32,60066.948881
-153.974391,21,60075.562971
-131.119043,27,60085.996268
-153.627207,27,60096.742869
-228.389855,18,60103.951179
-160.907741,19,60112.499131
-71.258916,34,60126.488671
-221.027766,28,60138.434026
-204.558515,23,60147.520945
-87.281091,29,60159.546369
-291.882496,23,60170.983189
-222.881864,19,60180.902987
-162.197654,26,60193.238624
-238.244071,16,60201.710541
-211.265298,27,60212.590496
-226.880468,29,60224.345077
-130.839825,18,60231.669888
-235.993328,21,60240.104598
-162.333088,20,60247.632872
-166.610993,27,60256.950598
-133.903434,22,60266.026135
-199.492591,24,60275.237153
-105.29314,13,60280.121519
-152.461025,21,60289.329037
-146.065116,26,60299.555395
-143.419643,29,60311.604629
-131.298375,29,60324.430773
-184.44282,20,60332.35526
-136.614204,27,60343.229775
-253.233169,15,60350.499941
-247.369763,17,60357.814751
-161.529935,22,60367.030918
-132.532521,25,60378.020596
-258.834887,21,60388.020209
-140.263722,24,60396.815963
-185.380421,23,60406.359552
-93.810751,27,60416.653758
-140.459227,33,60430.015366
-158.708346,21,60438.675453
-172.492541,25,60448.399109
-129.258181,23,60457.582026
-78.987445,32,60470.260891
-163.939413,26,60480.325857
-175.72948,24,60489.856445
-180.838596,20,60498.242491
-126.828844,23,60507.295868
-238.462433,17,60514.78353
-195.455891,24,60526.107239
-203.250495,22,60535.51837
-165.436323,28,60547.732348
-127.635988,19,60556.031054
-124.907898,22,60564.933704
-145.989913,31,60577.071184
-253.168115,24,60586.587834
-244.377946,20,60594.0775
-170.474942,22,60602.436453
-166.659275,26,60613.272036
-200.308566,22,60621.655024
-165.442259,24,60631.929955
-197.988438,20,60640.506846
-348.389352,19,60651.022516
-107.225495,24,60660.558603
-125.213203,23,60669.416834
-209.965441,27,60681.269071
-259.369232,17,60687.685354
-201.975161,22,60698.648834
-178.511918,25,60709.024197
-128.24152,20,60716.701216
-146.767312,24,60726.731482
-117.379144,24,60735.544141
-249.540894,22,60744.317572
-174.252002,27,60754.603397
-227.519464,16,60761.675908
-161.330899,24,60771.034286
-179.270453,29,60783.055049
-252.07455,25,60792.584681
-168.906578,27,60803.778043
-157.466106,26,60813.60933
-175.669948,23,60822.916092
-263.794788,21,60831.312994
-114.614963,20,60840.580574
-207.903658,23,60850.101661
-192.630021,19,60857.877904
-252.864239,15,60864.71865
-112.201542,21,60874.449689
-258.664176,17,60881.939957
-126.906716,28,60892.858561
-162.916509,12,60897.846601
-157.498366,21,60906.427929
-266.282251,21,60915.169311
-150.090822,18,60922.613473
-199.186262,20,60930.785995
-179.699459,20,60939.699082
-175.046333,23,60951.510491
-237.955925,15,60956.752391
-162.179695,22,60965.250911
-287.641987,21,60974.317865
-145.354493,22,60982.977508
-216.905357,24,60992.066135
-190.806546,32,61004.814399
-190.503881,21,61013.651946
-88.548577,23,61023.331033
-149.372538,23,61032.188641
-129.917089,25,61042.623152
-225.157244,24,61052.812226
-222.278097,18,61062.306561
-253.885784,17,61069.140948
-253.813786,21,61077.072382
-147.472532,21,61085.936079
-127.516608,23,61094.749807
-189.018425,28,61106.026298
-153.256634,25,61115.615045
-198.230071,19,61123.814365
-223.453502,23,61132.834615
-89.03093,28,61144.008631
-208.682832,21,61152.231113
-204.379748,23,61161.518046
-313.987136,18,61168.904053
-272.164401,11,61176.209106
-247.689268,17,61183.503961
-68.869389,30,61196.102768
-163.375768,23,61205.037677
-139.077946,24,61213.982676
-248.338901,19,61221.70166
-235.909093,22,61230.538528
-85.786355,26,61241.081264
-161.511805,22,61249.657846
-192.667833,23,61259.03141
-232.903397,21,61266.897372
-175.101926,27,61277.933517
-139.595276,26,61288.200358
-206.78461,26,61298.581426
-213.204228,26,61310.105515
-203.087675,27,61321.07048
-124.320818,21,61330.542111
-98.702368,28,61341.234607
-143.961911,16,61347.895735
-253.073726,18,61354.877553
-255.96298,24,61364.242853
-172.700184,19,61373.095855
-181.9927,22,61382.428008
-208.199252,20,61390.55278
-159.861823,25,61400.652184
-274.794287,19,61408.779284
-208.971572,20,61416.842005
-226.3478,18,61424.103062
-229.418327,27,61436.708793
-170.094328,26,61446.528795
-141.520137,31,61459.3345
-106.356237,19,61467.18904
-174.939666,26,61477.420056
-204.042856,27,61487.751787
-87.367307,24,61496.820146
-104.243379,29,61508.254693
-202.5481,23,61518.809532
-218.798633,18,61526.190908
-225.416625,29,61537.434697
-103.849086,26,61548.146205
-243.684168,15,61553.68657
-110.994367,31,61565.672476
-208.81128,17,61572.699822
-197.560389,25,61582.957401
-112.600424,20,61591.279964
-262.568268,12,61596.193124
-118.464577,21,61604.343725
-173.909295,26,61615.75535
-138.518115,24,61625.632605
-90.285073,23,61634.67856
-106.003017,25,61644.752346
-112.006011,27,61656.764393
-124.284866,22,61664.997833
-243.389099,18,61672.373149
-118.050475,24,61682.099373
-179.865982,17,61689.140961
-137.548914,24,61698.503064
-186.321353,24,61708.851972
-135.659098,19,61716.59734
-135.856806,20,61724.620127
-143.173708,21,61733.313489
-141.676172,25,61742.965445
-263.937969,23,61753.465411
-148.809047,25,61763.282967
-188.597061,20,61771.892656
-202.446864,23,61780.749238
-172.794123,24,61791.611747
-163.164909,24,61800.223695
-207.611353,22,61809.494522
-143.87691,20,61817.884453
-104.539619,35,61831.563888
-268.876954,21,61839.481762
-175.474744,29,61851.890538
-172.732622,24,61861.611237
-148.252631,32,61874.599956
-140.247819,22,61884.870932
-132.32542,23,61893.693925
-159.210905,23,61903.047531
-94.066204,24,61912.714924
-165.208769,26,61923.550417
-114.398075,27,61934.760993
-222.092753,25,61944.836656
-148.264004,25,61955.118441
-233.445804,20,61962.983197
-167.037257,25,61974.221284
-226.255375,21,61982.558916
-266.433602,14,61988.116009
-229.21503,21,61996.505771
-218.991603,17,62004.193617
-199.336168,20,62012.782339
-133.949258,23,62021.703211
-142.777271,25,62031.50737
-254.129077,16,62037.884784
-135.147883,26,62048.712753
-98.046276,34,62061.541336
-115.100345,21,62070.074784
-215.774832,17,62076.282322
-281.670519,17,62083.520647
-224.371454,25,62094.274573
-177.640505,22,62103.114367
-206.173591,24,62113.780446
-155.843801,29,62124.956089
-155.099285,24,62134.879907
-236.133387,25,62145.361739
-190.69677,14,62150.871265
-168.581173,27,62161.693164
-164.333957,25,62174.572796
-190.486101,28,62185.349405
-127.26784,27,62197.122789
-177.686119,25,62206.61949
-196.561065,23,62215.551091
-176.921354,24,62223.933421
-167.586576,25,62233.308364
-167.794775,22,62243.898199
-184.764621,23,62253.418144
-178.385952,29,62264.599049
-200.44802,18,62273.228928
-112.253886,25,62283.073007
-137.335108,29,62294.869319
-218.430568,23,62304.566412
-166.438946,24,62313.554298
-246.622026,18,62321.108131
-255.71601,17,62328.258846
-172.886051,19,62335.410844
-120.468764,15,62341.146658
-168.511787,23,62350.227153
-167.45941,26,62361.426776
-267.48952,20,62369.456586
-142.957923,34,62383.409413
-97.879721,27,62394.106523
-133.906501,19,62402.011701
-255.123837,20,62410.688626
-202.787593,22,62419.88927
-188.783848,21,62428.051427
-127.022696,12,62432.956017
-190.669316,19,62440.885287
-155.256412,27,62452.515414
-169.95409,29,62464.014343
-192.781457,24,62473.07583
-209.816495,22,62482.125366
-230.759073,30,62494.40625
-220.637812,22,62503.951711
-203.142254,21,62512.377448
-192.088797,19,62521.494306
-200.297004,27,62532.013962
-230.415539,22,62542.546814
-136.488082,22,62551.371253
-129.559539,28,62562.088081
-150.067837,22,62570.613136
-219.037249,25,62580.547578
-194.335311,21,62590.210214
-159.931528,28,62600.783986
-250.855572,16,62606.772508
-152.781933,18,62613.998076
-313.854674,23,62624.677815
-191.782753,22,62633.835399
-222.151453,21,62643.003132
-206.712387,26,62652.298787
-241.551066,17,62659.152265
-210.655463,23,62668.221394
-184.337237,27,62678.529423
-164.922394,18,62686.443972
-138.422864,25,62698.014722
-172.966472,20,62706.042845
-160.38053,24,62717.30021
-139.229945,28,62727.626932
-176.208096,22,62736.247938
-192.366865,25,62746.467856
-130.013273,30,62758.117808
-180.608678,19,62765.622803
-135.186944,22,62774.465517
-173.894864,33,62787.731659
-182.68948,21,62796.761961
-273.787075,34,62811.509776
-192.871436,17,62819.18556
-89.301957,23,62829.373805
-78.869453,22,62838.229546
-221.133474,19,62846.193404
-232.440708,24,62856.856237
-217.19292,12,62861.181585
-108.489818,26,62872.920014
-205.126581,24,62882.518303
-166.741138,30,62893.916668
-164.159941,25,63054.634608
-211.812118,15,63060.594429
-169.04253,22,63069.78615
-115.836419,26,63080.960462
-164.907881,24,63090.863339
-165.828475,27,63101.324621
-343.720752,25,63111.193807
-286.021871,20,63118.729029
-198.414797,25,63129.784102
-376.153822,19,63136.935356
-110.267245,29,63148.128038
-188.408805,23,63157.22803
-181.728109,21,63165.997301
-144.675552,32,63178.686873
-130.419884,22,63186.784497
-122.363772,25,63197.206519
-145.176086,27,63207.76517
-143.083955,31,63219.951005
-237.402869,19,63226.919157
-253.450532,30,63238.780585
-145.217063,34,63252.39889
-105.279183,23,63260.513091
-176.740506,25,63271.15649
-146.448469,19,63279.384899
-235.523136,22,63290.85184
-157.561272,26,63300.90014
-237.729612,25,63310.266103
-155.934832,24,63319.196737
-240.43103,19,63326.572789
-193.999971,28,63337.88425
-125.63042,34,63351.951104
-151.582772,23,63360.836868
-161.565476,23,63370.805686
-135.209808,33,63383.234341
-132.014411,32,63396.501595
-222.20608,19,63403.644271
-174.614836,29,63415.653495
-153.420792,29,63427.575931
-117.440299,16,63433.602266
-121.655851,31,63446.063716
-243.405431,25,63456.010796
-195.233081,23,63465.475796
-189.993317,24,63474.376285
-204.519958,19,63482.459218
-102.816284,34,63495.690535
-161.934391,28,63506.509048
-142.55202,26,63516.387855
-175.647912,24,63527.170647
-206.250647,21,63535.705406
-211.904524,20,63542.656958
-231.703896,26,63553.313904
-219.200764,22,63562.319862
-189.475543,23,63571.510091
-105.441851,29,63583.65925
-171.758489,19,63591.112256
-155.539018,20,63598.662603
-113.994212,33,63611.611167
-216.206507,22,63620.456061
-182.85156,23,63629.510925
-184.573741,23,63638.463345
-208.435392,28,63650.032405
-173.575156,23,63659.092534
-171.912669,24,63668.261293
-202.178432,21,63677.038473
-229.037304,28,63688.460522
-149.705558,20,63696.543881
-272.290535,30,63708.063184
-203.950118,20,63716.44285
-126.109385,26,63726.752629
-170.603404,22,63735.416205
-242.451975,17,63743.488189
-271.657716,20,63751.497425
-180.27588,16,63758.497783
-236.751064,22,63766.653308
-119.801675,34,63779.673009
-197.967076,17,63787.471147
-233.075393,15,63793.500508
-223.583488,23,63803.960485
-203.77527,19,63811.906181
-195.463865,19,63819.267168
-260.506119,23,63828.13428
-141.958081,28,63839.85395
-143.776589,24,63848.293294
-224.381397,23,63856.060771
-203.046406,24,63868.081556
-174.221699,28,63878.713767
-110.970521,25,63888.13554
-143.852394,23,63898.245149
-233.698863,20,63905.486099
-161.630498,28,63916.578785
-202.245557,16,63923.382527
-270.337028,20,63931.1373
-165.029488,24,63940.111537
-181.941833,23,63949.932768
-174.93391,23,63959.35803
-302.493478,22,63968.19218
-274.17218,18,63976.224996
-214.096644,20,63986.698096
-40.953373,37,63999.97729
-107.300386,24,64009.385439
-153.276979,28,64020.056119
-223.314011,24,64029.518326
-252.482651,19,64036.864655
-196.515997,20,64045.267308
-136.165904,25,64056.571573
-197.611564,21,64064.027776
-216.491388,29,64077.119733
-276.561518,14,64084.594236
-136.559641,27,64096.292637
-126.231237,28,64107.464055
-244.940885,14,64114.567995
-135.55164,27,64125.111862
-149.466306,28,64136.638587
-118.345117,20,64146.681525
-297.733797,17,64154.586045
-129.488514,24,64163.898733
-127.769375,27,64174.874997
-188.461129,21,64183.244581
-197.50144,19,64191.448467
-199.506775,30,64204.522831
-145.905526,26,64214.553574
-117.84797,33,64227.274356
-168.498605,30,64239.409874
-145.429486,29,64251.602126
-165.078928,23,64260.155286
-188.556937,27,64271.241153
-102.641465,33,64284.545346
-175.9277,20,64292.171715
-121.352316,27,64302.367268
-237.244994,18,64309.829579
-89.850294,23,64318.680404
-100.398303,21,64327.603212
-119.260918,34,64340.330153
-131.101728,27,64351.476018
-139.600752,25,64361.240208
-122.571425,32,64375.284465
-104.077181,21,64383.944702
-144.418003,22,64393.192083
-218.097725,23,64402.543868
-179.84434,26,64412.698776
-299.954125,19,64421.738135
-110.947713,24,64431.597106
-140.435577,27,64442.103687
-130.265933,22,64451.057896
-150.414425,22,64461.634574
-251.150376,22,64472.829228
-169.345835,25,64482.321871
-115.817106,21,64491.312207
-138.445196,22,64500.009831
-153.207963,24,64509.164813
-166.576061,24,64518.438312
-73.000042,29,64529.770456
-201.862178,19,64538.262213
-211.377441,15,64544.090463
-196.010531,21,64555.035789
-144.750582,23,64563.792718
-152.931462,25,64573.575554
-142.536749,26,64584.207004
-263.232919,30,64595.614568
-230.981682,22,64605.280809
-153.470712,25,64614.903927
-144.301906,26,64624.797189
-83.744472,22,64633.568982
-185.715294,26,64645.017533
-163.188112,27,64658.507286
-221.475034,19,64666.587631
-186.025314,26,64676.646439
-241.275946,21,64685.649624
-151.608301,30,64698.060108
-98.535605,13,64703.755015
-207.135318,34,64716.875332
-287.202757,13,64722.811424
-138.9361,33,64735.578427
-202.044728,32,64748.126578
-135.499384,19,64755.893231
-238.154856,20,64763.712074
-179.490721,13,64770.837139
-118.806996,21,64778.889035
-117.577418,27,64788.905076
-204.597844,24,64798.536688
-127.810875,22,64807.54595
-285.458686,20,64814.995974
-113.046299,23,64825.345936
-92.274308,27,64838.080711
-177.606119,32,64850.923965
-247.696349,34,64864.901514
-152.410182,27,64876.704661
-199.945031,20,64885.511794
-246.11211,32,64898.458508
-101.979583,29,64910.032485
-153.595035,26,64920.035734
-193.525617,25,64930.791389
-186.862667,21,64938.765816
-93.069092,28,64949.691613
-128.662637,23,64958.648952
-129.007815,24,64968.373477
-113.661557,29,64980.724074
-162.112599,29,64992.011437
-113.36402,14,64997.616635
-192.10171,27,65008.335558
-111.995057,26,65017.730119
-284.260438,23,65026.791601
-213.557227,13,65032.541149
-134.039723,25,65042.117227
-132.101635,31,65053.73924
-130.337843,18,65061.741301
-234.599843,24,65071.608894
-316.227729,12,65076.514169
-160.63329,24,65086.002234
-134.724848,21,65094.728523
-113.175,26,65104.729465
-97.635313,24,65113.548883
-273.12825,22,65122.452419
-120.332112,40,65138.585124
-138.082971,32,65151.018333
-119.601257,19,65158.266868
-143.399424,21,65167.180947
-180.249425,20,65175.783262
-174.746445,21,65184.00348
-209.231769,24,65193.655016
-236.684347,30,65205.746833
-136.433683,31,65217.728109
-288.242815,25,65228.317036
-205.564861,18,65235.642425
-234.492379,28,65247.49951
-246.908377,18,65254.801078
-173.729015,26,65265.292699
-167.179383,27,65275.684038
-104.639842,17,65283.212849
-236.208557,22,65291.972244
-172.075178,25,65301.804324
-170.682642,21,65310.20686
-231.027616,22,65318.252945
-153.994414,32,65331.359774
-230.509267,24,65340.857228
-106.843347,32,65352.401614
-145.542523,35,65365.716661
-140.256118,28,65377.21722
-164.745482,25,65386.595865
-71.541733,27,65397.498442
-99.97437,24,65407.385611
-189.086288,25,65419.262852
-106.41752,20,65428.044681
-131.998349,30,65440.157694
-95.479849,31,65452.557999
-280.61646,23,65462.175156
-147.719908,29,65474.626889
-176.111994,25,65483.987558
-195.521939,27,65495.728486
-262.436886,22,65504.63768
-157.046415,22,65513.049779
-122.163367,18,65520.260369
-201.997437,19,65527.597933
-154.603115,20,65535.575511
-178.911329,26,65545.755486
-128.753883,23,65554.984214
-148.825758,31,65567.480732
-127.621092,24,65577.238011
-219.084191,21,65585.456234
-132.353999,29,65596.550438
-237.306015,22,65605.96042
-104.054459,39,65621.954118
-128.61532,20,65630.586634
-92.463558,23,65638.931166
-210.987506,23,65647.850128
-174.952544,23,65656.6592
-182.682922,24,65665.792777
-195.957513,17,65673.175131
-152.402335,24,65682.600238
-162.163223,31,65695.322971
-95.550001,33,65708.323029
-184.659381,18,65715.358443
-91.155989,21,65723.619312
-99.820742,31,65735.427473
-66.119764,35,65749.089397
-133.245114,29,65761.984495
-217.409569,24,65771.708207
-146.238479,28,65782.432929
-149.738356,27,65793.176733
-151.699164,17,65799.730788
-144.260683,22,65808.662998
-133.107024,20,65816.813833
-263.1374,23,65826.259192
-136.679551,27,65836.874545
-113.877651,20,65844.378575
-138.43255,24,65854.573605
-90.393752,37,65869.097114
-109.095744,29,65881.160758
-163.925379,21,65889.31626
-129.459075,25,65898.736659
-270.886403,23,65907.838464
-112.29033,20,65915.404969
-199.871925,28,65926.399
-180.686644,23,65935.893502
-165.049085,27,65946.288735
-164.999336,23,65954.88529
-175.582263,21,65962.920193
-145.582533,27,65973.877114
-168.812294,13,65978.893634
-159.314243,20,65986.662713
-271.475399,22,65995.141488
-133.31229,29,66006.459333
-167.125673,26,66016.517984
-103.110968,27,66027.192767
-221.911316,22,66036.020048
-152.018371,31,66049.15136
-132.660293,28,66060.00206
-275.800507,18,66067.152563
-131.397846,23,66075.650849
-240.978983,33,66088.776008
-314.768086,17,66095.560344
-154.314165,25,66105.496175
-214.897535,26,66115.849841
-139.90276,28,66127.040146
-201.251211,20,66134.585756
-103.383051,25,66145.046911
-140.403031,25,66155.010694
-106.292449,31,66167.664532
-203.379935,24,66177.397906
-192.588516,24,66187.226989
-245.196719,27,66197.61092
-142.677522,29,66209.170885
-218.577668,25,66218.714808
-203.901084,21,66227.727014
-106.207922,27,66238.586686
-169.72857,23,66247.57677
-183.134776,27,66257.974699
-112.33758,27,66269.794749
-106.489938,25,66279.509234
-234.270719,19,66286.847307
-163.187113,24,66296.93663
-191.970601,24,66307.426371
-202.263955,18,66316.223899
-125.216108,28,66327.509515
-91.109824,43,66344.211848
-167.297121,31,66355.739448
-159.765253,23,66364.988608
-101.719881,29,66379.184213
-100.635115,23,66388.023266
-154.799154,23,66397.630753
-106.104718,26,66407.726905
-200.20527,22,66569.867784
-122.311611,26,66580.392861
-143.571795,25,66592.059189
-69.764087,28,66602.738138
-192.773815,24,66612.566557
-203.893707,22,66622.068418
-211.482736,18,66629.729092
-165.90401,23,66639.773075
-216.740556,23,66649.935857
-104.261573,23,66658.949741
-191.368636,26,66669.114014
-149.517791,27,66680.167867
-208.642422,21,66688.386415
-86.751311,27,66698.896233
-187.369558,25,66708.981003
-175.941258,36,66722.401853
-125.969519,24,66732.460724
-282.86589,28,66744.421663
-84.778337,22,66754.379261
-179.082582,25,66764.498612
-98.670766,27,66775.138003
-147.834859,31,66787.800851
-253.419845,17,66794.786152
-141.715935,37,66808.91349
-124.718591,23,66817.961458
-164.86521,26,66828.565204
-98.615027,18,66837.037494
-102.619485,18,66844.092193
-111.168945,22,66852.541845
-160.965911,16,66859.080589
-177.742118,24,66869.287318
-142.119705,35,66882.288227
-180.820905,27,66892.918954
-145.98579,19,66900.459828
-123.462399,22,66908.659925
-112.321442,23,66918.768885
-143.873899,30,66930.452544
-86.280856,23,66939.004753
-193.445795,23,66948.53792
-191.542457,22,66957.813561
-233.75811,21,66968.046949
-107.253723,33,66980.580274
-129.279499,27,66990.919344
-125.379506,26,67001.007107
-154.344329,23,67010.998814
-136.7754,20,67018.654738
-158.948569,26,67028.621594
-97.336091,28,67039.354583
-104.154614,28,67050.316642
-114.845892,27,67061.397672
-266.54806,19,67069.181259
-181.187604,22,67078.005282
-236.145599,22,67087.880143
-103.668188,34,67101.23817
-199.017408,23,67109.896172
-132.980513,23,67119.21377
-137.538679,23,67127.574586
-203.863347,21,67135.937551
-211.824513,25,67146.537868
-121.39635,36,67161.226731
-172.653633,27,67171.888608
-179.095593,25,67181.347883
-151.216402,29,67192.617378
-136.485865,22,67202.093703
-114.094043,29,67212.700162
-210.590837,24,67222.245282
-94.083054,29,67235.411561
-115.75533,24,67244.806874
-201.067932,26,67254.734549
-107.530655,25,67264.710109
-178.023011,21,67272.543552
-161.499025,32,67285.487439
-117.075494,29,67297.521789
-223.371412,24,67308.412985
-200.25981,28,67319.40038
-256.501091,21,67327.38537
-117.816701,22,67335.663802
-83.903888,17,67342.787616
-148.75083,34,67357.153761
-202.538825,17,67363.531871
-110.704106,25,67373.418381
-188.584581,24,67382.747833
-168.592419,23,67391.708812
-164.364797,33,67405.841465
-254.430146,20,67415.404908
-93.355795,28,67426.961674
-169.100987,26,67437.086736
-261.3784,20,67445.358767
-95.334082,30,67456.164277
-113.060096,22,67464.441356
-107.861053,40,67479.53146
-135.880168,22,67488.397995
-209.276316,27,67498.893935
-201.5899,25,67508.282804
-79.171908,32,67521.483973
-228.045479,18,67528.893381
-190.56437,21,67537.162888
-227.151255,19,67545.153296
-134.756963,20,67552.761429
-247.094779,14,67559.491215
-122.981794,22,67567.900186
-237.31152,29,67580.140148
-200.476712,28,67592.954389
-250.491415,22,67602.923161
-285.523431,20,67610.649982
-171.201666,21,67619.929511
-160.08642,19,67627.673579
-173.074163,32,67639.59646
-184.864292,19,67647.389362
-172.86429,27,67657.755105
-67.888632,30,67669.5827
-134.591143,29,67681.415622
-185.385695,34,67695.056352
-157.704685,27,67705.729913
-93.418951,32,67718.468985
-115.396094,36,67732.449987
-111.411711,21,67743.78304
-132.573349,19,67750.683147
-137.777959,20,67758.943997
-167.488086,33,67771.825183
-132.625583,16,67777.917429
-143.613566,20,67785.498017
-109.760271,33,67798.539934
-103.380924,26,67809.124436
-187.388382,26,67819.131526
-305.556275,20,67827.389403
-135.468171,22,67835.813282
-68.565912,29,67847.256622
-132.364424,31,67859.23342
-166.757224,27,67870.205639
-123.173677,31,67881.865953
-225.156509,28,67892.871733
-135.072283,31,67904.509156
-146.067871,24,67914.245855
-214.799905,22,67923.126019
-165.040772,27,67934.371343
-216.466629,24,67945.379612
-271.643727,20,67954.077396
-151.256083,31,67966.193459
-129.699008,29,67977.751337
-110.970443,40,67992.993063
-179.07368,23,68002.025048
-105.71781,25,68012.594097
-122.706344,22,68022.186408
-163.062634,25,68032.089434
-174.111081,24,68041.296959
-120.908376,31,68054.397941
-165.453106,28,68064.803863
-204.633954,23,68074.058682
-101.40648,23,68082.778758
-143.639917,23,68091.543467
-247.68211,18,68098.73038
-130.062579,30,68110.665393
-167.90767,29,68121.923529
-225.129163,21,68130.360104
-137.3003,22,68139.450402
-124.846462,31,68152.122852
-112.708072,16,68158.629338
-84.82264,42,68175.688794
-122.8491,22,68184.759224
-245.32836,14,68190.679501
-88.494921,22,68199.432014
-188.156698,21,68207.596292
-116.948578,32,68220.200666
-158.417322,33,68233.505019
-94.815227,24,68243.089125
-227.798044,20,68251.957239
-219.041682,21,68260.204895
-242.312675,20,68267.638151
-61.434754,39,68282.753402
-225.074272,14,68289.460368
-230.815282,28,68301.63159
-220.819667,19,68309.650455
-122.488638,23,68320.726758
-154.627119,23,68330.853927
-156.60469,22,68339.490081
-214.11397,27,68350.321814
-117.884816,23,68359.176883
-82.943137,20,68367.18432
-159.280397,25,68376.952184
-184.237793,25,68386.531855
-195.986746,30,68398.672324
-181.43347,27,68409.225673
-202.199412,23,68417.833949
-223.269267,29,68428.871871
-285.319778,12,68433.488073
-108.488903,27,68444.226285
-151.041985,33,68457.02812
-122.28796,28,68467.955427
-141.483425,26,68478.554356
-98.406614,28,68489.818319
-223.351704,22,68498.504553
-179.483029,20,68506.927022
-103.824799,23,68516.345393
-191.330878,26,68527.879191
-125.459146,30,68538.983945
-115.46407,21,68547.262612
-206.453528,26,68557.405705
-139.3314,32,68570.008121
-111.926622,27,68580.047896
-109.956638,24,68589.262682
-146.345586,27,68599.681334
-274.279982,19,68608.915588
-204.907332,25,68620.062479
-183.596421,30,68632.991033
-110.131287,30,68644.666146
-179.771888,21,68652.601281
-73.61486,34,68666.80312
-104.68104,27,68677.302806
-101.712128,26,68688.897622
-141.781931,34,68702.720873
-229.157367,17,68710.186066
-130.52529,26,68720.048638
-172.979398,27,68730.56168
-123.160282,21,68738.724874
-78.236301,24,68748.273789
-101.685626,19,68755.343596
-104.325726,34,68769.853205
-246.79561,20,68778.539511
-102.602817,26,68788.819612
-112.050608,27,68798.863708
-192.671525,25,68808.766853
-145.920163,26,68819.462944
-197.823167,21,68827.944114
-128.054545,22,68837.276792
-219.722044,24,68846.636248
-119.020045,21,68855.593088
-127.243619,30,68866.288272
-201.957342,27,68876.888617
-84.587408,23,68885.820505
-114.283419,25,68895.597808
-142.475241,30,68907.669369
-104.605876,31,68920.532476
-199.613184,22,68929.382568
-155.598802,25,68939.135827
-163.626527,31,68950.629547
-157.497173,24,68959.99244
-101.710873,31,68971.512276
-114.677098,35,68985.079169
-141.441187,30,68997.457548
-96.827572,25,69007.131267
-210.641444,28,69017.483193
-137.174801,30,69028.535982
-132.003347,17,69035.407682
-59.524057,41,69051.835302
-194.077402,21,69060.608416
-82.430962,33,69072.936511
-100.781993,31,69084.703823
-200.182132,17,69091.507602
-131.774439,25,69101.146184
-182.908409,30,69113.304531
-226.851741,16,69120.413293
-187.314076,37,69134.184083
-90.932109,31,69147.136649
-123.337533,29,69158.028187
-229.643683,17,69166.349108
-137.189412,23,69175.315498
-205.415742,22,69184.250954
-144.7175,26,69194.403328
-188.640669,21,69202.173499
-98.103161,26,69212.20422
-139.088324,20,69220.561352
-94.052764,28,69232.290255
-152.226474,19,69239.514236
-182.423928,37,69253.245206
-85.254495,40,69269.039036
-112.729947,19,69276.284079
-180.130218,29,69287.700434
-192.000781,26,69299.653297
-237.507604,21,69308.710455
-176.14373,22,69318.829643
-92.237569,27,69330.444098
-139.835161,32,69343.419594
-90.195147,26,69353.495115
-97.465523,24,69362.644434
-142.304971,27,69373.309879
-117.869858,24,69382.842388
-139.203886,25,69393.992319
-210.825092,26,69404.022467
-88.512046,34,69417.602293
-187.633434,24,69426.50183
-199.386563,23,69435.895888
-158.503458,24,69444.556361
-142.585279,34,69459.861852
-229.330033,23,69468.505544
-90.215581,34,69481.640472
-126.639915,25,69491.245693
-69.363556,51,69511.716008
-105.066597,14,69517.786683
-109.46096,28,69527.584569
-177.205171,20,69533.86354
-81.18146,27,69544.322801
-143.026305,25,69553.663402
-163.13123,23,69562.738995
-105.215736,30,69573.805287
-127.835954,26,69584.389772
-110.740163,27,69595.325485
-142.238706,23,69604.984279
-137.724494,29,69616.174936
-220.641887,19,69624.038338
-166.833554,25,69633.882834
-154.308411,26,69644.061044
-193.718802,25,69654.241036
-192.882115,22,69664.330724
-96.060817,29,69675.524202
-119.776743,23,69684.400145
-143.401397,37,69699.72407
-199.666868,22,69707.96127
-87.381086,20,69717.107138
-248.132588,24,69726.394722
-159.27627,26,69736.240877
-134.469727,21,69744.662172
-134.549778,27,69755.411303
-107.998404,26,69765.922045
-106.226374,41,69781.550903
-109.242046,26,69791.254168
-195.271053,23,69802.80434
-184.246739,20,69810.577686
-131.013628,27,69821.896782
-167.516897,25,69831.806296
-108.02672,22,69840.007871
-210.683206,23,69849.166378
-145.789998,25,69858.382522
-145.726272,26,69868.889135
-174.645842,28,69879.44679
-94.85803,39,69896.290807
-223.359522,26,69906.800645
-144.684273,14,70080.415467
-184.380992,30,70092.086877
-146.513911,19,70099.151732
-93.157704,38,70114.029016
-117.046941,35,70128.314208
-143.994495,23,70137.387024
-145.39914,27,70147.941162
-189.430417,22,70156.022531
-239.118722,19,70165.34676
-156.253331,23,70176.136403
-112.206092,27,70186.308553
-132.277521,32,70198.01306
-90.225743,29,70209.029507
-127.556635,27,70218.925027
-127.946831,35,70232.228558
-150.830597,20,70240.747074
-136.893207,27,70251.183507
-244.503993,19,70259.538239
-234.922986,24,70268.545663
-201.846646,22,70277.053503
-93.599723,22,70285.699228
-134.490963,32,70299.665323
-216.164646,17,70309.129723
-119.587214,29,70320.100473
-99.349519,29,70331.196309
-97.611951,26,70341.651574
-192.845089,22,70350.739022
-142.933192,31,70363.225407
-156.977405,28,70374.158448
-146.787712,29,70385.64713
-171.382527,28,70396.098605
-278.356511,20,70405.13786
-176.226468,24,70414.467642
-236.641717,27,70424.989928
-186.241592,26,70434.747407
-156.351215,28,70445.77726
-155.483638,33,70458.105049
-129.644986,22,70466.572491
-127.280426,26,70477.438833
-80.987963,30,70488.860244
-229.072319,25,70498.084542
-96.127631,22,70506.952278
-165.010275,25,70517.182873
-120.307219,23,70528.203946
-245.981542,24,70537.78933
-87.389929,26,70547.920166
-230.46105,21,70555.755569
-196.748019,28,70566.22817
-142.425547,19,70573.474372
-106.637613,18,70580.854354
-79.237107,27,70590.945525
-143.437671,33,70603.41745
-136.732973,22,70612.993208
-163.595094,27,70623.843392
-117.046372,32,70636.407991
-123.834369,28,70647.720215
-239.707509,32,70660.347036
-164.576759,28,70671.625099
-80.593772,35,70685.510979
-95.885379,41,70702.200529
-260.515048,8,70707.682268
-78.436153,32,70720.449324
-87.217699,27,70731.179452
-145.158358,29,70741.839269
-144.00768,27,70752.400779
-253.368795,18,70759.716279
-61.602395,30,70771.496132
-200.84557,25,70781.325331
-109.986373,22,70789.999146
-78.935717,30,70801.614197
-269.372365,22,70811.076211
-144.864823,19,70817.831875
-133.259549,26,70827.919925
-95.952919,26,70839.218356
-71.327926,29,70850.011765
-82.277605,27,70860.876652
-98.511589,26,70870.70342
-179.68383,23,70880.542387
-142.480152,33,70894.693485
-191.113484,30,70908.199172
-227.590827,32,70920.837167
-117.861529,33,70933.992471
-165.468421,34,70949.509297
-126.1525,26,70960.12652
-100.511352,26,70970.296619
-208.789681,20,70978.062948
-113.927749,28,70988.863898
-179.013867,27,70999.14771
-128.578766,33,71011.960926
-127.087096,25,71019.696915
-223.81832,32,71033.530701
-188.038907,24,71043.710557
-97.412738,28,71056.034812
-121.222448,29,71068.536079
-176.856119,26,71077.99927
-99.451058,38,71092.572116
-260.377595,20,71100.768443
-140.756157,29,71112.457039
-85.265795,25,71122.216711
-97.388053,23,71131.54289
-127.271829,23,71140.454314
-154.170152,29,71152.533435
-169.405125,20,71161.165474
-146.07805,29,71172.812703
-83.799518,28,71183.558187
-128.180388,42,71199.989472
-148.351803,33,71212.961157
-204.745668,24,71223.779245
-178.941281,27,71234.558502
-83.625168,24,71243.563915
-178.481251,22,71253.092512
-141.563832,31,71265.453518
-165.524637,21,71275.395798
-243.844025,25,71285.613527
-195.450602,17,71291.092208
-164.943147,27,71302.654497
-207.443537,22,71311.955416
-154.657333,18,71318.827502
-146.064617,26,71329.098929
-210.212119,18,71337.299195
-102.921961,30,71349.317941
-99.653074,21,71357.058515
-79.956775,33,71368.965648
-188.505733,22,71376.949776
-190.404541,22,71386.410285
-108.505683,28,71398.157373
-244.621777,18,71406.982684
-187.289907,25,71417.86203
-103.57063,33,71430.70195
-158.908136,21,71438.958738
-108.162019,21,71447.026235
-101.110362,37,71461.8581
-199.09524,34,71474.722235
-184.876811,21,71482.894958
-211.837953,33,71495.906053
-192.299758,28,71506.750174
-167.579325,25,71516.918676
-133.514338,23,71525.959491
-131.786275,36,71539.790565
-65.696217,25,71549.69645
-110.668559,24,71560.008421
-201.631569,23,71569.341692
-160.951518,25,71578.999368
-76.062081,29,71590.326196
-276.009941,18,71598.528958
-129.645664,22,71607.237434
-129.848038,33,71619.94649
-164.451493,27,71630.023451
-182.725812,29,71641.343442
-221.798636,26,71651.715585
-249.717729,23,71660.607473
-113.894379,35,71674.470185
-148.912199,26,71684.260077
-151.215442,26,71694.209689
-81.905971,22,71702.579606
-144.269321,32,71714.909239
-256.046789,21,71723.186949
-91.504576,28,71734.364673
-127.307922,30,71745.861204
-192.911647,28,71756.644911
-156.154208,31,71768.807548
-191.709057,24,71778.235731
-187.862339,26,71788.067009
-143.362224,22,71796.707817
-139.492297,24,71806.351339
-145.092784,29,71817.965701
-191.824584,30,71830.525117
-212.328375,20,71838.214768
-159.303197,16,71844.68892
-109.466037,23,71853.573442
-94.193772,31,71865.517801
-163.959452,21,71873.904457
-78.255946,33,71887.281516
-140.353276,27,71897.903765
-91.927111,32,71911.13007
-146.829426,27,71921.906355
-180.442369,16,71928.493266
-88.927999,28,71939.546954
-132.497856,35,71952.601544
-64.277174,37,71967.77855
-164.954501,30,71979.722383
-128.610459,20,71987.949571
-174.689128,32,72001.038601
-168.335767,25,72010.252712
-148.241935,36,72024.104486
-109.762311,37,72038.016255
-103.082338,23,72046.770099
-154.993288,25,72055.962482
-158.622063,30,72069.846141
-209.369554,19,72077.153804
-184.468136,31,72090.078444
-228.424456,23,72099.743401
-194.138614,26,72110.469686
-198.227882,20,72118.912226
-248.003871,21,72127.926526
-150.749754,34,72140.954152
-159.142389,19,72149.043427
-148.050738,29,72160.943715
-212.001017,21,72168.714832
-202.069114,18,72175.69039
-188.126093,25,72185.215478
-79.937281,24,72193.83767
-145.726091,28,72204.715674
-140.579227,29,72216.174574
-147.065053,24,72225.68128
-215.671821,30,72238.115163
-122.849703,35,72251.718894
-137.671935,33,72264.076659
-201.202686,30,72275.036648
-273.211876,18,72281.8705
-114.749066,22,72290.720119
-179.832416,24,72301.867734
-113.419835,28,72314.354538
-157.44202,21,72324.531832
-84.458316,28,72338.328733
-169.000003,21,72346.836752
-91.776607,19,72354.034354
-139.195195,24,72363.340717
-145.799767,26,72374.403409
-169.344462,25,72384.727536
-195.673822,25,72394.035276
-197.939302,21,72402.472854
-188.402129,27,72414.403618
-105.731993,24,72423.981697
-119.521157,33,72436.975928
-78.976214,27,72448.021126
-87.949109,32,72460.871959
-118.900199,25,72470.563947
-105.010722,35,72484.163988
-154.418453,31,72497.185035
-118.097638,28,72508.275668
-146.687579,39,72523.432401
-207.344009,27,72534.158733
-95.007335,34,72546.686122
-193.856006,29,72558.477784
-117.808864,40,72574.104998
-132.349123,29,72586.251168
-108.41068,22,72595.084669
-99.595232,18,72601.886275
-156.95859,28,72612.879612
-215.013654,19,72620.217425
-107.206264,25,72630.268795
-105.384685,34,72643.399073
-120.85358,37,72658.610693
-139.825783,22,72668.538354
-68.015033,30,72680.287041
-280.898486,18,72686.935558
-99.998493,35,72700.563215
-137.859227,33,72713.504177
-152.426207,27,72723.861473
-130.430142,33,72737.02176
-116.787343,32,72749.623193
-120.509965,35,72762.861087
-165.502579,25,72773.903084
-174.86417,25,72783.58101
-62.769284,34,72796.612413
-206.268016,25,72806.709879
-221.308458,25,72816.410153
-204.501381,29,72827.95931
-254.271464,21,72836.407584
-206.544822,27,72846.630599
-131.596344,25,72856.240473
-135.427681,32,72868.296333
-67.952929,30,72879.628872
-172.374211,32,72891.735257
-112.631239,30,72903.800196
-131.441244,36,72917.899641
-98.689639,27,72928.830622
-187.931088,25,72939.891604
-231.336848,21,72948.282984
-158.223983,39,72963.562575
-84.163255,25,72974.056075
-144.071106,25,72984.408355
-148.515424,22,72992.746491
-213.882994,18,73000.729745
-173.995817,29,73012.159621
-101.564344,30,73024.288014
-217.895544,27,73034.537685
-148.889393,19,73042.118753
-175.390355,18,73049.218465
-97.655476,31,73061.519118
-116.710175,33,73076.213416
-73.883733,28,73087.376045
-123.184524,30,73099.097009
-132.633643,26,73108.86542
-155.753746,26,73119.184983
-167.53116,24,73128.188098
-142.204741,24,73137.88249
-96.272157,24,73147.260506
-148.928198,37,73161.36623
-89.89865,29,73172.283259
-91.774124,31,73184.228156
-145.831731,27,73195.666447
-206.095694,22,73204.377922
-121.694671,42,73220.869482
-123.068645,23,73230.004943
-147.988861,24,73239.783301
-83.262251,32,73251.629892
-189.583318,25,73261.595542
-153.440488,28,73272.907793
-157.723086,27,73283.228578
-112.116768,25,73293.053625
-87.252134,29,73304.575476
-76.221605,26,73314.713891
-101.666506,27,73324.937446
-109.067645,28,73335.385616
-165.388954,26,73346.239039
-261.644849,15,73353.456188
-221.662412,22,73361.622307
-197.922513,22,73370.516397
-212.068431,24,73379.949478
-178.135273,24,73389.619164
-168.797345,20,73397.947287
-112.586294,22,73594.191347
-232.512433,21,73602.415809
-118.657954,34,73615.371211
-119.417459,32,73628.153765
-113.792781,30,73640.370066
-90.097417,33,73654.981609
-153.11318,34,73667.765927
-86.00046,29,73679.149364
-153.781303,26,73689.576089
-167.975169,33,73702.20934
-115.769436,35,73716.171436
-115.530722,26,73726.052299
-107.38351,28,73736.39717
-164.713347,29,73747.887869
-133.191297,24,73757.112833
-127.107529,28,73768.014415
-188.783119,26,73778.929957
-131.248297,22,73787.48436
-122.088198,18,73794.154598
-134.089735,27,73804.801867
-176.666954,27,73814.845384
-259.08909,24,73823.966765
-248.923641,26,73834.32605
-129.256508,41,73850.565348
-158.599648,24,73860.971081
-159.716334,28,73871.365944
-143.668533,26,73881.430305
-130.250736,25,73891.094729
-123.141406,36,73904.732265
-153.04767,32,73917.185729
-108.214768,27,73927.630794
-130.756914,28,73940.531111
-198.951134,20,73951.713351
-95.556993,14,73956.549601
-144.715155,22,73965.334532
-120.976658,24,73974.694303
-105.085048,28,73985.605623
-185.651375,26,73996.477607
-86.354026,31,74008.207829
-164.517433,26,74019.210828
-223.328697,24,74028.91977
-127.320209,28,74040.116053
-133.680963,29,74052.28861
-101.706682,48,74070.342366
-98.698995,34,74083.892432
-168.079235,28,74094.991136
-231.396756,29,74106.712783
-231.929538,20,74116.164397
-124.86555,35,74129.679726
-140.181428,25,74139.424084
-147.465938,28,74151.22865
-186.727494,20,74158.749254
-57.788323,36,74173.119972
-124.813409,20,74180.933192
-130.140438,37,74194.562108
-159.774188,27,74203.575952
-116.445077,32,74214.650018
-199.308842,19,74221.312032
-208.637858,22,74229.185837
-153.35161,27,74238.339197
-123.199996,36,74250.060735
-223.532613,31,74260.421397
-98.599076,26,74269.03661
-105.840735,33,74279.668373
-125.211783,29,74289.168095
-221.058906,25,74297.160558
-173.233173,25,74306.079461
-147.531822,25,74314.735794
-130.599817,23,74322.139774
-156.907221,32,74332.257729
-104.150368,29,74341.381055
-59.229385,30,74351.623394
-153.563616,25,74359.751816
-219.019855,26,74368.364049
-207.874327,27,74377.452779
-51.410274,38,74389.818235
-130.877068,30,74400.29988
-135.202905,27,74408.68646
-137.671509,32,74419.779381
-182.727493,24,74427.501579
-167.824196,25,74435.625752
-150.699631,34,74446.819721
-113.151751,26,74455.524444
-75.962879,28,74465.207058
-121.81619,32,74475.982149
-113.909958,21,74482.74785
-90.144348,33,74494.268816
-94.735202,23,74501.389839
-100.846739,25,74509.768412
-182.108883,21,74517.195802
-88.841684,30,74527.227874
-188.434768,23,74536.041497
-181.015347,23,74544.881143
-66.964135,44,74559.109493
-148.289042,36,74570.539292
-120.257431,27,74579.263679
-156.47297,24,74587.76824
-245.529383,19,74594.293131
-56.0875,37,74606.615725
-127.257339,30,74616.742078
-97.441468,34,74627.43352
-145.317586,29,74636.29702
-99.139152,12,74640.343883
-120.777465,31,74650.818319
-107.963231,29,74660.657849
-91.822655,41,74673.418331
-143.708833,34,74684.580992
-130.363611,25,74693.245734
-100.018342,23,74701.1237
-184.386402,26,74710.144854
-97.039121,32,74720.96178
-122.642165,29,74731.36981
-181.008278,27,74740.205601
-80.429763,32,74750.612405
-76.324567,29,74760.06271
-89.190332,44,74774.596525
-74.64559,30,74784.377496
-126.192025,33,74794.838569
-200.742543,32,74805.309272
-159.28949,30,74815.168805
-154.650259,34,74826.354573
-89.064837,34,74838.1359
-152.878428,25,74845.916431
-230.33,19,74853.224101
-126.243374,23,74860.956503
-113.605799,25,74869.255873
-131.770811,34,74880.267928
-166.157196,32,74891.468105
-169.587398,25,74899.652861
-98.7332,22,74906.648541
-169.68485,27,74915.569698
-191.145792,29,74925.141095
-121.990657,24,74932.90589
-99.135544,30,74942.788847
-80.226771,31,74953.6349
-56.999396,37,74965.477198
-183.541936,26,74974.176245
-224.460097,22,74982.228984
-73.551086,30,74991.835065
-63.503739,49,75007.827703
-115.524725,27,75016.591649
-123.081907,31,75027.013164
-171.482391,25,75035.863336
-65.309685,38,75048.504295
-91.476346,26,75056.836605
-182.431506,21,75064.038472
-137.405487,24,75072.413752
-161.84946,26,75080.70531
-110.238119,21,75087.081552
-115.91816,42,75100.780432
-81.930068,44,75114.978636
-112.973099,17,75120.416815
-52.606756,39,75133.365353
-158.590158,40,75146.001946
-189.128726,23,75153.04804
-108.569102,25,75161.554061
-144.160219,27,75170.411572
-75.127607,35,75181.923077
-165.042524,28,75191.514527
-115.646326,20,75197.740598
-141.927547,32,75208.049628
-248.567916,22,75215.630696
-179.424434,22,75222.971832
-174.30476,24,75230.589297
-100.076327,42,75244.14501
-181.569803,22,75251.134928
-73.908468,36,75263.70225
-71.507133,31,75273.765713
-115.116128,35,75285.112645
-210.21751,19,75291.848297
-202.399241,17,75297.620772
-174.262731,32,75308.652467
-112.796188,26,75317.377265
-78.283644,25,75325.697184
-126.704533,35,75337.903039
-51.57337,40,75350.781372
-140.249659,38,75362.937302
-130.825784,15,75368.165182
-135.164225,29,75378.640714
-210.873721,19,75384.977239
-95.262249,28,75393.848691
-204.011665,23,75400.941432
-127.501564,36,75412.837098
-105.783818,34,75424.296709
-142.925539,29,75433.477856
-252.338908,23,75441.499487
-94.273896,47,75457.281596
-107.265262,22,75464.372181
-199.433006,28,75473.682671
-154.478217,30,75483.873545
-166.413266,22,75492.184023
-73.246587,34,75503.223592
-142.116583,27,75512.284759
-123.321694,31,75522.745184
-100.181064,29,75532.113343
-153.878892,28,75541.503161
-104.003311,37,75553.541649
-139.169616,29,75563.167428
-163.695897,24,75571.065348
-165.646837,36,75583.323017
-159.828423,21,75591.170981
-130.422798,23,75598.838082
-154.996425,31,75608.832847
-92.977712,34,75620.402457
-90.91802,15,75625.293451
-119.20836,25,75633.915277
-75.902469,41,75647.261882
-159.140657,30,75656.927866
-100.033374,24,75665.075302
-91.350132,28,75674.09035
-87.03594,30,75683.85767
-107.772017,29,75694.476173
-252.511633,16,75700.344064
-99.575603,27,75709.357943
-141.428072,39,75721.964242
-187.537515,29,75731.623397
-139.063922,34,75742.669888
-81.946879,39,75755.628315
-162.81563,30,75765.369983
-59.56968,38,75777.924178
-201.324887,23,75785.895064
-178.061291,21,75793.525989
-102.263499,34,75804.740474
-258.433545,19,75811.826696
-128.602136,22,75819.299026
-165.528992,34,75830.124796
-94.714623,29,75839.309888
-92.381675,28,75848.674565
-186.9296,27,75859.830607
-132.541716,32,75871.231395
-84.835336,31,75881.375103
-98.141561,25,75889.848662
-87.659222,27,75898.771515
-159.277121,34,75909.340221
-124.570068,29,75918.929841
-139.794177,24,75926.964405
-94.149727,23,75934.349484
-119.16448,21,75941.438397
-71.06957,33,75952.15007
-84.658243,29,75961.640438
-75.2108,33,75972.218213
-118.472303,38,75984.547443
-156.112074,33,75995.74293
-99.044122,25,76003.756033
-180.105073,22,76010.955968
-150.405396,32,76021.777868
-65.929025,33,76033.31369
-202.713202,17,76040.513076
-256.519891,16,76046.690046
-61.524617,31,76056.755717
-60.382582,32,76066.946851
-114.818774,20,76073.391715
-192.392787,28,76082.478981
-162.210763,27,76091.31138
-264.983774,20,76098.025352
-83.059979,35,76109.550291
-66.94615,34,76120.346521
-154.819776,28,76129.624951
-88.40157,39,76142.635486
-134.760047,26,76151.161927
-180.707488,31,76161.530083
-108.887789,35,76173.247331
-137.705422,30,76182.598227
-100.311437,26,76190.899651
-120.506702,34,76202.032382
-166.784062,29,76211.765721
-142.690446,27,76219.834927
-108.883472,24,76227.741757
-96.200635,26,76236.458975
-130.226063,20,76242.706119
-167.604188,22,76249.718844
-148.304909,36,76261.492983
-97.848908,38,76274.210025
-69.817375,33,76284.9757
-164.653926,35,76298.162693
-51.795004,37,76310.071396
-128.394972,29,76319.651701
-255.323021,23,76328.004944
-245.67857,23,76335.790336
-133.306009,34,76347.503454
-68.16612,46,76362.174545
-145.173263,32,76372.517423
-158.11156,32,76382.27893
-109.196901,22,76390.428147
-96.377739,15,76395.245387
-161.302037,24,76403.541341
-150.329902,32,76413.617198
-80.055211,31,76423.553567
-164.513557,30,76433.369494
-173.63334,25,76442.125316
-154.466952,36,76454.228639
-97.482731,28,76625.782729
-82.852934,33,76637.110883
-111.537005,28,76645.948984
-192.209759,24,76653.44049
-121.169832,30,76663.503392
-202.558963,23,76672.101787
-179.61711,22,76679.391874
-181.991242,21,76686.068958
-183.372803,26,76694.532797
-71.15195,36,76706.178618
-121.92558,24,76714.327461
-187.949879,27,76722.981956
-55.412909,37,76734.998236
-199.381815,33,76745.808779
-115.602711,29,76755.532878
-96.170125,27,76764.772706
-75.438011,31,76774.85505
-168.033475,31,76784.737915
-128.516772,32,76795.226182
-117.213911,31,76805.280459
-151.77135,26,76813.890826
-141.072883,27,76822.658276
-172.126806,30,76832.176938
-63.105668,38,76844.862728
-109.59476,26,76853.379522
-135.942199,35,76865.074513
-106.250818,37,76877.354242
-46.553161,48,76892.907618
-109.25092,34,76903.706799
-151.167518,30,76913.459914
-82.377443,37,76925.524611
-89.406731,24,76933.652037
-107.076484,31,76944.317459
-62.983216,38,76956.685588
-201.600958,30,76966.405708
-205.429867,20,76973.066254
-84.125496,28,76981.891959
-199.725821,23,76990.046538
-52.043415,32,77000.130934
-82.828298,28,77009.275715
-77.348885,27,77017.889444
-115.093759,34,77029.147302
-142.999268,34,77040.060308
-101.839848,32,77050.85249
-103.036259,30,77061.268082
-148.268124,34,77072.199993
-121.301953,41,77085.197693
-169.579856,38,77097.915293
-269.310707,24,77106.423715
-177.098369,24,77115.568074
-154.307877,29,77125.719994
-73.862452,32,77136.461836
-206.593436,24,77144.79756
-108.845556,35,77156.729827
-93.317332,34,77168.03401
-228.287928,25,77176.462372
-106.916333,37,77188.439828
-96.954714,20,77194.810966
-126.059956,34,77205.722522
-87.063704,28,77215.082852
-224.9769,21,77222.788976
-111.708143,34,77233.708893
-100.869144,39,77246.500111
-92.883149,40,77259.300481
-58.46449,38,77271.812091
-129.677946,17,77277.512071
-158.14652,29,77287.872474
-80.262473,25,77296.571792
-65.295994,38,77309.049836
-168.187806,28,77317.98269
-153.091036,23,77325.375785
-114.895311,36,77337.292382
-96.40297,31,77347.384568
-316.692708,20,77354.17645
-134.930035,21,77361.390368
-160.18724,28,77370.611465
-120.875444,31,77380.480191
-138.832036,27,77389.843293
-144.196443,17,77395.536305
-191.163832,28,77404.384133
-98.574697,34,77416.520441
-171.709704,27,77425.428609
-119.40467,30,77435.548355
-66.160205,37,77447.529561
-154.091079,31,77457.191931
-100.473453,30,77466.944913
-138.576264,21,77474.326073
-196.399966,24,77482.535971
-165.945856,31,77492.865321
-121.456041,32,77503.231103
-128.400726,27,77511.820446
-247.534028,20,77518.360075
-175.480903,29,77527.911337
-112.355141,30,77537.725055
-168.284772,27,77546.907534
-73.237252,31,77557.641559
-154.393608,35,77569.111468
-97.706979,35,77579.949903
-162.227839,30,77589.56975
-93.198886,23,77597.36299
-69.995086,34,77608.487639
-93.860593,22,77616.269324
-108.788242,36,77628.902454
-88.811184,33,77639.531591
-159.590657,24,77647.578844
-144.426852,26,77656.300724
-138.119162,26,77665.489067
-245.975539,24,77673.37411
-57.316802,38,77685.533587
-136.964719,47,77700.860569
-142.086974,34,77711.735924
-144.927659,24,77719.966045
-213.619023,21,77726.616413
-111.749239,30,77736.203026
-74.490022,30,77745.730115
-113.159792,24,77753.67398
-162.425947,24,77761.492558
-145.542692,32,77772.023988
-141.646082,31,77782.163571
-124.038899,36,77794.315873
-74.204105,35,77805.918956
-154.305548,25,77813.968527
-130.056174,28,77823.429537
-175.556247,25,77831.769963
-161.601612,27,77840.879607
-141.166935,36,77852.72272
-76.377701,30,77862.191957
-202.286978,24,77869.934082
-125.114744,22,77877.982931
-145.009538,41,77892.957488
-129.799478,27,77901.434002
-175.76654,31,77912.006021
-78.594333,33,77922.706311
-77.996235,39,77935.430248
-231.144103,20,77941.651678
-141.363562,31,77952.885661
-102.214909,33,77963.703432
-96.319766,31,77973.892614
-186.4418,27,77986.332712
-115.165808,31,78002.973584
-114.811989,27,78012.79673
-209.489341,23,78021.884746
-208.110214,19,78030.325441
-77.882459,36,78044.805696
-101.238905,31,78056.956457
-193.170869,27,78066.12237
-141.038464,34,78079.030135
-143.503535,34,78090.778543
-147.874795,29,78099.936011
-139.683353,28,78110.018195
-112.531201,29,78119.746028
-100.008326,38,78132.395022
-158.273753,25,78140.642826
-161.980649,27,78149.361686
-164.149516,28,78159.50459
-122.558507,31,78169.377186
-98.111255,28,78178.492345
-78.612647,37,78191.142611
-121.309622,15,78196.246073
-102.228764,35,78207.955262
-94.64694,36,78220.027348
-91.113497,24,78228.087642
-67.141428,47,78243.290102
-95.89196,39,78257.137328
-85.018354,38,78270.484146
-108.371247,23,78277.882612
-98.741906,22,78285.922915
-159.497731,29,78295.381378
-118.140712,35,78307.385163
-146.46116,28,78317.61286
-151.873972,29,78327.367051
-64.078719,30,78336.876148
-177.767583,24,78345.831969
-175.870145,27,78354.682749
-109.167527,28,78363.859747
-213.807977,31,78374.338906
-64.035743,28,78383.594813
-55.654083,51,78400.748067
-88.63208,30,78411.412391
-76.5293,32,78421.702936
-116.406032,40,78435.326134
-142.329441,29,78444.60843
-95.955139,27,78453.350558
-154.920693,24,78461.140561
-119.89957,29,78470.689906
-172.110404,24,78478.996628
-61.113342,35,78490.792271
-316.447267,20,78497.104551
-68.973339,35,78508.286005
-93.557542,34,78519.247291
-90.563433,28,78528.834467
-93.288975,32,78539.186777
-37.290922,44,78553.694145
-67.066897,40,78566.402856
-124.062356,28,78575.693252
-130.247836,33,78586.971129
-108.030393,24,78594.728647
-120.294672,32,78605.197363
-38.143746,46,78620.337878
-43.1384,38,78632.256505
-124.818734,33,78643.010225
-124.896072,25,78651.010283
-66.553372,47,78665.881269
-89.47235,34,78677.088799
-95.979787,32,78688.026128
-155.648102,31,78698.035403
-67.445456,30,78707.871879
-122.339527,29,78717.41107
-134.17374,26,78726.155221
-121.103391,18,78732.138073
-176.743133,27,78740.776687
-68.457473,35,78751.947738
-111.035757,20,78759.417634
-112.429093,18,78765.41685
-155.732248,23,78772.894418
-159.515338,30,78783.209283
-104.883653,39,78796.190942
-131.144722,30,78805.651304
-111.960543,35,78816.754597
-96.071408,25,78825.032362
-129.067486,36,78836.386333
-110.243592,35,78848.040406
-104.858607,14,78852.887652
-97.958989,27,78861.833293
-109.165743,34,78873.3182
-135.855785,37,78885.106115
-60.31593,39,78897.61327
-164.756384,25,78905.612638
-195.329177,27,78914.2981
-70.608646,53,78931.59078
-84.582062,48,78947.317182
-128.214868,24,78954.943243
-83.568673,28,78964.010234
-102.302294,25,78972.521428
-90.849194,31,78982.582347
-59.621083,48,78998.242221
-98.584454,35,79009.387734
-96.528469,23,79017.241635
-85.217301,28,79026.441891
-90.056483,25,79034.851644
-89.433961,28,79043.685181
-45.197269,30,79053.39436
-48.489789,36,79064.981155
-158.782867,31,79075.82279
-103.3366,23,79083.227124
-88.239942,26,79092.084094
-98.666095,31,79102.048695
-66.045011,32,79112.213773
-177.214858,31,79123.522127
-152.545807,38,79136.280571
-123.077847,33,79147.140895
-187.085336,25,79155.385867
-92.745112,33,79166.383524
-71.825152,41,79179.528442
-130.151432,26,79188.13157
-80.650291,30,79197.921717
-119.099342,32,79207.771677
-55.414757,38,79220.854954
-103.646528,28,79229.807504
-108.736023,32,79240.09615
-131.927818,31,79250.360663
-74.608851,30,79259.92889
-141.394266,25,79268.345671
-221.893135,33,79279.133475
-111.656956,31,79289.047166
-76.299807,40,79301.670532
-102.470028,40,79314.520214
-189.187058,23,79322.245486
-45.258601,36,79333.970397
-105.734463,23,79341.790053
-180.952665,29,79351.368078
-69.035463,43,79365.001721
-87.348486,27,79374.028316
-69.179199,42,79387.089746
-71.657648,47,79572.804961
-78.962557,34,79583.670111
-87.521674,32,79594.142982
-88.44229,26,79602.347664
-58.017512,37,79614.565574
-253.83608,21,79621.920116
-128.684111,27,79630.81162
-203.725572,27,79639.724558
-48.484107,39,79652.60076
-104.743353,45,79667.525193
-146.733094,30,79676.624259
-164.620749,31,79686.523566
-139.479372,36,79698.244611
-128.35261,21,79704.994946
-207.301724,24,79713.812806
-107.17039,33,79724.122971
-65.607781,37,79736.311853
-162.997473,29,79745.947454
-85.675274,35,79757.773511
-124.949848,21,79764.693576
-137.62555,19,79771.027092
-81.955667,30,79780.564644
-153.894795,30,79790.324219
-131.509794,34,79801.15619
-130.821348,33,79811.993991
-48.481949,39,79824.518845
-292.230125,21,79831.69089
-140.959141,33,79842.647665
-130.708312,20,79849.70721
-144.193875,32,79860.11158
-54.735862,41,79873.820141
-97.181628,34,79884.686042
-117.26165,38,79897.389533
-126.241886,40,79910.282765
-74.92912,29,79919.415343
-237.474605,19,79926.138149
-87.235477,29,79935.51742
-145.838524,36,79946.640309
-91.993194,27,79955.149202
-141.655516,20,79961.615232
-179.517906,29,79971.570394
-122.41114,20,79978.847457
-90.939875,25,79987.200556
-114.484944,32,79998.243436
-114.933485,31,80008.247817
-81.606369,39,80021.148242
-97.12898,25,80029.906461
-89.464044,45,80044.76789
-81.249682,37,80058.901173
-132.83539,33,80070.220491
-162.668119,30,80080.2023
-107.181625,26,80088.417655
-87.179387,24,80096.082789
-79.725855,29,80104.780799
-125.814941,28,80114.259636
-60.831422,40,80127.300374
-147.222218,35,80139.335877
-171.950099,26,80148.028071
-235.384175,21,80154.81125
-61.374139,38,80167.488139
-108.737181,38,80180.05362
-209.794444,19,80186.331661
-86.881609,36,80198.652859
-168.862887,28,80207.819278
-53.884183,44,80222.115748
-128.915566,32,80232.935077
-65.619805,39,80245.432575
-176.309682,26,80253.61626
-86.496145,31,80263.701226
-106.275206,23,80271.538281
-66.490522,41,80284.791272
-102.766015,23,80292.520865
-50.090019,35,80303.603978
-121.315114,34,80314.391458
-113.06512,23,80321.954917
-96.625589,41,80335.396516
-116.858881,36,80347.139089
-174.720484,25,80356.600368
-115.898191,34,80368.094923
-228.846452,22,80376.232807
-102.587162,39,80389.267064
-78.532175,25,80397.178401
-99.078794,29,80406.711995
-84.925678,29,80416.789685
-129.596693,30,80427.20147
-129.965984,33,80437.952464
-134.675867,23,80444.915573
-97.953818,33,80455.82899
-64.825933,32,80466.058305
-142.011901,35,80477.215525
-217.231133,23,80485.054758
-44.124515,47,80500.46476
-58.547851,37,80512.611799
-142.178599,28,80521.379154
-90.869163,38,80533.636102
-81.411443,32,80544.075996
-80.616237,30,80553.765752
-183.711406,24,80561.369177
-102.78105,30,80570.734403
-99.873345,30,80580.912707
-84.71711,24,80588.917943
-102.571675,31,80599.035225
-51.665075,41,80613.282064
-167.706693,31,80625.233618
-99.239977,34,80637.077108
-100.96638,36,80649.644922
-38.417824,42,80663.641737
-107.644415,32,80674.241882
-138.732964,31,80684.333906
-127.104332,47,80699.986545
-135.654793,32,80710.239518
-132.086519,34,80721.410652
-92.30718,30,80730.943313
-113.119793,33,80741.773125
-90.203952,37,80753.35644
-168.625399,31,80763.850022
-138.656061,31,80774.130163
-92.243367,32,80784.740539
-143.396035,26,80793.69234
-93.540235,44,80808.168031
-87.185829,26,80816.614463
-105.955808,32,80826.691259
-95.919692,18,80832.40978
-112.990901,25,80840.850517
-35.312865,40,80853.582569
-144.126156,21,80860.131467
-117.76445,32,80870.371327
-98.022238,26,80879.169396
-175.047847,29,80888.481493
-187.781553,25,80897.001978
-95.083325,27,80905.340308
-142.308706,36,80917.156354
-159.214038,34,80928.008267
-87.984257,37,80940.202228
-123.52999,36,80952.421314
-147.79575,23,80959.520945
-96.443227,42,80972.976641
-73.552105,33,80983.797317
-166.070812,22,80991.189192
-72.102072,45,81005.726337
-177.998964,28,81015.495906
-78.528064,35,81026.809289
-141.325715,34,81037.729426
-63.271853,34,81049.883752
-151.843901,31,81059.941418
-104.248724,28,81069.649698
-93.632354,30,81079.596452
-107.107071,37,81091.763189
-265.319868,25,81100.162621
-216.748395,27,81108.746144
-139.604967,33,81119.331934
-111.513122,25,81127.486227
-68.7955,32,81138.278264
-99.188199,39,81150.888423
-92.732838,29,81160.480884
-76.783569,22,81167.771546
-186.029629,28,81177.264212
-77.673943,41,81190.5272
-125.469042,22,81197.563732
-78.665528,41,81211.163022
-82.999582,18,81217.516161
-120.483394,31,81227.709891
-113.436575,44,81242.235439
-229.549053,21,81249.643004
-79.980171,41,81263.670895
-124.092795,41,81277.34724
-144.603,35,81289.217365
-138.358347,17,81294.636045
-128.791281,22,81301.703096
-76.476192,37,81313.837812
-97.64277,31,81324.327719
-117.178435,24,81331.683947
-182.561932,27,81340.646159
-104.758885,24,81348.331994
-41.194726,39,81361.336072
-168.933755,20,81367.591787
-96.798321,40,81380.634287
-73.878447,29,81390.484695
-211.267207,29,81399.845421
-151.897271,27,81409.220312
-96.34674,21,81416.261017
-44.271088,33,81427.000822
-136.344672,30,81437.331648
-179.518266,28,81446.366495
-117.167964,36,81457.960866
-46.239009,45,81472.494573
-95.277089,30,81482.494932
-95.233981,32,81493.070364
-89.504085,28,81502.069603
-88.010132,33,81512.543825
-100.234019,40,81525.5311
-109.030755,30,81535.890728
-43.207088,44,81550.396096
-177.131476,34,81561.917236
-119.973184,32,81572.162983
-116.034846,33,81583.391675
-86.267813,46,81598.14166
-135.918654,29,81607.506642
-76.576511,40,81620.728134
-138.867922,48,81636.026618
-102.766479,28,81645.604274
-133.127851,26,81653.940043
-90.727024,27,81662.619012
-102.588895,25,81670.659194
-151.252355,31,81681.059204
-76.348202,33,81691.60196
-119.93877,31,81701.60198
-127.304573,31,81711.488137
-119.253503,39,81724.475139
-105.996786,23,81731.760936
-138.50794,33,81742.50673
-69.212414,27,81751.722764
-98.104038,40,81764.674859
-109.373842,34,81775.367201
-71.61591,36,81787.17107
-126.167596,23,81795.025485
-141.40535,29,81804.104692
-96.333171,25,81812.336542
-90.063272,44,81827.855314
-117.987789,26,81836.131946
-164.249786,20,81842.482762
-42.75909,41,81856.708344
-153.580271,36,81869.795317
-105.799871,26,81879.235565
-90.565602,42,81892.998325
-100.019983,43,81907.024974
-56.970142,39,81920.073179
-28.86798,51,81936.571411
-193.81847,24,81944.047617
-166.107793,39,81956.871277
-211.493104,29,81966.603613
-50.400015,41,81980.090955
-75.574174,36,81991.413588
-84.023087,34,82002.442547
-28.018772,61,82021.587293
-112.156139,32,82033.517138
-70.99042,32,82043.826142
-118.911012,36,82055.219091
-93.427,23,82062.908995
-88.04312,24,82070.762996
-165.169493,21,82077.812257
-117.283777,31,82087.586129
-111.25436,34,82098.892
-149.710313,20,82105.177313
-47.311926,47,82120.438523
-58.040742,42,82133.889597
-64.320874,38,82146.154995
-122.897804,36,82158.286338
-129.865286,40,82171.070018
-45.949572,51,82187.613678
-60.33684,46,82202.510502
-243.606306,20,82208.947998
-231.942057,14,82215.590271
-120.856159,35,82226.514974
-152.536511,27,82235.39922
-64.897703,34,82246.857298
-105.792983,27,82256.089962
-27.294682,59,82274.668325
-192.975537,30,82284.712424
-56.340478,44,82299.315535
-87.624099,41,82509.731739
-86.622804,28,82519.270531
-152.393913,31,82529.558137
-151.83305,27,82539.137186
-46.475248,36,82550.769861
-87.297589,36,82562.749716
-79.643246,33,82573.43037
-29.824028,53,82591.155135
-117.145746,45,82605.506147
-108.821942,37,82618.540465
-80.778517,31,82628.934226
-173.947917,33,82640.229944
-40.754979,52,82656.869024
10.065839,59,82676.720515
-62.893078,39,82689.411821
-79.016507,32,82700.255212
-64.878561,36,82711.706638
-103.218828,33,82722.279941
-73.50707,31,82732.255282
-116.176339,32,82742.290617
-108.67276,36,82754.486297
-77.450112,39,82767.267038
-133.721515,49,82782.532676
-73.542938,44,82797.499507
-77.576512,34,82810.185164
-136.582904,29,82822.183584
-86.32445,25,82831.681859
-124.870053,34,82844.272822
-52.894855,40,82860.870134
-82.242451,33,82873.866997
-33.610291,51,82892.755019
-101.670578,37,82906.702497
-68.674032,34,82918.420995
-73.776325,32,82929.287985
-26.642541,53,82946.690991
-54.163443,31,82956.999625
-100.608291,43,82970.831104
-129.103218,40,82984.236219
-13.628206,54,83001.957115
-96.552606,45,83016.45933
-89.218464,33,83026.922295
-65.768716,45,83042.62139
-144.77247,32,83053.854527
-192.380728,20,83060.280469
-82.235903,29,83070.326711
-62.885534,34,83081.193588
-57.77245,55,83099.13839
-162.107548,25,83106.797796
-142.640647,24,83115.382671
-104.968805,37,83127.550101
-165.166928,22,83134.856603
-93.312522,26,83143.333463
-60.978037,35,83154.904409
-95.105246,36,83166.555567
-90.32619,34,83177.877137
-81.811034,34,83188.663236
-61.144979,39,83201.326184
-84.343886,34,83212.162664
-189.855694,29,83221.977185
-60.053555,39,83234.751249
-47.615374,34,83245.690736
-28.490477,43,83259.605085
-91.543702,25,83267.778822
-46.923582,41,83280.988161
-64.398381,48,83296.866621
-262.244569,21,83303.713661
-86.837858,42,83317.059896
-85.328114,33,83328.132117
-118.264003,40,83341.642181
-105.259329,39,83354.524075
-74.181929,30,83364.047503
-79.641105,26,83373.016843
-93.470831,37,83385.044488
-108.251994,25,83393.299316
-52.305536,37,83405.714772
-122.301724,29,83415.469166
-153.055171,26,83424.297352
-102.23565,45,83438.75784
-60.485058,38,83451.031703
-201.396227,24,83458.95699
-112.228362,24,83466.862093
-47.087453,35,83478.166223
-24.620619,49,83494.282734
-90.316025,32,83504.537977
-17.570701,50,83520.317978
-78.37591,56,83541.206779
-57.476215,40,83554.152317
-114.874205,27,83562.69593
-74.033884,29,83571.99716
-72.983907,41,83585.465255
-87.228388,43,83599.677589
-130.503486,28,83608.613059
-135.094379,25,83616.585452
-173.691218,23,83624.236088
-93.990502,43,83637.771586
-73.748294,35,83649.020078
-64.654035,30,83660.020957
-103.435459,23,83667.357391
-80.412382,47,83682.964315
-103.70037,27,83691.317589
-100.166263,25,83699.246676
-59.802313,41,83712.648854
-100.612619,40,83725.548299
-111.168264,35,83736.985401
-11.643726,54,83754.71633
-120.504525,24,83762.310293
-75.80629,35,83773.865078
-203.452591,23,83781.076457
-119.800013,27,83789.708285
-83.738694,36,83801.625205
-163.062872,30,83811.049667
-74.571055,46,83826.29776
-124.682555,37,83838.163284
-104.481495,26,83846.973979
-67.964341,43,83860.797921
-91.041161,30,83870.167496
-221.735056,21,83877.05282
-85.526654,34,83887.798329
-58.442023,41,83901.224774
-71.448227,32,83911.891303
-121.846142,36,83923.383671
-199.548852,28,83932.214226
-83.93289,48,83947.794608
-168.262998,30,83958.254266
-26.040319,66,83979.862997
-86.995745,32,83989.745014
-68.052924,33,84000.646452
-64.31041,42,84014.222578
-61.455864,34,84025.291787
-210.065133,20,84031.714039
-82.181739,44,84046.618409
-55.392545,40,84059.497047
-68.413884,45,84074.100391
-132.891991,33,84084.579098
-129.039586,31,84095.025643
-133.369649,34,84106.059322
-100.181453,27,84114.890055
-80.918394,34,84125.893619
-94.096818,33,84136.501917
-128.451354,44,84150.903438
-79.852879,30,84161.106328
-145.327664,37,84172.895303
-152.533412,22,84180.221541
-62.857057,47,84195.457409
-39.357281,64,84215.887446
-60.675709,40,84228.761673
-71.860133,38,84240.952522
-160.930436,26,84249.759767
-116.148147,35,84261.623495
-132.505432,32,84272.130448
-71.889098,27,84280.644393
-52.908346,42,84294.566728
-110.793992,46,84309.634348
-54.242368,34,84320.926445
-180.80494,28,84330.11236
-70.776508,30,84339.605004
-34.756643,51,84356.092118
-86.16862,21,84362.815134
-131.49275,37,84375.191343
-76.751265,41,84388.328693
-47.98781,42,84401.469007
-82.708957,32,84412.015971
-48.269142,47,84427.4147
-104.662803,26,84436.019493
-155.596524,28,84445.099053
-35.709888,41,84458.570135
-201.198346,38,84471.058434
-226.918757,28,84480.336513
-206.185578,23,84488.012779
-90.381775,27,84496.92191
-44.117465,48,84512.241526
-102.37228,31,84521.825081
-91.559096,36,84534.210481
-109.681387,35,84546.178628
-89.922432,31,84557.054399
-62.497146,35,84569.70096
-64.805858,41,84583.278255
-118.660796,53,84600.26265
-138.604043,34,84611.658066
-51.919449,37,84623.74797
-54.707415,49,84639.565189
-67.715906,36,84651.364352
-52.286954,48,84667.33883
-4.080968,51,84683.835736
-37.883643,40,84696.648979
-143.11219,19,84703.106027
-67.004877,35,84714.189783
-130.684626,19,84720.792789
-194.882428,20,84728.732829
-33.582707,56,84747.063555
-86.447718,33,84758.155169
-61.731963,33,84768.904833
-79.162886,39,84781.166842
-73.912597,36,84792.84456
-92.758051,26,84801.077037
-72.249947,35,84812.291382
-36.19792,46,84827.321246
-145.260157,30,84837.211913
-94.014243,47,84853.624234
-122.411738,24,84861.385689
-82.162964,31,84871.612598
-127.726847,29,84881.047926
-98.137556,55,84899.104509
-49.661316,43,84913.37237
-103.773702,34,84924.199647
-90.774386,51,84940.769095
-99.649134,42,84954.166408
-155.257661,32,84964.267507
-71.017199,28,84973.649634
-71.913503,38,84985.6208
-36.752865,43,84999.087846
-33.637357,53,85016.298955
-67.093825,36,85027.656725
-20.120509,54,85044.899954
-34.482708,40,85057.676595
-140.978741,26,85066.251653
-86.253713,34,85076.989048
-125.403969,42,85090.544363
-91.508173,38,85102.918813
-134.705367,25,85110.957839
-87.423642,33,85121.498439
-27.546211,46,85136.431725
-92.969921,24,85144.251328
-71.83482,45,85158.905879
-75.902587,44,85173.183815
-79.423227,34,85184.150185
-105.923501,34,85194.804501
-88.074048,31,85205.18692
-139.352493,27,85214.693605
-54.631178,49,85230.76561
-125.678094,44,85244.833148
-106.188825,42,85440.95917
-135.22788,30,85450.79429
-76.077246,34,85462.565985
-61.130973,61,85482.030366
-102.304614,47,85497.915318
-125.842039,34,85508.697979
-118.216226,44,85523.659492
-80.836515,36,85535.449467
-225.581754,18,85541.959473
-116.928082,39,85554.510019
-140.315494,28,85563.945179
-100.017165,32,85574.078834
-50.86506,44,85588.186902
-34.932664,43,85602.114221
-36.689438,44,85616.576883
-144.71852,37,85628.745512
-53.352692,48,85644.091278
-141.047197,34,85655.21954
-85.284859,39,85667.728207
-7.691468,53,85684.805273
-166.489575,25,85693.324648
-61.502099,49,85709.161525
-11.912319,50,85725.144452
-73.960869,27,85733.806328
-108.116854,27,85742.969686
-140.762712,37,85755.636745
-111.124407,37,85767.268623
-65.928845,39,85779.88894
-99.547404,31,85789.67028
-53.082517,36,85801.296687
-73.316024,58,85820.025172
-43.271784,40,85833.076352
-230.266791,24,85840.584009
-72.706078,35,85851.594195
-58.269113,39,85865.012929
-110.79914,39,85877.762383
-77.989489,30,85887.723881
-35.242787,53,85904.717623
-38.056744,40,85917.357685
-170.004067,28,85926.143093
-54.04432,49,85942.348213
-45.970368,43,85956.06888
-65.557222,37,85968.2537
-67.750155,46,85982.982018
-122.780646,23,85990.60868
-79.097272,30,86000.518019
-79.390603,32,86010.526764
61.807933,81,86037.361788
-91.855425,37,86049.373818
-82.105364,27,86058.24577
-124.304048,31,86068.701401
-37.508028,39,86081.763492
-134.305993,28,86091.132004
-111.351907,31,86101.374958
-84.204893,32,86111.731415
-59.856664,35,86123.155203
-156.122811,27,86131.732473
-30.262984,43,86146.046588
-70.93583,39,86158.733432
-101.656582,39,86171.560063
-133.999862,38,86184.266063
-164.037246,40,86197.184933
-145.870564,27,86206.041916
-45.362505,46,86221.319825
-166.309959,28,86230.491636
-29.852678,45,86244.76662
-109.742723,35,86256.021461
-48.109802,44,86270.39245
-55.115282,33,86281.418243
-84.301514,28,86290.445667
-134.719337,29,86299.961162
-54.367299,45,86314.654828
-85.924264,41,86327.822078
-19.802519,41,86341.052768
-185.770311,32,86351.432614
-62.47355,46,86366.371176
-15.083711,47,86381.759409
-8.534053,54,86399.407611
-65.95236,36,86411.791075
-8.403182,49,86428.041512
-56.426959,46,86442.864195
-140.782021,41,86456.321628
-74.797839,37,86468.312096
-60.83654,45,86482.731226
-83.363183,29,86492.227689
-70.240784,36,86504.105647
-162.400064,35,86515.441481
-172.217018,23,86522.709332
-59.498967,44,86537.160018
-69.469875,39,86549.648894
-124.76099,43,86563.570099
-104.195409,30,86573.651787
-82.697897,44,86588.022058
-49.668364,44,86602.867915
-96.205117,37,86614.520527
-61.31305,36,86626.399744
-122.194623,36,86637.957397
-136.026758,27,86646.678648
-65.014781,33,86658.783728
-80.619311,36,86671.975453
-16.456862,61,86692.171841
-119.336023,31,86702.524966
-116.425663,35,86713.910816
-113.429578,38,86725.986494
-60.84973,41,86740.27122
-73.019804,33,86750.823144
-63.940647,40,86763.49948
-52.937494,42,86777.446547
-60.808702,35,86788.789736
-86.557092,50,86805.174116
-38.57539,46,86819.843862
-17.459031,51,86837.358721
-59.207181,48,86852.602663
-35.353719,51,86869.202933
-195.006628,29,86878.803681
-72.245842,41,86891.912841
-118.961323,34,86903.056338
-94.493395,38,86915.328387
-88.936099,32,86925.644282
-83.681995,50,86942.14819
-89.451337,35,86953.969104
-93.360726,39,86966.576008
-77.945667,41,86979.719151
-48.036785,50,86995.595197
-58.553137,37,87007.198082
-71.66282,32,87017.542117
-60.002984,52,87034.173167
-133.372003,30,87044.15836
-33.963098,39,87057.036074
-76.782221,41,87070.198585
-79.602482,37,87082.855466
-75.424058,37,87094.649293
-52.316608,41,87107.564018
-47.073695,51,87123.749155
-32.933009,41,87137.074859
-55.004243,37,87149.034223
-21.869534,53,87165.888697
-84.951173,41,87179.108111
-23.354559,53,87196.044008
-33.614712,49,87211.746345
-150.352435,39,87224.182571
-78.164485,31,87233.934493
-152.267616,24,87242.019427
-78.993363,42,87256.936025
-70.736137,31,87267.293388
-107.185411,40,87280.010413
-75.908749,35,87291.125468
-59.165726,34,87302.4309
-34.174974,44,87317.132869
-77.563219,34,87327.996166
-46.017931,50,87344.190643
-41.795368,40,87357.155887
-193.367348,28,87366.344275
-22.669,50,87382.175437
-115.569326,21,87389.185939
108.96336,95,87420.888775
-41.684974,52,87437.720917
-59.007212,46,87452.906132
-60.196624,43,87466.846352
-77.463358,37,87478.522838
-25.83362,67,87500.3926
-134.411298,33,87510.759602
-56.23384,48,87526.276134
-106.095931,38,87538.17785
-61.228496,44,87552.903352
-30.375907,57,87571.36838
-65.172275,35,87583.046563
-196.819421,41,87596.316823
-50.26565,42,87609.64963
-40.791599,49,87625.499822
-2.921052,59,87644.457732
-77.471052,33,87654.754158
-82.930355,36,87666.059424
-62.55492,35,87677.345044
-117.084276,46,87692.107313
-74.975344,39,87704.656051
-189.300326,32,87715.469087
-70.890302,35,87726.196917
-66.540572,36,87738.074454
-108.207931,33,87748.995702
-44.905385,47,87764.019359
-98.821823,38,87776.087099
-88.543039,38,87788.200647
-89.907232,46,87803.594292
6.095137,60,87823.193339
-71.224857,25,87831.135742
-92.842902,46,87845.986766
-74.973951,35,87857.813574
-23.431017,45,87872.695479
-8.76151,73,87896.467951
-90.097089,31,87906.692339
-55.227042,44,87920.855529
-81.978398,37,87932.676518
-22.978172,52,87949.73576
-139.620199,32,87960.056886
14.961071,75,87984.258111
-55.205587,44,87998.486655
-63.538855,38,88010.636793
-91.517911,26,88019.18008
-150.85376,31,88029.082576
-102.989757,29,88038.176992
-27.123245,47,88053.411294
11.370223,57,88071.565758
-61.028115,50,88087.892243
-33.198942,44,88101.944928
-91.961572,28,88110.933702
-20.636446,54,88128.122844
-42.596714,47,88143.316745
-23.98873,55,88368.090457
-29.523886,42,88381.815467
-88.999503,34,88392.99263
-93.025533,34,88404.012602
-43.785487,51,88422.404004
-128.391339,32,88433.041955
-70.313207,37,88445.251085
13.710226,65,88467.858493
-134.830016,33,88479.060906
-124.443119,35,88490.489491
-85.467533,48,88505.818882
-146.139944,38,88518.162737
-36.475301,49,88534.147691
-53.508225,50,88550.17962
-29.754463,46,88565.118007
-77.702175,41,88578.865357
-71.996188,38,88590.938869
118.587294,98,88622.72753
-115.843381,39,88636.102806
-44.077337,44,88650.139612
-26.387873,39,88662.939445
-88.786788,32,88673.626654
-61.357053,35,88684.790004
-96.846368,43,88698.288383
-161.245142,38,88710.331119
-26.761307,45,88724.770282
-3.757956,53,88742.051265
-70.021083,52,88761.245204
5.371374,51,88778.076256
-11.616718,56,88796.321703
-74.43752,33,88807.261885
-43.445061,48,88822.937066
-20.515373,49,88839.407915
-24.669816,44,88853.274308
12.983536,75,88877.465294
-4.508065,58,88896.311685
-58.162554,35,88907.738158
-49.710379,42,88921.276377
-32.362577,49,88937.284068
-71.446592,40,88950.282668
-108.263099,45,88964.899023
-45.65484,45,88979.674991
-8.413839,60,88999.255105
-95.563884,36,89011.133603
-65.199488,43,89025.221688
-16.751298,53,89041.920197
-61.489311,43,89056.661831
-104.504746,29,89066.31071
-45.019042,40,89079.401761
-38.565031,54,89096.422841
-45.667387,47,89111.641596
-8.373377,56,89129.616006
-79.163094,38,89142.031904
-44.641467,45,89156.672266
11.003328,67,89178.632781
-38.896597,37,89190.613122
-78.446856,37,89202.438547
-72.46095,37,89213.814305
-55.821026,37,89226.068619
-65.870155,44,89240.781246
-112.27894,43,89254.34866
-94.785312,36,89266.137967
-74.203423,36,89277.85714
-53.078315,38,89290.838729
-14.71607,52,89308.296656
-88.471828,31,89318.233814
-73.871138,35,89329.621518
-56.563499,34,89340.383612
-24.450812,45,89355.729841
-49.121926,44,89369.832302
-33.354933,41,89383.410394
-71.721136,33,89394.003761
-104.308552,42,89407.930711
-85.137474,28,89417.522386
-10.136242,64,89438.120186
-48.715,32,89448.090266
-44.994883,42,89461.839837
-79.27285,40,89474.733269
-93.382175,43,89488.561525
-70.174253,53,89506.243848
-153.246749,25,89513.997676
-61.523707,43,89528.016619
-41.014066,46,89542.997708
-16.342402,68,89564.717952
-43.340219,47,89580.000449
-56.821966,55,89598.022549
-42.434907,36,89609.757347
-53.564538,48,89625.377102
-35.719255,41,89638.957053
-4.178913,58,89658.422459
-71.865152,53,89675.309044
-82.458705,45,89690.225104
-204.613348,36,89701.886565
-45.117378,43,89716.462931
-23.346894,51,89732.504577
-47.987101,42,89746.358955
-4.560524,67,89768.260219
-80.620959,29,89777.578905
-20.21659,45,89792.291492
-57.383226,57,89810.521442
-28.085411,58,89828.977164
-77.841292,40,89842.131427
-31.907744,46,89856.834479
-42.593824,44,89871.085968
-102.908133,39,89883.554417
-156.114808,37,89895.871659
-10.675956,59,89914.678679
-123.568697,31,89925.184573
22.004121,68,89947.373308
-62.166616,50,89963.719364
-53.712138,37,89975.880805
-73.428051,36,89987.093533
-97.361139,32,89997.525383
-28.653904,42,90011.078367
-57.079273,37,90023.565098
-24.60412,46,90038.600789
-49.139656,44,90052.817187
-106.511389,34,90063.685389
-27.689285,70,90086.823485
3.560631,65,90107.341843
-10.087257,55,90125.240704
-86.889414,28,90134.73417
-148.798975,50,90151.12868
6.087582,55,90168.558148
-40.497087,43,90182.321446
-104.161144,39,90194.896277
-45.771456,46,90209.798908
-52.464305,60,90229.075913
-42.197823,39,90242.224538
-1.244492,67,90264.815843
-22.214696,55,90282.481687
19.352753,67,90304.149827
-15.576264,51,90321.018849
-60.101386,42,90334.137784
-48.101488,39,90346.85234
-50.07539,39,90359.530753
-40.854801,58,90378.840931
48.242431,73,90402.713992
-95.24877,32,90413.064667
-139.079596,38,90425.504376
-26.50592,51,90442.322307
-57.241899,30,90451.928049
-127.627967,46,90466.218648
-0.106272,56,90484.234916
-120.376654,36,90496.418877
99.605093,92,90525.832307
-163.762305,39,90538.056265
-116.096412,36,90549.687088
54.230548,86,90577.705289
-35.480643,43,90591.831076
36.349886,68,90614.341554
-7.430442,60,90633.767668
-24.724414,50,90650.103572
8.22513,57,90668.745829
-96.283056,42,90682.175753
-54.807127,50,90698.724801
-77.426687,50,90714.627951
-66.126342,46,90729.774751
-76.184694,33,90740.575841
-26.069284,52,90757.060793
20.722213,62,90777.710164
-49.183485,47,90792.866875
-18.605754,64,90813.786938
-67.69683,38,90826.098999
-49.366811,43,90839.987486
-83.293472,32,90850.394171
33.068985,70,90875.636206
-51.423205,63,90896.411442
-111.324527,24,90903.948602
-74.788257,47,90919.275956
4.902827,54,90936.22016
-74.157905,32,90947.201752
-71.641651,51,90963.696917
-336.070747,29,90973.041544
-68.96913,48,90988.310295
-72.089305,58,91006.75862
-48.555047,40,91019.734853
-13.964257,54,91037.274326
-110.792645,27,91046.323741
-38.628349,44,91060.570913
17.936684,65,91295.115674
-44.62999,45,91310.054337
-55.351001,44,91324.182363
-50.753737,37,91336.388708
-81.689597,26,91344.739972
-109.969065,39,91357.497845
69.72244,82,91383.351365
93.209644,102,91416.688539
34.120792,64,91437.965733
-48.47482,43,91452.519965
-35.557948,41,91465.991574
-234.297761,35,91477.573164
36.885105,66,91498.63048
-53.315449,45,91513.370793
-95.019836,38,91525.396497
-25.049627,49,91540.880183
90.918353,87,91568.803062
-60.48453,32,91579.332637
-6.795142,54,91596.638388
-28.66096,62,91616.554435
-47.221197,40,91629.415698
-49.340898,36,91641.280547
7.456795,73,91664.743611
-75.207496,44,91679.393004
-26.491379,46,91694.261807
-31.175377,52,91710.8659
-4.173147,60,91729.981191
26.359585,65,91752.13704
-11.077359,60,91771.861494
13.016778,62,91791.673492
-30.779091,50,91807.843822
20.613753,62,91828.292811
-82.04412,40,91840.830608
-53.56881,41,91853.701854
-125.650478,40,91867.106657
-35.106479,46,91881.853052
-74.711201,34,91892.450416
-37.716299,54,91910.138227
1.258697,52,91926.867913
-8.705289,60,91946.381036
-46.886091,40,91959.01397
-94.644173,45,91973.256522
-18.614945,50,91989.112146
84.729587,79,92015.108043
-29.831572,54,92032.821186
-59.500809,37,92045.113138
-33.439319,42,92059.425511
-88.180219,42,92072.745628
-56.799377,54,92090.169073
-48.060127,53,92107.681852
15.028596,65,92128.564795
-24.242267,43,92142.717366
-43.653388,42,92156.315545
-32.250808,43,92170.127131
-64.255836,49,92186.724827
-7.964738,51,92202.988527
12.578699,72,92226.907309
47.281457,69,92249.520447
-63.503748,35,92260.807134
-71.669471,35,92272.190227
25.804152,74,92295.981296
87.305385,91,92325.349582
169.431018,114,92363.145939
-77.068126,44,92377.441837
-48.458992,46,92392.518003
35.1314,64,92413.804528
-28.511844,45,92428.256342
-74.057345,32,92438.794279
-28.307474,57,92457.302525
-53.445985,37,92469.027827
11.389655,56,92487.091727
40.090569,71,92509.477435
13.075639,62,92529.741416
-6.905576,56,92547.656989
-16.04708,53,92564.747922
-2.454693,57,92583.04407
-5.496128,54,92601.062564
-77.258775,27,92609.118555
-33.059539,51,92626.197492
-15.383869,59,92645.97451
-45.211846,43,92660.387691
-4.214385,62,92680.582902
-19.850727,64,92700.976269
-109.55558,20,92707.232872
-82.604997,35,92719.130187
-19.787223,65,92739.886425
-44.69126,38,92752.231973
-64.220886,46,92766.807633
-14.876781,51,92783.25707
75.089518,83,92809.23218
7.966718,86,92837.353563
-37.769148,46,92852.460057
-68.89953,35,92863.697421
-55.297983,44,92878.041151
-12.429452,51,92894.478649
83.865962,81,92920.36308
-83.350539,55,92938.334498
43.940725,72,92964.792352
-29.490792,53,92982.22184
-22.031213,74,93005.89346
-22.831715,47,93021.233646
-98.937712,34,93032.423201
-62.453015,40,93045.385641
-42.689127,48,93060.654341
-65.999726,35,93072.725189
-92.4386,38,93084.668451
5.936541,54,93102.655344
116.028257,89,93131.598085
1.6523,59,93150.299024
-53.852235,44,93164.431596
-49.131245,37,93176.337055
-59.721285,33,93186.719944
-53.870935,43,93200.92822
30.549967,67,93222.432561
-19.461704,47,93237.877864
-18.815877,48,93253.579693
-60.863486,34,93265.067325
103.222575,99,93296.762032
-48.169377,35,93307.900435
2.821425,57,93326.33471
-57.4258,50,93342.157417
-80.397435,46,93356.90044
28.554025,77,93382.012116
11.598187,58,93400.578625
-51.190513,55,93418.083985
61.775339,88,93446.900076
-129.531636,32,93456.594699
-76.012644,43,93470.580981
28.56358,66,93491.523319
79.822578,92,93521.121091
-75.636072,35,93532.221877
-4.991571,60,93551.820859
-57.263073,36,93563.526511
-28.302545,48,93578.629148
-51.072133,50,93594.515344
-95.640028,43,93608.261221
94.37343,83,93635.319096
0.398873,51,93651.730808
-21.54611,53,93668.605838
-28.851347,45,93683.112286
-94.741321,22,93690.307525
-40.319858,52,93707.15289
-56.675925,42,93720.42126
-58.873786,34,93731.889243
-24.724474,50,93747.772205
12.096275,68,93769.967845
-56.601361,37,93781.702796
-49.375814,56,93799.750241
-1.196872,56,93817.620379
-7.49965,56,93835.585388
20.687394,62,93856.021965
-70.352613,39,93868.740042
-11.621534,62,93888.93242
4.629908,58,93907.448403
23.155931,57,93926.09978
-60.056823,37,93937.887346
-8.041835,60,93957.559938
7.552805,56,93976.213488
-25.322041,47,93991.399913
-27.844849,42,94244.6973
-3.055384,59,94263.240225
127.729705,92,94293.983596
40.261736,73,94317.350472
127.894452,90,94346.809265
-0.312382,66,94368.004502
-81.413725,46,94382.805556
22.974185,65,94403.579585
-32.46251,53,94420.943223
-38.310047,40,94433.486453
163.252721,107,94469.178223
-78.161396,66,94490.862162
146.899773,97,94522.172018
-25.423173,52,94538.899424
-81.080255,33,94549.682634
-46.241152,42,94562.782819
-62.169532,43,94577.070119
33.523007,66,94599.206257
144.045472,96,94631.232337
-48.743399,43,94644.966186
-28.668031,58,94664.002747
268.165744,127,94705.670355
-39.59809,48,94720.627526
-71.692889,53,94737.586788
-42.47538,62,94759.265355
18.442155,73,94782.192872
40.396064,66,94803.37093
101.972392,94,94833.92809
-23.959076,50,94849.675216
-46.192219,51,94866.314226
99.633448,88,94894.239225
-40.047798,53,94911.391461
253.124247,128,94952.715203
59.3112,73,94976.393063
1.220683,57,94994.549807
-76.746561,42,95008.004733
72.849663,78,95033.532055
18.101519,60,95053.47218
-23.177739,47,95070.635729
-10.042791,50,95087.000811
-74.102363,47,95102.084796
4.731323,55,95119.875344
101.1639,81,95146.323651
-4.076693,63,95166.279208
-13.311957,64,95186.626275
29.546409,70,95209.778661
-77.277581,41,95223.325637
11.292056,62,95243.97783
-45.478765,40,95257.005237
-1.386703,67,95277.918792
-45.399629,51,95294.726163
-7.383782,50,95310.938255
-30.80586,52,95327.512549
-6.205914,60,95346.835228
-18.792101,50,95362.743082
-28.590217,57,95381.038005
-53.70822,40,95393.581787
11.755199,56,95412.742322
-21.078396,53,95435.664037
-36.320285,43,95451.799806
-8.203562,58,95470.797485
-53.374061,47,95485.868695
63.141632,79,95511.19178
-48.111682,38,95523.62311
36.073137,72,95546.764886
-61.33644,41,95560.211788
-14.282438,48,95575.605092
97.099987,93,95605.295861
-34.257286,78,95630.426913
47.128826,69,95653.277239
3.485123,58,95672.247499
-3.470295,67,95694.365264
30.288141,62,95714.723537
84.97013,86,95742.012704
13.782767,71,95765.018249
-8.974515,54,95782.649952
27.187977,76,95806.967548
33.294748,66,95828.354442
76.407502,78,95853.279469
-15.040817,69,95875.618648
82.555924,80,95901.751557
83.486547,81,95927.376344
57.286482,71,95950.71341
-63.5437,36,95962.986152
58.299504,67,95984.645081
127.853035,99,96016.898535
2.402957,56,96034.786146
55.841793,70,96057.317436
-17.936407,52,96074.031117
35.723298,63,96094.061822
77.148409,92,96123.915361
-41.314978,52,96141.581121
-28.852609,40,96154.317037
56.014812,68,96176.657213
69.681411,84,96203.422425
84.249687,86,96230.930872
188.895992,107,96267.539243
25.290676,74,96291.218897
27.245876,66,96312.298991
-39.228844,43,96326.252021
-40.974749,38,96338.762806
64.758891,77,96363.361979
91.894402,93,96393.600452
70.739172,75,96418.33809
-37.734699,41,96431.590949
-40.736919,44,96445.942937
45.709311,88,96474.07323
61.268503,74,96497.874151
-38.554843,38,96509.91561
170.643603,119,96548.627501
242.111327,123,96589.165191
22.437688,61,96609.461048
-18.191692,47,96625.285093
13.581241,60,96644.528377
133.537362,99,96677.054046
-39.823545,39,96690.163289
1.514411,61,96709.446236
-34.525118,39,96722.326577
-19.523581,49,96737.953961
-50.460315,39,96750.922969
-13.710146,55,96768.53882
27.682368,64,96789.337172
-3.881096,55,96807.113747
-46.654712,51,96823.662817
75.657994,80,96849.223495
-10.680626,55,96868.297004
110.723706,82,96895.466474
136.08385,100,96927.216275
9.867335,62,96947.348269
-56.208541,34,97232.787283
81.229565,87,97261.825731
26.429495,68,97283.675331
64.739649,86,97311.759494
86.273971,95,97342.254757
140.504681,89,97371.060782
79.912761,78,97396.462744
40.301924,69,97418.419988
35.450507,68,97440.217057
-22.652133,54,97458.104342
382.144812,155,97508.931593
84.744886,73,97532.576359
44.106862,69,97554.842426
48.04879,68,97576.84614
4.366068,62,97596.869983
96.755623,93,97626.662937
-25.59401,49,97642.880352
221.107099,118,97681.235178
84.636827,86,97709.189405
41.337233,78,97734.354096
-29.700399,44,97749.505346
-11.330721,53,97767.449705
0.665814,51,97783.868115
535.846003,188,97844.91979
-13.227883,61,97864.613028
-19.201568,51,97881.112722
-23.597382,55,97898.575848
180.731446,113,97934.847737
78.830979,76,97959.725244
128.872935,108,97994.378048
60.181198,82,98020.705838
57.141242,68,98042.848889
179.776087,111,98079.745928
-4.666545,49,98095.779112
-48.723021,34,98106.536056
-29.384216,48,98122.457217
98.723878,91,98152.328443
-7.302923,63,98172.877539
-43.065922,43,98186.441523
66.652793,78,98212.207193
12.736431,63,98232.392414
115.214437,87,98260.750629
-2.820077,57,98279.039509
12.180496,57,98297.686809
375.047971,167,98351.426484
-23.103223,57,98370.116679
-20.508175,45,98384.534547
41.682768,70,98407.494867
141.760029,98,98439.239849
-34.021369,50,98455.389395
-22.893776,46,98470.280288
51.277229,75,98493.918818
94.373003,88,98521.739854
112.196498,88,98550.766888
95.12914,89,98578.752786
-4.208147,49,98595.26631
31.300085,76,98619.823272
51.662943,78,98645.157628
26.367803,65,98666.910324
22.892132,78,98691.73597
57.900105,75,98715.843549
152.411732,100,98748.614129
18.566539,55,98765.934255
-32.383705,43,98780.230539
31.165363,72,98803.243019
42.79801,68,98825.147987
15.426701,64,98845.761249
21.636392,70,98867.907859
29.237408,76,98891.896314
162.669048,111,98927.564382
144.829055,111,98964.072555
149.622278,102,98997.466604
134.877389,105,99031.830392
97.090898,83,99058.761609
-4.234987,50,99075.464542
54.978282,70,99098.208395
137.261008,96,99129.603146
316.184524,144,99176.253837
181.359106,116,99213.602324
38.008313,63,99233.899515
-0.830043,52,99250.32445
105.356942,94,99284.283908
49.678426,85,99312.154177
95.967249,87,99340.213009
144.642,112,99375.789637
44.81798,91,99404.728142
22.941716,64,99425.084987
126.413492,102,99458.059174
87.475981,80,99484.280009
45.589328,67,99506.178814
46.133236,71,99528.75889
-17.999093,48,99544.502601
7.074573,62,99564.425372
227.190686,123,99604.699594
-19.177756,55,99621.649158
-15.580344,51,99638.115325
-16.900121,49,99654.100055
12.255127,54,99671.609193
37.546176,70,99694.2239
26.961323,60,99712.867673
-33.572156,52,99729.720716
62.145331,70,99752.19518
5.240297,76,99776.39442
-54.654729,43,99790.46353
13.480093,59,99809.621294
15.964336,58,99828.452729
-34.76179,51,99845.011121
86.665718,82,99872.468754
204.167295,125,99914.135005
142.022998,106,100189.267649
113.388338,97,100223.023092
137.846508,93,100253.037038
377.684622,163,100305.679645
174.250239,111,100341.258828
82.078922,88,100369.927602
0.090757,50,100385.521431
13.069849,59,100404.543323
54.488061,76,100429.157013
39.369693,65,100450.893304
193.865224,122,100491.374568
42.063746,85,100519.652985
67.900632,81,100545.852899
139.932734,96,100576.727427
173.171896,104,100610.319205
109.086306,92,100640.020699
16.655879,63,100659.61674
-28.350269,46,100674.981329
-0.266224,69,100697.252843
10.680622,69,100719.480975
66.313484,72,100742.639037
200.464797,122,100782.743386
191.17778,117,100820.840046
211.666706,121,100859.661028
8.226586,62,100880.317329
110.009584,85,100907.749042
44.039806,74,100932.147274
4.294074,56,100950.410651
-7.181751,48,100965.670183
119.716137,105,100999.44458
37.013385,75,101023.299548
133.252534,96,101055.307618
127.097402,97,101087.038764
43.929122,67,101108.364201
351.406934,146,101157.946646
358.232172,156,101208.902914
424.819727,169,101264.028419
35.700679,66,101284.633631
85.885642,89,101313.430473
115.246152,89,101342.859167
98.380417,103,101379.496908
55.172507,66,101400.580652
100.977987,90,101430.242872
58.189687,76,101455.368541
4.770007,55,101473.527152
129.270014,106,101507.344025
-28.569101,56,101525.407989
-52.261511,39,101538.516225
162.954645,101,101570.883109
-17.083803,55,101589.125681
233.463962,130,101631.043087
49.801973,81,101658.642999
53.505237,86,101686.399526
29.148995,71,101709.30376
130.949934,95,101740.356563
-34.126468,53,101757.709446
25.388782,66,101779.099666
-38.531403,50,101794.934477
297.707644,143,101842.269326
140.349724,105,101875.245395
72.70257,81,101901.649478
-8.056303,56,101919.860133
212.02754,107,101954.157933
3.776832,62,101974.151061
328.869402,143,102020.339278
-27.180258,48,102036.337026
38.401327,64,102057.493503
193.3116,107,102092.517087
111.019292,84,102119.79884
45.600233,68,102141.953779
208.953509,105,102176.024168
423.983347,170,102231.302239
125.26935,107,102267.199804
-24.147997,50,102282.743515
133.421788,105,102317.32543
72.438196,76,102342.110828
60.568151,65,102363.289042
171.617057,109,102398.261261
6.840057,59,102417.386354
16.729287,62,102437.587471
63.888605,72,102461.062294
50.296551,69,102483.209129
89.186525,86,102511.186483
-13.108393,60,102530.173933
171.836002,102,102563.16839
103.460016,86,102591.321671
142.728449,91,102622.375464
-29.172748,41,102635.835899
106.692311,84,102663.37481
112.847023,99,102694.690523
51.241968,76,102719.143483
119.438722,102,102753.130244
238.449279,130,102794.723705
-54.922981,46,102809.803074
310.433041,152,102859.835382
50.109517,73,103150.643281
181.165048,137,103196.556108
-56.872466,48,103211.841787
29.582456,63,103232.450768
178.867684,118,103269.732392
130.215347,96,103301.032547
13.754583,60,103320.3774
4.859975,52,103337.912757
94.489051,85,103364.781889
-49.466603,35,103375.439554
-11.690576,64,103396.266679
27.863039,64,103417.240628
71.549087,93,103447.090518
80.946632,84,103478.600415
250.885802,119,103518.29304
363.833171,148,103565.864918
88.394863,91,103596.105774
12.374372,60,103615.943479
163.388997,122,103655.194207
-53.993095,49,103671.79188
122.528022,96,103702.806458
147.44492,94,103733.486204
39.228995,72,103757.800724
213.386193,130,103799.189165
88.927074,75,103823.727369
136.223636,101,103855.971991
12.584334,73,103879.67271
57.489723,75,103903.990241
20.663254,60,103923.684139
59.054137,74,103947.945798
80.549575,77,103972.427166
16.568769,58,103990.833031
25.281177,75,104015.04501
185.457554,113,104052.187829
93.584864,84,104079.50767
142.833073,98,104110.515463
228.71789,120,104149.127754
254.488517,132,104192.645509
213.891637,124,104240.101319
25.641861,59,104260.889707
55.392457,71,104283.693996
63.602096,82,104310.210129
49.098457,68,104331.972103
43.636233,74,104356.15975
338.454397,156,104407.071967
46.559322,73,104431.117815
100.802414,83,104458.154139
101.437616,85,104485.409852
63.211944,72,104509.120985
51.297237,90,104540.523168
259.801136,129,104582.444279
250.571539,122,104621.844548
76.558152,90,104656.115295
58.787093,73,104683.632589
31.752538,76,104711.524416
64.698049,75,104739.380646
182.99597,112,104776.321152
580.93055,199,104841.449679
103.662393,92,104871.105322
57.442091,85,104898.073991
162.221367,103,104931.244313
8.630874,77,104956.50594
111.946691,93,104986.82314
72.555511,94,105017.447835
15.610994,66,105038.698564
123.819316,83,105065.206945
41.985133,67,105086.639459
96.772361,88,105115.295837
63.257299,72,105138.331531
25.765748,62,105158.856814
22.416451,56,105177.362422
33.4038,69,105199.792909
48.95706,71,105222.365256
-14.728466,49,105237.993032
-19.041137,57,105257.06687
49.66946,79,105282.82806
85.313735,85,105310.019672
141.051625,102,105343.179801
290.941647,130,105385.14549
-81.452078,41,105398.202686
41.910617,72,105421.471393
2.412357,55,105440.060374
63.280901,67,105460.969929
-25.948385,47,105476.071795
242.08419,137,105519.653769
227.859677,121,105560.485729
363.011783,147,105609.203861
34.50298,64,105629.607013
32.400496,66,105650.493248
-41.107455,44,105665.235922
-24.498015,42,105679.100803
51.891689,79,105704.530343
378.891448,158,105755.046215
441.347609,176,105810.806522
9.708132,52,105827.420883
93.109606,100,105860.538199
-1.823979,71,105884.2733
141.257525,102,106239.040111
138.637453,110,106274.079273
-14.627719,57,106292.656411
242.576752,130,106335.028967
187.858686,116,106371.414685
113.370048,88,106400.068738
543.511795,203,106466.107493
51.937118,70,106488.973267
-39.917158,47,106504.166144
183.300467,117,106542.211716
60.376497,72,106565.500907
528.847033,177,106622.525712
151.588928,112,106658.514086
73.199996,94,106688.885769
180.652481,113,106725.181357
-15.15094,56,106742.271592
138.21306,88,106771.680077
226.617308,134,106815.542583
127.485912,94,106845.633757
156.860363,94,106876.310139
-18.136113,45,106890.709569
129.161348,95,106921.10547
15.142762,61,106941.070724
35.73457,78,106966.625716
-22.305162,51,106983.18409
95.756143,84,107010.586457
23.944307,66,107031.884344
260.43405,130,107075.409527
119.366957,94,107105.089402
-46.782374,51,107121.847228
52.270466,71,107144.582891
-13.238883,50,107160.326864
113.308306,96,107191.261186
63.126821,80,107216.819116
0.06213,56,107234.913517
24.827217,81,107260.402061
125.640206,107,107294.667864
86.4308,86,107322.161143
277.627242,126,107363.818892
6.051501,54,107381.760276
-9.341707,67,107403.518047
28.808734,73,107427.002656
618.73878,213,107494.63648
25.901301,58,107513.505316
308.071062,141,107558.490294
117.298023,97,107589.91314
39.08387,66,107611.308238
188.103564,120,107649.693902
92.60755,85,107682.325135
14.83609,64,107704.319617
17.336674,61,107724.759991
97.256146,94,107756.966747
121.84954,94,107789.460167
124.13496,99,107823.748432
133.725796,92,107854.137528
50.309456,68,107875.935763
106.006115,92,107906.041205
183.04004,103,107938.803322
522.806703,179,107996.668658
86.975349,98,108028.158239
189.226883,117,108064.503019
131.47413,96,108095.567692
677.955155,209,108162.285943
173.019956,106,108196.416319
49.693711,88,108224.323253
60.209725,72,108248.255128
97.934698,103,108281.995859
109.270113,97,108313.565501
174.000578,108,108348.700888
48.247474,75,108372.923592
132.655001,101,108405.120232
147.723826,104,108439.173749
21.689713,67,108460.89949
248.804012,129,108501.747624
-20.520048,58,108520.002227
254.621997,134,108562.769527
43.868149,70,108584.884492
24.615529,65,108605.684105
157.468462,114,108642.803549
244.112219,128,108683.404681
160.612467,105,108717.570644
-18.782017,53,108734.369056
-25.860058,55,108751.306257
34.583731,62,108771.258875
653.727317,218,108842.097038
76.147703,84,108869.152496
21.446314,66,108890.375054
142.425379,101,109248.501083
109.979658,109,109283.72366
121.44473,89,109312.756608
620.133849,213,109382.349303
135.70733,99,109414.345733
336.365717,154,109465.802926
116.269296,85,109493.666647
68.271658,81,109519.941436
37.702762,75,109544.186306
38.713089,74,109567.818067
36.451875,76,109592.766752
66.87704,74,109616.85468
-32.714785,48,109632.826527
252.896519,127,109672.994675
-21.729604,52,109689.936747
266.837259,126,109730.83663
847.121068,255,109816.272986
-23.753213,55,109834.56118
316.745302,139,109879.326771
261.201821,139,109923.377328
455.399094,180,109981.424597
-31.095157,53,109998.595799
20.936207,80,110024.308117
555.106657,197,110089.164853
375.705243,164,110141.728239
125.731449,95,110172.057801
-70.033426,29,110181.095567
923.094101,270,110267.344773
472.759076,178,110325.100075
38.624187,66,110346.703282
179.303791,112,110383.292683
783.09483,231,110458.444257
75.625076,79,110483.412166
142.322738,102,110516.689307
162.741991,102,110549.591674
495.150773,177,110607.307945
25.010091,72,110629.842673
93.322138,80,110657.072411
-11.55315,50,110674.031397
233.374933,125,110714.903357
18.180974,66,110735.670008
173.165132,99,110768.118652
156.059372,106,110802.205502
396.293362,162,110854.485265
444.937448,174,110910.664067
1142.108634,288,111002.229672
99.376025,86,111029.525908
45.099171,69,111051.289016
67.38107,76,111075.71647
65.795743,73,111099.139297
168.465012,100,111131.115165
305.914462,140,111176.743163
-48.861833,67,111197.697722
86.8442,91,111226.89092
394.866592,149,111276.420967
11.845893,65,111297.127569
161.757951,106,111331.740638
-28.580921,55,111349.107008
76.547526,76,111373.266897
-5.378868,62,111393.084347
335.774511,142,111438.91459
101.298499,86,111466.066693
-21.945744,57,111484.083156
173.152753,103,111517.877597
156.50558,104,111551.437294
171.532237,110,111587.217188
245.5748,126,111628.225424
56.513271,70,111650.591507
-34.259064,64,111671.093044
48.885635,70,111693.062652
225.449384,122,111733.257409
325.610395,125,111773.523344
52.217612,85,111801.271026
463.221921,177,111861.503098
417.330657,168,111916.307356
50.979288,74,112352.00477
103.268285,89,112381.802898
48.056313,70,112403.591299
225.693788,119,112442.394814
165.885189,119,112482.073018
482.898654,180,112541.233547
-3.934773,57,112559.895291
476.863225,180,112617.694484
82.012003,79,112643.80187
242.222364,125,112684.395531
295.778153,141,112729.39099
25.674917,76,112753.72308
337.968844,157,112804.271678
278.317808,136,112849.34562
109.281669,99,112881.11442
42.578394,65,112902.186968
1.737585,49,112917.325767
407.976611,163,112969.48211
255.918552,129,113010.900447
212.850085,148,113059.813542
8.970928,65,113080.806331
220.209223,126,113121.208608
121.717652,91,113150.989335
68.037872,80,113176.947708
27.963825,66,113198.762506
644.451974,214,113267.950081
296.071764,141,113313.413642
144.408117,90,113342.196048
183.506664,116,113381.748249
1158.980779,281,113472.125117
0.774099,59,113490.692985
215.554746,108,113525.636707
144.376675,105,113559.126423
371.637104,161,113610.112207
284.468788,148,113659.873976
1019.57678,265,113746.244781
37.608836,67,113767.416384
1125.585087,293,113860.877721
916.080945,254,113942.399168
51.840497,82,113970.543494
118.271883,104,114003.64958
418.685289,171,114059.372665
249.187958,138,114102.883657
134.322189,80,114127.738137
219.863316,131,114170.074635
123.720055,99,114201.368371
126.615161,106,114234.871371
142.76641,105,114268.808841
429.575635,171,114323.794302
132.518895,89,114352.562339
149.758567,107,114387.910881
23.076765,73,114411.359534
101.101535,81,114438.450345
284.99408,140,114482.990266
119.172669,95,114513.314413
256.43419,133,114556.375815
99.947932,100,114588.743976
121.38491,95,114619.983976
534.217419,205,114684.737994
150.1968,100,114716.450775
105.012333,88,114745.039504
171.312679,113,114781.43414
160.629478,99,114813.377606
117.509664,90,114842.478323
451.156169,180,114901.410022
548.578618,196,114964.102245
475.82684,182,115023.121248
66.942587,75,115439.370319
516.420455,170,115496.656112
174.199347,110,115531.83086
114.535897,95,115562.745554
283.872432,130,115605.617272
362.645942,144,115652.176426
216.845762,108,115686.466055
89.221511,92,115716.251794
189.287749,118,115755.06083
-8.319413,50,115770.13023
41.739294,83,115797.049866
383.780333,160,115848.104368
499.771159,190,115910.14185
203.594641,120,115948.609255
58.525264,90,115976.404892
436.008323,171,116031.858481
280.503162,135,116077.987641
539.941453,192,116138.632142
135.871809,100,116170.521708
248.102245,129,116211.726879
279.884872,129,116253.980866
199.350407,117,116291.293932
332.8866,157,116340.615857
277.940163,130,116382.435539
173.939347,118,116419.624923
33.401471,77,116444.283133
105.32263,87,116472.518477
197.578337,113,116509.495206
617.957437,207,116576.261019
94.435771,85,116604.07931
576.734163,185,116664.444923
120.631205,97,116696.34936
44.186065,69,116718.429567
490.033555,186,116778.280836
152.323373,90,116807.136098
120.356854,86,116834.02804
745.649955,223,116906.083927
209.172305,125,116946.210246
182.516529,116,116983.379004
73.43102,83,117009.800505
273.58431,138,117055.163196
-4.770464,73,117078.891274
-25.709781,57,117097.169138
321.392068,152,117146.499353
535.364836,181,117204.211307
980.128749,266,117290.903438
105.700368,106,117325.202706
39.031956,69,117347.820216
35.154144,76,117372.944121
273.079746,143,117419.130486
18.588071,73,117442.773501
205.096841,115,117479.242039
17.627176,63,117499.810866
133.679828,103,117532.533299
330.06053,146,117581.184824
124.702648,102,117614.575689
19.757913,70,117637.625768
-3.638057,77,117662.77456
135.368737,109,117697.123039
3.296052,59,117715.445448
203.648583,125,117755.087605
267.178104,138,117798.996688
281.417534,142,117843.602834
-26.428919,45,117859.484171
190.564469,110,117895.585999
-34.416288,42,117909.133624
52.482643,77,117934.318102
134.345789,116,117971.777325
82.701694,85,117998.901396
1004.80209,261,118083.049367
408.047304,160,118624.814236
38.422926,69,118647.158055
254.015445,121,118686.369826
256.479679,144,118731.528505
64.134875,82,118758.385387
177.863972,112,118794.620902
202.399848,119,118833.960549
320.339417,156,118884.006194
68.094463,77,118908.542409
106.603395,92,118937.383459
451.826163,173,118993.221075
407.894387,163,119045.945699
-65.003489,74,119071.101894
530.359566,195,119133.454182
872.863884,259,119216.959586
95.537714,103,119250.969616
909.091702,252,119331.914649
324.400482,147,119378.059798
879.361171,242,119455.581614
179.579889,116,119493.452295
1854.628062,391,119620.307286
107.096686,96,119652.349047
710.576667,236,119729.123283
24.990146,62,119749.340886
52.242886,70,119772.007468
453.598552,174,119827.778063
312.779836,138,119872.320575
45.716248,71,119895.432884
588.420997,197,119957.782139
310.758398,141,120002.778982
522.439156,179,120060.318195
27.416722,86,120087.955328
426.924317,167,120141.504284
353.963518,152,120190.064443
362.089366,160,120242.240467
333.753858,150,120291.958771
257.751219,134,120334.889015
122.991555,97,120366.406199
216.098853,124,120405.912541
136.682586,97,120436.605262
261.888854,131,120478.841824
388.952096,161,120531.143079
830.483855,244,120609.386686
308.815527,141,120654.824194
123.675223,89,120683.892676
88.728284,99,120715.712816
380.014994,159,120769.88722
409.988575,166,120825.958153
173.597818,114,120866.945081
165.051574,116,120907.668385
335.890387,156,120958.973808
1877.51423,375,121080.073203
667.003028,204,121146.912943
32.98053,65,121168.20374
438.544185,170,121223.027947
310.775348,142,121268.032186
239.346902,130,121308.909384
148.63213,103,122008.202811
283.226158,128,122050.660356
70.509113,81,122077.996492
45.058321,72,122101.716553
42.633681,74,122126.214272
59.828704,75,122150.493084
171.666859,109,122186.793803
159.158773,109,122222.048271
271.06356,142,122267.311175
195.565001,108,122302.171713
124.86373,101,122334.431447
120.225999,91,122367.420606
-52.893741,33,122378.469666
182.632431,123,122418.242456
155.464552,110,122454.104048
185.467186,107,122488.535288
-10.207331,54,122505.980417
660.787194,217,122576.562103
76.669428,79,122601.56652
201.821878,115,122638.769818
293.596562,129,122681.655986
173.112039,113,122717.933458
311.09984,146,122765.207479
121.617381,103,122797.129676
171.840951,97,122828.278791
25.992006,64,122849.276727
107.951381,85,122877.146784
951.335744,261,122970.647267
373.506571,150,123028.998518
192.396847,108,123071.048657
613.320471,209,123151.97379
227.093015,123,123199.274821
304.794881,148,123256.47637
188.793972,125,123307.063585
-55.845917,47,123325.064803
475.368436,161,123386.852098
333.429228,158,123446.113994
363.691116,157,123506.06093
328.918232,153,123563.936388
84.192662,92,123600.286721
955.994679,260,123698.138999
149.981399,113,123741.006906
428.42213,172,123807.350379
108.016728,90,123842.807913
283.887496,135,123894.371857
74.838122,73,123922.039868
97.370464,98,123960.169995
69.758502,90,123994.650434
416.411054,183,124064.708711
442.555248,169,124130.84917
531.856279,179,124200.443094
131.496146,91,124235.438828
198.052067,115,124279.171135
725.007439,222,124365.158238
59.819928,95,124400.906552
117.745982,97,124439.836263
1277.378632,293,124564.27439
343.814983,148,124620.743244
115.562826,96,124656.055172
90.41597,91,124690.946638
676.046072,199,124766.044103
154.378146,105,124806.250293
446.663748,179,124873.885035
12.529247,63,124898.220233
82.907422,84,124930.783231
125.807164,98,124969.173326
1962.849425,381,125717.945728
182.745254,109,125760.715363
301.798039,136,125813.227994
97.140424,91,125847.561901
116.601839,124,125895.527813
300.525885,145,125951.080549
85.409639,106,125990.237845
527.218698,179,126058.606521
613.217504,208,126137.933978
1044.168159,279,126245.512345
629.688981,217,126327.266425
-51.739067,51,126346.776197
280.853235,133,126398.600003
431.184432,174,126465.985087
1342.18801,317,126585.435405
404.102476,159,126645.910379
354.128865,152,126704.983312
188.801313,118,126749.860614
364.045112,155,126805.239604
1087.602292,279,126912.879918
246.891282,144,126969.083576
196.051763,123,127014.804094
603.542561,200,127092.871469
401.080025,173,127158.83879
52.83723,80,127190.821685
701.240181,231,127280.303595
113.841513,98,127316.947223
213.864841,113,127361.471257
70.692401,87,127395.421797
402.063517,157,127499.689784
222.468701,125,127549.994676
827.621576,247,127645.15743
23.839052,66,127670.850581
59.558738,75,127698.869804
7.085851,66,127723.842971
66.719716,101,127762.3078
-53.468169,44,127779.25765
1598.57157,362,127917.110076
14.15833,76,127944.8607
707.856636,218,128028.785609
172.447168,104,128067.437004
299.578758,137,128121.175469
358.96274,151,128179.078468
1201.620391,294,128293.644894
745.909642,241,128386.358527
362.622597,151,128444.038604
322.787825,140,128499.415051
348.208697,155,128560.269408
207.818812,114,128604.573047
615.706596,203,128681.411617
173.265856,108,128725.746614
428.689956,159,128788.660841
145.839582,106,128830.536496
452.88927,174,129606.462663
48.554639,84,129638.469015
-18.316444,51,129657.754475
223.236555,142,129712.703705
322.140853,136,129766.388713
434.002078,171,129832.479043
58.293626,94,129867.322628
335.769895,148,129924.867501
478.079886,184,129999.056972
1079.97236,281,130109.018656
274.872965,140,130163.120098
-32.98783,48,130181.73902
470.190534,177,130248.732689
1363.315572,313,130370.097478
734.437999,236,130457.756238
933.984718,256,130557.782452
816.980581,239,130649.168621
144.889212,110,130691.860859
1170.832754,285,130802.786954
309.280569,157,130863.842878
380.556462,164,130927.763585
112.479126,99,130967.455318
117.12603,95,131003.171949
531.740003,197,131077.017946
581.122609,203,131154.779333
43.612698,79,131186.343281
276.47639,149,131244.905454
1173.25975,295,131359.647041
1157.01164,276,131465.679585
1034.715654,261,131567.15319
1788.671834,378,131712.609795
275.699962,150,131771.125861
94.274539,98,131809.724471
157.807208,98,131847.349106
210.359595,112,131892.330193
98.3006,89,131926.409029
348.221674,144,131980.929821
236.804499,130,132030.364247
109.953144,87,132064.251693
43.274666,72,132091.612037
389.840464,158,132153.085116
144.912257,104,132193.315242
360.998882,155,132254.403966
1283.783015,301,132370.331401
519.836196,185,132442.27394
261.706981,137,132493.960587
18.329933,68,132521.32706
172.088145,123,132569.33933
205.505175,116,132612.764272
386.285921,171,132678.838201
156.950448,101,132717.927714
-8.493385,53,132738.057206
294.300047,145,132794.811562
543.95055,188,133747.293903
1152.858723,285,133859.329307
578.567137,191,133935.346017
12.532686,73,133964.0517
1044.178025,266,134063.625369
684.969516,212,134146.255199
-34.503026,45,134163.617223
154.985394,109,134203.581882
304.526212,143,134258.3657
384.69679,147,134315.004187
97.637725,78,134345.377854
684.819446,213,134428.723231
122.388544,90,134463.456865
723.335908,222,134549.594302
684.31332,231,134637.774304
99.929953,91,134673.373764
165.362393,111,134715.681179
205.932656,105,134756.81107
757.476559,218,134841.024439
237.033794,131,134889.950177
179.69964,121,134937.373824
189.895185,113,134981.736958
324.458784,147,135037.106832
577.328695,223,135122.551705
329.108735,152,135182.21423
915.133059,254,135277.448184
238.656991,135,135328.037234
2257.704601,420,135488.277042
548.298624,180,135558.186565
1514.907429,353,135692.749859
91.348752,86,135726.521616
818.955581,214,135810.383031
11.951578,63,135833.710659
458.545834,178,135900.981397
314.927599,137,135954.10841
172.185698,104,135993.207631
365.915199,168,136059.149397
119.664562,93,136095.140842
720.424178,227,136183.741058
734.07877,223,136268.248165
113.164217,93,136303.709897
419.389887,172,136371.308031
232.981396,120,136418.054143
1366.300261,310,136537.086987
840.139663,243,136629.788065
372.188423,149,136688.500917
117.532344,111,136730.112016
307.190637,130,136779.055323
380.704996,162,136841.961856
259.068413,146,137941.512596
677.803803,214,138026.089233
190.974021,114,138070.112118
140.341909,98,138107.564768
35.443042,81,138139.033247
21.262937,65,138163.829223
778.715819,234,138255.301604
960.845455,264,138356.774748
855.041371,254,138453.359145
216.270794,138,138505.998613
916.155688,245,138599.259149
481.201267,184,138668.014286
87.005295,78,138698.565336
566.785623,196,138775.143892
379.985759,156,138836.285239
86.457646,97,138871.685343
895.931382,259,138976.425546
390.929455,172,139042.23306
225.831973,133,139092.80505
-4.614595,50,139111.679008
2611.445207,441,139282.230558
44.096326,81,139312.746194
1132.470335,281,139424.556444
285.726825,156,139482.636079
1492.022108,337,139614.479492
1176.431331,300,139727.765113
402.045593,161,139788.81843
218.861636,129,139839.766635
333.668489,159,139901.157824
86.731766,94,139938.227902
329.129046,150,139995.233312
1889.550491,377,140139.963043
907.50632,252,140237.498577
87.468881,87,140272.213245
0.30443,62,140296.379921
313.750337,141,140350.589462
518.959386,204,140429.21218
920.140211,237,140520.891353
135.528974,131,140571.666533
112.043438,104,140611.264793
192.809862,126,140657.993126
352.30565,146,140714.417646
-2.659983,74,140743.309075
338.634926,160,140804.95132
322.463063,145,140859.79114
54.385108,81,140890.458272
155.637175,100,140930.468347
99.761286,80,140960.86119
1180.878599,285,141069.600392
120.480962,109,141111.453735
23.774323,64,141133.667041
1016.890088,284,142019.313007
125.180305,95,142056.973157
159.585977,109,142100.443658
450.239858,175,142167.376949
607.762045,202,142244.452991
676.398878,227,142334.226767
88.380661,84,142366.997423
84.203473,94,142404.868065
52.616222,77,142434.012977
568.301313,200,142510.134525
64.550036,87,142544.062648
1039.998847,283,142651.792388
613.727335,208,142732.597548
693.844159,231,142821.489954
115.067605,90,142855.82704
259.97407,140,142909.630168
203.757846,125,142957.94439
1073.427516,274,143060.591401
132.708693,96,143097.835795
147.619939,106,143139.314416
392.612592,164,143200.130681
66.606386,77,143229.904745
1136.150288,295,143343.050068
222.429144,117,143387.63042
1535.632207,320,143512.88663
2.912531,69,143539.479059
1664.773813,361,143678.944569
1368.795309,328,143805.484458
318.260302,144,143861.677176
263.27261,140,143915.218669
113.862347,96,143952.33402
632.338734,215,144034.352049
860.931921,262,144136.548903
558.130192,195,144210.753312
153.429187,108,144250.046365
258.941327,133,144301.569771
721.963525,226,144388.632781
220.402782,132,144438.845161
108.990509,101,144477.617093
666.402923,232,144565.62179
47.08683,80,144596.396422
194.040113,125,144644.459944
254.786655,135,144696.1048
428.770004,167,144760.42279
2971.048479,462,144939.688851
1343.32186,314,145060.849726
263.764351,141,145113.823966
514.76327,156,146095.435121
1.399686,65,146119.555629
2496.16681,436,146290.063402
256.146666,140,146343.720098
945.866325,254,146440.761606
30.840363,73,146468.450477
272.901768,133,146518.945794
38.163833,82,146549.814315
449.033496,193,146623.938181
439.200267,186,146694.331772
547.857921,192,146768.73145
1422.470995,304,146885.737904
1505.336249,331,147012.536782
960.820104,256,147111.87999
440.046211,169,147175.445944
167.255422,107,147218.203955
177.695783,113,147260.15214
313.472713,154,147320.893881
673.853137,214,147403.324986
32.876641,68,147429.697798
1563.277567,335,147559.462523
386.250932,169,147623.770457
49.6659,83,147655.313801
338.884808,164,147718.849778
1956.698438,366,147857.936286
502.232737,192,147930.184706
1119.497217,288,148039.595875
0.052301,76,148069.175897
453.708319,174,148136.245533
291.634648,147,148190.909968
408.050193,173,148256.905789
506.243669,186,148327.502512
520.114931,178,148396.892969
165.720168,116,148442.281248
1025.566807,282,148550.543849
360.829908,151,148606.979992
1482.383919,323,148730.090507
752.430566,234,148820.796167
338.326402,159,148882.852187
2034.447732,388,149035.62911
2090.941617,387,149186.557898
1654.433263,355,150389.286284
228.971839,129,150440.561654
888.282112,245,150536.789742
285.521487,141,150591.281412
69.627682,81,150622.967454
-44.618224,47,150641.474148
247.039356,132,150693.652566
716.600431,238,150784.892061
1212.654404,285,150893.276575
77.088876,79,150925.145278
372.693102,160,150988.701633
572.334245,204,151066.014421
224.015367,122,151115.018559
429.510022,172,151180.185305
70.596777,73,151208.389936
348.147997,167,151271.899391
896.448918,238,151364.420637
1905.959537,368,151505.273039
65.461143,107,151545.845828
154.257062,117,151589.115222
1036.774925,267,151692.771108
453.198913,184,151762.011723
80.592993,84,151794.544588
1265.594271,303,151911.785404
271.927137,139,151963.542231
226.794832,128,152013.52867
1928.22256,395,152164.340647
564.557084,200,152245.218931
576.487002,191,152325.112235
1166.439504,291,152441.914781
-37.139031,58,152463.611093
986.444942,264,152568.523832
195.925439,124,152616.799814
180.910636,122,152664.001383
66.037281,100,152702.520337
1128.487522,268,152806.72133
208.82973,123,152854.591861
769.815879,237,152944.263357
1107.253638,282,153051.270465
163.991165,114,153095.660006
1592.792579,351,153230.707269
148.258335,107,153269.958088
2199.609385,412,153429.769231
482.470645,179,153496.767188
126.698129,102,153536.749863
633.195151,212,154617.897971
-5.129339,83,154650.255677
420.862112,155,154710.488335
1070.523207,265,154813.135301
894.346035,246,154907.225468
412.208428,171,154972.419411
-29.716696,52,154992.097242
785.787537,231,155094.774323
534.53071,195,155170.755317
381.03792,154,155230.627347
182.242385,119,155275.957536
697.174318,215,155359.606058
927.012549,244,155452.573886
406.069238,167,155517.522079
1854.342801,366,155672.860424
264.446828,125,155721.270095
394.288142,164,155783.556664
413.690651,159,155843.938423
500.517205,177,155913.926202
82.224317,106,155954.162767
53.651738,77,155984.198911
321.394426,143,156039.16861
981.022074,260,156137.161429
1267.579672,299,156258.299676
855.244941,251,156359.263167
340.050337,152,156416.087747
-20.426751,56,156437.663992
825.112631,256,156535.485217
617.850916,210,156615.978334
107.376816,99,156654.68557
1457.424592,326,156781.278891
486.115284,187,156863.985686
727.769736,236,156955.806228
2065.646377,408,157110.458268
452.266086,161,157172.213314
1972.287554,394,157324.806571
627.451473,194,157400.064569
1160.858618,285,157519.430166
637.12969,213,157605.253072
218.759943,117,157650.845151
62.911473,97,157688.31353
2407.780527,439,159102.748759
63.612585,71,159132.786421
180.82141,99,159173.50832
114.468149,96,159210.755822
581.292011,214,159306.511554
313.033858,154,159367.025605
490.163189,178,159436.366411
638.41817,215,159519.457329
1199.618641,287,159632.39319
511.645093,182,159704.095733
351.772863,153,159764.95529
545.605636,201,159845.222363
604.884513,195,159928.883495
641.15873,220,160014.970243
39.55681,76,160044.782893
-1.204035,53,160066.068059
768.86282,227,160154.800218
244.17615,129,160204.814794
1283.804848,292,160314.692498
1327.158851,308,160432.953576
426.00003,177,160513.721057
670.658696,229,160603.958646
545.450886,206,160682.346004
1349.054514,313,160803.003295
718.029349,216,160886.140138
617.771387,210,160967.321969
361.390817,158,161028.914867
417.306231,173,161106.764493
197.9544,122,161154.112295
1194.604416,296,161266.493127
159.701118,117,161312.813981
1439.153792,329,161439.283132
763.56633,221,161524.372983
83.428764,87,161558.697206
714.638835,216,161643.743916
264.901553,141,161706.049858
364.5465,147,161763.637961
756.287129,239,161855.768758
33.965307,68,161881.69296
99.558246,82,161914.017155
1955.454475,386,162064.651026
999.297923,271,162169.175492
783.116131,221,162264.819456
1557.016511,343,163526.221532
327.600096,154,163589.42794
1486.933868,329,163719.343302
1317.80067,310,163837.893234
1001.179145,251,163935.833485
209.125428,118,163982.749699
144.194076,95,164020.311985
969.547866,265,164133.325152
252.895964,140,164187.705978
618.856204,194,164264.575759
-97.779992,64,164288.198182
184.273741,109,164331.766003
567.458677,190,164401.436291
246.320518,121,164447.552336
596.641335,216,164531.712802
133.633307,112,164573.837355
1068.185083,270,164688.108196
330.923211,154,164748.223614
1225.703228,306,164867.878217
182.931441,121,164913.055295
718.264543,230,165002.263493
1388.671995,327,165130.869442
664.668825,214,165212.989854
476.782843,177,165287.454885
1542.715323,333,165418.567446
1284.346301,305,165517.815909
1465.115661,315,165620.361665
2239.019439,417,165757.700141
1499.663071,323,165863.92598
879.859819,204,165931.099139
358.699829,160,165999.446859
1382.460636,319,166103.663625
428.535544,172,166157.682319
-134.419128,43,166172.400637
807.922988,265,166265.633507
695.517547,226,166350.43365
338.833703,155,166409.453522
319.11502,138,166478.989693
338.277025,147,166536.327382
981.441177,255,166636.528628
993.38152,286,167815.360568
1710.425995,340,167949.660603
2748.47132,426,168118.30206
252.427234,130,168168.48112
225.380287,136,168221.445788
1717.049174,345,168367.010184
168.975035,114,168412.18193
67.645268,87,168445.428032
411.031989,175,168512.933883
632.89746,204,168591.503567
356.111405,154,168651.549087
420.078226,176,168718.930404
1324.971429,320,168842.630501
259.397965,143,168907.674314
8.20277,55,168929.096438
385.875434,150,168988.247309
344.26944,172,169054.550194
591.261083,201,169132.524517
1347.575228,305,169248.77406
1093.993642,261,169349.091388
399.951294,158,169408.613315
444.076794,169,169483.268748
809.763127,237,169574.51091
2410.150635,424,169737.842769
376.795263,165,169800.703991
782.160344,245,169894.599569
1895.796936,379,170045.167271
754.914564,230,170140.994565
1827.440705,381,170287.115671
-27.406721,50,170305.977818
1648.151091,346,170441.672262
318.76269,147,170499.161738
2875.611579,410,170667.291488
1892.262882,367,170808.996465
1852.993296,378,170955.528231
970.734044,260,172170.381349
161.952367,100,172209.965613
1019.153787,281,172322.711046
-5.417751,60,172345.537084
687.666489,211,172427.177366
166.834972,108,172481.022176
620.747885,203,172561.297343
1171.080069,294,172674.927561
883.35788,242,172768.078753
288.2817,147,172825.952279
1554.761349,340,172958.783165
438.843072,164,173022.56932
631.134873,204,173112.635992
690.412303,211,173194.928045
1472.486396,331,173323.707416
397.999428,162,173387.000806
348.292608,145,173441.756606
1190.524654,290,173554.272934
155.452519,98,173591.813567
728.408933,230,173690.090798
149.62318,103,173730.833709
381.657404,147,173787.401498
162.467272,110,173830.837324
1525.343975,331,173959.578377
1157.445366,297,174070.864713
404.377589,160,174133.917365
1663.033249,362,174283.153052
804.578167,234,174372.488856
1249.236495,287,174484.182612
729.92536,232,174575.289203
291.510129,129,174623.385005
1681.494206,338,174754.676
-45.424413,33,174767.348969
138.903465,113,174809.56501
1239.19654,303,174940.603815
51.917076,79,174970.924869
980.499261,276,175078.774817
354.644666,144,175134.639863
1101.076247,286,175244.331993
2418.214016,430,176450.588697
140.174863,100,176492.486888
1864.866663,375,176638.765782
414.703027,154,176708.777805
1837.814184,376,176856.505009
192.959091,116,176902.864362
1671.058326,329,177029.658461
1464.032977,333,177156.06564
946.449255,258,177268.590784
14.656268,59,177291.57769
678.873168,214,177375.426687
1305.150891,293,177488.522064
1142.484424,304,177603.972796
1146.174259,273,177710.611136
411.012992,174,177777.959612
1301.208649,319,177910.035142
194.725104,113,177954.814089
-18.042661,78,177984.292709
70.235333,77,178014.711344
1376.230766,308,178131.343898
1664.266414,330,178257.362858
1562.859524,332,178386.469532
619.372442,224,178483.878894
795.148121,236,178576.107542
421.790105,155,178636.536864
159.213657,104,178678.299571
152.193303,101,178718.257885
280.131412,145,178774.806374
90.469639,113,178818.95263
1779.080877,360,178960.049826
1100.233396,285,179083.420474
448.789523,174,179151.489317
1488.372373,306,179271.432217
488.216727,174,179339.806893
1456.168036,334,179467.178877
81.886816,84,179499.346011
1597.072761,343,179632.181215
1126.22096,278,180947.002946
215.316403,112,180994.819895
224.283905,128,181044.946633
774.758051,223,181132.798598
784.061437,223,181219.482839
34.95615,88,181254.84835
627.846981,203,181335.008672
793.679044,230,181425.192884
387.780171,192,181508.432238
49.81835,88,181541.912221
841.685169,244,181636.151795
1666.541571,349,181770.095492
95.838169,97,181808.085264
1054.814558,283,181922.24315
494.424287,177,181991.456528
1222.742591,309,182122.364966
379.444779,167,182187.121237
1325.255419,315,182309.005193
299.905663,140,182362.120628
227.881986,121,182407.193742
2286.582796,412,182567.811453
97.367738,94,182602.599524
1871.375724,366,182755.285614
240.822441,130,182804.145168
618.399904,201,182880.963241
276.515699,121,182927.334688
1103.971408,280,183033.324541
264.464885,138,183086.510115
1307.700563,322,183211.316967
2146.899805,408,183376.598438
1810.637722,333,183507.750563
826.390163,251,183606.331501
713.697997,239,183697.704843
148.105452,96,183736.223134
1326.415533,304,183864.738673
1565.085265,340,183996.134728
469.56302,168,184062.679958
1254.157981,304,184179.844882
611.125088,202,185309.233866
75.600951,82,185343.372626
27.316396,62,185366.519433
1339.152284,301,185485.992966
1740.231416,351,185621.891184
416.633417,168,185700.245521
952.068406,257,185799.836592
142.988899,109,185842.156794
359.649699,159,185903.380822
1493.818928,328,186030.08163
2495.873457,422,186192.690439
928.404512,259,186304.992781
611.806712,194,186378.007985
1554.754882,338,186509.372213
1103.562514,285,186621.33958
335.260927,158,186682.593108
-24.333403,64,186707.077172
1432.481599,325,186833.595838
541.936664,192,186917.597899
645.976962,217,187001.046018
1247.874137,305,187118.270861
113.783879,118,187162.089354
-37.334686,56,187184.255388
1653.884613,347,187318.052508
325.524601,146,187373.813007
494.038489,202,187459.321008
471.911413,180,187530.755255
1137.37645,286,187641.198211
570.72673,212,187729.571258
146.457261,117,187774.8051
542.666511,202,187851.374459
227.15414,125,187899.260192
1141.820763,284,188007.948734
114.602673,105,188053.472128
-39.99414,48,188076.332151
168.925326,106,188116.40871
1844.935527,361,188256.396181
538.577751,207,188335.658568
1590.144897,342,188468.650919
388.188164,160,188532.025572
1222.033532,297,189770.464114
2251.032379,426,189937.17919
2630.017112,402,190093.41095
78.390971,92,190128.729374
253.032216,135,190179.385262
-17.359959,66,190204.018654
979.097962,273,190311.603667
314.253371,142,190365.745918
840.172609,242,190459.605817
537.982596,182,190531.007946
886.587908,256,190633.212343
1321.038611,305,190752.483115
458.085077,172,190817.94045
2044.360461,383,190968.418173
746.819241,209,191049.998801
438.286807,174,191116.650876
693.131784,233,191205.166692
164.205046,102,191245.318741
1624.547319,349,191380.187629
1271.278338,300,191494.888688
1448.647394,323,191619.186476
1113.468276,276,191724.274442
121.895775,101,191763.729074
1102.987534,276,191870.682778
1804.330239,367,192011.218659
273.504934,133,192061.483695
737.055363,238,192153.236893
488.288515,179,192221.669067
1041.699173,264,192323.481621
2265.020988,358,192462.290989
1098.718178,275,192568.60886
1069.917514,297,192682.928962
171.150884,121,192729.520215
266.356185,130,192776.201965
1383.012208,300,194079.592309
165.485403,121,194129.514435
145.466848,107,194169.104756
1351.205207,328,194296.715705
370.810676,135,194350.729055
2498.276956,434,194517.961455
2600.164723,435,194685.667644
135.945737,106,194726.75295
1051.55269,275,194831.396464
520.46232,178,194899.997248
-39.922365,59,194923.650808
1075.342013,284,195033.821936
1776.209065,381,195182.468089
969.569563,259,195283.001104
1159.202891,277,195390.354277
2155.912785,394,195543.499741
820.88034,251,195637.930515
53.805529,80,195668.298256
2301.546193,426,195831.636257
1663.871737,354,195967.90866
876.276538,251,196065.466025
258.019715,138,196117.525647
1655.713915,325,196244.246627
706.293607,192,196318.13521
1267.836517,306,196435.278886
662.593284,206,196514.092119
244.999764,127,196561.86436
3235.356381,468,196744.54996
123.389745,91,196777.803484
568.28305,198,196853.249165
1042.170624,270,196955.083846
306.578681,148,197013.008212
574.569471,189,197085.221927
1781.802042,343,197218.979842
399.172515,158,197280.114756
200.764145,122,198550.440178
2002.956431,385,198702.249827
2426.334958,430,198867.176126
431.309842,192,198940.226397
220.504577,130,198987.495418
1620.216859,340,199125.586532
1050.421518,280,199236.463203
130.451999,104,199277.102727
534.061275,197,199354.236403
643.768314,227,199441.91381
233.795668,136,199494.618602
2551.103125,431,199665.314576
1022.662952,276,199773.225743
867.940158,253,199869.50593
499.966477,188,199942.25625
64.869618,83,199973.627313
292.3643,149,200031.656984
665.539177,227,200115.665544
747.360815,219,200202.673785
1376.288378,318,200324.246745
455.962875,177,200392.313279
1072.735102,288,200501.736933
599.070871,191,200577.802342
2197.334927,409,200735.083742
951.822794,253,200833.320416
471.291958,181,200902.565661
915.198699,255,201000.152873
1535.032056,337,201131.217027
972.92082,262,201232.747899
66.355763,77,201261.135036
1859.275072,372,201404.429536
412.514834,162,201466.923058
2139.035899,405,201621.526081
127.585657,102,201660.92477
102.213669,96,201697.794074
112.115149,103,203001.869042
454.293927,178,203074.937687
1147.227485,274,203181.101359
450.136738,176,203249.84392
1306.005977,305,203367.377679
1482.608275,320,203489.936881
1488.870555,325,203615.685644
475.032609,186,203688.473574
315.341028,140,203742.990542
729.147568,231,203832.122729
1507.594786,338,203962.804785
124.526334,103,204002.222243
2119.766852,362,204144.096353
1794.386996,366,204285.05985
379.211297,164,204347.396854
243.591674,143,204403.528419
2703.651529,443,204575.754324
1044.302614,267,204679.41081
1106.149405,281,204786.837957
2923.911205,457,204962.716226
692.596751,233,205050.438631
2930.836343,445,205220.030964
819.648358,246,205315.337052
263.432066,138,205369.087431
235.322068,136,205422.058429
529.553422,191,205494.313043
1434.201442,318,205619.32564
228.823249,127,205668.219315
1195.946501,293,205782.198108
143.520708,109,205823.545583
26.898359,75,205853.360892
108.901668,95,205889.970433
541.57404,183,205959.106393
2582.763778,428,206123.510144
197.893926,116,206169.023132
2139.40002,393,207531.793689
967.04012,261,207631.459458
541.011682,193,207706.357544
1980.843159,384,207855.473282
233.344975,127,207903.62834
1108.373048,272,208010.26545
2510.593884,442,208182.302909
1848.446633,380,208331.198234
586.070997,211,208412.220979
1056.86999,270,208515.723628
2814.122085,438,208686.02454
1295.319826,327,208811.68258
122.9971,96,208849.12719
562.788055,197,208927.362578
996.862766,255,209026.739707
334.290091,146,209081.762592
307.701059,156,209141.182142
1180.421448,296,209253.492667
1122.324855,287,209364.034383
1571.830709,327,209489.687981
295.545602,152,209547.686627
1252.749016,300,209665.105193
1872.125919,384,209818.674256
45.814293,78,209851.882516
1250.813163,298,209974.303755
725.307547,228,210061.941702
179.871354,140,210115.544101
2618.110243,453,210291.399946
120.233906,102,210330.55591
3007.09916,445,210502.331456
2558.825747,453,211868.728494
276.677398,140,211924.921254
663.706986,210,212009.306061
107.058635,95,212046.885423
876.716198,251,212141.840361
1069.968102,275,212247.410532
1573.535565,341,212377.472755
195.682145,133,212427.891232
617.596123,214,212515.396255
1313.625905,301,212630.430975
332.140823,145,212687.097674
567.173183,205,212766.683297
83.144878,91,212801.465103
1803.637689,371,212944.565327
456.463218,175,213010.808328
1490.547382,320,213133.672044
149.145122,119,213178.006675
272.045968,163,213241.288444
424.215845,168,213305.230243
2010.037141,398,213457.718589
623.019001,207,213537.577641
2590.828664,443,213707.341024
2110.001592,407,213862.783781
638.059699,213,213943.745111
1426.332525,329,214069.775642
2523.394203,453,214243.799742
398.913128,175,214311.679673
871.742524,251,214408.345569
585.669822,197,214482.469118
626.246555,210,214562.808183
1321.011035,318,214686.012615
232.022533,113,214729.21229
171.7685,107,214770.567334
70.081091,87,214802.717431
1670.36359,354,214941.576914
201.869421,127,214989.834666
427.729171,172,215054.602813
229.01766,117,216327.234429
707.725903,222,216419.255399
337.93038,139,216474.387937
283.209973,149,216531.672642
1087.495533,282,216641.392891
701.525713,214,216723.985204
875.635498,255,216822.293003
216.59291,125,216869.105744
425.414567,162,216932.298429
348.137612,152,216989.051888
2584.313455,432,217152.875526
493.898058,182,217222.361411
843.262027,239,217315.952249
181.966827,115,217361.788365
95.021969,100,217400.034892
491.114972,200,217475.945674
911.17022,257,217573.136761
197.240728,126,217621.252744
2076.455975,378,217767.770009
1389.860723,319,217891.136525
1006.722774,272,217994.3011
987.827269,273,218100.160297
176.420827,104,218139.770874
1670.784877,353,218276.349493
2362.005879,437,218444.656085
-13.974833,46,218462.631966
1139.375097,278,218569.941222
421.092755,164,218633.617079
1003.216865,275,218736.852319
2505.342059,455,218910.253179
659.333946,217,218994.476144
549.567512,194,219070.141668
120.040578,104,219110.748432
1505.439116,330,219239.75884
250.921129,132,219288.704956
112.149677,95,219324.270809
1026.616087,271,219428.587114
1289.64153,307,220688.487106
1373.901604,303,220812.931441
421.637367,181,220886.497932
282.624064,140,220942.433361
2378.824078,435,221111.08252
2142.802332,418,221271.785627
2292.482956,430,221435.202163
1851.093277,383,221583.112581
149.58349,118,221628.737957
-45.35597,74,221655.122009
1789.230616,366,221794.618832
356.801337,159,221855.33156
180.522539,103,221896.299554
464.606095,148,221955.136113
1317.946684,310,222074.048729
2651.661962,437,222243.086138
988.163857,272,222348.142029
922.010498,254,222444.900138
104.519537,95,222482.966515
1045.222159,283,222592.372202
1113.926392,293,222705.361208
520.06136,183,222778.209389
1546.497133,341,222912.377811
414.419926,174,222979.896908
2073.854009,409,223136.728115
862.845591,245,223230.718188
382.989624,168,223295.018398
1260.422074,288,223406.833055
2405.689301,432,223574.041432
415.215387,160,223635.585407
567.487525,185,223708.518501
771.097735,231,223796.857237
-9.142868,44,223813.484896
1823.593427,349,225120.560348
60.321403,111,225162.843505
2582.787508,428,225329.30623
83.560838,93,225364.300749
964.981426,268,225470.536615
1440.190692,326,225596.879111
1330.619723,308,225718.881351
1570.38762,330,225848.56393
2744.910447,436,226015.487804
710.163719,217,226097.373774
1128.689321,282,226206.673079
685.096579,219,226293.277273
953.630718,253,226392.406821
521.06926,198,226467.577739
864.777708,253,226565.308789
1619.894398,361,226703.831208
2718.357871,453,226879.878531
1879.979079,363,227019.366224
1985.527883,389,227167.111909
1059.728673,267,227270.148577
2301.39802,414,227430.088989
527.690899,198,227507.325377
1839.970896,364,227647.132427
823.834493,215,227731.737592
1266.225699,304,227848.546085
414.585518,174,227915.251503
25.695715,73,227944.361276
333.508366,143,227997.737394
737.956021,224,228082.78185
1181.392801,284,228193.572868
320.223234,142,228248.016487
1512.698119,330,229581.369649
912.871949,262,229682.655527
66.305601,88,229715.439252
1778.297916,365,229858.020286
635.594219,207,229937.775369
724.275264,208,230018.925084
608.601313,195,230093.538841
68.404462,82,230125.319441
1536.872537,323,230246.965412
1591.924206,344,230387.258313
949.944724,259,230487.259681
880.798663,244,230582.007837
1199.881409,303,230696.355767
522.758785,184,230767.115684
723.746247,231,230857.157621
614.583726,202,230936.033126
1179.772007,295,231050.761118
1831.580522,374,231194.966593
36.246722,57,231216.675072
1346.304078,321,231341.530257
1500.817847,334,231470.908133
1521.615985,335,231601.257402
1505.812747,334,231729.724885
332.48074,149,231787.169664
1076.866616,282,231892.825231
1055.295133,268,231996.850504
2663.547942,446,232168.252273
1563.027417,332,232293.239129
2186.143074,399,232445.754644
263.694846,126,232491.582939
1398.053572,319,232615.411741
959.898179,266,233871.613231
1211.172964,295,233985.772095
2110.661563,394,234137.632715
48.17502,80,234167.898693
266.963404,121,234214.031735
902.170899,261,234310.313051
1122.214024,269,234413.478549
289.46753,161,234475.67389
149.150897,105,234516.006272
2694.028752,465,234693.596287
346.248215,148,234749.408136
1851.602937,378,234893.718189
933.146818,259,234994.476427
243.763417,130,235045.122549
1073.37847,265,235149.566487
89.771396,94,235186.618149
1066.889118,265,235289.909105
943.037475,244,235384.886385
612.266856,205,235463.266674
2535.670172,435,235630.681039
412.168554,163,235694.129309
1099.430878,269,235797.086247
251.64198,129,235847.404482
992.279403,254,235946.126137
172.250603,126,235995.810729
422.758627,164,236058.918812
2896.79825,433,236226.313913
955.860439,253,236323.565889
1813.810877,375,236469.845189
298.278984,148,236526.132982
1694.944902,364,236665.801333
67.061698,83,236698.611134
1937.615925,355,236835.544604
1733.264378,357,236974.455302
74.392034,111,237015.604132
877.648089,256,238341.177287
898.69268,256,238437.281927
35.035803,75,238464.352803
2727.131459,441,238636.092707
1469.281523,336,238766.698316
2194.437677,398,238922.564474
2322.555292,424,239086.968684
347.613705,155,239146.208515
1394.121105,325,239273.519614
1155.533636,282,239381.653668
917.657252,251,239476.238671
2400.150126,395,239630.785632
2290.557931,412,239788.647053
252.040843,137,239841.91469
1787.677581,377,239989.062521
1093.22886,269,240092.980706
364.740874,167,240157.027668
1812.150113,382,240302.919847
1718.263413,375,240450.119455
1494.92706,334,240575.869955
228.35925,140,240630.531421
762.526479,243,240725.063789
460.832371,163,240788.444255
2007.302596,393,240940.836349
1359.312915,296,241057.08068
231.646511,139,241109.851625
-2.031409,65,241134.757805
2527.202907,427,241299.101925
126.284068,115,241343.446985
223.261305,132,241394.00152
532.031433,199,241469.858529
599.134137,212,243003.236376
476.564372,184,243073.892385
533.371263,194,243149.076787
1064.574584,272,243256.950413
1864.065788,372,243400.132834
985.51219,274,243506.667758
217.611435,126,243556.190803
2015.203855,385,243704.310598
2518.481802,428,243869.16744
2560.011525,456,244046.538993
-160.694674,32,244058.429856
662.819726,204,244134.73521
927.611949,268,244236.810813
1140.300795,286,244350.206437
1080.524295,280,244455.2863
1379.569703,292,244566.505891
831.928313,259,244666.898507
779.561743,227,244752.969433
715.975909,216,244837.441244
293.60618,127,244885.531618
1615.362477,341,245017.215385
-74.068978,74,245044.597847
1050.508509,279,245151.796508
2722.391715,434,245321.297773
246.416255,130,245369.934245
237.114535,131,245429.862952
1473.783981,324,245565.322995
710.825606,222,245657.19184
2508.594322,431,245830.994681
2553.271504,453,246023.696768
514.467569,192,246101.189639
1038.975255,251,246197.36356
3066.771178,447,247678.807493
1771.478678,354,247813.534887
2493.665105,427,247978.477815
-76.89456,59,248000.85414
1273.964493,295,248113.387961
1082.593209,278,248220.764172
308.22819,152,248280.228923
1234.909394,308,248399.903429
289.171382,159,248459.889197
114.921858,103,248500.057279
1481.139495,330,248627.746964
535.47785,172,248694.646906
1373.491371,308,248812.363326
1235.317508,295,248927.196203
654.17522,215,249009.629071
733.802008,218,249094.556787
150.013788,95,249130.724876
1801.480116,336,249257.770874
2449.963721,428,249422.788703
1540.732174,319,249546.018818
107.234106,104,249586.124398
1534.876994,324,249709.737886
1298.174135,316,249830.814126
173.129986,130,249880.705835
1076.861842,266,249985.121619
2588.474822,440,250156.376178
1571.34346,336,250288.266397
2149.866294,409,250444.869939
2443.042798,427,250609.771307
949.130964,259,250712.439351
201.79535,112,251825.868757
148.290513,94,251862.973998
551.623703,196,251931.129805
1403.60869,320,252037.892291
1113.409404,259,252123.406898
676.763679,232,252197.780713
2462.283461,425,252335.529941
293.552315,150,252384.183784
1205.316072,295,252477.868423
1110.24143,284,252570.0578
2634.301153,448,252716.430257
1196.924994,306,252833.972006
1046.78995,260,252933.263463
1061.856728,281,253040.23774
1418.891948,302,253157.009388
1131.486393,292,253266.980918
598.180591,199,253343.99894
173.471553,118,253389.000489
1998.733712,389,253551.248125
360.204761,161,253610.934964
695.593665,223,253697.305488
-14.635511,86,253730.921588
1787.825267,350,253864.043225
2571.217113,426,254027.46049
137.861548,104,254078.633587
663.569484,216,254162.867937
1877.54835,367,254307.880032
1289.806947,293,254423.609099
1116.967465,292,254537.872888
1708.640968,363,254691.450408
957.765127,272,254798.212107
215.307492,121,254844.509529
164.880358,127,254891.870436
1430.975967,330,256266.975301
1441.679176,326,256393.521319
931.752927,255,256505.063757
1013.584747,270,256611.39257
1998.447162,393,256761.512751
1796.665351,372,256905.685901
80.178955,91,256941.358631
1416.215923,314,257076.357264
90.586901,95,257115.266329
1695.53347,317,257243.918886
1859.01934,324,257375.13205
1180.127212,288,257489.542118
176.656804,109,257532.392039
2740.354987,453,257721.509087
509.948243,202,257803.607528
2180.35859,378,257954.497836
1675.28428,328,258085.055806
-34.816802,55,258104.708717
4.120052,72,258132.98734
2888.69256,439,258317.400045
1372.662494,303,258435.679581
374.403083,156,258496.872975
-39.981857,51,258517.367535
768.999604,236,258609.133379
2562.901395,434,258779.101003
1199.522053,300,258902.980242
2150.986051,409,259062.917857
792.087934,255,259163.716543
1212.132371,285,259272.57533
1341.77268,307,259390.885856
2245.93961,393,260790.524453
1234.15662,301,260911.289338
1545.051656,347,261044.772086
2053.049499,393,261196.902241
491.247914,196,261285.300937
902.740114,254,261384.190516
177.266691,116,261430.090604
88.132069,84,261462.909997
1019.551703,277,261570.483278
758.074803,224,261657.955722
521.957954,168,261724.389387
945.889418,272,261826.541933
228.740739,132,261888.47533
1131.880733,270,261993.124872
2700.424402,452,262167.653417
1131.939475,293,262279.663561
168.047102,110,262322.714936
720.434286,250,262417.948745
1046.588444,256,262529.903502
451.309843,175,262596.72856
1804.482913,372,262740.016779
1623.491152,354,262875.907505
150.11159,106,262917.741363
259.917383,123,262964.904973
268.219534,130,263014.836044
2743.072434,409,263185.137632
1333.189964,301,263303.99691
1077.671066,274,263409.556386
981.328761,258,263510.475521
2341.060547,432,263687.394703
1740.729829,357,263825.985595
98.608272,94,263862.798313
1288.787167,314,263983.822736
2367.461426,423,265482.201072
1199.758601,276,265590.528193
2895.815852,437,265760.722065
1223.173097,310,265880.218056
1772.774303,375,266023.087697
1006.878333,256,266122.290078
2197.568851,381,266270.677998
21.888248,76,266300.021831
1867.755558,384,266447.768255
1019.44244,278,266553.199164
425.960889,194,266627.049998
2133.381109,418,266788.025312
160.782167,135,266840.916714
124.415868,116,266885.579486
1298.042479,300,267000.649594
1486.393952,328,267127.897148
2645.955139,443,267300.257693
442.418307,185,267371.987038
12.314592,87,267403.330118
1521.913784,319,267527.011131
497.85425,174,267592.994272
1141.002749,279,267702.999688
251.343689,137,267754.890855
2601.528834,444,267927.337454
881.593113,233,268017.93965
508.169318,185,268090.285002
2372.479692,419,268255.379127
2080.744035,408,268415.176285
695.356918,222,268512.948504
-19.481159,63,268537.384363
2440.380901,436,270075.274428
922.71536,240,270169.433327
792.211569,229,270259.855762
1250.871602,316,270382.311204
1001.886377,278,270489.765829
867.806539,241,270584.97347
1369.543326,299,270700.629749
1520.775975,344,270831.728695
132.983052,111,270872.675032
2874.196779,464,271050.689468
995.14138,277,271158.557321
1642.502111,354,271295.58021
291.347826,136,271349.092025
1793.193545,379,271495.79364
701.339969,220,271580.692341
1505.894291,310,271701.29941
2587.03346,435,271866.965057
522.507364,204,271944.524226
1037.534802,255,272045.493997
1829.933083,383,272190.2413
321.749051,146,272248.197811
280.661833,157,272307.068052
181.767219,110,272349.918302
1425.443385,319,272473.248201
1805.267512,359,272611.994276
-47.390214,72,272639.539847
97.572267,88,272673.94109
978.964019,272,272779.938611
866.544824,248,272874.147721
2071.539374,407,273034.061517
248.366117,127,273081.994045
610.801957,207,273163.355961
1608.449627,339,274612.860573
472.147337,173,274679.731739
1360.196818,318,274803.66993
350.98098,133,274856.271875
2366.445784,425,275024.819344
941.296689,248,275119.70017
1108.709961,285,275227.783336
733.070976,218,275313.747775
316.922061,153,275372.81221
1300.582626,296,275485.430176
738.035987,225,275570.664657
496.807096,169,275637.501696
1016.571141,261,275738.217279
821.572155,231,275826.707356
190.670283,122,275875.689677
1559.318229,338,276006.498773
1689.7591,351,276141.235226
108.859222,90,276175.741893
819.121569,232,276265.039
2745.496727,454,276439.846832
816.725862,235,276529.812969
1767.842616,366,276670.979362
786.597716,229,276759.555449
876.74704,240,276862.598756
1375.841682,298,276980.496892
758.238949,206,277062.375288
2017.433567,393,277212.42637
623.068615,214,277291.830887
2499.880817,443,277460.50155
278.556214,142,277514.271475
645.017891,210,277595.666883
416.217192,174,277663.162849
214.290315,131,277714.502103
2575.808799,444,279118.513637
1968.86154,387,279269.148282
954.612068,250,279366.055308
2548.746101,445,279539.142523
1902.264312,375,279685.846679
1605.031371,329,279813.625989
1509.922909,323,279938.704795
2594.917917,444,280110.039559
119.05451,97,280146.647555
1342.520793,302,280262.591202
1940.982476,384,280411.84988
410.345028,165,280474.749154
1158.116963,293,280587.910886
2063.579004,398,280743.148591
576.033896,204,280821.256876
142.415669,98,280859.734205
116.981996,90,280892.964757
764.577466,228,280981.411304
250.893937,130,281032.284729
2926.215721,459,281210.095667
1698.367015,362,281349.559843
775.873722,235,281439.138028
1184.109354,300,281554.986706
2298.949531,386,281711.819478
257.564565,137,281765.694124
2288.078992,429,281930.060239
124.053071,107,281971.860364
1640.468725,349,282108.847829
2785.886437,453,283657.130247
108.913817,100,283696.039972
1857.732424,369,283837.589652
425.989146,176,283905.487614
1272.608572,294,284020.462881
2613.299246,444,284189.67501
1706.543415,353,284323.727423
540.715263,199,284399.55862
2411.96566,414,284557.448169
307.013619,133,284608.981742
590.793531,209,284686.648969
85.176473,84,284719.355425
2934.382619,441,284890.397938
3216.188838,435,285058.501918
2107.582232,392,285207.489691
952.136773,263,285307.493632
963.296791,264,285408.812715
-129.180397,30,285420.539158
2240.294097,430,285588.249893
1732.504243,372,285733.002284
1446.325978,330,285871.063634
222.248215,131,285922.871817
877.463586,256,286022.614738
2319.212118,401,286179.120205
1612.944794,345,286311.628421
1955.625495,389,286462.913433
368.68524,158,286523.286072
138.140986,109,286565.77612
269.856023,161,286628.16279
1741.994428,356,286766.863058
292.286313,135,288238.558692
2494.522906,437,288407.343887
521.259415,179,288478.046084
2667.823542,458,288650.133876
1161.609919,296,288763.032924
474.830032,175,288829.735951
1601.335888,339,288960.687135
1502.749554,340,289091.82232
2904.973292,476,289274.900148
93.344459,109,289317.21134
1433.251257,319,289441.985702
744.868218,215,289524.773494
665.250455,210,289605.561349
541.367359,174,289675.181434
665.647419,204,289753.973613
537.949029,194,289827.941981
1478.085551,338,289958.059672
920.816161,253,290055.512173
438.959591,191,290125.87043
2842.523437,462,290307.189882
130.370998,96,290343.94032
1340.120172,302,290460.53476
116.99744,95,290497.429695
2620.076576,420,290670.491356
153.257223,120,290715.932432
1609.549266,350,290849.130405
336.99309,160,290911.094073
1503.332078,337,291042.991208
443.3775,194,291118.340176
1140.139529,287,291230.507396
476.457396,189,291304.435477
1683.461718,360,292767.144788
1164.015759,294,292897.450767
372.160703,167,292968.371399
924.201119,255,293070.658747
1413.777235,322,293194.977299
1430.132603,321,293321.638991
1197.492193,301,293436.760806
338.988787,142,293491.099567
1949.948722,387,293641.441092
2197.333686,374,293784.649174
172.771761,127,293835.146399
716.836814,235,293924.14596
434.070277,166,293987.776835
1424.68742,318,294109.689063
1378.893259,296,294224.105129
1052.767765,270,294325.115518
1542.514818,334,294453.284285
979.690279,270,294556.452423
1111.727258,276,294664.258689
2555.371882,422,294826.337285
252.314742,136,294877.299023
421.491462,171,294944.272469
563.870818,186,295016.88247
186.994588,123,295064.230733
12.585739,64,295088.343772
77.57333,91,295124.224771
1870.89887,388,295274.15678
372.756011,156,295334.446913
699.074291,241,295427.217011
1481.095634,339,295554.649199
1738.791251,361,295692.203314
725.272307,236,295782.044905
1299.844817,306,295898.647866
1535.600496,340,297396.424479
1549.942812,336,297532.110933
701.113195,233,297621.172647
2786.172043,433,297788.698233
2060.595058,392,297940.217886
1012.653569,270,298042.351609
2320.93678,415,298203.67039
1340.717869,307,298321.936045
2621.768362,434,298500.874497
1216.236975,297,298615.932408
826.478721,229,298704.391547
2879.000643,463,298886.320555
948.306318,271,298990.983277
1820.638834,367,299133.71159
328.050441,147,299191.484771
1287.966488,309,299311.373143
708.645918,217,299393.909204
589.353106,213,299475.42021
273.013583,131,299527.405821
1049.375301,277,299636.101134
1985.65778,360,299775.989795
276.254539,147,299830.28386
1701.067001,338,299961.010226
2473.212696,424,300121.876281
1683.246476,309,300240.741521
1162.050098,292,300355.532797
2622.035685,434,300524.789736
202.355452,120,300570.18906
128.386694,108,302061.039212
811.838423,226,302151.783561
703.839272,222,302241.965987
1433.76705,317,302365.71121
278.443971,132,302414.607605
1165.542778,315,302536.206616
1349.095845,317,302658.204283
912.298054,262,302757.619207
2681.230679,463,302938.377254
1651.638579,340,303069.457925
1404.604498,332,303198.113309
1468.871768,317,303332.094675
2371.497998,440,303501.523329
1059.626696,266,303606.847231
386.279769,154,303665.194603
2079.254881,380,303816.118556
882.908205,263,303916.481042
2783.26983,439,304086.799415
168.339107,114,304130.528988
2714.822548,441,304300.973556
1981.375853,372,304444.878844
359.670702,164,304507.458386
-0.679007,59,304530.942025
2588.86797,437,304701.482719
2957.484152,451,304877.686895
869.694243,260,304977.543164
1319.41207,309,305098.372825
744.224106,215,305181.249097
1026.341159,264,305284.007471
371.392015,156,306632.01764
770.184923,223,306719.871877
798.99893,218,306802.513549
162.257853,107,306844.764092
2657.982437,439,307014.174711
258.397302,132,307063.932361
1729.31819,366,307205.646696
2762.440387,464,307390.731107
2430.160157,423,307567.653513
1851.828447,371,307711.380258
2084.112488,399,307868.438401
703.61079,210,307949.963482
1246.203271,289,308061.443333
518.19521,218,308144.209929
57.580436,90,308178.340069
867.779178,253,308275.415617
1060.30529,266,308378.648492
387.221425,161,308440.911667
2514.903718,431,308610.520268
2125.119517,417,308772.261732
1850.543825,362,308912.700917
-83.287231,42,308929.107689
1339.425074,312,309048.076735
2746.282419,441,309219.444318
190.622676,124,309266.394112
2442.189134,430,309432.641202
1218.399781,299,309548.338296
905.296661,263,309647.627574
2563.889743,436,311352.130399
533.87364,187,311428.637956
672.307914,216,311513.940886
897.474117,244,311609.880049
1608.273051,339,311755.851267
2834.875727,447,311929.187859
2578.183256,431,312097.547899
1309.700794,312,312218.737066
2359.728536,424,312393.438992
97.351453,86,312426.725249
1755.932636,359,312565.465874
500.349646,182,312635.198032
2617.060295,420,312796.773844
1794.136157,363,312956.691947
2431.012294,429,313121.518466
521.388233,202,313200.511731
729.974359,223,313286.326398
1997.004912,391,313435.658642
1203.566323,283,313557.469345
2689.191439,428,313723.943013
1056.44956,262,313822.2599
82.892617,89,313857.167691
2409.852797,428,314021.106112
2165.871415,385,314188.593428
2642.220726,421,314350.020293
967.508389,269,314451.187707
1258.169052,300,314568.198943
1860.572178,361,315979.207969
2156.24672,361,316121.305902
457.974538,171,316186.394515
1039.355955,273,316290.59478
2376.249608,436,316472.27757
684.021678,222,316560.496928
958.100578,270,316666.857804
2246.622335,420,316824.530178
672.926386,216,316908.876973
2121.805633,389,317067.958455
22.659142,99,317110.679254
2638.478004,430,317277.607101
1654.136244,349,317413.044026
202.30589,125,317460.818415
126.399632,96,317498.359003
1857.037465,372,317643.814271
1272.194935,305,317770.248457
68.688714,103,317809.079452
1301.715274,289,317924.641823
1537.622494,340,318056.327197
324.385752,144,318112.423587
1459.018233,326,318236.179142
329.554438,149,318305.843596
143.600889,107,318345.470249
983.534737,238,318436.54365
2372.748565,421,318600.79213
1466.570468,328,318729.736144
625.4591,208,318809.391744
891.41827,257,318919.597047
690.674328,222,319004.425357
1348.331058,309,319124.475814
1934.751286,388,320856.511499
279.48823,136,320910.677662
9.567835,74,320940.609098
598.503173,194,321016.744956
324.809906,152,321075.690586
1783.822553,369,321218.729588
780.66194,231,321316.898056
850.547085,242,321409.778363
1366.066603,311,321529.189114
404.826893,167,321594.711603
2395.281029,433,321763.768456
2564.852302,439,321946.153198
463.050255,191,322020.944765
1101.977788,264,322123.631038
683.115084,213,322206.784643
555.923389,202,322282.390952
940.11365,250,322377.821041
484.679208,191,322462.313396
443.67303,170,322528.612968
1090.736217,272,322634.550891
-6.862653,67,322660.796647
385.166583,161,322723.064106
-10.734335,69,322750.179112
2298.687666,419,322912.350611
944.220761,262,323012.068248
1084.674468,272,323129.628382
0.025487,57,323151.163407
561.145272,222,323235.851
1551.89932,329,323363.505612
1420.258809,322,323487.288742
1806.66868,366,323626.106802
1281.351689,307,323754.899865
2228.052818,394,323909.412111
1160.591237,258,324007.124859
1460.023662,310,325543.758375
2348.913639,407,325701.673068
1093.824412,263,325804.024882
402.442856,147,325860.838059
578.385157,198,325936.681221
1628.989856,346,326081.308336
2687.247862,432,326249.155628
2466.43557,407,326407.5923
544.696985,195,326481.390491
2482.199386,444,326664.401669
1778.139087,361,326802.087282
3105.477724,459,326980.267934
176.033726,109,327021.429566
1936.7198,345,327153.126545
1123.104333,285,327275.379408
1369.836957,306,327396.780782
2005.01569,377,327543.035317
116.80455,99,327580.428091
1286.260383,304,327696.807479
1790.774534,369,327838.302067
1302.694168,315,327971.515192
2626.192725,444,328143.340823
2750.447282,426,328308.478193
529.502526,189,328381.981608
1827.834041,365,328535.537755
2590.967012,439,328705.624894
332.595957,141,330128.208969
1517.234519,335,330276.377959
1182.299353,298,330393.743304
2829.578476,473,330574.809874
1842.834811,372,330717.765303
1157.822884,265,330822.119258
1427.265543,311,330955.950188
947.777731,252,331053.955531
160.112931,111,331096.421671
2583.655918,446,331268.140646
1495.936584,332,331396.296397
1857.683015,368,331552.583275
1703.802864,333,331681.291632
2422.820587,423,331844.247415
1226.901401,275,331952.230276
709.121627,226,332039.27539
2309.279398,428,332217.719532
1637.285848,349,332353.738564
200.026172,127,332403.619179
1967.436888,377,332549.616825
1966.731546,390,332713.192443
2378.872797,432,332879.48961
20.077269,72,332908.539719
1914.126985,397,333062.537846
2597.129929,450,333235.672888
1299.260581,315,333369.303489
31.124886,66,333395.503598
-39.749166,53,333416.618837
2477.942511,433,334976.603224
107.601362,98,335015.474241
1389.398861,325,335154.718709
2321.766137,425,335320.012981
557.991445,214,335400.891958
2363.743164,428,335567.414626
280.491958,135,335620.52739
941.868667,267,335734.725724
472.002944,181,335801.711317
469.942006,190,335874.902538
2624.42989,429,336040.620002
1103.661052,278,336147.258513
169.842478,114,336191.875347
2160.792718,413,336364.403763
14.551952,71,336394.116965
3074.832911,451,336580.022423
488.890105,188,336652.606665
1998.511056,386,336798.453196
334.122672,149,336860.260945
999.370642,255,336965.271983
1944.694128,387,337114.447358
1502.356671,324,337238.632619
1492.439352,321,337363.296327
66.748469,90,337397.410403
1415.092354,316,337531.262498
2096.074806,388,337682.644089
659.909486,214,337765.595705
1003.146836,257,337865.693415
38.134507,92,337901.518369
3019.603091,442,338083.912784
697.980472,236,339538.406136
2607.431212,423,339705.520693
2423.84865,437,339889.658385
2622.339414,452,340067.25634
1551.923952,328,340194.877253
1676.88646,337,340325.712332
907.275652,248,340422.007647
2420.944456,431,340598.449912
490.161791,182,340668.861891
2561.501711,433,340836.944741
2460.784164,433,341004.874569
1692.198333,351,341151.28423
1648.006961,365,341289.919825
1667.378327,351,341424.347503
1526.753532,311,341544.862345
1616.835038,312,341676.677016
2133.722113,423,341840.380267
605.396229,195,341916.969555
1560.319788,337,342047.501072
2301.320192,428,342213.314266
2809.563029,453,342400.789503
2584.010946,433,342570.206991
1834.302364,361,342708.489947
813.701348,242,344219.791509
1217.200608,291,344327.980779
68.403335,106,344363.355595
560.521644,189,344426.377896
1575.887525,335,344536.157387
1424.727794,323,344643.83214
1030.715894,271,344747.323765
2513.385569,447,344892.464719
188.741786,133,344935.360729
2302.940303,413,345068.794757
563.074438,193,345144.4674
1280.462456,295,345268.151403
1493.073627,326,345396.430832
-17.398034,62,345420.117936
2866.123446,465,345600.757156
2416.186906,426,345764.859823
786.162628,229,345858.986343
1516.060186,327,345990.640015
73.973784,82,346022.459375
175.374379,114,346066.431654
322.325865,147,346124.046521
2379.02759,435,346291.971479
125.055378,115,346336.229504
1109.639377,289,346446.360947
530.985381,192,346530.548617
2800.980738,436,346698.764703
776.12609,229,346787.43822
2725.317945,427,346952.4056
982.850342,280,347074.448904
2363.303106,433,347241.530297
2564.731337,441,348735.637574
2403.634477,434,349040.93484
490.077084,170,349152.074397
1348.654164,327,349422.532631
2128.361539,411,349877.121619
36.729898,74,349907.310456
1288.357786,310,350066.416256
126.79747,88,350110.6712
1485.685372,321,350254.749703
2353.089818,437,350463.094692
2234.390328,403,350686.190524
489.806787,194,350774.762403
522.216327,183,350866.132209
2629.253315,438,351055.56143
123.099225,105,351098.87611
828.192164,254,351211.074329
2290.40666,403,351423.611269
923.306582,272,351562.368125
2527.869435,425,351775.119556
780.26922,226,351950.13294
2414.248156,424,352159.608398
986.347101,274,352282.748762
524.231227,168,352367.55124
1353.564858,321,352596.334929
1783.417831,366,352818.446215
62.294978,83,352907.841122
1084.273397,264,353309.129178
1102.309489,278,353701.751755
1595.005945,314,354070.594016
139.209467,115,354204.624642
300.283386,139,357399.107503
-50.941028,66,357443.855836
2951.200464,448,357720.91008
819.719183,228,357837.160852
1622.534166,341,358039.997592
608.001932,207,358149.72924
166.502007,119,358203.643411
760.014381,212,358289.225678
103.768472,103,358330.665796
2362.141044,392,358575.538464
1084.620709,277,358693.46851
1373.504869,291,358810.579004
49.95026,94,358847.872722
2755.546431,470,359029.575884
1412.785727,304,359163.445143
1786.721814,353,359298.179159
-58.515476,62,359322.358502
2653.341736,449,359501.996938
924.020678,259,359600.656772
1472.637535,308,359744.837551
2493.423421,427,359914.527145
1011.46023,263,360014.390064
1118.363163,253,360109.88613
1909.032392,382,360275.944559
1584.441119,335,360406.089933
1321.688392,295,360520.116812
2479.960886,425,360686.123972
-62.760999,70,360713.558085
1304.10361,300,360829.297498
1371.073205,326,360972.177358
734.379645,229,362343.001152
2583.073724,446,362533.719415
1396.516661,308,362668.584593
1034.480063,266,362774.015846
1883.632616,386,362921.697613
1484.334226,340,363054.221366
340.748186,150,363112.693367
786.309455,230,363199.355272
986.2698,256,363297.917959
1620.504465,340,363437.28236
1079.674653,297,363553.613695
2523.548189,433,363720.064544
279.032121,140,363771.325233
528.411387,186,363843.212651
414.3854,166,363906.55973
1870.206687,375,364050.137351
2000.89038,384,364194.270785
629.736395,209,364275.994227
563.211763,207,364353.582598
230.52725,141,364406.913313
486.035425,194,364479.004067
2005.767956,392,364629.809459
2944.7965,446,364799.003909
1660.767376,341,364930.920382
1254.693022,301,365044.932083
2130.211507,390,365193.743204
328.628298,149,365251.846414
726.87804,230,365341.042104
-14.548378,60,365364.211747
2024.058193,396,365513.999756
724.060307,229,367151.3797
1263.507367,288,367271.227332
528.535426,151,367330.412341
1408.505754,320,367473.025756
2496.696089,435,367641.382925
2232.671153,410,367798.911861
931.663436,242,367891.732265
505.387587,182,367962.691694
234.607073,125,368010.435763
1593.58301,344,368141.669096
2538.134955,432,368306.639461
2561.298969,441,368476.122131
-14.537335,58,368498.260927
1047.356722,275,368604.519795
1292.145855,302,368719.223727
2479.760402,426,368883.691092
2538.407692,438,369049.278883
1756.854349,329,369172.757378
2622.489756,454,369349.166008
76.077507,84,369380.925879
1487.829383,351,369515.653667
-16.589626,72,369542.729996
1044.536984,277,369647.730721
1660.567091,353,369783.236246
2068.685281,396,369932.978003
1654.798616,346,370063.91437
1693.717916,359,370200.401693
236.609413,128,370250.734869
1018.117667,276,371805.77181
1963.222321,395,371966.467402
1096.372623,277,372074.545725
273.802052,151,372132.042652
805.367901,236,372222.752966
1892.188999,378,372367.168968
2485.789155,427,372532.655447
2434.446848,428,372697.926544
1377.056108,317,372818.941115
1732.468339,364,372958.83916
1734.598442,356,373094.8436
2435.471332,437,373265.364718
1253.461836,298,373379.146511
1243.543838,313,373499.13719
807.583674,233,373588.320318
362.119915,138,373640.291066
2042.629549,394,373788.69239
354.577918,159,373849.984061
929.732283,262,373950.389147
2461.577783,443,374117.636797
380.940614,161,374179.05893
1842.037969,356,374315.953072
2446.984922,436,374498.755624
310.52913,138,374551.686091
2089.415587,391,374699.902269
2070.777044,380,374846.843525
2681.482976,447,376426.090019
1562.410805,344,376564.370296
1905.129397,383,376710.536034
104.811239,95,376747.767649
1685.269583,343,376877.785044
2055.709834,388,377031.613319
2046.629298,391,377182.848347
628.722061,201,377260.888427
2012.479878,405,377417.625367
1438.841537,316,377538.474344
160.270314,104,377578.758366
58.703309,79,377608.957226
1303.523376,317,377727.33105
1583.209108,338,377854.941364
1772.032626,358,377991.764576
918.091083,249,378086.730082
2367.250009,428,378263.953418
429.558112,169,378328.85848
980.157334,253,378426.095261
2926.77549,456,378598.561559
2395.219271,432,378763.865887
962.343336,255,378860.079559
616.485659,206,378940.002725
2291.194001,416,379097.813588
2332.420391,432,379261.535253
693.32798,221,379346.181218
1356.994515,312,379463.730062
3080.619328,487,381025.89327
2040.310604,400,381196.023711
1318.483846,313,381317.903835
549.513467,193,381392.277034
336.117782,148,381451.008854
208.245484,120,381497.518126
1847.860109,374,381640.605311
480.47725,203,381719.332937
580.634046,205,381795.806477
2429.022137,395,381947.458651
712.667982,227,382035.917459
2924.917198,443,382206.151627
2936.114466,443,382373.257372
158.910584,115,382416.754928
311.731738,141,382471.62648
361.596284,150,382530.771273
611.414106,202,382607.30958
2557.207521,439,382773.621674
1470.520268,318,382894.4476
558.176991,195,382969.353449
1827.983981,368,383108.90942
379.735147,161,383171.773944
231.91182,124,383220.977906
2539.523874,440,383391.556925
91.010761,88,383423.57251
541.144091,183,383495.344501
222.975214,106,383535.553623
1296.355606,310,383667.479043
609.809483,191,383740.478073
2546.240263,441,383911.279429
-25.703764,55,383932.324589
720.634636,213,384011.8998
204.850543,123,384063.697174
2636.70472,400,384225.824077
2056.997592,397,385922.347754
1797.00401,368,386065.87161
74.015143,80,386097.628835
2636.462799,451,386272.534308
1201.299038,300,386389.098655
284.805782,126,386437.846318
1413.911603,301,386554.027149
893.96296,249,386646.549342
1218.58767,291,386757.592826
1636.380901,344,386890.697931
524.471567,188,386962.328965
1726.503749,368,387102.62244
2888.476664,432,387264.67752
1495.326595,340,387393.785066
2767.098722,428,387557.351949
1250.968583,298,387671.467347
2455.838896,439,387852.153355
2820.437282,448,388025.517465
1855.323135,379,388162.857981
2145.41025,401,388320.587169
2435.971229,429,388490.098472
997.602437,260,388589.173709
1062.311708,284,388697.687374
2342.820609,428,388860.905583
-18.656285,64,388885.250133
1251.508303,297,388998.034769
2718.556713,451,390651.544119
2339.657881,421,390814.202904
180.84649,122,390858.62614
122.344294,90,390893.798555
1688.991768,351,391029.340993
2439.568047,430,391194.104224
1367.878135,280,391305.258019
2419.534652,432,391470.860293
2029.967249,378,391614.444291
1925.652411,375,391755.136023
2443.652461,434,391924.162487
752.360177,232,392010.286859
840.513809,241,392122.324408
9.582831,60,392145.568163
152.171794,96,392182.587491
453.909536,174,392248.573557
542.169463,195,392325.285356
1216.640969,284,392432.740941
2373.18298,425,392596.808477
1160.139599,283,392705.313655
1547.931289,330,392831.99838
1996.524542,370,392971.947596
1213.926557,285,393081.164594
692.304131,204,393161.088244
1649.350833,338,393289.803089
1341.56381,311,393409.92138
1720.635101,358,393545.562315
11.780976,73,393573.581226
2674.696213,460,395062.10459
393.821038,165,395122.133608
2375.865684,424,395264.714442
1255.61709,305,395366.267368
83.235003,90,395396.087087
2404.194196,418,395533.674261
1625.346755,321,395637.86063
-11.324455,47,395653.233818
1384.463949,322,395759.600172
2906.379799,465,395911.361464
537.131956,196,395974.797645
1579.402303,350,396089.510876
2444.540974,427,396230.530245
453.34466,185,396308.244116
2210.691238,401,396438.388185
2531.392867,427,396577.682227
991.834453,273,396667.16755
662.124478,230,396742.511781
1958.07303,365,396861.594622
2687.610883,445,397008.668299
124.071372,93,397037.92967
277.032759,135,397080.906506
43.055264,66,397102.185683
2496.990401,430,397244.131332
2504.606284,436,397385.681759
2921.082293,466,397535.639457
1089.676711,271,397623.221196
1527.345301,348,397734.679999
2485.435238,440,399082.925255
178.700958,109,399118.870689
301.382385,144,399166.975728
1672.895324,362,399286.774674
413.944879,173,399341.092453
1305.503392,306,399442.371192
1184.767255,296,399538.958969
466.919605,179,399597.338254
993.502903,270,399686.341876
2718.301719,449,399830.774084
1365.773972,330,399938.589557
3196.851573,477,400092.304241
383.742434,161,400145.692676
1958.851821,378,400269.090511
656.862399,215,400338.366011
2286.030602,407,400469.249828
1504.32727,328,400574.253721
1693.182373,330,400679.891344
297.529089,131,400722.894611
2699.929791,448,400865.457597
1582.758885,332,400971.076169
1655.13577,346,401100.101235
1402.67399,314,401204.180219
557.887405,185,401263.56081
707.801236,231,401336.382811
1059.979126,264,401421.523975
2791.08573,439,401563.912884
1027.408512,272,401665.08906
264.722271,132,402946.286009
