#{"t_start": 1776774591.400079, "env_id": "None"}
r,l,t
-303.619759,11,16.811383
-273.517933,13,21.123892
-251.176089,21,27.947263
-309.697805,14,32.951495
-248.11668,15,38.709236
-286.45156,20,47.344607
-322.344103,16,52.100759
-262.440247,17,58.339971
-287.887591,14,63.07906
-231.341943,16,69.521043
-359.6836,19,76.710174
-298.04515,19,84.723516
-338.556017,20,93.334985
-230.802873,14,98.18957
-331.656752,16,104.07542
-367.525164,22,113.39175
-238.926367,17,121.011329
-257.773449,15,126.945624
-244.920778,18,132.662463
-259.10896,17,138.090751
-420.141371,16,144.409843
-337.499563,21,151.198535
-282.908675,16,155.943123
-301.420514,16,161.157216
-217.754059,19,168.40844
-287.504484,22,176.798498
-326.443345,20,185.058128
-240.694619,17,190.989651
-293.285571,13,195.663891
-401.101332,20,202.63047
-232.156195,16,208.026543
-296.61317,22,215.059337
-219.237274,27,223.754716
-205.547888,17,229.219573
-272.50046,19,235.860788
-368.496994,18,245.030094
-177.433819,15,251.454034
-242.018519,23,258.783132
-273.723833,14,266.299809
-339.21329,21,274.613345
-256.109587,19,280.927778
-333.279885,19,288.635916
-300.661141,14,293.055714
-296.545888,12,297.97458
-278.077136,20,304.376355
-329.839145,15,310.353433
-231.400481,16,316.399539
-320.825242,20,322.769611
-249.957731,20,329.766294
-252.760892,19,336.875349
-270.933955,21,344.824746
-287.225483,20,350.997809
-255.477724,18,357.028573
-327.708792,16,362.120211
-298.486984,13,366.812243
-291.779531,21,374.797932
-270.991449,13,379.668394
-340.529659,17,385.843674
-277.99041,19,392.532447
-257.310108,15,397.300607
-369.342453,18,403.218117
-292.711149,15,408.685008
-327.85325,22,416.270493
-188.914715,17,421.494209
-164.011969,11,426.68362
-231.338292,21,436.161427
-251.432617,17,443.047945
-318.878788,14,447.705632
-383.416273,14,451.573096
-337.459566,16,456.648733
-424.081796,20,463.393257
-257.75391,17,469.512022
-292.889755,19,477.804659
-269.322094,18,483.31656
-186.401908,19,490.959624
-281.487299,16,496.034246
-293.884686,18,502.333268
-235.34395,18,509.034122
-197.421684,14,515.645623
-264.406494,14,521.577169
-249.036972,19,528.900589
-277.34078,20,535.29511
-299.144306,18,540.819251
-258.460403,16,547.602697
-234.081658,18,553.97015
-289.782168,14,558.225461
-198.961994,14,564.988657
-262.22155,15,574.007022
-191.73137,13,578.690678
-134.457231,19,585.928453
-375.442591,18,591.688424
-234.204027,19,597.543024
-236.856942,22,605.926947
-253.650027,15,612.189482
-311.385928,13,616.192001
-320.147704,18,623.960678
-227.307248,14,630.13419
-264.23881,18,635.618957
-271.781128,18,643.603067
-270.120958,22,651.679565
-318.946551,19,658.519789
-255.411442,20,666.349257
-238.169138,18,673.470157
-181.622108,13,678.232365
-292.663531,13,683.712015
-281.82818,19,691.640276
-214.13605,21,700.004349
-271.423001,13,704.343287
-326.542173,23,713.009581
-281.235814,21,720.854272
-260.19577,19,726.890429
-284.026233,19,734.988868
-261.352176,14,739.644087
-292.513111,17,744.908665
-235.573011,15,749.621154
-226.882512,16,756.472293
-233.33367,17,762.435236
-284.646188,13,766.373961
-182.145374,18,772.199463
-221.633472,17,777.947641
-196.503313,18,785.510178
-232.305874,21,793.053491
-284.581535,21,800.095602
-232.921287,19,807.071136
-191.706489,21,813.549912
-250.750591,12,818.730875
-219.078138,20,826.081487
-316.594959,14,830.24943
-237.501802,14,836.970484
-259.199472,14,842.617055
-269.70459,15,847.766407
-267.564965,11,853.171111
-261.38181,23,860.809216
-317.828919,21,867.188781
-294.335592,22,875.683798
-253.293554,19,883.108989
-263.230467,12,887.646344
-346.124315,19,893.598279
-283.147524,13,898.213012
-320.789298,20,904.311588
-248.725604,15,908.944397
-371.123327,19,916.490353
-384.060445,21,924.245572
-449.501488,17,930.452703
-333.013868,11,933.879526
-239.301417,17,939.609058
-337.48255,16,944.934725
-271.034863,16,950.003847
-259.846082,15,955.687703
-343.075273,15,963.026859
-241.930144,20,969.511276
-265.445958,16,974.806906
-275.841636,19,981.722628
-149.218344,9,984.548535
-284.798407,15,991.741885
-264.560293,21,998.660398
-328.274871,15,1003.567477
-320.523275,11,1008.434953
-220.268314,18,1015.057211
-292.537852,22,1022.166604
-279.918361,14,1027.647757
-288.412113,16,1033.823421
-221.74822,16,1039.027823
-310.875576,18,1045.583802
-265.37224,17,1050.936431
-294.533027,16,1056.244064
-221.87179,20,1062.355952
-239.195287,19,1068.616435
-171.142361,15,1074.266972
-230.746718,17,1079.393242
-297.42056,15,1085.874958
-427.415636,18,1092.451191
-289.28395,20,1098.758363
-334.673494,22,1107.867662
-316.022284,15,1112.982186
-294.357505,9,1116.632651
-241.621968,19,1123.294864
-283.613473,21,1129.814003
-271.566526,9,1136.3152
-218.797916,22,1145.318245
-309.518974,11,1148.573367
-282.435135,16,1154.57144
-247.759276,14,1159.688737
-323.489702,16,1165.27652
-372.671297,20,1172.411678
-235.806556,10,1176.817853
-267.636571,19,1182.895739
-232.949007,17,1190.216058
-214.535278,9,1193.444955
-281.645796,19,1199.552946
-263.988987,14,1205.020467
-121.424422,13,1210.035108
-440.628662,15,1215.451118
-277.00254,11,1219.658745
-280.23467,18,1225.555131
-225.173199,16,1230.618533
-256.632295,24,1239.959203
-312.588249,16,1247.385951
-279.027273,16,1254.821344
-313.394367,17,1261.776373
-251.234944,14,1267.047748
-274.287449,20,1273.131934
-289.01146,22,1281.020809
-286.975508,18,1286.521036
-279.814147,21,1295.092462
-211.651645,13,1299.260183
-320.530048,11,1302.542544
-251.972639,19,1308.944831
-289.897444,22,1317.110637
-282.727045,15,1322.513387
-306.071916,18,1329.003681
-290.499381,13,1333.327106
-229.568899,15,1338.101607
-309.764443,13,1346.612519
-276.222789,19,1352.796968
-246.393745,21,1360.432415
-330.197753,19,1367.726302
-159.980658,11,1371.064615
-340.857632,21,1377.880796
-289.44799,19,1384.35175
-341.462414,18,1391.731743
-309.711197,15,1397.433149
-334.307331,19,1403.757597
-242.679531,19,1409.32845
-342.830323,13,1413.695866
-276.482641,18,1421.540964
-302.90053,23,1429.526536
-301.050488,19,1436.066216
-258.857107,15,1441.52254
-327.27194,15,1446.163837
-318.274128,13,1450.366115
-248.396963,19,1458.846139
-338.034978,19,1465.053193
-223.266781,11,1469.087859
-271.479869,20,1475.514837
-155.772234,15,1480.464454
-287.858495,18,1485.919052
-257.404035,23,1493.754995
-227.786611,18,1501.629721
-259.816885,17,1507.481287
-262.384432,22,1515.557444
-231.713457,17,1520.858759
-233.439243,16,1526.810587
-295.525103,22,1534.793943
-297.379432,20,1542.276453
-273.176544,15,1549.129807
-406.844433,19,1556.711536
-237.714603,17,1563.728505
-262.324492,15,1569.454309
-302.297434,11,1577.406668
-277.957612,9,1582.109989
-244.253113,14,1587.807971
-253.002354,20,1595.305502
-337.109075,17,1600.66965
-268.202713,21,1608.11279
-331.002435,19,1614.622902
-261.190756,18,1622.788534
-306.208029,19,1629.285208
-345.829083,17,1635.244095
-275.38587,17,1641.324528
-337.117963,19,1647.195195
-229.625912,14,1651.745149
-310.522129,16,1658.568763
-222.752775,20,1666.475735
-198.681512,16,1672.641701
-223.513612,17,1679.114669
-263.103932,15,1686.200124
-278.2538,18,1693.040271
-366.067505,21,1700.670492
-266.422584,25,1710.989903
-315.542583,19,1717.793718
-311.310308,19,1724.195042
-288.749383,23,1732.984652
-237.575981,17,1741.340235
-256.8478,19,1747.604521
-220.210037,16,1754.443092
-245.471525,16,1761.042179
-293.404317,8,1765.057874
-233.396625,18,1772.071791
-230.840987,17,1778.806846
-346.696922,17,1784.121232
-346.431821,17,1790.079172
-322.817692,20,1798.375708
-275.415651,19,1806.665655
-243.823831,21,1814.02864
-313.52481,18,1819.739347
-349.713008,19,1826.818206
-321.299713,19,1833.824908
-335.523164,15,1839.790621
-322.201577,15,1844.761994
-206.395743,19,1850.396833
-373.858819,14,1856.404565
-339.93314,18,1862.836716
-208.478875,23,1873.275231
-306.554856,19,1879.931056
-334.832149,15,1885.745474
-266.675539,17,1891.504241
-308.229882,17,1897.350936
-242.436242,17,1904.267236
-330.711173,16,1909.542921
-272.412985,19,1915.919461
-252.083014,13,1921.056745
-307.006004,19,1929.665985
-262.616131,14,1934.016579
-297.635741,17,1938.852516
-237.845715,19,1947.231465
-222.945802,18,1953.812918
-242.330809,16,1959.671811
-314.125927,21,1966.300159
-330.271026,17,1971.116676
-246.918182,15,1979.033419
-258.736947,18,1985.292333
-216.154745,16,1990.664689
-230.345467,18,1996.126637
-285.513492,16,2001.872969
-273.712476,13,2007.495194
-272.684628,17,2014.260265
-279.148649,19,2021.439562
-278.001463,19,2027.77393
-305.70735,16,2033.985756
-204.673684,20,2041.434672
-300.451555,17,2047.720179
-199.16148,18,2054.271366
-269.389328,20,2060.313094
-298.113137,15,2064.885839
-289.414183,23,2074.379284
-318.063118,16,2081.696273
-406.451001,22,2088.534931
-259.790604,15,2093.89683
-298.259582,16,2099.106629
-290.972402,15,2104.415432
-273.378599,17,2110.986327
-312.722252,20,2119.08703
-312.458635,19,2125.464665
-276.856494,23,2135.51416
-197.943328,17,2143.045882
-301.96855,14,2147.59076
-323.676746,21,2154.281245
-325.046726,18,2159.571485
-249.78413,16,2164.646866
-227.389853,17,2170.778492
-261.281622,18,2179.318362
-270.341654,15,2184.179056
-336.967135,17,2189.855277
-257.251044,15,2197.013563
-260.913514,15,2202.956361
-236.928442,17,2210.169287
-226.279095,19,2216.897535
-283.788691,20,2222.749051
-290.517405,9,2227.622081
-254.088379,19,2234.81754
-291.779198,19,2240.640911
-264.033855,21,2247.541178
-278.520812,18,2253.342621
-235.546235,19,2259.609378
-239.948795,18,2266.256751
-294.557393,12,2270.391515
-357.913235,12,2274.289382
-298.164013,20,2281.597887
-206.901941,17,2286.980881
-297.819237,10,2290.616448
-372.66785,11,2294.353035
-253.918237,15,2298.907341
-273.033659,17,2304.497101
-275.922841,18,2313.501597
-187.977187,15,2319.201669
-121.461451,12,2322.751975
-312.385435,14,2327.164018
-318.59112,12,2333.510743
-167.004532,16,2339.295713
-248.657935,16,2344.33544
-274.908415,13,2350.575472
-242.185874,19,2357.328257
-261.32743,19,2364.232823
-340.37549,21,2371.417923
-333.900804,19,2377.765444
-260.759659,13,2382.234911
-324.986293,14,2389.921927
-228.195603,16,2396.474178
-236.149671,17,2403.941042
-352.671723,17,2409.52192
-197.139534,18,2416.322524
-226.912863,16,2421.418927
-216.370893,22,2429.342216
-230.929225,14,2435.69551
-280.390742,11,2439.435046
-281.187532,18,2449.195371
-240.360912,16,2454.386156
-242.657347,19,2462.130176
-328.881349,13,2467.136761
-221.585547,19,2473.485647
-266.864698,14,2478.224456
-280.157448,13,2483.906965
-315.490636,22,2491.37971
-253.232019,18,2496.744192
-252.052625,16,2502.279715
-286.451668,17,2508.296173
-282.671299,18,2513.829595
-309.264228,21,2522.834482
-252.785323,20,2530.936348
-221.371749,16,2536.298185
-423.365466,19,2543.971264
-318.242898,21,2552.657965
-309.409886,12,2556.612286
-256.900927,17,2563.481909
-269.786288,15,2569.136709
-310.356393,17,2575.668317
-313.152755,19,2582.767034
-241.552588,16,2587.513118
-279.168338,18,2595.377036
-231.129642,17,2601.160514
-257.7036,10,2605.026104
-337.072625,19,2613.54149
-216.051294,20,2622.226356
-302.142982,16,2628.355144
-233.080921,18,2636.390119
-286.711313,12,2639.658626
-364.314596,17,2645.342483
-300.803379,18,2650.677214
-321.464179,16,2658.25143
-331.368957,16,2664.350228
-284.707436,20,2671.547364
-241.765558,17,2677.142697
-235.865525,18,2684.217143
-242.268145,19,2692.339284
-386.155053,17,2700.141288
-284.392678,17,2705.83989
-283.621229,17,2711.756479
-234.975815,22,2720.442193
-283.367469,19,2728.454116
-293.274805,20,2734.927416
-300.172898,16,2739.935096
-355.282503,16,2745.045342
-243.781295,16,2750.988568
-287.462113,19,2756.814658
-255.153059,12,2763.087588
-236.850974,20,2771.928061
-280.600376,18,2777.477262
-347.144041,13,2782.458805
-249.083861,15,2787.189815
-270.419434,18,2792.635257
-250.262449,18,2799.278697
-293.455927,22,2807.657124
-336.684264,18,2813.855305
-263.353679,12,2817.48859
-246.424377,15,2824.668745
-248.059161,17,2830.838609
-227.010806,15,2836.017461
-369.496817,15,2844.810477
-303.839103,14,2850.00361
-265.176508,15,2854.99259
-271.724785,15,2859.721754
-242.131978,19,2865.60867
-244.665187,18,2872.447484
-270.172121,22,2880.541201
-238.541198,15,2887.965789
-309.224341,21,2895.698133
-249.601453,17,2902.743524
-271.663147,18,2909.338313
-235.578865,18,2915.31609
-249.18931,14,2920.169829
-287.540121,13,2924.947952
-254.48793,20,2932.103932
-241.636426,19,2938.963153
-282.771739,15,2943.895897
-308.328716,11,2947.512976
-278.281001,15,2953.468317
-298.798374,17,2959.500915
-292.782979,18,2965.157421
-267.654604,20,2971.418172
-259.789049,22,2979.887291
-305.983661,10,2983.27119
-383.773407,21,2990.222619
-221.445074,14,2995.458832
-252.1588,16,3000.336647
-244.611368,20,3006.644028
-279.84604,18,3012.270063
-271.694786,17,3018.190487
-238.480489,20,3024.713227
-341.415185,18,3030.372375
-300.625935,13,3034.80835
-265.461447,14,3039.932828
-310.116499,14,3044.578503
-265.88234,20,3052.999649
-308.977705,21,3062.653679
-279.558003,17,3068.16733
-255.843236,12,3071.848888
-273.726234,15,3078.129026
-275.670063,14,3152.068966
-241.044959,22,3161.108173
-213.576548,17,3166.901718
-260.384351,19,3175.471549
-268.22458,20,3182.045847
-311.275744,21,3188.883061
-243.330775,14,3194.872568
-294.360192,13,3199.527403
-270.591476,13,3204.250902
-242.898608,17,3212.572108
-293.870734,20,3219.076174
-335.996343,16,3225.345726
-217.931469,17,3231.164774
-252.835945,22,3239.278404
-236.643958,18,3249.552817
-315.270737,21,3257.131301
-311.315064,14,3262.412874
-285.725432,16,3268.125278
-263.066872,14,3273.11863
-252.514305,16,3278.909574
-315.310005,18,3284.935256
-273.181456,10,3288.278162
-284.715421,16,3295.400253
-261.897391,18,3301.886855
-372.446016,13,3307.349922
-242.87836,16,3312.702285
-215.015503,21,3320.173435
-272.815692,15,3324.911608
-276.334163,12,3330.649544
-278.619754,11,3334.860381
-356.359692,18,3340.936277
-252.351434,23,3349.018753
-293.779588,17,3354.760878
-325.266085,9,3358.293759
-252.805157,13,3363.753789
-276.05137,15,3369.369031
-274.533182,23,3378.681713
-195.922256,22,3387.973813
-239.172304,10,3392.791532
-269.993471,15,3399.701259
-285.020062,14,3403.792882
-364.768727,18,3410.328042
-295.027759,21,3417.951054
-267.0128,18,3426.078297
-353.600665,24,3434.634832
-311.119662,21,3442.880836
-252.901548,16,3447.946855
-211.182676,17,3455.092961
-287.986363,20,3464.284588
-272.204825,18,3470.37742
-251.394258,17,3476.512551
-281.661984,13,3480.931029
-276.590921,14,3485.632971
-473.754785,15,3491.183084
-291.882632,20,3497.975799
-305.151026,22,3505.275645
-237.664226,16,3511.675955
-258.762826,20,3521.167411
-274.493671,17,3527.372859
-293.375771,16,3532.654227
-309.751035,19,3539.257168
-275.252582,21,3546.890968
-359.331206,12,3551.945138
-341.664097,19,3558.324151
-292.659657,17,3564.61932
-196.235668,21,3571.985818
-241.317396,20,3578.806568
-280.099059,18,3586.188174
-278.268107,18,3593.406427
-282.735349,13,3598.612717
-341.364971,12,3603.37641
-259.987767,16,3611.400495
-330.973072,19,3619.105442
-163.741707,16,3625.144411
-276.054157,21,3634.1611
-206.675585,16,3639.688798
-283.794918,15,3645.913675
-308.576878,17,3652.076735
-279.762841,15,3661.262349
-315.018749,13,3665.65439
-298.762863,18,3675.553637
-243.925974,19,3682.233072
-268.787966,16,3688.594606
-228.941529,17,3694.517508
-268.325638,20,3701.218341
-295.109502,19,3707.370083
-227.280499,18,3713.67791
-313.223655,15,3719.686703
-290.399583,25,3728.838187
-264.656974,17,3735.284003
-220.41256,18,3741.91065
-283.974245,13,3747.467456
-273.569355,11,3751.71688
-250.466725,15,3757.02486
-280.054056,16,3763.171735
-189.537617,14,3767.717602
-319.510952,12,3772.664772
-299.701099,9,3777.54183
-285.956436,19,3784.022943
-184.275281,11,3788.920523
-309.406793,12,3794.051975
-256.453546,18,3803.026119
-157.56372,13,3808.329485
-259.491837,19,3815.786385
-226.650532,18,3822.155706
-235.411869,16,3829.888062
-285.791717,15,3836.349006
-258.936006,19,3845.550775
-210.749885,16,3852.404437
-206.700343,20,3861.468989
-239.92532,15,3867.01571
-335.269933,15,3873.039891
-254.532986,19,3882.352277
-227.695915,18,3888.485253
-257.360338,22,3896.511359
-237.647044,15,3902.376127
-268.214911,18,3909.921746
-287.169798,11,3914.208654
-282.885004,18,3921.665468
-395.708997,17,3929.454108
-324.335325,19,3936.273377
-295.550073,15,3941.693672
-259.541795,14,3949.322088
-255.912413,15,3956.787936
-280.646134,20,3963.40261
-250.117179,20,3970.542666
-267.219525,19,3977.07618
-361.769738,17,3982.804958
-251.025425,17,3988.366212
-235.10661,21,3995.350158
-265.267699,15,4001.403731
-225.901869,18,4008.848891
-285.330724,14,4016.940268
-346.431271,15,4022.960534
-252.406382,15,4028.851163
-152.619858,13,4033.445369
-284.135,11,4036.948548
-251.259143,18,4043.717298
-266.579498,19,4050.227257
-328.854339,24,4058.5561
-309.612896,21,4066.100763
-260.126731,18,4072.432612
-248.573026,17,4078.181866
-311.2029,20,4086.359588
-249.587861,18,4093.443529
-326.288466,13,4098.628052
-311.761532,15,4103.316289
-247.520679,18,4110.479232
-292.276489,20,4118.33565
-233.924148,18,4125.054097
-341.047608,19,4131.153564
-274.675148,12,4135.858751
-262.515348,18,4142.61355
-284.254519,23,4150.657114
-225.085229,21,4160.379166
-323.890191,15,4166.104363
-324.825953,24,4174.925645
-240.798579,11,4181.463123
-269.965785,15,4186.365532
-263.669913,18,4193.035271
-265.790564,20,4201.841773
-276.074318,17,4208.00141
-333.007069,23,4216.372106
-290.402359,18,4223.710178
-217.168574,21,4231.05324
-288.645644,21,4238.679055
-240.936373,21,4246.62919
-258.10229,14,4253.645912
-294.348669,15,4259.434489
-323.256073,15,4264.904739
-243.249915,13,4270.192205
-305.597964,13,4275.596333
-386.623847,15,4280.869923
-354.039761,14,4288.302299
-265.912786,20,4294.967956
-299.148625,14,4300.597339
-321.393895,14,4305.363954
-287.604427,18,4311.542676
-240.862388,16,4317.250621
-217.822352,17,4323.72603
-231.558069,14,4329.145763
-266.814697,17,4336.050829
-182.242238,11,4340.092937
-258.727411,13,4344.955861
-236.847165,18,4351.144022
-257.738423,18,4357.287407
-322.416138,17,4362.891563
-298.346287,16,4368.405645
-277.313607,16,4375.698375
-334.048873,17,4381.44739
-281.978962,18,4389.043662
-216.892824,18,4395.148151
-277.973545,18,4402.214494
-335.747951,17,4408.281711
-194.699034,18,4415.358953
-284.154727,21,4422.375495
-285.076302,23,4431.536974
-268.946743,18,4440.769284
-279.031784,19,4448.905044
-277.430775,13,4454.561533
-235.9064,19,4461.777179
-300.388208,13,4466.508759
-275.436686,14,4472.229462
-337.504921,20,4479.424726
-248.686377,16,4486.46656
-259.248383,20,4493.778906
-301.457397,22,4502.356145
-273.638531,17,4508.057207
-295.508323,19,4516.641945
-270.768462,14,4523.820188
-169.071262,15,4528.770403
-295.342434,16,4535.789836
-254.097362,13,4540.637529
-262.639879,17,4548.541117
-157.54509,11,4552.350585
-291.226857,15,4558.270696
-372.839885,17,4564.184819
-325.158583,17,4570.736597
-304.473655,18,4578.090147
-289.030225,13,4583.155393
-287.890536,18,4590.171449
-163.584388,17,4596.803599
-224.374775,16,4603.947688
-279.459039,17,4610.417989
-367.678389,19,4616.878043
-333.621095,22,4626.368737
-252.93346,19,4633.580015
-301.210084,16,4639.339346
-245.942519,20,4646.467812
-265.860099,23,4654.109531
-255.719744,19,4662.405671
-341.083199,21,4668.996793
-285.781978,24,4678.027867
-235.699564,21,4686.774657
-247.517103,13,4692.87986
-241.479464,17,4698.774989
-276.288029,18,4704.88725
-228.652564,16,4710.364413
-258.01582,13,4716.592267
-318.750043,20,4723.759798
-222.683682,14,4732.488851
-297.604075,19,4740.12491
-337.044442,19,4746.302624
-255.040433,13,4752.484361
-255.436082,15,4758.015471
-318.054354,16,4764.980411
-331.670653,17,4772.097433
-291.733406,17,4778.559654
-272.837817,17,4785.741372
-242.520587,15,4791.095057
-248.611143,17,4796.757971
-298.421007,16,4803.341719
-152.28009,12,4808.40316
-246.659088,12,4813.142506
-376.044114,21,4821.640909
-272.038939,25,4829.952945
-396.174257,17,4835.79179
-273.189559,17,4841.532246
-230.626453,18,4847.603198
-255.663097,18,4855.114258
-247.399201,14,4860.191108
-354.798362,14,4865.550494
-290.86674,20,4872.938281
-220.971039,18,4879.475303
-292.794241,18,4886.277944
-271.590993,16,4892.869405
-243.594596,14,4898.256092
-251.867217,14,4903.309483
-243.261391,16,4911.233269
-243.578774,15,4917.313569
-265.518084,16,4923.729569
-267.778583,20,4932.84846
-346.715347,16,4938.660294
-315.495082,18,4945.059772
-227.394272,18,4951.738111
-297.139498,17,4958.610306
-234.883788,18,4964.685416
-221.237613,16,4971.963145
-228.424902,12,4976.084524
-261.257613,16,4982.095146
-257.993125,17,4987.457629
-265.277183,16,4993.155012
-267.190859,16,5000.190737
-231.90383,20,5008.795037
-378.820144,20,5016.23185
-267.971721,19,5023.39124
-238.379764,17,5029.866988
-275.851006,17,5035.498476
-266.623113,15,5041.976553
-259.809628,22,5049.949553
-292.081393,18,5056.2664
-278.170816,16,5061.991001
-232.734757,18,5068.271066
-307.399294,17,5074.865818
-262.89969,14,5080.370379
-219.251589,22,5091.190711
-253.931147,21,5098.814829
-262.873561,12,5105.019793
-305.88471,23,5113.420254
-259.514699,15,5118.676126
-257.393337,17,5126.163208
-342.984848,11,5131.950112
-342.211582,19,5139.594651
-326.310119,22,5147.683262
-269.140869,19,5155.085554
-232.424559,15,5162.196074
-276.320685,15,5167.541247
-276.478504,16,5174.010612
-278.722211,18,5180.290362
-250.87501,16,5186.955021
-232.732192,17,5193.835312
-361.541345,16,5199.248634
-330.180406,17,5204.918469
-274.491379,11,5208.620012
-223.790903,16,5215.064812
-296.647096,22,5224.070651
-335.763645,22,5232.209753
-221.142962,17,5240.313538
-221.516403,18,5246.703905
-318.327945,16,5252.654598
-242.146246,19,5259.948363
-224.841999,18,5267.048928
-298.028678,20,5274.326697
-305.841942,15,5280.401042
-302.36716,14,5285.06619
-305.107782,21,5293.094086
-239.540979,17,5299.65309
-365.736311,16,5304.85544
-291.999602,11,5309.094796
-268.823922,13,5313.910244
-296.785229,21,5322.982083
-291.914029,23,5332.388937
-328.192491,15,5337.925275
-235.988479,23,5346.986659
-304.87801,20,5354.153466
-288.804494,14,5360.235553
-341.435496,18,5368.77747
-194.802054,18,5375.017378
-190.574467,18,5381.470489
-172.207593,14,5386.051839
-239.160553,16,5392.716565
-289.530651,16,5397.969951
-244.376497,14,5403.212826
-198.034307,20,5409.830168
-277.803928,16,5416.056381
-270.175415,21,5422.867323
-274.70275,16,5428.696962
-326.525459,15,5434.057656
-239.915605,12,5440.286207
-287.142614,13,5445.119834
-356.024993,11,5449.058494
-274.800798,16,5454.782952
-283.115098,23,5464.508204
-252.546962,18,5470.671841
-199.105683,16,5476.400453
-275.20632,17,5483.695628
-310.330204,15,5490.823992
-200.267269,17,5497.149612
-267.339937,22,5505.455907
-263.551937,17,5511.082059
-215.557984,23,5518.317278
-291.543417,19,5525.335838
-219.444235,13,5530.45265
-309.294487,21,5538.125542
-227.1868,20,5545.525199
-237.429377,17,5551.386969
-239.028759,20,5562.662596
-204.615068,19,5570.015659
-269.0143,19,5578.072784
-264.331821,16,5586.785846
-316.776935,18,5593.492198
-243.467425,14,5599.465297
-250.907451,21,5607.938906
-235.70462,19,5614.133353
-297.014549,21,5622.495766
-261.849947,21,5631.034633
-453.532353,20,5637.985148
-261.897922,16,5644.355756
-254.062851,16,5651.948311
-267.854518,18,5657.901166
-210.970021,17,5665.572361
-225.466928,17,5671.607847
-270.156779,19,5678.402489
-246.762179,16,5684.88135
-277.838751,17,5690.941292
-317.998334,19,5699.513659
-304.704981,13,5703.945241
-278.02684,21,5712.303481
-294.230722,21,5719.921535
-283.000087,13,5727.337904
-230.538573,20,5734.207903
-308.720844,15,5740.293844
-255.22035,14,5746.206431
-364.429237,18,5753.017133
-286.421983,14,5757.918452
-288.255373,17,5763.469815
-323.903069,13,5768.321004
-253.17282,19,5775.695298
-306.313122,17,5781.627011
-297.286193,15,5787.411015
-310.093552,16,5793.484563
-272.438022,15,5801.120525
-195.818344,11,5806.432786
-292.51785,13,5812.653208
-278.557066,16,5818.555079
-457.846814,22,5826.727429
-243.925755,13,5832.065844
-250.420346,14,5838.904952
-345.226456,22,5848.320957
-212.019962,15,5854.639239
-303.513788,20,5863.400274
-319.752197,16,5868.697939
-309.970554,19,5876.64506
-202.227347,21,5883.498181
-264.112657,16,5888.9687
-241.758127,17,5895.143408
-319.216317,19,5902.064736
-298.121522,16,5907.840131
-364.962871,19,5916.91735
-218.916592,21,5925.386108
-289.1442,16,5931.93267
-325.346718,21,5939.185467
-247.511916,12,5943.472002
-281.536977,10,5947.96303
-293.306799,13,5952.965585
-263.58177,13,5959.552305
-238.4812,17,5966.356683
-197.122719,19,5973.293392
-257.143487,14,5978.754177
-222.139024,16,5984.709502
-281.059735,17,5991.697511
-280.417257,18,5997.98405
-275.992955,16,6005.220132
-235.241564,14,6009.714451
-265.972764,19,6016.668867
-247.252889,15,6021.803031
-235.380138,20,6029.457726
-252.22995,18,6036.234864
-270.340818,15,6041.759992
-253.271998,18,6048.589872
-308.529268,18,6054.980684
-204.551129,18,6061.613582
-245.579905,21,6069.237663
-267.597558,16,6075.677289
-276.251045,21,6086.179439
-212.972937,14,6091.467339
-305.64799,13,6097.177109
-235.178105,19,6104.167876
-287.300324,15,6109.493602
-279.668887,22,6116.774034
-368.698462,19,6123.171977
-271.901845,16,6128.827405
-267.854288,17,6135.484461
-245.378611,11,6141.105521
-274.478234,17,6148.079974
-361.592319,20,6154.747284
-266.399062,19,6162.431909
-223.60002,20,6169.310233
-240.117323,15,6174.503944
-336.191529,15,6183.211418
-285.343163,17,6189.123089
-228.545086,19,6196.118539
-288.280853,15,6202.460609
-271.558463,22,6209.773337
-234.872438,15,6215.543328
-412.705551,18,6221.466876
-330.047583,15,6227.57179
-332.593593,11,6233.163497
-266.977644,20,6240.814057
-223.054993,23,6249.778426
-365.822537,21,6257.708376
-169.486096,12,6262.716838
-217.960462,16,6268.452561
-186.000098,13,6272.960114
-234.217419,15,6279.899384
-350.3009,18,6286.456349
-273.886103,19,6294.525848
-299.778325,11,6299.033711
-247.905967,14,6304.624153
-277.990371,17,6310.708915
-207.240769,20,6318.51143
-151.963443,14,6324.2403
-287.114126,17,6331.101805
-219.315026,22,6340.433172
-219.773552,14,6345.561097
-249.853602,15,6350.520491
-266.710127,13,6355.171426
-124.086649,13,6361.282606
-297.267753,22,6369.856935
-297.221581,16,6376.139765
-244.34562,17,6383.976758
-366.626382,19,6459.21762
-342.546839,22,6467.103691
-289.900418,19,6474.647712
-286.553345,23,6482.745809
-169.019728,11,6487.702576
-291.626135,18,6493.960691
-261.877734,21,6502.043476
-388.603792,20,6508.546057
-280.183655,16,6515.892493
-331.017781,21,6523.611239
-203.704796,15,6528.469708
-294.161987,19,6534.496
-265.651933,20,6541.74504
-253.37609,15,6548.292559
-279.805657,18,6556.102433
-204.75735,21,6563.12221
-263.220156,16,6568.450001
-230.973354,16,6573.820844
-241.864972,17,6579.755692
-233.268431,20,6587.72765
-229.734895,19,6596.126172
-217.379085,19,6603.830264
-240.390894,18,6610.072301
-230.723885,18,6617.421216
-219.519585,17,6623.288834
-193.846977,20,6630.625011
-219.067026,18,6638.53246
-233.593258,20,6645.654918
-246.574972,19,6652.397017
-296.21819,25,6662.449111
-184.462212,17,6668.536357
-260.993159,19,6675.815142
-251.408682,17,6684.660273
-297.855894,11,6688.07054
-274.430333,18,6693.986193
-152.75059,9,6697.823179
-385.270647,19,6707.072471
-190.792114,14,6712.519283
-210.266381,17,6718.145953
-358.231947,21,6727.144717
-281.092765,18,6733.398709
-338.930018,17,6739.12804
-311.352673,18,6745.535979
-231.496544,19,6753.121069
-301.223186,17,6758.821294
-340.532272,17,6764.992801
-276.815169,18,6771.081308
-277.875865,17,6776.838241
-230.401311,20,6783.933487
-353.10575,16,6790.143272
-263.53308,21,6799.760467
-308.200744,20,6806.832301
-229.763901,16,6812.064584
-278.36061,19,6819.582762
-217.40428,19,6827.142935
-250.749728,17,6833.27373
-243.557868,15,6839.599869
-281.27266,17,6847.190339
-242.208725,18,6854.322365
-330.829672,21,6861.46507
-253.316418,17,6869.46908
-284.114319,15,6875.293005
-277.010835,11,6880.299348
-267.964116,20,6889.092894
-262.426656,20,6896.467753
-319.656961,20,6903.707208
-261.575357,16,6909.257179
-320.17181,16,6917.062541
-253.893307,19,6923.526324
-378.08145,16,6930.997219
-285.389352,15,6938.741445
-345.23246,23,6947.934247
-237.611349,17,6954.216659
-251.304724,17,6959.951572
-302.781208,20,6967.955972
-366.977666,18,6974.530702
-255.20248,20,6981.683399
-273.695698,19,6988.874396
-322.838645,10,6992.874674
-207.55688,18,6999.623352
-311.291093,14,7005.753908
-257.500204,20,7012.818856
-303.648449,19,7021.378238
-291.015953,19,7028.216763
-264.787399,22,7036.081374
-306.619573,21,7043.109134
-265.088276,18,7049.020077
-228.835007,21,7057.367063
-240.766898,17,7064.921493
-171.481061,20,7072.132278
-256.300957,11,7075.884308
-248.938052,22,7083.480634
-260.151931,13,7089.66003
-278.572945,22,7097.555046
-291.66396,13,7102.237323
-258.95274,19,7108.308343
-244.980841,21,7115.394402
-304.74221,13,7121.643991
-309.14655,15,7129.044844
-295.667613,17,7135.478153
-264.554543,19,7141.977134
-238.57406,19,7150.15651
-245.412875,19,7157.072671
-297.106523,15,7163.562403
-280.588458,20,7172.381839
-228.931831,16,7179.429485
-259.092417,20,7185.960542
-257.973687,13,7192.095664
-281.861178,20,7199.633494
-219.171551,22,7211.436699
-282.288655,18,7218.771959
-390.85163,16,7226.339389
-216.861892,18,7232.521592
-254.557348,18,7238.955089
-214.51198,25,7248.2981
-216.581345,16,7254.801242
-261.693715,18,7261.813128
-279.143049,21,7268.925068
-263.599326,19,7275.287795
-351.70418,19,7283.077889
-258.405583,21,7291.204277
-281.517563,17,7299.277502
-230.843522,20,7306.981453
-308.824442,16,7313.354679
-237.343979,20,7320.952217
-270.794903,16,7329.894504
-160.424434,16,7336.856424
-231.772897,18,7342.671928
-259.021196,19,7349.878777
-226.131369,17,7357.490363
-303.876844,16,7364.144642
-194.285917,16,7372.154033
-206.235411,19,7378.722367
-246.040309,17,7386.891873
-257.266087,13,7392.147719
-216.661804,16,7397.377863
-224.433065,19,7404.632128
-291.856031,20,7411.851599
-332.705291,15,7416.969497
-204.130912,19,7423.540104
-236.075414,19,7432.398426
-296.588746,19,7440.863576
-294.853139,18,7446.98343
-294.959992,23,7457.75671
-284.516665,21,7464.846678
-160.801078,15,7470.091714
-238.436602,20,7478.429306
-250.527952,13,7484.496378
-231.656791,20,7491.527002
-290.091706,18,7498.647725
-157.634303,19,7506.808185
-317.833794,12,7510.90719
-310.385611,24,7519.600399
-333.382968,22,7527.306597
-318.338451,16,7533.697292
-281.376981,15,7539.450398
-273.200874,19,7545.887462
-256.124287,20,7553.710082
-254.974151,17,7561.822742
-230.581673,16,7568.803442
-270.156823,19,7576.696423
-467.009566,22,7586.466413
-237.235797,15,7592.421365
-121.372433,12,7597.503626
-262.181125,18,7604.436378
-306.862021,19,7612.12165
-253.459744,17,7618.15083
-226.102436,21,7626.610315
-219.669288,16,7633.078415
-261.346758,21,7641.888449
-276.640364,13,7646.631952
-226.302672,17,7652.499329
-294.136278,20,7660.306887
-144.715949,18,7667.438872
-281.582554,17,7674.466138
-233.494218,16,7679.976849
-223.947005,18,7686.954855
-426.371288,16,7692.910367
-282.405315,10,7697.992122
-226.217407,17,7704.206541
-248.445898,13,7708.932868
-306.725412,21,7715.670401
-337.418718,19,7721.966924
-263.577693,20,7730.439018
-315.817579,17,7736.680136
-312.804193,20,7743.852248
-266.113613,13,7749.615969
-314.378048,14,7755.329615
-278.856733,19,7763.844356
-239.480036,15,7771.1027
-246.639573,17,7778.377301
-258.990738,17,7784.248443
-246.999796,24,7792.995616
-264.290802,19,7800.704517
-269.616608,22,7808.011806
-232.664208,17,7818.439986
-342.63296,13,7823.458638
-214.34761,16,7830.914316
-290.366596,17,7836.969696
-265.288158,18,7842.918031
-268.748179,21,7850.938874
-252.257884,16,7857.151559
-181.839021,16,7862.550028
-283.943093,21,7870.548124
-401.523978,17,7877.747501
-265.884136,17,7884.265284
-311.959867,18,7890.249307
-287.171849,16,7897.665726
-308.78966,12,7902.830155
-253.773375,18,7909.762421
-305.962679,15,7915.319994
-280.519698,13,7920.275136
-232.450909,16,7926.420649
-282.931139,17,7932.457935
-208.822005,14,7937.299797
-286.765305,18,7943.697684
-225.001289,16,7950.287772
-361.603955,12,7956.598415
-278.588565,22,7966.336864
-309.894504,17,7973.972726
-274.302236,19,7980.028641
-181.721245,9,7983.818165
-207.52939,10,7987.880873
-266.743568,13,7992.904769
-272.069029,15,7999.659528
-247.786281,22,8008.35806
-258.51157,20,8016.285141
-198.602106,20,8023.409768
-335.634285,16,8028.672674
-204.732746,22,8035.608607
-288.376373,12,8040.088776
-252.391781,14,8046.068465
-196.67881,20,8053.792198
-311.868423,20,8060.812848
-281.790026,18,8068.008764
-191.581721,19,8074.460132
-265.86953,14,8079.796193
-320.301282,19,8088.302526
-295.183597,21,8095.175114
-261.437852,17,8100.621414
-250.590103,13,8107.164985
-306.427878,15,8112.746725
-313.743099,17,8118.579115
-139.63402,14,8124.379921
-327.114998,10,8129.613392
-247.999296,19,8136.727458
-244.770127,22,8144.014716
-365.723925,18,8152.331886
-272.56755,18,8160.266947
-284.375296,14,8166.134508
-359.004315,18,8172.276234
-287.004466,20,8180.885877
-268.746497,15,8187.720877
-363.85255,14,8192.162527
-273.495795,18,8200.035361
-339.112461,12,8206.223794
-262.555489,22,8215.52053
-242.550859,19,8223.233924
-318.929234,20,8233.962325
-311.08694,15,8239.460419
-316.67232,12,8244.810114
-281.305393,9,8248.512406
-255.405985,13,8255.209821
-194.139756,15,8260.105251
-201.724658,22,8267.62744
-302.12457,15,8274.64377
-217.769059,17,8281.807334
-286.817383,16,8287.226016
-227.251087,19,8294.073881
-248.340418,17,8300.380296
-266.038653,19,8310.040223
-266.39188,20,8318.534837
-268.936994,17,8324.952494
-225.827296,21,8332.442389
-250.704049,20,8340.219193
-269.284159,11,8343.967512
-268.353865,16,8349.989989
-306.940843,18,8358.017469
-183.571189,15,8365.879638
-207.923437,21,8373.241108
-263.637881,22,8380.296946
-304.074763,14,8385.35072
-245.514213,17,8392.019585
-238.355216,15,8397.872644
-157.109957,15,8402.656349
-250.550985,13,8408.51661
-294.190067,18,8414.879095
-275.145104,12,8419.86657
-323.846521,17,8426.660605
-215.646129,19,8433.27368
-249.42233,20,8441.81166
-186.405189,19,8448.258885
-211.958715,20,8455.403462
-216.61254,20,8462.435157
-222.735009,17,8469.729004
-270.844318,15,8475.269598
-282.417963,13,8479.466791
-357.779025,16,8485.894087
-227.607988,22,8494.647706
-224.475692,12,8498.627582
-297.256858,19,8505.229782
-244.470748,16,8513.506997
-261.236001,17,8519.166277
-247.588697,14,8524.6976
-214.123035,17,8531.44428
-264.713918,19,8541.443687
-301.575183,16,8547.857304
-329.621729,17,8554.284539
-344.452223,18,8560.412395
-226.470961,21,8568.26992
-232.265395,22,8577.0353
-258.171987,19,8585.124052
-217.202935,13,8592.554912
-302.653925,23,8601.767775
-353.453274,23,8610.98833
-215.958092,15,8618.086305
-254.708977,16,8624.292075
-250.393062,17,8631.505677
-260.98122,18,8637.948455
-298.616599,10,8641.800716
-204.838743,19,8648.661856
-274.602203,17,8655.633223
-228.799682,20,8663.60114
-261.460386,16,8669.492373
-289.171568,19,8677.51343
-348.551631,18,8683.914438
-335.441335,12,8688.034716
-296.538861,19,8695.190829
-237.787879,22,8704.703899
-232.732253,17,8711.066615
-261.991953,8,8714.0314
-297.036482,17,8721.713624
-251.213261,13,8726.40995
-280.581892,19,8733.420948
-261.047365,17,8739.561711
-261.293562,16,8745.282489
-267.476241,18,8751.974736
-448.460351,21,8759.712025
-220.254389,18,8766.992178
-306.484665,15,8773.229861
-215.135964,20,8780.262974
-308.127439,16,8786.113246
-248.55155,19,8793.2874
-293.930287,16,8798.766006
-296.500317,18,8804.672189
-293.107866,17,8810.84822
-317.172721,15,8816.215306
-245.398281,20,8823.955645
-265.650308,18,8831.120203
-222.385367,17,8838.53893
-262.330304,16,8843.989452
-275.691517,17,8850.04854
-182.365022,18,8856.172438
-218.841615,19,8863.13549
-218.678177,16,8868.469044
-228.272057,16,8873.823129
-305.474238,16,8879.993037
-232.529126,22,8889.314365
-274.174065,15,8895.940234
-327.196195,21,8905.125158
-269.061862,10,8909.603282
-245.627456,13,8914.158554
-276.744657,19,8920.61341
-310.29815,14,8925.237004
-258.69378,17,8931.750675
-339.606126,20,8939.002692
-393.282443,19,8947.784093
-365.139822,16,8953.91825
-279.684938,19,8961.780095
-229.474862,18,8969.128388
-291.019502,19,8976.278815
-248.630342,20,8985.606611
-347.391692,20,8993.788096
-211.676372,16,8999.692869
-330.897398,18,9005.776142
-238.969053,21,9013.242962
-261.26734,19,9020.874265
-421.829821,21,9030.992873
-252.123016,17,9042.193584
-240.254658,15,9051.555509
-133.988475,18,9058.89338
-323.296945,15,9063.955133
-248.091017,18,9071.028876
-193.948922,18,9078.091441
-317.769526,13,9084.027827
-271.747665,17,9090.491323
-252.966961,18,9097.652376
-234.679647,14,9103.494269
-265.819956,18,9109.463656
-283.385496,17,9116.506331
-267.16256,17,9122.00878
-206.883573,17,9128.150788
-278.522622,16,9135.511663
-216.138912,23,9144.381932
-175.500344,14,9149.247734
-293.861232,10,9153.496737
-254.255848,18,9160.492978
-316.817131,25,9169.082753
-253.362444,21,9176.05014
-279.850448,13,9181.886928
-244.44219,18,9189.78986
-244.64477,12,9193.731369
-256.929846,19,9200.096314
-229.691243,17,9206.968253
-211.898149,18,9214.147834
-386.82529,18,9221.092079
-291.505832,15,9227.344038
-272.300586,19,9234.089841
-254.297756,16,9240.06361
-257.60527,14,9245.481426
-244.255571,15,9251.433115
-301.713878,18,9257.910026
-281.115553,10,9261.57987
-269.908217,18,9270.061429
-263.866365,21,9277.821114
-270.883854,20,9284.764575
-324.697487,20,9291.550209
-311.728936,21,9299.712488
-307.233945,21,9307.782648
-300.957457,17,9314.016229
-231.233137,14,9318.857083
-296.311774,20,9326.758351
-265.941909,18,9334.779593
-273.559626,20,9341.838602
-325.089999,20,9348.935057
-275.804954,21,9356.578923
-290.282636,21,9364.0277
-260.677208,19,9372.545658
-278.672929,18,9378.49937
-310.065676,13,9383.078972
-232.837534,17,9391.241945
-235.439985,17,9397.101345
-274.089283,23,9405.306019
-250.22776,23,9414.252003
-248.133996,16,9420.076678
-288.286558,14,9426.140108
-342.257047,17,9433.883703
-278.293851,19,9440.870484
-258.996535,21,9447.84677
-332.388028,15,9452.773435
-252.17998,17,9459.248115
-154.350355,14,9464.239186
-259.119627,21,9472.941923
-285.980339,16,9481.153064
-284.236728,21,9490.035989
-270.766948,14,9497.006677
-230.828142,17,9503.762824
-256.472977,11,9508.727963
-263.556079,12,9512.907796
-201.342213,19,9519.778848
-219.76846,18,9525.665664
-206.95144,22,9533.51863
-180.818377,16,9538.640972
-251.765249,19,9547.325376
-277.842333,17,9553.557489
-259.338819,17,9559.35183
-269.347918,18,9566.758359
-250.977488,18,9573.07414
-259.871317,19,9580.047303
-230.808613,18,9587.081649
-257.058906,16,9594.324491
-228.072383,13,9599.631185
-293.338906,20,9608.105901
-266.451773,14,9613.959118
-270.344425,22,9621.395428
-283.955286,15,9628.799652
-309.984342,18,9635.242922
-237.006003,11,9639.175617
-313.105964,15,9644.074381
-302.936457,11,9648.349821
-271.175823,17,9655.139885
-235.460541,20,9664.569349
-297.21199,12,9670.936209
-215.77579,20,9680.126688
-207.685107,19,9686.667082
-265.37149,17,9692.847872
-320.877745,21,9701.010868
-278.718535,23,9711.300021
-250.137748,18,9788.530125
-297.429121,15,9794.731576
-292.376726,18,9801.632274
-265.036619,17,9807.193837
-196.733927,19,9813.504474
-225.807585,13,9820.513638
-306.809684,22,9829.892065
-278.854311,17,9836.23782
-313.735928,17,9845.639714
-235.875541,18,9853.240705
-277.113525,23,9862.219767
-211.759617,16,9868.191377
-371.971301,22,9877.402391
-392.041172,19,9884.503211
-244.754339,19,9891.845582
-147.671389,14,9896.670054
-349.792555,15,9902.598456
-224.045134,20,9909.522729
-301.221922,18,9918.014403
-266.365999,16,9923.820431
-210.292434,22,9932.125054
-248.207799,20,9939.258315
-287.20241,21,9947.48872
-322.746342,19,9953.792444
-261.134856,16,9960.625302
-339.9757,17,9969.030928
-331.325625,19,9975.708704
-267.973786,21,9983.713174
-291.940485,17,9990.613142
-282.089307,20,9998.503384
-268.505869,15,10004.088589
-300.317867,20,10012.369259
-248.07544,17,10018.83205
-373.736714,17,10024.3723
-282.675162,18,10032.06039
-290.976258,15,10040.506024
-285.423885,17,10046.405469
-294.192302,16,10052.397788
-197.108738,22,10060.099558
-301.661119,18,10066.842062
-270.232959,12,10071.477917
-174.210292,15,10076.692822
-299.372631,18,10082.84659
-216.604631,14,10090.162766
-292.84724,17,10095.753344
-296.778033,12,10099.754039
-257.121191,17,10106.497586
-196.924809,18,10112.761407
-273.896874,17,10118.689055
-258.456262,14,10123.772449
-215.852202,17,10131.082219
-319.233466,18,10139.086915
-296.844359,8,10142.491539
-328.873397,20,10151.038413
-310.136308,20,10159.892138
-194.897828,18,10166.338732
-200.918942,21,10174.287366
-282.163064,17,10181.015437
-249.407716,20,10189.045171
-294.937003,16,10196.166535
-347.602792,20,10203.475446
-235.023228,19,10211.413718
-232.59622,15,10218.655266
-273.299553,15,10224.935224
-265.100115,15,10230.467381
-287.495264,16,10237.823181
-271.745665,18,10245.248336
-385.848451,21,10253.52647
-305.762333,18,10259.161409
-218.163363,14,10266.410723
-279.21436,9,10270.709737
-296.488711,18,10276.890647
-272.051589,19,10283.990998
-329.95627,12,10291.264231
-169.611661,15,10297.900096
-210.79993,21,10306.11154
-391.760973,16,10312.455484
-188.425849,16,10318.415711
-288.918464,17,10324.693761
-263.330554,21,10332.918736
-157.894062,13,10337.460253
-231.069955,17,10344.495208
-287.831418,15,10350.063861
-257.560755,14,10355.253358
-298.156674,20,10363.722131
-311.290845,15,10370.201216
-165.139554,11,10373.917875
-203.508893,16,10379.266959
-214.512452,20,10386.712238
-244.961607,20,10393.529559
-214.706832,20,10401.362603
-205.763336,11,10405.073315
-244.445282,15,10410.337215
-327.117688,16,10416.413114
-203.278633,20,10424.665211
-165.581113,18,10433.256742
-299.481186,13,10437.84746
-284.271048,21,10445.440767
-312.014454,12,10449.988204
-255.776712,21,10457.707556
-333.860537,17,10466.222015
-187.848152,21,10473.737217
-247.194698,19,10482.572925
-264.06121,17,10488.381288
-299.038425,17,10497.108916
-217.926621,19,10503.986611
-235.851328,19,10511.186711
-221.863423,17,10517.483901
-245.14882,12,10522.148755
-248.239076,18,10530.811018
-236.897187,20,10538.719568
-250.426493,18,10546.202849
-328.569791,19,10552.547828
-226.73896,19,10559.331332
-272.429265,17,10564.829453
-276.937342,17,10572.245236
-250.621546,17,10578.419713
-256.901896,18,10584.302579
-176.414637,16,10590.603201
-278.641575,17,10597.336297
-204.649587,19,10604.455944
-256.916657,20,10612.104941
-216.045757,12,10618.431271
-276.607854,13,10622.842252
-184.028872,14,10628.433571
-292.285056,18,10635.423723
-232.056858,15,10640.870884
-243.606461,14,10646.642796
-287.195178,16,10652.002231
-379.790529,15,10658.733756
-255.524546,21,10666.956835
-268.087806,15,10674.003657
-253.613178,17,10680.056813
-203.294305,19,10686.66166
-237.943432,21,10694.637503
-254.119437,18,10700.646868
-194.09976,24,10710.253435
-367.267146,14,10716.140126
-299.740196,18,10722.921975
-280.846094,14,10728.19739
-321.625556,12,10732.538743
-189.874754,21,10744.084779
-341.466736,16,10750.595291
-290.250497,19,10757.450103
-213.791838,21,10767.046785
-237.553976,24,10775.754844
-246.610506,20,10784.379113
-260.486198,16,10791.855372
-249.704515,19,10799.442732
-222.3353,19,10807.379389
-237.959771,17,10813.794335
-291.813648,19,10820.889556
-287.114054,11,10827.015347
-245.281226,18,10833.990578
-235.471075,12,10838.114437
-217.865329,17,10844.133729
-246.652101,19,10851.456001
-309.765811,13,10857.531201
-228.909446,22,10867.000369
-248.308538,17,10873.38798
-262.232106,19,10880.332714
-401.615996,16,10886.152668
-225.596672,19,10893.719902
-316.288993,23,10902.93347
-247.744222,15,10909.360908
-232.755536,15,10916.633989
-256.067618,17,10926.090003
-225.890516,17,10932.888859
-240.027136,21,10939.529706
-249.19682,20,10947.963138
-264.563974,15,10955.715675
-233.202878,16,10961.064072
-260.056722,25,10971.475571
-309.935708,18,10977.536524
-293.333727,16,10983.609556
-223.658008,18,10992.095164
-307.955353,20,10999.105051
-242.55647,20,11006.494746
-232.291452,15,11012.019113
-282.195551,20,11019.519638
-273.880313,17,11025.461555
-235.579692,19,11034.348137
-225.871885,17,11041.21799
-318.056506,20,11050.782275
-237.929553,16,11057.485904
-283.773594,15,11063.581758
-255.686465,21,11070.920907
-236.689715,17,11076.254547
-198.839143,21,11083.570499
-228.200577,18,11091.607331
-308.909368,20,11098.256161
-309.389742,10,11102.887906
-236.994192,21,11110.25826
-273.842785,18,11116.435425
-185.617337,18,11122.761608
-305.284749,11,11128.158749
-358.37926,21,11134.914015
-308.344246,18,11141.506342
-262.958452,17,11149.305676
-279.223101,12,11154.332575
-277.734624,20,11161.742373
-235.474863,19,11170.454298
-289.668775,17,11176.28021
-275.421638,17,11182.516587
-258.060785,14,11189.338942
-214.708557,22,11197.095598
-346.429626,19,11203.011077
-225.893027,16,11208.997617
-390.551246,21,11221.10104
-249.670046,16,11228.164363
-300.802976,15,11234.88957
-289.521825,18,11241.323679
-254.472291,18,11248.109797
-275.442273,17,11255.404698
-228.998484,16,11260.880775
-245.137477,13,11268.438836
-315.012732,17,11274.475747
-247.158932,17,11280.652412
-209.577933,17,11286.390023
-296.554133,15,11291.496146
-243.228586,17,11297.827442
-239.521428,18,11304.956332
-298.567807,16,11311.931129
-221.195281,16,11317.162479
-231.853885,15,11323.26065
-294.185532,17,11328.949827
-312.545101,17,11334.803513
-353.538533,23,11344.388322
-210.96117,20,11353.23364
-317.718705,20,11360.317472
-443.522167,20,11367.540857
-265.745422,18,11374.43174
-179.741998,21,11382.703807
-191.334397,24,11390.601718
-241.934997,18,11396.990674
-219.682985,17,11403.373956
-266.697854,18,11409.702256
-342.323958,19,11417.465533
-268.258636,17,11423.998197
-281.236643,13,11429.897648
-277.183075,17,11435.590769
-275.546518,15,11441.186428
-252.067384,18,11448.477369
-211.337863,21,11457.014721
-246.038784,20,11465.166366
-244.238335,16,11470.982168
-266.377181,15,11477.218933
-253.465,18,11483.75629
-240.105738,17,11491.613498
-295.02912,16,11502.604667
-289.721031,17,11508.994901
-194.166216,14,11514.001529
-318.432395,21,11521.191261
-167.572403,23,11529.907662
-245.869439,15,11537.355384
-244.70655,13,11542.441734
-351.712725,19,11548.880803
-266.801805,23,11557.321399
-290.407788,20,11566.143857
-260.486653,19,11572.643965
-207.135691,18,11578.935382
-277.66182,16,11587.468331
-239.923674,18,11593.541532
-233.409516,16,11599.846837
-182.787178,14,11604.950564
-188.065504,17,11612.422185
-210.270674,17,11619.936963
-290.969695,16,11625.44428
-288.215101,16,11631.318408
-200.676469,18,11638.987018
-213.546794,21,11646.46945
-218.775231,18,11655.729876
-292.263947,19,11662.492396
-198.912101,18,11669.260831
-144.569906,9,11673.236042
-178.319964,15,11679.49795
-319.539564,14,11684.163812
-349.197352,19,11691.472735
-227.247156,19,11698.103346
-151.564502,18,11704.525603
-300.832698,20,11714.767125
-271.277388,17,11720.556215
-209.621327,20,11729.24264
-262.167275,17,11738.055442
-245.944398,18,11745.064431
-270.822913,20,11752.771914
-268.219723,18,11758.582969
-269.503301,19,11764.930747
-272.185788,17,11773.669722
-199.318491,17,11780.409733
-248.609901,17,11786.397037
-255.897782,15,11792.564187
-311.797049,10,11796.841644
-247.943727,15,11803.310962
-245.355013,19,11810.770777
-215.400204,18,11817.372321
-229.373568,17,11823.463524
-271.044154,12,11827.839031
-292.84887,12,11835.202253
-268.05587,22,11845.003474
-183.382072,19,11851.511808
-324.956374,19,11858.936503
-252.602614,17,11865.412065
-227.528449,21,11873.107971
-226.7541,18,11879.649894
-213.595532,18,11886.119816
-264.728692,13,11890.772162
-297.472347,16,11896.635613
-280.412024,10,11901.883188
-320.710489,14,11906.880368
-285.714459,18,11914.630185
-244.881812,16,11919.895597
-285.502931,15,11924.91906
-283.502256,20,11933.599889
-253.118948,14,11939.968155
-200.687535,17,11949.01437
-204.834723,20,11955.251318
-251.728743,14,11960.335503
-390.658091,17,11966.533956
-339.86423,19,11972.787172
-139.605331,17,11978.702988
-323.388724,21,11986.045348
-305.61702,16,11991.695546
-239.95724,20,12000.220865
-376.760772,18,12006.855715
-262.118441,22,12016.584731
-272.544608,19,12024.259301
-349.219454,16,12030.536465
-234.800645,12,12034.711442
-295.805991,19,12042.791668
-281.318398,19,12049.26018
-283.062003,18,12055.439301
-348.545989,17,12063.15452
-271.424209,21,12070.066167
-243.05387,19,12077.606548
-258.015327,15,12083.181909
-285.366429,20,12092.065248
-285.28241,17,12098.113168
-396.952032,17,12104.96435
-271.404198,19,12111.548426
-282.110209,18,12119.597815
-192.629358,19,12126.218133
-198.554309,20,12134.611946
-251.80213,13,12139.211447
-298.709363,14,12147.252984
-259.276425,20,12155.729208
-315.047497,18,12163.720032
-291.446598,13,12171.195518
-286.933968,9,12175.700334
-264.343536,14,12180.702812
-340.691757,18,12189.713246
-266.099725,20,12196.495211
-195.737807,17,12203.094395
-279.425119,20,12210.921871
-294.010978,22,12219.101168
-306.452262,20,12227.418458
-239.326307,19,12235.668632
-173.694806,17,12244.162771
-240.895077,16,12250.713812
-300.638956,11,12255.199547
-239.768527,15,12260.879887
-355.257689,17,12267.354877
-301.115725,23,12275.436615
-243.388583,15,12281.390537
-217.481525,18,12290.071571
-269.903675,21,12296.830455
-282.2084,15,12303.15465
-321.933722,15,12308.498548
-204.209404,18,12315.317664
-257.430789,12,12322.256276
-299.82146,17,12329.902011
-235.534254,15,12337.475878
-272.246509,18,12344.069752
-246.127351,15,12349.202728
-339.524136,20,12357.029729
-299.91499,22,12364.829964
-229.749786,17,12373.689866
-252.520693,12,12379.622903
-170.959908,13,12384.987232
-220.570543,20,12394.11002
-315.316605,17,12401.474293
-234.188806,18,12407.812567
-301.606701,16,12413.823533
-273.610178,18,12420.370545
-284.948284,12,12425.975586
-236.439565,14,12431.064245
-238.940205,16,12437.429859
-379.60022,17,12443.461905
-290.448196,18,12450.501064
-279.29676,16,12456.995747
-218.003619,24,12465.964565
-232.106294,13,12471.333848
-261.080676,14,12477.328902
-250.782631,19,12484.548804
-149.915303,19,12492.711801
-250.026217,15,12498.714453
-188.892036,15,12504.073154
-262.42459,18,12510.93381
-238.66906,23,12520.976506
-278.231747,14,12526.709355
-226.189919,20,12533.348638
-250.416313,14,12538.667466
-295.39001,15,12544.023565
-237.744158,21,12551.728425
-273.698644,13,12556.236037
-241.653685,19,12562.622028
-166.210448,24,12571.124005
-216.153775,18,12577.418313
-289.69131,16,12583.657965
-275.206289,18,12590.491938
-293.681175,12,12595.255031
-359.51662,22,12604.876335
-241.842648,20,12612.443993
-309.028331,21,12619.548366
-270.500969,12,12624.973943
-296.731437,21,12631.785081
-250.270364,15,12637.95849
-226.938159,17,12643.921967
-214.732151,15,12649.478425
-218.124559,21,12657.233917
-131.924106,16,12662.641711
-241.63757,19,12668.910192
-302.601843,23,12677.100028
-119.491718,19,12684.539241
-208.651,21,12694.612599
-329.295198,20,12703.820794
-257.759377,20,12711.455222
-245.952771,16,12717.714742
-321.475973,15,12724.426296
-243.754394,17,12731.192914
-297.83282,11,12735.552754
-203.026859,19,12742.48405
-281.114127,11,12746.198292
-241.683877,20,12754.416579
-291.149999,15,12761.438172
-235.818913,18,12767.67857
-287.379585,14,12772.587105
-270.125136,16,12780.364545
-275.815532,15,12785.405576
-248.864721,20,12793.413286
-198.143129,23,12801.862014
-316.369871,21,12809.014509
-242.826396,19,12815.162763
-244.64554,13,12819.782491
-224.726351,18,12825.916302
-292.505808,12,12829.994427
-263.378053,12,12835.833724
-267.055178,17,12841.919951
-273.6973,19,12848.224805
-281.337078,16,12855.527455
-334.566913,16,12861.344596
-256.937773,18,12868.889415
-183.966141,23,12879.030807
-238.392264,19,12887.681717
-218.077857,20,12894.772661
-278.95218,21,12903.288441
-245.05025,13,12908.081377
-347.50857,15,12914.167719
-216.676325,16,12920.193799
-302.637833,20,12928.147553
-261.604997,19,12934.286681
-233.409849,19,12942.220243
-318.595297,14,12947.229658
-235.712796,12,12950.804772
-196.762479,12,12955.108565
-196.452397,20,12961.626478
-242.254884,19,12969.861327
-305.933733,17,12977.018816
-308.798375,25,12986.271096
-322.671068,17,12992.116475
-383.927799,21,12999.946083
-218.463713,18,13005.840503
-291.640717,19,13014.313765
-150.772191,13,13018.706825
-262.081754,21,13026.246438
-239.264082,17,13032.832364
-212.738043,21,13040.471591
-252.94344,19,13047.10063
-319.510226,22,13056.36322
-276.341311,19,13062.711265
-249.895804,17,13139.978995
-253.070325,21,13148.052557
-204.351293,12,13152.193966
-282.827075,15,13157.858408
-262.513534,16,13163.49866
-281.536575,16,13168.98193
-164.10729,14,13174.814734
-255.134206,16,13180.988887
-275.184522,11,13184.823207
-253.524926,22,13192.792356
-239.16856,18,13199.113467
-263.286678,16,13205.803612
-217.374934,16,13213.153539
-216.941134,15,13218.998662
-292.569878,18,13227.011584
-270.402673,20,13234.154081
-231.453386,17,13240.042711
-246.726109,21,13247.386229
-281.475882,15,13253.449832
-284.313125,17,13260.183139
-271.60446,13,13265.073831
-184.211117,16,13271.249367
-298.787049,15,13276.82715
-258.053515,19,13284.305453
-265.609957,18,13292.000496
-159.901231,14,13296.980271
-238.059155,13,13302.61179
-229.561026,17,13309.652928
-199.52655,21,13317.465235
-265.008432,16,13322.509845
-215.857161,16,13327.725027
-248.738014,17,13334.147184
-337.54103,15,13339.801133
-251.344192,15,13345.845084
-219.744795,21,13353.48748
-269.749745,25,13362.231537
-312.691656,16,13367.428931
-191.561231,22,13376.010935
-247.681053,18,13383.227311
-244.417394,13,13388.970073
-364.577214,16,13396.928992
-228.738663,18,13405.028873
-360.431688,18,13411.162283
-313.955869,12,13417.865655
-275.483357,15,13423.625394
-203.679794,19,13430.9011
-210.775128,19,13437.821917
-363.278875,19,13445.019982
-172.443251,20,13454.140247
-168.311318,10,13458.122721
-191.57678,14,13465.789845
-265.173746,15,13471.256832
-168.74032,16,13478.589395
-270.514832,16,13485.276064
-219.704251,21,13492.853504
-279.256572,21,13500.299054
-315.779887,22,13507.725013
-391.558952,13,13514.428308
-129.380953,15,13520.76832
-180.04455,20,13529.266383
-279.939622,12,13534.980994
-356.930192,14,13543.625183
-276.431189,18,13550.075259
-326.451709,17,13557.837376
-210.402916,17,13564.598872
-280.200303,17,13572.777238
-279.937294,16,13579.512651
-256.501481,20,13588.15718
-218.526047,19,13596.840812
-237.17974,18,13604.481403
-255.52836,14,13611.29807
-318.185421,20,13617.916479
-373.163154,24,13627.010845
-266.41757,20,13633.707432
-276.918502,17,13639.216876
-265.150894,21,13647.268646
-258.318528,16,13653.598884
-172.38516,23,13661.606776
-206.563457,18,13667.392219
-286.016854,11,13671.525981
-368.26599,20,13677.962054
-199.078273,21,13686.355178
-308.319437,19,13693.307185
-253.652703,16,13699.485063
-227.848038,17,13706.513758
-261.054274,19,13715.992894
-273.028916,14,13721.03869
-274.514746,14,13727.33089
-315.653739,22,13735.527442
-251.376378,18,13741.474819
-236.114394,21,13749.947489
-208.30194,19,13756.384084
-256.44508,12,13762.621219
-309.152232,18,13768.87154
-295.266117,14,13773.492591
-237.672692,18,13780.941925
-340.103485,24,13788.561401
-274.665185,18,13796.265393
-248.840141,15,13801.011167
-220.851859,17,13806.846855
-257.901364,18,13813.150118
-275.077362,15,13818.766854
-296.697007,15,13824.474724
-259.303507,12,13828.433809
-255.078584,19,13835.859875
-330.840677,14,13841.210844
-400.618563,11,13845.66853
-199.423479,18,13852.81452
-314.063356,17,13859.247533
-300.636821,22,13867.081518
-340.816523,17,13875.277558
-260.436789,13,13879.630068
-327.143853,19,13886.209255
-299.0003,18,13892.004803
-306.063598,13,13896.247391
-232.465361,18,13902.789624
-348.002328,13,13907.45916
-217.987747,19,13914.663155
-260.258756,18,13922.174266
-288.410933,17,13928.402355
-193.22585,20,13936.165686
-259.321967,20,13944.18417
-316.524336,20,13951.22319
-282.494885,15,13957.446977
-395.531573,19,13964.895676
-116.328637,10,13968.134206
-280.372292,22,13977.456996
-230.917246,23,13984.910586
-287.424995,14,13994.559486
-287.460404,14,13999.454511
-325.01854,13,14004.520561
-180.72846,15,14011.697462
-221.971498,17,14019.147822
-265.421605,11,14026.420909
-249.294005,15,14033.05748
-266.032827,19,14041.624676
-198.534235,19,14049.256199
-235.305454,16,14056.956064
-223.659149,21,14065.419436
-288.197417,11,14070.675136
-256.188803,23,14079.033885
-324.136526,15,14085.032197
-230.237995,20,14094.87981
-317.629539,10,14099.153985
-207.139699,24,14107.841499
-263.501693,18,14114.900118
-324.085504,17,14122.079863
-250.388237,22,14132.338782
-229.525858,18,14140.251715
-242.100118,16,14146.45361
-135.344492,16,14153.056044
-212.767673,18,14161.078649
-268.404764,19,14172.151209
-240.102477,18,14179.279343
-257.52498,14,14185.928076
-221.17114,18,14194.506552
-247.339523,18,14201.560751
-230.212703,21,14211.057626
-265.776132,17,14216.78692
-207.535053,18,14223.809699
-209.652336,21,14230.960422
-329.91983,17,14239.611128
-302.664692,15,14248.056358
-294.310663,18,14255.107637
-298.895327,9,14259.151981
-272.354976,17,14265.659705
-303.431999,11,14269.14199
-215.431779,20,14277.280225
-290.91916,24,14285.151423
-211.025581,18,14291.866223
-249.993026,18,14298.743404
-255.31031,17,14304.631505
-281.540981,20,14311.985204
-212.020563,14,14316.520809
-274.453161,16,14322.749625
-236.494843,19,14329.097645
-189.612247,16,14334.858972
-379.160219,16,14340.905107
-298.989131,18,14349.107894
-251.6217,16,14354.357777
-223.680105,19,14360.8502
-232.378227,22,14368.119105
-253.061683,14,14374.354436
-258.879427,17,14380.222713
-249.034549,18,14387.061748
-160.479626,20,14394.637017
-268.972204,21,14402.531795
-302.459642,17,14408.461219
-318.199545,16,14415.76673
-319.512298,21,14425.776422
-221.782218,17,14431.756063
-269.464281,17,14437.70504
-277.461091,17,14443.335078
-164.643513,20,14450.314406
-222.133106,20,14457.177638
-224.720675,20,14465.515248
-247.008317,16,14472.933935
-247.029205,15,14479.242616
-180.046817,18,14487.668636
-282.309848,20,14494.524389
-406.329281,15,14500.314471
-173.573764,23,14507.851885
-254.578295,17,14516.161758
-245.209652,18,14522.763206
-251.180903,18,14530.305629
-329.221504,20,14537.003783
-271.295206,13,14542.520886
-229.956693,17,14548.110009
-260.631964,16,14553.595623
-318.233565,19,14559.746047
-262.651016,19,14566.849133
-256.753229,18,14573.774663
-276.561121,19,14582.08418
-271.828591,20,14591.488492
-152.8771,20,14598.315907
-291.927485,21,14605.505328
-285.024722,17,14612.309173
-251.585853,19,14618.307631
-203.078311,21,14627.108928
-303.452081,19,14634.723919
-210.63695,12,14639.246136
-259.44788,21,14646.332753
-191.385661,20,14654.09326
-259.396009,18,14661.183095
-223.895484,21,14668.650937
-344.316213,13,14672.742539
-279.640399,11,14678.042626
-259.962944,19,14684.94806
-235.470084,13,14690.58513
-320.111534,21,14698.352241
-238.893555,20,14705.036974
-227.911453,15,14709.998141
-257.985904,21,14718.098985
-314.635759,16,14725.111152
-305.801228,13,14729.379054
-296.814769,9,14733.544552
-302.083871,19,14740.272396
-293.821564,16,14745.989658
-304.475032,19,14753.17148
-278.173894,22,14763.038774
-222.58298,17,14769.674424
-229.088172,14,14776.566949
-302.611334,14,14781.735534
-239.922448,23,14790.249772
-213.79955,23,14798.153314
-158.237156,17,14805.514126
-305.267533,15,14814.870385
-487.775699,19,14823.694796
-327.688836,24,14832.330021
-248.071808,17,14839.73884
-229.742337,20,14847.173194
-226.081675,19,14853.252577
-244.372761,20,14861.156822
-256.005495,16,14866.426117
-301.047448,19,14873.569722
-230.139562,16,14880.160369
-276.703582,17,14886.721824
-253.006557,23,14894.774662
-216.68018,19,14902.612092
-379.083916,15,14907.522906
-239.333239,16,14912.972801
-257.098088,15,14918.288152
-263.545088,15,14924.527677
-279.159213,19,14932.578173
-239.221651,19,14939.456532
-260.331428,16,14946.52605
-313.530308,16,14952.310148
-193.826576,20,14961.566881
-286.17976,22,14968.387316
-179.396336,13,14974.312418
-286.78431,18,14980.383527
-248.966241,16,14985.926835
-226.1777,18,14992.943198
-278.616757,21,15000.986581
-267.412653,21,15008.195206
-233.465645,18,15015.524825
-317.691788,10,15018.952953
-213.426445,17,15025.935998
-307.073972,16,15032.453055
-237.956017,12,15037.735599
-234.01441,16,15045.260901
-326.585281,17,15051.332045
-253.510779,19,15060.015543
-299.532585,14,15066.076169
-297.657987,21,15076.517073
-261.976286,17,15084.260739
-305.765213,21,15091.29187
-229.419946,22,15100.329279
-294.239635,18,15107.173067
-231.372477,16,15113.455961
-246.443017,23,15122.534544
-155.724553,15,15127.923946
-309.866795,18,15135.432137
-246.721914,20,15143.362979
-223.570306,17,15150.914844
-330.192664,22,15159.820972
-284.408292,15,15164.955806
-280.125263,20,15172.475776
-217.042894,20,15181.252282
-288.370112,11,15186.161919
-318.459589,13,15193.506886
-212.622281,18,15199.391336
-260.597738,19,15206.420289
-239.001876,17,15213.084374
-332.539519,14,15218.755666
-210.596714,21,15226.192042
-220.430321,20,15233.639993
-254.490191,16,15238.914533
-269.663815,19,15245.886239
-271.027166,17,15252.974782
-267.082659,23,15261.387634
-302.960611,17,15267.696497
-200.006908,15,15272.856756
-215.567255,22,15280.499065
-329.293903,16,15285.982037
-242.628802,21,15296.294915
-264.203059,14,15303.45534
-211.669073,22,15311.507008
-301.97051,16,15316.94344
-275.048443,13,15321.207973
-253.403375,15,15326.582412
-297.518646,16,15332.917418
-260.276549,16,15338.762801
-186.442346,20,15348.14944
-217.855871,19,15354.993583
-251.295921,15,15360.283849
-180.297778,19,15366.816288
-302.675192,11,15371.482935
-247.551261,18,15377.504542
-298.686459,17,15384.97994
-170.632154,17,15392.002412
-281.284417,13,15397.285458
-319.745628,19,15403.544412
-224.34653,15,15409.793645
-286.622094,15,15414.930241
-307.115246,12,15421.828012
-342.530181,16,15428.006292
-259.817349,19,15435.514608
-285.344565,18,15442.096244
-246.515237,19,15449.443934
-194.80417,19,15456.123674
-271.798341,21,15464.104791
-294.725618,17,15470.091494
-262.566986,12,15474.436483
-269.490718,20,15482.282412
-277.497544,18,15489.002294
-266.402483,13,15495.616843
-243.579871,18,15502.805437
-224.925496,18,15508.711265
-196.086414,18,15516.924793
-256.027399,18,15523.398073
-277.57156,11,15531.280938
-266.195708,16,15537.719059
-286.490644,11,15542.505927
-294.502504,15,15549.116903
-271.215725,17,15555.275003
-254.548503,20,15562.9524
-273.461394,11,15568.912916
-212.942405,16,15576.816462
-298.856635,18,15583.231462
-163.234794,10,15586.77477
-315.816265,16,15592.511654
-294.293599,16,15597.857347
-297.11251,18,15604.101845
-257.781505,13,15609.504008
-241.330722,14,15616.168968
-277.325835,22,15626.672919
-200.068046,22,15633.885083
-229.008403,14,15638.788929
-309.316148,20,15647.905666
-247.594653,17,15654.064226
-285.955946,17,15661.936381
-249.523469,20,15668.295549
-178.091262,16,15673.974478
-266.442301,19,15680.807943
-352.690244,18,15688.753631
-305.687473,16,15694.635357
-249.317216,20,15701.72143
-248.604821,14,15707.101778
-214.198496,18,15713.720949
-323.54249,20,15721.156868
-246.80573,17,15726.948722
-296.984522,18,15733.977543
-151.879884,16,15740.63006
-262.763603,18,15747.329537
-289.640984,18,15753.99698
-217.132234,19,15761.718212
-191.059445,19,15768.798812
-272.603775,19,15775.735254
-193.628401,17,15783.139037
-211.313029,21,15790.259487
-291.495806,10,15795.495528
-254.795557,18,15802.320519
-184.873815,16,15810.194431
-215.880221,21,15817.441214
-199.136982,17,15824.345751
-256.574868,22,15834.048272
-264.917712,19,15840.714627
-136.54461,17,15847.109791
-192.748404,16,15853.375264
-286.306429,18,15859.35619
-201.141787,18,15866.590207
-331.892748,16,15872.547596
-213.269287,12,15878.853671
-198.983191,12,15883.613736
-223.947245,20,15891.077863
-178.71018,20,15898.211019
-258.744262,19,15905.222648
-304.227648,16,15911.413242
-304.307875,16,15917.713725
-244.050769,16,15923.532065
-217.025672,12,15928.923334
-278.651182,20,15935.631628
-283.417887,19,15943.601237
-262.980372,22,15950.762343
-233.20125,18,15957.590689
-240.7357,13,15962.760445
-240.640688,20,15970.485645
-303.547717,16,15977.132534
-276.013332,20,15983.844055
-248.178216,23,15992.718329
-255.374245,20,16000.106968
-230.548001,18,16006.093253
-268.203315,20,16012.810168
-240.543242,15,16018.083215
-159.644138,17,16024.265563
-322.253105,19,16030.690119
-255.077302,14,16036.980874
-319.819314,21,16045.697832
-226.383505,18,16052.103101
-272.006615,20,16060.424103
-244.191844,20,16067.659266
-303.747308,19,16074.231608
-255.231167,18,16081.468782
-218.449483,16,16087.648413
-177.032631,21,16096.042589
-279.764635,11,16100.802727
-252.576017,16,16108.111301
-158.061751,16,16113.743352
-348.196313,16,16119.204732
-210.788181,21,16126.412955
-238.928928,18,16133.236987
-226.052697,22,16140.562052
-366.274897,16,16147.020126
-356.2402,17,16152.994714
-264.004386,19,16160.194682
-262.324595,21,16167.38962
-241.68,19,16175.548212
-304.052418,10,16180.018797
-195.378341,15,16185.047566
-284.311934,22,16193.988054
-251.692102,20,16201.19487
-258.610691,14,16205.806338
-230.014538,16,16212.026229
-301.572815,18,16219.074343
-228.973566,18,16226.678129
-239.835791,18,16233.383798
-243.677197,17,16240.494368
-177.793628,15,16246.486246
-194.490067,21,16254.028261
-191.636157,18,16260.715116
-233.201472,18,16268.008677
-165.828572,13,16274.226987
-252.94183,19,16281.737405
-245.431217,18,16289.428555
-272.005219,17,16296.000625
-323.534892,15,16302.389795
-225.737906,20,16311.053458
-191.169526,15,16317.215543
-278.328092,14,16322.892023
-114.270842,21,16330.358681
-198.683654,14,16335.757402
-259.721051,16,16342.353235
-253.998098,23,16352.942095
-395.070868,24,16364.70066
-201.069873,19,16372.299066
-323.286187,15,16377.344831
-253.998485,14,16383.067903
-310.347969,21,16390.346143
-331.131479,20,16473.44892
-333.655457,11,16477.249639
-270.256942,17,16484.070143
-280.546251,17,16489.530758
-215.390798,19,16498.239527
-257.957025,14,16504.511952
-268.529998,18,16511.095827
-187.043603,18,16517.490088
-179.174203,17,16524.077437
-290.084804,14,16529.062299
-317.234825,16,16535.54557
-267.506612,14,16540.32812
-284.493526,16,16546.355935
-349.364646,19,16553.73756
-260.096587,20,16561.622319
-275.570943,19,16567.958042
-256.643614,15,16574.762343
-181.846962,20,16582.356814
-301.877861,14,16587.911304
-262.359226,23,16595.682111
-275.102404,16,16602.249484
-216.990696,16,16607.634573
-121.998859,10,16611.243654
-123.855422,13,16616.710219
-213.059172,21,16627.17651
-232.151393,23,16636.699573
-216.341214,20,16644.794871
-280.094008,15,16650.021257
-460.029344,25,16658.822562
-315.353445,16,16664.831492
-243.893145,18,16673.111325
-165.793985,15,16678.491154
-280.047181,20,16685.910659
-275.155612,10,16689.451094
-294.323184,13,16694.059037
-273.472707,22,16701.040941
-187.364765,18,16708.148607
-324.184349,13,16714.784102
-279.085722,15,16721.427497
-329.696701,18,16728.092231
-307.528793,16,16734.725957
-206.990153,23,16743.765872
-260.527614,16,16751.438811
-224.726907,19,16758.570936
-328.718854,21,16767.388335
-203.321453,15,16773.3619
-221.698163,16,16779.887792
-278.267459,18,16787.503936
-238.691451,15,16794.316634
-245.14393,19,16800.990538
-232.29585,17,16806.929292
-225.463277,18,16812.979372
-221.595506,19,16819.666191
-278.186725,15,16824.856456
-246.704762,22,16834.800768
-293.300793,17,16840.310775
-281.56325,20,16847.496505
-209.716868,17,16853.905571
-229.058883,19,16861.958939
-373.731078,19,16869.530102
-256.120675,17,16875.76909
-319.979801,19,16882.772431
-295.686042,13,16889.154862
-233.767554,18,16896.376372
-173.814268,13,16900.491345
-247.901724,16,16906.021428
-270.125074,16,16916.007859
-207.413857,22,16924.302064
-232.002267,19,16931.555197
-267.966116,17,16937.018983
-260.583348,17,16942.969378
-265.19805,18,16948.965244
-247.67512,16,16955.582845
-160.155853,24,16964.145159
-290.10871,14,16969.097424
-358.05607,20,16976.813019
-323.281726,16,16982.094529
-264.070254,23,16990.154081
-268.16047,15,16996.572122
-183.409062,21,17003.990763
-206.617385,23,17011.961876
-312.351893,20,17020.23433
-231.724386,15,17025.577306
-264.707592,21,17032.780679
-210.969088,15,17037.673428
-238.348171,22,17044.769307
-238.846604,17,17052.123343
-234.199978,16,17058.216283
-271.613894,18,17065.343577
-247.086835,17,17071.138637
-219.148739,20,17078.511025
-225.527523,20,17085.865369
-237.297886,20,17093.192034
-302.632829,14,17099.474701
-318.53861,10,17103.809552
-259.81747,17,17109.794794
-209.94139,16,17118.202752
-334.253101,17,17124.476983
-236.42563,19,17133.379012
-258.954811,18,17139.627573
-259.156586,20,17146.568276
-310.23546,16,17152.340137
-267.71878,19,17159.034777
-234.306717,16,17164.62632
-315.361361,20,17172.800097
-234.448294,20,17179.309865
-242.836375,17,17184.960389
-296.647501,13,17189.849348
-318.547596,18,17196.247002
-225.432649,16,17203.288845
-218.53091,16,17210.519075
-279.992098,17,17216.985738
-295.518553,11,17220.585467
-219.312767,18,17227.63324
-100.005385,12,17231.787294
-288.776951,21,17239.015158
-208.422182,13,17243.482777
-222.562185,15,17248.479366
-250.658943,20,17255.867855
-194.909801,15,17260.767383
-182.039265,17,17267.77272
-272.555363,16,17274.174641
-301.843169,15,17281.142401
-226.032245,19,17289.69567
-224.220307,18,17297.489271
-297.814088,19,17304.257332
-230.898982,16,17309.728509
-195.247223,22,17317.715003
-240.361228,15,17324.374202
-186.577509,21,17331.815516
-230.847711,21,17339.698056
-251.789007,19,17346.427186
-241.103516,20,17353.270979
-275.392022,21,17360.968878
-315.941095,16,17366.781749
-262.1263,12,17371.465105
-243.424542,20,17378.949557
-269.282911,15,17384.094135
-258.936322,22,17391.147222
-308.189277,20,17397.510924
-271.203966,18,17403.647445
-284.979236,18,17411.075186
-174.923169,19,17420.204346
-359.48274,18,17428.755406
-290.576698,14,17435.907714
-223.994686,18,17442.486262
-289.19224,10,17446.024921
-315.830743,15,17451.214636
-323.424365,20,17458.448956
-295.746005,18,17464.830841
-230.294713,24,17473.351034
-246.311116,18,17480.081551
-289.204982,16,17485.590472
-229.117613,15,17491.469452
-296.887512,21,17499.335911
-177.622559,16,17505.877847
-344.041716,19,17512.713685
-289.804994,15,17520.974776
-286.213666,20,17530.191679
-278.877386,13,17536.358269
-202.358059,19,17543.015674
-291.307442,17,17548.344985
-200.191192,23,17558.252219
-309.89876,16,17563.871936
-176.899112,16,17569.66882
-313.880372,19,17577.241622
-240.634348,17,17585.767135
-244.824756,17,17592.759418
-199.483054,15,17599.291783
-244.04553,18,17607.119383
-261.518054,12,17612.451335
-242.945062,14,17618.493247
-271.208036,21,17625.967696
-259.882232,20,17634.539304
-308.365193,17,17641.917647
-257.765546,17,17648.945128
-231.934751,23,17658.734399
-309.388912,19,17666.90431
-225.594913,21,17674.348126
-211.128699,15,17679.506104
-211.710924,24,17687.785151
-255.184392,17,17693.17248
-226.703827,16,17698.757849
-133.437302,13,17703.303594
-212.1957,19,17711.071256
-245.385045,17,17718.560298
-126.713857,10,17722.370475
-232.947417,20,17729.558168
-250.893767,19,17736.698829
-264.034796,15,17741.909509
-198.32608,19,17748.765205
-212.402729,23,17756.341188
-238.169272,20,17764.439122
-261.882585,19,17771.626382
-205.739014,18,17778.740006
-260.911498,24,17790.006292
-345.793233,20,17800.607598
-303.591025,18,17808.673558
-258.204008,18,17818.51466
-328.530318,18,17826.351357
-317.776968,24,17834.402007
-255.49571,16,17840.257849
-306.983861,18,17848.188209
-254.591455,10,17854.157926
-289.149523,17,17859.935894
-322.894593,19,17867.554488
-259.627185,23,17875.606488
-229.285601,20,17885.532502
-289.897223,13,17891.710079
-276.690908,16,17897.647916
-386.653281,16,17903.424783
-264.039259,19,17910.458086
-216.107515,14,17915.321582
-281.61212,17,17922.520386
-369.284153,21,17929.972957
-210.026739,21,17937.723532
-257.744144,16,17943.507554
-129.218311,19,17950.904616
-255.898724,19,17957.504809
-203.799396,21,17966.814732
-212.643754,21,17973.775244
-290.197811,16,17980.27323
-258.179642,15,17986.118778
-199.707972,20,17993.893058
-331.291961,18,18000.623453
-248.286276,12,18004.846215
-245.503118,20,18012.685703
-276.793093,17,18018.662007
-300.954903,16,18025.007694
-255.936461,16,18030.930262
-318.405474,15,18036.276689
-247.273776,15,18042.532234
-266.683536,15,18047.901687
-387.883151,19,18056.766836
-260.143629,20,18063.681363
-381.277494,17,18070.586783
-231.212092,23,18079.318681
-151.044067,12,18083.858243
-249.711217,15,18089.761711
-258.382574,21,18098.958727
-131.04487,16,18104.494201
-268.384701,18,18111.04804
-309.717595,17,18118.086941
-261.514527,12,18126.54811
-268.29464,12,18131.209334
-324.955161,22,18139.443799
-248.391821,24,18148.517828
-253.152509,16,18154.628883
-240.319083,16,18160.125637
-320.394471,16,18166.077537
-216.841821,15,18171.373528
-285.272528,12,18175.970083
-286.78813,18,18183.154452
-266.268004,21,18190.648625
-304.753277,18,18200.78357
-279.568248,14,18207.097684
-287.739487,19,18215.321075
-227.868643,15,18220.601464
-280.970677,20,18228.188577
-225.257327,16,18234.025879
-277.691656,17,18240.226147
-255.145228,18,18246.468693
-230.479786,15,18253.498566
-257.311714,16,18260.31075
-246.690612,17,18268.303379
-280.994516,17,18274.925715
-326.150237,18,18281.497749
-185.410854,15,18286.721467
-269.933327,15,18291.715332
-225.083221,20,18299.215598
-314.08371,18,18305.39375
-242.162128,15,18310.739825
-247.187909,20,18317.596056
-224.93577,13,18321.809202
-219.660625,21,18330.31286
-199.616969,18,18337.190096
-285.128171,10,18341.010052
-214.166499,18,18348.032342
-241.827832,18,18354.709302
-280.697428,22,18363.602893
-230.375352,18,18371.166752
-287.208418,19,18379.07292
-284.582843,16,18385.375088
-261.855831,18,18391.806283
-328.133669,20,18399.639015
-231.07424,22,18408.513472
-160.111402,17,18414.495174
-249.344296,15,18419.652002
-234.215504,18,18426.570242
-266.747713,19,18432.9745
-269.601162,17,18438.621931
-222.185183,17,18445.362116
-242.575067,21,18453.637935
-230.437354,20,18460.597404
-240.109876,15,18466.728998
-245.003388,19,18473.434063
-281.059485,19,18479.678287
-247.971949,15,18485.398071
-304.659537,16,18490.716855
-221.782809,18,18497.77742
-209.50434,16,18503.501003
-221.849555,18,18510.944546
-258.767486,18,18516.673324
-227.647255,14,18522.240207
-238.832281,22,18529.863089
-422.435853,23,18537.889068
-300.306247,13,18542.68733
-244.123107,17,18550.541315
-291.477598,21,18557.994368
-187.941574,19,18564.320852
-290.132054,19,18571.027976
-240.640594,12,18575.465174
-260.192322,21,18583.379847
-263.320244,17,18589.704195
-227.228127,19,18596.965277
-287.601048,21,18604.057064
-217.870217,20,18610.344916
-239.703993,18,18617.000982
-307.211862,9,18620.415511
-334.224225,20,18628.292447
-291.80437,16,18633.49667
-263.590648,21,18641.785184
-225.832171,17,18647.649164
-319.286184,23,18656.554974
-329.461403,19,18665.137847
-266.33346,19,18671.523482
-234.002391,21,18679.441339
-204.309341,22,18687.274359
-209.977044,24,18695.75891
-340.411936,19,18701.934503
-264.471288,19,18709.191828
-277.349731,19,18716.596126
-312.660652,9,18719.673168
-236.616344,15,18726.658273
-236.089225,18,18732.647086
-402.060668,24,18742.537509
-240.810538,16,18748.073848
-227.403692,23,18756.201658
-231.395653,14,18760.637987
-268.880243,22,18770.188554
-226.868926,19,18776.833447
-233.61254,24,18785.394657
-264.737593,21,18793.56526
-252.382668,10,18797.927022
-243.684836,16,18803.893094
-273.330483,13,18809.770809
-223.294887,18,18816.576364
-239.460832,21,18824.717388
-307.629764,16,18831.051996
-317.661831,11,18835.436558
-263.839257,14,18840.246729
-281.253978,22,18850.100969
-243.659647,18,18856.211248
-236.90469,20,18863.87157
-228.115335,21,18872.409861
-236.950956,15,18878.544046
-206.047392,16,18884.865605
-199.329857,19,18892.156281
-217.960927,22,18900.857832
-293.812761,18,18907.171205
-201.964472,19,18914.075468
-260.311848,23,18921.814512
-209.45014,16,18927.30447
-224.591158,22,18935.365978
-169.258029,20,18943.105003
-306.189095,16,18948.648242
-305.627304,19,18956.054327
-220.746875,17,18962.326885
-311.598833,17,18968.601217
-324.23592,17,18975.172407
-153.949411,19,18981.523622
-302.611406,13,18987.792605
-251.898306,18,18994.533054
-281.166168,18,19001.081475
-240.830521,14,19007.296524
-320.962986,18,19013.22564
-242.785493,16,19020.422726
-231.75319,20,19028.352408
-240.034396,21,19036.086772
-136.99623,21,19043.292902
-241.059941,23,19050.912354
-238.019214,17,19057.753588
-275.650368,17,19063.442762
-266.639119,19,19070.195386
-245.661029,17,19076.958404
-191.433066,22,19084.35847
-307.806811,19,19091.086558
-231.170909,18,19097.214202
-210.060422,22,19105.46993
-281.65093,21,19112.898398
-230.026506,19,19119.159231
-246.713246,18,19125.87118
-202.298114,18,19133.914967
-340.500962,14,19138.62846
-245.698769,18,19146.850465
-247.729765,19,19154.200751
-221.752414,21,19163.445312
-270.649462,19,19170.103822
-193.125102,20,19177.269541
-259.210316,18,19183.492393
-301.272338,20,19190.643852
-250.081126,19,19198.726237
-211.387308,20,19205.395316
-256.207194,23,19213.137002
-290.918146,21,19220.456201
-291.568147,20,19227.046553
-182.746693,15,19233.466559
-278.834991,18,19239.4157
-238.11786,21,19247.128605
-259.257942,14,19252.479784
-264.864415,16,19259.579675
-259.834443,14,19265.133421
-278.650411,23,19273.119359
-265.163518,18,19281.294798
-270.268683,16,19289.358872
-193.180013,20,19295.852922
-219.111011,13,19301.90157
-256.54281,16,19308.954162
-210.267655,21,19317.250793
-250.999036,11,19321.307398
-101.102666,13,19325.924088
-234.068777,17,19332.379851
-268.894414,23,19341.320851
-237.195403,20,19348.991645
-234.290011,16,19354.813947
-221.696575,19,19361.280119
-284.252484,17,19366.974017
-274.480119,18,19373.83485
-252.675743,17,19381.04556
-236.36661,16,19389.807084
-221.411139,19,19396.674104
-131.218295,15,19402.434356
-297.712987,15,19407.732488
-130.326912,22,19415.922566
-299.180252,15,19421.740512
-290.772503,17,19429.961703
-231.447753,18,19436.937554
-211.917977,22,19444.280586
-193.0354,21,19452.669183
-248.902069,14,19458.162175
-224.598232,15,19462.993714
-197.28031,16,19468.731858
-380.28896,11,19472.254461
-183.971496,25,19480.399479
-219.288637,19,19486.939419
-266.514915,13,19491.95263
-225.410068,20,19499.542988
-212.524321,21,19507.979631
-307.111362,17,19513.602538
-292.868077,17,19519.64438
-284.221249,16,19525.467
-219.049748,21,19537.477772
-279.793573,21,19544.874109
-226.460237,13,19550.069288
-168.275821,21,19558.070496
-239.802519,19,19564.263814
-260.685175,19,19571.529109
-215.50236,15,19579.360394
-261.583701,23,19589.657384
-268.90343,21,19597.180491
-175.479651,16,19602.639616
-208.795133,20,19610.365946
-264.703037,22,19618.408403
-180.87469,19,19625.27447
-215.23261,18,19631.295349
-243.603764,18,19638.831981
-278.659608,18,19646.062168
-341.16546,14,19651.840734
-162.262057,19,19659.052396
-378.22912,18,19667.079206
-154.902541,19,19751.376444
-282.235913,20,19758.806296
-261.359959,22,19767.043126
-205.859938,22,19775.03735
-240.476315,17,19781.926828
-232.013593,18,19788.908737
-238.247925,19,19796.432042
-256.808444,17,19802.773812
-235.258605,19,19810.12395
-245.344654,22,19820.081687
-213.573403,17,19827.459836
-283.148406,16,19834.174266
-314.121424,14,19838.82534
-291.148835,16,19844.156632
-451.919138,19,19850.724534
-184.082951,21,19859.31521
-180.262792,22,19867.115744
-285.656292,17,19873.426491
-280.146074,21,19881.948874
-226.462966,22,19890.380253
-199.755418,13,19895.419952
-188.4459,9,19899.482013
-311.27935,22,19907.585146
-265.288775,17,19915.103345
-176.115689,14,19920.394043
-240.325287,17,19926.002145
-253.71143,18,19935.812479
-312.920759,17,19942.254924
-264.296417,18,19948.95219
-148.884465,16,19954.518054
-224.304367,19,19962.317912
-215.609711,24,19970.357908
-227.267055,16,19977.513638
-247.687577,17,19983.498046
-234.579096,17,19990.605247
-160.71437,19,19997.545739
-256.180658,14,20003.653186
-274.419055,20,20011.001667
-312.062623,20,20018.311882
-250.215291,23,20027.241364
-267.12666,20,20035.209356
-242.221709,15,20040.196877
-143.231612,17,20047.118156
-301.292641,12,20051.510352
-228.666673,19,20057.950386
-227.046381,18,20064.399407
-209.564692,18,20071.283172
-154.858396,14,20077.65957
-274.885621,14,20084.739161
-201.247363,17,20092.326146
-254.465558,18,20099.530835
-230.94737,22,20108.943628
-244.327188,19,20115.904808
-290.421907,18,20124.23238
-229.728914,14,20130.4693
-245.173619,21,20141.231762
-262.790472,23,20149.580699
-275.937743,17,20155.723276
-246.658957,17,20161.636384
-277.223761,17,20168.563321
-252.215253,16,20175.502347
-290.771186,19,20182.053591
-169.766943,14,20188.292853
-287.466794,18,20195.877825
-215.824105,20,20202.827579
-272.497931,17,20208.661188
-244.863045,14,20214.503702
-278.089548,16,20219.821716
-199.796798,12,20223.816242
-212.747034,17,20229.469532
-248.066039,14,20235.473421
-253.401608,18,20242.262981
-267.047444,16,20247.617901
-244.702857,19,20253.763904
-217.412499,17,20260.525989
-155.21835,20,20267.698408
-321.379828,20,20274.402089
-245.689814,17,20280.75734
-239.832695,24,20289.316136
-257.044613,20,20296.102928
-179.034329,12,20300.733193
-311.359881,9,20306.002018
-248.13666,14,20311.839025
-253.275826,23,20319.441933
-228.068634,21,20328.520455
-239.683051,19,20335.149667
-238.333721,19,20342.792055
-207.883221,18,20349.693971
-261.553434,17,20356.332154
-231.00701,19,20363.322679
-286.541216,17,20369.384731
-221.184578,20,20376.447932
-184.624284,24,20385.402436
-300.976828,13,20389.757576
-300.552307,17,20396.260807
-207.260234,22,20404.160094
-205.150145,17,20410.84872
-263.126299,13,20416.181323
-262.911387,18,20422.416098
-304.210272,18,20429.035405
-253.471352,15,20434.452676
-180.969267,19,20442.871762
-277.500047,18,20448.921488
-232.758078,16,20455.238842
-177.382056,13,20462.216902
-254.844651,24,20471.734584
-301.338341,15,20477.614315
-235.790719,12,20481.63077
-313.588411,12,20485.559063
-230.171606,20,20492.233799
-330.398249,19,20499.437003
-247.264411,24,20507.909211
-134.146099,15,20513.107694
-308.077978,19,20519.304871
-188.63014,23,20527.579711
-245.316296,19,20534.342938
-279.945794,14,20540.760954
-270.988146,20,20548.031858
-241.798217,15,20553.077423
-259.660139,15,20559.153505
-169.521701,22,20566.913085
-261.548171,18,20575.277877
-188.076182,17,20581.912187
-264.316693,19,20589.8299
-227.338073,20,20596.601715
-255.491832,22,20604.623898
-220.200428,20,20611.200406
-270.572772,17,20617.640596
-206.008177,21,20624.985537
-248.612248,17,20632.379137
-296.470847,18,20638.294913
-238.649773,17,20644.227424
-216.18628,20,20651.316713
-230.961867,19,20657.793247
-274.009043,22,20666.230236
-252.886291,23,20673.780649
-237.281556,16,20679.493046
-231.102652,17,20686.101979
-254.342561,18,20692.850187
-241.08457,18,20700.19894
-251.769244,16,20705.710495
-211.65697,22,20713.7933
-260.167566,15,20719.613688
-256.025398,16,20726.038361
-260.001167,20,20733.211278
-288.310215,23,20740.761353
-197.387752,21,20748.528678
-224.580498,17,20755.359834
-240.233502,17,20761.027366
-218.694939,19,20769.283103
-239.721069,19,20775.653641
-125.989954,16,20780.810378
-251.362186,23,20788.766773
-202.041498,22,20797.143759
-298.880385,12,20802.242538
-235.98583,19,20810.112899
-221.443329,17,20816.184092
-238.609845,17,20822.776031
-237.700133,21,20830.626986
-233.937706,16,20836.925776
-292.978828,16,20842.854602
-270.472238,14,20849.251151
-313.970792,19,20858.730913
-246.226001,15,20864.063789
-242.454999,18,20870.711313
-271.626661,16,20876.005271
-209.514531,21,20884.362871
-325.882479,18,20890.677298
-204.993544,18,20897.751806
-307.021627,18,20904.92681
-428.932555,23,20912.882974
-207.009615,21,20922.711665
-226.379568,9,20927.480776
-192.140807,20,20935.868649
-169.595255,17,20942.126306
-196.813502,22,20949.877068
-323.850796,14,20954.818089
-233.313644,18,20961.676445
-198.159199,19,20968.105256
-281.941966,17,20974.353401
-234.333181,18,20980.266488
-380.779089,18,20987.603759
-220.094597,25,20997.498597
-203.550132,22,21005.427102
-303.235235,11,21009.915691
-189.380155,17,21016.117354
-258.424159,14,21020.962365
-227.217639,20,21028.050325
-300.179981,21,21035.419863
-187.818826,20,21044.334312
-250.30679,17,21050.013982
-137.155611,20,21056.611391
-234.091307,17,21062.464328
-290.432007,13,21067.404238
-306.02947,15,21073.466068
-257.02326,19,21081.848662
-204.214667,20,21088.889496
-246.739679,20,21095.761262
-231.428604,18,21102.447673
-215.062344,19,21109.141457
-303.794614,17,21114.362277
-206.164222,22,21124.001275
-277.659132,20,21131.186096
-233.106469,19,21138.024905
-240.836297,22,21147.573428
-267.834788,19,21155.207317
-247.634152,16,21160.891181
-220.80981,20,21168.374917
-355.002747,14,21173.288708
-250.780327,16,21178.280176
-271.443733,20,21185.262504
-260.466125,17,21191.050804
-204.093855,18,21199.216933
-192.676904,22,21206.500249
-244.760373,13,21211.062378
-239.191212,18,21218.964209
-124.431579,15,21224.294311
-291.715029,16,21229.87814
-229.74806,22,21236.98057
-244.139975,23,21245.743931
-298.795399,19,21254.285542
-275.034273,19,21260.809433
-388.447031,20,21268.555319
-208.570278,19,21274.969218
-267.663892,15,21280.544726
-175.823583,17,21285.731637
-341.520796,19,21293.412809
-263.004094,17,21299.640631
-271.070353,17,21305.939084
-152.206197,21,21314.149209
-229.862533,23,21322.151431
-279.265091,19,21329.580607
-338.841591,17,21335.6339
-268.135982,18,21341.971196
-297.876734,19,21349.219053
-211.803303,22,21356.716808
-379.09196,15,21361.791966
-244.774334,16,21368.079507
-242.89767,16,21374.946974
-237.649269,14,21380.241863
-315.234615,15,21385.856414
-272.245353,24,21395.354292
-241.510682,20,21401.899413
-271.099621,26,21411.523358
-305.976451,20,21419.547197
-256.039713,17,21425.611356
-306.486868,16,21431.558186
-227.847841,21,21438.891435
-331.613858,16,21445.775601
-293.868247,16,21453.193025
-284.524041,21,21459.863351
-250.807694,17,21465.445713
-280.69357,18,21471.976971
-261.667408,18,21478.786192
-223.316932,21,21488.312594
-216.57149,16,21495.754814
-182.442268,20,21502.491445
-264.779952,16,21508.692944
-296.104265,18,21515.096873
-386.622971,22,21523.486618
-334.737635,21,21530.740179
-158.765601,10,21534.301968
-222.5247,20,21541.111906
-223.824999,19,21548.175253
-219.234074,16,21554.441516
-304.833704,19,21563.726426
-294.299275,13,21569.520355
-200.283043,15,21576.21783
-201.977093,21,21584.426464
-214.548038,19,21590.888607
-288.855762,17,21596.93691
-275.807312,14,21602.659742
-236.255131,19,21609.223207
-263.298072,20,21616.779601
-216.587661,18,21623.446821
-152.454007,16,21629.397955
-263.218073,18,21636.747035
-286.356998,12,21641.377259
-277.551822,20,21648.704234
-247.642425,18,21656.036025
-217.126478,14,21660.625215
-198.793063,18,21667.500981
-313.962428,13,21674.349065
-165.85467,19,21681.373039
-240.298255,19,21689.062049
-260.421656,13,21694.569794
-242.497854,22,21702.389855
-211.222426,20,21710.968096
-268.595812,20,21718.049884
-248.353934,17,21724.064897
-168.490001,13,21729.162739
-273.782609,22,21736.825417
-152.593227,15,21742.292795
-255.766327,17,21748.88252
-272.389247,19,21756.09052
-235.757913,18,21762.862501
-275.167624,15,21767.895403
-209.020544,15,21773.032846
-317.970735,16,21778.314946
-112.405387,18,21784.597813
-274.523968,14,21792.150553
-121.997907,19,21800.129886
-209.273035,17,21805.82875
-209.650678,18,21811.905812
-264.422116,23,21819.683269
-213.85223,16,21826.736091
-218.46057,20,21833.82115
-264.264165,17,21841.361333
-192.140042,21,21848.312612
-297.948543,18,21855.154161
-284.742564,21,21862.355981
-264.550211,15,21867.483445
-270.848732,21,21875.580643
-260.73863,25,21884.829
-159.622894,13,21889.891772
-268.657392,17,21896.501509
-264.013305,18,21902.476161
-267.348762,20,21909.565475
-242.33942,16,21916.456129
-255.291714,14,21922.418879
-259.072549,17,21929.036789
-263.451296,17,21934.850506
-252.735653,24,21945.321425
-179.494074,21,21952.87088
-233.443244,17,21960.34744
-236.389541,20,21969.723108
-315.32905,17,21976.903454
-271.846732,15,21982.008827
-277.289327,18,21987.909837
-240.422103,22,21996.495827
-228.4278,15,22002.243712
-228.321688,19,22008.736006
-176.431526,20,22016.117078
-226.188273,18,22022.557601
-160.805822,27,22031.706708
-236.547798,19,22038.617074
-202.91544,20,22046.566196
-218.086503,22,22054.886232
-220.02971,21,22064.857737
-290.172511,18,22072.042392
-256.58647,12,22077.856652
-197.080857,23,22085.432515
-254.79322,15,22092.295593
-243.102598,19,22098.813252
-342.310663,16,22105.593333
-234.89005,19,22111.988897
-245.236752,16,22117.31469
-233.483253,16,22124.320023
-228.600356,20,22131.301058
-182.129093,16,22136.830225
-226.2517,21,22143.572285
-283.947209,16,22149.085215
-285.84517,16,22154.983294
-260.922372,17,22161.692104
-300.468066,14,22166.179439
-260.410623,20,22174.82937
-181.312794,23,22183.342666
-229.063503,17,22189.192124
-283.525724,21,22196.206619
-266.038492,23,22204.496372
-205.190671,18,22211.065232
-264.113609,18,22219.58689
-315.94784,15,22225.033025
-246.577628,17,22230.666125
-227.123165,21,22237.57565
-274.78104,21,22248.167544
-185.599242,22,22256.071399
-281.520313,12,22260.550388
-290.536467,19,22266.794721
-190.641184,24,22276.594819
-255.20211,22,22284.200871
-208.963104,21,22292.043118
-244.449692,16,22298.236007
-220.084486,17,22304.180809
-254.508033,16,22310.761376
-310.308871,15,22315.459279
-256.337278,13,22319.992077
-224.664928,23,22328.691493
-268.363256,19,22335.772162
-290.843675,21,22343.104248
-228.372862,17,22349.662438
-157.622836,21,22357.055554
-124.480988,13,22362.032055
-235.641827,26,22372.077311
-227.441242,22,22379.273342
-268.526726,16,22384.717437
-212.169319,15,22390.548001
-247.833713,16,22396.18692
-254.74795,19,22403.817832
-259.582515,16,22409.111458
-245.775995,17,22415.007688
-329.21407,20,22422.155693
-260.365531,19,22429.989769
-245.109613,18,22436.13424
-273.291663,17,22441.975623
-268.311718,14,22447.22028
-265.080623,13,22452.854727
-250.8305,16,22459.102709
-218.461348,13,22464.718327
-314.479891,17,22470.923254
-246.01081,22,22479.964688
-239.270096,19,22486.478498
-259.64502,21,22494.249524
-303.488104,15,22499.720904
-245.751655,18,22505.53827
-129.58031,17,22511.917326
-266.452439,23,22519.592186
-296.766347,12,22523.291013
-264.967508,22,22531.944824
-274.901489,18,22538.549235
-232.737327,20,22545.792072
-270.064955,19,22552.294215
-220.681484,19,22560.392646
-316.471517,16,22566.148661
-212.519402,20,22573.613322
-311.074111,18,22579.405155
-268.133506,20,22587.074815
-274.442846,11,22591.370898
-208.349571,18,22598.879434
-220.919512,19,22606.326215
-210.303285,14,22611.980742
-223.28439,19,22619.883194
-239.099598,17,22627.377762
-268.952879,16,22633.535686
-221.399506,19,22640.878962
-178.67014,19,22648.37434
-253.977929,17,22654.514989
-213.249339,17,22660.830274
-251.985773,17,22667.129983
-230.931694,16,22673.376439
-234.990676,10,22676.844105
-274.507244,17,22683.182469
-205.641949,14,22689.230011
-314.728582,19,22695.603271
-238.352013,23,22703.844056
-262.282296,16,22709.758697
-209.122322,21,22716.619477
-196.394263,21,22723.937514
-281.48733,11,22727.668447
-279.37251,16,22735.647896
-158.331008,24,22743.571265
-196.403866,15,22749.687373
-241.322687,16,22756.097579
-190.217735,21,22764.019869
-242.934298,16,22771.31575
-235.160122,20,22779.477401
-241.917998,16,22786.85187
-333.433287,13,22792.02333
-281.468138,16,22796.967952
-369.254757,23,22806.192009
-256.686872,22,22813.689667
-243.30569,17,22819.857989
-249.677516,15,22825.293085
-325.363093,12,22829.534066
-221.141928,20,22836.35223
-242.863397,17,22843.492998
-266.437911,13,22848.013068
-308.801231,10,22853.214059
-180.614708,19,22860.069586
-204.615642,19,22866.633213
-203.066678,17,22873.088548
-227.542233,17,22878.8671
-280.951195,20,22886.252244
-221.56233,22,22975.181101
-254.171575,19,22982.320517
-252.747431,15,22987.528792
-217.712219,17,22993.449087
-236.860912,21,23000.537847
-185.070195,23,23008.486187
-133.742895,12,23012.914196
-244.480525,18,23020.364814
-186.724945,16,23027.530806
-263.669245,17,23033.668312
-227.084926,20,23040.871886
-229.869137,19,23049.105638
-185.663875,18,23055.818072
-144.501906,18,23062.862903
-255.596025,23,23070.091679
-252.379167,16,23077.864493
-214.637064,21,23085.874577
-201.314624,23,23093.75376
-280.237788,21,23104.484623
-365.182116,14,23109.212892
-302.695905,14,23115.345268
-234.46736,19,23121.815394
-265.02444,15,23126.575734
-310.789667,19,23133.105412
-176.54242,24,23141.270157
-233.064808,19,23148.31882
-187.575481,20,23154.942033
-261.693628,17,23160.950638
-251.958067,22,23170.168571
-226.724333,19,23177.502021
-267.775371,15,23183.870535
-188.49726,18,23189.909239
-169.900017,21,23196.863813
-297.442245,21,23205.280613
-199.35081,17,23211.879808
-327.373645,18,23218.979315
-230.461541,17,23226.84753
-281.40553,14,23233.436779
-249.891798,23,23242.465235
-293.631413,21,23249.625356
-170.395579,21,23257.244092
-288.447115,19,23264.983367
-325.062475,18,23272.707886
-231.050062,13,23280.01408
-154.106011,15,23285.689286
-257.044902,20,23292.217454
-211.919688,17,23298.674954
-203.830503,21,23306.247258
-234.167856,17,23312.280958
-207.381495,18,23319.519121
-214.669287,17,23326.868204
-182.556515,24,23335.484487
-161.733613,18,23341.166241
-261.309137,17,23349.035495
-174.875342,13,23354.220409
-256.832927,22,23362.004291
-258.498168,19,23368.838874
-266.052525,18,23376.050428
-271.803223,18,23382.894596
-119.368264,7,23386.032605
-249.834546,16,23391.964915
-226.438263,18,23400.904454
-198.866013,19,23409.421327
-251.02938,20,23416.165081
-184.148168,21,23422.880175
-239.02913,15,23429.028622
-224.017993,16,23434.835971
-249.288579,24,23442.943398
-185.709904,18,23448.664271
-188.197067,24,23457.634635
-261.725374,20,23465.309651
-262.473058,13,23472.17038
-244.190095,21,23479.350303
-372.017814,24,23488.410253
-232.429227,12,23493.244856
-228.586691,17,23499.810201
-215.827193,21,23506.946727
-240.970945,12,23511.343524
-335.337594,11,23516.289558
-233.216763,19,23523.796811
-287.931105,16,23530.748317
-262.378136,16,23536.299686
-222.241842,18,23543.653789
-260.654983,13,23549.792958
-226.716364,13,23554.277911
-219.611976,21,23561.670176
-272.864842,22,23570.009326
-267.707533,20,23577.83607
-225.52941,20,23584.436399
-160.180584,17,23590.404719
-144.28913,15,23595.601008
-234.087698,15,23601.085115
-313.762648,24,23609.538552
-171.830223,15,23615.09719
-230.369134,20,23621.648561
-317.765906,18,23627.862086
-265.484399,14,23632.742069
-307.30459,21,23640.617743
-232.364175,19,23647.580242
-202.233796,20,23655.286095
-271.715664,19,23664.146769
-240.231714,22,23671.941026
-258.054469,16,23677.594674
-165.311926,16,23683.250608
-219.249893,14,23689.831107
-225.658947,15,23696.263918
-198.05906,14,23700.781387
-283.747962,19,23708.848208
-210.403275,19,23716.029057
-301.176693,16,23721.744641
-242.305998,20,23729.125466
-197.674351,21,23736.036169
-220.544333,19,23742.268174
-205.944465,22,23749.981812
-227.123389,10,23754.576463
-266.045762,16,23760.474857
-124.420471,9,23764.746769
-183.074329,21,23772.386523
-244.581196,21,23780.52318
-289.861403,18,23788.312514
-208.352872,22,23796.47232
-235.690462,22,23804.913019
-254.508559,19,23811.129307
-209.850356,19,23817.888911
-247.771467,16,23823.606692
-227.476515,16,23829.560487
-263.900051,16,23835.086348
-152.138986,20,23842.72369
-359.032179,14,23847.631838
-117.081731,20,23855.500714
-328.088886,24,23865.970704
-219.719714,20,23873.406876
-280.506386,17,23879.087592
-284.528334,19,23887.172863
-211.287845,20,23893.72386
-231.022736,20,23900.4245
-211.127704,20,23908.288433
-192.10311,15,23915.621499
-266.411522,19,23922.004683
-266.081844,18,23930.600513
-229.550388,26,23940.951849
-257.322371,18,23947.026336
-233.63624,18,23954.645123
-175.145508,23,23962.296356
-209.434017,17,23968.782257
-299.969351,17,23975.220811
-136.00434,16,23981.393984
-286.645568,20,23988.633769
-264.506903,14,23993.848734
-279.023516,23,24002.056639
-239.953026,18,24008.427985
-198.596315,22,24015.873037
-265.793308,16,24022.893262
-193.998272,17,24029.254997
-244.293792,18,24035.439527
-221.950142,12,24039.701854
-259.856242,15,24045.78284
-231.127153,21,24053.956477
-246.695071,11,24058.096674
-295.609172,16,24064.765789
-175.301677,15,24070.005707
-249.127201,18,24076.948252
-212.616415,18,24083.183436
-228.984186,22,24090.455067
-188.583125,20,24099.569979
-198.867346,22,24107.292174
-271.858203,18,24113.182087
-249.114662,16,24118.849936
-182.437527,8,24122.632617
-285.14554,19,24129.314109
-222.464246,22,24137.383185
-290.947453,16,24145.126706
-206.890764,24,24154.508293
-248.783833,19,24162.282284
-234.045072,16,24168.243483
-240.872613,23,24175.510732
-256.698822,20,24182.344291
-121.161919,15,24187.993627
-264.432734,12,24192.662409
-338.458636,18,24198.799271
-180.061787,19,24205.565861
-201.216017,18,24211.836097
-222.423635,19,24218.913319
-240.532814,21,24226.215159
-211.513682,15,24231.376529
-305.311948,12,24234.970939
-247.556159,22,24242.485289
-216.478972,14,24248.303767
-240.054018,23,24257.831417
-256.364571,22,24265.509786
-138.344286,19,24271.793455
-241.317563,16,24277.741135
-235.593501,19,24285.098321
-223.479519,15,24289.839418
-249.022738,17,24296.260467
-113.601721,10,24300.044769
-235.868917,18,24306.679913
-224.033547,17,24313.586825
-200.941809,23,24321.963451
-237.911173,19,24328.999943
-261.868163,14,24334.570487
-241.023558,16,24340.114714
-221.417058,14,24347.498802
-195.148105,18,24353.4112
-150.059883,22,24360.947953
-342.328979,18,24366.983087
-193.307475,17,24372.881161
-228.03592,18,24379.102161
-241.244239,13,24383.376093
-214.094681,15,24388.451082
-274.52033,11,24393.438087
-230.225316,13,24400.956583
-235.768218,17,24408.31257
-315.761155,15,24413.376787
-294.359823,18,24419.037416
-296.952268,16,24424.451986
-264.775012,22,24433.186601
-267.476332,13,24438.917166
-220.990418,24,24447.128095
-263.548397,18,24453.476788
-249.34193,17,24460.242189
-228.805666,12,24465.220366
-259.430382,12,24469.666043
-302.29242,20,24476.976757
-163.901881,22,24483.986897
-262.928699,15,24490.114233
-227.38673,17,24498.979271
-237.058201,20,24505.818833
-294.791077,15,24510.757895
-177.728731,20,24517.861116
-350.867682,20,24525.085923
-150.892307,25,24534.805264
-279.160416,18,24541.804693
-203.165995,23,24550.209558
-189.402846,20,24557.273628
-280.329891,14,24562.128025
-255.028666,19,24569.936222
-293.912076,9,24574.960218
-221.411057,23,24582.638566
-207.626649,23,24590.622487
-194.702492,23,24598.347819
-282.360935,20,24605.103267
-264.910116,15,24610.36624
-264.225498,16,24616.686858
-237.518791,18,24624.053381
-246.666363,15,24629.274391
-242.563145,18,24635.498982
-225.941329,17,24641.445204
-237.749498,20,24648.753434
-227.585539,17,24655.729241
-264.278714,17,24662.401567
-199.221317,15,24667.714094
-224.579335,13,24674.902698
-255.81338,18,24682.057204
-254.79325,16,24687.507107
-246.209585,16,24694.67022
-244.229742,19,24701.154197
-247.185122,16,24707.829275
-263.478001,19,24715.632547
-209.812517,17,24722.990836
-253.403256,16,24729.114415
-229.77754,20,24737.308468
-339.480597,18,24745.225379
-306.686006,13,24751.82993
-185.113615,24,24760.285728
-227.299805,20,24767.540719
-263.017816,15,24772.451049
-215.511833,22,24781.029941
-227.801117,22,24788.85502
-307.945634,17,24797.325118
-226.875251,20,24806.137049
-239.606978,19,24814.194916
-224.947695,24,24822.111666
-238.661985,16,24828.061909
-201.278801,17,24833.888025
-172.964936,18,24840.063049
-262.188992,15,24845.457389
-238.758823,21,24852.766258
-187.871174,16,24859.371387
-335.697549,18,24865.707282
-181.422627,14,24871.45787
-224.60158,18,24878.218793
-215.167014,21,24886.717708
-129.220936,13,24891.424606
-152.842587,19,24899.294909
-284.249726,15,24906.077338
-308.436724,22,24915.435355
-286.203219,20,24922.807182
-139.411666,19,24929.351042
-279.217194,17,24935.076636
-283.758187,23,24944.664083
-253.467715,18,24953.419029
-203.832715,22,24960.60232
-240.04133,19,24967.02816
-137.476415,21,24975.086841
-246.37712,17,24981.482075
-226.082166,16,24987.708752
-280.039553,18,24994.079756
-145.671666,9,24998.88194
-329.612125,18,25005.389852
-224.806996,14,25010.631744
-259.521692,19,25018.386803
-157.027749,22,25027.0993
-388.145282,20,25034.754067
-345.954027,22,25044.470449
-231.716081,20,25052.064218
-159.811847,18,25058.812673
-262.527902,17,25066.745151
-258.480583,20,25075.815499
-190.491356,22,25083.469426
-212.39914,16,25093.207754
-192.938728,18,25099.683393
-279.921122,18,25105.941388
-227.346332,19,25112.44122
-200.63603,21,25121.172324
-241.866522,15,25126.234102
-242.081948,17,25132.458617
-255.458874,17,25138.100737
-220.795489,20,25145.799328
-251.336287,20,25154.90949
-225.978957,22,25163.027712
-198.197099,15,25168.449181
-213.030181,22,25176.143417
-227.456971,19,25182.955488
-205.972915,22,25192.431409
-200.543468,23,25200.590193
-230.407452,19,25207.287379
-163.750197,20,25214.44805
-296.44831,14,25219.778304
-245.211551,18,25226.551975
-214.069853,21,25234.612223
-267.555141,17,25240.354048
-265.491553,16,25245.688006
-123.583928,21,25252.573791
-304.04822,18,25258.794891
-176.506186,18,25265.065488
-183.28232,22,25274.146766
-246.615023,18,25280.352508
-241.370434,12,25286.069113
-218.288117,20,25292.68516
-222.216568,21,25301.185286
-263.055404,18,25307.495503
-191.897585,13,25313.329259
-245.887704,22,25322.843816
-224.151003,20,25330.283258
-293.728329,15,25336.198368
-273.093017,13,25340.581985
-236.90191,19,25347.303292
-256.125267,17,25353.886135
-205.397535,20,25360.737684
-314.104096,19,25368.871262
-209.933753,22,25376.458157
-268.13163,24,25384.910888
-265.755426,15,25391.890571
-219.302431,23,25400.171644
-216.1283,21,25407.415828
-284.689383,12,25412.351135
-283.919071,17,25419.666488
-244.808126,17,25425.810774
-239.808601,19,25432.68865
-252.903461,16,25438.134171
-163.941331,16,25443.589828
-219.513221,13,25447.81849
-279.243679,20,25455.214122
-385.083711,19,25462.451708
-248.058427,15,25468.732396
-265.603107,16,25476.430321
-190.452464,24,25484.868732
-247.246188,21,25492.023636
-265.655888,14,25496.734384
-177.175507,18,25502.930765
-265.014876,16,25508.452321
-266.008771,17,25514.060016
-260.553439,20,25520.792393
-289.762317,20,25528.175729
-284.505949,20,25535.095491
-249.085463,19,25542.040756
-234.455753,17,25548.874887
-302.773816,15,25554.784458
-243.290088,15,25560.508109
-267.700406,19,25569.045862
-182.535811,21,25576.250793
-196.015307,13,25581.816909
-266.113985,13,25586.387101
-202.827965,22,25594.840071
-375.038499,16,25602.698997
-236.874175,22,25610.642822
-273.373337,17,25617.164559
-171.509933,22,25625.596838
-232.024439,16,25634.320107
-224.294744,21,25642.572201
-154.096687,14,25648.395508
-257.94584,13,25653.453396
-262.363947,20,25662.187825
-262.692317,17,25669.083535
-235.259422,21,25676.588143
-240.26998,18,25683.802728
-249.15577,15,25691.193978
-244.24711,17,25699.366287
-298.283237,20,25707.375206
-252.25978,13,25713.113978
-170.978642,23,25721.97623
-268.500142,19,25728.838186
-289.02039,17,25735.801626
-118.555756,13,25742.423204
-209.126933,18,25749.138781
-287.740644,13,25753.949162
-252.240554,20,25761.042194
-231.310189,14,25766.423971
-181.678512,20,25773.291962
-318.364529,19,25781.501493
-241.573755,20,25788.573549
-285.666274,15,25793.978022
-268.021181,12,25800.22873
-240.841832,20,25806.918375
-218.654753,18,25813.837863
-197.614554,21,25821.77798
-259.786334,17,25827.955286
-236.110773,13,25833.490382
-268.363385,21,25841.592704
-271.263429,19,25849.751902
-211.884559,18,25856.448723
-215.460818,18,25863.923956
-245.751793,18,25869.633522
-205.092411,18,25876.063468
-198.746975,16,25881.594261
-250.526429,17,25889.34726
-261.095096,18,25895.741161
-275.630993,15,25900.952
-244.833368,16,25906.489478
-286.48703,20,25913.313242
-249.822828,14,25919.372909
-230.609879,15,25925.553881
-228.162933,24,25933.980377
-282.989131,22,25941.350381
-299.997872,13,25946.84661
-217.908996,17,25952.840854
-274.081017,23,25961.48143
-140.837266,19,25968.010337
-206.630759,26,25978.545118
-258.123518,23,25986.774593
-241.484709,17,25992.50922
-197.005337,21,26000.962346
-233.913384,20,26008.071257
-217.814797,18,26014.646613
-242.16761,18,26021.184603
-272.52791,17,26026.707045
-253.590283,16,26032.016623
-216.045951,18,26039.092632
-219.545258,22,26047.086625
-266.566413,14,26052.79023
-201.461668,20,26060.732584
-241.277429,17,26066.882725
-303.217618,19,26073.203629
-240.510924,21,26080.1645
-291.126848,10,26083.577458
-259.839444,18,26089.722332
-194.250416,24,26097.717399
-246.918472,17,26103.407686
-264.354414,20,26110.36224
-207.884122,14,26115.060601
-231.962851,19,26122.881591
-212.982478,17,26128.703954
-160.359548,16,26219.793453
-270.41257,20,26227.914079
-221.892378,21,26235.559169
-220.716638,16,26242.806958
-228.544222,19,26249.289128
-326.914547,17,26257.916886
-147.577892,14,26263.164915
-257.259697,18,26270.006529
-221.305257,18,26276.767536
-229.679888,19,26282.919966
-226.469086,20,26291.116516
-258.011063,20,26298.278186
-292.766566,20,26305.479655
-245.35776,18,26312.720666
-187.561392,19,26319.104574
-234.985022,16,26324.582015
-193.801981,19,26331.263905
-263.773661,16,26337.188658
-309.916793,16,26346.399254
-229.916508,21,26353.870665
-281.667508,20,26361.324812
-201.317205,21,26368.54509
-256.27881,21,26376.209839
-241.082121,20,26382.741662
-196.182211,19,26389.293996
-264.351281,17,26395.278447
-280.960368,14,26401.599408
-206.699192,15,26406.983597
-232.720756,15,26412.775138
-276.785087,12,26417.326639
-145.397248,13,26422.190783
-226.978483,17,26428.084602
-316.96052,7,26432.87678
-233.252695,17,26438.442261
-216.481266,22,26446.371916
-239.240173,15,26451.573129
-400.220554,13,26456.149464
-260.907105,18,26462.945457
-171.765609,23,26471.876693
-259.212516,16,26477.556276
-230.547922,18,26483.835668
-256.9335,18,26489.719555
-301.636017,12,26493.638072
-193.69999,18,26499.808957
-296.912377,24,26509.394664
-213.014036,19,26516.465538
-267.766171,20,26522.679454
-133.599133,19,26529.210747
-154.125671,20,26536.478301
-258.012453,21,26544.700248
-229.784227,21,26552.901608
-253.806684,21,26561.435961
-193.242485,26,26570.232018
-217.4522,21,26580.099317
-270.464421,16,26586.046846
-219.216592,21,26593.051491
-272.632201,12,26597.951144
-272.926117,21,26607.944127
-230.382718,14,26612.619196
-229.956892,22,26621.220502
-239.019044,22,26629.06233
-252.869311,18,26635.805376
-340.756807,22,26644.689663
-250.467711,18,26650.970184
-215.821789,20,26658.773264
-220.045844,21,26666.853107
-235.649024,19,26673.315646
-268.453045,22,26680.723242
-114.905922,16,26685.606674
-155.006457,17,26691.991555
-227.835084,17,26698.306428
-267.151893,17,26704.345191
-245.176497,18,26711.89231
-256.365935,13,26718.952383
-203.375325,20,26726.488272
-244.979967,17,26732.774658
-220.226776,19,26740.576722
-304.882915,20,26747.981536
-256.573562,15,26753.350189
-234.480371,22,26760.862407
-202.402705,21,26768.852231
-352.622744,15,26773.868447
-116.886002,10,26777.699675
-264.153768,11,26781.521131
-190.838981,17,26788.312901
-216.919034,16,26794.79072
-189.155866,17,26801.511481
-161.441611,9,26807.067101
-257.494589,11,26811.564274
-257.297627,20,26819.294423
-250.20857,15,26825.635672
-154.868448,15,26830.842761
-182.018614,17,26837.551397
-338.962388,19,26845.023153
-266.058263,14,26850.612232
-217.210121,19,26857.530461
-112.28029,13,26862.900845
-214.350582,21,26871.990772
-131.716793,16,26877.276457
-384.945107,15,26883.633344
-203.125294,19,26890.49284
-156.329654,19,26898.455679
-252.150709,18,26904.448578
-247.474085,14,26909.798033
-307.724968,18,26917.083133
-299.098137,15,26924.70825
-202.268131,25,26933.370359
-190.288815,18,26940.142487
-227.131585,18,26947.396487
-174.997829,23,26956.031274
-159.155771,16,26961.681977
-166.712968,23,26969.606765
-182.288798,21,26976.979634
-230.927743,21,26984.806543
-201.45715,19,26991.031215
-196.234635,20,26999.729099
-222.906361,19,27005.9938
-291.978996,13,27011.795193
-283.369574,13,27018.228448
-232.656625,21,27025.933233
-236.052897,20,27033.423318
-285.929873,16,27039.640502
-261.779557,23,27047.949199
-264.718045,16,27053.162619
-175.075858,22,27060.380557
-340.490075,17,27068.721451
-111.086873,19,27075.749553
-249.401262,16,27082.392241
-328.502551,17,27089.663776
-271.060363,16,27095.750666
-277.026953,21,27104.669772
-201.381558,26,27113.78303
-152.652632,19,27122.192919
-209.628266,25,27131.945136
-201.415292,18,27138.489822
-186.239336,19,27148.513303
-213.329926,23,27156.373942
-202.701452,21,27164.151525
-290.573213,17,27170.49256
-270.911811,17,27177.18028
-249.107121,19,27183.847388
-258.266374,19,27191.225626
-201.314345,12,27195.056777
-255.323154,20,27203.577453
-301.5959,12,27207.742057
-172.514965,18,27214.470027
-242.509204,11,27219.600337
-241.863382,19,27227.105601
-209.487051,19,27234.748644
-224.472097,18,27241.373166
-169.266481,23,27250.42928
-263.128843,15,27255.902582
-217.420276,22,27263.631461
-271.264045,14,27271.01792
-279.758832,9,27276.971594
-195.690887,18,27283.453104
-263.978266,16,27288.8872
-206.873993,23,27297.549424
-224.010527,20,27305.524793
-225.03743,18,27313.546052
-167.943805,20,27321.969895
-249.352773,19,27329.028615
-277.324574,17,27334.737572
-288.399764,15,27339.988281
-258.470126,26,27349.209137
-245.122216,17,27356.643022
-251.374967,15,27362.311495
-146.313394,19,27370.883096
-228.155427,15,27377.972447
-203.607696,19,27385.218434
-264.608071,18,27392.702831
-306.818833,18,27400.845087
-112.829714,16,27406.248951
-199.724089,17,27413.246625
-184.676041,19,27423.651764
-304.415633,20,27432.161704
-250.095227,19,27438.639029
-120.440857,23,27446.29492
-246.025295,23,27454.792992
-188.547491,23,27462.651487
-122.243709,17,27468.28032
-171.852766,19,27477.166727
-235.216685,21,27484.197725
-188.691471,19,27491.495126
-215.958234,19,27498.630507
-219.14703,16,27504.193281
-172.041715,18,27510.182792
-274.725422,18,27516.706171
-289.841562,21,27523.414402
-174.052121,20,27530.248631
-313.359941,17,27538.116869
-219.803658,20,27545.355338
-235.660734,18,27551.414249
-241.908425,13,27556.028677
-298.170958,15,27562.276541
-229.098971,23,27570.822456
-261.78219,15,27576.852822
-277.466415,14,27581.320371
-241.239706,16,27587.251507
-268.467651,19,27594.522102
-172.611846,17,27600.829706
-261.975506,19,27607.496585
-190.760825,19,27616.014647
-275.037379,18,27623.018125
-209.845143,16,27628.34967
-194.656043,22,27635.652046
-291.985587,20,27642.476461
-265.235236,18,27648.922919
-322.814514,19,27656.536643
-235.579492,21,27664.331089
-242.325692,21,27672.331853
-188.890762,22,27681.255899
-293.867312,12,27685.651101
-277.793126,20,27692.623603
-282.784086,18,27700.296757
-266.884377,17,27706.388019
-204.768954,22,27713.525398
-229.939329,16,27719.705118
-315.935249,15,27726.574315
-230.250764,20,27733.678679
-218.612149,16,27739.877589
-240.68086,20,27748.353835
-231.205832,24,27756.862731
-264.929147,20,27764.976592
-197.635855,21,27772.34124
-228.717778,17,27778.884912
-258.28398,19,27786.688519
-265.217972,16,27794.287127
-212.43267,21,27801.120387
-225.997672,25,27809.813508
-234.558759,18,27816.576063
-225.520053,22,27823.880148
-207.682019,19,27831.78601
-274.757381,10,27835.060334
-274.438772,15,27840.526989
-175.811541,19,27848.017608
-194.233729,22,27856.233964
-284.55311,20,27865.823906
-251.615446,16,27874.101686
-122.818213,22,27881.532464
-284.500759,18,27888.781757
-230.723778,14,27893.892207
-294.259167,19,27901.620274
-320.834627,12,27905.735722
-317.833585,15,27912.483012
-275.958495,17,27918.744069
-161.587907,18,27924.91485
-248.087561,22,27932.62181
-260.931947,18,27939.492532
-283.453678,18,27945.999617
-276.332792,21,27953.69531
-273.639148,15,27959.297289
-297.746019,11,27963.78164
-238.728178,20,27970.185075
-332.542416,16,27975.762751
-217.046741,21,27984.72524
-146.180414,19,27991.104596
-317.343442,21,27998.115268
-185.080143,17,28003.809219
-100.770243,16,28009.190827
-235.962421,16,28015.604335
-256.10771,23,28024.05758
-234.748374,20,28030.289336
-236.848249,25,28039.45959
-202.023425,19,28045.778539
-254.913334,21,28054.254239
-223.93104,18,28060.886494
-230.957617,22,28068.369051
-247.350558,19,28075.053406
-273.927504,12,28080.703322
-254.143233,19,28088.948492
-224.430935,18,28096.606383
-183.788197,17,28102.791611
-244.491687,17,28109.781067
-281.121831,21,28116.460839
-231.120638,20,28123.783864
-133.767355,15,28129.248018
-238.728389,22,28137.125067
-267.117673,19,28144.288376
-210.554874,19,28151.914848
-257.07114,19,28162.674435
-184.830026,21,28171.129416
-342.608387,14,28175.693083
-228.705708,16,28184.211667
-236.159586,17,28190.023265
-186.669825,15,28195.566142
-213.890245,18,28202.205257
-171.450608,19,28208.708062
-274.035171,12,28212.866587
-310.82837,18,28219.842666
-233.634067,23,28228.756016
-182.244637,17,28235.832861
-237.491854,15,28240.942755
-205.916662,19,28247.886482
-179.410159,24,28256.457372
-264.098957,14,28261.360962
-198.962597,15,28267.460513
-305.204095,20,28274.962363
-207.336342,20,28281.609205
-222.998723,22,28288.644213
-223.262399,18,28295.643951
-261.16124,25,28304.522205
-263.705977,18,28311.149296
-204.239592,18,28317.438924
-253.790607,17,28324.073085
-226.242596,18,28330.276632
-259.365262,18,28336.46997
-197.324984,20,28344.13805
-267.584659,11,28348.256446
-131.043478,20,28354.8957
-181.662018,24,28366.133512
-233.86453,21,28373.764006
-208.610516,16,28379.014946
-175.212923,19,28385.940443
-226.75045,17,28392.213701
-227.689187,22,28401.482239
-235.642048,14,28405.913085
-179.024252,18,28414.256335
-164.359898,12,28418.887089
-289.07496,19,28425.498964
-209.224216,20,28432.080824
-249.082421,17,28437.939208
-210.387083,16,28443.386501
-221.622848,20,28449.926594
-286.086384,17,28456.880015
-160.462361,26,28467.000219
-325.218193,14,28471.809922
-230.180032,16,28477.213795
-234.711977,18,28484.699988
-241.711839,20,28491.452102
-178.599062,18,28497.858711
-256.346295,12,28502.378488
-211.240087,20,28509.485713
-229.227467,20,28517.18538
-297.418682,23,28525.189113
-203.79356,15,28530.303608
-189.929234,11,28534.365191
-183.326958,16,28539.921207
-205.481428,22,28547.942241
-203.596938,22,28555.132974
-272.714989,19,28561.745985
-195.875573,19,28568.625743
-232.272903,15,28573.940415
-242.66745,20,28580.628153
-161.27806,20,28587.780557
-223.573933,22,28596.056208
-216.198177,18,28602.135848
-180.795513,23,28610.32433
-231.070626,15,28615.337245
-142.624285,21,28622.646128
-344.71943,18,28629.15081
-226.758116,15,28634.850864
-198.396705,20,28641.82026
-284.546894,17,28647.77004
-206.649542,21,28655.821017
-354.766576,19,28663.211876
-163.718027,17,28670.39791
-215.811908,21,28678.72378
-200.103418,21,28686.076597
-290.972493,17,28692.109667
-169.854012,19,28698.83814
-261.679607,18,28706.071977
-259.817783,23,28713.658939
-178.844417,27,28723.466485
-156.08463,11,28728.308541
-240.878699,18,28735.782072
-201.276722,20,28743.484617
-121.918442,15,28749.068618
-236.053484,18,28755.77642
-280.031771,27,28765.184096
-254.546274,24,28773.913557
-237.104781,17,28780.22912
-222.169696,23,28788.87211
-231.83054,18,28795.938679
-199.108257,20,28802.591239
-258.169212,20,28809.816206
-244.784117,18,28815.651412
-192.994538,21,28824.712683
-172.253133,24,28832.628256
-247.35785,18,28838.645062
-229.017798,19,28846.782025
-209.50709,19,28854.479686
-301.409115,17,28860.647359
-265.745527,18,28866.698833
-224.049295,17,28872.299881
-220.461342,21,28879.243302
-228.877311,23,28886.789449
-184.283761,23,28895.686075
-116.970446,17,28901.248355
-168.028164,22,28909.04865
-180.724477,23,28917.695623
-258.765806,20,28926.557409
-239.840549,16,28932.723011
-140.91475,21,28939.64378
-173.319347,19,28946.112632
-272.41542,16,28951.338507
-221.809446,18,28957.494485
-174.388317,15,28963.453041
-306.193345,13,28967.499906
-215.884364,16,28973.014785
-313.332219,13,28977.534997
-243.466791,16,28983.550124
-285.095,18,28990.145448
-265.465296,16,28996.509111
-197.753161,12,29000.769028
-164.725335,20,29007.471045
-264.21409,15,29012.844712
-214.770461,21,29022.381572
-256.364505,21,29030.245744
-225.901471,19,29038.434187
-248.73464,18,29045.080183
-168.097245,15,29051.127038
-206.681734,23,29059.101828
-267.629569,21,29066.402694
-231.328909,18,29073.486936
-255.898954,18,29080.718543
-206.815774,17,29087.372254
-226.682416,13,29093.619436
-342.375829,17,29099.582927
-204.886368,18,29106.56398
-184.810816,15,29112.456863
-226.07874,20,29120.187986
-255.505588,26,29128.654481
-175.37969,20,29135.778515
-191.57457,22,29143.61338
-201.617438,20,29152.081241
-274.904445,17,29158.680741
-190.723922,19,29167.266592
-210.627697,20,29177.730946
-149.980683,12,29184.472133
-133.836434,16,29191.810543
-237.819475,19,29199.341402
-294.618289,18,29208.342742
-183.987553,20,29222.745718
-227.793964,22,29232.2435
-228.314285,20,29239.997141
-242.421388,21,29247.854632
-188.345479,23,29256.320342
-172.168581,26,29265.594126
-110.05337,9,29269.479734
-190.811389,22,29278.661582
-156.111738,13,29283.206945
-196.478102,21,29290.706914
-109.958753,14,29296.211638
-162.704585,18,29305.840289
-195.409692,17,29313.326086
-236.792201,23,29322.482817
-245.600549,21,29330.181674
-207.872871,22,29340.582306
-230.482085,16,29346.614296
-205.472997,19,29355.035358
-189.71371,20,29362.253813
-277.094125,11,29366.990681
-294.807147,17,29376.023245
-235.75591,20,29384.057485
-232.601388,18,29482.536078
-188.03811,21,29490.374193
-311.780294,20,29497.533694
-199.040408,24,29505.269672
-212.374365,22,29512.488572
-293.825512,17,29518.598835
-149.449241,14,29523.877333
-317.997407,22,29531.536871
-131.271172,21,29538.475342
-215.346769,20,29545.511465
-366.779654,18,29552.456159
-229.045331,18,29558.47388
-107.45432,10,29562.634778
-322.947151,18,29568.523939
-96.162759,16,29573.88058
-278.175719,15,29578.83835
-193.231249,19,29586.598783
-268.148323,14,29591.574201
-207.547061,22,29599.046171
-209.909379,22,29606.787492
-223.72693,25,29615.749307
-248.889802,22,29622.99116
-156.401013,19,29629.351206
-210.168317,13,29633.872627
-333.332708,18,29640.325502
-256.712764,20,29647.867158
-291.902248,20,29655.322865
-240.428014,19,29661.933924
-266.138233,20,29669.807717
-212.192068,20,29676.332811
-283.863015,21,29683.270781
-231.01933,14,29690.003052
-260.513465,18,29696.036686
-124.277867,25,29704.64309
-337.151313,15,29710.175421
-214.6117,21,29718.481674
-184.113937,22,29726.087379
-316.135542,20,29733.368485
-214.600495,19,29739.569497
-248.687122,14,29745.189918
-219.178928,13,29749.500051
-225.489104,18,29757.144156
-339.795354,17,29764.308617
-310.975853,18,29770.722832
-228.712766,17,29776.461189
-184.268161,17,29783.914559
-186.370879,18,29789.817852
-253.499246,19,29797.132445
-240.755593,20,29804.179636
-160.352831,26,29813.494032
-197.079798,20,29820.223713
-261.086859,23,29829.340245
-302.669248,15,29834.815152
-128.104121,18,29840.867107
-224.066915,19,29848.381954
-286.806287,13,29853.347876
-281.764441,19,29859.946544
-274.321398,13,29866.551721
-219.687012,19,29873.410827
-249.942643,18,29879.349117
-212.495,20,29888.436276
-333.999082,22,29896.892217
-268.338589,16,29902.709945
-271.733623,20,29909.382207
-310.99571,19,29915.805247
-180.542506,22,29923.22418
-125.336383,13,29930.210502
-250.872407,16,29936.55699
-277.413618,12,29941.899785
-129.925678,16,29947.921503
-225.397017,18,29953.990451
-220.825865,21,29961.959494
-188.377557,24,29970.692031
-247.355132,20,29977.856984
-184.087926,18,29984.016047
-268.721601,21,29991.5192
-223.029352,22,29999.275288
-289.982619,15,30004.262106
-215.825253,19,30011.42527
-245.138651,22,30020.341186
-292.010175,21,30029.672863
-231.423084,16,30034.825958
-187.898482,17,30040.581005
-183.448647,22,30048.120827
-308.590447,15,30053.299679
-237.784398,16,30058.591857
-162.858872,14,30063.330562
-209.970731,21,30070.670657
-185.421262,21,30077.611169
-211.637399,19,30083.787094
-279.817634,13,30088.557484
-160.86219,21,30095.443475
-282.799726,20,30102.790474
-222.725498,22,30110.165742
-251.990233,17,30116.76077
-209.13098,19,30123.009419
-258.387771,17,30128.855241
-179.306004,13,30135.427886
-262.947558,15,30140.448452
-187.347797,20,30146.879622
-346.698834,15,30151.731091
-288.546883,13,30157.88063
-339.31723,21,30166.295013
-278.073544,21,30173.281518
-240.91264,16,30179.206798
-280.919125,18,30184.829105
-237.459865,19,30191.800226
-186.172586,21,30198.778177
-249.42155,22,30208.027837
-200.718545,16,30214.393413
-169.071564,23,30221.76364
-234.81905,23,30229.894805
-230.342193,15,30235.647794
-144.164668,17,30241.479875
-218.109746,20,30248.249072
-157.85306,22,30255.802751
-135.548195,17,30261.807945
-225.82572,17,30267.503651
-318.042071,20,30275.176258
-290.094653,19,30281.334828
-228.803824,25,30289.835411
-272.596003,23,30298.692904
-277.354113,17,30304.154996
-183.270166,26,30313.0432
-241.561933,17,30319.304341
-162.471227,14,30324.231357
-244.391159,17,30329.785449
-316.577933,20,30336.361184
-221.506299,20,30343.661195
-222.597778,20,30351.119994
-192.099595,21,30358.416184
-324.565099,24,30368.513921
-285.374518,15,30374.133575
-241.110442,15,30380.0019
-281.777935,22,30386.915806
-213.729035,25,30395.923486
-213.835478,19,30402.65764
-241.046472,19,30409.861099
-274.481659,18,30416.281757
-316.486386,15,30421.008264
-288.825465,16,30426.159173
-187.280041,17,30432.374356
-170.381452,25,30440.80749
-265.495532,24,30448.896847
-107.705955,18,30455.175802
-174.080211,23,30464.348682
-151.84083,15,30469.565243
-251.340703,17,30475.871419
-239.736893,20,30483.76858
-256.477086,22,30491.559855
-298.872964,21,30499.01072
-180.183302,22,30506.353236
-290.898873,19,30513.323251
-264.208577,15,30518.763699
-243.915384,14,30524.596295
-278.361808,17,30531.793037
-238.394745,18,30537.858691
-223.266441,19,30545.036395
-222.510464,18,30551.72807
-137.230155,21,30558.903962
-224.914319,22,30566.754642
-192.934011,24,30574.754509
-327.013625,22,30582.936669
-216.148965,18,30589.248083
-207.32126,19,30596.058448
-150.47832,16,30603.221942
-142.04851,20,30609.772845
-238.227378,20,30616.93172
-266.920481,21,30624.811814
-221.351246,20,30631.383202
-210.518893,23,30639.148247
-222.070013,17,30645.659241
-275.499796,20,30652.521831
-217.681106,17,30658.391529
-251.808851,20,30665.022064
-338.93392,19,30672.741551
-138.207881,17,30679.705771
-233.419723,17,30685.590101
-221.800782,17,30691.815272
-303.04387,11,30696.076613
-204.405486,21,30703.480385
-199.472387,19,30710.69568
-277.854404,18,30717.249886
-239.374687,22,30725.486951
-255.325968,18,30732.094154
-255.31479,17,30738.397311
-200.306953,19,30745.57685
-172.547501,21,30752.888402
-178.44518,23,30761.002233
-217.309151,21,30768.592468
-280.578675,24,30777.007639
-158.117824,19,30782.912291
-246.822329,20,30790.082903
-179.107475,22,30798.273572
-124.004708,19,30805.854348
-238.215536,18,30812.561786
-329.934736,21,30821.461411
-171.131081,15,30826.756108
-263.899403,17,30832.700037
-266.937805,20,30839.450703
-220.500935,19,30846.408999
-265.172006,19,30853.48732
-211.643914,24,30861.760777
-245.423357,18,30867.914944
-225.644516,17,30873.938715
-237.053055,23,30881.32231
-218.629573,18,30887.495227
-323.053412,17,30893.558354
-288.369221,13,30898.95015
-239.786226,19,30905.671761
-316.173328,21,30913.189171
-289.915485,15,30918.59107
-220.426441,18,30926.427681
-218.204692,23,30934.469966
-236.531053,14,30941.738212
-212.691609,19,30948.253022
-201.027514,23,30956.021327
-241.726181,15,30961.307758
-277.697688,15,30968.347047
-262.543214,14,30973.522824
-172.615658,18,30979.726137
-283.998648,13,30985.45819
-173.593541,14,30990.762557
-198.666798,20,30997.985324
-200.887704,18,31003.949705
-258.751135,18,31010.969851
-223.553577,21,31018.168576
-258.156118,21,31025.948839
-175.34375,16,31032.112825
-135.388693,15,31036.852749
-207.794131,18,31043.731929
-220.593894,23,31051.902779
-306.216269,15,31057.487275
-223.72616,25,31065.602802
-247.060038,14,31071.47357
-163.898889,12,31075.209559
-172.463261,18,31081.448992
-275.173741,21,31088.50884
-217.6312,15,31094.310023
-198.518379,21,31104.486014
-224.494126,17,31110.266403
-211.326696,20,31117.771709
-225.793385,19,31124.539272
-179.70409,18,31132.524462
-288.741617,17,31138.487765
-327.596737,23,31147.059077
-252.286085,14,31153.638659
-228.072675,22,31161.171307
-244.409921,20,31169.972925
-247.946359,18,31176.487884
-266.666741,17,31183.144658
-207.852124,14,31188.758909
-206.654528,19,31195.0855
-197.78952,22,31202.831507
-178.581137,20,31209.867954
-202.366821,17,31216.960513
-169.834488,18,31223.575653
-205.902019,21,31230.566503
-216.639116,16,31236.513392
-252.628418,19,31244.041554
-257.709459,16,31249.490366
-190.985864,22,31257.764661
-239.74509,22,31265.083192
-262.291241,23,31273.726778
-158.632932,22,31281.16162
-334.100526,17,31286.838616
-232.088792,22,31296.784209
-195.469266,20,31303.272479
-219.022789,20,31309.477395
-222.616892,19,31316.571034
-237.097346,18,31322.761509
-166.612247,23,31331.542973
-221.442487,18,31338.242309
-287.478908,22,31345.638363
-261.869712,15,31350.725236
-247.855458,18,31357.516618
-177.147297,18,31363.937954
-252.974562,17,31370.073755
-235.921267,22,31377.352551
-183.167951,22,31384.824613
-253.488097,19,31391.660895
-181.140709,25,31400.645788
-186.676102,20,31407.906967
-240.635779,23,31418.015913
-282.702563,17,31423.582509
-224.843289,16,31429.751763
-234.086907,14,31434.810404
-193.312338,21,31443.311438
-199.645342,25,31452.868385
-191.766271,24,31461.204737
-216.037725,17,31467.617636
-279.775768,19,31473.857846
-120.281464,18,31479.620951
-124.813585,20,31488.397413
-239.305938,17,31495.535634
-245.476101,20,31502.900089
-235.666182,20,31510.556267
-210.553115,18,31517.376631
-228.180419,20,31523.839226
-275.903456,21,31531.16585
-217.770928,17,31536.852885
-256.217621,20,31543.689208
-305.580102,25,31552.322097
-170.951083,17,31560.488657
-254.471016,21,31567.22268
-285.148073,19,31573.566766
-226.325169,23,31581.712603
-279.121962,22,31589.867395
-190.990442,20,31596.340325
-261.067763,20,31603.439217
-185.127155,21,31610.692689
-302.021438,17,31618.954803
-226.31567,16,31625.494529
-225.063546,19,31632.898247
-267.109128,18,31639.711809
-177.345146,16,31646.387576
-212.843013,18,31652.699712
-198.185543,18,31660.327649
-203.914659,18,31666.401595
-207.834483,22,31673.997776
-207.480821,21,31681.598651
-270.501745,24,31689.643425
-184.939828,24,31698.705419
-273.747113,22,31707.538246
-242.234906,20,31714.005311
-259.531315,19,31720.983164
-228.745366,19,31727.505738
-251.571077,17,31733.626605
-302.772141,18,31739.922916
-132.934514,20,31748.649561
-203.263276,20,31755.515787
-198.338159,24,31764.638535
-198.982379,18,31771.574617
-265.461387,15,31776.545043
-249.131684,22,31784.047649
-227.312058,20,31790.760339
-266.897524,16,31796.872431
-257.842492,16,31802.850062
-245.105572,18,31809.793385
-274.320705,23,31820.012693
-166.920177,19,31827.031503
-280.491021,18,31833.448224
-273.310979,17,31840.858308
-272.062665,20,31849.947963
-242.338272,22,31857.810731
-350.799755,24,31866.79878
-321.378117,22,31875.396707
-274.563522,20,31883.487528
-254.662044,14,31888.391307
-154.628761,24,31896.698205
-214.073486,20,31903.895881
-265.549676,22,31911.710119
-282.001863,19,31919.687199
-167.615545,23,31927.591572
-230.719901,21,31935.235365
-325.829914,19,31942.15019
-156.333829,22,31950.176031
-184.258584,16,31955.724081
-272.326803,19,31963.783333
-246.92444,20,31971.080576
-143.857655,16,31976.522839
-173.573483,19,31983.553406
-334.487693,14,31988.722933
-241.559814,18,31994.836845
-251.077159,20,32001.832978
-163.898122,24,32009.820328
-284.580888,19,32016.72836
-209.445808,14,32022.356561
-201.035577,23,32031.271774
-252.779589,18,32037.210306
-240.626838,22,32044.943788
-239.051309,21,32052.200707
-222.938912,14,32057.121124
-190.629466,20,32064.768538
-193.487977,20,32071.545224
-248.999729,18,32078.6685
-227.901822,19,32085.091374
-282.719056,22,32092.691637
-286.071472,19,32099.875658
-235.504848,17,32106.018831
-255.257908,18,32112.468274
-239.32119,16,32118.615273
-312.013279,17,32125.829589
-178.857644,22,32134.992216
-241.576873,23,32143.276276
-279.174436,16,32149.646446
-237.146865,18,32155.608749
-195.911678,21,32163.010066
-248.647849,16,32169.304846
-219.7708,13,32174.648855
-269.276818,21,32182.834106
-130.531004,17,32188.287203
-310.402269,15,32193.758903
-247.690636,12,32198.380689
-260.679849,18,32206.80993
-226.103238,22,32214.583472
-223.21606,18,32220.595555
-182.527693,24,32229.026159
-228.758141,16,32234.573339
-293.047452,20,32241.842147
-117.732208,14,32247.927687
-252.217078,16,32254.738266
-215.414279,24,32264.704726
-229.806997,21,32271.561845
-194.345789,19,32277.780337
-185.694525,22,32285.566236
-240.82248,16,32292.840771
-232.695736,20,32300.234843
-175.014961,23,32308.322114
-275.256595,21,32317.511176
-231.956682,20,32324.148638
-209.175151,21,32331.758155
-205.344134,21,32339.387913
-237.434465,15,32345.090175
-143.644398,14,32350.026223
-162.10643,23,32357.878533
-202.540841,23,32366.634105
-230.726572,23,32374.828611
-244.476293,16,32382.284726
-237.138644,17,32388.815151
-281.339674,19,32397.672545
-346.789995,19,32403.930319
-198.354206,22,32411.076297
-214.434779,16,32416.975037
-155.287449,25,32425.110627
-205.383794,13,32429.738328
-281.41503,16,32437.204828
-274.044892,13,32441.487276
-222.129387,19,32447.570312
-253.746894,21,32455.208154
-229.484099,18,32460.948462
-269.85076,22,32468.632941
-295.192918,17,32474.214488
-164.575421,22,32481.681224
-225.017586,17,32487.463464
-257.537096,23,32494.709154
-201.713347,20,32501.730458
-221.784148,16,32508.925824
-261.746043,18,32516.628282
-239.017149,17,32605.143895
-188.691572,12,32609.100207
-279.202483,19,32617.345979
-301.872374,11,32622.016096
-171.006773,23,32630.250986
-294.623992,19,32637.063795
-156.772071,13,32641.410256
-240.736279,22,32649.409489
-267.927761,15,32655.657606
-278.708658,19,32662.256437
-232.751683,13,32667.47322
-242.135209,20,32674.264377
-220.95009,23,32682.207954
-270.540347,20,32692.157403
-171.894279,21,32699.799237
-255.732382,24,32708.056767
-182.350144,19,32715.180377
-319.778926,16,32721.828462
-173.681809,16,32728.546785
-224.296159,20,32735.927553
-286.222414,17,32742.391028
-268.151465,18,32750.998968
-195.231071,17,32756.836199
-260.466247,16,32762.444391
-225.727692,18,32769.999942
-131.784066,10,32774.6973
-329.037019,19,32781.024796
-286.281294,17,32787.278036
-253.186732,21,32795.679139
-171.314327,22,32803.005604
-272.518087,19,32809.320599
-308.621194,13,32814.716467
-177.02417,19,32821.357244
-220.889905,16,32828.562454
-208.490116,15,32834.800845
-240.316463,16,32840.54949
-212.243706,18,32847.573538
-113.032395,14,32852.125902
-222.053445,17,32859.427397
-180.292474,24,32867.662809
-222.527286,18,32873.434854
-256.857095,17,32881.459648
-156.836292,21,32889.051486
-279.624525,17,32895.031622
-199.99006,21,32902.367974
-189.498225,22,32910.686617
-191.572981,23,32918.682018
-228.641811,17,32924.488662
-173.637215,19,32931.018234
-300.708735,21,32939.590518
-269.683482,12,32943.956303
-295.083184,23,32951.925665
-238.975759,23,32959.936653
-241.002905,21,32966.782335
-252.489782,15,32972.125949
-213.485367,18,32980.396395
-202.201354,20,32986.980792
-135.721354,19,32994.010208
-300.612417,19,33000.472917
-182.024699,20,33007.275347
-157.640697,20,33014.169244
-214.212097,17,33021.493924
-202.819129,24,33030.755676
-264.304716,20,33037.634615
-233.206849,17,33044.447671
-257.442987,21,33051.293917
-253.314009,18,33058.312982
-186.534103,23,33065.779266
-276.222301,18,33071.954613
-243.753622,22,33080.723305
-244.49732,19,33087.489994
-241.473918,16,33093.425858
-247.322458,18,33101.772774
-218.842518,22,33109.389819
-151.088353,20,33116.587373
-172.380078,24,33125.982679
-240.094105,17,33132.221888
-279.443983,12,33136.110699
-321.255826,10,33140.571596
-277.014048,17,33145.809767
-205.354557,20,33152.800312
-343.377429,13,33159.143607
-186.493206,22,33167.964693
-163.554666,20,33174.777276
-271.699208,16,33180.404009
-218.448745,16,33186.90517
-173.256327,24,33195.10323
-170.184395,24,33203.164995
-407.190159,19,33209.412305
-320.313851,17,33217.309377
-217.945765,23,33225.220593
-220.622462,17,33232.14938
-214.180057,22,33240.812226
-267.716391,21,33247.766552
-202.557943,23,33255.803205
-164.363077,17,33261.467865
-289.307787,20,33268.283627
-261.840372,22,33275.967013
-275.108046,25,33285.116923
-234.797731,19,33291.579963
-243.865933,20,33299.423781
-180.378427,22,33309.308659
-178.937145,16,33314.63395
-178.228501,21,33323.579907
-204.100312,19,33330.333506
-324.061283,18,33337.205593
-190.527817,21,33345.802395
-239.963354,23,33353.469625
-178.020955,14,33358.880613
-260.867273,17,33366.28165
-182.008192,14,33372.823785
-231.158413,19,33378.97006
-184.881003,20,33385.665572
-191.218758,17,33391.214333
-236.149275,15,33396.799545
-230.74996,14,33403.041202
-224.192819,23,33413.51336
-192.031834,19,33420.977694
-215.99218,21,33428.844223
-239.716698,19,33435.838482
-216.83425,19,33442.367721
-145.429783,20,33449.280083
-247.988989,16,33456.346932
-177.105323,23,33464.985056
-170.045501,24,33475.132278
-227.376732,25,33483.856362
-241.304337,19,33490.84573
-346.172973,23,33500.159522
-126.238396,21,33506.963347
-235.202596,23,33514.368589
-223.643889,22,33522.174396
-248.434278,20,33529.154733
-210.104167,24,33537.745169
-243.834022,13,33542.928393
-254.42109,14,33547.986819
-280.109843,22,33556.485617
-226.857636,22,33564.026544
-210.854815,23,33572.460531
-176.55251,19,33579.153024
-255.131804,16,33584.954616
-203.787333,21,33592.182366
-225.16439,22,33601.956083
-124.570997,15,33607.065588
-304.433073,18,33613.987811
-204.984801,20,33621.134057
-269.355682,18,33627.681413
-168.828586,23,33635.025169
-242.605015,22,33643.528601
-293.433511,16,33649.368655
-176.921113,23,33657.783439
-224.865025,21,33665.623842
-149.258897,19,33672.851801
-183.984642,21,33680.566976
-190.627419,20,33689.398833
-226.321909,14,33694.302838
-269.050174,21,33702.689986
-267.190845,21,33710.031219
-230.894041,17,33715.997338
-337.513226,25,33724.797501
-284.47349,15,33730.176367
-232.03633,22,33738.615591
-150.73669,20,33745.476141
-211.350337,19,33752.433121
-184.741491,21,33759.956742
-208.424823,22,33768.249659
-170.508837,19,33775.435424
-180.343843,21,33782.53949
-235.533118,17,33788.319896
-187.488383,18,33794.913951
-187.672044,24,33804.889618
-256.099349,17,33811.972077
-145.496018,20,33820.284349
-252.316318,15,33827.228242
-149.425073,17,33833.215904
-160.871972,9,33837.296649
-343.350377,20,33844.215929
-307.655855,19,33850.732438
-230.938244,22,33858.896387
-249.905657,14,33864.768062
-154.534783,16,33869.912433
-239.308208,23,33878.229549
-261.478434,15,33884.099891
-201.922516,19,33890.565569
-259.747836,21,33897.549253
-194.131378,20,33904.408163
-271.983955,19,33910.473561
-248.23641,20,33917.157006
-241.013281,14,33922.498347
-251.534457,19,33930.313183
-288.433474,20,33936.878517
-156.818468,18,33943.219171
-294.823088,16,33948.837612
-244.069521,13,33954.264505
-228.368837,22,33961.58275
-265.197653,21,33968.884437
-171.22475,22,33976.315624
-221.559345,17,33982.715471
-275.60735,19,33989.349519
-165.190808,25,33998.348107
-254.6405,18,34006.237079
-250.313332,18,34012.319108
-335.17516,17,34018.367604
-186.356435,22,34025.595432
-260.369708,20,34033.651774
-261.381815,22,34041.858407
-207.980395,15,34046.960472
-277.486092,18,34054.177865
-200.360915,22,34062.744596
-197.16576,16,34068.810264
-239.285948,13,34073.645159
-314.536004,15,34078.798282
-296.889337,22,34088.618376
-251.666205,21,34096.949412
-200.165587,28,34106.699159
-219.684535,15,34111.872656
-209.103135,24,34121.656513
-193.054958,24,34129.342939
-161.724919,23,34138.227037
-227.2683,22,34145.804111
-183.65859,21,34153.09719
-209.46882,19,34159.647894
-286.296968,20,34167.659744
-182.783934,27,34178.000116
-193.212016,22,34185.813954
-218.537624,17,34192.283806
-122.129764,28,34202.14062
-182.251573,21,34209.010263
-203.77067,19,34215.751265
-173.281386,23,34223.55941
-281.112537,19,34230.18745
-258.892905,20,34237.048671
-159.172826,25,34245.314383
-230.74256,18,34251.701476
-177.223694,23,34259.460495
-190.959149,21,34266.356019
-312.004359,20,34272.84681
-138.713107,16,34279.330472
-192.170178,26,34288.947941
-208.1463,21,34296.717943
-233.364616,22,34305.053648
-123.652284,13,34309.351034
-256.732413,23,34317.043671
-211.19257,21,34325.273219
-339.404493,16,34333.263701
-216.920346,17,34340.400768
-258.291868,21,34347.973319
-255.289733,17,34354.637727
-209.742654,24,34363.469184
-227.084362,21,34371.141959
-216.871676,19,34379.14439
-273.998406,20,34387.225224
-232.578263,21,34394.511854
-193.235541,20,34401.045882
-264.378331,20,34408.780861
-251.220492,14,34413.572964
-215.404524,23,34421.656636
-292.010532,13,34426.108368
-205.463925,16,34432.98856
-287.298006,18,34439.606142
-284.345198,16,34445.473804
-126.141022,15,34450.385462
-205.178838,17,34457.631536
-251.19113,20,34465.38016
-291.788061,11,34469.202963
-223.609532,16,34475.560693
-197.530222,16,34481.735101
-254.271744,17,34487.46706
-191.374942,18,34493.688291
-200.144846,23,34501.393396
-217.04076,15,34507.9261
-244.540853,19,34515.836806
-145.701811,20,34522.341244
-258.744153,18,34528.491663
-212.281358,25,34537.128276
-225.819791,20,34544.142888
-255.678844,14,34550.709112
-99.796442,10,34553.921992
-235.913581,17,34560.894832
-285.411136,13,34567.04513
-230.493054,15,34572.491966
-267.126478,24,34580.366488
-158.379645,18,34586.555244
-153.760573,32,34599.403914
-201.884445,19,34605.806136
-173.235741,21,34613.454343
-296.996794,19,34621.706529
-218.930764,24,34629.89185
-224.384044,15,34636.323866
-256.32178,21,34643.933809
-249.683899,12,34647.949729
-208.810076,20,34654.602922
-195.697303,23,34662.471265
-161.759248,22,34669.632612
-247.313693,14,34674.181857
-247.369969,17,34680.354829
-185.391357,21,34689.46197
-120.298038,11,34695.34831
-234.100591,25,34704.076558
-324.481328,15,34708.929138
-133.133978,22,34716.852787
-197.957523,23,34724.154616
-289.455785,19,34732.589359
-226.777481,20,34739.192199
-208.766611,19,34745.579714
-242.289294,14,34753.03379
-269.481942,20,34760.855492
-212.200281,20,34768.455281
-239.729163,16,34774.216824
-220.616469,19,34781.323118
-320.000043,18,34787.480511
-238.135675,19,34794.114926
-226.393002,21,34801.90639
-271.988943,23,34810.679858
-210.919822,19,34817.415891
-229.661152,23,34825.488852
-160.298881,14,34830.578428
-163.068731,21,34838.661717
-237.916749,22,34845.944752
-287.590462,18,34853.066
-221.020944,19,34859.623229
-149.398819,18,34866.710925
-147.404762,22,34875.482695
-170.167825,23,34883.105727
-133.972133,18,34888.970837
-268.757647,16,34895.122677
-250.449198,21,34902.890561
-263.405867,18,34908.729639
-112.990332,10,34912.398689
-143.445465,11,34916.465956
-249.92432,14,34923.578902
-253.422067,20,34930.999475
-202.283816,19,34938.079456
-234.39957,18,34944.226556
-252.143954,20,34951.573577
-211.007653,18,34958.288233
-252.700483,23,34966.466821
-264.913216,16,34972.442454
-194.63164,21,34979.985226
-214.252214,20,34986.646453
-222.966282,21,34993.677848
-213.23417,19,35000.940549
-231.139321,22,35008.340479
-218.002662,21,35015.508547
-266.474068,17,35021.301775
-238.578336,18,35026.842581
-234.276021,20,35033.523764
-238.053214,19,35040.226593
-176.656549,22,35048.963652
-255.768638,12,35054.99128
-186.237251,22,35062.65463
-202.957302,21,35071.436032
-246.216215,19,35077.540644
-232.019121,17,35083.58112
-298.845798,19,35090.201921
-231.041372,18,35097.065835
-194.900822,21,35105.457781
-224.498598,20,35112.432806
-239.515144,21,35120.623077
-214.107167,16,35126.237519
-191.553471,20,35132.919136
-218.979737,21,35140.838669
-181.424763,25,35150.220662
-289.193842,14,35155.779997
-231.763351,22,35163.841754
-234.511578,14,35170.299839
-150.849663,14,35175.153503
-154.622999,22,35183.241927
-228.399,18,35189.378979
-215.035285,16,35194.941043
-240.154977,19,35201.315219
-144.963302,23,35210.060359
-243.365008,20,35217.954307
-235.767286,16,35224.093908
-204.01996,21,35232.148098
-240.465377,19,35239.011479
-249.217046,15,35245.145816
-236.805215,15,35250.66318
-240.102643,19,35257.234575
-219.973625,24,35264.9652
-217.327264,20,35271.685465
-142.825425,22,35278.98212
-247.805719,21,35286.801086
-259.547502,25,35296.406881
-246.557636,19,35303.643409
-224.942298,25,35313.674328
-262.639445,14,35318.596702
-185.504752,26,35327.924072
-250.602017,18,35335.988732
-267.555808,14,35341.307668
-222.256834,20,35348.308667
-261.975231,15,35353.954186
-264.361925,14,35359.857069
-376.045235,16,35365.001341
-170.040888,17,35370.775602
-246.690663,21,35379.311107
-290.260698,18,35385.437448
-282.707329,17,35391.362952
-295.470146,17,35398.631526
-213.661771,23,35406.805705
-185.053534,24,35414.750149
-177.623325,23,35425.845124
-148.875252,20,35432.736073
-433.908844,19,35440.681162
-96.41641,14,35445.595772
-165.49911,16,35451.693842
-241.229732,21,35461.977994
-336.94857,19,35468.697906
-180.646629,26,35477.533544
-136.392935,26,35487.279775
-183.444185,22,35494.575222
-248.507641,20,35501.962599
-294.832689,13,35507.122108
-202.943679,18,35513.063467
-219.192227,20,35519.790812
-280.920356,19,35526.900577
-139.019591,16,35531.947676
-210.137153,18,35541.564364
-249.785677,16,35546.946726
-262.972985,21,35555.168363
-223.018515,20,35564.73623
-265.578743,14,35569.5706
-213.22116,22,35576.686232
-244.84128,18,35583.90133
-261.565151,27,35596.543328
-218.008775,23,35604.239944
-113.96562,17,35610.09907
-298.931052,24,35618.153595
-284.031318,20,35625.256534
-259.292795,23,35633.533793
-193.726019,21,35640.264716
-120.946874,22,35649.565279
-294.074229,20,35657.240883
-237.121892,18,35663.502592
-287.049139,16,35669.747651
-301.565505,24,35679.116713
-311.062684,22,35686.411194
-241.892342,19,35778.63775
-226.66912,19,35785.057063
-235.025625,21,35792.611835
-257.916955,23,35801.108227
-165.732491,25,35810.619292
-148.376072,17,35816.483989
-189.79563,19,35824.674338
-185.625681,19,35831.10931
-180.542648,23,35840.883894
-214.808562,22,35848.41088
-247.536563,24,35856.292213
-209.81497,22,35864.342021
-238.256817,22,35873.383866
-220.656024,23,35881.178627
-299.274752,19,35888.092661
-260.83601,17,35894.289535
-184.969809,20,35900.984568
-186.925067,19,35907.796771
-231.708069,18,35915.30725
-216.061846,20,35922.258148
-115.689661,19,35928.660901
-227.774887,19,35935.397693
-269.324223,17,35941.532256
-239.223323,19,35948.353928
-164.209266,23,35957.189919
-203.118834,22,35965.175822
-212.321834,21,35972.868888
-244.62959,16,35978.295274
-210.84663,18,35984.076287
-209.179131,23,35992.23858
-296.881818,14,35997.832671
-196.658098,19,36004.475564
-218.438018,22,36013.210733
-262.455162,17,36020.37869
-274.427174,13,36025.768442
-240.44651,21,36032.557959
-236.724402,15,36040.293117
-212.820953,20,36046.963585
-213.317193,16,36053.395693
-293.28369,11,36059.804001
-264.435556,16,36066.481626
-224.892256,22,36074.800151
-224.515543,21,36082.933959
-276.516656,11,36088.162962
-228.816659,20,36095.488984
-252.014879,14,36100.061721
-159.085365,23,36108.018288
-261.982097,23,36116.951263
-227.910964,15,36122.790997
-293.657482,19,36129.703378
-163.364003,19,36136.229354
-274.742198,18,36142.407055
-198.319816,25,36151.090291
-295.42001,16,36156.858487
-154.018762,24,36164.716174
-278.570143,18,36171.131139
-294.350035,15,36177.164133
-219.455925,17,36184.682213
-160.682266,26,36193.392487
-290.259729,26,36204.060816
-280.145933,19,36211.759304
-216.454604,17,36217.97467
-213.623634,19,36224.191438
-264.550267,19,36230.604059
-193.655789,25,36240.144166
-302.19671,18,36247.416396
-331.872208,21,36255.144692
-261.453009,15,36261.563478
-207.904137,26,36271.90829
-332.706784,17,36279.154593
-229.812258,20,36286.427047
-148.918081,19,36292.797048
-222.359172,21,36301.049524
-160.569142,27,36309.930881
-202.35501,15,36315.491747
-305.408618,16,36322.15495
-170.613448,16,36327.627612
-161.67488,19,36334.469772
-243.460716,15,36339.841767
-243.936577,14,36346.109701
-288.782691,17,36352.549912
-239.188377,23,36361.609544
-278.979385,19,36368.449708
-253.717388,25,36378.334571
-224.741753,23,36386.794175
-214.555506,14,36392.25116
-229.649467,20,36398.84357
-278.05607,18,36405.243091
-271.591394,19,36412.584005
-294.289636,17,36419.353253
-158.685357,18,36425.684085
-186.014865,21,36434.220257
-368.935831,19,36442.015798
-320.637092,16,36447.337513
-268.363144,23,36457.179557
-137.245478,17,36462.623939
-210.460448,19,36470.059172
-271.524295,14,36476.161333
-276.363932,21,36484.137288
-241.773137,21,36491.077044
-226.7934,16,36497.845417
-214.012176,19,36504.662304
-216.927206,18,36510.665798
-119.243306,10,36514.331383
-236.639762,17,36522.126152
-120.395468,19,36528.491601
-239.994499,16,36534.39699
-193.572507,20,36541.945565
-248.343512,18,36548.596267
-178.583804,21,36556.383281
-224.543082,21,36564.509808
-290.494192,9,36567.41412
-211.614513,23,36575.248671
-245.156064,17,36581.08716
-135.574948,15,36585.717339
-255.455578,17,36592.875632
-206.286981,24,36601.123108
-237.065253,18,36608.171845
-186.882896,20,36615.611999
-231.363173,19,36621.873185
-248.235956,27,36630.467324
-245.604096,16,36636.024008
-238.782735,17,36641.383964
-239.222597,18,36647.355318
-270.004488,24,36655.532524
-176.74267,20,36663.166242
-215.940929,22,36670.602311
-189.295104,17,36676.530029
-342.604397,21,36683.771276
-192.883597,18,36690.31931
-223.496842,22,36697.831488
-226.011954,17,36703.443316
-137.343267,22,36714.295491
-188.249726,24,36722.884953
-203.858485,17,36728.528346
-259.213423,21,36735.660556
-148.256866,18,36741.541019
-238.104169,21,36749.064814
-218.206617,21,36756.604462
-259.806766,18,36762.386915
-205.357426,27,36772.742665
-229.845615,21,36779.447731
-411.491033,10,36782.845974
-323.408662,13,36787.556967
-287.516357,24,36796.141782
-199.545608,18,36802.98809
-234.30397,24,36811.61657
-212.147704,19,36818.46891
-349.978879,18,36824.54897
-126.723597,24,36832.241352
-225.025349,15,36837.849839
-230.501233,22,36845.421495
-297.934406,17,36853.108831
-140.095074,26,36864.022966
-206.231576,19,36870.594618
-231.434009,20,36877.488199
-151.568555,18,36883.2917
-175.922119,24,36891.256016
-204.887485,19,36897.576936
-210.121881,21,36908.133512
-236.837862,16,36913.974457
-255.721702,22,36923.274209
-230.388126,22,36932.029508
-360.827001,17,36939.51399
-216.246042,19,36946.95028
-203.620898,26,36956.633801
-228.099917,17,36962.107091
-240.449211,17,36967.977105
-223.797916,22,36977.650412
-264.848707,16,36982.57432
-220.639496,21,36991.195499
-195.07619,22,36998.846739
-237.397633,15,37004.246725
-199.653321,12,37008.657065
-231.661782,22,37016.430291
-240.294234,22,37024.433727
-268.040647,20,37033.131937
-185.896182,24,37043.055008
-264.931301,18,37049.731196
-253.220234,12,37054.686759
-247.123402,21,37061.346482
-243.353901,18,37067.89162
-214.485602,20,37074.726902
-174.272952,24,37083.241543
-181.606845,19,37089.726079
-206.508083,27,37099.089771
-186.231452,22,37108.171147
-236.029933,16,37113.437747
-145.730722,11,37117.756993
-231.947078,11,37122.975003
-206.353342,20,37129.271267
-193.652058,17,37135.086186
-195.501119,14,37139.977864
-95.489849,20,37146.878606
-234.535415,26,37155.69621
-248.938982,15,37161.843089
-168.081565,17,37167.766311
-287.349625,13,37173.153148
-172.01968,23,37181.132069
-225.211424,22,37188.642539
-238.105237,18,37195.928251
-237.702901,18,37202.552538
-196.788154,20,37210.083641
-228.588364,17,37216.973716
-89.06008,26,37226.790618
-198.637465,20,37234.586398
-218.450577,23,37242.930789
-247.588597,25,37252.705428
-130.271128,21,37259.305575
-243.649974,16,37264.581676
-252.656639,15,37270.58094
-227.022953,12,37275.761189
-207.887551,18,37281.8357
-276.9515,20,37288.710763
-239.046177,20,37296.872139
-211.603249,24,37305.757158
-175.629869,22,37313.1923
-222.563004,20,37322.105643
-174.600411,24,37330.349993
-101.511004,25,37338.764269
-186.258,27,37349.276327
-261.07259,20,37356.222133
-265.404614,17,37362.021722
-270.321206,15,37368.435702
-217.075178,19,37375.480574
-163.405287,19,37381.891567
-169.974947,20,37388.522785
-178.156634,12,37392.729332
-181.946182,22,37401.178768
-270.901032,16,37408.178381
-279.65296,17,37414.225431
-193.392979,21,37423.313859
-260.717773,21,37431.334325
-286.348025,16,37439.636059
-234.170682,18,37447.606514
-239.540673,20,37456.252439
-244.724991,21,37464.781527
-347.898258,13,37469.526311
-278.836616,18,37476.399001
-114.444435,25,37484.789733
-217.921339,20,37491.839358
-186.528145,18,37498.166245
-270.502113,13,37503.32005
-225.33071,23,37511.719774
-356.265507,20,37518.042408
-291.454608,16,37525.816547
-291.258975,18,37533.547525
-141.912239,16,37538.87955
-176.450429,17,37546.087756
-135.152959,18,37552.038672
-251.833473,16,37559.531868
-267.241399,13,37564.856804
-239.036327,18,37570.900059
-218.453111,20,37577.426831
-198.083666,19,37583.781819
-229.104546,21,37591.876004
-186.958244,25,37601.03997
-181.142697,21,37608.745759
-258.560938,17,37614.937213
-220.56868,22,37623.817479
-193.309094,13,37628.110894
-223.547132,20,37634.80111
-248.022371,15,37639.989994
-143.719235,28,37650.281072
-192.586952,19,37656.751501
-216.414514,16,37664.375582
-160.335528,19,37671.909699
-249.95857,19,37679.24924
-213.332583,16,37686.031244
-225.091695,16,37691.334909
-157.687568,28,37702.173753
-216.259529,29,37713.634627
-238.817819,18,37719.785896
-251.790848,23,37727.365827
-218.206158,19,37734.612388
-244.449613,24,37743.560316
-209.511886,17,37752.403907
-257.604201,22,37760.00703
-183.010278,18,37766.440852
-295.017936,14,37772.238281
-119.874298,19,37778.245346
-243.581638,19,37784.707221
-270.180365,21,37793.642485
-277.628948,21,37801.380348
-231.495312,18,37808.172778
-239.61881,22,37817.730482
-229.606624,16,37822.987339
-193.010965,18,37829.193143
-210.097258,19,37836.332426
-228.287106,16,37841.78293
-303.178114,19,37848.524992
-225.50597,18,37855.163766
-231.886255,18,37861.053122
-236.588433,18,37869.199884
-228.731078,17,37875.364776
-284.195019,24,37883.645752
-219.008629,21,37891.851475
-264.484024,17,37897.523338
-225.335262,21,37905.038114
-225.622367,17,37912.021182
-246.78819,14,37917.389522
-178.560839,23,37925.797606
-206.149276,22,37934.230029
-251.863557,21,37941.805362
-269.836801,21,37948.905203
-245.907847,27,37957.834436
-201.980557,25,37967.6188
-166.905473,22,37974.779217
-168.271193,24,37985.003634
-236.286587,24,37993.53933
-192.784749,24,38000.872483
-259.08931,19,38008.54851
-238.196853,18,38014.915019
-225.907398,15,38024.624152
-181.60972,14,38030.141088
-271.867637,16,38035.215444
-221.88679,19,38041.764467
-244.958611,25,38053.160287
-215.475283,20,38061.612414
-208.372287,20,38069.462474
-257.745013,22,38076.679552
-250.711476,19,38084.282268
-234.337842,8,38087.117897
-273.343092,14,38094.57227
-203.04068,25,38102.691025
-245.02373,18,38109.38218
-119.368126,18,38115.738145
-238.812712,18,38121.664244
-234.288462,23,38132.584857
-257.406275,13,38136.805561
-166.124403,20,38144.201591
-188.421437,22,38151.701828
-121.793243,12,38156.34318
-366.357368,17,38161.9782
-232.834253,20,38169.331252
-266.68671,16,38174.638744
-251.147778,20,38184.046334
-141.652111,16,38189.971293
-223.295835,18,38195.930681
-192.354759,24,38204.666402
-176.61602,22,38212.247285
-278.918713,21,38222.151848
-224.584279,21,38229.190044
-128.604441,21,38237.272374
-174.920927,20,38244.81428
-228.409258,14,38250.396184
-235.05987,13,38254.949056
-186.425981,22,38262.277653
-361.215304,16,38268.095879
-295.283724,14,38273.804674
-237.360394,22,38281.775551
-271.558166,16,38287.903376
-291.654601,16,38293.342043
-241.505827,18,38299.886371
-306.568759,19,38306.826475
-299.169405,13,38311.599449
-239.032363,16,38317.47966
-263.571235,18,38324.337957
-273.905236,20,38330.790851
-238.448704,23,38339.614006
-266.26667,17,38346.502823
-180.395436,23,38354.123087
-215.800621,25,38362.449984
-178.394508,23,38372.060737
-217.003513,20,38379.980514
-194.677482,25,38388.161867
-247.425596,14,38393.3708
-249.273991,14,38398.125539
-136.862281,20,38404.821305
-220.098042,11,38408.398253
-248.711082,20,38416.691432
-178.55569,22,38423.689679
-124.480928,26,38432.563327
-297.037239,15,38438.047731
-344.942082,20,38444.730721
-217.37941,21,38451.585302
-108.147871,20,38458.283186
-153.688409,25,38466.632684
-190.810376,23,38474.747938
-214.123482,20,38481.432405
-294.092656,21,38487.930745
-216.661465,21,38494.989895
-171.631144,19,38501.680556
-186.574499,20,38508.292883
-212.199869,22,38515.440257
-210.95884,21,38522.59644
-252.074633,21,38529.653516
-214.197955,20,38536.446907
-250.371841,19,38544.452582
-293.131469,25,38553.090819
-246.029556,14,38558.077658
-254.359211,24,38567.654482
-221.159226,19,38575.024549
-194.400108,17,38580.496541
-290.937933,18,38586.941173
-321.417595,17,38592.882409
-197.217483,21,38599.867292
-223.92358,16,38606.574185
-201.885996,23,38614.130173
-309.557825,18,38620.700105
-199.293959,15,38625.93903
-212.389579,17,38631.838237
-277.650848,16,38637.037659
-180.378562,22,38645.360866
-257.195515,12,38650.334064
-183.740208,20,38657.504681
-268.267919,20,38664.24581
-216.644649,16,38670.242082
-224.924075,25,38678.6024
-262.598247,19,38685.116294
-182.7165,19,38692.673978
-212.218361,24,38701.141045
-226.682645,17,38708.859748
-306.012559,21,38716.29619
-207.013531,16,38721.780286
-234.676091,23,38730.003332
-181.195851,21,38736.945293
-161.966636,23,38745.132921
-267.835746,12,38748.957715
-331.7344,19,38755.699201
-291.782463,14,38761.694304
-264.579287,13,38766.491937
-173.455555,19,38773.651945
-189.386179,25,38783.721101
-120.180578,23,38791.399319
-260.675267,18,38797.608464
-266.326258,13,38801.6216
-237.713775,21,38809.266226
-140.274611,22,38816.644009
-200.602876,25,38825.677888
-252.424494,18,38833.232814
-236.333104,22,38841.115479
-175.067114,17,38847.843173
-243.778799,17,38939.988629
-196.356659,14,38945.149626
-200.779891,26,38955.075135
-260.647312,14,38959.45368
-300.078575,20,38966.488773
-125.23774,19,38974.543549
-285.116644,17,38981.056942
-163.539493,22,38988.714242
-179.88121,22,38997.058405
-263.990315,27,39006.773031
-179.209591,19,39013.601176
-285.371492,17,39020.631426
-275.596774,20,39027.774304
-168.504849,18,39034.400296
-174.889236,23,39042.226354
-281.786798,16,39047.551254
-287.3845,19,39053.837035
-341.906488,19,39060.27476
-202.209614,21,39068.508192
-198.961133,22,39076.405613
-266.028312,16,39082.76375
-309.88036,18,39088.730329
-209.997558,17,39094.561546
-190.703784,22,39102.958903
-202.673472,23,39110.967366
-229.928745,12,39114.897241
-167.730445,20,39121.639235
-243.742905,18,39128.055812
-258.417399,20,39135.313547
-273.76832,18,39141.411353
-202.948216,17,39147.337124
-231.647434,19,39154.221766
-155.553654,23,39161.652748
-197.16867,19,39168.230166
-178.787999,22,39176.143996
-292.351019,23,39184.31409
-266.823239,20,39192.183835
-274.720608,14,39199.000896
-310.341221,16,39204.210945
-120.524868,23,39211.820596
-187.580687,22,39219.565932
-215.85263,22,39227.201703
-223.36702,18,39234.301294
-178.066063,19,39240.819251
-223.659187,19,39247.151429
-167.149556,26,39257.038475
-248.773597,16,39262.917404
-258.44986,16,39268.924566
-196.163184,20,39275.821194
-301.524637,17,39282.412152
-143.913596,18,39288.939084
-174.359945,15,39293.9856
-262.806935,18,39300.872245
-182.342246,26,39309.995111
-206.664425,21,39317.37787
-264.456185,24,39325.686539
-263.648185,20,39333.408295
-105.500786,24,39341.480277
-230.885913,23,39348.770189
-299.148833,20,39355.504872
-254.511699,18,39362.024448
-154.23046,23,39370.110153
-173.924101,22,39377.542896
-135.512136,23,39385.308942
-208.266869,24,39393.662905
-227.388592,24,39401.524705
-272.535075,19,39408.406483
-143.239804,25,39417.060944
-210.249931,23,39426.380445
-258.215683,25,39435.82596
-141.598225,19,39442.419916
-236.754299,25,39450.151195
-137.634189,17,39455.8043
-232.882422,20,39462.73269
-267.951315,13,39469.772584
-243.549045,18,39476.170671
-195.0697,20,39484.085583
-231.122581,16,39489.52022
-203.912343,21,39497.523914
-264.708525,15,39502.550349
-148.853405,21,39509.29463
-252.75083,20,39516.32866
-194.528071,22,39524.42091
-184.303464,19,39530.793357
-211.096906,22,39538.275509
-197.200801,13,39542.799298
-172.322414,21,39549.75337
-278.364475,26,39558.984741
-187.082627,21,39566.236403
-257.02368,22,39573.700712
-260.483368,20,39580.52794
-252.667447,14,39587.927036
-157.972052,20,39594.914993
-224.990259,18,39601.982311
-275.643866,11,39605.474277
-276.950683,17,39613.389494
-105.202704,14,39620.009137
-146.466054,18,39625.887231
-171.203141,9,39629.246498
-117.57832,20,39636.522046
-215.116567,23,39645.621399
-194.974703,20,39652.452115
-220.742573,24,39660.828646
-291.55127,17,39666.554414
-95.43534,20,39674.096537
-222.334454,24,39682.193459
-222.168134,20,39689.561241
-263.590872,20,39696.388995
-190.95915,15,39702.123538
-241.040571,19,39709.333716
-254.318227,20,39716.646897
-216.204063,28,39727.627344
-199.784602,19,39734.497893
-235.364979,19,39740.68264
-172.87519,19,39748.464033
-167.412162,20,39755.85351
-197.870958,19,39761.985144
-220.26357,23,39771.164119
-159.819792,13,39775.434361
-217.913952,13,39780.30299
-261.773763,22,39789.859051
-248.178553,18,39796.206671
-258.207324,19,39802.95727
-227.151472,14,39808.79544
-156.756296,21,39815.782992
-300.934653,10,39818.958693
-199.476974,20,39826.226372
-145.121458,21,39833.341149
-168.255168,14,39837.897233
-148.847551,24,39846.227724
-225.053203,18,39852.701704
-166.701153,23,39862.087216
-303.24245,21,39868.821769
-206.640307,18,39875.403998
-223.545753,22,39882.418976
-194.095408,21,39889.741675
-160.097969,23,39899.163576
-246.31417,20,39907.372221
-266.133778,14,39913.481498
-305.612845,20,39920.161663
-181.371191,20,39926.762903
-197.358351,22,39934.933572
-225.066008,23,39943.897902
-258.878387,20,39951.460498
-284.010022,20,39959.502367
-339.699672,17,39965.289233
-261.45294,18,39972.486488
-259.933716,20,39979.26204
-251.413043,16,39984.676661
-314.188894,13,39990.38879
-171.143147,23,39998.602256
-259.197879,15,40004.147088
-266.244515,20,40011.019129
-128.101208,20,40018.402275
-338.762663,19,40025.994406
-131.319993,20,40034.544337
-193.090831,23,40042.244099
-306.023223,9,40045.465928
-268.805975,21,40053.00452
-416.139126,19,40059.545892
-294.824815,12,40064.65113
-225.550224,22,40071.815184
-250.689776,20,40078.363543
-247.433701,15,40084.977619
-301.06416,12,40088.794097
-183.209957,17,40094.915395
-244.937362,19,40102.159914
-196.520917,20,40108.552627
-281.634326,24,40116.474724
-240.955709,28,40125.906343
-160.511173,26,40135.882887
-191.84168,22,40144.323399
-293.411849,16,40149.741076
-155.191698,27,40160.546379
-214.695148,20,40167.667178
-208.122955,18,40173.833875
-193.278325,21,40181.981867
-259.922502,15,40186.868007
-235.218665,14,40192.602821
-249.320567,19,40199.452301
-115.338727,14,40204.061874
-206.214176,18,40210.173335
-168.971397,23,40218.525328
-200.135397,23,40226.500729
-269.91361,14,40232.761693
-237.374202,20,40239.61666
-169.609576,19,40249.209523
-156.517859,25,40257.757853
-218.688699,21,40265.120512
-216.102442,17,40271.034956
-194.357042,20,40278.078076
-263.250202,14,40283.840209
-214.347594,19,40290.235575
-134.488085,16,40295.910745
-166.79972,27,40306.129316
-231.243251,17,40313.71579
-104.243033,14,40318.587976
-201.308607,18,40325.00999
-224.456611,22,40332.678859
-269.614752,20,40339.377169
-134.826511,23,40346.929766
-214.749791,22,40355.181417
-148.238594,17,40362.606893
-209.535095,20,40369.271728
-203.861771,20,40376.041606
-230.272156,18,40382.972842
-228.599197,18,40389.595147
-248.310537,22,40398.111126
-165.54919,23,40406.798724
-276.102446,17,40412.281636
-198.621742,23,40420.344848
-210.807014,23,40428.178448
-280.052791,17,40434.198432
-236.15293,22,40441.815067
-206.363531,21,40450.745029
-157.849856,24,40459.459597
-231.555764,23,40466.662324
-174.046817,18,40473.073328
-235.586252,15,40478.549806
-193.285425,22,40486.903757
-163.444123,16,40492.249393
-199.468162,24,40501.502361
-222.034038,22,40509.307383
-235.51463,22,40516.754247
-283.039872,16,40522.802871
-176.465365,21,40529.976317
-123.948657,20,40537.787315
-166.987366,22,40545.347045
-292.091989,13,40551.397075
-245.246649,15,40558.320455
-257.864804,21,40565.215342
-219.770699,19,40573.850698
-158.147192,20,40580.622186
-148.830975,25,40590.091981
-131.902155,21,40598.008597
-270.423942,20,40605.010862
-272.795823,19,40611.442504
-245.122868,22,40619.313197
-179.781388,19,40628.524182
-268.544784,20,40635.289016
-215.924013,22,40642.744763
-132.638794,23,40651.101532
-113.747774,19,40657.365394
-210.0104,20,40665.198511
-159.83555,14,40669.989711
-116.983798,23,40677.264134
-288.523263,17,40683.621809
-272.601438,16,40689.144307
-285.505305,14,40694.759183
-180.300042,24,40704.285831
-253.633879,20,40710.827809
-174.493238,23,40718.510006
-208.119925,23,40726.096726
-188.323434,21,40734.013767
-276.389577,23,40743.393213
-217.06681,20,40751.349451
-236.624711,18,40757.65177
-280.104948,21,40764.570487
-232.205174,22,40774.921611
-254.907959,19,40781.665282
-166.908996,23,40789.219664
-182.725038,18,40796.446206
-97.270765,16,40801.81071
-263.22495,19,40809.066588
-207.248396,19,40815.88739
-276.497109,18,40822.12992
-370.680465,18,40828.216901
-222.767105,21,40836.40969
-223.207928,20,40843.878428
-235.751892,18,40850.702572
-219.614986,18,40857.279469
-226.827772,18,40865.346143
-128.372597,18,40871.414617
-243.238476,17,40877.638707
-116.13784,21,40885.334325
-136.866121,19,40893.502223
-243.7203,17,40899.778276
-281.684644,14,40904.336002
-179.354452,20,40911.533422
-265.397219,17,40917.05404
-258.177295,23,40927.063846
-175.228278,22,40934.350405
-243.878591,21,40941.6238
-170.436191,15,40947.19381
-268.72329,22,40957.038811
-152.444735,26,40967.025147
-275.187527,18,40973.286739
-208.892554,22,40980.211352
-243.132086,23,40987.909969
-243.806364,16,40993.352342
-209.090182,21,41001.866743
-189.284343,20,41009.21721
-241.990347,23,41016.81076
-306.914973,16,41023.423201
-253.612835,16,41029.011913
-277.900018,18,41035.622283
-216.251338,17,41042.01591
-261.836672,11,41047.131582
-217.505139,21,41054.229289
-148.410319,17,41060.166684
-224.385655,19,41067.559081
-261.293068,19,41073.873158
-208.792471,21,41081.565516
-198.466449,21,41089.844238
-155.178215,13,41094.185226
-274.549921,17,41103.259488
-251.716378,21,41111.073246
-127.642801,17,41117.468831
-284.249216,19,41123.796694
-222.989356,19,41131.983206
-234.870396,21,41140.873821
-248.385174,16,41146.579271
-253.189638,16,41152.68428
-180.99352,26,41161.691701
-166.640237,19,41168.679938
-114.380333,19,41177.529333
-258.71199,20,41183.873199
-172.304002,22,41193.146592
-258.768377,15,41198.284051
-234.216355,20,41205.080095
-137.257513,19,41210.963697
-264.086489,17,41217.151122
-247.70763,17,41223.735803
-230.538308,17,41229.172884
-259.005352,13,41233.950396
-223.029397,17,41239.749074
-195.701714,23,41248.24965
-262.709949,19,41254.463737
-247.74154,16,41261.769278
-208.547274,25,41271.184741
-250.430424,23,41279.203859
-200.41857,22,41287.482975
-281.646202,23,41296.096264
-150.583946,20,41303.360923
-133.121468,28,41313.3696
-247.450797,24,41322.444662
-197.785607,24,41330.113505
-237.481344,26,41339.504219
-260.371515,17,41345.817669
-144.420252,13,41350.293721
-267.084961,18,41356.878834
-284.799486,15,41362.757756
-182.161703,29,41372.817816
-259.697966,20,41379.599468
-234.747244,22,41388.409989
-243.580499,19,41394.888549
-200.059463,19,41401.432458
-239.074842,17,41407.090294
-203.786303,20,41414.63934
-279.079051,22,41423.703878
-303.067636,20,41430.808099
-227.432266,18,41436.668625
-291.958709,16,41442.242371
-231.083192,19,41449.65983
-265.153751,17,41456.215922
-191.998635,18,41463.341824
-204.729552,16,41468.511278
-152.200569,17,41474.115294
-107.070145,23,41482.091584
-325.899059,18,41488.088222
-112.852928,17,41493.860451
-203.625479,23,41502.473708
-170.500088,27,41511.053094
-219.123842,22,41518.442922
-328.34153,19,41525.534698
-242.021366,20,41532.428321
-154.59127,20,41539.124579
-110.704714,19,41545.542649
-240.200832,20,41552.423957
-212.359115,19,41558.603697
-147.278651,23,41566.695717
-230.873405,23,41574.21641
-125.421063,18,41580.225726
-287.535729,16,41586.396676
-255.2517,20,41593.612303
-119.061239,23,41601.728223
-237.559757,19,41608.362723
-195.728689,22,41616.928518
-238.16227,17,41624.131335
-164.474296,23,41631.998617
-141.867809,22,41640.696295
-277.188794,16,41646.22054
-306.607858,17,41653.390517
-208.343858,20,41660.963809
-186.389375,21,41667.958663
-206.173707,18,41674.687978
-192.123979,19,41681.654253
-219.045601,21,41689.266064
-206.737445,19,41695.524465
-196.78622,24,41703.939414
-324.179479,17,41709.616765
-214.796352,24,41719.251495
-292.797306,21,41726.882403
-223.476444,15,41733.44942
-295.561016,16,41739.202882
-281.543462,12,41743.881938
-211.826509,15,41749.786558
-288.710493,22,41758.108608
-183.293725,24,41765.888183
-204.341694,19,41775.062376
-259.15181,16,41780.399323
-237.971103,22,41787.568213
-244.626467,27,41796.719323
-213.866892,24,41804.985954
-201.533337,18,41810.679476
-239.301694,17,41818.037484
-142.915166,22,41825.744617
-254.688422,21,41833.878368
-114.305373,23,41844.311498
-209.26041,23,41851.740918
-287.233169,24,41859.965751
-259.060836,24,41869.769664
-184.833472,16,41875.122469
-154.293522,23,41882.92483
-212.087992,21,41889.911654
-232.261924,21,41897.542335
-175.824926,20,41904.154008
-126.162871,17,41910.570825
-189.325634,27,41921.26655
-120.32788,17,41926.881799
-217.344229,22,41934.850173
-179.069318,23,41942.559511
-211.703146,20,41950.313575
-252.731457,18,41957.982485
-237.49116,21,41965.528434
-254.336385,20,42066.84456
-124.779286,25,42075.776178
-214.497682,26,42084.478096
-193.854053,20,42092.00462
-179.061271,22,42099.739985
-268.005542,22,42108.348051
-195.65768,26,42118.357593
-127.141743,23,42126.910311
-136.839983,22,42134.156367
-240.095479,17,42140.894744
-171.742049,23,42148.870453
-223.796257,13,42154.902261
-327.052697,23,42163.240947
-172.911816,21,42173.187656
-115.041679,19,42179.939422
-194.644884,18,42188.67094
-257.254691,18,42195.066379
-216.608521,20,42203.508985
-223.117056,21,42212.046535
-267.581055,11,42216.929708
-208.152629,18,42223.333447
-181.391338,24,42234.557765
-124.209384,20,42241.685881
-219.384275,19,42248.786667
-172.841345,21,42256.791579
-153.188817,30,42267.348514
-227.857928,21,42275.930668
-180.74459,16,42281.70805
-232.878175,22,42288.874528
-243.277915,20,42295.531523
-226.115075,22,42302.97836
-172.114783,19,42309.672668
-197.968438,16,42315.540289
-194.675784,21,42323.811401
-222.26871,16,42329.387811
-203.312824,25,42337.964217
-278.770587,16,42343.478908
-123.099519,18,42349.890094
-205.947468,18,42356.075832
-235.008016,18,42362.158892
-210.108408,19,42371.039268
-239.543512,22,42380.350832
-276.379509,17,42386.081949
-318.163156,15,42391.801318
-135.020867,14,42396.493766
-192.446001,25,42405.17698
-186.937457,21,42412.315097
-236.874271,23,42420.265351
-248.574591,17,42426.115521
-223.265212,16,42432.644596
-188.324837,22,42440.477739
-261.616387,21,42447.964759
-227.10222,21,42454.775635
-161.536581,16,42460.680658
-249.507089,26,42469.986595
-188.411037,20,42477.077164
-241.856047,21,42484.029751
-248.370998,15,42488.975457
-170.734447,21,42498.250116
-219.548265,19,42504.803708
-155.309692,18,42510.768789
-262.176481,17,42518.179823
-277.130025,15,42523.654258
-180.405373,24,42533.162322
-141.49535,22,42540.581429
-241.837963,17,42546.994646
-219.20691,24,42555.47173
-214.733175,22,42562.658769
-218.70008,16,42568.475769
-151.018461,25,42576.972483
-223.648299,26,42585.423014
-131.67876,18,42591.744391
-279.356893,21,42598.988311
-181.477386,22,42606.282608
-161.363986,21,42613.549423
-254.013276,21,42620.710674
-188.689965,20,42627.31173
-115.476095,20,42634.570118
-245.108777,16,42639.844183
-179.416715,23,42648.379582
-259.783268,12,42652.319741
-252.511095,17,42658.36166
-282.054789,16,42664.683902
-220.035748,15,42670.356429
-204.390077,21,42677.807759
-257.442521,19,42684.161707
-235.376896,18,42690.431894
-232.854335,25,42698.790843
-238.81791,15,42703.871717
-267.085705,19,42710.312645
-207.342371,22,42718.13599
-262.716094,14,42723.535911
-169.698631,22,42731.432186
-199.57012,22,42738.457422
-216.588725,26,42747.447742
-194.166258,25,42755.741892
-185.82702,24,42764.884316
-255.78367,23,42773.473487
-193.833529,22,42781.772856
-188.545203,20,42789.087805
-241.216269,21,42796.995052
-230.912703,19,42804.501522
-241.014036,20,42811.320166
-264.303989,19,42817.911821
-271.116163,16,42823.048558
-141.345936,24,42831.253746
-183.275199,25,42839.759206
-227.872145,20,42846.846537
-215.288717,25,42855.546891
-158.642638,19,42862.11474
-207.699814,21,42869.052625
-196.321006,26,42879.947758
-254.346588,18,42885.653953
-127.449921,20,42892.230513
-231.705738,25,42900.394475
-123.016974,21,42908.791621
-169.81295,24,42916.60086
-290.660432,19,42923.127894
-163.197957,19,42929.343767
-208.120538,22,42936.485167
-171.708451,19,42942.866183
-255.332408,18,42948.977636
-237.514806,18,42955.00629
-239.583205,20,42961.405389
-270.564138,15,42967.275638
-122.328615,22,42974.827888
-216.892662,19,42982.87006
-278.650174,19,42988.832141
-263.717395,20,42996.231573
-249.738343,15,43001.469301
-190.819216,19,43007.975862
-242.841069,20,43015.093098
-221.894979,22,43022.360636
-157.332732,13,43028.729057
-193.430762,27,43037.605737
-282.199607,17,43043.33533
-170.29652,24,43051.551707
-267.353841,13,43056.267169
-235.525512,23,43064.723693
-163.848044,18,43071.739643
-198.859304,22,43079.2193
-216.023247,19,43087.043158
-332.897015,21,43094.484797
-254.455586,12,43100.239423
-279.379557,16,43106.085983
-127.239314,16,43112.784551
-337.992625,24,43121.0914
-187.015648,17,43129.342269
-192.652069,20,43135.821825
-195.189253,19,43142.86203
-259.052105,23,43151.007533
-188.086746,23,43159.247528
-166.040491,17,43165.186036
-229.449606,20,43172.586838
-131.3879,20,43179.205211
-211.130751,19,43185.820145
-216.615991,22,43193.436128
-173.755233,24,43201.80776
-250.658465,17,43209.749619
-205.850032,21,43218.177008
-279.344566,18,43224.281595
-180.419034,24,43232.873723
-239.80891,20,43240.992033
-259.234326,24,43249.876642
-216.154494,22,43257.446813
-210.29095,18,43263.829565
-221.347223,22,43272.489185
-261.759987,24,43280.616849
-242.588525,16,43286.314106
-116.040277,19,43292.776718
-109.09584,28,43303.632546
-237.152625,21,43311.018311
-153.610891,21,43317.871242
-194.083009,17,43323.380614
-271.309426,14,43328.307397
-243.383085,19,43335.015776
-148.293872,22,43342.301064
-140.771064,21,43349.71544
-201.034167,22,43358.005343
-213.268067,24,43366.143528
-257.605227,18,43373.060418
-243.216576,25,43381.288294
-140.177495,21,43388.511071
-123.25633,21,43395.583338
-212.22957,26,43404.285647
-113.844678,9,43407.453781
-270.039507,13,43414.466782
-287.251616,14,43419.097571
-250.766644,19,43426.405091
-172.226201,23,43434.516315
-146.607627,16,43440.697787
-139.869022,21,43452.308087
-218.986331,18,43461.007709
-175.969939,22,43469.939772
-232.635671,21,43477.574832
-196.902412,26,43487.356425
-249.073728,20,43494.43621
-187.058201,20,43501.433654
-317.357941,20,43509.040668
-202.480494,23,43516.995229
-247.821991,19,43523.603203
-186.591271,14,43529.058461
-270.667989,23,43537.932987
-163.397581,15,43543.870481
-237.176052,23,43553.378268
-191.409995,18,43561.23173
-254.139137,25,43570.135303
-176.124724,22,43577.620966
-233.69007,17,43583.741076
-234.331297,18,43590.182901
-188.944763,21,43596.978227
-221.869676,18,43603.288024
-256.349696,16,43608.593373
-145.817844,25,43617.966364
-147.957532,20,43624.434271
-98.948005,10,43628.818727
-223.258544,20,43635.837609
-156.984795,28,43644.927513
-269.1209,18,43651.068347
-251.311781,13,43655.333241
-276.768196,19,43661.844834
-153.504214,23,43669.771541
-199.803723,19,43676.214616
-225.415781,24,43684.663378
-168.921193,25,43693.196713
-243.397094,17,43700.243517
-143.684925,19,43706.525324
-222.050415,17,43712.355892
-230.900256,25,43721.378431
-213.868883,21,43729.016838
-221.699455,19,43735.323473
-273.2612,16,43741.046731
-280.559881,15,43747.662214
-218.245154,19,43754.824275
-91.818885,29,43764.909356
-106.425531,20,43771.580464
-171.297562,24,43780.693025
-225.752766,20,43787.985138
-163.559151,29,43798.551815
-128.503547,26,43807.318012
-184.363127,22,43814.582134
-218.458991,20,43821.168299
-232.987914,21,43828.708361
-202.028999,21,43836.648988
-231.662441,26,43845.500605
-174.755734,15,43850.542002
-299.41444,15,43855.683732
-133.236612,25,43863.859481
-153.324487,29,43874.158945
-152.244036,14,43878.882529
-131.883305,25,43887.248353
-288.402396,20,43893.831776
-215.449974,22,43901.731035
-240.491274,13,43906.022029
-193.1471,23,43914.019628
-196.494191,23,43923.381595
-117.796209,14,43928.372242
-279.301314,21,43936.805035
-137.327486,20,43944.5546
-187.848154,24,43952.470121
-260.978886,20,43961.686643
-235.761783,18,43968.063941
-209.07885,20,43974.628777
-196.740146,28,43983.836024
-236.795394,19,43990.919651
-253.593256,17,43998.410107
-176.570275,24,44006.446273
-111.03945,22,44013.715128
-178.83394,25,44022.313532
-189.987937,26,44032.958902
-282.782465,22,44040.138312
-213.526818,21,44049.159087
-231.817254,17,44055.414993
-280.716444,15,44063.114422
-230.72577,18,44069.213108
-194.625733,18,44075.393147
-216.359898,25,44083.396529
-266.923125,22,44092.211223
-234.580851,17,44097.834475
-160.088283,20,44104.419041
-211.449698,19,44112.257782
-182.879616,22,44119.323802
-193.175384,20,44126.755163
-246.010946,20,44134.045303
-218.13838,17,44140.224441
-282.752499,22,44147.780718
-214.242913,17,44153.659482
-236.435441,25,44161.912679
-259.166888,22,44169.049076
-194.225151,17,44174.960132
-169.647455,16,44180.2252
-266.025839,23,44187.8346
-202.925087,16,44193.73945
-241.819558,21,44201.286251
-258.653731,20,44208.189801
-158.730327,13,44213.132833
-244.177117,19,44219.678354
-144.89833,25,44228.396956
-159.559367,25,44236.73438
-213.046062,19,44242.983184
-229.056889,19,44249.593903
-222.882933,21,44257.693869
-230.362312,23,44265.561681
-151.578661,25,44274.316272
-217.856693,19,44280.375339
-186.585436,24,44288.69556
-244.00581,22,44296.444433
-132.401404,17,44301.798211
-171.371433,26,44311.464469
-276.693264,23,44319.050003
-196.982436,20,44325.371697
-278.008296,21,44332.45852
-227.516854,18,44338.619955
-141.392236,20,44345.641456
-205.496792,25,44355.072226
-210.138038,12,44359.795985
-210.479413,18,44365.579944
-175.871078,25,44374.002444
-243.134922,14,44379.804668
-264.24003,21,44386.735823
-262.574076,9,44391.835932
-202.314242,26,44400.814827
-223.315222,19,44407.014822
-314.24489,21,44414.707176
-158.885205,20,44422.524406
-241.078961,23,44429.724252
-114.642629,22,44437.03786
-240.702743,26,44446.794786
-213.943668,22,44455.33013
-188.059935,23,44463.551132
-150.336052,22,44472.063452
-253.791033,22,44479.389974
-196.458354,23,44486.865525
-286.513356,19,44493.205813
-248.761012,19,44499.197604
-205.183386,17,44505.055659
-249.531788,18,44512.191219
-226.782045,17,44517.837511
-187.84432,22,44525.15167
-236.495841,17,44531.398837
-170.319232,24,44539.53028
-105.052621,20,44546.804084
-291.504287,13,44554.45799
-342.827071,21,44561.222657
-295.024693,18,44568.31611
-156.188594,29,44579.258708
-162.692279,21,44587.551167
-234.789936,19,44593.911301
-260.955504,24,44604.124153
-274.787503,19,44610.544368
-168.623729,19,44616.686659
-192.334234,24,44624.414264
-166.415486,21,44631.818323
-201.019018,21,44638.495928
-375.358795,24,44649.20586
-348.988818,17,44655.335423
-325.611087,14,44660.575382
-149.349436,23,44668.04087
-152.712221,20,44674.870129
-198.982952,24,44684.492699
-182.843624,20,44691.152023
-280.151964,18,44697.574142
-288.511218,17,44703.526695
-245.271672,23,44710.776936
-153.878505,22,44719.023815
-284.673461,11,44722.472234
-152.798778,23,44730.424771
-162.123501,20,44737.286511
-255.690253,19,44744.24726
-223.887929,21,44751.454991
-238.208574,18,44757.984182
-244.291749,23,44766.475955
-222.314782,16,44772.059802
-224.014714,14,44778.069046
-201.633691,20,44784.635145
-153.885601,22,44793.444391
-169.725576,23,44801.264361
-267.181453,25,44809.251896
-304.280277,19,44817.029065
-250.450741,21,44824.100139
-133.343609,21,44830.669964
-241.044802,25,44840.287942
-265.319554,19,44846.452419
-269.686217,17,44852.420899
-122.858461,13,44857.058202
-189.242005,19,44863.445172
-190.351269,23,44872.868968
-228.934852,17,44878.69935
-184.763902,19,44886.479655
-282.252607,23,44895.857318
-309.022072,20,44903.476485
-317.662021,22,44911.789925
-202.816062,28,44921.320976
-252.276888,15,44926.431618
-191.884186,19,44934.05968
-179.069006,23,44941.847273
-134.471707,20,44948.688203
-188.796841,22,44956.162381
-180.416335,25,44964.456401
-143.70357,25,44972.821069
-167.700307,18,44980.209446
-162.645423,20,44986.651175
-205.225701,17,44992.695164
-109.950747,18,44999.83463
-216.82217,24,45007.847975
-229.804835,15,45013.632228
-280.919019,18,45019.728423
-224.778527,21,45026.664898
-208.731113,24,45034.726856
-228.004172,28,45044.603393
-207.385073,20,45054.120962
-192.10041,23,45061.537612
-242.588515,26,45175.499975
-94.06556,19,45181.557591
-155.753177,21,45188.968611
-228.277615,19,45196.384449
-211.672644,24,45206.479131
-243.250975,20,45213.116846
-147.073386,24,45221.309624
-296.720763,23,45229.651952
-217.553145,20,45236.697333
-163.55266,25,45245.196603
-215.745377,20,45252.20035
-165.054365,21,45260.106424
-113.264199,12,45263.948174
-216.219759,17,45270.982793
-172.702798,21,45277.960371
-200.953374,21,45285.332162
-250.551218,14,45291.701201
-103.981292,23,45299.43799
-115.468586,20,45306.568341
-181.472378,20,45314.643018
-145.072236,10,45318.303483
-235.60079,20,45328.064204
-246.10987,21,45335.461665
-206.756807,22,45342.731879
-334.915989,13,45346.511331
-172.92045,28,45358.248564
-299.559982,19,45366.859487
-233.645019,17,45374.339525
-179.908695,24,45382.784292
-198.811652,21,45389.657079
-115.276317,20,45396.31602
-256.906706,17,45401.964249
-228.077091,21,45408.992262
-202.507553,17,45414.746338
-110.881854,23,45423.325344
-205.106747,22,45432.458981
-249.188839,17,45438.602925
-181.902333,24,45447.057034
-181.949277,25,45455.889824
-192.213106,24,45463.532672
-247.02524,19,45470.511051
-272.782607,18,45478.413835
-187.066118,19,45484.570413
-192.318618,25,45493.169526
-262.892226,18,45499.838667
-239.418299,17,45505.324855
-216.654087,25,45514.405586
-173.714406,23,45522.310449
-164.377714,25,45530.359598
-228.080456,14,45536.414818
-166.437761,19,45542.636959
-204.665782,22,45550.384238
-144.33332,28,45560.254814
-146.310422,17,45565.84018
-274.401789,18,45573.026449
-222.743413,22,45580.63829
-208.699592,23,45589.931129
-246.574374,22,45597.914354
-180.539682,23,45606.208877
-273.392098,20,45613.66062
-237.746224,18,45619.663493
-145.332149,27,45628.848573
-103.09555,23,45636.761557
-233.236442,16,45642.44295
-161.006905,25,45651.584676
-239.459994,21,45659.829467
-181.939782,21,45667.450484
-188.494646,17,45673.886691
-239.685259,19,45680.115486
-230.203141,22,45687.910089
-201.835749,21,45695.541299
-237.623503,18,45701.37888
-161.458311,19,45707.42449
-199.849536,18,45713.470771
-244.570129,16,45719.982378
-197.632164,15,45724.927601
-166.590738,24,45732.957607
-183.61431,21,45740.696905
-242.168712,15,45745.756006
-115.36126,21,45753.539513
-271.21973,18,45761.013308
-274.738045,16,45767.076676
-207.452207,18,45773.402011
-284.227131,19,45779.743283
-166.032434,25,45788.907258
-181.642949,20,45796.738267
-110.141803,22,45803.914615
-154.825486,24,45811.971438
-241.669368,17,45817.610509
-220.844882,19,45823.674793
-172.950044,25,45832.038342
-281.752332,19,45838.465825
-164.822354,18,45844.912858
-252.696475,24,45853.641517
-247.714588,21,45860.880841
-139.282946,29,45871.5309
-299.359113,17,45877.200671
-244.323861,23,45885.364454
-224.137136,22,45895.263905
-233.061693,22,45902.496045
-189.617979,27,45911.579332
-206.253512,21,45918.664555
-246.185323,22,45927.510576
-134.372762,25,45936.015864
-215.386769,23,45944.287057
-222.17815,18,45951.018344
-181.113381,19,45957.153405
-185.695975,21,45964.211231
-304.204741,21,45971.080532
-103.340027,14,45975.786296
-327.915167,19,45983.028609
-220.239549,20,45989.369601
-149.60175,14,45993.609636
-153.0412,23,46001.323308
-126.366138,20,46008.622529
-205.035932,20,46016.391891
-208.871831,17,46022.59045
-256.314143,21,46029.504276
-225.079504,16,46037.207061
-326.954783,13,46043.39667
-272.455646,20,46051.850492
-418.400565,19,46059.945226
-185.006128,23,46067.421277
-265.830396,23,46075.087402
-185.894707,20,46082.79092
-249.891288,21,46090.990895
-199.172551,22,46098.145442
-154.758472,24,46106.165514
-198.159221,24,46113.394674
-176.867469,21,46120.48355
-249.747852,19,46127.296332
-181.916751,21,46135.203071
-250.90406,16,46141.029128
-281.427223,15,46145.836432
-224.65011,22,46153.459953
-191.918349,20,46160.596359
-202.911039,21,46167.442359
-225.059454,23,46175.669803
-177.912866,21,46182.4644
-296.457388,16,46188.361705
-143.293067,26,46197.111265
-289.16221,21,46204.143027
-267.943352,19,46211.146877
-192.066643,28,46220.592665
-202.848192,15,46226.486591
-180.579049,15,46233.209253
-136.50448,21,46247.894918
-256.50167,20,46260.669095
-239.480627,21,46268.778862
-203.457921,20,46276.682518
-236.595474,20,46284.694457
-210.731845,23,46293.384442
-214.948089,22,46302.232995
-109.55703,17,46308.312793
-181.243046,24,46317.670966
-148.366998,18,46324.710334
-114.328792,20,46332.44221
-262.46337,15,46339.540397
-199.308765,21,46347.742331
-288.340125,18,46355.05822
-186.010699,22,46364.590618
-165.458025,29,46377.349981
-176.152972,23,46386.362923
-215.30521,17,46393.198825
-245.418635,13,46402.233177
-183.646835,20,46411.057216
-169.623635,17,46419.042112
-274.093848,21,46427.636477
-152.119001,28,46438.675247
-146.772956,15,46445.547496
-302.083185,16,46451.786732
-230.707215,19,46459.155212
-238.973572,18,46466.43275
-197.525876,23,46475.51768
-191.620621,24,46485.384616
-232.885304,20,46493.176795
-198.631006,23,46501.44778
-270.198387,19,46509.805581
-327.43298,22,46522.15502
-251.583174,19,46531.033126
-263.006153,24,46541.891182
-174.163247,24,46552.26336
-284.048812,12,46557.548627
-105.402232,12,46563.236655
-124.341294,19,46570.47452
-207.03727,22,46579.178338
-292.071396,17,46587.401618
-193.091537,27,46600.561452
-222.451354,18,46608.013148
-193.515269,33,46621.886915
-157.680079,23,46631.579338
-140.970025,15,46638.221735
-338.646187,18,46645.659628
-241.495436,18,46652.738752
-176.347867,29,46665.512695
-218.736647,17,46671.644235
-114.674274,26,46681.846696
-157.721839,17,46688.913932
-176.690458,24,46698.42462
-207.637806,23,46708.357814
-244.947447,18,46716.231744
-205.692614,22,46724.405603
-220.46015,25,46734.813184
-190.88517,18,46743.120764
-280.168975,17,46751.159129
-171.843283,28,46763.078308
-123.174111,30,46774.950734
-142.164033,20,46782.763943
-123.695417,18,46791.364607
-249.285613,14,46798.32141
-225.950035,15,46806.027246
-218.516666,22,46815.204887
-287.922053,22,46823.843981
-153.188809,26,46835.967244
-175.940061,27,46847.115631
-223.89018,17,46853.648275
-162.661093,22,46862.334881
-191.071695,23,46871.153134
-231.286835,22,46880.878992
-229.788037,15,46886.366712
-277.656294,21,46895.413742
-251.065921,14,46901.89876
-232.124627,20,46910.051286
-225.086443,19,46917.565344
-139.975248,26,46927.903365
-221.937424,17,46934.461717
-190.714455,24,46943.458719
-188.708006,28,46955.76732
-147.056611,19,46962.78711
-418.819407,20,46970.808092
-247.12535,16,46979.854202
-227.504715,17,46988.164392
-245.517767,19,46996.756559
-204.393684,21,47006.180125
-193.71045,20,47014.111361
-148.431418,21,47023.775059
-105.756071,14,47029.76731
-206.591588,19,47038.778754
-206.22931,17,47046.073412
-176.975413,24,47055.250161
-200.153415,17,47062.1102
-142.420817,20,47070.308344
-226.680069,14,47076.882909
-270.227539,10,47081.42806
-196.320188,23,47092.329658
-196.583867,18,47099.668474
-187.295195,23,47108.78181
-247.54676,22,47117.395653
-216.9927,17,47124.919407
-257.669355,16,47133.439592
-158.641059,24,47142.838367
-276.660741,14,47148.820633
-126.135574,19,47155.818366
-183.929619,19,47162.763719
-255.554636,22,47171.66751
-226.747442,16,47177.794935
-211.825224,23,47187.512033
-276.948361,12,47193.849149
-267.164332,21,47203.052142
-172.135583,18,47210.601955
-218.49131,21,47219.289764
-92.039022,20,47227.946058
-211.303941,18,47235.46952
-273.403769,15,47244.287463
-183.518243,23,47252.861133
-226.985749,16,47259.369411
-181.975361,28,47271.985034
-201.00574,22,47282.381176
-186.024717,25,47293.686229
-205.457494,21,47301.278865
-215.183399,18,47308.825041
-250.396299,19,47316.129921
-234.903252,17,47324.034656
-251.682542,18,47331.305133
-218.982398,22,47342.546827
-188.711183,21,47350.584913
-242.425248,20,47358.637585
-221.915462,18,47365.733965
-102.066936,28,47379.624872
-183.544588,23,47389.46331
-149.910279,24,47398.709023
-201.322448,23,47410.223692
-157.505814,21,47418.182843
-251.478835,9,47421.620631
-110.133939,24,47430.702802
-210.962838,25,47440.082247
-209.763334,16,47446.473578
-238.157559,17,47453.632693
-205.216076,22,47462.603194
-156.643633,23,47472.394071
-214.230651,16,47478.886743
-201.849625,21,47486.863323
-256.652453,13,47492.484843
-334.258313,22,47501.173956
-210.171323,17,47508.982243
-190.402485,21,47517.976776
-279.792109,20,47526.255278
-256.587008,24,47535.919854
-169.016274,25,47546.859526
-229.063913,16,47553.808905
-234.93434,23,47562.98193
-206.835047,15,47569.817274
-259.113331,16,47576.379001
-280.167748,14,47583.997775
-193.064881,23,47593.523404
-192.001952,18,47600.792535
-239.266961,17,47607.770097
-168.411479,23,47616.898376
-240.210901,23,47626.349076
-201.315316,22,47636.615444
-193.91496,24,47646.344421
-240.144909,23,47655.252362
-191.370451,19,47663.719057
-188.4078,23,47673.322722
-194.519563,19,47681.463791
-118.589063,24,47691.285463
-228.724547,18,47699.322664
-151.502355,23,47708.179243
-203.185472,23,47716.891357
-225.390038,23,47726.00866
-140.879157,19,47733.607481
-256.46556,19,47741.515604
-195.612547,19,47748.85979
-210.067831,19,47756.080852
-208.183804,20,47765.674761
-195.539924,28,47776.26845
-159.564762,29,47787.770163
-104.946531,28,47799.519717
-159.610279,19,47806.918725
-182.104382,27,47816.998407
-228.961837,9,47820.707146
-121.737903,28,47831.292028
-208.160228,24,47841.456374
-299.277011,18,47848.335777
-187.924551,24,47858.581829
-234.634032,19,47866.780277
-212.958214,26,47877.924289
-138.781108,26,47887.76328
-259.475872,25,47897.264171
-187.104042,21,47906.135334
-309.834097,22,47915.542443
-240.063312,21,47924.190598
-148.639931,26,47934.391788
-137.062093,22,47943.954793
-130.877516,21,47951.554538
-161.201695,25,47960.947836
-214.038731,19,47969.009331
-158.405343,20,47976.869421
-244.895748,18,47985.176168
-266.938536,20,47995.831131
-227.561093,20,48005.564059
-273.100356,22,48014.835897
-180.5133,21,48025.347497
-149.604413,20,48032.989572
-181.911473,19,48041.034592
-189.40274,16,48047.63752
-244.019123,16,48054.260675
-277.46329,13,48058.901406
-207.477153,17,48065.786232
-235.053075,20,48074.009246
-305.077064,20,48082.041791
-151.505108,22,48090.963621
-216.721407,19,48099.995942
-209.578113,25,48110.722964
-222.730852,20,48118.50052
-151.87357,20,48126.580858
-94.884936,22,48135.11648
-228.817964,21,48144.811657
-144.5069,17,48152.185359
-141.01953,16,48160.602167
-231.563336,23,48171.761412
-208.062492,28,48183.482714
-213.64594,20,48191.670998
-191.458694,18,48199.479689
-179.924681,18,48206.22167
-149.164198,26,48216.345984
-183.902285,21,48224.704383
-252.169927,20,48232.693613
-217.97267,23,48242.152565
-164.084665,20,48249.925783
-128.5872,23,48259.184028
-176.497384,20,48267.274594
-200.06404,19,48274.838041
-115.482162,13,48279.911912
-139.928651,21,48288.127951
-158.520257,25,48298.028212
-206.135264,19,48304.930741
-126.73771,19,48312.185612
-156.282506,21,48321.573682
-240.037344,18,48328.972571
-156.273798,19,48336.791789
-263.555112,19,48347.217336
-178.478668,18,48354.158715
-194.896369,28,48364.78049
-114.905184,19,48372.424844
-198.279591,23,48381.658437
-160.303714,28,48393.698657
-196.121718,25,48404.186663
-164.632774,21,48413.178986
-207.373424,16,48420.110047
-248.462565,14,48426.785304
-162.842105,25,48436.292022
-221.020545,19,48444.836583
-189.808051,14,48450.550181
-167.771646,18,48458.267617
-212.911432,18,48466.871006
-255.945344,16,48474.554825
-219.800761,23,48486.013744
-142.536642,23,48611.381081
-162.05896,23,48621.601532
-173.361048,18,48629.648208
-231.563128,15,48636.767222
-210.307008,18,48643.44634
-224.850873,20,48651.433398
-191.810419,26,48662.386563
-192.413795,26,48673.605808
-115.157826,26,48685.033249
-162.5943,24,48695.464988
-164.043393,23,48704.282162
-200.376426,27,48714.778036
-211.582098,23,48724.049003
-144.789132,24,48734.17416
-251.556015,23,48744.825723
-130.907218,29,48755.842881
-228.254734,21,48764.704604
-211.655266,19,48771.78339
-164.89667,25,48781.68386
-253.346706,17,48789.669649
-203.63195,21,48798.952331
-314.628551,20,48809.883805
-120.738495,27,48820.074142
-113.939543,25,48830.145388
-91.512295,21,48838.443415
-184.478918,19,48846.201249
-191.484086,22,48854.294193
-228.259254,22,48863.374572
-231.748503,19,48871.076889
-290.207636,20,48878.65667
-194.690919,24,48889.313425
-103.147821,15,48895.203275
-244.232956,18,48902.545063
-180.480256,22,48911.030445
-323.185079,20,48919.968938
-119.066427,22,48928.087117
-132.74883,21,48937.030226
-162.383017,22,48946.660547
-223.31523,23,48955.997107
-167.1068,17,48962.782079
-219.623675,24,48972.624091
-96.085762,16,48979.984668
-357.096904,20,48987.525316
-247.903145,13,48993.209069
-130.411389,24,49003.294102
-271.45135,17,49010.859473
-267.29965,23,49020.990686
-111.894942,16,49027.7652
-148.387472,19,49035.750387
-210.616748,19,49043.419321
-194.857315,26,49053.510402
-125.671607,14,49059.28902
-134.253992,11,49064.183657
-207.272014,22,49073.669791
-112.634435,27,49084.948115
-174.06448,24,49095.42601
-169.210868,15,49101.921205
-331.462075,21,49111.934963
-120.392038,25,49122.047564
-113.518021,21,49130.372463
-175.913228,30,49142.004501
-288.655651,21,49149.79705
-144.211458,27,49161.667806
-234.835047,29,49173.921616
-148.865512,25,49185.245492
-296.948245,22,49194.374263
-284.999552,11,49199.228778
-179.269717,22,49208.16561
-240.613444,15,49214.717859
-102.012234,24,49223.913474
-217.924272,19,49231.313354
-126.269557,12,49235.729745
-199.751956,26,49247.865397
-146.539594,22,49256.505838
-194.913154,20,49264.597809
-187.891838,17,49272.231336
-219.425755,20,49282.208203
-261.668158,20,49290.102543
-257.356682,23,49298.861465
-214.881858,16,49306.375943
-164.993211,27,49317.147393
-247.631661,19,49325.737488
-173.225893,21,49333.978171
-135.456971,25,49344.923837
-154.986156,17,49352.445468
-242.720529,17,49359.805904
-271.154244,15,49365.82355
-171.248349,23,49374.829086
-245.960849,20,49382.068396
-191.188025,25,49393.239696
-285.98106,18,49400.739198
-158.624019,22,49411.060131
-180.263313,22,49419.584534
-101.112175,24,49429.437369
-212.354813,22,49438.050021
-234.163532,13,49443.706314
-96.84337,20,49450.745617
-188.837844,20,49459.030187
-107.752456,25,49469.791867
-209.868079,21,49478.354638
-211.960294,23,49489.785573
-217.92423,19,49497.67242
-147.343981,18,49507.261689
-142.964318,20,49514.450512
-165.404655,23,49523.3012
-134.4174,26,49533.350486
-235.151289,20,49541.16351
-188.779222,20,49548.923841
-192.736381,23,49560.263228
-178.365217,26,49571.608017
-197.8295,23,49580.979781
-187.050529,28,49594.349665
-179.112251,19,49601.734165
-276.559466,11,49606.968669
-247.387541,25,49616.571454
-198.295955,24,49630.412442
-249.127447,13,49635.415331
-193.145841,25,49645.403731
-196.083644,19,49653.837391
-209.4528,22,49662.607257
-137.741148,28,49674.268985
-209.196679,20,49682.105602
-192.193274,22,49691.464467
-107.43155,24,49703.63546
-246.832261,21,49712.176692
-150.291603,28,49723.208042
-159.681812,20,49731.251409
-140.673602,13,49735.450711
-114.678332,18,49743.278215
-195.288251,17,49750.061427
-137.133057,22,49761.690269
-224.221248,20,49770.352971
-242.152178,18,49778.192703
-245.652769,18,49785.348586
-213.317605,22,49794.415694
-162.363375,27,49804.661668
-249.317481,12,49810.897764
-224.072141,20,49819.34819
-154.743123,25,49829.455313
-263.774578,18,49837.489025
-248.434507,18,49845.795326
-174.292701,25,49854.875861
-190.069528,15,49861.552416
-205.54564,20,49870.861512
-125.081931,23,49881.555596
-237.877241,22,49890.277929
-204.198618,20,49900.548534
-233.001712,19,49908.613988
-242.745016,21,49918.698998
-159.868703,22,49927.476535
-108.071261,24,49937.017879
-207.933558,21,49944.71157
-197.131947,25,49954.656056
-163.297587,21,49963.25448
-261.218715,20,49970.873872
-213.286107,27,49983.604835
-263.658802,20,49991.678633
-258.552858,17,49999.220628
-244.47248,19,50006.350454
-181.232997,21,50015.093522
-187.602185,23,50024.318538
-172.494457,23,50032.851124
-208.490218,25,50044.476771
-192.726679,23,50053.13441
-221.308161,23,50064.417649
-161.185992,23,50073.828948
-240.271735,26,50085.11053
-158.506715,27,50096.183759
-223.636641,21,50104.71427
-124.896994,26,50116.493493
-161.774882,20,50124.610582
-115.907162,21,50133.252209
-114.51385,24,50142.901322
-185.913113,23,50152.516504
-229.423655,17,50159.521636
-145.50282,28,50170.993959
-347.579764,18,50178.178008
-282.017396,14,50185.18977
-249.8051,16,50192.334561
-294.737519,14,50197.765943
-158.257691,23,50208.596725
-247.75927,21,50217.849479
-172.794488,22,50227.283264
-176.523976,20,50235.491888
-146.695628,21,50244.070284
-312.682995,20,50251.552572
-180.553139,20,50260.908658
-228.526522,17,50267.634589
-150.008386,22,50277.204863
-252.866965,17,50284.130657
-156.884057,23,50293.065138
-187.302206,23,50302.963728
-211.194179,16,50311.071196
-163.882073,20,50319.09565
-133.081535,24,50328.996285
-234.571477,18,50337.658695
-165.287187,20,50345.868528
-199.02359,21,50356.093629
-220.487717,16,50362.505381
-200.170326,18,50370.009363
-243.543094,18,50378.110448
-194.096859,28,50390.499867
-263.178093,19,50398.191521
-207.553545,19,50407.380216
-227.07784,20,50416.196802
-242.729489,19,50424.214365
-292.298218,12,50430.882671
-190.976133,33,50443.557113
-85.873217,26,50455.038538
-124.71418,25,50466.712774
-209.83816,14,50472.513742
-236.357159,14,50479.626476
-172.558715,20,50487.463735
-197.073289,21,50496.472514
-108.017833,18,50503.591259
-261.082382,21,50512.509741
-250.092967,10,50518.367262
-124.884666,32,50531.161118
-151.139536,35,50546.022169
-153.409744,25,50557.410712
-121.805332,20,50567.261688
-235.050014,25,50577.266932
-308.603788,21,50585.807503
-253.617681,17,50592.337158
-127.414894,25,50602.516367
-182.513768,25,50612.308795
-250.026431,20,50621.448777
-338.648045,15,50627.265833
-182.25263,21,50634.848117
-248.141753,21,50642.868121
-124.977797,21,50652.202955
-112.123521,23,50661.780018
-233.484773,18,50669.519922
-272.739896,19,50676.798461
-236.360825,19,50684.314281
-285.842188,17,50691.656821
-177.650623,23,50701.639808
-218.827256,24,50711.88276
-215.45054,19,50719.874072
-212.01341,19,50727.695187
-192.282342,26,50740.254518
-239.072715,19,50748.201036
-121.20727,20,50756.032872
-171.924153,20,50765.735873
-155.847469,27,50776.23695
-134.761829,15,50783.460053
-203.870702,19,50791.812842
-145.099199,22,50799.900777
-192.109194,21,50808.402866
-294.858604,16,50815.188042
-199.349927,23,50825.798876
-233.715412,21,50834.95319
-247.963293,14,50840.325139
-270.454775,14,50845.707723
-183.860239,22,50854.855495
-246.05399,15,50861.736528
-210.962281,22,50870.807535
-233.187549,21,50879.353963
-199.03873,20,50887.328016
-129.136442,16,50893.635127
-176.652854,27,50904.786825
-207.393508,23,50913.356764
-224.898955,26,50923.208355
-124.053362,17,50929.843288
-181.576375,19,50936.919754
-223.030056,22,50945.657091
-190.437424,22,50954.545845
-160.073963,25,50964.629531
-177.367326,20,50972.926873
-290.979289,12,50977.628702
-351.915021,19,50986.186433
-237.110184,21,50994.125195
-170.830597,19,51001.715346
-162.540125,26,51012.652877
-208.424789,21,51021.604745
-176.88228,16,51028.787025
-228.725631,21,51038.146552
-227.252204,23,51048.564847
-198.772276,23,51057.574312
-170.579943,26,51067.698462
-177.088627,19,51075.212295
-151.333764,22,51083.358215
-217.387433,21,51091.024139
-213.411008,19,51098.230205
-157.099172,24,51109.659516
-167.757338,26,51120.46665
-199.658977,24,51130.104679
-260.240718,20,51138.92298
-234.534563,20,51146.844275
-240.652298,23,51155.772714
-194.966375,24,51165.822043
-111.40182,27,51176.505612
-228.976553,16,51183.497968
-118.384984,27,51197.26217
-174.648307,17,51204.692
-154.155157,16,51212.060566
-219.240157,25,51222.808796
-218.220064,19,51231.185991
-208.472094,17,51238.864167
-249.005364,18,51246.867716
-237.105049,22,51254.891339
-145.349016,22,51263.071573
-161.7198,21,51272.690504
-215.783085,20,51281.911476
-201.594206,26,51294.120486
-117.128481,18,51301.191448
-111.117539,21,51312.604275
-210.126644,25,51322.271132
-153.15094,22,51332.250512
-259.103055,19,51339.738561
-250.45371,19,51347.55981
-216.570949,18,51356.56822
-148.041608,17,51363.09745
-237.421205,21,51372.352177
-143.556375,28,51384.070534
-275.182391,15,51391.631138
-147.081778,20,51400.900899
-219.291033,22,51409.764208
-216.662812,21,51418.90905
-186.66349,21,51426.799176
-150.396698,24,51436.018273
-179.200516,27,51449.372539
-237.345225,17,51457.074981
-202.296553,19,51464.519229
-265.43595,17,51470.982071
-191.044197,22,51479.517802
-129.845279,22,51489.991461
-171.264693,23,51499.169019
-139.475771,21,51507.362918
-262.669127,21,51519.065885
-226.959306,20,51526.394353
-171.016571,21,51535.445321
-193.168203,18,51543.05722
-137.330556,18,51550.291605
-147.176277,21,51558.462892
-181.444266,25,51569.097815
-136.020747,30,51581.307067
-168.186968,25,51592.139093
-218.960447,19,51600.197919
-220.978446,17,51608.232744
-211.153061,20,51617.650824
-126.634815,18,51624.214781
-274.023671,19,51631.980928
-231.397531,17,51638.851706
-287.210565,17,51646.22798
-190.669483,18,51654.076645
-104.239813,19,51662.218668
-220.362005,19,51669.225155
-219.721003,24,51679.965004
-207.216988,19,51689.560378
-123.89502,14,51695.263567
-259.370129,16,51703.616314
-228.938295,20,51715.386821
-279.192942,13,51723.563447
-192.526407,25,51732.861938
-218.330935,17,51740.401621
-235.717698,17,51747.589562
-162.018354,24,51756.667089
-161.871924,21,51765.059338
-163.556607,25,51775.665711
-214.279888,17,51783.03451
-234.332094,19,51790.80427
-230.011113,21,51798.967589
-203.00046,20,51806.724189
-138.518198,16,51816.305039
-115.179269,25,51826.113441
-245.926812,22,51835.175123
-281.837561,18,51842.849104
-200.43494,14,51848.276464
-219.530293,16,51854.876121
-202.417461,22,51863.566738
-257.772037,20,51873.334184
-199.412524,17,51882.817582
-176.43636,23,51892.185717
-297.255588,20,51899.922895
-213.871447,18,51907.117149
-231.423638,17,51914.562937
-117.383254,22,51923.773884
-186.657871,24,51933.707566
-147.047646,26,51944.364221
-179.730023,19,51953.215763
-258.855665,21,51961.17014
-119.696119,24,51971.210338
-236.050141,23,51980.726776
-186.401583,23,51991.623255
-167.835741,23,52001.092505
-255.304706,18,52009.033144
-209.240128,17,52016.843
-87.996144,24,52027.239017
-271.010501,13,52034.167054
-219.399892,21,52041.673991
-242.422778,25,52052.012939
-229.849201,24,52061.835753
-259.747665,16,52067.553637
-238.857148,21,52077.029638
-134.752416,18,52083.823518
-154.265075,30,52095.874751
-181.30975,23,52105.102127
-117.553657,22,52114.574307
-293.675553,19,52123.285141
-210.440663,27,52263.547895
-126.178955,20,52271.816362
-195.067644,19,52280.038537
-169.962027,26,52291.087183
-175.050589,26,52303.117231
-309.928303,19,52311.789268
-163.058126,32,52324.894067
-117.160236,20,52332.938972
-206.423184,24,52343.523186
-182.558471,21,52352.76603
-321.740681,22,52361.99515
-135.313003,22,52370.710185
-234.366123,20,52379.069679
-206.936935,18,52386.282799
-106.682324,27,52396.458618
-149.424242,22,52405.492746
-336.508518,17,52413.057723
-242.871001,21,52421.42294
-160.096484,20,52429.474713
-242.428677,27,52440.565811
-170.926146,14,52447.821419
-74.389699,23,52456.261845
-233.851111,22,52465.75156
-268.807798,17,52472.841361
-261.204772,22,52481.980962
-289.908553,22,52491.03136
-209.635189,22,52499.999367
-138.691896,25,52509.670098
-235.022685,18,52519.026167
-159.552084,20,52526.390216
-273.521632,14,52533.281567
-204.491066,23,52542.325802
-219.019126,18,52549.788138
-175.207194,28,52561.075116
-222.601598,22,52569.913525
-213.934417,20,52577.736529
-288.099148,12,52584.087223
-169.905924,20,52592.079511
-188.500343,24,52601.845697
-135.515682,22,52610.960204
-125.308465,13,52616.34745
-283.911849,20,52625.375303
-294.806464,22,52634.167851
-398.109265,19,52641.944179
-205.181788,19,52649.764094
-200.614994,27,52661.405842
-238.229614,19,52668.82447
-220.44593,11,52675.396889
-193.004685,23,52684.354415
-258.584876,21,52693.052221
-149.917185,26,52704.549617
-150.685559,21,52712.667213
-183.487654,19,52719.688272
-257.585027,17,52727.70033
-162.207906,23,52736.968857
-130.331435,23,52745.868924
-223.849684,19,52753.108835
-184.268855,22,52762.841964
-175.329055,30,52774.536442
-245.073361,13,52779.676707
-247.453714,18,52787.139816
-169.72041,25,52797.155824
-153.441141,18,52804.028617
-211.282775,17,52810.912831
-163.315744,28,52822.050825
-194.532826,26,52832.674156
-128.245216,22,52841.782939
-105.661632,21,52850.715708
-281.821909,17,52857.813405
-197.515733,23,52866.416829
-216.03268,26,52877.337911
-265.578815,20,52885.215144
-239.32616,17,52891.39758
-283.421905,23,52903.770925
-267.733449,22,52912.703037
-189.915908,18,52919.917334
-208.154929,19,52928.477426
-89.121629,30,52940.161453
-264.52013,22,52948.835055
-135.774677,19,52956.382881
-262.741348,20,52965.168509
-192.066372,24,52976.825392
-159.051106,24,52986.41996
-174.172678,22,52994.955395
-212.903446,24,53006.212716
-202.710853,19,53014.473046
-298.665324,16,53020.899051
-100.308073,21,53029.389103
-215.757107,20,53036.96982
-172.979826,23,53048.720289
-160.954533,16,53055.614521
-209.77033,19,53064.35021
-186.712391,20,53072.70334
-172.440106,19,53080.311291
-141.092743,23,53089.844182
-214.058368,28,53102.67287
-208.580183,27,53113.745539
-141.757495,18,53120.877089
-128.212153,25,53130.690494
-118.274402,23,53139.369555
-282.385625,28,53150.28843
-173.232012,25,53161.747063
-204.462176,19,53170.236804
-183.38759,23,53179.029805
-247.389982,18,53186.404363
-185.227376,21,53197.32316
-274.419387,13,53202.563916
-149.038211,23,53212.240081
-245.420472,21,53221.1801
-117.026061,18,53228.660334
-121.819349,25,53238.112394
-133.742478,13,53243.181287
-157.81638,32,53256.462231
-190.583147,23,53267.148565
-156.380379,21,53276.661841
-210.85572,20,53284.822271
-231.105928,20,53292.61572
-159.540855,12,53297.335714
-243.695097,16,53303.735179
-289.786731,18,53310.565006
-173.880087,15,53316.928133
-241.978496,20,53327.846776
-108.622408,18,53335.691157
-123.206672,15,53343.973606
-182.121379,20,53352.457677
-179.030795,22,53361.771812
-168.189286,26,53372.404237
-219.413779,17,53378.906076
-141.914507,25,53388.921972
-199.934561,19,53397.810592
-211.632185,21,53406.019597
-152.518663,19,53413.97814
-226.872381,18,53422.20579
-175.657247,20,53430.541556
-147.686975,26,53441.941155
-130.790431,23,53452.34514
-109.22887,12,53456.629261
-225.08764,20,53465.324563
-188.163715,19,53473.682581
-334.247725,21,53482.164024
-169.179656,17,53488.695192
-285.62728,14,53495.27416
-164.66887,21,53503.652724
-172.745411,22,53513.440779
-138.234853,16,53520.942707
-102.810559,24,53530.004587
-143.652251,24,53539.354415
-120.647399,24,53548.866751
-315.723728,21,53558.531538
-303.720277,26,53568.673836
-266.864514,19,53576.629461
-204.195956,22,53585.361541
-188.392264,22,53595.32372
-176.070371,21,53603.874135
-164.116695,29,53615.187419
-185.158395,25,53625.554732
-175.902535,15,53632.24269
-160.119335,19,53640.620067
-213.25614,19,53647.923771
-123.698749,23,53657.070627
-169.565579,23,53666.314607
-177.922067,22,53674.918886
-169.657452,21,53683.305055
-218.548789,34,53696.630894
-257.022965,16,53703.283179
-255.064397,26,53713.857511
-260.316836,18,53721.078049
-178.679078,24,53731.717081
-128.474846,13,53737.007495
-294.073682,21,53745.783293
-240.002792,22,53757.005998
-170.610903,27,53767.474256
-253.624109,20,53775.088206
-187.101135,20,53783.211844
-243.168744,20,53791.048227
-167.756846,21,53799.511165
-240.794195,18,53808.765825
-129.148236,23,53819.530989
-244.473048,12,53826.621856
-166.520954,27,53840.467354
-231.984575,21,53850.574619
-217.266793,23,53859.626325
-192.112952,23,53869.807528
-182.97779,27,53880.124043
-152.284681,22,53889.670717
-154.853692,22,53897.835343
-111.544273,23,53906.580251
-193.871174,21,53916.303705
-83.296548,30,53928.176358
-180.982089,16,53936.5655
-192.538843,21,53944.589641
-145.298479,30,53956.938654
-248.947963,15,53963.282409
-213.262899,17,53971.803032
-214.57197,28,53983.707349
-116.791948,24,53992.607151
-265.767397,16,53999.603465
-186.790189,20,54008.018961
-280.028451,23,54016.772344
-156.985678,27,54028.771468
-238.681157,19,54036.617784
-236.753477,16,54044.728231
-307.178981,21,54052.906555
-141.598524,21,54061.223149
-115.54496,24,54071.168841
-119.698095,17,54077.856802
-224.428801,21,54086.268055
-185.165305,25,54096.490556
-162.223235,22,54107.394902
-191.044568,24,54116.786556
-230.319268,25,54127.289775
-255.147649,17,54134.954215
-362.810319,19,54143.096533
-172.888417,25,54152.975929
-251.055316,20,54162.773562
-209.957617,22,54171.30834
-191.014566,19,54178.948891
-172.320858,24,54189.031418
-208.540394,25,54198.721486
-225.756443,19,54207.967935
-121.804139,22,54216.698316
-245.320384,20,54224.645014
-261.503636,20,54234.260598
-155.107117,23,54243.52207
-183.457003,24,54253.128645
-216.014228,20,54260.928877
-158.785672,24,54269.952938
-159.574399,21,54279.387551
-135.085597,25,54288.990307
-144.907537,30,54301.34589
-171.804714,20,54310.021196
-192.482929,23,54319.976151
-197.649813,24,54329.398379
-196.500194,19,54339.202109
-249.347844,13,54344.733939
-146.065809,28,54354.537853
-161.929701,24,54364.230639
-113.582477,18,54371.365576
-200.233751,30,54383.09016
-123.768987,19,54391.04303
-258.171732,19,54401.712476
-234.920578,20,54410.246809
-233.507359,17,54418.406736
-136.048483,33,54431.783914
-185.111096,24,54441.012286
-263.044499,16,54448.842607
-213.026393,17,54456.024055
-223.867702,16,54462.890185
-238.779161,21,54471.290658
-138.110188,26,54482.29922
-176.778503,28,54494.407192
-158.679094,28,54507.528973
-146.022369,17,54514.845999
-121.133809,28,54526.896946
-119.164639,18,54533.583984
-219.823876,21,54541.960206
-182.862496,24,54553.07588
-218.934574,25,54562.293971
-152.907157,12,54566.724557
-253.79717,20,54575.974128
-212.946103,16,54582.617767
-270.963814,17,54590.230117
-178.676187,24,54599.473081
-233.614626,22,54609.178797
-199.199786,29,54620.956968
-217.62489,24,54630.412514
-281.174464,19,54639.536985
-220.31063,23,54649.401568
-215.923615,20,54659.021003
-191.361224,20,54666.877705
-131.639353,23,54675.776043
-179.739765,23,54684.837125
-169.258737,25,54694.477545
-222.934554,20,54702.206957
-137.012244,23,54711.500069
-169.264445,30,54722.878708
-266.489714,22,54731.914645
-141.598039,26,54742.11308
-213.896369,19,54750.802377
-317.639566,21,54760.645382
-162.042185,17,54768.106416
-238.099388,18,54774.792402
-260.128656,22,54784.893516
-109.327377,24,54794.525938
-172.704659,27,54804.792993
-141.170273,25,54815.264317
-276.135823,20,54825.816334
-263.731803,19,54833.294562
-203.775609,20,54841.027519
-162.321385,18,54847.749704
-312.519255,22,54857.120034
-206.781552,24,54867.39599
-105.078007,17,54874.425677
-161.087104,29,54885.577517
-109.312586,21,54896.346934
-173.157148,19,54904.913068
-174.604471,28,54915.600164
-181.372596,28,54927.012582
-119.131075,18,54934.051994
-190.068261,24,54944.740162
-156.482958,25,54954.887259
-123.01256,21,54962.820381
-255.822333,20,54970.779208
-229.221598,16,54977.217569
-209.830881,24,54986.750057
-210.198213,19,54994.836528
-274.55003,17,55001.808578
-152.46889,29,55012.401566
-193.896268,22,55023.099902
-126.796338,20,55030.5622
-174.514411,29,55041.44696
-142.984671,29,55052.848288
-236.131257,22,55061.8991
-122.047329,32,55073.879124
-168.976395,23,55082.774752
-202.199155,27,55093.081959
-124.709966,27,55109.108063
-195.267153,19,55116.870842
-215.849544,20,55125.762297
-248.586503,16,55132.967389
-105.947486,25,55143.181585
-215.943443,22,55151.598403
-217.664448,22,55160.744124
-143.460326,23,55170.138547
-206.997115,23,55180.406761
-168.980447,21,55189.015082
-276.53181,12,55195.264513
-166.19258,23,55205.134991
-247.713091,14,55211.479638
-324.151446,15,55217.230101
-180.62277,29,55228.894659
-270.51539,14,55234.77981
-195.491114,21,55243.495403
-115.883545,16,55251.24605
-209.885373,18,55258.61962
-196.86561,25,55268.38821
-205.5671,24,55277.488199
-225.321647,25,55288.991409
-200.289214,20,55296.892309
-224.052461,21,55305.520369
-134.754439,24,55315.070206
-347.63282,17,55321.945791
-167.761022,24,55331.031132
-229.651159,26,55342.232891
-222.846367,22,55351.141431
-231.844234,23,55359.835465
-202.688053,23,55370.457696
-139.471513,31,55385.082578
-97.708893,23,55395.752554
-299.62186,16,55402.604768
-214.467756,23,55411.127041
-222.781206,17,55417.448527
-137.11233,28,55430.290371
-193.883115,22,55439.151046
-139.961605,28,55449.881569
-206.866449,23,55458.814069
-195.201579,23,55468.284461
-152.623911,25,55478.10746
-114.748854,23,55487.396163
-134.58746,28,55500.850232
-135.86306,27,55511.278867
-157.947731,20,55519.924851
-147.036846,19,55528.495962
-219.491157,20,55536.53694
-217.819945,19,55544.742456
-107.388486,22,55553.526942
-151.38788,28,55564.770741
-128.805106,27,55574.633279
-154.608187,23,55584.139397
-104.093498,23,55593.008627
-163.016821,18,55600.202851
-167.234992,23,55610.516839
-135.977499,25,55620.770676
-184.022637,21,55631.311495
-215.435154,18,55638.392152
-183.664124,24,55647.31181
-135.112529,31,55659.11858
-220.434805,23,55668.181695
-167.755968,27,55679.375157
-96.913107,23,55688.585649
-144.778293,23,55696.843029
-210.657937,17,55703.784141
-140.556613,28,55715.506821
-184.298454,26,55725.342704
-188.34893,23,55734.404476
-175.942385,20,55873.88349
-204.589237,14,55881.031726
-100.461464,22,55889.887302
-190.9186,27,55900.725936
-172.245178,36,55916.204278
-222.980951,17,55925.016315
-216.707417,27,55936.151597
-156.377428,26,55946.326219
-210.060721,16,55952.410775
-135.66092,29,55964.379387
-161.24694,29,55976.444635
-170.979751,29,55988.518145
-221.135051,25,55999.117141
-231.7234,21,56009.422585
-202.444926,22,56017.819783
-179.587034,24,56027.325091
-176.555475,29,56040.846051
-125.93416,21,56049.963533
-97.125686,23,56059.115046
-178.463928,33,56072.032475
-167.943751,24,56081.731493
-290.790729,23,56090.849073
-207.024869,20,56098.81928
-215.445108,21,56108.504208
-175.785459,22,56116.703562
-170.387251,30,56128.594342
-192.496008,23,56137.494508
-286.094801,37,56152.440409
-101.171071,22,56161.356932
-242.074195,15,56167.469188
-96.696179,25,56177.939256
-254.853638,18,56185.591854
-199.784148,21,56194.022722
-162.066013,32,56206.035568
-256.644226,23,56215.538262
-182.610941,27,56226.931364
-155.037503,28,56237.960538
-282.182907,14,56243.670962
-109.913298,27,56253.682146
-186.026416,26,56263.63252
-124.300335,20,56271.844726
-213.647295,20,56279.739438
-133.575851,25,56293.238402
-214.959232,28,56306.415243
-172.489685,19,56313.056759
-187.279401,27,56325.516721
-162.098619,32,56338.66411
-227.270863,19,56346.175872
-162.621992,28,56357.273666
-132.940721,23,56366.185365
-185.787281,25,56375.86835
-184.465129,22,56386.290562
-126.878692,23,56395.794529
-171.740071,27,56405.911193
-250.200385,14,56411.926136
-349.390454,22,56420.978174
-192.550625,24,56430.18753
-211.844467,24,56439.58165
-251.686961,20,56447.745961
-84.323312,26,56458.174446
-163.777995,27,56468.696313
-90.78174,22,56478.969014
-287.414009,21,56487.772806
-268.976649,13,56492.393595
-230.221796,18,56499.876384
-192.176286,20,56507.90931
-263.069148,12,56513.097017
-192.126612,23,56522.694307
-114.755504,21,56531.215472
-94.820097,28,56542.098878
-158.85559,21,56550.904308
-175.294654,15,56557.447553
-190.067283,16,56563.70809
-185.051045,23,56574.111219
-206.134933,18,56581.299324
-198.796476,22,56590.010797
-98.765218,21,56598.044663
-112.261541,23,56607.048186
-148.872041,25,56617.086924
-143.786318,20,56625.461766
-212.889293,19,56632.988001
-196.717967,26,56644.369438
-116.154938,15,56650.764148
-301.229574,26,56660.762664
-144.221473,26,56671.09654
-160.906909,23,56680.538823
-201.431405,19,56688.379139
-150.47106,25,56698.916954
-135.15468,20,56706.23692
-224.754891,25,56715.985933
-228.430448,22,56724.124991
-145.627712,24,56733.596819
-174.098987,23,56743.224412
-182.622577,26,56753.466151
-172.63429,25,56763.298595
-234.7554,20,56771.497721
-237.484793,20,56780.200666
-155.687761,17,56786.729324
-185.805856,29,56798.775155
-245.730295,27,56810.252374
-152.733724,18,56817.719213
-189.527561,30,56829.858938
-267.547922,19,56838.03407
-187.172426,21,56847.088403
-152.977654,25,56856.686485
-188.897068,24,56866.547986
-199.919643,23,56877.255341
-116.410315,26,56887.723262
-119.721389,8,56891.864693
-153.482291,25,56902.668365
-216.610692,19,56910.016854
-107.941929,26,56921.582812
-210.327939,23,56934.813666
-182.620229,26,56944.985553
-239.426585,26,56955.19256
-119.373459,29,56967.172785
-182.504618,23,56976.01038
-175.5042,28,56988.926371
-201.118693,23,56997.700875
-336.997832,15,57003.767853
-175.193865,21,57012.502796
-215.309008,26,57022.526807
-173.236222,27,57034.492403
-191.735615,25,57043.601483
-201.904983,20,57051.139304
-229.60631,17,57057.999851
-222.356003,26,57068.369568
-283.542997,22,57077.740686
-191.571917,19,57084.977311
-170.17977,27,57095.964492
-136.46209,22,57104.429904
-153.376356,16,57110.869183
-196.173596,21,57119.595943
-277.257616,26,57130.487178
-105.062095,21,57138.93329
-226.927042,24,57147.825809
-204.159002,18,57158.587454
-169.842184,23,57167.687239
-163.851531,21,57176.419451
-175.75519,26,57186.705416
-87.425159,26,57197.209819
-192.157329,29,57209.013965
-188.198969,24,57220.113459
-255.228934,23,57231.614278
-116.485741,26,57242.094545
-280.285296,21,57249.792055
-101.368826,22,57257.912669
-203.864137,25,57268.169838
-99.801229,35,57282.638314
-161.462587,26,57293.118027
-180.633811,22,57303.288897
-194.286079,17,57309.580738
-214.064431,22,57321.691463
-163.444429,25,57332.225739
-268.519567,14,57338.599846
-210.373623,27,57349.792488
-310.887015,19,57358.13731
-107.610267,28,57369.582935
-169.664914,22,57377.929915
-144.482495,16,57384.415
-254.113283,20,57393.343696
-171.874843,23,57402.271253
-212.097811,22,57411.783737
-174.475294,22,57421.059754
-173.842626,13,57426.601434
-211.632643,18,57433.853493
-123.741042,23,57442.739132
-129.560482,21,57451.934476
-221.051369,20,57460.138001
-117.86305,13,57465.002792
-202.787839,26,57476.486769
-285.365511,14,57483.396544
-184.913376,23,57492.162892
-162.385927,20,57499.844983
-196.765278,23,57508.676491
-140.188588,26,57520.585496
-194.355971,20,57528.617745
-177.204046,19,57536.891011
-260.026974,18,57545.184583
-201.470283,28,57555.543774
-189.848791,30,57567.37797
-110.795733,24,57580.978328
-100.450076,29,57592.388171
-214.377514,18,57599.576619
-152.698615,26,57609.433298
-188.986417,23,57619.261759
-104.031925,26,57629.942644
-131.333932,22,57638.839304
-89.030518,31,57652.013152
-216.091462,20,57660.97945
-161.672437,19,57669.015372
-125.271035,14,57675.862574
-153.610795,22,57684.507639
-237.110456,22,57693.516246
-188.125434,21,57701.611135
-124.151951,20,57709.612834
-239.637198,19,57717.783222
-199.670721,28,57729.160958
-221.302127,15,57735.012916
-118.346418,21,57743.980257
-220.553948,21,57754.103703
-166.486544,23,57763.0763
-206.142879,18,57770.414876
-251.918604,19,57778.566983
-99.365706,18,57785.443942
-227.360566,26,57795.317069
-225.799711,17,57802.492921
-204.57488,20,57810.413675
-153.085773,25,57821.841839
-212.904729,19,57829.346753
-129.291949,25,57839.196585
-191.912661,23,57848.850756
-190.903754,18,57856.050952
-148.53792,25,57865.405788
-179.007167,25,57879.641254
-185.195228,20,57887.239316
-95.557007,15,57893.829601
-71.626202,28,57904.546888
-230.458231,20,57912.099012
-167.654524,28,57923.067041
-205.943894,22,57931.896311
-210.824445,12,57937.269688
-171.949905,26,57947.282338
-239.879642,23,57955.049407
-159.789936,22,57964.525548
-163.544195,18,57972.038655
-162.847192,18,57979.088832
-204.666904,19,57986.794955
-167.765898,28,57998.395261
-119.512634,20,58007.291402
-130.174075,20,58016.250154
-114.622778,32,58029.96243
-212.107483,27,58040.8002
-175.270988,32,58054.219055
-206.707559,29,58066.28147
-234.394337,20,58075.697673
-163.085311,22,58087.982191
-109.211954,24,58098.200497
-151.804522,26,58108.640363
-182.388627,26,58119.896003
-99.973274,25,58129.375367
-135.82946,29,58141.891373
-194.8211,23,58150.873462
-167.202176,18,58161.898184
-252.799907,17,58172.408422
-168.192436,25,58186.398901
-175.196077,27,58196.283269
-232.924223,17,58204.073384
-97.878514,32,58217.192329
-176.287355,25,58226.911561
-181.689741,22,58236.087489
-362.9249,21,58244.942612
-169.207608,19,58251.977025
-218.135772,21,58259.996516
-136.100334,37,58274.667087
-173.454127,26,58284.419038
-138.328348,23,58293.290313
-133.920993,29,58304.183467
-296.010512,11,58310.970677
-156.517521,30,58322.771504
-148.139507,23,58331.364421
-156.027948,26,58342.23942
-134.089797,23,58351.494442
-187.947951,21,58359.832392
-168.536584,21,58368.231324
-205.134384,18,58375.190454
-261.118139,15,58381.951996
-204.518873,20,58390.241899
-210.773287,20,58398.792337
-102.816957,17,58405.803915
-230.887443,18,58412.888696
-191.362326,20,58421.099764
-266.131349,20,58429.002578
-245.472684,15,58437.754775
-143.713364,24,58447.430733
-167.179956,35,58460.568678
-232.096427,30,58472.479066
-228.099495,23,58482.483131
-128.182825,33,58496.186154
-153.117318,23,58505.668704
-242.247762,20,58515.276361
-99.511875,26,58526.430241
-174.596055,22,58535.278102
-156.99313,25,58545.191198
-209.202211,17,58551.191272
-205.817174,21,58563.027507
-119.573315,27,58574.915212
-161.96404,30,58587.686592
-148.610704,24,58597.173094
-293.610218,21,58605.179391
-177.160461,29,58616.887775
-134.893421,21,58625.302709
-274.919045,22,58633.970167
-238.824821,20,58641.098371
-137.034878,20,58650.090503
-224.502434,23,58659.964842
-183.102666,17,58666.949228
-230.433069,27,58678.153778
-213.182335,23,58687.178527
-117.306719,24,58697.21896
-247.52913,26,58707.089127
-190.710638,22,58716.964567
-216.092439,22,58727.539749
-157.052553,27,58738.33488
-150.033708,29,58750.064091
-208.911374,17,58756.447257
-183.142534,20,58765.026752
-152.565017,25,58775.304279
-217.864591,22,58785.215837
-169.924596,21,58795.073168
-159.537524,24,58804.282944
-251.940605,21,58812.129932
-322.225148,24,58822.8148
-206.678961,25,58832.914352
-183.105851,25,58842.68789
-176.862371,25,58852.753479
-80.492784,27,58863.655502
-232.916201,24,58872.7624
-203.675924,22,58882.102076
-170.701861,19,58889.345789
-122.789482,18,58895.996832
-203.505835,16,58902.697309
-189.275089,21,58911.465355
-259.593089,10,58916.802352
-178.86587,21,58926.986253
-181.947382,25,58936.331985
-177.899719,29,58947.691086
-144.399992,19,58955.778352
-200.635325,23,58965.352515
-96.698287,26,58976.639688
-191.232231,23,58985.502135
-188.090574,24,58994.629045
-148.029679,21,59002.721374
-135.600664,21,59011.954736
-121.454368,29,59023.407974
-143.741971,25,59034.180761
-92.944248,22,59042.841966
-225.380926,21,59050.91992
-187.111902,9,59054.608465
-144.733514,22,59063.927468
-220.209574,12,59069.187827
-120.959409,24,59077.668571
-208.259349,28,59089.459827
-157.2739,22,59098.093928
-149.984615,18,59105.479239
-154.672771,27,59117.124253
-232.919983,27,59127.472061
-262.648509,22,59137.769199
-104.86229,21,59146.360415
-241.890179,21,59155.374157
-252.692267,20,59163.449504
-142.637474,29,59174.11785
-205.787362,25,59184.992029
-226.465752,28,59196.224478
-92.393701,27,59206.717779
-126.563656,30,59218.534664
-215.007561,23,59228.326044
-172.39401,23,59237.232126
-156.256363,28,59248.441546
-239.206574,22,59256.769683
-231.207749,15,59262.94017
-106.706831,20,59271.083835
-147.829453,26,59281.725507
-133.57168,22,59290.978773
-230.75443,16,59297.962278
-152.113202,21,59306.753764
-128.023508,30,59319.941733
-216.066812,21,59471.297865
-174.203055,23,59480.94211
-213.17525,21,59490.00236
-323.880727,21,59497.945379
-98.902932,25,59507.803813
-174.856272,20,59515.792542
-103.701063,24,59525.004511
-150.328632,26,59535.436451
-128.148664,31,59547.919077
-223.816777,17,59555.89587
-193.7702,23,59565.103631
-166.639607,28,59575.499835
-138.415339,31,59588.305698
-184.76439,23,59597.861393
-214.666276,24,59607.447285
-157.942299,24,59618.345746
-220.968375,21,59626.394778
-220.039552,24,59636.468067
-148.908827,20,59644.288911
-189.364031,27,59654.211172
-154.517976,19,59661.660114
-196.22484,29,59672.937333
-239.265369,20,59683.598794
-175.340324,25,59694.625672
-257.943029,20,59703.196049
-190.692359,22,59712.164012
-107.738189,22,59720.137055
-247.233087,18,59727.539723
-120.618807,35,59744.637459
-198.741679,21,59753.074516
-258.317547,23,59764.987128
-122.349362,27,59775.608368
-194.121405,27,59787.276974
-141.558538,18,59795.295659
-235.459586,28,59806.899187
-220.364662,23,59816.062834
-153.292186,27,59829.217285
-164.554207,21,59837.708961
-253.564106,19,59845.446766
-130.521104,21,59853.842918
-174.532025,22,59862.43404
-138.467737,30,59874.319617
-137.322346,25,59884.898098
-237.95735,19,59892.230638
-198.027083,24,59901.566324
-100.153753,24,59910.496751
-209.230008,23,59920.316978
-181.472627,22,59929.166505
-220.714717,28,59942.331006
-226.068361,23,59951.430533
-193.693146,30,59963.502501
-279.38945,17,59969.8393
-223.600887,16,59977.614225
-145.407065,20,59985.745408
-229.32212,17,59993.06249
-152.631263,24,60002.364223
-163.632358,28,60013.03947
-122.495198,19,60021.038949
-187.825349,20,60029.110405
-200.119624,20,60038.374478
-140.336463,27,60048.701969
-247.208633,15,60054.609029
-110.281576,25,60066.260037
-124.672716,20,60074.555152
-162.724687,21,60083.140804
-234.425047,24,60092.745503
-140.249315,19,60100.54836
-210.409524,20,60107.842264
-143.746212,29,60121.190865
-161.65706,23,60131.148499
-164.668346,21,60139.248037
-163.800833,21,60147.514431
-200.658446,21,60155.824419
-144.945281,26,60166.287747
-219.221018,25,60181.424858
-121.839218,23,60192.257087
-232.499816,15,60199.521178
-156.151309,25,60210.334263
-172.790315,29,60221.965071
-105.344482,19,60229.974987
-217.128712,25,60240.08023
-137.177595,17,60246.517184
-198.301248,23,60253.965165
-241.470412,23,60263.81527
-162.493011,29,60274.643947
-200.312672,21,60283.322202
-170.812645,23,60293.438879
-243.996734,23,60301.851705
-175.673565,24,60312.190165
-171.820017,20,60321.161708
-147.851576,24,60330.670338
-143.799749,23,60339.586089
-200.191599,27,60352.319422
-189.840809,23,60361.878275
-178.785049,22,60370.692182
-123.110429,19,60379.736736
-163.866679,26,60391.265584
-200.222221,21,60399.015851
-214.710384,29,60411.126602
-118.911783,23,60419.885505
-185.553714,33,60433.10437
-152.502182,29,60444.63467
-122.372077,24,60454.067911
-211.266995,18,60462.032793
-155.166533,20,60469.330623
-193.403207,28,60480.32136
-164.48314,20,60488.294472
-240.517358,24,60498.208321
-171.623119,25,60508.174805
-109.321139,27,60519.403937
-161.56099,24,60531.604281
-224.200079,23,60541.365818
-201.576944,24,60550.920682
-201.575668,24,60561.589888
-102.109324,25,60571.542654
-119.369919,24,60580.445104
-100.401162,17,60587.890259
-239.974474,21,60595.733965
-205.683752,20,60603.505997
-219.135583,21,60612.024096
-185.410147,23,60620.765254
-236.12392,22,60630.159021
-182.050572,14,60635.942628
-157.348952,21,60645.549133
-141.398724,19,60655.67898
-123.845429,26,60665.346942
-234.392534,17,60672.954428
-229.221689,20,60681.236694
-224.438462,21,60690.005746
-170.274167,25,60701.419129
-88.054695,27,60712.451015
-238.102193,22,60721.306548
-205.687563,18,60728.642325
-163.687069,26,60738.354635
-126.39659,22,60747.091742
-197.474384,26,60757.051503
-215.471554,19,60765.204286
-214.904624,22,60774.946958
-186.753089,27,60784.939625
-122.044144,30,60797.057703
-225.565156,26,60807.351389
-124.087414,25,60816.727417
-149.31297,20,60824.840394
-167.535129,28,60836.372512
-109.829387,18,60845.606273
-189.89682,24,60854.630365
-236.589178,25,60865.656168
-202.671347,21,60875.836826
-150.55794,25,60885.887532
-183.454298,26,60896.251832
-256.928476,27,60907.267169
-243.798006,19,60915.135155
-178.299681,22,60924.851745
-232.760847,18,60931.812353
-156.187521,27,60944.253855
-214.314765,18,60953.274653
-259.142604,21,60960.288586
-185.406248,26,60971.353248
-130.442171,13,60976.935615
-233.262895,28,60987.585888
-180.715574,20,60995.30309
-165.680559,26,61006.154115
-189.59438,24,61016.282306
-221.646584,19,61024.040035
-207.614552,25,61033.851573
-205.918456,18,61040.937526
-204.225307,18,61049.025174
-222.322453,18,61057.955565
-105.774415,18,61065.095454
-198.695706,25,61074.700996
-242.925989,14,61081.419143
-207.52009,18,61088.202109
-140.689305,28,61098.724494
-209.648292,21,61107.550745
-213.063263,28,61118.210791
-175.989,22,61127.605253
-192.554732,22,61136.129987
-138.938167,31,61148.446469
-192.403097,29,61160.187235
-224.237717,22,61169.54358
-127.96164,24,61181.274721
-125.537507,25,61192.643908
-154.189103,25,61202.488454
-264.975834,17,61209.43707
-175.30364,23,61217.861221
-131.58923,24,61227.725965
-181.352008,23,61236.989935
-132.869392,26,61247.333124
-228.528294,19,61254.87855
-133.065684,32,61267.377624
-201.344019,34,61281.150516
-169.271179,31,61293.803452
-158.720389,23,61302.633336
-174.036733,18,61311.690314
-188.270332,27,61322.0782
-277.282874,14,61328.316877
-112.739203,25,61337.857378
-253.309861,25,61348.522456
-159.896901,17,61354.845656
-155.659086,21,61362.739055
-255.578126,17,61369.875606
-184.89021,23,61379.910667
-149.310283,17,61387.668319
-142.700523,33,61401.253657
-188.987802,24,61411.420612
-215.093819,19,61418.806937
-266.4446,14,61426.831687
-157.725372,23,61435.348761
-297.056829,19,61442.740248
-103.061109,24,61452.689323
-154.892962,27,61463.378866
-242.158493,25,61473.239387
-101.960015,20,61481.34271
-252.784514,20,61488.874698
-123.214148,30,61500.626202
-102.905617,22,61509.004038
-215.119729,18,61517.265844
-133.295614,40,61533.601413
-204.86474,18,61540.627632
-123.609491,22,61549.60741
-133.755065,22,61558.251273
-95.888837,28,61569.15676
-185.621038,29,61580.805715
-227.76403,23,61590.297921
-167.522583,28,61601.303253
-203.08947,27,61613.355194
-160.456367,30,61625.584905
-195.15835,21,61633.632104
-162.411392,23,61643.173413
-277.895971,18,61650.864892
-96.703853,27,61662.007203
-212.65099,22,61670.389261
-158.873037,24,61680.242938
-139.671984,29,61692.390284
-117.535045,26,61702.190861
-217.122,19,61710.665138
-107.507379,22,61719.560952
-205.849257,23,61728.645694
-94.714018,28,61739.262408
-149.787613,22,61748.748199
-159.582376,27,61760.759638
-250.335401,21,61769.126388
-172.728332,27,61780.09334
-202.617795,21,61789.63998
-164.931953,28,61800.191542
-116.412383,35,61815.113118
-87.841194,28,61826.083589
-185.482774,30,61837.166474
-254.249326,18,61844.542166
-187.797201,18,61853.107174
-126.34355,22,61861.598932
-95.648274,25,61871.197453
-151.145344,26,61883.585978
-159.116446,27,61894.248005
-130.379327,28,61905.070929
-270.600448,16,61911.631742
-152.598139,26,61922.162658
-116.532562,19,61931.103261
-192.686507,23,61940.231681
-126.862386,21,61948.306516
-213.500888,28,61959.796656
-249.204646,13,61965.668612
-145.307104,18,61973.224808
-128.353953,30,61985.215352
-268.224957,22,61993.865378
-199.243011,18,62001.938458
-172.950078,24,62011.766512
-130.111728,26,62022.586597
-257.111514,24,62032.095544
-113.800463,17,62039.734609
-224.510355,25,62049.220863
-90.640506,26,62058.728267
-200.834042,22,62067.761273
-164.661143,34,62080.964724
-267.579421,17,62089.03999
-349.756707,24,62098.440291
-217.390786,21,62108.414113
-176.032222,25,62117.86551
-176.155424,25,62127.873482
-205.577327,17,62134.316411
-210.483363,26,62145.352956
-83.688641,26,62155.872506
-241.878414,23,62166.25465
-153.252715,26,62178.410565
-186.969233,22,62186.956676
-217.63787,20,62195.444417
-140.465935,29,62206.589348
-149.522442,26,62216.418952
-202.951662,21,62223.885129
-169.707274,27,62234.254354
-151.40704,22,62244.849087
-187.096328,28,62256.10518
-208.156998,21,62264.011674
-255.329159,28,62276.703475
-126.214908,32,62289.57897
-110.730896,12,62294.225956
-274.132722,18,62301.712144
-231.929774,25,62311.579664
-245.505441,17,62317.839807
-154.66186,21,62327.15972
-251.636746,22,62336.022252
-158.017753,21,62344.127827
-203.368819,26,62353.700554
-227.157718,23,62364.670077
-180.545086,27,62375.330715
-171.438641,28,62386.288502
-98.281471,20,62394.618129
-178.967536,30,62407.099787
-237.361151,21,62415.294978
-123.153389,24,62425.917713
-189.860988,16,62431.95824
-172.641776,20,62440.010579
-224.377767,18,62448.092194
-89.028346,29,62460.030174
-260.022651,24,62469.28773
-162.854838,29,62480.627026
-91.043822,29,62492.15698
-248.784849,20,62500.736181
-205.399511,16,62507.439188
-290.21958,18,62515.777486
-95.843002,27,62527.173542
-232.075644,19,62534.572519
-123.448201,32,62549.188428
-79.242229,30,62560.647408
-119.61939,25,62570.612649
-152.405065,22,62579.236295
-136.982157,17,62587.441533
-94.349067,24,62596.649128
-208.764564,27,62606.736339
-205.487018,21,62615.34251
-219.260194,16,62622.974062
-152.179173,30,62635.595568
-184.589082,25,62645.66068
-167.27711,25,62654.883768
-262.680042,24,62664.056499
-195.099936,22,62673.249351
-162.740228,27,62683.960849
-164.564574,22,62694.095782
-162.010454,24,62704.231029
-238.8604,21,62713.078209
-152.393741,25,62723.924617
-155.674285,29,62734.863049
-215.943388,25,62744.74447
-148.454804,38,62760.249535
-178.526554,23,62769.221479
-173.5627,26,62779.438847
-164.480198,24,62790.035287
-227.549867,22,62799.930015
-204.344882,25,62809.537835
-174.008693,24,62820.473904
-156.698295,24,62830.80258
-165.483585,25,62840.639718
-204.588791,24,62850.865342
-180.26639,26,62863.22982
-236.624733,20,62870.321751
-164.36508,24,62880.371093
-70.065619,26,62890.55917
-213.236952,20,63048.954233
-120.982264,19,63056.781738
-181.357948,22,63065.903154
-111.260292,9,63069.775865
-166.92401,25,63080.350995
-141.011089,23,63089.730771
-135.113323,29,63101.292471
-229.604223,23,63110.478954
-190.85446,28,63121.069381
-187.85642,34,63135.166169
-103.409224,20,63143.295663
-171.874112,23,63152.345319
-233.599775,21,63160.425366
-178.009286,27,63171.651394
-298.011532,17,63178.132248
-77.676256,31,63189.953899
-157.170101,23,63199.442108
-90.409021,35,63213.52024
-160.245997,27,63223.287771
-173.12579,37,63237.80443
-166.551091,29,63248.953079
-157.233015,24,63257.991073
-150.323876,18,63265.809022
-116.431187,17,63272.608006
-162.173124,32,63285.424558
-195.715535,21,63296.341378
-159.511711,25,63306.222385
-266.859321,18,63313.491826
-137.967623,26,63323.403027
-182.572342,32,63335.818325
-134.497364,23,63344.944381
-169.92921,32,63358.082589
-99.489239,19,63365.784529
-127.967722,26,63376.515077
-188.993926,20,63384.236343
-118.119011,21,63392.749854
-218.551424,16,63398.966236
-105.947199,15,63405.523056
-128.497853,28,63416.533242
-207.61381,23,63425.850569
-161.189149,27,63436.17119
-153.722028,31,63448.676414
-235.687327,24,63458.265657
-174.41757,29,63469.617591
-136.766887,26,63480.222898
-130.339154,34,63493.672209
-159.093204,24,63502.91614
-81.382755,28,63513.213458
-193.675332,25,63524.426477
-130.3298,29,63536.647442
-182.685937,25,63546.287794
-170.404907,32,63558.265329
-215.969935,18,63565.588976
-145.012366,27,63577.295352
-158.395086,22,63585.981861
-149.808748,25,63595.402367
-143.681179,18,63602.602628
-214.737652,20,63609.809686
-203.894586,15,63616.873078
-247.097082,16,63622.981736
-191.510476,22,63631.503606
-193.838248,35,63645.283104
-242.387637,19,63652.771689
-216.055857,19,63660.855045
-165.296234,22,63669.147269
-148.149037,27,63680.23493
-216.135682,26,63690.569556
-181.547213,21,63699.176562
-183.192247,20,63706.858052
-178.505521,30,63719.167592
-229.665843,27,63729.959481
-289.092874,23,63738.639437
-223.299256,15,63746.219573
-136.011207,24,63756.217452
-240.921164,20,63763.784889
-129.551364,28,63774.91113
-123.895614,29,63785.675368
-162.419734,21,63795.346977
-195.276128,28,63807.926589
-117.062293,25,63817.970269
-211.526321,18,63825.007317
-110.591797,35,63839.294416
-93.637179,21,63846.710189
-232.519694,21,63853.880132
-220.168376,21,63862.628662
-302.669535,16,63870.871194
-151.497961,27,63881.020136
-172.13375,27,63891.952776
-248.130727,20,63900.061108
-140.581766,23,63908.884559
-179.74544,26,63919.184745
-147.195561,21,63927.389315
-242.60128,18,63934.871057
-185.981707,19,63942.348967
-248.010215,21,63950.774205
-202.518457,22,63959.865518
-135.663067,23,63969.15733
-198.035998,17,63976.778827
-258.997651,19,63986.67976
-107.04897,48,64004.388533
-171.135192,27,64014.988812
-220.803749,22,64023.764491
-214.191132,16,64029.488184
-205.46474,19,64036.830494
-170.16225,29,64049.015438
-144.244339,27,64060.635581
-243.726073,17,64066.987034
-269.243543,17,64075.337971
-156.609645,20,64085.128398
-119.012312,23,64095.111152
-137.11298,23,64104.275637
-135.782607,30,64117.723977
-207.816464,23,64126.841024
-123.009484,25,64137.289741
-278.140231,10,64143.658903
-186.796415,23,64152.812619
-232.587394,28,64164.419492
-113.737876,19,64171.810971
-154.524282,22,64180.959403
-241.743939,19,64189.068964
-160.344801,25,64198.958291
-166.693431,26,64210.361219
-157.568286,24,64219.694436
-112.396426,33,64232.761735
-95.073609,25,64243.180737
-142.748856,26,64253.460774
-138.623988,18,64260.146757
-211.778057,22,64269.221744
-119.681958,21,64277.711561
-126.080145,28,64288.720425
-123.596527,23,64297.507237
-215.005557,25,64307.358006
-208.739246,25,64316.860317
-103.878713,35,64331.491319
-137.768699,26,64341.250062
-214.409195,23,64350.497666
-168.950717,24,64360.00353
-207.562556,18,64368.237061
-159.691268,27,64379.307782
-236.359498,27,64389.78798
-183.982779,21,64398.386085
-76.662573,29,64410.358749
-116.645337,22,64420.309391
-107.312326,34,64434.536408
-129.067355,24,64443.905933
-287.166527,19,64452.239672
-202.546183,17,64460.395367
-215.253688,23,64471.217291
-192.354241,23,64480.415581
-106.805867,24,64490.616498
-175.884809,21,64499.051125
-145.815596,23,64507.629252
-229.692379,23,64516.404146
-123.756537,28,64527.629533
-195.855882,21,64537.02309
-233.334095,23,64546.91521
-124.9361,28,64559.541254
-189.27999,21,64567.99007
-224.056457,20,64576.141044
-132.265237,34,64589.277657
-169.89256,20,64597.259122
-130.690344,26,64608.224823
-170.193062,25,64618.14151
-196.41387,28,64628.587134
-214.359937,24,64638.118189
-162.160127,20,64647.144805
-119.498769,25,64659.612288
-200.524584,25,64670.266619
-97.909091,19,64677.521205
-205.874726,19,64685.617472
-172.477384,21,64693.931959
-181.905509,17,64701.316902
-141.093811,24,64711.18315
-187.087312,25,64721.409787
-193.706514,29,64733.01733
-103.68714,20,64740.970212
-161.505747,32,64753.148458
-200.721802,20,64761.31596
-114.107694,19,64770.806997
-217.8575,21,64778.878745
-113.89898,26,64788.30026
-120.505296,21,64797.029979
-155.507959,26,64807.492212
-108.537817,39,64823.455298
-243.223817,17,64832.814856
-183.951667,21,64840.582402
-122.093722,25,64850.881761
-170.556542,22,64859.363585
-206.424413,16,64867.773564
-123.539419,28,64878.608538
-223.825816,24,64889.758409
-166.415666,28,64900.506883
-144.03445,33,64913.517974
-105.450132,25,64923.426501
-229.072063,17,64930.75949
-141.35991,23,64939.696616
-70.558261,32,64952.346119
-169.224052,24,64961.318539
-97.70081,22,64970.595851
-90.665162,21,64979.180137
-148.195094,27,64989.936032
-250.437216,19,64997.636014
-170.348578,22,65005.785702
-199.475686,20,65013.444217
-119.862247,24,65022.653833
-218.535341,19,65031.025901
-159.590181,24,65040.149714
-181.69752,24,65049.629922
-110.093701,28,65059.78505
-236.46246,21,65069.391126
-192.643628,22,65078.815802
-166.199491,22,65087.414577
-136.658548,25,65097.225362
-164.148016,23,65106.208929
-88.937131,30,65117.864105
-94.33071,32,65130.71282
-189.69889,24,65140.628607
-171.968336,21,65148.041864
-192.104138,28,65159.467972
-187.813906,20,65167.682553
-171.011204,24,65177.988931
-188.828554,24,65187.565821
-85.74173,34,65200.828456
-131.225017,27,65211.616085
-218.016396,20,65220.418375
-215.821005,21,65228.28514
-253.37207,17,65234.983209
-228.874397,12,65239.942407
-174.412593,30,65251.92987
-102.805989,20,65260.64681
-210.591763,19,65268.362872
-215.451997,21,65276.642102
-161.333044,23,65285.929756
-172.670997,26,65296.893936
-107.781636,27,65307.376051
-151.785257,25,65316.581274
-104.015596,29,65328.452173
-294.508172,27,65339.27455
-154.721643,25,65348.485176
-149.866836,35,65361.730216
-195.226503,24,65372.01492
-152.297466,28,65382.219784
-154.050835,26,65392.551816
-139.416925,30,65404.190884
-190.339365,20,65413.762848
-121.163093,21,65423.546237
-158.911304,38,65438.90551
-121.793183,24,65448.482594
-162.455971,23,65458.434437
-129.355549,19,65465.68665
-237.575505,19,65473.996604
-258.524086,18,65481.006743
-155.956659,25,65491.545602
-183.152913,22,65500.270088
-124.853146,27,65510.95113
-151.969707,17,65517.407829
-183.056316,28,65529.048975
-156.207479,25,65538.814716
-245.995219,18,65545.725344
-207.444545,26,65556.177713
-86.106841,29,65567.954757
-131.559332,23,65577.192035
-299.934675,18,65583.918201
-104.018061,23,65593.107598
-181.187095,22,65602.276008
-109.41808,22,65611.116287
-217.835079,21,65619.77721
-264.16619,22,65629.237441
-124.370085,27,65639.517617
-191.734392,23,65648.364521
-105.049719,15,65653.7575
-169.645807,19,65660.977636
-179.216975,23,65670.810763
-171.165184,23,65680.086779
-145.594031,33,65692.676105
-227.300679,20,65701.347259
-157.785798,32,65713.587576
-196.872232,22,65722.176204
-114.209941,28,65733.004204
-157.456218,25,65742.58204
-111.781584,28,65753.720802
-226.589882,16,65761.323009
-112.797219,23,65770.805362
-195.90212,28,65781.54575
-92.266403,52,65802.028115
-208.290543,25,65812.021734
-141.496648,22,65821.247959
-93.980968,24,65831.096635
-196.607672,25,65840.659936
-150.087397,24,65850.990868
-183.309856,25,65860.933856
-136.102346,35,65874.333235
-269.20395,11,65879.105094
-94.784071,34,65892.221643
-173.69689,23,65901.167235
-188.333258,22,65909.787699
-137.066989,21,65917.977225
-141.337881,29,65929.364037
-115.128067,21,65938.015471
-134.936252,32,65949.591743
-127.453094,26,65959.693833
-72.695397,30,65971.595012
-194.851565,21,65980.091244
-191.533627,22,65988.441016
-269.207275,20,65996.38895
-100.355611,29,66007.980952
-204.522818,23,66016.507452
-140.791062,27,66027.162625
-179.144042,25,66037.695637
-130.939101,28,66049.094868
-187.824262,26,66059.025755
-133.571991,26,66069.638385
-193.02899,22,66077.850156
-204.726687,26,66087.836969
-184.418308,25,66098.019989
-160.502749,27,66108.346854
-275.591042,19,66116.383555
-124.026824,34,66130.087769
-233.789844,21,66137.873863
-94.413525,27,66148.888534
-117.733912,26,66160.67455
-145.383484,26,66170.755508
-87.96763,22,66178.846345
-158.162963,18,66186.213448
-107.925448,26,66196.410385
-147.928701,25,66206.209686
-169.1645,23,66215.351197
-136.469609,21,66224.037117
-136.209352,35,66237.970013
-211.08747,20,66245.825202
-147.097243,26,66255.639112
-193.219149,22,66265.934123
-133.714314,24,66275.138819
-212.344748,21,66283.038686
-161.512123,27,66294.673289
-179.571401,26,66305.832241
-192.731749,34,66320.308988
-87.263825,41,66336.850144
-220.582699,21,66345.392074
-103.55355,31,66357.236609
-130.254977,35,66370.77434
-211.232284,21,66381.876869
-198.273865,24,66391.713005
-128.515547,24,66401.029029
-95.069204,16,66407.030555
-73.274136,31,66573.409463
-123.762444,29,66584.561769
-132.842591,30,66597.764582
-196.059982,27,66609.64623
-204.793706,35,66623.902294
-139.536126,20,66632.146021
-221.754854,29,66644.155514
-188.287973,28,66656.521144
-154.400722,27,66667.218372
-162.556697,24,66677.264138
-159.107792,29,66688.354262
-135.149164,28,66699.442086
-94.043772,35,66713.161187
-131.50762,29,66724.298942
-244.998766,18,66731.569071
-200.63054,22,66740.344053
-90.508726,21,66750.562961
-220.323198,21,66758.709679
-254.092288,21,66767.780521
-110.257458,26,66778.294822
-222.253024,24,66787.774727
-247.567106,16,66794.210217
-94.653469,28,66804.850973
-271.211406,19,66812.628835
-177.54479,23,66822.061007
-240.514968,21,66830.263212
-196.233045,23,66840.454689
-154.134504,20,66848.272866
-128.351148,27,66859.055303
-102.011902,32,66872.241907
-231.656102,21,66879.755627
-217.170892,17,66886.29529
-159.649238,16,66892.890822
-238.38003,18,66899.730307
-144.061304,21,66907.690388
-214.712078,25,66918.736732
-78.298904,28,66929.513934
-98.243783,32,66942.342925
-199.771227,18,66949.540704
-145.896524,18,66956.736904
-97.943172,26,66969.360263
-114.793893,25,66978.51038
-133.790844,34,66991.930313
-112.825163,25,67001.542707
-205.393194,20,67010.106545
-134.196563,18,67016.71803
-150.849563,31,67029.209982
-199.945126,27,67039.345423
-108.686965,24,67048.460758
-113.343433,25,67058.824072
-159.078992,19,67066.487582
-173.050788,22,67075.29954
-148.416137,29,67088.47315
-116.625659,33,67101.232901
-169.798277,27,67111.795365
-59.058221,36,67125.292852
-160.749569,23,67133.981307
-130.804213,30,67147.43694
-258.913448,25,67157.09403
-153.670814,20,67165.201583
-101.810316,25,67175.194801
-192.922846,23,67183.812964
-130.712564,22,67191.973361
-179.45267,27,67203.870039
-89.781183,35,67217.173197
-107.147901,24,67226.458473
-131.935398,28,67238.431396
-125.279821,30,67249.965041
-91.624346,31,67262.490904
-122.643957,22,67270.886945
-102.349174,25,67280.22184
-233.242245,18,67288.031449
-144.390829,25,67299.087715
-267.230835,22,67308.903294
-135.542351,25,67318.407005
-125.618396,24,67327.891856
-248.959661,21,67335.631651
-171.905801,24,67345.324356
-107.293525,23,67355.445033
-173.86132,22,67364.078326
-127.159027,34,67377.147542
-132.996697,21,67385.258158
-168.651193,24,67396.447213
-173.622491,36,67410.192888
-165.274815,26,67422.518798
-183.176976,29,67433.673812
-229.777544,28,67445.34269
-104.048733,29,67455.552028
-93.436995,24,67464.990013
-148.358588,26,67474.672828
-204.711797,21,67483.049503
-211.85237,27,67493.543379
-227.107505,17,67500.512188
-185.64234,25,67509.935133
-138.441677,43,67527.152062
-98.295103,16,67533.500838
-294.808785,23,67543.108564
-146.220441,33,67556.188579
-124.064046,17,67563.575873
-124.224923,13,67568.87288
-297.22636,17,67576.596182
-237.301162,22,67586.709582
-186.737404,20,67595.03804
-210.985003,21,67604.223738
-106.77445,24,67613.700169
-192.39072,26,67624.492091
-155.569665,37,67638.668267
-66.791651,40,67654.532146
-176.846923,25,67664.566088
-144.921725,25,67674.229658
-147.285229,29,67685.983439
-123.790466,27,67697.869512
-232.061697,25,67707.233656
-140.446261,39,67722.437036
-160.602407,26,67732.443469
-290.485939,12,67739.899877
-165.912452,24,67748.905877
-159.614461,23,67758.288955
-236.12536,26,67768.664613
-96.21023,20,67776.253213
-192.897413,22,67784.554545
-250.066084,20,67793.218807
-244.694765,25,67802.874003
-64.538984,32,67815.169734
-159.17819,24,67824.321018
-138.637855,38,67840.275216
-201.53733,27,67850.878878
-96.428832,22,67858.602056
-198.544726,26,67869.085473
-180.14217,31,67880.659348
-91.379776,16,67887.516116
-221.91628,25,67897.31331
-183.768316,31,67909.160609
-111.848864,22,67917.777709
-272.557637,18,67925.93456
-124.457749,21,67933.767268
-119.56357,23,67944.396873
-191.429847,19,67952.329259
-199.760773,24,67962.229547
-155.945821,31,67974.263044
-119.687426,23,67983.28962
-213.292135,27,67993.936856
-239.085697,22,68002.843899
-136.019293,27,68014.22738
-125.098646,17,68021.223244
-202.858067,24,68030.638739
-172.929921,30,68042.649561
-185.812824,22,68052.01467
-145.723022,22,68060.33849
-169.243635,19,68067.448325
-57.870731,40,68083.441588
-153.462088,26,68093.3541
-150.176251,22,68101.823045
-103.107679,29,68113.816103
-192.4068,27,68124.330731
-129.786072,28,68135.503941
-170.553236,26,68146.034411
-87.68369,19,68154.228884
-86.638954,25,68164.248037
-222.069343,20,68171.866145
-161.003763,29,68183.819755
-181.718719,22,68193.525642
-212.909976,34,68206.236058
-172.840199,29,68217.167924
-156.41282,29,68230.014632
-223.394511,20,68237.579038
-190.160467,28,68249.503009
-103.917324,22,68257.822243
-197.549961,27,68269.068415
-102.027267,28,68279.425606
-268.159723,15,68284.932757
-166.814318,31,68298.640438
-176.219421,25,68310.174339
-216.216162,18,68317.883441
-184.327016,24,68329.430352
-166.639823,20,68337.639137
-190.959285,19,68345.301464
-194.622327,24,68354.091257
-171.36381,27,68364.964257
-184.887551,23,68374.24146
-81.134175,28,68384.897827
-124.037971,32,68397.562516
-190.136207,21,68405.447706
-199.896698,29,68416.650667
-173.161246,30,68428.28741
-206.559771,20,68437.043289
-199.688726,27,68447.441406
-132.532585,28,68458.016735
-193.483408,20,68465.100991
-249.117387,19,68472.842877
-120.198355,35,68487.434394
-208.840518,26,68497.536784
-220.491822,20,68505.756693
-220.958641,21,68514.734394
-116.500885,21,68523.760352
-141.945028,29,68535.519332
-117.658644,19,68542.825113
-122.098039,27,68553.562027
-206.906698,32,68565.024765
-130.582323,30,68577.028389
-123.153714,37,68591.211929
-180.428055,23,68600.187832
-256.068327,15,68607.650433
-137.738326,27,68619.466084
-199.638328,31,68632.941296
-180.010767,31,68645.07858
-166.162931,23,68654.358755
-97.548669,41,68670.685967
-153.598561,28,68682.805449
-198.2378,20,68691.037444
-150.322412,25,68700.826108
-285.986668,23,68711.262099
-105.79652,28,68721.953553
-112.091569,29,68732.99517
-62.263939,30,68745.129193
-82.853203,31,68756.779491
-96.965552,28,68768.396957
-134.452997,28,68780.619965
-123.029377,40,68796.064823
-149.511112,27,68806.646046
-199.936325,23,68815.850526
-108.429957,28,68827.02848
-92.811208,33,68840.899703
-193.652092,22,68849.721195
-144.806648,31,68861.500489
-176.41678,33,68874.28457
-119.288484,19,68881.892421
-198.250461,22,68890.457078
-199.105727,25,68899.978795
-96.238333,29,68911.694318
-218.638488,29,68923.396925
-128.029095,22,68932.301626
-254.060723,19,68940.115466
-303.021339,33,68952.197627
-139.875858,27,68962.44364
-61.18605,35,68975.411999
-156.52434,22,68984.03291
-90.246853,27,68995.515853
-87.179196,45,69012.795742
-115.82205,26,69022.612567
-171.836517,33,69034.878866
-115.046877,35,69048.768993
-189.827037,21,69057.178252
-122.338796,30,69068.738633
-79.335575,31,69080.577393
-109.451292,25,69090.478721
-99.597456,30,69102.457246
-264.706197,33,69115.770916
-169.857865,17,69123.173753
-164.928087,30,69134.136097
-77.521983,28,69145.878067
-164.052291,34,69159.468476
-139.125113,29,69171.640404
-165.872822,25,69181.592104
-200.548072,27,69192.111482
-94.870053,26,69202.124505
-187.570081,29,69214.262839
-182.634689,29,69225.804139
-265.213051,30,69237.474741
-205.057931,21,69245.561094
-229.024588,23,69254.063535
-179.58823,24,69263.14971
-162.145864,30,69275.119739
-200.472792,27,69285.32699
-136.963073,23,69294.335614
-151.632707,21,69304.572924
-202.053963,14,69312.537195
-188.118453,24,69323.106314
-196.626388,20,69330.990586
-167.995554,29,69342.527529
-178.140747,19,69349.849785
-109.405648,31,69361.706943
-139.548336,16,69368.32931
-232.324746,23,69377.665525
-203.375816,16,69384.715725
-117.642106,16,69390.710443
-122.723901,29,69401.870388
-115.438118,36,69416.624162
-145.666354,26,69426.46968
-197.479409,18,69433.052789
-188.529003,33,69446.580937
-129.313021,27,69458.283088
-200.785369,22,69466.762145
-104.116981,19,69474.179748
-74.540225,36,69487.702962
-235.077511,18,69495.902919
-142.02141,25,69505.739048
-137.915704,28,69516.775871
-169.178863,28,69526.701678
-171.792251,23,69534.464759
-95.438631,29,69545.459878
-189.690123,24,69554.550028
-182.874477,21,69562.718646
-152.940416,30,69573.812954
-152.163736,25,69583.822438
-146.858462,23,69592.707998
-195.001306,20,69601.652005
-118.225606,33,69614.635863
-219.500387,18,69621.837864
-94.77112,23,69630.884879
-100.662917,27,69641.777512
-184.723755,20,69649.593503
-266.664861,19,69659.082613
-189.090286,22,69667.358495
-158.881114,27,69677.705647
-192.185593,34,69691.1692
-68.000203,31,69704.090204
-103.389539,21,69713.507988
-141.701029,23,69722.333665
-162.679335,22,69730.82249
-180.128851,32,69742.999935
-85.287248,32,69755.974711
-109.089471,20,69763.533764
-128.52663,43,69780.213348
-150.666608,31,69792.128074
-197.21016,28,69805.296676
-201.793503,24,69814.854332
-175.411228,28,69826.406798
-245.44698,26,69836.651376
-190.267399,13,69841.68997
-222.829413,18,69848.579141
-168.522162,25,69857.813477
-93.812179,39,69873.357008
-259.960223,18,69881.863361
-139.097855,31,69893.86262
-122.433246,24,69903.309222
-109.422853,17,70078.333078
-201.082626,35,70092.052965
-98.952858,20,70099.695242
-165.997981,32,70112.00823
-108.373428,29,70123.220858
-137.768882,18,70131.390547
-87.858612,30,70143.146727
-166.290621,33,70155.023261
-241.079624,19,70164.107481
-102.82332,22,70174.814509
-218.852835,18,70181.310849
-103.316259,21,70189.758113
-176.085288,24,70198.536824
-37.002491,46,70215.201882
-84.476386,28,70226.188106
-147.022639,23,70234.863872
-70.914479,33,70248.067131
-105.148019,41,70264.917846
-199.922729,19,70272.34547
-96.371999,25,70281.953275
-86.009193,28,70293.728786
-162.229715,29,70308.541617
-186.467329,18,70315.434475
-137.998055,29,70326.745718
-83.322929,25,70336.659722
-144.456395,31,70348.706068
-189.178088,30,70361.092971
-145.623008,26,70371.664515
-133.258778,35,70385.099293
-184.410541,24,70394.365943
-168.016551,19,70402.174688
-121.717728,33,70415.607246
-87.36572,39,70430.750436
-189.334892,30,70442.24623
-106.514185,29,70452.658222
-127.819385,29,70463.961276
-105.707706,23,70472.448875
-68.632536,29,70485.104088
-108.07063,27,70495.338255
-179.721168,23,70504.349626
-175.40707,23,70514.042318
-152.9103,25,70523.516931
-153.864494,22,70533.668813
-76.882193,31,70546.044927
-101.160865,24,70555.130857
-117.302376,26,70564.816323
-181.698631,22,70573.41634
-94.920438,38,70587.997304
-108.46125,32,70600.438834
-201.883684,26,70611.005013
-119.208441,22,70620.320252
-156.819529,33,70633.205875
-176.785576,36,70647.662458
-190.356323,22,70656.098948
-213.704836,20,70663.937901
-72.372106,37,70679.417727
-166.83712,19,70686.7527
-106.793701,32,70699.947193
-229.023314,16,70708.893064
-80.43207,31,70720.945695
-81.779265,33,70733.828813
-62.43578,34,70746.525771
-102.621634,32,70759.126117
-77.675727,28,70770.161108
-184.756411,22,70779.01834
-107.488655,27,70789.339526
-154.88472,24,70798.601288
-184.239765,21,70806.724927
-80.80572,24,70816.662436
-116.261642,35,70830.505002
-96.09842,26,70841.985594
-148.151392,23,70849.961499
-213.736546,24,70859.111594
-173.369936,28,70870.054773
-261.342753,22,70879.374119
-124.759294,36,70895.229977
-198.316835,30,70908.727398
-207.337445,35,70922.601751
-156.41899,25,70932.028131
-153.817702,29,70945.41619
-225.008688,19,70953.878839
-76.17468,34,70967.310443
-235.464367,19,70974.376806
-157.678007,23,70983.670351
-186.933501,23,70992.246824
-296.962843,14,70997.107084
-102.726137,31,71009.406115
-108.990579,36,71021.460626
-254.722781,20,71030.449619
-235.947508,21,71038.598719
-126.829752,26,71050.864539
-131.910576,34,71064.9467
-89.346032,44,71082.579047
-68.790628,31,71095.002429
-252.661685,22,71103.535191
-93.60003,26,71114.047225
-57.432029,39,71129.04422
-140.038876,27,71139.520214
-99.992112,22,71148.81482
-162.253831,28,71160.682415
-104.397191,25,71170.52684
-180.316225,30,71182.006957
-136.662388,41,71198.463304
-63.722848,38,71213.454484
-176.26313,25,71224.607671
-186.820599,22,71233.059933
-121.969161,32,71245.967951
-97.965549,20,71254.29439
-100.855634,33,71267.577957
-240.544925,17,71276.00838
-267.268317,20,71283.97394
-173.852755,23,71292.050528
-214.850453,22,71301.240816
-153.056348,25,71311.923264
-136.557378,25,71321.573718
-171.784452,31,71333.679419
-138.468157,21,71343.079746
-138.134084,27,71353.331209
-87.893897,30,71364.469807
-102.748761,30,71375.228204
-123.220795,20,71383.660489
-214.818413,21,71392.692916
-221.418408,24,71403.805517
-88.463428,25,71413.765672
-130.98285,29,71425.953828
-205.115512,19,71433.736344
-98.935205,28,71444.519797
-166.951075,24,71454.445158
-72.19822,28,71465.327935
-152.500558,29,71476.434048
-84.254917,29,71487.429137
-212.336746,20,71495.294867
-137.402256,29,71506.718023
-107.850589,21,71514.697315
-195.237984,25,71524.992293
-199.276517,29,71536.02864
-167.879277,22,71545.094694
-214.19818,26,71555.858016
-137.407018,18,71563.114311
-97.996246,35,71577.044645
-114.141066,23,71586.220536
-152.208748,21,71594.785429
-224.463737,22,71603.861091
-119.306576,26,71614.157265
-142.339379,28,71624.925045
-196.957268,20,71632.704793
-210.133036,23,71641.30928
-243.266992,22,71649.635383
-242.08906,20,71657.845767
-207.595261,16,71664.200511
-217.878507,24,71673.525649
-125.604498,29,71684.84471
-155.096814,26,71694.794357
-90.59982,27,71704.897109
-75.85269,33,71718.180768
-138.168011,19,71725.132616
-189.748999,20,71732.928439
-147.148272,33,71745.825288
-135.259239,28,71756.620542
-108.611877,33,71769.7967
-112.619285,20,71777.076547
-175.70017,31,71789.40168
-100.182624,25,71798.940484
-132.656774,29,71810.752835
-179.467039,28,71822.092094
-181.501258,27,71833.073059
-230.236354,16,71839.742476
-132.195992,30,71851.272725
-115.799659,35,71864.635347
-163.928012,28,71875.683954
-228.50996,18,71883.542387
-103.619087,34,71896.681089
-82.933539,33,71910.132112
-138.058716,26,71920.475712
-114.804981,32,71933.591567
-240.886038,22,71941.895154
-211.568846,26,71951.72282
-135.77568,32,71964.918621
-178.048136,27,71975.353877
-167.667524,17,71982.189678
-248.199098,18,71989.780172
-199.609012,27,72001.022502
-73.381874,37,72014.743226
-160.291868,30,72026.456203
-71.282092,42,72041.770333
-162.400778,27,72053.033464
-123.062519,29,72063.324618
-94.841071,24,72074.886735
-224.38011,21,72083.356431
-167.192412,26,72094.403131
-97.309907,24,72105.051991
-124.417368,21,72113.174459
-180.192972,23,72122.430147
-220.579038,29,72134.313151
-69.187179,37,72149.550151
-143.900424,20,72157.451139
-135.397313,23,72166.187416
-188.151465,22,72174.777927
-190.555527,24,72183.925179
-93.512027,28,72194.364343
-193.357094,20,72202.146156
-151.734954,16,72208.81518
-64.956616,45,72226.28213
-180.328421,31,72238.966929
-113.322659,36,72252.840771
-97.659037,24,72261.894455
-114.935902,27,72271.612808
-205.530824,21,72279.680273
-142.699067,22,72288.033365
-110.906642,26,72299.950523
-141.730896,23,72310.276821
-77.701221,30,72324.503702
-80.766548,35,72341.525067
-171.890067,24,72350.423764
-159.358779,28,72361.181522
-199.513033,22,72370.774452
-120.038742,22,72379.886732
-77.030419,33,72392.497904
-123.364339,38,72408.01588
-271.880769,12,72413.556161
-151.184342,29,72425.621593
-172.498061,25,72435.180827
-119.494034,36,72449.7103
-114.891609,20,72457.637436
-82.458899,37,72472.351331
-107.492225,26,72482.218463
-79.173471,31,72495.029477
-172.11388,30,72506.903084
-177.735212,28,72518.131996
-150.27517,26,72527.942275
-112.496247,34,72540.955565
-152.676669,30,72552.86002
-176.90574,24,72562.383864
-131.712372,34,72575.954173
-169.148462,27,72587.246702
-103.457725,24,72596.848346
-168.137442,20,72604.552436
-105.559977,24,72613.717601
-214.651013,21,72621.906294
-144.723709,19,72629.290729
-131.140147,25,72639.441445
-228.220473,26,72649.68048
-121.873971,23,72659.257224
-227.407047,24,72669.762368
-86.695734,26,72679.677216
-124.532651,24,72688.998655
-102.206151,26,72698.948622
-104.857005,11,72703.071601
-159.267544,27,72714.052171
-88.873164,28,72724.72481
-82.77718,28,72735.472999
-186.902058,34,72748.980423
-192.914326,36,72762.834969
-90.41728,21,72772.123065
-183.156552,23,72780.762263
-223.709738,18,72788.019042
-119.035204,33,72801.817935
-213.416447,18,72808.168534
-126.517599,24,72817.622406
-160.971111,29,72829.494091
-121.852591,22,72838.187167
-125.597526,26,72847.999329
-104.399184,24,72857.258237
-77.972094,22,72865.286307
-140.076099,26,72875.146609
-156.290743,27,72885.667408
-174.436233,21,72893.570593
-88.21305,28,72904.605817
-70.365424,39,72920.190206
-82.892655,41,72937.462021
-163.111394,25,72947.213435
-61.954307,36,72961.373914
-182.010605,24,72971.335789
-190.352919,25,72981.777395
-102.543586,30,72994.498847
-197.846035,21,73002.837487
-153.516383,28,73014.443863
-206.518617,27,73024.859957
-217.101972,23,73033.154061
-169.258081,22,73042.106458
-215.64338,19,73049.761733
-83.058388,28,73060.39201
-101.128805,24,73071.920027
-155.360064,33,73084.866902
-139.682027,32,73097.331167
-125.438858,27,73107.358243
-239.409037,22,73115.627266
-143.908498,24,73125.694136
-98.960824,27,73136.062011
-104.303735,29,73147.798121
-85.75267,30,73158.668329
-91.528877,44,73176.082959
-133.377533,30,73188.06061
-117.272844,26,73198.471421
-103.867823,11,73202.584549
-106.425606,20,73210.977899
-199.644327,23,73219.598247
-91.724399,37,73234.442569
-183.324763,29,73245.57575
-132.303472,25,73255.140299
-119.188197,25,73265.782067
-158.368932,26,73275.430243
-141.764572,25,73285.010755
-165.444442,26,73295.256648
-147.836163,31,73307.556204
-104.358415,29,73318.598839
-83.493316,28,73329.25713
-111.980225,39,73344.768953
-123.87555,23,73355.368927
-223.227793,19,73362.491958
-144.453149,25,73372.493915
-145.683689,25,73382.408002
-121.014306,27,73393.240593
-165.946976,23,73590.245831
-179.635411,27,73600.048381
-135.37827,27,73610.422132
-101.199009,27,73621.38254
-128.596108,45,73639.812428
-101.701625,29,73652.957201
-72.224396,44,73669.65472
-192.088996,23,73678.574553
-148.24943,32,73691.556277
-109.430291,31,73703.483071
-161.893414,26,73713.721179
-104.632338,32,73726.025931
-79.648623,28,73736.390903
-117.382988,27,73746.794034
-109.235754,37,73761.527256
-135.727285,19,73769.120165
-148.017798,24,73778.895798
-120.601542,22,73787.454219
-156.754291,20,73795.008733
-121.414084,21,73803.206024
-118.946286,29,73813.918269
-146.576116,30,73825.696385
-194.161054,24,73835.222516
-177.560492,34,73848.651573
-171.218654,22,73857.970422
-159.484901,25,73867.479014
-160.412396,30,73878.853857
-189.538691,22,73887.692156
-136.907059,31,73899.440354
-137.699131,27,73909.826736
-196.133162,31,73921.053934
-160.772784,30,73935.149774
-101.841298,19,73944.356495
-177.758592,30,73957.566347
-109.384784,15,73963.537092
-159.571472,27,73973.808533
-100.416034,28,73984.598849
-164.68148,26,73995.525339
-108.550183,38,74010.290773
-214.040336,20,74018.597865
-128.266895,32,74031.799161
-216.362494,27,74042.683927
-116.710964,32,74055.423792
-86.810436,26,74065.205241
-184.91537,23,74074.474597
-109.022362,34,74087.68279
-188.945199,27,74098.068546
-188.796863,24,74108.293725
-207.261498,22,74118.762845
-135.38831,32,74131.061441
-141.419406,32,74143.270383
-100.91333,39,74159.329382
-177.568399,30,74171.227167
-113.944254,29,74182.552535
-92.321313,29,74193.17442
-177.888663,27,74202.172901
-158.329435,23,74209.619887
-137.961638,30,74220.58633
-284.172866,16,74226.596436
-109.862924,32,74237.318317
-184.277647,33,74247.923478
-180.280248,34,74259.236085
-82.455031,34,74270.558833
-177.233178,28,74279.63471
-106.926148,29,74289.157011
-147.317592,32,74299.475324
-208.769584,24,74308.52272
-135.330825,29,74317.666856
-171.690432,26,74326.202252
-197.557036,26,74334.397844
-153.722377,31,74344.494652
-195.161237,33,74355.135211
-248.854952,26,74363.851734
-217.637908,24,74371.997093
-89.703854,29,74381.631822
-105.893702,24,74389.355318
-108.57062,21,74396.942296
-189.529591,21,74403.708365
-187.176095,27,74413.202304
-156.066517,36,74424.759622
-119.46918,34,74435.605383
-87.67565,47,74450.83958
-206.467969,17,74457.636695
-117.469586,25,74465.602005
-151.144997,35,74477.488119
-134.068322,30,74487.582675
-123.554421,26,74496.348315
-120.353345,23,74503.521637
-149.429171,35,74515.110047
-84.506703,36,74527.619165
-180.390098,21,74535.570538
-198.502375,26,74545.513296
-110.524477,32,74555.881104
-221.276231,24,74563.701727
-102.300528,27,74572.668382
-101.277787,31,74582.306638
-180.743726,20,74589.686324
-100.769443,28,74598.904357
-62.134762,37,74611.499563
-132.333892,25,74619.752855
-90.232989,25,74627.425193
-110.113324,39,74639.618472
-107.211156,27,74648.556721
-195.443561,26,74657.423085
-128.015725,26,74665.865052
-163.455412,25,74673.823663
-142.438559,26,74682.31866
-142.53114,22,74689.52172
-171.945877,25,74698.545026
-91.028868,38,74711.618927
-127.407831,24,74719.596406
-91.610607,40,74733.710002
-115.237944,26,74742.253014
-84.788037,25,74750.147826
-190.000149,25,74758.401963
-84.585358,32,74768.906823
-138.58816,47,74784.341596
-189.623557,29,74793.538352
-94.996442,28,74802.62147
-124.770595,26,74811.257788
-114.496852,28,74820.364893
-153.392038,31,74831.201494
-110.251715,30,74840.974444
-119.090141,32,74851.214078
-229.44838,26,74860.930115
-156.715291,28,74870.258
-218.209706,23,74877.518554
-272.165842,18,74884.119389
-243.639713,22,74891.433942
-77.739906,32,74901.870828
-114.913531,27,74910.496517
-92.701105,29,74919.920786
-162.854525,30,74929.568637
-129.067828,33,74940.884233
-117.35439,31,74951.365704
-91.20554,23,74959.290236
-153.281794,29,74968.322019
-245.184529,20,74975.812729
-266.382388,18,74981.74465
-107.681796,32,74992.265305
-77.499474,33,75003.028763
-169.203362,25,75011.317885
-145.270638,31,75021.384326
-192.25239,31,75031.62524
-106.668797,26,75040.839791
-106.36438,25,75049.250721
-102.196627,28,75058.137842
-171.133336,35,75070.089154
-165.43407,23,75077.477737
-98.954168,23,75084.948185
-106.241558,27,75093.681799
-124.259524,34,75104.644955
-63.025036,28,75113.736433
-118.504671,26,75122.106228
-92.335281,47,75137.534562
-197.135215,32,75147.5862
-102.449831,19,75153.455327
-76.873371,28,75162.780503
-101.91656,30,75172.47401
-101.813272,24,75180.50604
-155.075766,26,75189.175399
-190.906253,23,75196.595742
-126.803634,30,75206.39364
-155.028412,25,75214.717153
-248.267255,23,75222.488757
-89.49823,29,75231.89465
-50.84346,39,75244.596985
-173.795869,23,75252.304302
-93.01297,24,75260.479086
-182.584985,26,75268.93476
-85.083525,33,75279.423067
-157.07613,34,75291.079782
-83.518689,28,75300.550689
-151.241343,33,75312.211445
-131.88782,23,75319.738594
-87.879559,34,75330.660074
-158.081859,24,75339.435039
-37.969104,58,75358.343064
-196.608079,28,75367.330144
-272.55289,29,75377.785979
-177.150314,31,75388.023397
-126.687274,32,75398.285625
-54.005553,36,75409.922233
-133.103722,36,75421.546072
-47.311388,36,75433.461526
-196.389266,28,75443.303807
-96.111395,34,75454.442219
-143.048693,26,75462.703685
-261.810674,35,75475.056873
-164.926693,26,75483.3998
-239.52869,19,75490.321502
-54.499021,38,75503.217318
-185.25489,29,75513.630472
-122.499772,18,75519.331128
-135.449695,29,75528.496446
-211.107311,25,75536.484456
-103.211232,30,75546.634173
-121.263686,25,75554.692525
-176.730295,20,75561.514757
-151.965911,30,75571.478968
-145.719417,32,75582.083579
-178.990229,24,75591.129048
-126.474316,21,75598.028133
-91.767874,35,75609.637545
-143.360133,28,75619.068819
-109.317561,29,75628.705814
-97.863018,37,75640.951709
-66.820609,48,75656.507105
-92.310047,21,75663.551068
-87.484283,34,75674.87794
-163.064745,27,75683.390092
-147.438063,26,75692.770304
-220.947414,21,75700.817267
-84.249465,42,75714.683131
-188.04412,25,75722.874647
-102.935732,29,75732.293998
-109.979425,22,75739.386919
-66.210182,35,75750.845942
-149.81596,31,75761.372864
-255.574918,18,75767.59714
-142.454452,35,75778.74054
-190.296484,27,75787.762302
-262.142209,20,75795.450726
-85.269351,34,75806.578072
-205.762276,20,75813.939974
-85.142064,41,75827.306637
-110.355611,43,75841.152844
-171.010579,19,75846.864553
-196.407598,20,75855.808447
-194.074268,18,75862.296343
-172.908746,23,75870.545076
-100.829507,26,75878.973799
-244.487437,24,75887.088294
-146.195115,18,75893.204487
-118.284749,30,75902.884052
-348.497913,24,75910.335745
-222.487373,34,75921.790827
-165.951366,22,75929.066472
-124.945043,27,75937.853172
-152.12764,27,75946.470151
-144.313341,24,75954.489821
-81.216203,39,75967.135198
-93.030096,18,75972.965322
-60.326342,30,75982.429937
-116.536389,32,75992.707509
-162.597517,25,76001.552046
-104.783991,26,76009.866613
-179.985873,24,76018.389868
-111.798582,37,76030.102695
-159.718168,38,76045.854481
-99.190423,32,76056.309108
-96.934904,39,76068.754192
-120.42124,19,76075.014475
-94.535166,33,76085.331517
-200.779256,31,76095.775263
-98.110624,38,76108.117972
-89.401183,27,76117.120538
-144.731415,39,76130.050324
-102.426693,23,76137.874354
-84.615296,35,76148.950003
-140.197504,30,76159.284097
-178.504739,18,76165.225121
-90.676047,46,76180.171252
-182.78908,23,76187.387418
-120.032764,29,76196.545802
-154.485864,23,76204.35803
-241.643755,21,76211.200124
-120.388986,30,76220.668586
-117.409787,29,76230.039002
-59.368395,42,76243.765382
-161.837005,22,76250.946353
-129.768664,30,76260.468019
-64.120475,39,76273.296818
-164.956211,34,76284.516686
-134.503497,31,76296.535185
-82.833189,31,76306.421856
-101.78135,33,76317.066376
-146.70107,29,76327.520107
-87.988773,26,76336.535459
-106.704602,28,76346.161309
-108.932122,30,76355.88148
-85.854848,28,76364.785007
-147.357112,22,76371.560308
-154.085344,36,76383.10035
-132.532755,31,76393.86899
-100.909096,15,76399.267807
-108.849872,32,76409.388783
-88.005506,31,76419.297895
-131.809142,31,76429.384709
-175.254984,29,76438.962857
-148.007521,29,76448.765526
-76.973577,32,76621.93598
-111.871293,24,76630.057409
-120.370812,43,76644.135546
-86.338481,34,76655.225643
-148.559218,41,76668.922598
-252.989447,10,76673.176834
-119.656848,14,76677.860463
-161.703568,29,76687.191435
-130.159735,25,76695.239605
-112.341762,26,76703.196134
-175.559631,29,76713.263187
-197.071779,21,76720.213944
-121.911201,25,76728.176833
-114.459669,32,76738.772558
-111.986097,29,76748.364229
-113.463085,24,76756.320154
-192.323608,26,76765.179704
-141.976116,27,76773.744063
-178.434067,32,76783.830397
-235.498788,24,76792.149217
-195.997983,22,76799.259288
-117.893268,43,76813.180434
-115.673704,28,76822.175178
-219.584477,28,76831.20998
-70.52446,29,76840.741189
-161.038021,27,76849.746334
-119.343311,24,76857.709548
-63.333239,35,76869.831696
-98.998853,28,76878.779011
-35.263518,42,76892.182742
-57.0338,33,76902.588191
-96.256927,41,76916.031417
-122.760685,38,76928.682202
-117.488775,34,76940.041044
-76.576526,32,76950.44491
-126.959274,26,76959.134237
-83.942643,32,76969.471959
-150.258495,28,76978.672655
-174.101608,28,76987.982303
-80.706943,41,77001.620988
-110.933473,32,77011.647446
-111.713417,33,77022.208516
-118.953693,35,77033.966779
-128.617658,31,77043.827711
-159.421182,29,77054.113207
-91.751989,44,77068.716907
-126.803851,27,77077.384674
-47.117579,37,77089.422264
-85.057339,33,77100.209052
-114.111284,43,77116.586738
-87.363847,29,77126.409923
-100.548731,27,77135.41237
-155.522738,28,77145.187091
-144.223226,35,77157.201025
-65.677773,46,77172.56255
-266.6557,22,77179.766149
-110.720527,36,77191.458317
-93.856864,27,77200.39894
-92.420473,27,77208.783648
-190.635359,22,77216.077092
-109.788045,33,77227.536848
-98.907502,29,77237.000404
-28.038387,49,77253.0318
-59.430538,41,77266.274405
-139.428399,20,77272.937663
-157.339076,21,77280.032795
-120.51403,31,77291.024849
-113.077275,29,77300.759148
-51.937749,42,77314.127703
-95.294522,30,77323.883428
-138.130533,38,77336.543915
-157.623987,31,77346.687064
-258.532022,21,77353.638312
-117.765036,39,77366.877625
-52.103634,35,77378.044443
-76.166858,21,77385.708559
-216.563969,23,77393.034237
-103.533631,30,77402.813002
-81.506606,38,77415.984416
-102.18089,24,77423.820974
-152.28249,35,77435.955299
-108.583496,32,77445.935747
-71.553228,34,77456.732358
-115.901268,44,77471.50822
-137.545334,31,77482.089962
-150.546004,30,77492.134533
-127.926749,34,77503.21302
-127.933127,27,77511.808376
-158.171412,25,77520.151529
-128.303466,42,77533.694647
-93.054765,29,77543.349844
-135.300871,28,77553.478139
-112.3767,27,77562.151474
-143.738494,30,77571.842419
-115.069908,35,77582.970949
-123.421,36,77594.949259
-103.278871,37,77606.899217
-174.666457,25,77615.507072
-240.67468,18,77622.697365
-70.423205,33,77633.171937
-139.759772,35,77644.15939
-169.543673,26,77653.314667
-135.998265,22,77660.936354
-108.4786,39,77674.316976
-125.980913,36,77685.521669
-78.079278,36,77697.259869
-144.711406,27,77705.89096
-139.328394,23,77713.643058
-113.134818,35,77724.734253
-140.10093,33,77735.401025
-168.070002,33,77746.164923
-38.421148,41,77759.542429
-159.505316,25,77767.560978
-120.117315,26,77776.111411
-69.347674,31,77786.327955
-84.119572,30,77796.695242
-116.033238,26,77805.086115
-61.923749,40,77818.361772
-154.459881,30,77828.384426
-175.074501,35,77840.119208
-185.368417,21,77847.2465
-112.481887,32,77857.262367
-83.834743,39,77869.927791
-165.351301,31,77881.567862
-174.508337,19,77888.034758
-135.477153,27,77897.267951
-77.458919,39,77910.161864
-51.088199,44,77924.700862
-116.327237,33,77935.427991
-201.041153,25,77943.302101
-100.781026,29,77953.864006
-171.336501,30,77963.686334
-83.666687,32,77974.29267
-124.0602,30,77989.385128
-162.655607,26,78002.346904
-123.764776,28,78012.752021
-111.114554,21,78020.695914
-169.434069,21,78030.315671
-45.224596,50,78050.742982
-147.143392,23,78059.024434
-150.706774,25,78068.641009
-69.760033,28,78078.304739
-128.852018,30,78088.817079
-78.750332,39,78101.24059
-65.751962,28,78111.361035
-110.298597,25,78119.719904
-93.547768,25,78128.052559
-88.745843,24,78135.947297
-211.44998,21,78142.786844
-153.852515,22,78150.186732
-220.970923,23,78158.010959
-161.310963,17,78163.957669
-98.85891,36,78175.482015
-105.851887,32,78186.397628
-87.126571,31,78197.011703
-130.765892,36,78208.920986
-144.723224,25,78217.422843
-101.61004,23,78225.062422
-106.511231,30,78234.800896
-141.62775,28,78243.927743
-122.395744,40,78258.159065
-96.948489,33,78269.784735
-147.444261,36,78281.442977
-215.33959,23,78289.942613
-166.572457,24,78297.813073
-169.41015,31,78309.106313
-90.781102,29,78319.069828
-181.276096,24,78326.927443
-51.876194,44,78341.413736
-154.87006,26,78350.6103
-129.689826,31,78361.101092
-83.418037,33,78372.052509
-106.934561,44,78386.339398
-114.214369,30,78397.002434
-84.133944,34,78408.509519
-98.460971,25,78417.041583
-102.44388,28,78425.986441
-125.78155,24,78434.079269
-229.666024,24,78441.714859
-75.321187,34,78452.877254
-125.012512,32,78463.635661
-152.227891,29,78473.251125
-117.316593,26,78482.213161
-104.438723,47,78497.50499
-121.820476,36,78508.948391
-59.095996,35,78520.116297
-145.464845,27,78529.590389
-188.065719,20,78535.97735
-54.735299,42,78549.387479
-140.599205,25,78557.976159
-96.419121,28,78566.864022
-74.40426,32,78577.448443
-187.024281,29,78587.394172
-83.114682,30,78597.02391
-165.279072,16,78602.237971
-64.043566,34,78613.208502
-67.395679,39,78626.47943
-204.013234,22,78633.218241
-132.706099,28,78641.808243
-194.489644,24,78649.632485
-83.252919,26,78658.060732
-47.906489,42,78671.860478
-132.370134,29,78681.551148
8.10783,59,78700.607424
-125.378052,30,78710.489724
-175.475662,23,78718.158543
-105.841254,33,78728.751628
-159.318088,26,78737.467878
-136.131543,41,78750.41803
-148.484067,19,78757.115671
-140.853609,29,78767.307
-293.084558,24,78775.664531
-85.336701,37,78787.529592
-58.539643,38,78800.131481
-47.544519,45,78814.566261
-160.874726,27,78823.034248
-205.16618,35,78834.434792
-154.240175,30,78844.232476
-278.141495,24,78852.312309
-161.04729,31,78862.999177
-114.707292,37,78875.125665
-120.242959,35,78886.397321
-73.932887,42,78900.190152
-81.475091,31,78910.027421
-86.609308,30,78919.76793
-203.301769,29,78928.949529
-169.744461,24,78936.793032
-85.355498,22,78943.554263
-143.287381,27,78952.702825
-69.550158,39,78965.327906
-137.569492,30,78975.42499
-115.887021,31,78985.418043
-88.964394,40,78998.656734
-177.669587,36,79010.222944
-142.203539,27,79019.28207
-122.039716,30,79028.945132
-104.71198,39,79041.862338
-70.151543,33,79052.245508
-112.821842,29,79061.767293
-122.506424,39,79074.325397
-113.836259,29,79084.641277
-134.557029,33,79095.679812
-69.80383,29,79105.248288
-111.708364,26,79113.322131
-102.945879,28,79123.521759
-170.082548,35,79135.066764
-96.695357,21,79141.932278
-92.434616,28,79151.272482
-65.222616,40,79164.179002
-60.44017,42,79177.958459
-83.98851,30,79188.113474
-176.028967,23,79195.412134
-125.558919,31,79205.074909
-160.415474,31,79215.804071
-109.272543,33,79226.51312
-129.386428,31,79236.24599
20.4457,66,79257.967438
-139.542365,31,79268.313519
-110.483889,25,79276.547919
-81.800187,33,79286.910731
-41.054211,36,79298.700559
-120.686345,28,79307.569068
-120.053359,28,79316.508089
-93.156115,31,79326.657071
-103.528949,26,79335.224741
-41.156592,41,79348.86697
-76.840113,37,79360.863388
-135.769315,35,79372.090579
-74.816109,39,79384.099133
-105.992544,31,79394.41216
-85.534092,41,79577.915773
-122.360074,27,79586.994612
-141.062186,35,79597.95468
-63.741795,31,79608.158508
-85.164869,31,79618.772326
-101.372045,29,79628.535929
-45.569849,39,79641.602508
-213.318085,34,79652.586438
-16.458311,54,79670.294302
-158.882293,32,79680.207179
-80.657338,34,79691.391121
-116.7699,22,79698.226502
-182.787504,24,79705.992868
-153.023934,31,79716.732961
-101.922832,35,79727.895248
-125.186173,29,79737.956614
-110.566191,27,79746.665398
-57.534089,34,79758.189727
-164.189962,28,79767.30251
-97.102425,39,79779.769972
-136.824964,32,79790.290067
-132.296903,28,79799.051441
-85.405594,43,79813.510976
-65.495221,32,79823.587662
-193.939849,18,79829.76307
-172.385673,23,79837.479182
-100.124622,36,79849.694903
-167.731198,25,79857.844411
-67.810617,26,79866.524137
-35.710072,57,79885.077411
-89.791781,31,79894.981606
-93.233798,26,79903.607739
-110.421145,36,79915.361345
-188.256489,29,79925.075891
-81.381431,27,79933.691772
-116.671323,34,79944.437157
-87.98936,44,79958.408841
-127.63119,29,79967.801763
-186.16093,27,79977.835321
-68.272826,24,79985.699664
-105.046607,33,79996.937821
-78.403873,35,80008.647637
-211.175599,23,80016.146367
-93.397919,35,80028.262499
-107.983499,37,80040.527819
-126.233819,24,80048.894539
-62.275316,31,80060.604482
-161.15413,28,80070.184988
-111.99646,9,80073.127464
-75.958403,47,80088.41263
-158.780381,29,80097.746122
-136.633532,31,80107.516721
-143.400514,27,80116.642276
-70.686978,35,80127.7315
-161.314682,28,80137.109041
-187.73961,26,80145.628131
-179.575667,28,80155.221901
-95.821733,32,80165.681715
-70.570279,28,80174.923098
-172.384987,19,80181.487609
-97.377559,26,80190.404166
-87.531592,32,80200.90899
-145.404429,28,80210.131196
-135.192558,22,80217.274606
-158.404378,25,80225.381038
-72.897968,61,80245.426052
-107.565376,24,80252.868883
-106.267017,17,80258.652953
-158.67468,29,80268.124108
-108.379405,36,80279.79406
-103.009767,35,80291.008844
-135.181873,35,80302.436878
-75.603901,44,80316.677857
-210.531111,25,80325.011631
-162.475745,31,80334.95756
-101.553328,30,80344.818711
-147.593643,29,80355.403442
-117.816039,30,80365.502795
-126.006752,28,80375.778286
-61.362535,37,80388.123352
-104.034605,32,80398.535744
-187.572304,22,80405.653011
-98.174311,32,80416.789184
-89.30115,36,80429.489809
-33.038459,48,80444.06668
-71.783265,30,80454.00447
-71.906504,36,80465.614268
-172.331173,30,80475.404834
-54.303544,38,80488.202014
-69.995377,33,80498.769761
-145.28799,29,80508.000194
-33.643144,40,80520.933578
-25.999165,44,80535.361498
-118.575397,42,80548.986089
-92.856298,30,80558.325166
-91.797935,38,80570.260105
-64.559378,34,80582.077977
-188.272486,27,80590.89595
-104.717009,33,80601.565541
-71.865554,31,80612.418826
-93.041372,39,80627.377052
-179.926186,28,80637.062752
-66.036443,42,80651.692897
-141.437925,39,80664.635849
-80.419452,31,80674.985434
-111.341232,33,80685.786826
-113.42021,31,80695.771397
-116.695022,39,80708.525891
-175.617569,30,80718.448575
-78.994469,36,80729.883255
-82.590876,29,80739.496554
-147.380841,26,80748.04197
-151.798456,26,80756.188591
-97.497267,36,80768.334589
-76.810615,22,80775.790211
-95.535571,28,80784.732256
-201.227146,25,80793.230939
-78.144814,28,80802.441021
-94.260553,34,80813.10867
-111.010804,30,80823.043556
-89.193996,31,80833.124379
-117.634804,22,80840.406408
-131.72622,30,80849.935294
-114.295868,30,80859.363573
-88.566526,39,80872.091603
-133.003177,30,80881.900877
-177.782485,16,80887.236066
-116.698084,24,80895.224724
-70.192858,40,80907.836433
-113.424591,36,80919.941061
-69.850006,32,80929.947974
-59.443607,30,80939.712548
-88.636232,30,80949.778206
-87.756598,42,80963.386004
-80.86293,32,80973.673478
-68.383025,40,80986.597971
-100.96719,40,80999.969914
-85.173056,39,81012.968848
-106.49205,23,81020.684047
-121.52362,28,81029.715231
-103.502088,31,81040.447209
-170.832834,24,81048.641511
-112.433351,36,81060.349215
-124.441254,22,81067.800038
-97.810308,43,81082.473978
-83.618263,38,81094.51124
-134.48512,29,81104.240758
-246.63533,11,81107.663402
-121.845526,28,81116.943309
-85.877778,34,81127.877182
-99.205462,30,81137.819244
-61.697545,35,81148.985616
-66.868277,35,81160.936191
-171.427774,26,81169.599614
-98.939988,41,81183.012983
-104.137032,32,81193.497777
-160.069128,30,81203.228565
-129.253392,34,81214.582765
-59.225983,47,81230.296833
-62.253163,44,81244.884753
-161.02415,33,81256.603404
-62.656583,32,81267.383397
-152.965582,32,81277.991087
-111.126623,26,81286.898765
-76.185523,29,81296.432556
-68.588309,41,81309.735958
-154.160443,28,81319.099507
-36.244612,45,81333.45073
-78.874786,33,81344.217134
-181.801184,24,81352.052434
-53.056028,49,81367.996653
-71.811407,31,81378.10274
-96.711263,33,81389.190648
-79.537662,35,81400.542289
-67.525756,35,81412.080638
-90.55164,38,81425.075497
-141.143454,23,81432.95927
-68.770973,32,81443.449164
-120.904766,37,81455.34907
-102.853598,33,81466.186942
-57.678865,33,81477.173598
-135.264583,29,81486.415972
-92.418808,43,81500.284759
-97.782754,38,81512.511679
-128.765276,26,81520.930778
-149.13848,35,81532.562329
-78.226048,28,81541.813733
-142.384002,38,81554.978741
-94.250766,29,81564.454315
-178.019272,26,81573.117042
-220.419011,27,81581.980229
-96.127725,37,81594.176346
-197.890261,28,81602.985397
-168.065309,27,81611.895496
-92.843483,31,81622.056246
-42.104537,47,81637.092853
-125.042462,23,81644.870852
-87.710485,43,81658.724949
-126.667,34,81669.620493
-129.958753,44,81684.265175
-138.205626,36,81695.716267
-146.267926,44,81709.579543
-88.992384,33,81720.520022
-159.564676,23,81728.130956
-123.424843,42,81741.730128
-61.37712,54,81759.724602
-52.555002,36,81771.264025
-136.471473,35,81782.480054
-79.816013,28,81792.022668
-123.166606,37,81803.611215
-96.209968,25,81811.892629
-159.214815,40,81824.715398
-83.947617,32,81836.546893
-179.876933,21,81843.157398
-126.996187,30,81853.709953
-67.905786,36,81865.563814
-144.563073,34,81878.744507
-47.223813,47,81894.441632
-53.487367,34,81905.467446
-86.15233,29,81915.182322
-82.266605,38,81927.435224
-80.534062,38,81939.65873
-161.871292,24,81947.635913
-58.685531,36,81959.182691
-98.552806,37,81971.145058
-66.07954,46,81986.217849
-85.755814,25,81994.653049
-36.311555,47,82009.573755
-106.633961,44,82023.299471
-97.376643,33,82035.502818
-69.070557,32,82045.849071
-75.991553,41,82058.735207
-262.513655,19,82065.187574
-94.801709,37,82077.322324
-179.458301,28,82086.271942
-147.907732,40,82099.652966
9.199993,66,82120.882674
-143.541564,28,82129.589441
-86.887488,34,82140.546643
-54.26472,49,82156.784641
-148.469435,34,82167.825226
-57.483292,37,82179.902698
-27.452403,48,82195.595522
-67.57367,39,82207.890305
-216.924486,21,82217.092235
-122.306082,34,82227.840487
-90.387456,22,82234.661114
-78.855649,50,82251.603998
-61.639609,36,82263.377482
-47.362435,38,82275.518861
-115.084778,28,82284.682283
-63.484527,35,82296.231939
-36.042363,45,82310.61983
-71.767901,26,82516.822598
-141.756491,28,82526.206166
-101.411566,32,82537.037268
-78.921846,42,82551.194628
-128.014,36,82563.144727
-96.034475,28,82571.956504
-91.818784,34,82582.85189
-117.915849,36,82595.072066
-55.63953,33,82605.918138
-117.835496,30,82616.079359
-91.634034,35,82628.1344
-126.660054,31,82638.933281
-147.473943,29,82648.534805
-128.349212,34,82659.538507
-69.967801,34,82670.616922
-101.678717,30,82680.315714
-130.613466,40,82693.731896
-92.40011,28,82703.127791
-84.159145,44,82716.752988
-36.929399,41,82730.213906
-123.887852,28,82739.018475
-65.939732,34,82750.178786
-137.480236,25,82758.667382
-52.005519,37,82770.641791
-29.278652,42,82783.869834
-42.786751,49,82800.908673
-101.399973,26,82810.790629
-90.697671,36,82824.904325
-57.38175,32,82837.06987
-101.408908,29,82848.545536
-35.034079,47,82867.686547
6.319958,52,82886.94863
-122.473363,24,82896.084237
-82.730261,30,82907.560744
-59.955599,50,82924.547096
-67.286009,40,82938.122719
-140.278902,41,82951.081771
-131.910307,35,82962.840779
-89.064977,39,82975.538423
-75.281748,26,82984.218132
-99.738858,46,82999.334899
-104.958782,40,83012.217939
-91.330571,42,83025.413521
-111.785026,28,83035.511022
-237.007953,33,83046.621049
-162.064553,34,83058.160342
-74.091582,31,83068.896632
-122.210448,38,83081.194362
-47.44928,33,83092.102917
-46.477116,45,83106.012156
-236.36913,10,83110.025333
-47.882479,39,83122.879426
-112.587384,34,83134.070018
-138.46377,27,83142.877295
-78.171569,32,83153.606898
-88.470124,25,83161.80628
-85.125462,41,83175.011539
-77.691622,34,83185.778469
-45.336297,40,83198.800185
-104.093798,45,83213.533134
-139.617444,34,83224.905082
-36.45375,60,83244.186843
-103.43979,25,83252.082349
-31.370965,44,83266.7258
-73.089347,29,83275.943093
-102.393442,32,83286.63021
-122.324765,46,83301.316119
-108.934521,31,83311.622213
-115.907714,22,83319.013184
-82.924039,43,83333.244249
-142.820513,33,83344.222933
-140.476576,31,83354.51979
-52.72651,36,83366.608071
-62.466085,39,83379.159335
-57.33675,31,83389.300676
-123.274406,33,83400.191625
-107.266449,38,83413.058583
-122.033712,29,83422.817097
-70.382945,35,83434.03204
-121.912447,27,83442.820668
-104.637424,39,83455.410429
-148.06315,31,83465.733479
-67.384093,36,83477.469738
-132.991905,34,83488.48107
-87.720324,32,83498.772348
-73.091345,35,83510.414171
-96.311856,31,83519.860211
-41.925908,43,83535.298475
-135.678311,45,83551.1518
-28.498558,45,83565.746067
-63.42391,34,83576.551518
-71.538425,38,83589.238772
-101.540878,47,83604.220649
-90.19416,35,83615.552932
-108.657483,30,83625.476561
-53.763771,44,83639.4862
-73.638692,32,83649.949842
-95.081858,49,83666.512304
-49.183008,42,83680.287004
-79.887504,30,83689.980493
-93.30461,31,83699.9452
-76.544786,40,83713.091486
-44.097668,46,83727.745104
-92.795893,45,83742.39579
-129.223642,36,83754.289177
-110.328013,25,83762.266521
-159.881759,27,83771.100331
-191.637095,25,83779.073093
-144.690456,34,83790.126479
-129.506562,30,83799.803367
-109.738231,34,83810.558297
-24.92338,59,83830.307631
-93.799252,28,83839.612194
-71.110927,32,83849.817629
-91.172167,32,83859.953996
-69.03495,34,83870.887611
-212.084276,30,83880.515496
-48.859697,44,83894.74538
-46.149336,47,83910.093855
-84.430337,28,83919.049204
-66.420649,42,83932.624844
-15.657008,53,83950.031119
-54.731463,43,83964.612474
-115.259596,24,83972.116934
-48.62348,52,83988.656545
-96.034367,30,83998.626121
-147.583048,31,84008.55125
-49.448319,34,84019.407512
-172.328679,36,84031.277195
-140.106545,37,84043.762745
-62.226501,39,84056.117842
-50.551426,40,84069.410806
-59.910681,40,84082.30995
-162.223399,31,84092.354492
-131.52859,40,84105.635343
-39.79496,52,84122.433154
-57.810114,41,84135.768742
-80.604704,39,84148.541247
-228.732368,22,84156.016118
-133.828624,30,84165.70243
-78.619216,30,84175.538047
-66.404672,52,84192.343272
-96.868699,42,84205.899545
-61.361392,39,84218.436756
-76.665019,41,84231.617752
-59.529553,33,84242.29276
-119.351298,30,84252.809432
-58.387509,36,84264.835407
-192.264983,27,84273.593652
-88.477972,25,84281.524215
-86.313397,45,84296.229465
-40.092691,52,84313.513812
-122.698477,37,84325.564505
-79.558302,45,84340.015487
-72.059124,50,84356.080064
-90.961704,36,84367.688786
-143.827046,24,84375.859594
-93.585886,29,84384.966731
-46.521484,41,84398.002232
-130.211458,44,84412.423924
-39.097856,42,84425.867726
-118.240899,29,84435.572123
-81.620226,29,84445.068911
-62.676467,35,84456.351906
-91.00616,47,84472.132981
-121.700903,42,84485.6375
-68.079382,38,84498.537755
-43.847421,47,84513.64096
-126.725978,33,84524.489864
-109.234122,48,84539.908847
-140.551438,32,84551.199775
-55.269604,39,84565.562921
-90.293848,37,84577.762817
-139.124413,24,84585.710402
-8.169123,72,84609.089752
-100.815282,34,84620.058577
-107.254316,28,84629.493373
-82.921844,34,84640.706256
-106.082407,32,84650.879463
-23.709518,44,84665.525588
-59.55704,34,84676.805674
-41.69868,52,84693.280638
-92.826144,27,84702.364192
-75.203947,38,84714.593062
-65.062933,27,84723.950431
-96.128284,31,84735.285724
-71.632193,55,84753.398898
-159.283849,24,84761.237104
-55.070738,40,84774.060057
-123.922176,40,84787.016459
-110.992152,25,84795.325009
-79.855627,28,84803.731602
-172.09601,34,84815.0506
-98.841834,48,84830.595353
-45.442694,41,84844.075951
-70.536426,42,84858.840274
-85.021944,34,84869.816138
-105.876532,33,84880.620858
-51.086942,46,84895.767206
-12.746412,72,84919.564418
-92.807553,40,84932.240731
-151.597871,28,84941.506547
-46.530861,46,84955.948012
-222.289396,30,84965.647818
-127.601128,39,84978.354432
-98.685488,37,84990.091389
-45.605823,38,85002.377637
-39.349285,41,85015.302422
-59.992495,39,85027.632606
-38.399678,40,85040.435817
-82.963413,29,85049.352838
-127.878279,32,85059.941503
-56.819616,29,85069.39758
-96.4962,43,85083.115994
-53.876173,44,85097.381197
-100.593224,28,85106.292883
-67.288746,34,85117.146371
-65.559599,32,85127.863162
-94.252246,37,85139.471796
-56.570392,41,85152.863504
-87.225878,43,85166.855754
-94.016067,33,85177.677934
-119.541567,33,85188.338726
-180.443335,26,85196.817079
-87.308142,30,85206.658523
-30.11802,49,85223.438143
-84.571782,43,85236.836067
-156.378043,48,85252.538572
-71.953822,38,85447.255742
-156.985416,37,85460.034862
-58.466266,38,85472.518572
-73.627153,38,85485.481032
-86.553952,32,85495.523979
-80.060635,42,85509.105518
-83.970728,39,85521.881721
-75.435012,49,85538.886884
-92.959945,46,85553.68519
-80.906632,38,85566.317882
-114.030109,29,85575.660664
-92.618987,27,85584.453157
-54.349812,45,85599.006528
-38.710544,54,85616.546741
-197.297383,24,85624.309569
-153.886134,33,85634.813046
-58.168927,51,85651.809716
-248.766352,17,85657.400948
-89.739298,30,85666.665613
-50.25485,44,85680.9547
-182.011987,29,85690.39447
-116.08487,28,85699.515508
-58.18115,37,85711.700252
-45.713561,44,85725.81295
-101.631834,35,85736.988842
-73.93472,38,85750.13646
-214.507979,24,85758.12238
-97.492198,42,85771.270019
-179.323624,27,85780.281601
-72.664078,43,85793.740371
-25.946585,46,85808.76004
-22.941629,46,85823.514823
-105.187388,37,85835.607889
-62.861429,34,85846.620364
-81.749473,48,85862.295777
-32.192456,57,85880.810554
22.245519,60,85900.267408
-62.079745,52,85916.887845
-65.726017,41,85930.344487
-65.892158,39,85943.174174
-49.678133,47,85958.109923
-3.856606,55,85975.836759
-88.233462,31,85985.794137
-35.426756,56,86004.266942
-81.084728,36,86016.094732
-82.964726,38,86028.638509
-41.06716,50,86044.633423
-39.105634,50,86061.193619
-104.619843,33,86072.448014
-51.578912,47,86087.862519
-118.837352,33,86098.625212
-140.160571,39,86111.695254
-87.029728,33,86122.393822
-67.236852,32,86132.739879
8.603659,63,86153.430786
-152.854801,33,86164.365132
-90.77257,38,86176.997448
-89.127466,37,86188.674269
-70.036268,38,86201.293674
-106.067053,31,86211.51931
-87.969165,32,86222.316644
-160.507376,28,86231.578036
-58.78993,44,86245.516494
-95.040365,38,86257.751434
-42.198082,48,86273.489999
-112.207826,35,86284.739096
-46.231774,38,86296.714994
-89.379816,38,86309.371145
-49.929336,46,86324.229357
-93.87305,26,86332.914818
-57.530454,43,86346.766029
-139.419717,28,86356.069588
-61.852347,38,86368.439833
-69.384529,32,86378.549456
-98.470933,28,86387.883077
-30.191624,48,86403.349075
-21.604212,55,86422.251648
-26.097981,44,86436.720754
-70.134382,32,86447.18346
-101.037521,25,86455.203156
-82.461959,29,86464.615953
-59.694841,46,86479.581217
-71.257314,54,86497.093471
-76.394253,41,86510.56445
-217.215333,21,86517.502993
-201.159326,22,86524.5135
-54.492162,39,86537.15348
23.500264,65,86558.20924
-83.462505,26,86566.599304
-124.460635,24,86574.643379
-173.86022,34,86585.682379
-101.543927,39,86598.93724
-65.210017,36,86610.600021
-177.098364,35,86621.899445
-104.236467,33,86632.188412
-175.493313,29,86642.050587
-45.602663,50,86659.842054
-58.158253,63,86681.310334
-57.015978,49,86697.893166
-104.656071,38,86710.174011
-83.019228,33,86720.653504
-34.435408,44,86735.835742
-61.385403,53,86753.301713
-47.66593,39,86765.531832
-47.797931,48,86781.459308
-70.868796,37,86793.860053
-53.950477,36,86805.128137
-245.075164,20,86811.387591
-129.433114,31,86821.383732
-100.528916,31,86832.242069
-10.91942,51,86848.189452
-102.104866,29,86858.000324
-86.457004,30,86867.531919
-155.60935,29,86877.04618
-106.593099,32,86887.508821
-51.555331,38,86899.586466
-11.215981,60,86919.658334
-166.359451,26,86928.279595
-84.091318,35,86939.72824
-76.182373,28,86948.860771
-85.240858,42,86962.728563
-59.550464,47,86977.767225
-52.341508,49,86993.319712
-35.443471,46,87007.884038
-34.944494,41,87021.109121
-76.414203,33,87031.577486
-64.057845,50,87048.219231
-66.320383,53,87065.386733
-85.701987,36,87077.100688
-81.159767,33,87088.125647
-68.373554,36,87099.568927
-65.646501,39,87111.645692
-38.879959,46,87126.897528
-62.751652,37,87138.84375
-42.124574,45,87153.10635
-40.012089,44,87167.096237
-84.016386,31,87177.011508
-77.365607,47,87192.181933
-110.744198,33,87202.968782
-9.531773,67,87224.174283
-81.813794,38,87236.062931
-146.309222,29,87245.923643
-36.679843,49,87263.693373
-134.909104,22,87270.52912
-164.631882,33,87281.034142
-141.330961,32,87291.0893
-84.928496,39,87304.268862
-5.635755,74,87328.479671
-73.598445,44,87342.503503
-28.871474,49,87358.427598
-132.295835,33,87369.064328
-91.911662,29,87378.031781
-174.326686,21,87384.859593
8.488929,75,87409.938477
-13.572602,50,87426.850547
-74.467733,35,87438.143384
-88.47819,37,87450.122153
-42.828058,42,87463.667886
-91.401614,32,87473.744907
-48.628609,45,87488.634074
-22.416598,49,87504.606377
-100.691363,29,87513.679771
-48.39268,53,87530.925618
-99.271373,29,87539.968743
-10.442048,54,87558.190136
-29.183727,42,87571.338238
-165.72516,35,87583.047208
-122.315057,40,87595.726498
-53.273576,44,87610.079325
-76.232026,47,87624.987123
-66.23284,44,87638.898206
-57.93169,56,87656.920275
-42.796714,49,87672.583869
-112.13639,41,87685.811816
-79.934541,44,87700.053995
-108.531801,27,87708.606668
-84.072526,42,87722.062043
-59.808911,32,87732.740758
-164.473396,37,87744.643755
-51.219457,39,87757.045238
-43.12476,57,87775.171778
-114.921567,31,87785.273477
52.337334,68,87807.610132
-119.460584,49,87823.900214
-33.496097,48,87839.146503
-98.297913,53,87856.806735
-70.846771,36,87868.835771
-76.718777,33,87879.629409
-65.34348,42,87893.248833
-117.63329,23,87900.742763
-72.746494,52,87917.35382
-106.363769,29,87926.655549
-86.219232,34,87937.687634
-5.946191,67,87959.603098
-58.443386,44,87974.209721
-48.295178,44,87988.211402
-14.50394,48,88003.634881
-155.271773,34,88014.609943
-46.079866,52,88031.408174
-80.408695,35,88042.56939
-12.629288,48,88057.951408
-83.804136,39,88070.072816
-65.90605,35,88081.601858
-177.349425,32,88092.208173
-40.380903,41,88105.205693
-83.571329,36,88116.789622
-66.017511,40,88129.551711
-59.958239,41,88142.604168
-52.167351,33,88359.90553
-165.555297,23,88367.652627
-43.85805,41,88381.043436
-100.881455,33,88391.858493
-142.732493,39,88404.682523
-55.708681,35,88416.993532
-113.568872,41,88431.413308
-61.572391,35,88443.016983
-52.617188,35,88455.642381
-47.818341,44,88470.153391
-63.274014,43,88484.366369
-125.824115,36,88496.180769
-1.535534,61,88515.878958
-68.001565,39,88528.298247
-17.403236,45,88543.21899
-110.739882,34,88554.184271
-45.881462,51,88570.757185
-95.568285,38,88583.094263
-67.607328,47,88598.43476
-68.079061,31,88608.750824
-29.149989,48,88624.670718
-104.427124,43,88638.908255
-41.141301,63,88658.998621
-111.60523,28,88668.235364
-86.673002,34,88679.163414
-143.836513,32,88689.397939
-90.440675,45,88703.830068
-107.034223,34,88714.870179
-76.146396,53,88731.896856
33.125856,59,88751.617845
-169.209082,29,88763.238628
-9.342282,50,88779.262038
-170.57119,31,88789.219624
-86.537329,40,88802.182221
-110.711866,25,88810.773337
-74.931811,38,88822.924757
-77.115445,44,88837.556717
-25.988469,49,88853.26966
-43.733361,37,88865.428074
-0.982574,50,88881.597466
-41.326544,49,88897.330969
-48.89491,44,88911.582778
-104.879477,48,88926.801095
-16.253714,47,88942.345186
-41.536391,58,88961.338113
-95.771758,29,88970.664227
-57.430023,47,88986.292875
-4.269955,61,89006.172278
-126.499679,35,89017.723629
-66.732915,32,89028.149557
-26.944615,47,89043.032186
-89.498302,33,89054.08632
-78.497214,37,89066.748929
-22.339495,58,89085.525226
-63.70005,46,89099.737417
-30.353084,54,89117.680674
-139.704433,39,89130.051775
-37.179439,54,89147.488629
-59.821155,33,89158.291197
28.298587,70,89181.117095
-85.21234,48,89196.765268
-12.816295,58,89214.927606
-46.416028,51,89231.777331
-28.334639,49,89247.817853
-164.63843,29,89256.993784
-121.127249,33,89267.71834
-60.622056,39,89280.33736
-58.073588,61,89301.051933
-22.893342,49,89316.830268
-87.037295,50,89333.664552
-17.495531,50,89349.82264
-85.530002,30,89359.750293
-27.725297,53,89377.3413
-129.419536,33,89388.277331
-66.499749,38,89400.081469
-64.558879,30,89410.827976
-10.851334,62,89430.543958
-49.525927,49,89446.136752
8.141944,54,89463.708901
-71.90422,35,89475.149734
-62.726381,39,89487.482455
-55.333325,40,89501.035527
-76.301429,43,89514.742576
-101.138733,27,89523.586624
-145.783459,33,89534.381182
13.182921,57,89552.32405
-77.745096,35,89563.592563
17.404028,82,89590.261956
-61.152867,32,89601.217387
-20.678701,47,89616.417753
-75.671663,45,89631.114718
15.007694,61,89651.230091
-64.873681,36,89663.052007
-77.286772,35,89674.261568
-100.980996,33,89685.208297
-134.261402,35,89696.554784
-117.470231,28,89705.893068
-19.923929,47,89721.374576
-56.736403,38,89733.627019
-92.570566,29,89743.253196
-95.963971,29,89752.771256
-68.617502,46,89767.352078
-63.741695,41,89780.847924
-3.781179,68,89802.887902
-97.042105,46,89817.262424
4.424411,61,89837.333447
92.783285,83,89864.104928
-69.815037,42,89877.555367
-86.775698,27,89886.316666
-12.432404,55,89904.293678
-67.24906,44,89918.90216
-31.505988,45,89933.440581
-97.660597,38,89945.649722
-54.835222,45,89960.265455
-48.306065,39,89973.158398
-29.376431,45,89987.514119
-45.931839,45,90002.041991
-23.30446,41,90015.658454
-47.138516,48,90031.572317
-6.75503,64,90052.026621
-115.308845,33,90062.612336
-1.066876,52,90080.024597
-51.364606,50,90096.164838
-75.608524,41,90109.242326
-77.391271,29,90118.454633
-90.497096,30,90128.305522
-48.244262,60,90147.90773
-70.852403,38,90160.413145
-29.857868,55,90177.729096
-46.427565,44,90191.973821
-62.578465,44,90206.067494
-39.107093,47,90221.3811
-47.123012,48,90237.194619
-72.150271,43,90251.165179
-85.493329,36,90263.75639
-72.713596,47,90278.761751
27.406268,65,90299.89803
-2.555932,56,90317.981945
-39.036919,36,90329.723649
-71.656708,37,90341.570861
-37.251053,45,90355.924468
-148.828776,30,90366.76597
-45.332865,40,90379.68909
71.369794,79,90405.45556
-85.338811,30,90415.108195
-100.007401,27,90423.704021
-51.953133,37,90435.900154
47.866884,69,90458.526934
-69.863787,35,90469.430203
-10.740229,56,90487.044899
-11.9675,63,90507.605557
16.264656,62,90527.737836
-45.957625,41,90540.817397
0.446876,58,90559.734348
-83.532507,27,90568.452282
-53.002488,33,90579.216506
-46.957821,47,90594.490789
-29.997171,63,90615.32146
-64.006877,30,90625.075878
-42.413252,47,90640.137863
-6.165,49,90656.204944
3.019455,55,90674.270288
68.238467,83,90701.155489
-55.759692,39,90713.580098
-200.263342,29,90722.969642
-74.553323,49,90739.108981
-29.855284,58,90757.89684
-33.896096,51,90774.799912
-74.71384,44,90788.973931
-144.047555,23,90796.326016
-5.104628,53,90813.744725
-86.823166,34,90824.572481
-18.406226,58,90843.563767
-122.583589,29,90853.683525
-51.00424,52,90872.336423
13.101402,60,90892.236878
-69.937586,37,90903.90263
-125.985497,33,90914.687955
-94.304508,28,90923.635125
-68.541088,58,90942.654516
-6.65438,58,90961.289189
-192.742633,37,90973.457774
3.301379,52,90989.929206
-50.50777,43,91003.84727
-28.9189,65,91024.678455
30.210428,65,91045.865601
-73.856568,36,91057.348134
-23.35145,48,91073.024401
-79.744466,54,91304.734442
-83.765774,32,91314.902671
-65.901374,41,91328.076959
-34.520763,53,91345.482515
0.731436,59,91364.692846
50.261414,76,91388.546739
-51.823607,42,91402.573671
-45.954407,42,91415.893811
-38.258076,47,91431.327286
-3.715604,57,91450.155274
-21.236915,47,91466.427182
-16.318108,49,91482.485805
-30.401175,48,91497.429794
-56.934855,34,91508.931664
-15.165414,58,91527.438995
-31.974858,57,91545.441209
89.513138,84,91572.436131
-33.298084,62,91592.58621
-68.983028,41,91606.111105
60.991094,70,91628.06878
-53.92371,39,91640.824559
-28.398929,46,91655.567461
-150.575704,44,91669.870949
-47.687603,51,91686.365223
-95.398642,45,91701.209621
-128.044399,47,91716.3325
-43.387194,52,91733.173988
0.144553,52,91750.628796
-1.375021,57,91769.450061
24.964764,59,91788.316442
-56.079016,39,91801.187954
-78.427541,31,91811.756406
-36.775705,37,91823.208752
9.866192,66,91844.642996
-124.356828,39,91856.889984
-73.415258,35,91868.606341
-38.00811,45,91883.001977
-47.216021,44,91896.78921
18.325781,59,91915.834693
80.975447,93,91945.92736
-39.501496,43,91959.868784
-73.298571,55,91977.053812
-50.689777,46,91991.93113
-29.52071,45,92006.69931
-2.81354,56,92025.021023
-47.615049,43,92039.063741
-10.812829,53,92056.996346
-111.239644,54,92074.571028
-101.446641,50,92090.586161
-13.325417,67,92112.641819
-17.882585,51,92128.969871
-10.728666,50,92145.426182
-31.138313,52,92161.790555
-53.760677,46,92177.499499
-83.125823,37,92189.58588
-12.032372,51,92206.243717
-55.301488,46,92221.109461
-23.27787,40,92234.573587
-103.639711,41,92247.874874
-99.278976,29,92257.242174
-53.033191,35,92268.260531
-0.926949,50,92284.937722
-25.102192,61,92304.274997
-69.554171,63,92324.585389
77.868434,83,92352.361879
-46.415651,42,92366.177757
-52.635003,40,92379.085166
-89.307519,42,92392.914008
19.724309,62,92413.253376
-102.29065,35,92424.648044
79.33992,79,92450.258983
-100.176292,51,92466.621145
-59.71095,42,92480.111439
-4.964452,56,92497.860928
-46.522031,55,92515.803516
7.541116,52,92532.849766
-75.884446,43,92546.261567
89.524521,82,92573.107548
-81.396074,34,92583.856809
-33.384467,46,92599.085684
-3.832413,58,92617.726064
20.755284,58,92637.385121
-27.322996,60,92657.054597
12.79044,58,92676.109659
-40.542872,41,92689.058766
-84.071717,31,92699.043878
-103.241598,31,92708.947674
-32.883942,46,92724.223893
-70.968453,43,92737.687162
-71.112744,31,92747.890663
5.323887,68,92769.797956
-11.855364,50,92785.666275
52.95374,80,92810.787573
55.219633,80,92836.910711
-5.129867,59,92856.366712
15.20783,62,92876.187965
-35.252457,59,92895.543604
-48.044099,54,92912.930613
-43.890711,42,92926.395714
-20.022961,64,92947.178886
34.154393,64,92970.926124
-78.359978,47,92986.432081
-4.491744,56,93004.380195
-34.750445,52,93021.197475
-4.533838,60,93040.872408
-34.634289,35,93052.101649
-12.268525,54,93069.688541
9.163959,60,93089.39283
1.967949,56,93107.709963
92.89003,91,93137.293271
-34.635433,40,93149.849306
-2.096798,61,93169.646471
-38.390896,46,93184.191381
-51.115751,48,93199.93597
-17.930492,48,93215.45114
-18.063998,60,93235.048861
-26.17552,44,93248.962176
63.013854,73,93273.052005
-69.644265,42,93286.753864
27.111073,64,93307.167011
57.024507,70,93330.069905
-48.73068,46,93344.592184
-80.399908,32,93354.766543
-31.079776,53,93371.965626
-44.788418,51,93388.421532
-2.19109,63,93408.33204
-12.55055,52,93425.406262
34.28779,65,93446.422693
-34.622841,41,93459.406342
-34.106326,47,93474.209501
-9.091712,55,93491.960745
-87.287478,32,93501.905305
-97.280299,47,93516.827765
-66.584767,49,93532.939938
-22.729451,51,93549.584168
81.708844,94,93579.637267
-32.429104,55,93597.257595
-37.720403,53,93614.280658
-10.164695,55,93632.043952
-142.119371,34,93642.946764
-74.568523,34,93653.880136
-12.469363,57,93672.207457
-85.477681,57,93690.684685
-25.589436,48,93706.149918
-10.170052,54,93723.503693
-61.522324,42,93737.357768
-16.406773,45,93751.834051
28.858286,74,93775.488976
-48.16373,46,93790.302835
-25.041496,52,93806.868773
9.203608,55,93824.181135
-84.220223,48,93840.019756
17.137246,54,93857.905958
-92.142151,31,93867.945137
-42.542594,40,93881.09261
-99.168855,37,93893.120726
80.669334,114,93930.25657
-28.300353,44,93944.529706
-74.486758,39,93956.814276
-54.638343,38,93969.502002
50.251922,73,94232.552185
-2.902658,54,94250.419346
-10.37734,45,94264.744237
73.200637,74,94289.270311
-1.947507,55,94306.964521
-36.087786,45,94321.397744
-20.315934,59,94340.858181
-13.957594,49,94356.624031
47.926029,78,94381.7792
38.421096,70,94404.449354
-74.500868,39,94416.578342
0.140553,56,94434.811931
19.187637,67,94457.375533
6.606482,56,94475.50697
-17.431755,52,94492.747545
-27.388615,47,94508.003368
94.881056,84,94535.003345
71.190901,89,94563.503111
9.033488,65,94584.914084
4.323138,53,94603.121104
176.28601,108,94638.643128
-46.061139,40,94651.495369
-87.57832,33,94662.339692
3.302589,65,94683.421894
0.658244,55,94701.435844
-37.576299,47,94716.590767
-9.303487,58,94734.81942
-47.5527,48,94751.096867
-71.383795,44,94766.108556
-35.528016,49,94781.294466
-13.833545,52,94798.164394
-19.223562,54,94815.767284
-21.352331,45,94830.390401
18.085136,69,94852.132478
-62.658389,35,94863.404499
77.776018,85,94890.792973
-42.686937,52,94907.414114
-29.571867,56,94925.919414
-14.711543,51,94941.833334
69.016387,80,94967.789113
-45.415245,44,94982.164219
-60.641129,33,94992.359679
-111.734729,43,95006.29708
-21.924921,55,95024.187777
-4.269131,60,95043.759789
-22.672739,51,95062.593211
-36.639206,64,95083.66631
-14.372336,47,95098.81153
-32.514672,46,95113.841026
-42.423009,43,95127.594043
106.902136,90,95156.8689
-45.201117,38,95168.843845
22.760033,58,95187.351428
4.155409,59,95206.883004
-78.789065,36,95218.820283
-7.00744,53,95236.197753
3.026957,59,95255.559188
-10.113559,69,95277.165193
59.268721,89,95306.292074
-20.633346,49,95322.029145
-16.113235,54,95339.347182
5.87232,57,95357.596555
19.80918,63,95377.530751
12.234823,57,95395.953673
-49.03617,44,95410.695197
-34.654778,46,95427.748764
2.321805,63,95454.577976
-22.472951,48,95470.040969
-1.886734,55,95487.802715
-21.211968,56,95505.98211
53.170409,74,95529.795904
9.870323,58,95548.525657
35.943078,66,95569.699524
90.463129,74,95593.387526
73.618097,74,95617.301448
-63.363967,28,95626.263624
39.159008,73,95649.66061
14.731911,61,95670.322147
-49.090764,38,95682.751913
32.115232,65,95704.278001
65.760729,71,95727.120286
-3.360581,63,95747.265644
-25.646924,49,95763.026962
62.462359,85,95790.234094
25.977669,65,95811.647467
-1.843712,61,95831.449591
0.337701,59,95850.016246
21.696102,64,95870.487095
-87.080868,35,95881.914186
64.006128,69,95904.457666
11.970037,61,95923.930442
10.22795,57,95942.700475
28.687653,64,95964.03116
7.23873,52,95980.524334
7.674628,59,95999.754242
-44.578285,38,96012.464274
138.213362,98,96043.937571
18.931137,70,96066.212953
19.161157,66,96087.241316
3.798262,59,96106.541738
28.197477,59,96125.580136
136.558414,98,96157.963246
-62.019601,45,96172.589048
-7.14081,66,96193.728653
46.628183,80,96219.442079
-7.979501,53,96236.919934
-20.675264,54,96255.064584
119.838676,81,96281.700831
111.833497,81,96307.504886
78.813541,79,96333.533351
45.491819,69,96355.639616
25.90949,63,96376.241089
-29.759245,55,96393.996686
-25.187548,72,96417.498641
48.841582,68,96439.845299
-70.47686,43,96453.269159
144.151016,105,96487.210121
-48.67094,42,96500.704517
-43.406787,48,96516.365057
58.245066,74,96540.009101
28.902139,70,96563.312577
-18.51823,62,96583.404953
63.432697,73,96607.699903
-2.206497,51,96624.813514
35.335633,72,96648.341437
61.419169,74,96672.326952
-73.119821,38,96685.093904
-21.029278,51,96701.568969
-69.081894,28,96710.524077
7.299556,63,96731.021022
-31.96818,50,96747.247391
-6.191993,59,96766.097112
150.634882,95,96797.569228
41.864528,70,96819.742222
9.06445,62,96839.585637
159.87877,110,96876.890767
-37.114575,42,96890.281733
-2.302231,57,96908.604881
-36.023014,36,96920.338382
-46.944934,46,96935.124559
115.537307,95,97240.544027
9.947269,63,97261.357532
1.802647,54,97278.739408
332.661914,146,97326.161826
131.908676,98,97357.813685
9.577296,69,97379.920268
57.954875,72,97403.76713
-32.246424,46,97417.965716
49.304635,69,97440.186916
7.215103,67,97462.675143
-41.970404,43,97477.262699
31.402832,68,97498.934958
-5.05205,56,97517.209092
16.385189,61,97536.677073
181.592949,115,97573.908828
-10.087408,53,97590.664166
54.271967,70,97613.671268
134.314767,96,97644.84751
9.196798,57,97663.421928
62.495567,78,97688.80503
-11.269083,62,97708.720811
-44.439705,49,97724.741175
-38.941541,49,97740.989528
159.17221,109,97777.540421
59.580768,87,97805.265688
26.545582,70,97828.198643
44.129913,73,97851.836385
-10.607824,59,97871.101895
-40.631947,48,97886.60526
66.788583,76,97910.786683
65.547124,81,97936.700548
232.007447,123,97976.454723
155.208278,99,98008.364043
1.738665,63,98028.971771
-57.915054,34,98039.744474
-22.68955,42,98054.426878
44.429065,73,98078.002363
75.42156,84,98105.000467
-64.798935,48,98120.995382
-15.15178,49,98137.182121
55.102674,79,98163.152601
64.261213,81,98189.155104
-26.62519,59,98208.691725
-11.212144,52,98225.350444
154.877013,96,98256.137343
-40.207981,52,98273.111241
15.692836,64,98293.963793
0.117767,51,98310.661415
-0.207883,61,98330.307696
36.461764,78,98355.42765
72.033791,81,98381.494714
-26.312995,44,98396.154842
86.031485,84,98423.445072
112.821873,91,98452.847726
-51.107303,54,98470.282053
30.00454,71,98492.544255
9.88279,55,98509.765359
48.611132,76,98534.577002
50.523117,67,98556.318732
-44.121523,39,98568.85893
-22.632282,53,98585.668247
-30.367865,52,98603.248892
38.850667,73,98626.930784
-43.877902,45,98640.855922
114.863492,95,98672.867091
51.379189,74,98696.393079
25.198283,65,98717.224573
6.757216,57,98735.868675
214.272304,119,98774.375203
33.914171,63,98794.628012
3.845478,55,98812.014476
65.745356,96,98843.100726
45.460182,74,98866.516582
-17.920069,54,98883.838484
10.865706,71,98906.610781
18.875481,58,98924.839969
119.106525,93,98955.721412
76.347467,80,98981.510632
240.288401,126,99023.489924
122.716924,97,99054.668504
-34.959753,37,99066.392301
169.868162,104,99100.862274
70.084812,78,99126.219504
73.6108,76,99151.149407
16.945685,64,99171.589231
40.277277,71,99194.708583
233.644413,120,99233.188765
-41.469392,40,99245.941649
166.952183,111,99285.280914
7.726227,54,99303.013954
43.976466,69,99325.511503
77.420016,88,99353.538732
-17.676039,46,99367.867923
163.712061,112,99403.656306
72.383258,73,99427.044838
12.860114,57,99445.651853
35.825681,66,99466.920155
7.29769,53,99484.267705
151.457974,94,99514.649965
496.02417,191,99576.626712
506.416947,184,99635.383493
21.351969,65,99656.791381
194.572976,110,99691.93631
15.559791,59,99710.838766
77.162858,86,99738.510761
32.344182,62,99758.151685
-24.274866,49,99773.55653
178.283142,106,99808.100284
91.735241,88,99836.552476
64.380127,86,99865.360621
114.169687,86,99894.630365
-41.309632,44,99908.566422
69.362143,89,100178.693864
10.793956,74,100203.64986
216.82475,132,100247.443731
216.712615,134,100290.605804
93.329562,91,100319.827377
-33.219825,66,100341.257573
40.835067,70,100363.81303
-7.522272,53,100380.783671
171.884637,119,100418.780802
6.816863,64,100439.612218
75.933028,89,100470.176495
41.621498,81,100496.430074
-16.945906,52,100513.856825
178.223713,100,100546.658951
-12.668601,51,100563.054295
-53.494134,37,100574.787083
186.117617,111,100610.73414
-18.74649,47,100625.501201
-36.517255,47,100640.993962
-15.871023,61,100660.011458
390.484628,161,100712.111106
-12.924216,52,100728.829314
49.624283,73,100752.841178
22.466092,59,100772.274894
72.407149,74,100796.295106
-18.171961,51,100812.847333
28.299225,86,100840.724966
67.248622,79,100866.273706
-20.975457,64,100887.486936
107.45779,90,100916.466427
87.274841,86,100944.853446
111.054147,90,100973.668679
-42.253319,49,100989.37614
-67.701765,37,101001.330747
135.638474,105,101035.180771
31.57452,70,101058.90431
65.468528,85,101086.264381
62.957256,71,101109.090314
4.532344,61,101129.973428
-15.195822,57,101149.279227
68.37618,76,101175.181549
103.11394,98,101206.255852
76.862886,81,101232.748997
79.022348,79,101258.58248
104.925748,90,101286.820491
20.345744,65,101307.65443
3.184658,61,101328.402681
224.846717,119,101370.236136
171.263804,104,101403.514478
114.842298,89,101432.858539
406.194378,161,101485.78812
51.567455,82,101511.922719
12.441188,61,101531.800791
174.729847,113,101568.336774
-31.590125,42,101582.052326
21.376593,62,101602.389988
92.053891,85,101629.735798
164.687683,103,101664.445468
174.689455,107,101698.541078
20.276945,61,101718.701706
125.207204,97,101750.688219
65.236685,77,101775.65334
140.661643,107,101809.899005
48.770496,72,101833.963725
25.565222,74,101857.689108
6.176189,57,101875.672808
-8.408733,61,101895.209139
308.831268,150,101943.574851
28.535559,71,101967.127573
315.837919,140,102011.853963
123.638894,97,102043.834261
3.224627,54,102061.988189
411.67874,159,102113.479731
16.635302,62,102134.002292
-15.420711,52,102150.623257
336.951784,143,102197.503659
207.743933,116,102234.745439
-70.850656,44,102249.034775
-35.04988,38,102262.032391
77.103556,78,102287.457791
-27.431516,45,102302.395834
27.429192,72,102326.086806
81.898628,77,102350.908558
234.949463,117,102388.439355
-26.933694,41,102401.841238
-32.499268,43,102415.704935
24.285525,64,102436.533917
75.615384,85,102464.338614
196.186247,105,102498.068131
273.016176,127,102539.14275
-6.417736,61,102559.058853
190.033223,112,102595.482837
15.272255,80,102622.821965
128.573164,87,102651.519468
6.294781,60,102670.273971
262.322318,123,102709.725223
11.356846,74,102734.319036
114.518372,88,102762.989093
140.88519,101,102795.388793
16.959211,68,102817.815835
53.516345,68,102839.806763
57.807934,86,102868.448249
117.774089,98,103168.284984
-17.483027,54,103186.165962
120.363454,102,103219.427862
117.349392,98,103250.891781
17.732257,65,103271.251532
106.713131,94,103301.709875
19.007877,80,103327.546207
60.506667,87,103355.279063
76.227789,76,103379.536066
25.414481,59,103399.096791
144.134555,107,103433.58641
369.395692,152,103486.860366
225.688987,128,103529.393365
80.052304,79,103554.719551
-16.157633,62,103575.04776
41.210163,71,103598.586251
-20.415414,48,103614.538765
-15.891471,49,103630.04471
118.094203,100,103662.909296
-34.101008,60,103682.29228
29.846731,77,103707.592825
4.595849,61,103727.590891
9.89243,57,103746.102349
17.637797,62,103766.607486
46.215785,76,103791.168183
36.461714,67,103812.743478
251.741987,134,103855.945869
99.437074,86,103883.771383
166.462484,107,103918.413004
222.391206,116,103956.394498
134.528041,100,103988.135845
-46.130953,40,104001.04478
-18.816664,71,104024.167102
220.242839,118,104062.651301
34.301055,68,104085.009312
133.539879,97,104115.564717
194.286154,115,104152.885806
130.654838,103,104186.496507
219.037154,123,104232.730665
102.092883,84,104262.836331
153.1813,110,104298.0556
50.897638,66,104319.476912
-12.275436,59,104338.583781
63.886749,82,104365.46281
70.238301,83,104392.893386
-35.740803,51,104408.99184
-27.555871,69,104431.766056
533.94541,175,104488.050006
47.799245,75,104513.529624
349.672308,150,104563.875899
212.017114,111,104600.554353
1.768377,64,104620.401036
172.168816,115,104663.423908
175.338357,108,104703.153826
-31.391099,45,104721.957741
205.51373,109,104759.049366
15.11497,66,104780.727788
422.74322,168,104835.966953
41.356546,68,104857.876528
55.406388,71,104880.486243
5.036321,59,104899.015238
13.527219,69,104921.089704
183.386234,99,104953.619678
29.55822,76,104978.528882
167.559277,97,105009.532424
135.817817,95,105040.738662
300.38415,147,105087.576688
-4.971458,53,105104.83346
156.674587,104,105138.321236
85.797634,82,105165.528882
54.630143,74,105189.772613
61.421416,78,105214.635753
8.820378,59,105233.442464
42.403129,63,105254.316823
159.420268,106,105289.119147
9.484948,74,105312.698237
-4.83515,55,105330.722492
230.745256,121,105369.679922
137.024974,96,105400.660785
45.331394,85,105428.108023
71.949158,75,105452.64864
81.917126,81,105478.285829
138.282936,96,105508.93248
-3.875022,62,105528.584364
259.067602,123,105571.210678
21.590728,69,105594.124933
-9.685833,61,105613.508062
48.813319,71,105636.245627
-25.600471,46,105650.465117
329.644384,158,105702.104282
12.221412,59,105721.002186
112.975739,103,105754.017179
193.879257,109,105788.813808
55.430403,79,105813.788591
453.524607,175,105871.221981
127.766247,93,106223.293966
97.215031,90,106252.278525
20.038833,78,106277.432778
26.706488,63,106297.517922
330.470667,152,106347.081216
159.382372,104,106379.442959
277.386614,135,106423.449829
173.564623,103,106457.277269
124.975427,94,106487.875136
85.662602,81,106514.757242
162.123139,111,106550.107387
174.049152,126,106590.915858
45.699401,68,106612.362022
-35.749568,52,106629.624016
23.65529,64,106650.414964
96.162597,95,106681.057622
-52.34136,37,106692.538083
54.811042,83,106719.633751
66.99818,87,106746.950572
84.477046,83,106774.298604
72.185596,82,106801.157237
378.819548,153,106850.580687
124.958513,91,106880.335364
96.555477,87,106907.987986
35.903198,81,106934.47951
242.533264,132,106977.290593
71.235573,75,107001.307501
33.163204,68,107023.80405
5.634204,68,107045.441567
-25.615421,43,107060.998201
14.598534,64,107081.470084
17.781949,66,107102.59503
125.143565,98,107134.50275
300.82939,134,107177.144981
173.6668,107,107211.250563
455.561427,170,107265.231699
12.961302,60,107284.595673
292.645908,141,107330.597929
180.019502,101,107363.320042
410.404159,159,107415.698186
305.269129,145,107462.036075
103.821595,90,107490.074385
-44.863854,50,107506.080736
181.9403,120,107545.229122
111.372143,96,107575.420063
86.649499,82,107601.885392
9.868516,76,107626.939708
249.250646,125,107670.465751
95.428123,88,107701.442991
46.09548,78,107728.007599
10.057058,65,107750.383445
12.397887,56,107769.293685
135.98674,105,107805.535456
31.107871,71,107829.849894
268.524204,131,107872.681546
72.56903,84,107899.960187
28.809833,76,107924.171383
708.387417,222,107995.940921
-42.336994,43,108009.357641
222.647947,131,108051.228583
48.430973,77,108075.206823
153.380433,100,108107.459327
82.84862,80,108133.958857
160.073368,115,108170.303128
-12.473792,48,108185.42961
168.200022,100,108217.259621
301.5108,128,108259.81697
132.12847,100,108292.041107
216.815596,114,108329.2247
115.463806,93,108359.056784
11.338642,64,108380.117315
20.86474,68,108401.519355
343.018246,154,108451.825302
149.396106,102,108484.678467
15.540308,67,108505.603841
17.161068,57,108523.470571
200.973419,114,108559.837155
81.958724,83,108586.263056
10.642054,57,108604.343636
1680.788137,368,108722.826617
305.243639,148,108769.592098
501.909341,173,108825.445428
205.135398,113,108862.14254
-22.339288,52,108879.016819
133.314814,104,109236.671713
387.771071,167,109292.396186
14.264263,61,109311.976257
417.966681,171,109368.048687
138.311304,103,109401.683183
138.984591,104,109434.599452
34.976078,71,109458.887213
234.709504,131,109502.376147
90.275157,81,109528.46674
175.856355,118,109566.446007
248.211271,125,109607.467453
420.659152,166,109661.088491
12.141468,67,109682.513376
160.287371,102,109715.400934
137.898791,95,109745.398493
40.680126,70,109770.554846
91.504683,75,109795.446877
466.904199,181,109855.066044
330.793405,143,109900.889043
36.03485,70,109922.835508
296.13424,136,109967.422758
30.12786,63,109987.238536
38.067638,74,110011.059644
87.663685,91,110040.833836
299.084688,142,110087.443974
-35.494628,66,110108.535006
34.946597,74,110132.174279
203.417784,135,110175.222131
81.072002,78,110200.461259
193.113624,111,110235.549276
97.708682,87,110263.119709
88.754069,80,110289.345866
387.459076,157,110340.337141
308.708721,141,110386.574942
17.358053,69,110408.529303
198.904142,106,110443.093133
746.209043,230,110517.697742
37.077295,68,110539.377505
43.441105,69,110561.55143
105.71992,87,110590.370842
182.439046,110,110625.282095
93.047764,95,110657.515871
613.701023,210,110726.206526
60.780646,80,110752.246757
154.823107,104,110786.110503
17.190058,57,110804.189262
2.74943,59,110823.257805
48.005585,74,110847.003332
1549.64026,354,110960.707
47.840244,68,110982.264908
543.942339,190,111042.301358
71.382411,74,111066.125729
538.086919,199,111129.730603
91.548139,89,111159.433944
204.266554,116,111195.810881
226.598542,127,111237.050093
200.692862,124,111278.036562
-16.451016,52,111294.571123
258.857621,125,111335.344581
3.419309,49,111351.016317
89.907099,82,111376.920167
90.267273,83,111403.683565
164.234241,107,111437.82981
222.053557,130,111478.9403
390.590595,161,111531.243732
331.899593,150,111579.825476
296.865784,143,111626.602002
68.122611,80,111652.151029
85.136927,94,111682.228794
241.742817,124,111722.533135
102.156315,87,111750.86203
284.958056,137,111795.17087
109.017224,91,111824.895565
588.449814,195,111890.617453
138.04011,95,111921.736811
188.974893,116,112371.8971
115.696246,96,112402.344515
180.419266,114,112439.373913
109.476722,90,112469.596571
117.406479,87,112498.014808
106.850513,91,112527.945757
281.262771,133,112571.383637
427.107156,172,112626.937385
129.048431,99,112658.894126
268.112102,132,112701.90622
192.896753,111,112737.332463
12.697928,70,112759.765801
269.77704,135,112803.162136
92.194644,83,112831.030437
102.070671,80,112857.074223
119.137371,97,112887.97946
298.793344,154,112936.931541
377.983561,167,112990.566909
43.122218,85,113018.04812
27.618102,67,113039.688262
313.398315,154,113090.480359
19.111979,62,113110.107063
-4.0522,61,113130.105364
92.199037,80,113156.283681
36.16736,79,113181.989341
520.834545,189,113243.26449
226.411798,120,113281.73183
586.215739,173,113337.593539
853.437674,242,113418.159468
447.660318,168,113471.664632
483.271038,165,113524.497555
236.507154,124,113563.886391
-26.660449,61,113582.951329
84.266798,80,113608.58999
13.971564,81,113635.751366
63.186021,88,113665.688454
482.21264,159,113717.035055
219.180753,128,113758.125103
498.682693,183,113816.211827
319.812809,148,113864.103111
111.302504,91,113893.560013
239.720817,131,113935.214599
98.3374,81,113963.121239
162.010415,97,113994.306266
417.867565,191,114055.850898
79.972885,97,114086.732351
115.71312,98,114117.048371
72.81908,93,114147.329893
13.816047,67,114168.829922
24.742688,64,114189.149707
143.79261,102,114220.962543
150.93683,102,114253.560058
-78.16767,49,114269.943704
1.105194,78,114295.132193
230.827655,123,114334.417406
325.923278,143,114381.374223
112.75197,85,114408.457024
38.52791,70,114431.940386
145.944361,95,114462.428678
161.142783,109,114497.538195
12.506229,70,114519.589581
209.482406,116,114557.366408
156.019904,99,114589.536831
170.04733,101,114622.546268
126.279901,92,114651.547953
308.429237,159,114702.143287
16.632153,62,114721.891031
119.252499,91,114751.194759
16.635856,62,114771.39891
62.721857,77,114796.039792
123.202954,108,114830.850702
472.602128,164,114884.523889
276.986945,132,114927.532151
31.539217,68,114949.163518
392.464567,162,115001.359806
94.852965,84,115028.447359
97.493584,83,115447.345145
899.24021,251,115530.182437
519.590174,187,115591.319659
49.242703,77,115616.593497
1193.66155,299,115712.544
431.307016,180,115770.554479
37.909353,90,115799.535852
149.340523,118,115837.633373
49.679275,74,115861.37616
-31.424976,42,115875.306081
417.186709,171,115930.014003
203.603758,135,115972.24564
1188.754463,297,116071.487021
177.77598,109,116105.798725
75.136283,82,116131.788624
109.378465,85,116158.382146
366.271646,154,116207.822823
124.563183,90,116237.604014
207.399835,114,116274.311732
192.428853,116,116310.981397
107.351252,94,116340.156998
125.899141,98,116372.148885
236.854241,132,116413.365409
355.968063,152,116462.720589
-49.761819,47,116477.729258
167.050588,114,116515.094897
35.802419,78,116540.600685
157.10487,110,116575.502278
130.977049,92,116605.837051
362.826701,150,116654.714437
343.414061,143,116701.659733
653.406893,206,116767.357001
769.591092,229,116840.26776
32.665935,68,116862.151361
1354.504303,328,116967.625207
111.480022,83,116994.427251
15.355832,61,117014.923252
298.239288,130,117056.795419
12.567006,79,117082.750675
170.869713,107,117116.99585
38.704877,72,117140.045349
566.068415,201,117204.618419
208.288174,125,117245.284258
427.183982,182,117304.386954
629.454518,197,117368.917676
902.150494,221,117440.44787
88.633612,86,117468.004909
48.818793,75,117491.966758
201.744032,121,117530.599303
106.011842,96,117562.905449
9.271069,58,117581.903341
70.294108,84,117608.95718
337.357958,138,117654.569817
146.441488,97,117685.350087
196.014152,120,117722.80173
128.776703,95,117753.213852
49.592246,72,117776.483719
120.764198,91,117805.196866
192.6673,110,117839.656185
180.797349,118,117879.031648
62.765614,74,117903.111658
43.286153,93,117933.528295
392.914526,173,117989.536545
339.318973,161,118041.08293
358.562175,153,118090.094636
-5.479303,62,118109.720981
66.590951,76,118625.291255
201.542093,110,118660.66871
9.187549,63,118681.073168
84.80335,79,118706.096983
-20.791109,47,118720.898709
-8.450083,54,118737.705889
154.013854,99,118770.058491
226.169902,116,118808.069453
-9.83948,66,118829.879967
248.594908,133,118872.902102
273.094561,135,118915.70762
323.405244,159,118966.204731
219.6333,127,119007.178555
544.653428,203,119074.257909
341.487053,157,119124.498098
408.397834,161,119176.539911
84.219915,82,119202.54187
102.507053,95,119234.07044
823.146077,263,119318.576908
662.478094,222,119389.179747
255.472069,122,119428.88686
-31.592873,51,119444.588842
290.182614,141,119489.983371
512.913715,188,119552.523569
388.992154,157,119602.103449
23.35787,63,119622.893425
94.088324,86,119650.855759
78.218952,96,119682.356343
609.63201,202,119748.170717
196.168263,117,119786.124504
67.91253,86,119813.788036
74.769773,85,119841.074354
263.264142,131,119883.39089
333.046999,161,119934.341393
692.32642,216,120003.500455
82.180903,83,120030.595454
399.748771,171,120085.072914
191.295157,124,120125.067348
75.360156,86,120152.490744
292.77618,136,120195.957206
109.085254,83,120223.184974
221.749978,123,120265.202271
4.802209,53,120281.667725
46.608705,74,120304.849573
262.943669,134,120348.415054
32.071112,73,120371.905781
159.429104,115,120408.38278
248.804667,130,120449.750329
601.538049,204,120515.780791
225.086484,121,120555.047208
292.115813,142,120600.142589
358.148664,167,120654.034328
277.865701,132,120696.98995
388.714629,163,120751.527154
542.804167,187,120814.345293
520.029793,179,120878.478328
723.791897,230,120955.861293
47.167163,81,120981.801386
287.643359,141,121027.504969
245.201722,133,121070.538248
2.704622,75,121095.060765
27.200444,66,121116.199711
87.631451,97,121148.136019
51.210861,75,121172.436687
846.301219,250,121252.958452
22.19696,61,121272.530902
323.454377,156,121986.574234
468.106468,180,122046.015665
396.833539,156,122098.569438
117.188552,92,122129.366423
231.630526,140,122175.658181
112.777794,93,122205.775688
511.781122,187,122265.350531
470.364605,182,122323.915106
101.769326,87,122352.20864
459.397383,181,122414.22314
295.873462,131,122456.999634
284.719777,145,122503.509046
1245.823974,300,122600.456851
325.367765,144,122647.533289
304.050358,142,122693.82208
2009.663658,402,122822.312953
127.409476,102,122855.933622
243.854118,112,122892.489681
210.858034,128,122932.808795
158.97275,99,122975.927515
332.231527,174,123043.638258
7.44011,74,123072.431664
370.661453,163,123135.554727
522.443785,197,123210.541935
888.5564,245,123308.385993
262.846871,147,123365.595259
239.952018,121,123410.523204
876.227316,257,123508.097178
35.412319,92,123542.639431
504.810719,177,123611.641024
320.178371,160,123671.530655
210.252111,122,123717.266574
167.490473,108,123758.337623
123.73512,89,123793.372826
14.551391,83,123825.641624
163.931277,111,123868.326256
177.829686,123,123915.021985
1161.861662,300,124030.752829
102.677749,102,124069.824625
282.215588,149,124127.739276
202.250484,122,124175.131212
281.832781,126,124224.194546
201.511022,122,124270.779726
836.879502,258,124370.665807
-15.680212,69,124396.145796
972.477495,261,124508.523242
388.782368,151,124568.254473
353.739954,149,124625.365516
-17.102528,70,124650.407298
118.006857,89,124684.177233
2191.682948,412,124840.3542
202.277336,116,124884.806086
73.50201,83,124917.204739
62.022553,76,124946.570531
45.189815,68,124973.187101
198.558431,118,125017.16762
123.37425,105,125660.67698
129.093714,98,125699.009736
662.600658,217,125783.1722
292.104443,154,125841.77753
162.497491,116,125886.659274
348.051533,154,125945.713821
184.845972,114,125987.790683
426.241793,171,126053.082123
648.363136,212,126133.752377
137.209361,105,126174.901496
357.398106,162,126236.795627
666.92896,217,126318.342012
1449.861031,312,126440.085958
128.303933,93,126474.778409
420.831635,161,126536.747305
553.147873,200,126611.578252
263.477765,128,126660.906051
1025.723601,275,126764.268717
604.228932,207,126842.710046
75.917166,86,126875.044174
547.709834,198,126951.941229
7.69148,64,126975.933623
364.144766,157,127035.764259
-7.545809,61,127059.574099
281.137429,142,127114.784276
183.623428,106,127154.953852
251.694091,135,127208.01609
132.235925,101,127248.311073
-3.111336,76,127276.826302
269.709584,139,127329.385188
372.301054,163,127393.265205
187.136069,117,127471.293164
76.428466,77,127513.706514
204.381559,112,127557.16041
-27.998114,58,127579.823129
517.509807,185,127650.970947
261.973926,139,127704.197946
-5.354771,53,127723.771815
1167.001778,289,127834.986401
28.225443,85,127866.567954
565.404288,203,127942.372398
169.13022,106,127983.679222
-4.514454,67,128009.457173
354.748252,156,128068.006185
326.222074,150,128126.769884
297.147211,137,128179.052347
441.079915,162,128241.484418
252.985329,130,128292.674547
521.442759,191,128366.352257
100.552915,87,128399.568087
139.723938,96,128436.230786
1579.554104,342,128570.707369
258.481973,122,128617.787557
1113.619278,274,128724.616509
201.19695,115,128770.665328
1262.560232,305,129597.491822
29.497839,66,129622.969014
260.473888,134,129674.825693
66.397152,82,129706.359717
295.154729,135,129759.646723
421.741108,170,129825.469475
996.400139,271,129929.594229
634.322531,202,130011.793494
137.018442,111,130054.504746
310.644989,144,130110.349921
61.04334,85,130143.849764
729.525236,219,130225.985214
42.636073,80,130257.491115
517.848147,178,130326.573669
299.692772,140,130380.304706
306.00517,132,130430.443818
139.470525,103,130467.774791
222.912331,123,130516.090645
2316.241809,436,130684.234017
543.351164,192,130758.31245
879.391474,226,130847.244912
151.119044,105,130887.941043
198.578735,118,130933.712562
1299.898081,315,131055.383004
116.517132,99,131091.544334
585.168408,194,131166.972912
1347.562341,314,131290.11266
201.10152,119,131335.721139
445.973702,169,131402.094404
97.281675,82,131433.904758
111.048283,108,131473.881337
615.195837,194,131549.490888
386.862837,157,131610.372086
-40.238254,62,131634.504141
1017.649722,259,131733.886296
153.439103,94,131770.510259
-33.520705,60,131793.756413
251.443939,118,131839.900847
876.054772,258,131940.962016
39.32028,78,131970.024303
154.576971,112,132011.986305
45.530161,78,132042.901178
147.4867,98,132079.942339
407.86744,164,132144.523245
198.054624,116,132188.967071
1357.283765,308,132307.982515
515.598232,181,132378.461594
219.959472,114,132423.375845
185.293188,119,132469.920624
45.265335,74,132497.083266
637.871754,216,132580.94228
74.67549,94,132616.880254
69.235789,94,132652.423893
161.289535,108,132695.03706
385.236561,170,132760.396542
1065.000995,278,133748.395266
81.544571,91,133784.692496
750.521164,202,133863.28095
1312.563446,306,133983.626294
1296.136732,313,134102.489247
60.247106,71,134130.170082
-12.308215,52,134150.401901
-45.14015,48,134168.443527
80.736738,81,134197.898507
148.145497,95,134233.55295
64.322275,91,134269.097474
160.238001,104,134308.930635
63.205697,76,134338.702837
354.160038,153,134399.419976
29.434928,72,134426.459459
130.418185,93,134462.474941
472.608914,189,134536.066779
907.941349,254,134632.726591
1755.951569,371,134776.948311
238.194771,124,134824.326164
337.000365,148,134880.681772
78.809482,76,134909.910836
1205.631493,308,135028.78536
152.579896,112,135071.318321
593.313535,196,135147.069616
1325.949678,318,135267.624053
182.498728,111,135309.914001
51.966386,74,135337.690934
89.517405,84,135370.552092
170.99938,118,135415.186003
281.178322,137,135467.148319
2276.688514,421,135629.155488
199.384554,120,135675.602429
209.632582,119,135719.959342
190.595699,114,135765.59887
371.617651,161,135827.267269
1074.369957,279,135933.583643
140.705053,103,135972.560561
1157.267797,290,136084.975165
636.014363,197,136162.371823
180.329349,128,136211.822494
361.403403,163,136273.249011
300.582294,150,136331.282957
190.021907,115,136376.203639
142.786767,113,136420.311895
32.668247,78,136450.47375
525.244609,192,136524.156521
263.67545,140,136577.638216
1188.36558,284,136687.364384
1056.681232,269,136789.425569
988.894631,262,136889.176253
501.698354,192,138009.786217
815.698418,258,138109.226214
96.094187,96,138146.07617
147.51424,108,138188.012334
1791.497627,360,138328.006321
1603.479781,362,138465.709349
337.537197,164,138528.123223
236.595005,126,138576.233647
659.246532,201,138651.839297
360.603307,157,138712.190438
385.278539,152,138771.790197
1270.488451,299,138886.482949
570.060378,208,138969.232637
199.456092,118,139016.315459
139.272001,94,139052.510178
305.174418,140,139105.080376
663.44443,207,139185.435727
351.128595,148,139241.489409
544.031176,193,139316.414376
95.606814,94,139354.303052
1250.982218,286,139465.015428
75.246669,84,139496.775479
84.433765,77,139526.974499
1576.925683,309,139646.553926
392.940037,168,139709.274017
258.760142,126,139757.447268
63.96677,98,139795.068758
775.321031,226,139883.269805
512.46104,200,139961.744886
220.599305,121,140007.316972
1236.049662,310,140125.77692
707.346264,214,140209.082011
334.108981,154,140269.28688
110.433125,92,140305.463449
1311.548086,312,140425.122027
646.221396,211,140507.435282
585.661064,200,140584.767967
493.691083,181,140652.067928
341.861132,157,140712.24361
542.036096,194,140787.535411
78.04041,102,140826.460997
201.163462,136,140877.476958
1893.096904,388,141027.590862
418.967307,156,141087.070217
273.928597,141,141139.026524
872.736002,241,142008.325136
1079.782848,247,142105.614047
681.811206,204,142184.204929
160.066185,112,142226.611895
344.878821,160,142289.422196
854.736927,234,142381.625899
338.147597,155,142441.489444
1099.972623,288,142551.844987
1483.019217,307,142669.070389
-8.514451,58,142691.36202
543.778477,201,142769.223869
962.631074,260,142869.519271
1037.127193,271,142973.298312
728.610785,235,143061.50724
97.153608,108,143103.349607
168.185128,103,143143.465904
274.560738,138,143194.590804
293.611154,153,143253.089119
149.821822,106,143295.026345
268.533286,137,143346.444113
646.712052,212,143429.604353
1171.8152,274,143535.118633
390.748248,161,143597.26509
473.515062,178,143665.866212
1928.08678,386,143815.09515
427.399959,162,143877.733351
1293.471137,309,143996.979931
636.572668,208,144077.234032
592.360421,205,144156.866268
641.569445,213,144236.582299
-11.841722,79,144265.291006
439.386307,175,144333.696139
1350.950482,322,144456.018784
705.481672,226,144543.174379
1271.537259,285,144651.887361
506.767298,182,144721.548886
2454.523603,443,144893.123879
984.999621,255,144991.431846
1035.156184,277,145097.645898
132.253315,121,146063.784384
365.111303,144,146120.376901
1120.901224,276,146227.946234
2381.087994,428,146392.931891
185.81728,116,146437.837162
246.523972,132,146487.932871
362.459606,157,146547.096384
212.864153,130,146597.70344
461.182938,185,146666.22204
235.55157,127,146715.013559
2201.862726,398,146868.979
1730.312402,365,147009.443663
1705.686689,362,147148.860328
1350.485101,281,147256.21875
1233.588039,308,147376.729459
-11.875246,61,147399.670988
489.747116,174,147467.800598
482.85022,178,147536.218929
1275.48664,307,147653.259603
533.773788,195,147729.61679
329.024324,153,147787.270391
210.833198,107,147827.78379
208.943187,127,147876.158502
350.825475,151,147932.665002
81.506105,92,147967.628038
-8.498492,63,147991.954967
552.035606,183,148060.92782
355.952752,138,148114.383997
563.764774,190,148185.617457
1164.302952,291,148296.905828
600.158069,211,148377.082234
256.652528,133,148430.082129
352.496681,152,148489.113672
2027.587539,387,148634.962591
411.29594,182,148704.521555
1407.492851,314,148826.507771
1275.613385,302,148945.257953
185.020951,117,148990.805789
677.030459,220,149077.71291
544.164784,187,149150.001351
1443.582835,314,150338.873085
87.589961,95,150375.04543
1135.872707,284,150484.768933
659.954495,211,150568.561149
915.736309,264,150671.477551
921.940346,263,150772.702973
1224.880218,306,150889.466551
339.497379,153,150951.148485
109.453247,104,150991.849494
296.33539,152,151049.09324
798.633318,232,151140.09362
373.816034,152,151197.821648
112.977569,103,151237.147481
199.808167,118,151282.420855
529.1647,197,151358.797171
998.991547,258,151458.054534
263.421147,136,151509.678511
450.774115,175,151575.161708
771.694419,238,151667.759503
503.232231,189,151738.684321
388.973002,167,151803.271126
98.965922,105,151844.135158
1066.117442,278,151950.661204
296.098372,134,152001.62022
162.52468,112,152045.168336
230.991401,133,152095.562699
427.233794,174,152161.58593
871.020346,254,152264.783538
826.721725,246,152365.411832
461.722539,185,152440.194877
487.336406,179,152510.079181
587.013377,204,152590.715007
103.598426,92,152626.46647
327.976115,146,152681.994537
440.008802,160,152745.490162
765.857533,232,152835.080164
607.959439,208,152915.416161
41.265713,69,152940.451606
956.934707,268,153041.832634
185.79248,126,153091.020675
19.026453,68,153117.271857
1918.861066,373,153259.679789
177.854051,111,153302.164461
566.079801,196,153379.797848
125.450905,95,153414.484658
180.234379,121,153460.768962
-46.876726,45,153477.726087
76.491327,83,153508.855124
434.311764,167,154571.638481
873.267248,249,154670.252248
1760.246348,364,154811.069515
385.783264,148,154867.625112
297.70553,122,154914.185752
781.141266,223,154999.300016
1293.826995,303,155129.073159
760.266132,227,155218.093981
276.04986,127,155267.132313
79.003474,91,155301.942148
315.142192,150,155360.599156
377.996273,163,155422.215132
634.471126,211,155503.616702
-19.612338,92,155540.308149
102.327868,102,155580.760755
107.789114,96,155619.292323
828.286565,220,155715.022141
381.019,159,155775.931016
289.940552,141,155829.788333
127.126477,98,155867.748784
649.910952,208,155947.876584
23.93535,71,155975.669035
524.184634,192,156049.202717
1003.598562,261,156148.02618
928.876099,252,156247.237434
462.129004,181,156326.343322
1320.217869,328,156449.599013
24.586322,78,156479.571816
411.610774,162,156541.531735
184.093643,136,156593.397545
254.747313,136,156646.319321
635.430291,215,156729.283178
601.175568,198,156805.588919
698.478872,219,156900.778248
907.795895,245,156996.307433
723.972507,227,157081.724252
104.813771,80,157112.625898
112.415561,108,157153.801182
868.000625,240,157246.441432
330.901844,140,157300.356866
438.369835,161,157363.315477
373.788152,170,157427.315978
1973.063756,361,157581.063375
62.085747,94,157616.759297
1040.043449,268,157721.407198
1176.908567,303,159080.420213
1840.507441,360,159227.314867
263.697535,124,159287.686746
363.624799,157,159350.527972
1671.985203,353,159486.978104
228.79019,125,159536.153972
1156.481411,289,159649.315897
1218.497231,297,159767.337888
288.181093,140,159821.327444
314.107968,148,159888.451973
79.288495,79,159919.235905
584.154517,202,159999.267285
1050.087039,279,160108.784705
1234.602868,297,160223.490431
804.341548,232,160310.421405
888.933245,239,160403.546215
2586.785405,445,160588.478034
558.116372,186,160658.88609
818.360238,232,160749.874157
176.068331,114,160792.857936
1130.228161,279,160900.284602
629.552379,205,160979.378587
588.434927,212,161072.858155
206.706525,116,161117.274973
706.007274,220,161201.906722
506.766014,185,161272.418338
1122.046319,279,161381.117447
836.848909,238,161472.154569
1192.207346,301,161588.686902
903.012381,240,161691.917229
106.809334,103,161731.565643
1538.830099,338,161861.399944
1461.053788,324,161989.688031
348.904771,147,162045.521244
258.077663,126,162094.856989
1083.5048,275,162200.326906
557.797245,182,162281.604617
293.274701,150,162339.889508
282.552484,145,163523.42451
-56.681313,55,163546.926352
1135.860243,280,163658.560436
405.478264,168,163725.079419
1172.008089,242,163817.927756
108.178827,101,163856.540465
42.550548,79,163888.083996
262.898039,134,163939.729693
437.764174,163,164004.648052
718.126107,220,164100.287925
200.669945,110,164143.047743
1006.307982,269,164248.818757
1859.845675,383,164393.570526
1135.491596,291,164506.147369
427.131121,170,164570.619837
377.630357,150,164629.068693
216.470863,131,164689.475112
825.546017,229,164778.334627
354.492425,153,164837.985726
2021.117099,357,164975.401509
659.781505,213,165059.928406
1453.342936,324,165186.087876
-3.528215,68,165210.995147
61.638434,78,165240.691497
1037.833458,283,165359.681749
1704.859323,355,165484.198635
788.462908,237,165561.117213
240.176436,130,165602.494506
784.145483,226,165678.575911
828.591965,227,165752.148377
198.838065,95,165782.964422
112.697004,77,165808.686656
157.542717,117,165846.526649
810.443075,249,165929.273024
411.161461,171,166001.36562
2238.302055,423,166137.689371
1209.813607,279,166227.358431
114.190789,103,166270.424238
815.941344,238,166359.361301
352.134073,140,166413.541634
76.96383,80,166452.082005
456.601926,186,166532.191703
1790.532457,370,167743.840782
79.464082,78,167775.092972
1348.450325,319,167900.487937
23.896077,79,167931.326686
1471.338174,316,168058.055022
571.424367,203,168136.69984
1388.269372,326,168275.067506
670.025878,210,168356.594154
-48.160651,53,168377.43393
5.602171,60,168401.295659
384.785461,166,168465.302251
225.510039,129,168514.812621
1146.927551,300,168631.154434
352.688037,151,168688.229165
198.921887,116,168733.80801
2253.732373,415,168903.441435
1963.148308,372,169048.47044
535.376891,179,169117.935017
1250.410568,314,169237.972439
1626.27084,352,169372.354378
778.109834,253,169479.061564
1172.772642,286,169588.913214
252.855798,128,169639.620119
307.756381,144,169693.243561
832.975137,240,169786.323418
151.755191,100,169824.134382
1834.842048,366,169966.189411
1502.557759,344,170108.842766
2390.634522,427,170272.971528
454.10678,175,170340.767699
1306.887067,313,170463.040059
46.799631,71,170490.96056
804.414227,227,170579.35588
333.205436,149,170635.131343
60.694216,86,170679.169793
532.25784,189,170753.069598
726.329135,197,170828.204746
1765.60841,374,170973.53211
1426.426437,318,172211.577371
1580.505819,334,172344.275834
226.10552,115,172388.969158
556.821927,196,172476.561439
233.780115,125,172525.447126
511.949869,200,172603.721285
-100.560609,37,172617.949634
1158.621231,282,172728.02221
711.365035,218,172812.174917
1098.609774,268,172918.347869
777.280487,227,173006.080906
1351.010968,313,173137.716907
-28.285413,63,173162.498674
849.390169,239,173255.316852
158.823404,114,173299.779858
372.776941,171,173366.851649
1527.420321,340,173496.681464
474.532077,178,173566.177795
273.737911,157,173626.356021
211.138275,117,173680.643554
514.680857,189,173755.555015
1221.70926,296,173871.664728
810.252627,239,173963.399833
488.448822,187,174034.176617
123.084363,98,174069.836853
1606.881678,344,174204.752095
95.00118,100,174246.314676
516.482447,225,174338.514836
293.833379,132,174388.509486
150.365724,107,174429.955954
487.244236,181,174500.792554
1421.326014,322,174625.270031
901.61911,235,174716.450967
245.002337,126,174765.182245
865.280985,242,174870.832932
2406.070602,429,175038.396192
966.401499,262,175139.708238
42.321043,88,175171.901804
1074.557105,278,175279.966794
910.843495,242,175374.142052
703.781791,208,176498.051326
774.278011,230,176588.577181
103.227557,93,176623.235638
1272.287437,293,176746.938648
1404.170624,319,176873.327975
1459.439332,336,177003.642716
2400.480285,436,177170.174508
335.187304,150,177228.598988
250.206213,147,177297.91651
1233.873334,299,177414.479697
825.354206,243,177508.02334
-21.871524,58,177529.482181
1027.994885,279,177637.473997
104.785476,96,177675.272184
938.562138,262,177776.13088
1011.318861,264,177887.256919
1369.091491,297,178002.64854
1229.364833,306,178118.596202
1596.954567,344,178250.773951
1024.901154,273,178357.257897
250.731119,125,178405.206378
970.783639,259,178516.279092
508.800883,180,178586.774047
586.1347,203,178666.4571
-10.474451,69,178694.16511
160.918765,119,178740.235023
2330.190962,427,178909.355181
949.888,266,179010.817338
263.324484,138,179077.617324
1262.361467,295,179193.035043
217.591512,115,179238.551385
224.123929,117,179284.09741
1788.322177,363,179422.342927
1305.984802,311,179542.690024
1477.724386,347,179690.930689
765.777145,226,180977.202505
88.401414,96,181015.340843
778.922918,240,181109.250699
1042.98287,268,181213.680686
-50.151379,70,181240.771289
338.392697,132,181294.489336
951.681144,263,181396.866416
179.394915,101,181435.853162
225.425559,134,181498.359156
2654.203462,438,181665.714552
837.924224,245,181760.14011
1096.434562,272,181870.253101
570.549699,208,181951.541136
1841.855787,380,182109.781971
159.745971,117,182154.770974
1002.006799,267,182259.333786
1116.590501,262,182359.047945
397.006804,168,182422.541544
494.060034,192,182497.370711
1120.036346,274,182602.013959
432.589233,175,182680.025771
279.621124,136,182732.851824
1255.689375,308,182851.15121
385.320152,170,182915.662263
1250.840005,307,183032.02963
1854.408616,356,183170.375826
207.586793,119,183215.705014
170.657318,107,183267.051128
258.800606,142,183320.478446
249.504278,137,183372.299281
1919.905775,377,183520.500676
460.546344,177,183590.296532
1140.623459,285,183700.058129
211.68905,120,183747.616236
668.715645,223,183832.737939
802.278255,232,183935.151937
178.106544,111,183976.755049
1400.817239,326,184104.766804
2456.770946,427,185321.964929
268.874381,123,185370.551591
1881.067695,378,185519.166962
2132.404292,370,185676.449119
370.557698,154,185735.532591
460.964607,174,185803.457554
-59.546442,40,185819.092516
626.059305,206,185898.189035
1046.99759,268,186002.468596
1309.49911,302,186118.434076
184.448726,113,186161.553131
413.071586,168,186226.640523
2048.515555,408,186393.598911
834.966506,222,186480.784882
1146.76357,283,186591.678152
1219.060876,303,186709.694422
609.447735,207,186790.762851
146.917248,103,186829.938841
502.029475,188,186912.347566
1063.479141,280,187019.891224
1146.672716,286,187129.689585
143.38608,94,187164.893592
1986.796833,399,187319.25592
612.376354,214,187400.811646
306.94928,138,187463.4327
288.108467,148,187520.715645
1184.603476,291,187633.546205
1030.979734,271,187744.683679
102.954139,106,187785.438749
1418.511314,332,187911.339771
142.732543,104,187951.114694
1102.129928,284,188069.899553
2228.23191,422,188231.994957
138.836951,98,188270.935383
323.18046,155,188329.306144
1716.766494,354,188467.399502
1312.275699,305,189708.138266
808.446377,229,189799.627388
61.492487,80,189831.795353
199.233039,123,189879.801336
54.662669,98,189917.65577
634.994035,193,189994.065488
1504.187914,333,190121.040686
834.749156,253,190216.09336
1031.219668,261,190319.621855
13.325974,61,190342.264501
1228.887081,302,190459.5915
471.105551,172,190526.761276
387.040718,159,190586.46863
1084.553024,283,190702.199957
786.773757,234,190793.355546
1477.014603,330,190921.630902
1603.860991,336,191052.66527
1592.698828,326,191177.091943
492.930174,187,191249.572044
1368.248704,308,191368.818567
1015.318007,274,191473.611033
165.709805,114,191517.63012
609.316929,194,191593.23836
381.52905,174,191658.59824
424.882893,153,191716.755738
961.436652,254,191815.808855
78.561752,91,191850.280557
1513.536407,320,191972.615972
581.728853,192,192046.482701
637.076874,208,192126.204469
-61.627684,31,192138.615952
462.19419,168,192201.786575
4.406213,66,192227.767277
1027.340697,273,192333.33775
537.676832,192,192407.361471
994.683418,260,192508.915322
566.852738,181,192578.516399
1111.45903,281,192686.349006
881.107722,247,192778.207053
1198.268065,298,194081.13827
364.52237,162,194146.357213
1839.743238,379,194291.972016
1458.885697,319,194415.981922
969.388474,263,194518.541543
397.630839,165,194581.280051
367.921711,155,194641.765313
592.040107,194,194716.666116
1229.328017,299,194830.530871
162.139685,114,194874.984055
-22.284229,85,194906.884459
451.833784,179,194976.729753
709.383459,201,195056.090745
1624.575344,340,195187.942637
563.57033,199,195265.258475
1449.260852,297,195379.955294
1121.178943,284,195492.80922
1405.209048,324,195613.81007
1458.416347,347,195747.345481
57.457948,80,195778.129714
391.221045,160,195838.770651
1076.46922,276,195945.07384
1500.974965,344,196077.840935
109.602953,106,196118.431032
717.056542,220,196203.529834
3.226509,63,196228.159232
1500.56674,333,196356.75731
194.852029,110,196399.518914
7.491585,78,196429.02831
1152.129471,281,196535.819984
256.61032,134,196586.800178
591.985078,183,196658.350636
77.723366,93,196693.987229
582.143964,198,196769.96549
347.401257,159,196830.196781
911.902004,272,196932.452773
191.154031,110,196976.299331
130.052643,103,197016.335012
149.315909,108,197057.964035
201.262611,127,197106.112708
343.541511,142,197161.28189
1730.835418,357,198521.924916
2543.149647,443,198697.031853
447.510222,172,198763.837341
142.03585,97,198801.697796
1638.284173,339,198929.720171
215.486597,130,198978.269087
303.016078,136,199032.409305
77.874377,81,199064.745976
55.482262,89,199100.945524
264.887378,139,199155.308748
204.971533,122,199205.809301
1004.794226,247,199302.372278
209.498562,122,199349.986112
605.891544,219,199434.275048
124.216113,104,199475.016936
-47.368624,51,199494.584441
995.19136,272,199601.966878
317.606004,147,199660.233015
2584.763166,430,199827.085735
488.84606,174,199894.200522
1311.631071,312,200013.965345
542.115691,212,200093.754059
-47.65193,54,200113.241618
1074.499227,276,200221.724057
526.833792,182,200291.36331
116.995219,113,200335.253934
630.67328,191,200408.198149
247.196119,136,200460.446796
224.607106,123,200506.6033
2426.621247,432,200675.654036
991.880636,265,200778.329505
330.207587,152,200836.82187
121.718092,102,200876.346433
1618.412514,313,200995.452921
1111.105321,278,201103.679084
612.785328,205,201183.085443
594.991819,204,201260.308558
1407.270099,341,201392.002081
606.054123,183,201462.672862
1353.136557,307,201581.103374
259.241615,135,201630.997691
856.655616,249,201727.075389
222.159968,128,203044.845788
2092.816206,396,203199.665547
494.651035,173,203266.376618
1096.816285,275,203372.47375
972.237871,266,203474.89513
2602.638471,401,203629.118408
2390.641143,417,203791.532471
173.868077,109,203833.792259
84.406575,110,203875.058466
779.146933,234,203966.630042
1320.218962,311,204086.967152
1946.417659,382,204237.409193
147.358015,106,204276.547165
563.524273,186,204347.374238
581.811744,194,204424.393834
1496.257081,329,204551.575704
195.352365,119,204597.035272
779.355787,236,204688.785837
1236.462761,288,204799.116145
1853.554302,385,204947.329255
492.722383,186,205016.265113
428.636217,192,205091.44085
180.625937,120,205137.620051
1406.227659,319,205258.83268
814.570532,232,205347.936869
1267.199226,292,205461.315608
97.06887,95,205497.177992
2331.735992,416,205658.914946
192.22963,129,205710.131554
1397.465443,312,205830.442163
605.475572,211,205911.448926
454.581183,181,205981.0663
938.482303,263,206081.959374
589.921208,204,206160.728413
2585.833079,432,207538.71749
376.001912,171,207603.372021
808.534219,224,207690.462674
1881.010197,376,207838.289864
50.819656,97,207873.165563
2862.03078,457,208052.299588
1491.511365,326,208178.010199
1371.122008,311,208300.732908
529.471851,190,208373.775563
415.849365,160,208435.532988
1997.464478,396,208587.280144
862.703205,248,208684.275398
1630.407884,332,208812.121067
2043.687597,399,208968.395134
676.538678,219,209053.569295
205.1103,125,209100.881471
1513.252594,344,209231.463057
758.448785,231,209319.99445
1454.990163,320,209444.137007
773.504759,205,209522.576265
-67.085348,55,209542.61696
52.707441,79,209573.473533
611.300382,192,209648.980426
2009.311975,375,209796.493435
273.067421,126,209850.307557
287.765792,150,209914.323416
1455.58319,328,210042.497897
217.227868,118,210087.207496
2982.709393,481,210274.173884
146.140068,102,210313.394817
2111.397252,398,210465.901789
1675.637106,341,210598.8401
1258.588927,311,211910.976836
2953.578166,444,212087.472703
105.698685,99,212124.701021
369.318814,169,212190.432075
1100.893053,295,212301.360269
165.669563,119,212346.444107
460.821526,181,212415.251799
2498.899973,442,212589.475055
1621.89456,344,212724.028285
810.124919,237,212815.416751
1335.157981,301,212930.610125
508.054303,200,213007.332423
788.351314,242,213100.153492
759.687752,237,213190.179642
1082.00591,274,213294.575108
119.218569,105,213335.535896
2700.712879,463,213512.594213
417.146728,165,213576.300585
927.59963,259,213676.419167
780.455774,226,213763.175648
1468.609337,334,213888.949914
1388.100778,292,214001.708021
168.351174,106,214043.23641
696.651858,227,214130.485806
2803.430364,449,214301.59225
806.266104,230,214390.334845
714.358429,226,214475.965859
1651.75397,358,214614.164876
1351.124565,315,214735.185727
564.640811,191,214807.644729
128.671108,116,214853.672465
188.751351,108,214895.380825
42.172843,82,214927.748952
-17.62584,84,214959.357568
677.943526,212,215040.521273
576.228374,189,216341.481041
306.953474,134,216396.829396
225.627192,131,216449.838294
309.229283,158,216510.798813
1744.578591,353,216648.469567
397.586787,163,216711.120688
478.505897,175,216778.361964
1077.844416,279,216884.548049
531.448457,196,216959.975568
23.645617,72,216986.589203
146.807426,107,217027.268107
2326.316153,436,217193.181437
6.474464,74,217220.995531
462.180166,175,217290.12735
1643.485456,330,217418.35247
2380.390961,429,217580.810547
2418.905308,421,217743.536828
1143.470397,285,217852.95541
2502.176802,429,218017.686785
1469.346662,330,218144.23776
1443.398964,306,218262.883726
674.231231,215,218346.719606
2008.34108,385,218494.350307
804.965466,239,218587.21215
-6.745281,55,218608.623341
1104.906615,281,218714.380306
233.071925,129,218763.064232
2120.144538,410,218919.870549
949.488413,258,219019.775147
654.255176,206,219100.932323
1569.325309,338,219232.431898
942.533259,264,219331.878747
125.639096,100,219371.6889
2156.122965,415,220670.549895
1396.709167,298,220794.0555
875.558729,256,220896.79739
488.898582,178,220968.551981
1485.318496,339,221098.174206
67.756374,101,221137.962925
1352.077448,316,221259.10536
1234.071906,305,221374.957581
1372.213776,321,221499.289184
-10.115686,70,221525.717098
1497.00074,343,221655.621416
646.218315,174,221722.830952
2332.168974,419,221882.46155
1365.634963,314,222005.210092
361.714942,144,222060.41441
2026.036777,379,222208.139398
97.500697,105,222248.020946
2352.490727,428,222412.329032
170.51359,113,222455.570972
719.714304,215,222540.522079
1005.524257,270,222643.773072
232.802855,130,222694.319089
276.841782,126,222744.642614
397.579199,142,222800.509392
1201.407306,283,222911.750474
584.86995,208,222993.216759
635.987255,202,223070.681016
2315.140355,434,223237.017755
722.270801,226,223323.247959
1017.128756,259,223424.14902
796.590331,230,223511.649582
781.758615,238,223605.458425
2565.608471,416,223765.335852
488.026997,184,223835.530617
2097.330851,382,225155.654224
303.850482,129,225206.399046
156.696775,106,225247.959378
1296.75652,314,225368.267477
1811.93127,363,225511.290787
1420.725129,326,225638.166361
429.391072,170,225705.76148
1889.758046,378,225854.263199
356.046093,153,225911.760347
2227.314115,388,226061.270384
1947.734239,391,226211.227653
960.063549,257,226312.943808
143.973128,101,226352.248113
1436.033117,323,226476.783835
1893.219113,381,226622.449568
2860.279339,455,226799.469201
1443.906642,328,226924.957414
610.731661,210,227006.876347
143.694745,120,227051.111634
-115.778317,44,227067.101033
586.615489,198,227143.926952
443.104979,176,227211.291136
1639.163105,349,227346.658708
164.342024,106,227387.738832
82.31776,87,227421.151105
1010.930113,262,227523.034427
1446.848593,330,227649.673595
1047.116164,276,227757.676361
1870.29649,373,227900.571035
760.247904,222,227986.463792
219.672236,133,228035.821796
524.846145,190,228109.265229
2240.437204,418,229475.295089
1203.691469,297,229591.75376
267.209686,143,229647.304723
184.247483,120,229693.138128
270.816585,130,229741.742047
253.198409,130,229792.34529
510.38095,195,229869.834143
173.169735,110,229912.138897
559.585582,183,229982.545782
1813.63539,365,230123.291411
182.315791,110,230165.826015
1032.211826,282,230273.340074
1867.288144,379,230425.184227
1600.704542,336,230556.447029
345.134539,150,230614.095805
363.936394,150,230669.165227
594.403784,203,230748.111583
178.140837,118,230792.961803
1326.341508,302,230911.148838
1233.868782,308,231031.511175
1388.393852,282,231141.886827
1361.828194,321,231263.604025
1524.975712,334,231393.740296
63.387481,79,231424.571809
1165.041407,283,231534.506099
1178.194322,304,231650.454352
217.13508,133,231701.942434
79.025986,83,231734.560257
839.656233,255,231832.042629
162.238827,128,231879.081033
2518.152132,431,232047.054855
855.835733,255,232144.255729
1608.297761,344,232274.070596
309.665929,150,232330.940632
583.402902,197,232405.900141
250.190742,135,232457.143631
18.975857,55,232476.451404
1390.44288,332,232605.156439
1695.925576,371,233901.809503
1462.234333,332,234028.126592
1130.714666,287,234141.214475
465.792314,168,234204.749776
628.072929,228,234289.095539
1332.960035,305,234405.724598
1671.755707,364,234544.850209
184.80649,111,234587.917697
2325.15785,428,234750.59029
2596.882633,437,234918.213139
-73.663075,44,234935.187049
895.203136,238,235027.536552
1149.165399,283,235139.884666
1345.63701,307,235259.32943
715.399525,218,235343.302163
285.726209,144,235399.828012
419.458718,181,235468.787147
238.714679,133,235519.314065
1136.181735,285,235629.753633
2537.766979,426,235793.770668
1016.15403,265,235897.371674
69.371036,97,235934.769804
600.956413,208,236016.358781
1114.833504,283,236125.498471
2676.787772,435,236293.821123
2886.547808,451,236468.563699
979.47677,274,236573.527795
665.589275,215,236655.806218
-57.000369,30,236667.529716
1039.652553,271,236772.713198
784.031939,233,236863.257134
-79.305198,44,236880.935733
358.471195,166,236945.896144
255.700328,128,236993.723342
2146.40631,379,238365.324318
-51.234981,56,238385.584749
16.540414,64,238409.307359
200.297272,117,238453.793664
153.918724,122,238500.480445
1059.883171,261,238601.905856
828.198011,248,238698.163676
993.761057,254,238797.596614
1256.168316,307,238917.043061
254.433074,139,238972.162479
946.493836,256,239069.9493
779.372297,233,239159.767632
1686.71189,361,239301.838929
1112.036922,257,239398.849994
498.561412,196,239472.617909
2484.126534,440,239644.650789
1443.20476,328,239769.476046
256.102296,137,239823.25253
359.442868,149,239881.353269
1390.095243,306,240000.692443
1075.762923,261,240100.902474
1463.774429,322,240226.403209
558.080501,212,240305.540538
171.450101,105,240347.589789
1820.669579,350,240483.774774
7.031434,56,240505.558596
304.906107,154,240561.516658
1373.662228,313,240682.928488
174.155775,116,240728.646905
1461.6572,314,240850.606317
2796.363021,432,241018.963115
1076.97151,273,241124.471586
216.285687,132,241173.392572
1621.845658,349,241308.61069
1812.684192,371,241452.338243
648.14014,207,242980.764074
2401.612098,440,243152.136163
1111.750034,274,243260.611806
2797.260491,450,243434.197183
249.505977,128,243484.901935
1750.047599,366,243626.015193
180.559836,104,243666.675078
1181.407492,297,243781.723048
1585.860156,349,243915.447744
2267.185793,426,244080.71859
401.246679,169,244143.394606
912.992016,252,244239.16044
1503.201791,328,244368.513782
1134.031738,298,244480.316289
785.501037,229,244567.810431
2013.676707,376,244712.945418
2790.386622,429,244877.316869
2466.218197,440,245046.124221
207.438308,129,245095.971962
1124.254259,282,245203.696162
610.301718,199,245283.63316
2595.52617,435,245462.330103
562.147724,200,245544.985086
1895.19108,370,245697.142669
381.549875,159,245762.458844
1665.372334,360,245911.212432
668.270049,212,245998.658601
1124.283973,286,246116.707151
16.987848,57,246139.121264
1110.229334,299,247558.882491
157.674159,124,247610.555187
2756.801244,438,247779.108132
521.779185,188,247848.611716
796.30269,234,247940.686427
891.093747,252,248037.662232
177.199962,116,248080.657325
2075.085666,399,248234.842952
1618.440199,337,248365.742082
947.887807,256,248463.932893
2727.797001,438,248633.317064
1556.89185,344,248766.474302
482.674021,192,248840.020282
2278.180056,423,249003.240953
1361.90724,312,249124.100072
1158.203884,300,249237.567971
1788.920744,361,249376.672135
1132.538983,287,249487.304093
1167.383015,285,249597.623406
1562.353825,335,249725.70149
931.368658,260,249824.588298
255.913179,128,249873.756289
193.383152,113,249917.501321
82.044445,95,249955.68532
77.809928,86,249989.026077
576.586545,212,250070.26169
2590.700132,442,250243.686878
1492.821374,304,250361.241287
840.8976,249,250456.667268
1429.808186,332,250585.11132
546.255353,198,250663.557187
371.385281,164,250726.953847
1200.757358,286,251904.516331
1793.044779,374,252031.032285
40.548791,103,252064.198751
1219.428662,304,252163.479987
1231.76405,307,252263.163367
120.898134,101,252296.655527
225.090736,134,252339.135059
2409.779481,421,252473.70942
2449.791382,426,252611.104484
201.498634,112,252646.962442
120.479618,86,252674.742458
1863.358266,386,252818.257846
1146.650966,292,252929.729329
915.746667,262,253030.116076
1494.579297,298,253145.585945
554.202462,197,253218.899318
1821.005674,347,253352.163602
125.420061,105,253392.178581
467.351646,192,253467.824338
-98.90045,71,253494.916418
2142.375752,410,253662.553382
1569.628457,349,253795.0114
2503.074419,448,253968.216347
741.830394,227,254066.054632
2332.14303,422,254230.413773
2537.688745,439,254404.988768
-27.600014,87,254438.258133
905.796264,253,254537.260647
2273.055596,367,254692.662482
25.111534,81,254724.153779
1219.935324,299,254840.339144
301.341586,144,254894.627154
461.939303,172,256206.380134
551.970094,191,256282.04872
256.644858,130,256332.069059
2708.07533,437,256515.345465
1326.749074,319,256640.080762
403.298387,174,256706.267739
2134.059725,404,256861.73183
1719.081468,337,256993.79977
941.009326,236,257099.954876
1425.17402,314,257227.285352
2139.105088,400,257388.827912
2665.893505,451,257566.678292
1906.336842,393,257732.674294
842.248572,217,257820.682968
323.737584,146,257878.501895
2162.362379,404,258040.523431
619.369677,190,258113.229219
1072.117287,283,258226.204649
1448.467534,323,258364.14217
306.119167,155,258424.082373
454.54775,192,258498.971812
1191.490731,282,258609.114286
2673.418503,463,258789.81286
554.065306,192,258865.280791
915.123839,254,258973.611013
748.361063,233,259062.309178
1488.258884,323,259188.47801
15.472828,71,259215.395962
828.302635,244,259310.803089
2044.26892,383,259469.970311
127.945996,103,260742.278318
1754.415097,353,260885.313926
941.328291,263,260988.542638
1403.790405,321,261112.984668
488.402708,187,261183.314399
2795.130094,433,261363.679131
966.304003,260,261466.460483
1869.76278,376,261612.930342
2299.747686,405,261771.032089
451.575583,156,261828.465384
-80.753771,38,261843.861514
421.521992,183,261924.098549
939.794616,246,262020.437916
1630.939814,335,262150.06478
-34.594518,51,262169.325829
1940.728663,380,262315.161385
2873.081405,466,262506.7809
2535.658148,441,262677.611663
1713.621569,364,262817.182792
557.660405,195,262891.832707
584.975199,199,262968.119404
2182.523063,403,263136.153524
1612.698917,349,263273.17487
2026.547797,385,263422.421273
664.114499,205,263502.720564
2122.605973,392,263664.450659
1881.951006,382,263811.966486
2031.893044,400,263966.77606
2035.097174,396,265454.789374
899.38187,252,265554.143082
1111.14581,288,265667.208075
1842.307257,361,265807.144009
187.277418,138,265858.883353
2491.626993,436,266026.044979
650.273588,219,266110.943536
-36.37209,59,266133.726813
407.79478,164,266197.094728
932.039594,254,266296.150656
2042.15331,385,266444.266331
991.735419,271,266547.018481
1411.07545,323,266669.237046
181.362168,112,266711.698472
1266.001673,301,266830.640164
760.032271,227,266917.865353
1216.417958,300,267032.436411
1257.626575,296,267147.795053
1938.453607,389,267299.342294
1073.150001,286,267408.091642
-0.779997,66,267434.291527
1182.054945,298,267548.533146
216.09762,130,267598.074599
1246.970692,290,267712.017696
12.656079,73,267740.229333
612.852059,200,267816.657422
2560.314724,431,267984.881298
15.240165,63,268008.614797
2357.070104,426,268173.286705
1074.90071,285,268287.359427
1252.793473,276,268396.48254
1587.706204,337,268539.032111
1532.083167,338,270038.343664
1147.474219,275,270145.947808
970.607125,264,270250.18969
1171.76958,297,270365.686122
2352.74942,425,270531.290088
260.546911,147,270588.485808
995.165198,267,270692.561618
88.846832,99,270730.470986
1559.757026,337,270857.010863
3063.109359,476,271039.450832
272.39003,136,271092.792765
675.783906,213,271175.330607
108.511668,105,271215.412656
182.996197,100,271254.352194
1642.511174,360,271394.764011
747.822576,223,271480.339414
593.667704,199,271557.624518
511.030888,182,271629.271711
391.001946,179,271697.957615
2625.517614,415,271856.470149
849.998672,225,271941.806799
1126.475197,266,272047.015239
2590.830721,445,272215.807575
1005.55009,273,272320.678814
694.956214,205,272400.49037
1421.372987,304,272518.390124
1283.585607,302,272634.129785
664.258283,200,272712.681361
2560.631492,432,272878.535172
1172.264941,287,272990.335254
720.963742,221,273075.833362
817.05707,221,273162.770197
2920.50525,443,274652.00765
3072.81654,461,274832.33236
1274.527408,295,274949.712125
1889.634755,369,275093.182766
1460.10448,316,275213.45135
1206.340023,297,275329.638257
2440.05763,422,275491.018683
2446.613815,442,275660.074561
2246.109864,409,275818.27819
1346.812307,332,275949.749642
336.549232,173,276015.847405
1156.865714,293,276127.872447
206.951799,117,276172.817519
567.041193,186,276245.002815
2531.503057,435,276411.958741
1310.74984,312,276531.82228
1634.596451,349,276666.976622
1255.608516,316,276787.814331
1644.548914,343,276933.815022
2218.25414,414,277096.497085
233.87058,121,277143.261858
280.771097,140,277196.605804
749.532423,228,277282.962424
291.461193,143,277333.412339
691.733268,220,277419.541893
2061.614002,385,277566.569744
900.954312,244,277660.326673
579.855388,219,278974.691767
1753.519109,367,279120.141111
1408.991794,283,279232.018243
149.203116,111,279273.328839
2369.730404,430,279439.657356
267.391363,149,279498.241418
220.934091,129,279548.651705
1700.629262,342,279682.367742
252.428675,134,279733.082836
1734.486849,355,279872.311898
1001.311963,280,279980.009131
2262.367259,397,280132.934518
326.835959,142,280187.252027
1314.460803,296,280301.406472
90.46448,113,280344.229207
746.328531,227,280433.851076
77.918828,102,280471.918597
1487.715134,324,280597.159712
1539.095416,334,280727.780694
2464.581718,419,280887.906693
2518.681178,435,281057.400414
1799.747079,361,281197.516798
-119.021472,37,281211.324153
436.852736,173,281278.891436
98.380792,104,281318.807681
1491.553918,332,281445.043466
1290.909704,303,281561.725955
860.289759,242,281662.874137
1735.345733,345,281795.242908
54.271961,82,281827.096981
2574.658194,435,281996.928393
2210.680785,419,282159.486711
282.981284,127,283581.959583
1358.343593,313,283703.792629
2319.767492,424,283866.280346
518.13648,184,283938.174161
1846.897346,371,284080.309657
1165.432364,288,284191.383365
739.005645,247,284283.006666
1548.542845,340,284414.720203
1456.143413,337,284542.60728
1717.186444,381,284687.300603
2409.316275,425,284851.837987
2404.921409,429,285017.92715
2978.991367,442,285186.905838
2418.662957,428,285349.48532
2377.318839,417,285511.355628
577.407704,210,285593.206318
1373.567313,317,285716.642282
1796.548359,360,285866.220986
275.410481,124,285915.409086
333.582908,157,285976.663219
1254.718518,303,286094.572766
1710.385234,353,286229.998573
2526.173543,445,286403.860272
483.871426,182,286473.883109
1002.544398,265,286576.691815
69.970761,94,286613.143875
722.998738,229,286701.884439
823.440888,249,288216.997311
291.097117,131,288269.64482
1600.085204,345,288402.071217
2599.958162,444,288571.196388
2242.866811,391,288720.49548
1077.122114,281,288827.632042
1244.386082,294,288941.806583
3768.788718,471,289121.816369
2766.582726,460,289299.590691
1204.792801,294,289415.247023
2182.151135,388,289565.258124
-5.009939,87,289598.074248
772.126153,223,289686.834357
2508.023735,429,289851.858486
1290.551277,311,289971.489944
2244.000094,409,290125.281991
745.943729,240,290219.591798
1405.471534,314,290341.71958
1635.368951,353,290478.540571
1662.140851,328,290605.746054
1818.780574,375,290759.47886
1542.362719,350,290892.549473
2764.683362,448,291067.681944
1311.579185,305,291187.870814
376.477123,160,291248.932526
2653.253666,433,291416.452008
3257.036325,463,292939.609467
2228.896427,419,293107.980078
1900.605632,384,293258.855691
227.095572,135,293311.482934
210.43297,137,293365.219426
786.974795,247,293459.268738
548.423414,187,293531.247018
570.399541,186,293603.642232
1112.229518,284,293713.518317
989.361349,266,293816.253544
159.927577,106,293857.404365
680.974555,219,293939.733583
610.424287,216,294022.186477
375.70291,162,294084.585017
269.319977,136,294136.634802
50.40782,79,294166.91385
822.727082,235,294257.79353
-38.747603,54,294277.71617
2518.160076,435,294443.090486
816.326729,233,294532.802608
188.510494,117,294577.167668
1384.822435,326,294703.879431
998.695676,269,294807.231494
496.132867,190,294879.324003
61.769771,98,294916.992517
520.324339,182,294988.802169
-22.235256,78,295019.161767
2396.409188,427,295184.451378
2645.289486,437,295353.070227
1940.5226,389,295501.106284
-54.413387,57,295522.31279
632.88828,216,295604.476612
633.217529,178,295672.461349
1670.332539,348,295804.658658
468.604013,175,295871.578367
1957.365144,386,297385.479354
1476.756649,295,297505.962041
2377.517447,427,297671.448603
1410.343454,325,297795.90838
2002.444517,339,297927.079223
579.452864,203,298004.303988
219.262427,114,298047.7306
1087.150385,277,298155.993162
256.455172,149,298213.532186
1095.545405,290,298324.951295
2400.341335,431,298502.63989
1709.68188,360,298641.200743
1761.205867,332,298771.381286
1130.130611,294,298886.886264
462.958328,188,298959.014582
2936.186921,440,299130.113667
1242.833786,296,299247.02297
-48.02897,45,299263.959544
1212.0736,287,299373.556099
593.933806,201,299450.096796
1631.983397,344,299584.605523
878.24434,259,299684.959947
1194.723418,278,299793.51166
102.592202,95,299828.242584
1550.421929,331,299956.12997
1578.722543,356,300091.516733
1844.553303,381,300237.535798
605.331376,212,300319.950212
1216.998547,302,300438.89741
1763.868061,371,300581.714113
1222.00265,296,302149.063828
1178.884233,268,302257.669098
1307.914887,301,302374.934531
63.587853,91,302408.825192
2120.654357,418,302568.260862
-144.829266,53,302589.160053
927.974376,267,302691.968016
505.352487,194,302765.285262
1003.397717,261,302867.27424
1878.46461,367,303010.412932
42.373874,73,303038.184783
1970.695627,346,303173.456596
2631.111914,429,303349.185179
2973.871614,423,303512.218885
2024.508783,380,303659.801959
2140.221424,363,303804.927245
770.349065,229,303891.475719
1880.934574,372,304036.63922
57.488692,104,304076.378882
2045.16199,405,304231.705713
2512.575889,430,304399.30391
1679.708249,356,304536.256374
713.39096,226,304623.944739
113.718202,113,304668.218974
547.183454,181,304739.316397
2789.6135,453,304915.770476
128.925293,104,304955.954593
59.334409,77,304985.235363
2041.881826,368,305128.854319
1755.135978,361,305268.742182
2501.506119,436,306726.697714
1234.01254,297,306840.68166
1367.96893,317,306963.042444
2214.612415,423,307125.107669
984.763117,273,307230.444486
2757.526985,447,307416.01709
527.468855,198,307499.736872
1152.229448,287,307612.080668
563.062561,190,307684.432746
1214.411267,289,307799.532647
1208.133942,286,307909.998811
2369.307524,429,308075.162806
882.570205,271,308177.727536
2605.053571,436,308345.601171
1311.642048,295,308460.663976
2443.427205,427,308628.400262
429.568201,183,308698.567312
2588.6839,439,308869.532075
774.883577,229,308958.069113
1380.53068,324,309083.026902
640.460391,211,309164.402253
2725.351955,431,309329.495479
2100.53,404,309486.40872
1623.961194,335,309614.689672
113.84224,107,309655.180057
487.699762,189,309728.886075
669.613419,205,309806.365597
963.633371,230,311435.971317
1794.019309,362,311579.404357
1389.673913,288,311705.851014
1967.398188,372,311851.203383
2974.47147,427,312018.178856
2878.496346,425,312182.446035
2515.863854,440,312362.874279
2170.898028,407,312520.991603
2040.307574,396,312672.433615
104.848321,96,312710.316456
546.793579,219,312793.493826
2512.052587,445,312984.244706
1024.714813,265,313086.589206
952.877824,268,313191.294705
476.085191,180,313260.546643
1569.628795,334,313388.803021
354.041388,168,313463.420691
340.337693,136,313516.732207
2938.464085,469,313699.038862
-55.867673,55,313721.106691
339.432492,168,313783.843792
282.755618,176,313851.608998
2527.53251,430,314016.962533
1774.032218,381,314182.366452
585.598832,204,314260.144905
2805.070736,436,314425.868731
987.83967,249,314522.653637
317.528209,157,314583.741666
489.221739,187,315925.703622
136.780859,93,315962.376695
1919.328287,379,316112.250013
1574.673279,335,316240.006478
2467.175181,431,316406.056679
446.625288,165,316483.600625
3093.507979,438,316656.766337
1667.265496,350,316789.298079
1315.372913,307,316906.895244
384.959234,157,316968.185643
635.170777,215,317054.308789
279.214512,133,317115.34467
614.065957,213,317199.140955
582.798861,209,317279.317057
1680.201241,348,317414.252355
106.282791,92,317450.20737
-176.773193,31,317461.42835
2841.950618,448,317635.175264
1811.870325,379,317790.793773
1799.152189,363,317934.380681
-65.082932,68,317959.942579
2198.702077,406,318118.681629
1114.254322,264,318218.697493
398.440751,153,318289.771841
2600.965955,448,318460.391417
2377.052102,422,318624.492624
1247.902384,286,318737.186814
796.843016,246,318831.210149
2455.313846,425,319006.037388
380.80973,160,319067.990335
517.216079,183,319139.054291
589.422714,185,320788.669901
249.829538,150,320850.568895
1511.712193,332,320983.532767
2609.508208,434,321150.495388
831.448901,244,321245.312163
2257.594224,431,321420.46479
1241.274394,301,321536.322387
427.541787,156,321597.676336
1147.543963,287,321710.101064
2043.416556,408,321880.175982
586.625718,190,321954.097439
2445.127306,428,322120.805897
1084.515233,270,322224.950551
1124.505238,284,322334.236345
215.958487,138,322385.525449
2238.036646,404,322551.844586
1264.248306,295,322668.204258
2385.197925,427,322832.382482
1038.178479,264,322935.844864
475.344212,188,323006.947513
1507.902403,328,323145.826157
170.790377,130,323195.327278
199.956284,107,323236.425292
576.945917,210,323317.798326
1880.868628,338,323448.581605
1922.539137,377,323590.336187
2678.533654,440,323771.34885
2157.121203,414,323933.277133
517.108737,178,324000.092892
105.1207,89,324034.649252
1356.71653,308,325571.758793
1813.494913,368,325714.095429
3540.81249,461,325892.28862
1963.022915,399,326044.55283
1276.388829,297,326171.648489
519.748077,185,326243.786239
911.456963,249,326341.119427
632.610106,205,326419.676649
2523.922894,432,326585.554946
633.075459,211,326679.372291
489.611088,202,326755.099138
1384.773364,314,326876.911961
179.193305,110,326919.372152
676.022379,218,327002.586471
1238.478258,299,327117.066265
1527.402365,340,327254.83057
997.813644,257,327362.343404
562.461562,204,327442.01311
2309.969206,405,327597.665089
2400.066454,427,327760.806065
249.445056,134,327814.334976
1025.087924,271,327928.963628
959.946604,265,328030.637997
34.550788,82,328062.380796
338.95961,149,328120.354603
913.828001,252,328217.055343
1692.155874,347,328353.500048
1464.751579,323,328490.348339
944.600413,266,328593.069116
2476.665624,431,330128.190612
2531.752256,428,330311.51378
1554.042381,337,330444.34613
1881.082965,377,330589.160867
1565.004816,340,330719.410341
28.404215,81,330751.071975
1770.271282,362,330904.741785
1552.914677,319,331029.519509
277.096879,162,331091.997161
344.282941,158,331153.561839
195.600738,117,331198.42284
1620.752336,332,331327.849095
1727.834517,358,331476.722585
1000.914242,277,331585.560318
1655.406203,343,331717.270251
1251.964079,306,331836.024304
1037.253213,272,331942.434022
210.773362,116,331986.709271
2452.682076,432,332167.725497
88.535575,87,332200.963366
1218.341165,274,332307.141102
1846.176749,349,332443.825063
1368.148743,314,332567.673909
1531.580542,337,332708.808537
807.230053,204,332787.145076
45.515276,78,332817.646116
721.305434,223,332903.450768
1147.368342,295,333017.462416
1925.616326,379,333164.502742
370.040497,148,333222.179155
226.74232,114,333279.051385
428.907895,172,333343.206801
3113.06144,465,334915.318223
716.912942,212,335000.012236
1107.273928,281,335121.081456
1438.385627,316,335245.84271
2546.201199,446,335415.826542
1846.314234,356,335554.724977
2263.075387,411,335725.8524
1469.365321,329,335849.722641
2128.916802,391,336000.698756
2551.827296,440,336169.89127
220.285676,127,336219.696488
2378.596321,421,336398.19685
320.453219,160,336465.904487
48.941005,94,336504.287759
1567.950042,344,336639.83639
1079.863408,276,336745.57537
485.942464,188,336817.363665
1408.831649,318,336950.00841
94.518754,88,336983.578101
302.642673,122,337032.148222
223.014862,114,337074.202333
2427.286072,434,337241.194926
1116.391986,278,337349.304124
1041.508924,260,337453.250952
1011.013279,256,337559.859791
2832.861429,450,337735.918576
1145.297972,281,337844.676958
1586.332994,359,337982.870324
1182.00662,275,338101.786842
974.734656,265,339570.352768
1548.558145,334,339699.861866
1457.76741,336,339832.158754
2164.987159,399,340000.40446
206.966415,132,340052.546089
1114.043208,310,340173.51701
1388.826011,315,340295.941659
1323.545829,315,340418.389779
858.455518,247,340525.820713
1890.89083,379,340670.544124
497.662181,184,340741.451523
2428.402976,420,340904.149468
2377.989498,429,341081.987273
587.638371,195,341157.120982
2452.092716,427,341319.452599
2813.927539,429,341484.544757
1518.178263,326,341610.453433
301.77683,150,341679.752132
907.97337,260,341780.194071
850.593954,235,341870.690223
1049.15504,266,341975.78557
1010.667847,267,342079.815609
1164.547674,257,342178.018828
2588.37462,439,342358.886479
3150.306214,455,342538.140222
826.138708,238,342629.511662
2698.325321,394,342779.576738
1228.755189,301,344312.635496
48.145127,84,344341.93269
1633.422514,346,344455.275867
1776.028884,376,344578.6756
2686.048617,455,344745.157164
700.538955,210,344814.801225
1659.317666,308,344913.207729
274.020043,127,344954.731901
-7.836199,71,344977.257819
1996.464888,378,345106.680422
2153.913131,403,345274.131529
2536.405027,431,345440.065933
492.751545,190,345513.986158
300.430506,158,345575.235006
380.443737,154,345633.590027
1949.090648,374,345778.556669
1414.565115,310,345910.292945
2450.828105,442,346080.974638
2674.435323,424,346245.187202
2453.338602,415,346403.761152
544.693149,204,346493.476349
754.159166,237,346585.439162
1123.145686,278,346693.062854
362.873911,154,346752.230556
3126.243241,457,346928.08315
1160.002029,272,347032.91515
950.875577,258,347146.943368
1270.484051,294,347259.821147
2685.197135,449,348759.725434
257.058046,145,348877.014311
-30.064696,41,348914.126591
1042.567433,257,349092.574082
639.996821,223,349235.681187
676.144338,229,349464.221643
459.25136,190,349724.942282
1051.331781,268,349904.015567
874.877405,250,350019.442803
833.36875,245,350151.281468
1495.372926,318,350295.139199
25.992459,83,350339.073428
2011.051481,397,350524.226959
1087.32457,260,350675.899139
734.875205,225,350786.061257
2417.763006,435,350985.8464
2970.559188,467,351182.886476
877.33077,260,351331.925012
2560.697093,427,351537.556377
912.483545,246,351648.515567
2420.501044,430,351933.988015
975.102967,262,352074.198097
486.408581,171,352152.024298
1302.490386,305,352293.734622
671.998647,227,352410.404903
898.924168,256,352605.390601
663.266465,192,352737.695565
1637.685846,359,353044.026201
2361.031528,418,353645.921055
612.713464,194,353920.748051
497.187486,189,354140.678172
939.559521,258,357440.649804
396.482788,165,357559.486036
869.176897,246,357694.483678
372.273425,174,357784.845779
1146.255889,274,357954.017521
1476.509335,306,358119.168088
1190.674951,292,358248.737082
409.057332,171,358314.994799
367.076206,165,358392.733766
995.536649,270,358580.939596
2544.749144,438,358760.289428
2068.335787,353,358902.969134
1655.258465,359,359054.688985
241.390849,157,359117.456031
78.098923,103,359156.768602
1764.935805,354,359291.988989
23.211084,83,359324.270946
972.383212,258,359426.679049
1941.601153,360,359568.130941
1606.843818,345,359726.241795
1983.485532,372,359874.109483
2530.855308,437,360040.901714
2372.466146,429,360205.879649
1570.609403,333,360354.419804
791.821775,236,360442.997233
319.715307,142,360498.64426
2595.262724,444,360672.326873
124.704672,94,360708.943575
1120.403799,288,360820.704249
1107.867877,282,360946.824502
1695.453328,337,362362.955702
795.948974,237,362466.490191
496.111337,175,362536.847196
1845.407669,366,362695.10393
179.257414,113,362740.116451
889.998976,255,362837.362225
2077.08282,375,362981.47072
2363.274768,429,363148.657494
1046.623157,266,363248.822236
173.668795,100,363287.713064
1867.461068,352,363431.257108
1399.259358,307,363552.246485
1523.861407,328,363679.101698
1390.599373,299,363790.812236
2697.123981,456,363967.049855
1634.8756,361,364103.917815
1057.535947,288,364212.26001
161.55978,122,364259.759423
2390.679872,433,364423.414805
1441.378532,328,364547.400364
1863.671584,351,364678.740981
1772.554559,363,364819.539505
914.578664,249,364915.926007
503.120524,188,364987.273041
2221.426467,365,365125.566814
1992.712168,396,365278.909119
95.897049,78,365308.442773
1050.034832,283,365417.040101
1503.802204,335,365544.713109
1443.241944,336,367230.03394
1887.988696,382,367382.450291
-17.613392,61,367406.496334
2348.690327,434,367592.895097
-116.978424,41,367608.44133
1034.176993,273,367713.299601
230.618178,124,367759.455875
1461.018185,326,367884.84182
580.721169,196,367960.987285
90.955854,96,367997.43164
1447.720432,314,368117.156083
2022.401011,382,368262.828385
2491.391473,427,368426.337032
825.756144,253,368524.64161
1142.13003,292,368636.656264
2976.182182,450,368808.146845
2883.06556,431,368974.313178
1608.473694,346,369104.219149
311.770897,142,369157.341571
1218.341619,290,369269.816428
2522.235549,411,369426.681148
-103.726939,55,369447.428878
2435.832494,427,369611.48579
986.38414,266,369712.229456
1283.028126,303,369827.606613
2283.96054,420,369987.183656
838.903633,227,370073.555891
1736.291797,353,370208.219542
584.078411,202,370286.447382
258.040169,136,370337.377421
244.543217,135,371845.90368
2941.928768,468,372029.440089
1065.884523,288,372139.791537
1934.53641,382,372286.925701
1668.669537,350,372421.237302
1566.646049,328,372548.210186
2757.235284,459,372725.477287
3001.713771,477,372907.008474
734.670629,220,372993.157317
635.053828,209,373072.039238
2786.965109,456,373248.730763
1375.016071,320,373371.883378
1118.920478,293,373484.112756
1228.285247,293,373596.328441
169.142747,103,373634.802107
1388.798248,324,373756.853765
2504.263608,427,373920.858583
2081.026219,386,374066.98505
271.330668,121,374112.202102
2338.991806,418,374273.892303
2327.971861,426,374449.830087
1496.01552,332,374578.87713
96.485808,104,374619.430064
2504.34794,428,374783.289258
2042.770576,393,374933.40504
1497.39258,322,376465.581807
2460.617508,435,376637.54803
183.579852,116,376680.885789
2463.088476,442,376850.594905
1301.072925,305,376970.055197
2314.711118,426,377137.140151
2549.472024,437,377306.1963
534.038861,192,377380.746432
2783.90781,454,377554.181697
116.498313,90,377589.260794
294.209722,143,377642.654513
1333.773878,301,377755.552409
399.173353,166,377817.317774
42.162581,82,377848.943765
1049.185844,280,377955.700812
1336.60851,310,378074.08608
2266.392841,415,378231.034005
741.736099,223,378332.176567
1026.041194,260,378432.030686
1350.684213,329,378556.124077
654.677381,228,378644.076482
2828.161476,431,378808.251601
2851.812476,433,378973.622923
986.725616,270,379076.340221
126.822628,112,379118.425977
121.906081,102,379156.208788
2611.584348,442,379325.017275
139.961963,106,379367.246227
463.58612,179,379433.847257
875.672255,255,379529.564562
144.620409,110,379571.752052
2638.681192,438,381128.487422
2241.37179,390,381282.094271
1912.343079,376,381429.804577
2211.440443,395,381582.702843
440.193272,183,381652.401317
503.371869,195,381727.628818
102.284564,88,381760.444253
2868.281469,447,381930.949295
375.906641,149,381989.218929
1608.54017,354,382126.091552
587.69832,193,382199.600765
762.568456,225,382283.654773
1654.548124,354,382418.465093
1468.949717,323,382544.805833
476.433826,172,382609.6091
2866.314075,441,382776.765127
139.89501,95,382813.544462
1396.734815,310,382930.507915
2339.797983,384,383077.199618
42.734344,76,383105.78053
2421.100847,429,383273.973631
1556.270886,324,383398.915134
1595.007036,339,383528.876956
1468.153689,338,383671.567616
1974.444585,375,383815.619747
1108.012683,261,383916.467296
1051.113061,271,384019.156149
2952.190466,479,384215.575377
1517.168811,342,385888.387002
2454.662102,433,386059.119922
1935.113131,387,386210.364459
1924.080913,379,386356.542641
2414.759402,423,386521.80189
1444.029386,325,386642.893934
1735.347401,373,386785.21272
2038.318457,390,386936.537565
136.495768,100,386974.342844
1486.424379,312,387092.668015
927.995623,260,387192.46437
2487.328421,441,387358.392653
1707.903202,362,387496.554132
1332.229816,305,387612.183367
2116.403939,372,387753.349695
865.079015,237,387859.127056
1176.427437,289,387972.236748
1574.433427,303,388083.031562
2459.833109,434,388245.835025
2315.128873,412,388409.221667
2176.731127,406,388567.169663
1874.609705,377,388710.219193
582.93993,213,388790.378697
1873.624442,365,388930.773438
865.318511,246,390497.391043
1870.334491,384,390652.909275
1411.798807,315,390773.991018
1378.687678,307,390890.029501
491.996653,188,390963.773177
298.776634,136,391015.459562
643.557885,195,391088.910574
1186.044855,279,391197.473789
2637.233651,458,391376.209831
1633.778673,351,391510.09853
28.13846,67,391536.965397
1241.300492,307,391651.500084
1211.535709,296,391763.832444
1488.792039,318,391886.271741
803.304534,235,391976.91713
796.71496,230,392082.337578
1189.201685,300,392198.27752
320.648654,143,392252.847759
1722.727871,357,392390.687391
518.942321,191,392463.868881
1106.159574,293,392576.316777
1276.799726,288,392687.352844
1751.521741,368,392828.433078
1340.425694,333,392954.699917
1303.849352,304,393071.115967
1475.304791,326,393197.839879
1761.03317,369,393338.581599
1446.205089,328,393461.890122
1065.026781,283,393571.132221
2856.526859,438,395049.455227
254.4094,133,395100.539366
2478.202081,436,395249.066145
2668.166068,439,395394.972324
400.642743,163,395448.606503
347.743992,152,395498.480741
1505.670082,340,395608.901283
277.258287,146,395657.756271
1344.787174,310,395759.595909
2548.96095,424,395897.644986
662.20892,214,395967.238889
176.024834,112,396003.966719
491.851723,179,396062.742849
2274.112667,395,396193.37088
421.143958,173,396262.476899
-75.456676,34,396277.646492
575.879609,202,396344.887442
1264.813773,299,396440.888624
538.092211,189,396502.230936
25.675155,77,396527.79168
2627.701659,428,396667.854282
7.91892,56,396687.454786
1506.258258,339,396796.741179
754.387131,226,396871.004853
1399.111721,321,396976.8492
2319.433862,428,397114.918376
1403.722365,286,397209.216816
1231.415735,297,397305.69599
2371.973188,414,397440.225775
196.110695,124,397480.171538
2759.421897,449,397624.882142
2745.838622,456,398967.910609
1603.452785,351,399091.223377
1235.930504,298,399189.103125
1661.730147,362,399308.166785
2523.521861,415,399443.963887
1933.916307,392,399571.772587
2284.434064,415,399707.180036
1212.42073,291,399801.403694
2193.091313,420,399938.111989
216.330354,118,399976.511152
1714.553247,325,400080.698448
1632.06429,337,400191.847906
1511.601233,325,400298.054845
2374.413506,434,400436.42909
975.186602,255,400519.034704
257.580671,139,400562.996274
1492.581422,334,400670.333142
976.656388,258,400754.816332
1227.728132,304,400850.552991
1539.638073,333,400956.800341
2543.181662,432,401113.981548
1531.480858,332,401222.4125
2601.20271,436,401361.216623
1184.113741,278,401451.531512
150.692158,103,401484.38318
2507.196642,432,401625.460439
