#{"t_start": 1776774591.3913927, "env_id": "None"}
r,l,t
-328.644812,13,17.431342
-333.576786,15,22.505807
-238.914869,19,28.556947
-281.449915,19,35.915065
-292.657722,13,41.314608
-283.546724,12,46.445253
-249.369095,19,52.101395
-298.783337,12,56.853225
-165.574616,19,63.079961
-306.581238,18,70.555646
-294.88597,16,76.245154
-296.73517,20,84.732202
-270.928121,13,89.304217
-253.536907,20,97.789188
-383.491956,18,105.424617
-187.41635,15,110.16973
-263.341275,9,116.363221
-188.295091,15,121.438999
-201.133766,22,129.441241
-339.132448,11,133.128862
-305.596372,16,138.085635
-247.863318,23,146.538656
-349.27635,12,150.563339
-297.543724,23,157.612204
-260.150957,12,162.112474
-269.893211,17,167.986459
-298.607516,14,174.2564
-290.119454,18,180.715508
-178.414606,17,187.190979
-260.06247,16,192.904656
-299.049685,17,199.111408
-287.49432,15,204.34824
-269.131137,18,210.358745
-241.657854,18,215.886789
-223.579713,18,221.352925
-257.248033,15,226.079982
-261.908285,19,232.792941
-298.808678,19,241.208291
-280.517697,18,248.643915
-327.572499,21,256.545506
-281.967773,14,261.810382
-245.698129,19,271.898797
-320.162875,18,277.689288
-276.784978,15,282.884225
-285.055858,17,289.580509
-264.552592,14,294.105547
-324.566279,20,301.18642
-280.040402,19,308.776941
-241.740554,16,314.756152
-158.729666,13,319.071196
-290.751837,18,325.253458
-300.811103,15,330.343867
-199.247008,13,334.580841
-353.880887,18,341.838809
-221.37647,22,349.147336
-437.594702,19,355.435843
-283.660849,19,361.456052
-281.099109,15,366.807127
-302.742903,11,371.675475
-295.002647,15,377.149446
-309.348952,18,383.662989
-281.228125,17,389.409231
-199.866655,25,397.726614
-218.63906,20,404.085848
-242.248533,15,409.723394
-311.63967,16,415.168054
-267.277712,20,421.487787
-297.178529,14,430.069098
-184.154549,21,437.095047
-376.372787,16,443.857922
-306.073663,12,447.683291
-308.535094,20,453.916413
-268.431524,25,461.590324
-245.277614,18,467.972453
-390.850019,21,477.031108
-248.290128,23,484.469192
-317.673608,19,492.342969
-281.850976,15,497.400639
-232.714926,19,503.437099
-234.18023,20,510.610893
-301.555993,13,518.352376
-293.586763,13,523.74651
-277.132918,16,528.904937
-271.334755,16,533.891139
-285.343289,19,539.900244
-251.426357,16,546.662704
-247.478981,15,551.891325
-262.850136,21,558.738809
-268.549173,12,564.442195
-169.127152,11,571.233181
-248.568578,16,578.002798
-261.450176,18,584.83297
-294.73753,11,588.64717
-298.799054,17,593.952873
-240.143952,19,600.171956
-278.153804,16,606.382469
-203.189696,19,613.655297
-370.051516,19,620.452432
-246.197333,18,628.935658
-269.040217,17,634.525424
-276.060418,18,641.624754
-279.415366,14,647.174684
-270.070531,12,651.681098
-229.337399,16,657.256576
-253.252512,13,662.216545
-270.704314,11,667.589504
-267.187871,18,673.892945
-283.759398,19,681.517945
-282.639499,15,687.473717
-277.680801,25,697.962837
-289.835554,17,703.000085
-274.664829,16,708.694852
-222.832951,17,715.907098
-330.75153,20,723.437809
-293.575225,18,729.626174
-242.04165,10,733.649156
-292.187633,20,740.57922
-213.068356,19,746.637049
-286.333586,14,750.789509
-303.662375,11,756.075453
-220.814598,20,763.200551
-274.115541,13,767.012594
-293.047267,18,772.857656
-315.203953,14,777.562426
-263.129467,13,782.675146
-289.785206,16,788.386533
-274.972548,16,795.324347
-257.437527,20,801.597312
-288.159222,15,807.083837
-249.930957,18,812.451898
-257.263194,16,819.157028
-229.353596,15,824.749467
-308.088159,22,832.754497
-272.807938,10,836.973154
-228.51075,12,841.93541
-248.047405,16,847.330938
-243.953819,16,854.495784
-277.297235,15,859.415783
-196.168103,19,865.376502
-320.472146,22,873.802044
-300.240407,16,879.887542
-152.209648,14,885.065105
-244.050009,17,890.655627
-260.988257,17,896.552143
-320.510451,17,902.049737
-325.366347,23,908.949067
-237.517003,14,913.444585
-316.633329,16,920.631265
-172.02952,11,924.819159
-284.856645,21,932.268664
-273.97292,11,936.267535
-226.548468,21,942.617821
-271.182931,15,947.267397
-267.73695,17,953.520585
-331.432067,12,959.826601
-285.300347,16,965.372819
-283.236474,13,969.519962
-236.74724,15,974.376085
-279.734766,16,979.532371
-383.882887,18,987.824083
-319.620916,15,993.162413
-260.688679,24,1001.573593
-366.475169,16,1007.818374
-260.848654,20,1015.069908
-286.823865,18,1020.949591
-279.058357,18,1027.660455
-227.486005,19,1034.834099
-347.974596,20,1042.048263
-335.997794,15,1046.930402
-237.127223,22,1054.009702
-221.275828,16,1059.199913
-272.256837,19,1065.08814
-312.307463,15,1070.588878
-252.210505,14,1075.403981
-221.524552,16,1080.608284
-330.7171,19,1087.865145
-148.103496,13,1092.873106
-160.733519,18,1098.324668
-300.15432,14,1105.074972
-261.958069,19,1110.917926
-266.422026,17,1117.857995
-249.387698,19,1124.355853
-273.899987,18,1129.820679
-274.088824,20,1140.095951
-224.28366,23,1149.13277
-350.72777,16,1155.044474
-341.23434,14,1160.392486
-252.356442,19,1167.386495
-304.871641,18,1173.225724
-253.582377,18,1180.059349
-489.128217,21,1188.595045
-216.548925,16,1194.485532
-366.139899,17,1199.556429
-158.332565,10,1203.52719
-340.815054,17,1210.041786
-289.144263,19,1216.75159
-386.498795,18,1223.102001
-393.435777,17,1228.859101
-281.741589,21,1236.320958
-275.164932,17,1245.324696
-271.721462,11,1250.037162
-243.527415,16,1257.433351
-326.927119,22,1265.106079
-255.079655,16,1269.828379
-281.740109,22,1277.319815
-260.137516,18,1283.376899
-247.353337,22,1292.300208
-274.810971,16,1297.035267
-197.159974,16,1302.153917
-203.360146,17,1307.48388
-283.703775,9,1310.990632
-334.175067,20,1318.350461
-239.021008,20,1326.268014
-304.563126,16,1331.526824
-286.604367,15,1336.422844
-331.817835,17,1344.512293
-182.356034,20,1352.388954
-260.4932,15,1358.516786
-279.015971,17,1363.672696
-251.578015,19,1370.654153
-297.184275,16,1375.941191
-261.551921,18,1382.00493
-263.140246,17,1389.001283
-307.581664,17,1394.439871
-289.153426,17,1400.698438
-228.450537,17,1406.477286
-348.039887,19,1412.060699
-314.053428,13,1417.745011
-278.234955,13,1423.15229
-252.161269,14,1427.884919
-189.449533,15,1432.85176
-251.440091,15,1438.123798
-335.728029,8,1441.106697
-284.513377,17,1446.643087
-253.029708,14,1451.468611
-239.778548,20,1460.050153
-219.159907,16,1465.057858
-249.663543,15,1470.453008
-239.646604,18,1476.462557
-242.373481,18,1482.40579
-282.665429,20,1488.706821
-301.668681,20,1495.605929
-252.828866,12,1500.974684
-269.49986,10,1504.862883
-344.207691,13,1509.143949
-302.028767,10,1512.906646
-329.62279,17,1518.298325
-317.562185,17,1523.646008
-236.194221,16,1529.430424
-315.167781,20,1538.315672
-202.796487,19,1544.345072
-282.56352,16,1553.10102
-247.918456,15,1558.674898
-263.078713,15,1564.193404
-225.459932,16,1570.21692
-258.122376,17,1579.527963
-305.251171,19,1589.615016
-294.566676,21,1597.214464
-265.244785,14,1601.794532
-219.142806,19,1608.082803
-336.721339,25,1616.483565
-244.071029,14,1623.813549
-226.031581,16,1628.886604
-240.958399,16,1634.606641
-284.488172,18,1640.931149
-247.261983,16,1645.864828
-261.892885,17,1651.214398
-285.86442,13,1657.095597
-282.567148,16,1662.720516
-226.452063,12,1668.127218
-294.677327,13,1673.814612
-267.706043,16,1679.139424
-358.518958,18,1687.780852
-196.900583,14,1692.592425
-317.745827,17,1698.337205
-251.715484,14,1704.178197
-281.218363,13,1709.923041
-325.282514,16,1715.449872
-317.694382,21,1722.435153
-287.602548,19,1730.523438
-339.288785,18,1736.980953
-255.982131,21,1745.386915
-341.691373,16,1753.010924
-277.210428,11,1757.77945
-372.036418,18,1765.056533
-258.205333,20,1772.791679
-237.920483,17,1779.68565
-243.448261,18,1785.01537
-227.940051,19,1793.116135
-310.052391,17,1799.490477
-280.414131,14,1805.363971
-272.62253,18,1812.056467
-277.971675,18,1817.798251
-306.23556,18,1824.249638
-232.422347,18,1830.404258
-298.811741,18,1837.375884
-203.657185,22,1845.591589
-371.482437,21,1851.87109
-282.355365,17,1858.678484
-276.749722,17,1865.128461
-359.05722,19,1873.994833
-299.629868,16,1879.550988
-179.323384,16,1885.75014
-224.757583,18,1891.913902
-306.411187,17,1897.761844
-225.129275,19,1905.574017
-282.346451,12,1908.773201
-249.491863,14,1913.665019
-292.163415,20,1921.456415
-410.938748,20,1930.558255
-277.147466,13,1934.438664
-240.552255,21,1940.944823
-227.859448,15,1948.28462
-247.848051,15,1953.132017
-310.308149,11,1957.603482
-275.558157,24,1964.954322
-331.996206,18,1970.304342
-277.66339,19,1979.463291
-230.432952,14,1983.991782
-219.426238,16,1989.794152
-328.819412,21,1996.141346
-261.329725,17,2002.312703
-258.408928,17,2009.644042
-250.150067,18,2016.768202
-241.015459,19,2023.472703
-352.203787,17,2030.089504
-175.759787,21,2037.14425
-240.535996,17,2043.793889
-281.774914,18,2050.023457
-248.469125,16,2056.017136
-232.763934,17,2061.03239
-290.273413,16,2066.283763
-278.540359,14,2072.219178
-265.330992,15,2078.640239
-279.106816,18,2085.160973
-241.146656,19,2091.15307
-307.141615,20,2097.960015
-307.336952,11,2102.285001
-256.593371,21,2110.065174
-375.273228,17,2117.355313
-285.804936,16,2122.296766
-244.567268,18,2129.759585
-280.06165,12,2134.704708
-337.070052,18,2142.609222
-333.866141,17,2148.309197
-239.446525,17,2153.155058
-295.141751,21,2160.025972
-247.887859,13,2163.796344
-239.063564,23,2173.001083
-312.522868,9,2177.712647
-254.932632,18,2183.353077
-226.371422,19,2189.871998
-280.402891,18,2198.349979
-325.624005,19,2206.490311
-198.524801,17,2212.466136
-296.144767,12,2216.880666
-277.061741,18,2222.092782
-263.691479,20,2230.656728
-264.128128,20,2237.942217
-291.944421,17,2243.55269
-242.936035,18,2249.259157
-237.119788,17,2254.764557
-253.937336,18,2260.594937
-290.225463,14,2265.885161
-338.009475,19,2272.099376
-249.41989,15,2276.959019
-332.368333,21,2284.734351
-236.699772,18,2291.029708
-294.963938,21,2297.453218
-303.060027,18,2302.978075
-337.874365,17,2311.122956
-301.405839,16,2318.070494
-200.012201,17,2323.630016
-270.588902,18,2329.380699
-247.224799,18,2337.857084
-220.748797,16,2342.782655
-243.11478,17,2350.582411
-317.743228,20,2357.834252
-357.954192,18,2364.247531
-295.255827,21,2371.42661
-222.27382,21,2378.604956
-350.234888,19,2387.201007
-234.932887,18,2395.079163
-292.250758,19,2403.027294
-282.222807,15,2408.098884
-308.685459,19,2415.244511
-307.575844,16,2420.355543
-271.027123,14,2425.515466
-257.928915,14,2431.105005
-276.549421,20,2438.738056
-260.791061,11,2444.815724
-272.397167,8,2448.720212
-256.234907,14,2453.413386
-297.240323,14,2459.818782
-278.236801,15,2464.450084
-216.794457,15,2469.770379
-276.627288,16,2476.01637
-279.823144,19,2482.123101
-355.668062,24,2491.386382
-241.387138,17,2496.233231
-329.729037,18,2502.702843
-265.58022,19,2509.276622
-263.807973,17,2515.863218
-245.756615,17,2522.091977
-293.922135,11,2526.703181
-239.356107,15,2532.730215
-290.44507,19,2538.675702
-407.134935,13,2544.97076
-255.460176,14,2550.716484
-274.668569,16,2555.740481
-312.56039,16,2560.989953
-265.249518,14,2567.76203
-270.702366,14,2573.795875
-369.879607,13,2577.975701
-282.725222,17,2584.009799
-221.47641,15,2588.802145
-269.448702,15,2595.38371
-248.446417,20,2602.299989
-274.830319,22,2611.846433
-261.501375,13,2618.044685
-455.092611,19,2625.594886
-269.157252,17,2632.027431
-388.731378,20,2639.197558
-162.271139,18,2645.323258
-228.091207,19,2651.39396
-263.612112,17,2659.465045
-298.726283,16,2664.984366
-250.040348,20,2672.317749
-260.379238,19,2679.155214
-254.867938,15,2684.678442
-270.118753,12,2688.843612
-259.294611,18,2697.448609
-298.519827,19,2704.713572
-253.104263,18,2710.904088
-242.308301,19,2718.541523
-275.009812,11,2722.75422
-280.664397,17,2730.026658
-216.215898,20,2736.293055
-319.599221,15,2741.117187
-346.563303,18,2747.288078
-268.978545,18,2753.351063
-324.798808,20,2760.402986
-270.800903,14,2767.860362
-295.92142,17,2774.250528
-264.720869,17,2779.770249
-291.42868,19,2786.284278
-352.083954,16,2791.26813
-243.394544,16,2797.060065
-234.89068,16,2802.541125
-271.445853,14,2808.298743
-245.370317,22,2815.527776
-384.274627,16,2822.32509
-362.698061,17,2829.016176
-301.524406,16,2834.127738
-325.876744,20,2844.815145
-267.037518,20,2851.869659
-278.679056,15,2856.836596
-373.180563,16,2861.964349
-287.081549,15,2867.827443
-331.05403,19,2874.427346
-259.408182,14,2879.199863
-306.436752,19,2887.97823
-247.4561,13,2893.185797
-246.002957,18,2900.61012
-285.122172,20,2906.410764
-315.255507,19,2914.128271
-174.988763,9,2917.165718
-311.071525,15,2922.784091
-236.715347,16,2928.81349
-164.45146,20,2934.815309
-328.595493,22,2942.784944
-175.363705,19,2949.345889
-240.693035,18,2956.603285
-337.766525,22,2963.416705
-272.953379,16,2968.219168
-234.030857,20,2975.228973
-250.641755,17,2981.941411
-237.20085,16,2987.221878
-255.945104,18,2994.021571
-263.393881,21,3000.331518
-304.01893,19,3006.252805
-244.961823,23,3014.206293
-247.492238,14,3018.592359
-281.425141,17,3023.81207
-394.553893,18,3029.721304
-293.957177,18,3036.25582
-232.690797,15,3041.388783
-337.141544,22,3049.466883
-291.502379,13,3056.505624
-294.250244,18,3063.376294
-209.428373,17,3069.095029
-288.906981,18,3074.655551
-305.413083,12,3081.396424
-264.027689,15,3154.778862
-289.487121,22,3163.080544
-398.136787,14,3169.748381
-227.371367,11,3173.507727
-234.858085,18,3179.718582
-245.717865,20,3186.149318
-304.715116,19,3192.964681
-286.906794,18,3200.395501
-247.010624,13,3205.665147
-270.584875,10,3210.961916
-288.84814,15,3215.788807
-194.520847,18,3221.636023
-270.860619,18,3228.425071
-294.092464,16,3234.258326
-286.777151,17,3241.640619
-157.581963,19,3251.944333
-293.70811,17,3257.638149
-337.057811,17,3264.146796
-287.14455,15,3269.388014
-234.888519,17,3275.042314
-270.102589,23,3283.096161
-188.012103,14,3287.7349
-304.957785,17,3295.384845
-276.16551,15,3300.383894
-361.808352,17,3307.921701
-263.116567,13,3311.904267
-342.156764,22,3319.60165
-310.651948,14,3324.096131
-240.84008,18,3332.071111
-369.290005,20,3338.916169
-222.909138,19,3346.41956
-292.052713,13,3350.221637
-280.791039,16,3355.961691
-260.867208,20,3364.460949
-266.09922,17,3371.279904
-262.604207,17,3377.28197
-274.348542,17,3384.507577
-257.40148,19,3393.538822
-232.139834,12,3398.015076
-262.319588,19,3405.548012
-276.66956,16,3410.872938
-242.417761,14,3415.898767
-242.241187,16,3423.503125
-287.698247,19,3430.295455
-254.368862,19,3436.425957
-223.911616,16,3443.319853
-305.316536,15,3447.957553
-315.683454,21,3458.539052
-222.866672,16,3464.28524
-236.233226,14,3468.681094
-272.696532,17,3474.871584
-293.950631,21,3482.547115
-243.906151,21,3489.659786
-310.55569,13,3494.15244
-261.83483,22,3501.816471
-199.300519,13,3506.316952
-225.191378,20,3516.0484
-200.723326,22,3523.892838
-211.388413,16,3529.698126
-218.274529,17,3535.650487
-309.63808,20,3542.869874
-259.721707,23,3550.5856
-295.673741,10,3554.731035
-236.18753,21,3562.298289
-309.024041,23,3570.293563
-453.567348,20,3577.422956
-315.914872,15,3583.629849
-332.842506,18,3589.775347
-219.20899,16,3596.316924
-278.449405,13,3601.773677
-256.030079,19,3611.415343
-220.253168,20,3619.570303
-265.282994,24,3629.216226
-238.429667,14,3635.063002
-313.055385,21,3642.448308
-303.322202,9,3646.366198
-298.615111,16,3652.045973
-219.570538,11,3658.456921
-247.055254,17,3665.665086
-292.931143,16,3673.730473
-218.878963,18,3681.056898
-234.16952,17,3687.355141
-249.278063,22,3695.759705
-299.811271,16,3700.571909
-393.83399,22,3708.117359
-279.423866,17,3714.088761
-276.165516,14,3719.677562
-276.753419,23,3728.08287
-302.779721,16,3734.133024
-195.50424,14,3739.673434
-266.625993,22,3748.24251
-264.033752,19,3754.817337
-235.757093,16,3761.328663
-277.144042,19,3767.721287
-347.591988,16,3773.946536
-240.919197,21,3782.78492
-237.266317,13,3787.308142
-245.379122,18,3795.764637
-252.761664,18,3804.729856
-265.458899,20,3813.503152
-301.693933,18,3819.955723
-284.478835,21,3828.530752
-238.326085,19,3837.142644
-282.217814,13,3842.571681
-297.419019,23,3853.549721
-252.072637,14,3858.995054
-281.230161,13,3865.281695
-228.055961,14,3870.134259
-305.834142,22,3881.002504
-259.604869,20,3887.937787
-260.147533,15,3893.855366
-271.796045,18,3900.387954
-305.386461,20,3908.815322
-242.828708,17,3915.570673
-220.15996,17,3922.515194
-301.082821,17,3930.216299
-299.335381,20,3937.393064
-264.064713,20,3945.363663
-231.698193,15,3952.952569
-284.997824,16,3960.258608
-239.44088,16,3965.572227
-339.92909,17,3971.658747
-137.775235,14,3976.210387
-265.381501,22,3983.923261
-257.908388,15,3988.825176
-286.003052,18,3994.63909
-315.972044,22,4004.036973
-264.345856,15,4010.171304
-247.580079,19,4019.755437
-284.994645,20,4027.873968
-175.618851,13,4032.152246
-421.381616,21,4039.713636
-237.737788,16,4045.466841
-272.191977,21,4052.545282
-272.985775,14,4057.602967
-250.574781,20,4064.054785
-407.293736,22,4072.441298
-231.501862,20,4079.393445
-302.155198,17,4086.378072
-257.118916,16,4092.730764
-211.539738,20,4100.282773
-284.023204,22,4107.272122
-335.419064,19,4115.604386
-339.664539,20,4123.170906
-238.377841,16,4128.77866
-243.578641,16,4134.25067
-275.624635,13,4139.4031
-208.503905,22,4147.262311
-310.326548,16,4153.333799
-224.169538,13,4159.624919
-279.936369,15,4165.352221
-367.721105,18,4172.49862
-276.682302,15,4179.106908
-308.185646,24,4188.081783
-306.494413,14,4193.487728
-107.924144,10,4198.332135
-303.996955,19,4205.432891
-291.959617,19,4212.072115
-360.107901,19,4219.460024
-238.713765,17,4226.103554
-258.890011,14,4231.042073
-241.611279,16,4237.004416
-152.90879,16,4243.137775
-296.118833,15,4248.293826
-276.676578,19,4256.976972
-272.788187,18,4263.524826
-306.086429,15,4270.193112
-275.100547,23,4278.921537
-245.390247,18,4287.84845
-259.619906,20,4294.558387
-383.405852,17,4301.321308
-271.212524,14,4306.322901
-304.651262,16,4311.56654
-293.028618,20,4319.454534
-265.374633,14,4324.214512
-322.515805,14,4329.595851
-261.361335,18,4336.862192
-263.627529,24,4345.700365
-276.520119,17,4351.673726
-331.031872,18,4357.771608
-238.78478,20,4364.414657
-319.84898,22,4372.586391
-301.406581,18,4379.829333
-309.382902,13,4384.639114
-345.89026,25,4394.174004
-263.208966,12,4399.520511
-365.04149,20,4406.247887
-220.518111,15,4412.39045
-284.623058,21,4419.545191
-314.722673,20,4426.151998
-234.171281,21,4436.346809
-223.895871,15,4443.277047
-194.786741,16,4450.120498
-305.330815,18,4457.483039
-276.013944,20,4465.227785
-330.065925,22,4473.535334
-284.32457,18,4480.168087
-280.946105,19,4488.046627
-320.621186,13,4492.9211
-318.064305,13,4498.689441
-229.3446,20,4505.482592
-338.026647,19,4512.35974
-378.018886,22,4523.846719
-197.375742,17,4529.444565
-253.069865,18,4537.455941
-283.919978,16,4544.836621
-336.720505,17,4550.956458
-341.110461,16,4556.590194
-325.681226,18,4563.1043
-340.161569,18,4570.034283
-255.018278,21,4578.800468
-267.909796,18,4585.503169
-287.227391,14,4591.494016
-247.081711,16,4598.178222
-328.462775,15,4604.700997
-278.524301,13,4609.413012
-282.512743,17,4615.294651
-415.021323,14,4620.97382
-236.266534,15,4627.173442
-190.079461,17,4633.59071
-268.777188,12,4637.708664
-164.043957,12,4641.864056
-165.02908,19,4648.611601
-277.936485,18,4654.86253
-260.676707,18,4662.840042
-201.329078,21,4669.465574
-303.095062,13,4673.791605
-165.522513,11,4678.479851
-298.112585,12,4684.058651
-256.576774,14,4688.876696
-180.853761,15,4695.413377
-238.839652,19,4701.920525
-367.955294,20,4708.750592
-244.420741,18,4717.017947
-227.205491,17,4723.01543
-301.234112,16,4732.497537
-202.477181,18,4739.664703
-260.598818,17,4745.110203
-437.459697,17,4752.947652
-289.548057,21,4760.146016
-293.807027,22,4770.081782
-265.564923,14,4775.924807
-247.161156,14,4781.505276
-376.384288,18,4788.385477
-368.013123,20,4795.547405
-268.701194,12,4799.810043
-252.306304,23,4809.577312
-231.766166,14,4814.954904
-270.272274,22,4823.809977
-262.679867,15,4828.698103
-166.590319,13,4833.132315
-263.463451,14,4837.706082
-205.025486,20,4844.442648
-277.047903,17,4851.437166
-259.368787,20,4858.870808
-248.790928,17,4865.116453
-280.097539,19,4872.080416
-282.8109,19,4879.030903
-284.427458,18,4885.356068
-243.482455,14,4891.753665
-241.944463,19,4899.098418
-243.169871,18,4906.303716
-224.37666,21,4915.878095
-230.171962,21,4924.170522
-245.683025,17,4932.180017
-330.375069,23,4940.541921
-286.104423,11,4944.376904
-189.02882,20,4951.734729
-234.83094,16,4958.19024
-261.529843,12,4962.293342
-180.705096,20,4970.631596
-149.713535,9,4973.823748
-195.212475,21,4981.628154
-264.915192,21,4988.933525
-251.223638,16,4994.332669
-256.502383,23,5004.174504
-256.207708,20,5012.706279
-333.315986,21,5020.065904
-270.131806,19,5027.624162
-242.889821,21,5034.648578
-245.510832,19,5042.723993
-210.355189,18,5049.106875
-278.902702,12,5053.433488
-303.759068,17,5059.666651
-246.146126,19,5066.402752
-272.529651,19,5073.451728
-279.799961,22,5081.689918
-288.01634,20,5092.508729
-276.299396,14,5097.083535
-277.650433,18,5105.458836
-237.208656,17,5111.41993
-281.642009,14,5116.443592
-235.022783,17,5122.290632
-233.115449,16,5130.021819
-315.467152,17,5138.240151
-224.186096,19,5145.488371
-259.047402,15,5150.884945
-281.803295,14,5156.417106
-249.698974,20,5165.302834
-258.038647,20,5173.253294
-359.927804,19,5179.860691
-267.17388,27,5190.833984
-267.663811,17,5197.350057
-259.843659,22,5204.482009
-346.577162,20,5211.197623
-312.346608,14,5217.197149
-306.086133,20,5225.493844
-303.350771,18,5232.2084
-275.664499,11,5238.236502
-299.262001,20,5245.30086
-207.782787,20,5252.665293
-279.676418,12,5256.63211
-320.692288,19,5264.815736
-258.66217,14,5270.311483
-267.193092,16,5275.799142
-287.537542,18,5282.776097
-282.046383,11,5286.66082
-236.414612,16,5292.438901
-244.737091,11,5296.593326
-254.812684,21,5303.996071
-309.43163,13,5309.10937
-289.718007,18,5315.867112
-326.44388,16,5323.012617
-295.693177,18,5330.610034
-293.414573,22,5338.689284
-278.37349,18,5345.830951
-215.240577,21,5353.255505
-318.962163,19,5361.235966
-280.549747,13,5367.529357
-288.786557,17,5373.567313
-279.880403,21,5381.483194
-317.883305,16,5386.809177
-313.949357,22,5395.397722
-296.444247,16,5400.656463
-260.268558,20,5407.720702
-248.836225,12,5411.867657
-255.674203,13,5417.169688
-285.218372,22,5424.432963
-185.636674,16,5430.621451
-222.272446,21,5437.68644
-208.342564,15,5445.126513
-236.859131,17,5451.218504
-267.915904,14,5456.435555
-278.185368,20,5465.003998
-315.893346,13,5469.369824
-254.152189,15,5474.571951
-244.435734,16,5481.563211
-304.930809,21,5490.826649
-344.065528,19,5498.791274
-248.267805,22,5506.306071
-272.559131,21,5513.092424
-281.607342,20,5519.415226
-253.051104,21,5527.161642
-356.851022,15,5533.374102
-338.569321,17,5539.185634
-285.489698,17,5545.547947
-271.20241,19,5552.987404
-247.727728,15,5560.550587
-266.151415,17,5568.136725
-366.532675,19,5576.322457
-224.727866,13,5581.828563
-309.769425,9,5587.25413
-201.434722,16,5593.074046
-305.401694,16,5601.217648
-271.736438,16,5606.567491
-220.428768,19,5612.903938
-343.872442,16,5619.290732
-180.427759,15,5624.53762
-289.783631,22,5633.30646
-248.67616,17,5640.131789
-293.520418,21,5647.541615
-279.758959,19,5655.828215
-287.710196,17,5663.439761
-311.768527,16,5668.62695
-295.393005,16,5674.928065
-242.565044,21,5683.248776
-245.745507,17,5689.228186
-332.282623,17,5697.207042
-289.935988,15,5702.29545
-281.714294,17,5708.525202
-288.35419,15,5714.051783
-275.891708,16,5720.356272
-251.502072,17,5729.548201
-236.596405,17,5735.030334
-247.869323,19,5742.939542
-279.617155,14,5748.201954
-144.241979,14,5753.9792
-276.090375,10,5757.107011
-252.904577,24,5765.655982
-225.270972,22,5773.900053
-273.847528,17,5779.716742
-253.857652,17,5786.010877
-245.853247,19,5793.518872
-325.817596,17,5801.80985
-313.087195,23,5813.08284
-281.193362,21,5820.776146
-276.924543,13,5825.766843
-236.387531,16,5832.082813
-317.013905,14,5838.911632
-227.301018,15,5845.666548
-266.739826,13,5851.537776
-276.57273,16,5857.978276
-221.531412,20,5865.731597
-241.088386,16,5872.091271
-282.555592,21,5879.69942
-292.360734,21,5886.556988
-351.841408,21,5893.916143
-272.154287,19,5900.467744
-329.846303,19,5907.848817
-256.202478,17,5915.881051
-257.796602,22,5924.960881
-253.473949,15,5930.050175
-266.578228,16,5936.62643
-258.868272,16,5942.131895
-184.196379,20,5950.425448
-284.133659,15,5955.990522
-305.891529,17,5964.976432
-211.208832,18,5971.501085
-233.561824,18,5978.356738
-299.100694,18,5985.187248
-247.643526,15,5990.392861
-259.564116,13,5995.976089
-260.804612,18,6003.588241
-381.536295,18,6009.731189
-262.582014,16,6015.535801
-306.761724,23,6024.845788
-206.723794,19,6031.343998
-336.029569,16,6037.100286
-301.632142,13,6041.760652
-293.736469,21,6050.165443
-333.55938,20,6056.788009
-266.151068,18,6063.970198
-308.188825,23,6072.034742
-338.761321,16,6079.00176
-290.002064,18,6087.772221
-231.906516,14,6094.074858
-206.283631,21,6101.619204
-315.13309,14,6106.893046
-364.202363,14,6111.584785
-271.252541,16,6116.80634
-281.658897,19,6123.204508
-364.437785,14,6127.964378
-238.437699,19,6135.475302
-268.338239,22,6146.015589
-260.305601,17,6151.997653
-318.051164,20,6158.345585
-305.245484,19,6166.04879
-399.29862,19,6172.703797
-311.704276,14,6179.28456
-214.587711,17,6186.855962
-259.076822,19,6193.837729
-256.162554,17,6200.100073
-261.120706,17,6206.637966
-257.90348,16,6212.698045
-275.196475,14,6217.672791
-341.207826,16,6223.037979
-319.143568,22,6233.172184
-273.957226,13,6237.865925
-270.058449,16,6244.937579
-254.552735,16,6250.459455
-314.126501,18,6257.275265
-294.419159,17,6264.152158
-263.233458,21,6271.429861
-355.729692,13,6277.981971
-275.703623,16,6283.775078
-240.912567,18,6291.521782
-275.291872,22,6299.818817
-195.311083,20,6307.271006
-302.676343,11,6311.595416
-211.361445,18,6318.520116
-268.384325,17,6325.713507
-281.706499,15,6333.112879
-324.131092,21,6340.443869
-243.053218,23,6348.77335
-234.029093,19,6355.162276
-310.012834,20,6364.881858
-348.793068,17,6370.712692
-251.20522,17,6377.813457
-204.681009,15,6384.393117
-308.272854,22,6461.13465
-333.439716,21,6468.513565
-215.794875,16,6474.658405
-247.033269,15,6479.769354
-268.434772,10,6483.57537
-296.858856,18,6490.895084
-184.531308,19,6497.771551
-266.928536,19,6504.585557
-245.226787,20,6511.743885
-243.184549,15,6518.377763
-222.333469,17,6524.576848
-313.408697,19,6530.952899
-263.510206,18,6536.676733
-312.507165,19,6544.682133
-265.195718,18,6552.562582
-268.241956,23,6560.560095
-277.198963,20,6567.034713
-209.457599,22,6574.570529
-190.39172,23,6582.633864
-293.933486,11,6587.304492
-227.863137,16,6593.835585
-324.419756,16,6601.461748
-211.685154,15,6607.009264
-151.233865,18,6613.066
-288.665076,18,6620.562705
-235.810394,18,6627.120646
-249.068007,15,6632.164198
-282.676179,12,6637.593113
-354.96354,14,6642.799854
-194.197845,17,6648.664456
-324.188094,13,6654.016874
-196.495923,18,6661.107418
-241.045648,19,6667.837952
-308.479069,15,6672.702679
-232.882532,18,6682.204875
-229.326769,18,6688.976968
-195.980472,19,6695.606096
-278.461673,18,6704.842501
-209.999714,19,6711.30991
-276.714033,16,6716.862876
-219.795011,22,6726.329818
-268.112629,13,6730.631156
-265.531233,19,6737.233459
-282.056535,13,6741.713934
-308.78358,16,6748.274124
-255.684462,23,6756.412862
-216.762694,16,6761.681273
-231.097027,21,6769.202313
-232.532839,17,6775.032156
-236.928166,21,6782.402861
-347.469357,16,6788.885885
-316.226973,18,6795.132563
-248.09688,21,6804.788116
-339.789307,14,6809.207728
-274.011274,19,6816.717836
-256.27404,17,6822.569605
-309.244303,16,6829.857737
-398.230826,21,6837.941892
-336.761505,17,6844.413155
-253.418671,15,6851.770462
-274.579469,9,6854.78793
-333.744033,15,6859.801831
-348.930668,9,6863.380469
-219.72696,18,6871.729656
-283.149621,20,6878.367585
-313.401369,12,6885.609965
-352.62444,19,6892.86204
-253.603239,14,6897.836781
-201.225855,12,6902.432736
-346.811113,15,6907.39667
-278.309134,16,6914.114074
-316.407298,16,6920.873541
-340.44514,13,6926.815397
-271.511195,15,6932.475354
-233.797642,21,6943.170982
-262.14625,16,6949.845009
-275.688685,15,6954.758889
-336.149225,17,6960.459987
-260.266375,18,6967.527165
-251.635607,19,6974.545412
-232.461118,16,6980.008944
-232.576927,16,6986.852602
-258.450682,21,6994.180474
-366.964637,21,7003.185932
-221.684551,19,7009.85537
-287.755505,21,7017.558375
-221.063837,16,7025.210582
-252.301558,20,7032.429299
-273.82201,23,7040.318691
-244.856594,19,7046.552801
-283.697702,19,7052.717322
-281.688112,18,7062.119398
-268.92189,15,7067.387527
-234.902456,15,7072.615396
-262.314696,14,7077.445867
-313.016538,15,7082.286996
-244.439252,15,7089.267942
-354.2428,22,7097.11065
-263.313505,18,7103.64439
-140.889852,17,7109.237808
-280.490008,21,7116.117718
-234.460942,16,7123.248795
-328.409353,15,7130.757583
-283.843875,18,7137.474346
-236.99006,20,7144.393566
-241.480114,23,7153.802697
-306.310655,20,7162.365916
-262.606437,18,7169.679802
-220.400324,18,7178.285362
-381.373516,13,7182.526862
-214.208708,20,7190.724208
-265.036704,19,7198.146889
-359.367281,13,7205.185807
-332.521482,17,7212.953119
-272.45317,17,7220.8635
-311.827149,15,7227.080417
-307.414604,19,7233.945666
-406.904356,21,7241.393511
-288.640822,22,7249.317261
-320.884241,17,7256.754661
-234.759652,15,7262.244397
-276.135628,13,7266.50025
-272.257542,13,7270.915182
-260.162387,21,7278.792224
-270.026131,12,7283.572854
-280.385218,17,7290.283007
-297.960504,17,7298.127056
-282.468159,21,7306.199972
-228.855254,20,7314.161265
-229.139006,18,7320.94599
-241.49091,15,7327.386365
-255.655845,16,7336.419111
-359.641821,13,7340.693981
-285.845168,19,7347.75191
-227.975685,18,7355.853384
-274.750529,16,7362.081485
-291.110475,16,7368.604389
-329.162165,16,7375.798534
-277.546561,18,7383.459332
-241.515124,17,7390.958579
-279.424636,17,7396.541554
-252.751891,12,7401.510135
-266.04485,16,7407.529305
-214.68939,16,7413.0236
-256.186572,22,7420.430564
-203.381228,19,7429.015743
-315.837755,14,7435.486362
-170.826953,15,7441.364943
-253.097169,15,7446.057711
-264.397107,13,7451.88451
-254.329614,20,7460.244678
-229.166908,25,7469.082257
-287.854756,22,7478.013673
-288.665917,17,7485.836701
-292.021276,21,7493.126929
-374.684848,15,7499.066947
-250.85393,19,7507.24801
-289.739904,18,7513.937859
-244.622506,15,7518.895116
-277.688545,15,7524.21004
-215.510113,19,7530.665972
-337.963103,17,7537.86103
-311.218745,25,7546.695786
-245.735982,16,7552.839028
-244.584941,15,7558.019332
-228.675558,23,7570.005594
-246.423013,18,7577.520177
-182.684711,16,7584.908951
-228.36582,15,7590.777281
-228.92958,22,7600.436345
-399.569701,18,7607.793272
-252.318961,20,7614.576155
-232.481702,18,7622.31006
-313.612652,15,7627.728719
-261.439072,18,7635.182931
-271.753876,13,7640.19852
-350.080444,18,7647.11737
-242.982003,16,7652.521837
-272.474178,19,7659.894248
-306.892723,16,7666.213422
-293.025327,16,7672.967612
-261.027228,16,7678.40455
-284.136394,15,7684.807237
-297.764648,11,7688.529984
-278.283808,17,7696.340372
-242.917762,9,7699.233891
-243.537684,21,7707.077813
-242.511219,20,7713.602161
-227.654871,17,7719.102678
-356.402192,18,7725.614213
-280.84735,21,7734.686777
-268.29941,20,7741.625033
-319.647857,22,7750.844382
-224.055235,14,7756.372426
-158.780951,14,7762.349869
-279.994616,16,7769.768102
-314.760333,19,7778.857803
-213.538902,10,7782.414494
-229.18227,19,7788.5121
-267.480103,13,7794.01162
-238.635446,19,7801.450579
-295.003474,11,7804.679016
-310.286928,13,7810.968842
-272.651168,17,7819.862057
-246.108536,19,7828.645688
-279.910312,15,7834.395263
-205.655587,19,7840.872906
-334.487863,17,7847.424793
-265.49995,18,7853.577207
-240.056794,23,7861.851553
-260.354959,15,7868.005245
-327.186209,19,7874.763043
-268.583644,13,7881.032308
-337.460933,18,7887.140058
-324.757691,13,7892.01944
-256.420087,14,7898.63344
-213.484438,16,7904.622944
-282.788163,13,7909.767088
-292.188166,13,7914.4578
-287.891234,18,7921.331446
-218.901275,24,7929.902326
-349.97119,24,7938.583237
-270.204683,17,7945.155342
-402.69839,25,7956.609109
-279.732394,20,7965.471524
-230.192132,19,7974.011052
-213.497703,18,7979.560486
-211.926835,16,7986.253864
-321.662879,17,7992.912456
-240.373258,17,8000.532419
-269.893025,20,8008.366747
-245.867804,19,8015.790518
-254.627441,18,8022.037401
-239.956388,14,8027.080892
-293.293074,20,8033.290495
-276.300217,20,8040.602821
-261.637023,12,8045.553714
-258.257416,14,8051.369639
-272.164176,16,8057.526879
-247.806893,19,8063.919041
-262.187772,15,8069.675987
-265.234404,17,8076.418389
-221.711109,13,8081.424792
-209.432318,19,8089.177405
-258.433249,20,8095.626313
-323.436417,21,8103.589371
-365.731727,16,8109.773633
-259.340938,15,8115.589802
-304.020514,16,8122.113505
-263.416835,15,8128.450572
-337.785493,18,8134.905942
-270.819491,16,8141.016026
-252.36571,16,8146.854766
-271.261597,13,8154.074224
-245.97203,18,8161.030866
-353.571,17,8168.131721
-285.612021,14,8172.721442
-329.639489,21,8181.795809
-272.262587,12,8186.846175
-214.510785,18,8194.22408
-257.820648,15,8200.057833
-329.34461,15,8207.516717
-313.623417,12,8212.769892
-287.152447,17,8220.012553
-267.762162,14,8226.444201
-165.483037,17,8234.950258
-433.083293,14,8239.942663
-274.416164,22,8249.213893
-288.304499,11,8255.220516
-252.656659,21,8262.525712
-221.763436,18,8268.610841
-182.003698,12,8274.212871
-170.330932,19,8282.253192
-290.386277,21,8289.266431
-265.819819,19,8296.249871
-292.658163,17,8303.788218
-198.985185,18,8311.700927
-260.052186,20,8320.18711
-314.09852,17,8326.94375
-301.723794,16,8332.459109
-312.058394,21,8340.660664
-286.340447,16,8346.563847
-233.886819,11,8350.507835
-251.077186,16,8357.582809
-262.264614,18,8366.834698
-291.319324,13,8371.118646
-267.70353,14,8375.721246
-298.903965,20,8382.563516
-267.492159,18,8389.82348
-334.478404,15,8395.484152
-310.700683,16,8400.659796
-230.744083,19,8408.525296
-229.023933,22,8416.943301
-120.48613,15,8422.317148
-285.919524,14,8428.156203
-276.743984,15,8433.292159
-272.746602,22,8442.735616
-259.534975,18,8448.7241
-251.809407,20,8456.052153
-243.405344,18,8462.014743
-266.312648,14,8467.285204
-313.220513,12,8472.357304
-265.2224,18,8478.7782
-250.046668,18,8485.886945
-254.2552,24,8495.37824
-305.025111,17,8501.494732
-241.794563,21,8509.43081
-261.145427,16,8516.593827
-245.829798,16,8522.161052
-307.530372,15,8528.7801
-274.072231,21,8539.000316
-251.593382,17,8545.943788
-313.053069,18,8552.539364
-277.597411,19,8558.962097
-246.229876,20,8566.865848
-216.581238,25,8576.622823
-301.321355,20,8585.132738
-328.805322,14,8592.965228
-165.009538,16,8599.183441
-264.888682,17,8605.418677
-287.812816,21,8614.748888
-280.842953,16,8622.208953
-259.529042,15,8628.639148
-252.607276,15,8633.912098
-223.759197,20,8640.527858
-295.362436,19,8648.10761
-144.974105,15,8654.238632
-306.963167,18,8661.295523
-301.504616,12,8666.182917
-237.882151,15,8673.058024
-182.505884,17,8679.274357
-217.721931,18,8685.609838
-312.794313,16,8691.3202
-271.048322,20,8698.331327
-236.480371,19,8707.021647
-295.9964,14,8712.152809
-263.927223,18,8718.405535
-291.810212,13,8724.373436
-255.19083,17,8731.118374
-371.733938,21,8738.822612
-343.636297,25,8747.542761
-285.304714,16,8753.579966
-290.065957,15,8759.323094
-240.260299,16,8765.40495
-226.486757,18,8773.234528
-226.059429,17,8778.997469
-230.521469,15,8784.073862
-240.098783,17,8790.765755
-245.548138,18,8797.257948
-259.048925,20,8804.014538
-208.650471,18,8810.332637
-270.758493,15,8815.718713
-301.921085,17,8822.179643
-256.855616,19,8829.553212
-285.435957,16,8836.568013
-273.662805,22,8845.07928
-241.883412,19,8851.650016
-239.501275,23,8859.491517
-370.871503,20,8866.725155
-315.218468,14,8871.408189
-333.823136,19,8878.423307
-212.113613,14,8883.645158
-294.673603,19,8891.675879
-360.327211,20,8899.670503
-341.060596,14,8907.300994
-298.363162,18,8913.693798
-337.912834,15,8918.979128
-275.306096,20,8925.673862
-182.666965,26,8935.261409
-352.819997,20,8942.550874
-244.99297,15,8949.966336
-290.407427,17,8957.05244
-252.711628,17,8963.754154
-274.153251,14,8969.552631
-245.534784,18,8976.269694
-246.158018,19,8985.181186
-244.882935,17,8991.382934
-245.003755,21,9000.108551
-245.496942,18,9006.209531
-262.77339,19,9012.706008
-273.980338,15,9019.003666
-231.354463,17,9025.704173
-224.875556,14,9035.42846
-259.565698,14,9046.52658
-244.672257,20,9055.222299
-321.901585,19,9061.610071
-259.840157,14,9067.69929
-311.505509,16,9073.954256
-293.550034,12,9077.601721
-195.728194,19,9085.993372
-242.233682,16,9092.521426
-279.58186,17,9099.218673
-259.795517,15,9105.051494
-288.204855,18,9111.319382
-218.518851,17,9117.95083
-227.012915,14,9122.744601
-248.385038,19,9129.82805
-294.409595,18,9137.316408
-253.205151,17,9143.946425
-267.679795,18,9150.922075
-263.361466,15,9156.870561
-249.47627,19,9163.581091
-298.141412,20,9170.361863
-238.081599,21,9177.974316
-258.158646,21,9187.550503
-248.077958,15,9192.571212
-254.121475,20,9199.283858
-136.784813,22,9207.926019
-307.116595,13,9213.479571
-269.145806,18,9220.360891
-308.761295,12,9224.989784
-318.900857,15,9230.557319
-242.520513,21,9238.316634
-237.678101,17,9245.031668
-246.899335,16,9251.410549
-190.679175,22,9259.493769
-330.506361,15,9266.640659
-303.853814,21,9274.950503
-296.548868,19,9281.288874
-318.393032,19,9287.759501
-261.176887,21,9295.814192
-291.949843,20,9302.852596
-265.343492,14,9308.887246
-281.05447,17,9314.767699
-273.14361,17,9320.369836
-265.998184,19,9328.222386
-217.399342,17,9335.884502
-269.076058,17,9341.853309
-359.528963,20,9348.947763
-214.952568,16,9354.711202
-139.128504,14,9359.821066
-315.829095,16,9365.610702
-276.241513,13,9371.544924
-322.653302,18,9377.772401
-315.809447,22,9385.968772
-221.96486,20,9394.930421
-296.631523,14,9399.242022
-285.301472,18,9406.157281
-258.852252,15,9411.383713
-189.052493,19,9418.406306
-357.226747,16,9425.736388
-245.694202,17,9433.431838
-282.238664,19,9440.404129
-287.435224,14,9444.83392
-293.204525,17,9450.632687
-255.09791,16,9456.513522
-257.355447,21,9464.21621
-268.676944,14,9469.329796
-176.787883,15,9476.213101
-358.748935,19,9485.121012
-249.85117,22,9496.047384
-259.706676,21,9504.923004
-236.159182,15,9510.766191
-175.580578,18,9517.069957
-221.76467,21,9524.316635
-291.934823,12,9528.324882
-323.246302,17,9534.622547
-256.023251,18,9540.703518
-226.497571,17,9548.707915
-252.972429,21,9556.31618
-245.193936,17,9562.138974
-262.211944,15,9568.058067
-333.801182,15,9574.268221
-247.367153,18,9580.047078
-263.908953,18,9587.090335
-219.437528,21,9596.210358
-236.762368,16,9602.54943
-299.605575,17,9610.167376
-281.542393,14,9615.52313
-298.040482,22,9624.554677
-299.912778,19,9632.171839
-192.202116,18,9638.405815
-313.775064,19,9645.549512
-250.791985,16,9652.132342
-360.520402,16,9658.85482
-195.067667,20,9668.520437
-302.711847,17,9676.027268
-265.826527,20,9683.824707
-291.538512,16,9690.021165
-203.736177,17,9695.497981
-206.413614,18,9703.226553
-268.309452,18,9711.282217
-257.834229,19,9789.088613
-260.201243,11,9792.694755
-250.94697,15,9799.422001
-455.414869,19,9805.656628
-420.459095,17,9811.455213
-314.575066,11,9815.062099
-266.087121,12,9823.096285
-210.086379,22,9831.261808
-266.42398,17,9838.933845
-320.51229,23,9850.556152
-235.91856,17,9856.990593
-273.355751,13,9861.814569
-271.39384,17,9868.196053
-209.335417,22,9877.436677
-225.204445,17,9883.671496
-316.112163,15,9888.81008
-322.081275,22,9897.579576
-411.424421,20,9905.336636
-244.957514,22,9912.606094
-234.141859,21,9922.019268
-225.951229,13,9927.729999
-318.280889,19,9934.480345
-304.533251,17,9940.622286
-230.138657,17,9946.610202
-211.036285,14,9951.584872
-266.28644,10,9956.739498
-295.796008,16,9963.795503
-265.886933,15,9969.73689
-261.896633,22,9977.530281
-257.263076,15,9983.263525
-267.567205,21,9991.857507
-237.46087,18,9998.987734
-245.211973,17,10005.322715
-264.69151,15,10011.472774
-249.749738,15,10016.86526
-294.653754,18,10023.386876
-311.918671,18,10029.626553
-274.749667,20,10041.216018
-276.184008,17,10047.194487
-199.064174,19,10054.293205
-292.182375,16,10059.69226
-309.257764,11,10064.038743
-299.298112,22,10072.222465
-306.570063,19,10078.59107
-268.739522,17,10085.115951
-264.837204,21,10094.172123
-314.853374,17,10099.748906
-397.157086,13,10105.05542
-197.585161,12,10109.359076
-227.332373,21,10116.844836
-257.711764,18,10122.835443
-229.774844,17,10129.420557
-271.630271,18,10138.158647
-253.57357,13,10143.865213
-295.707471,15,10149.982187
-212.169098,21,10159.388952
-286.542067,15,10164.381502
-227.794505,24,10173.841993
-244.393009,16,10179.725315
-231.541794,16,10185.549963
-219.725469,16,10193.820133
-211.971326,22,10202.009931
-206.01374,23,10211.426424
-226.85518,17,10220.440527
-274.006941,17,10226.291916
-259.239392,18,10233.339303
-171.38563,22,10243.588399
-288.241049,20,10251.585418
-282.007364,11,10255.11074
-257.152474,21,10263.834249
-230.76586,17,10271.643128
-378.866862,23,10279.880028
-267.335028,21,10288.094887
-259.96008,18,10297.906574
-236.164297,15,10303.717995
-220.736508,17,10310.742872
-204.341435,15,10316.137221
-271.918714,18,10322.668178
-244.348369,20,10330.911119
-248.25966,16,10336.400873
-317.096558,9,10339.424646
-265.289396,14,10345.584966
-254.358984,22,10353.247387
-238.445222,20,10360.808027
-244.625775,22,10371.490243
-267.507003,20,10377.926677
-255.503108,16,10383.676193
-245.201152,16,10389.667299
-254.709098,21,10397.012156
-358.569078,17,10403.356719
-285.588428,16,10409.017965
-269.459677,13,10414.202682
-239.732043,20,10422.447695
-259.622328,15,10428.845121
-309.454496,16,10435.767579
-360.987713,22,10443.08085
-233.134201,22,10451.882218
-233.395188,20,10459.467985
-260.946241,19,10467.945709
-212.144848,19,10474.93693
-200.072213,20,10484.131544
-329.071947,16,10491.862163
-212.722277,20,10499.444104
-256.739882,16,10505.724221
-243.23606,15,10510.729274
-243.478029,23,10519.577481
-214.551213,22,10529.902099
-261.628214,20,10537.598441
-204.536581,18,10545.256184
-241.846092,18,10551.086307
-200.373785,20,10557.719736
-242.749415,16,10563.473645
-268.946439,16,10569.909997
-219.026866,15,10576.096021
-248.794811,20,10582.69938
-241.241183,18,10588.863295
-248.331604,16,10595.582836
-255.988251,17,10602.321702
-250.006987,15,10607.764852
-200.843712,18,10615.831166
-227.627559,10,10620.112207
-218.623086,22,10628.438246
-228.506368,18,10635.426393
-240.579683,21,10643.676651
-302.180882,19,10650.349627
-288.058227,16,10657.166044
-258.057097,19,10664.291847
-265.445011,13,10671.168653
-254.007992,17,10677.412103
-230.46925,18,10683.561185
-270.726646,17,10689.160727
-235.467759,18,10696.260775
-277.829479,19,10703.941296
-180.500434,16,10709.346843
-247.947635,13,10715.100814
-287.802806,18,10721.242753
-208.293099,20,10729.338277
-268.929248,16,10736.018793
-249.366053,18,10745.728626
-245.250896,15,10751.762505
-355.345879,17,10757.889767
-269.759672,19,10766.390934
-349.374646,25,10775.761521
-253.797025,11,10781.228223
-276.152417,17,10787.899296
-191.616461,19,10796.712556
-323.576519,13,10802.213987
-232.265766,20,10809.405728
-225.051953,17,10816.006806
-205.170464,19,10823.07511
-280.344969,14,10830.15955
-316.230365,10,10834.49694
-221.848001,20,10841.198556
-275.417283,14,10847.1914
-277.455217,18,10853.266988
-289.335305,20,10862.918405
-247.728799,19,10870.336969
-372.09505,17,10876.263697
-259.594957,18,10882.88729
-235.053364,18,10890.203681
-334.523868,20,10899.167712
-291.123768,13,10903.423284
-250.984866,14,10909.369595
-272.962222,18,10918.061685
-334.686379,20,10928.843415
-245.12961,24,10936.909089
-218.408439,21,10945.754501
-270.394508,10,10950.735296
-247.129943,19,10958.283998
-236.627441,17,10964.546334
-277.038997,17,10971.460436
-319.850123,13,10975.741121
-262.231977,14,10980.457123
-247.846273,14,10987.26979
-235.325518,17,10994.500141
-189.337068,11,10998.031563
-250.714019,18,11004.775726
-223.415795,16,11010.525436
-241.920816,18,11017.001703
-274.139386,20,11024.283181
-153.766865,12,11029.635364
-228.075019,18,11038.006587
-201.368048,17,11044.668284
-280.598227,17,11053.390914
-168.128102,15,11059.833389
-229.169489,16,11065.402555
-267.703414,16,11070.926579
-207.778283,19,11077.032422
-271.215804,18,11083.058962
-218.215949,13,11089.291946
-342.370164,18,11095.637708
-273.468743,11,11099.276696
-323.922085,22,11107.867473
-288.815879,13,11112.979744
-283.748051,20,11119.565994
-206.637919,16,11125.245918
-301.916421,8,11129.332458
-270.457859,16,11134.454338
-244.699221,17,11140.779718
-261.923191,18,11148.191112
-247.076318,14,11154.766387
-339.865563,20,11162.392517
-265.159044,17,11169.967388
-292.811433,16,11175.618286
-353.804874,12,11180.356199
-250.367808,22,11189.836107
-253.728943,20,11196.678548
-299.310126,22,11203.87641
-171.5573,14,11208.998275
-273.058501,11,11215.908946
-294.696372,15,11223.831573
-263.759704,18,11231.075239
-230.78012,20,11239.267526
-160.640676,15,11244.076649
-262.888404,16,11250.971722
-280.097531,18,11258.129949
-323.100547,17,11264.615326
-247.288421,20,11273.958482
-199.700422,24,11282.804922
-320.765859,19,11289.252994
-267.0955,19,11296.071955
-255.996484,16,11301.586682
-230.361942,22,11311.473001
-229.449984,17,11317.175178
-235.854924,17,11324.02581
-334.460004,17,11329.808383
-310.740334,15,11334.819202
-383.967587,19,11342.94942
-291.001569,13,11349.504289
-226.809244,20,11356.331411
-289.268449,12,11360.924465
-282.446718,14,11365.776156
-268.154572,20,11372.129368
-280.327979,19,11380.562779
-327.172919,16,11386.335977
-250.239241,20,11393.182682
-344.359079,16,11398.620184
-230.456155,22,11406.984578
-216.908408,22,11415.495203
-181.753513,15,11420.55401
-278.159977,21,11430.366801
-288.270129,20,11436.827875
-235.503234,19,11444.110831
-304.130824,22,11454.140722
-223.552371,18,11460.091376
-250.134813,16,11467.169546
-248.409131,17,11474.27291
-281.218545,17,11480.577051
-257.849412,13,11485.255442
-238.587774,17,11492.975623
-309.334361,19,11505.575938
-221.225272,20,11512.432809
-218.507555,13,11516.882936
-313.674557,18,11523.577118
-391.348357,20,11530.760959
-255.725512,14,11537.771983
-232.644277,17,11544.046349
-266.403143,18,11550.550912
-260.954745,12,11554.873131
-285.070914,19,11562.761909
-266.056176,14,11568.446654
-223.075859,21,11575.452094
-237.235863,13,11580.054482
-287.298501,19,11589.361008
-240.0769,17,11596.218139
-237.778668,16,11601.63499
-240.933261,16,11609.37744
-259.456434,15,11614.508195
-253.075336,20,11622.50569
-270.299572,19,11629.259293
-222.921618,16,11635.957785
-299.053577,21,11643.724694
-315.403348,19,11652.617439
-248.982264,19,11660.432544
-287.916529,16,11666.332522
-243.796625,16,11672.722537
-306.860295,13,11678.515797
-239.227253,18,11684.623883
-291.284494,18,11691.473643
-268.903983,13,11695.940138
-207.194219,12,11700.393791
-300.188138,15,11706.348487
-238.507248,18,11715.197098
-262.319186,17,11721.42029
-229.534024,17,11727.693177
-210.900246,20,11738.656611
-279.534394,20,11746.660691
-398.910203,17,11752.773496
-249.349403,15,11757.62651
-263.213583,19,11763.70847
-257.136762,21,11774.132514
-312.218308,16,11780.412392
-233.780275,19,11787.206284
-271.564337,15,11794.103999
-206.423492,18,11801.347689
-259.187679,14,11807.714978
-224.730792,15,11813.50925
-265.263782,19,11820.117634
-239.854041,17,11825.60816
-205.297362,16,11832.095228
-240.021513,16,11841.83991
-238.908272,20,11849.162165
-267.932154,21,11857.238599
-200.228527,17,11863.570377
-252.032861,19,11870.332247
-345.541775,18,11877.155886
-213.039683,18,11883.668844
-213.608374,17,11889.609763
-287.281686,13,11894.747918
-235.044617,17,11902.37816
-309.414327,18,11908.804653
-221.975466,19,11916.609775
-251.796797,20,11923.186872
-195.584848,15,11928.997176
-313.999348,20,11937.344359
-152.155876,15,11945.256466
-258.656998,19,11953.086543
-261.809958,18,11959.247445
-323.168578,16,11964.866921
-268.980798,21,11972.073245
-239.4175,20,11979.300967
-258.382533,17,11984.93468
-231.482686,18,11991.237072
-164.423452,11,11995.082892
-289.593527,22,12004.28221
-222.919665,19,12012.173599
-280.474538,14,12019.615583
-235.1865,19,12026.365564
-375.537573,19,12033.480335
-285.830241,19,12040.461589
-201.807623,15,12046.420198
-301.876011,20,12053.086023
-248.409241,19,12061.18302
-245.018036,17,12067.390874
-314.14499,22,12075.272583
-270.587913,18,12082.302315
-171.642356,18,12090.694952
-262.347672,16,12096.322113
-297.320947,17,12103.104019
-241.741754,16,12108.681677
-235.912711,14,12113.442292
-244.921352,16,12120.893885
-217.697652,18,12127.211669
-192.618376,17,12134.59096
-216.879466,20,12143.423238
-230.26018,19,12153.13052
-260.65411,20,12161.894085
-237.37112,9,12164.722664
-336.111684,24,12177.442794
-273.222578,15,12183.667114
-232.782962,20,12192.390398
-259.820483,18,12198.381887
-295.244269,17,12205.251885
-183.898864,14,12210.930557
-253.984086,20,12217.563898
-297.699551,20,12226.675661
-265.102681,15,12233.593553
-317.997681,19,12241.489389
-260.692787,18,12248.693743
-202.824352,19,12257.40337
-255.862001,17,12263.390846
-222.061921,17,12270.098269
-276.127087,12,12274.305711
-215.88427,24,12285.366338
-236.19784,19,12292.1014
-358.188647,20,12299.633209
-353.097902,17,12305.909079
-195.613447,22,12313.704052
-239.710385,16,12322.775606
-273.66409,23,12334.768374
-285.289759,15,12339.857789
-233.633977,19,12346.753326
-248.015774,19,12353.526155
-278.47338,12,12358.463531
-256.339803,18,12364.815555
-225.036738,18,12374.150329
-256.20333,16,12381.236896
-311.652638,15,12387.471883
-326.893146,17,12395.678189
-285.100314,11,12400.574635
-255.739371,16,12406.228971
-299.309131,14,12411.15824
-354.496162,19,12418.647137
-294.023941,19,12426.689186
-262.950378,18,12433.430338
-297.389867,19,12440.619973
-303.518808,19,12447.686015
-280.217937,17,12455.05864
-277.694916,20,12462.479578
-266.516938,17,12468.31866
-221.178408,20,12477.337588
-278.036377,13,12482.140053
-189.629816,7,12484.999131
-281.18079,12,12490.178292
-402.279679,13,12496.109142
-298.823494,14,12500.760123
-281.586032,16,12506.519398
-246.249951,16,12513.123489
-251.819306,22,12522.693943
-348.181509,18,12529.546552
-301.876682,16,12534.733606
-227.023149,15,12540.216298
-184.809731,20,12548.458752
-240.675704,19,12554.596644
-316.369899,15,12559.785017
-278.825406,21,12566.541198
-230.77569,17,12573.282383
-347.235557,16,12578.461404
-258.963632,19,12586.100114
-275.036041,23,12594.795056
-120.685337,15,12601.613075
-248.76518,16,12608.09577
-260.21037,11,12611.995718
-228.859038,18,12618.079801
-308.322767,15,12623.790827
-192.151373,18,12630.392956
-268.176946,13,12635.829578
-241.310612,19,12642.317048
-305.633728,18,12649.046273
-256.954318,15,12654.909503
-274.120946,19,12661.240594
-537.539803,22,12668.460384
-270.0572,14,12673.719425
-343.385585,19,12680.895931
-255.662791,19,12689.848649
-262.712518,17,12696.962588
-249.421385,18,12704.758303
-279.819052,16,12710.99419
-283.114876,21,12719.492952
-234.947187,14,12725.893965
-310.169462,17,12732.277336
-206.506825,19,12739.567368
-298.927432,16,12745.266022
-257.005911,18,12751.751227
-251.138544,14,12758.473522
-184.245192,20,12766.133641
-240.135747,20,12773.473978
-228.589041,13,12779.074462
-257.623317,19,12787.29284
-218.643795,18,12793.867379
-298.362366,19,12800.681874
-170.12208,21,12807.759896
-255.728066,16,12813.098245
-295.729758,17,12819.081022
-265.972467,16,12824.384001
-151.233037,17,12830.445534
-213.359222,21,12839.635487
-275.080046,22,12846.990578
-247.687411,19,12855.080187
-333.113364,18,12861.796157
-282.042081,18,12869.322909
-244.193878,17,12875.584207
-285.933212,16,12884.782818
-211.940578,16,12890.046762
-281.816935,17,12896.888716
-236.216237,17,12903.747856
-283.81373,13,12908.978117
-274.533194,16,12914.986862
-235.063946,18,12921.716642
-282.376731,19,12929.166015
-259.303523,16,12934.295367
-256.090045,14,12940.620392
-236.010902,15,12945.718928
-294.592419,19,12952.131344
-254.285844,18,12957.852753
-265.056252,17,12965.94535
-145.201561,14,12970.319782
-240.651026,21,12978.91577
-323.298586,21,12986.85987
-313.281168,17,12992.581302
-236.054674,24,13001.297107
-256.605929,24,13009.582086
-376.44374,19,13017.418908
-209.166049,22,13024.894999
-264.09031,16,13031.566376
-247.656769,22,13039.432584
-303.540042,19,13046.314708
-265.577597,16,13052.813063
-248.941592,17,13059.276854
-207.373,21,13137.432018
-258.421619,17,13144.092618
-266.861951,15,13149.732396
-262.109184,14,13155.076771
-162.814082,22,13162.627578
-291.705474,19,13169.438219
-202.65195,13,13174.827439
-251.260103,15,13180.492691
-234.115271,20,13187.873338
-130.397623,14,13192.775182
-234.854452,14,13197.487932
-236.484859,16,13203.48589
-223.601553,20,13213.16423
-215.792291,18,13220.15247
-326.155758,21,13229.239108
-243.362066,18,13235.42978
-257.460594,16,13241.840899
-199.824623,19,13247.827079
-202.098139,21,13255.927811
-257.845353,18,13262.748126
-198.059535,20,13270.768206
-285.712083,19,13278.208474
-288.897759,12,13282.708617
-235.425375,18,13289.327284
-293.774458,18,13296.971775
-243.138819,13,13302.630269
-300.154316,17,13309.645792
-354.489753,21,13317.477688
-327.930203,21,13324.41924
-230.11557,17,13330.271953
-283.195501,18,13336.873134
-254.937987,15,13342.37109
-251.486246,15,13348.703501
-256.684833,19,13354.99635
-244.845408,18,13361.497747
-277.794254,18,13367.431574
-235.697508,17,13373.050693
-308.569232,19,13381.834135
-264.617523,22,13391.927903
-253.645333,14,13398.133868
-220.018138,16,13405.547259
-229.992972,18,13411.979779
-293.781036,18,13421.18408
-271.164108,16,13426.943714
-318.942219,18,13433.589722
-245.687044,20,13441.146275
-252.68372,20,13449.709185
-224.007505,20,13457.577563
-272.38047,16,13466.288455
-228.208644,22,13475.74351
-235.948406,17,13482.148642
-281.359183,20,13490.08191
-191.098496,23,13497.907927
-269.155147,14,13502.840271
-208.118437,21,13510.321158
-307.21999,19,13519.894902
-292.555521,13,13525.29669
-284.524353,19,13533.576546
-272.26857,17,13544.101456
-289.630577,11,13547.952919
-307.094175,23,13557.863936
-323.938858,16,13564.102084
-213.859105,21,13574.455286
-298.319522,21,13583.590906
-248.640365,18,13592.064348
-269.181869,22,13600.170161
-291.923146,19,13609.663235
-282.498781,16,13615.010013
-289.501296,17,13620.71864
-294.128195,17,13627.827337
-264.697055,19,13634.129861
-168.185066,14,13638.368974
-282.665761,18,13644.952512
-332.685544,15,13650.362198
-290.793626,18,13657.180999
-288.070163,11,13661.617471
-190.876042,14,13666.179477
-259.470838,13,13670.50715
-267.813939,18,13676.44127
-273.962261,17,13683.221655
-235.308775,19,13690.259972
-294.273672,14,13695.843435
-263.413539,19,13703.148765
-211.529836,16,13712.191513
-230.462335,21,13719.78591
-257.35242,17,13726.112638
-199.597186,18,13733.004103
-294.581522,17,13739.640231
-253.77624,19,13747.293742
-147.919106,12,13751.517592
-219.04506,19,13759.062973
-234.342876,19,13766.601387
-272.429454,21,13773.511066
-257.905172,18,13780.950612
-329.7262,22,13787.853228
-323.252817,20,13796.25047
-312.803789,21,13803.071231
-235.701215,21,13810.131376
-244.946726,17,13816.931617
-288.234086,18,13823.232646
-272.198849,19,13830.321449
-250.306752,17,13836.779717
-280.009805,12,13841.22154
-251.806844,21,13849.872046
-257.696356,17,13855.858455
-347.084947,22,13864.58027
-271.265817,18,13871.80062
-249.662046,17,13878.452317
-280.400015,17,13884.514494
-194.747601,20,13890.961168
-222.058002,23,13898.74309
-322.015358,16,13904.191966
-303.352811,21,13912.585327
-215.766705,17,13919.237796
-295.047091,21,13927.158922
-202.047035,20,13935.257713
-189.404278,14,13940.000979
-258.348299,15,13946.315026
-399.713577,17,13952.691065
-421.874586,17,13960.159123
-222.881259,17,13966.005821
-262.57954,15,13972.700209
-295.670649,14,13977.457907
-97.774746,15,13982.135991
-265.039749,17,13990.261847
-239.078241,19,13999.473236
-283.59314,24,14009.405023
-281.61777,22,14019.611853
-190.999077,15,14028.632753
-284.019774,15,14035.726011
-310.541869,16,14042.658798
-233.538163,16,14048.680879
-280.278867,16,14056.294949
-173.998209,20,14064.633747
-304.295403,18,14072.401426
-281.203106,18,14079.036809
-251.740968,21,14087.062176
-254.642719,16,14095.805997
-249.627083,14,14101.247182
-253.377655,20,14108.606696
-192.219217,20,14116.911135
-298.522232,16,14123.614663
-260.06492,20,14132.828891
-272.061146,19,14141.08239
-332.182172,17,14147.859153
-240.629246,20,14157.618385
-294.127332,20,14165.146319
-234.400741,17,14175.647251
-206.995189,18,14182.511475
-242.04429,22,14192.49062
-206.246336,19,14200.66897
-281.136775,14,14206.704685
-270.066032,17,14213.646702
-214.523865,20,14220.998476
-210.611163,22,14229.008886
-238.209322,18,14236.157562
-282.803271,20,14248.053267
-270.299808,20,14255.888545
-259.314715,20,14263.085864
-264.020213,21,14271.791925
-268.321133,14,14277.277132
-257.961619,18,14283.183157
-195.620233,20,14290.286275
-227.858826,15,14296.305326
-271.954829,16,14302.032377
-209.327208,19,14308.866803
-261.787341,16,14314.068333
-277.21333,17,14319.791355
-343.665319,18,14326.714172
-279.268316,13,14331.168275
-245.293097,16,14337.746949
-260.829333,21,14345.654981
-254.032999,17,14352.402428
-222.232831,24,14360.418584
-227.018128,18,14366.480094
-279.595884,13,14372.569813
-149.050778,13,14376.953363
-265.991432,20,14383.473398
-225.853023,18,14390.180955
-354.839982,17,14398.103172
-303.546335,19,14404.291444
-193.973094,13,14408.933236
-259.571842,16,14416.281446
-345.915514,18,14424.765942
-231.886153,17,14431.067564
-243.195138,16,14436.686751
-258.257434,12,14440.596789
-273.510737,18,14447.046545
-237.540082,18,14453.560708
-279.196132,18,14459.314866
-227.601014,20,14468.336801
-257.792761,15,14474.471287
-239.354042,15,14483.407515
-275.522973,13,14487.671294
-232.883922,18,14493.720055
-280.908681,17,14500.299541
-303.722366,18,14506.214612
-221.446099,15,14512.310637
-197.703835,15,14518.675718
-199.886133,23,14528.217805
-240.186675,19,14534.878186
-236.094812,13,14539.650939
-221.024311,17,14546.203258
-317.638826,16,14551.716107
-248.221,14,14556.391222
-270.112136,16,14562.345851
-392.032591,17,14568.127134
-366.275703,19,14575.292365
-278.979471,18,14583.523272
-270.925001,13,14589.93865
-289.486204,17,14595.928094
-276.259652,18,14602.116395
-262.862355,13,14607.286855
-285.851388,15,14612.775427
-242.815412,20,14619.355373
-130.248803,14,14625.130106
-269.694407,19,14633.017195
-241.94633,24,14641.70713
-252.667891,15,14647.189793
-201.797197,20,14654.68236
-271.044754,19,14661.943228
-228.878197,18,14668.209188
-321.311245,20,14675.153588
-224.585558,15,14682.243882
-326.604675,18,14689.049472
-281.392395,12,14693.214955
-189.676729,21,14701.381842
-207.650803,17,14706.776219
-319.277834,16,14712.974548
-266.865512,23,14722.336864
-245.88376,20,14728.911968
-271.142266,18,14736.52396
-353.13975,18,14742.62548
-293.679105,18,14749.944167
-260.61808,19,14756.407737
-260.988552,10,14762.083538
-232.150882,18,14768.851456
-217.901729,15,14776.125528
-417.222559,17,14782.448617
-216.679549,20,14789.736069
-278.642838,14,14794.999804
-258.831908,17,14801.702485
-225.513208,13,14808.569041
-286.600039,12,14814.889108
-313.17351,16,14822.685123
-223.58612,21,14830.169155
-137.974064,17,14837.19395
-166.283939,15,14843.056979
-199.13076,20,14850.107094
-209.205457,15,14854.956226
-263.527376,15,14861.147665
-203.342656,16,14866.418976
-348.140728,16,14872.524974
-247.849808,17,14879.439112
-257.986732,15,14884.801331
-339.177333,20,14892.481417
-247.95936,19,14899.217062
-277.418676,19,14906.172274
-302.099578,23,14914.792944
-282.128752,19,14921.363998
-229.836227,20,14930.14535
-272.440945,16,14936.115402
-258.422017,12,14941.768528
-284.026312,18,14948.935058
-248.089338,24,14956.714154
-305.114294,17,14964.590864
-282.945728,13,14968.843425
-247.430044,17,14975.972613
-216.778038,14,14980.823552
-350.737986,15,14985.930273
-235.517856,19,14993.594651
-141.567487,19,15000.598627
-301.450366,17,15006.702278
-254.937893,18,15012.816562
-296.812649,11,15017.307477
-299.961744,23,15026.65005
-260.558595,13,15032.012887
-216.825977,17,15039.529706
-250.879332,17,15047.556086
-251.133408,16,15053.314377
-240.102814,17,15060.942343
-241.505668,23,15072.679409
-310.432946,20,15080.664169
-235.967229,21,15088.997456
-239.156676,18,15095.535344
-273.947873,15,15102.098917
-183.919853,13,15106.743551
-252.007745,15,15112.707474
-247.358104,15,15119.319084
-473.560084,20,15126.220883
-206.208868,21,15134.736092
-272.824101,12,15139.599256
-286.779877,12,15144.737352
-203.413449,18,15152.055552
-349.240895,17,15158.963553
-287.044526,18,15165.426387
-347.307582,24,15175.616536
-248.151479,17,15182.416553
-290.227198,16,15189.605615
-249.468645,22,15198.637664
-215.229955,18,15205.319391
-245.424003,18,15211.597903
-290.390026,21,15220.369857
-262.28216,18,15227.087541
-241.443172,14,15232.337019
-230.607594,19,15238.49051
-247.788073,15,15243.793874
-184.883312,14,15249.403015
-258.643354,16,15256.123983
-261.312362,18,15263.030754
-276.023875,21,15270.358945
-291.875006,19,15276.858453
-211.222049,19,15283.427972
-298.304073,15,15288.94596
-308.841912,10,15294.305337
-256.829298,16,15301.753545
-243.880561,16,15307.989156
-256.081604,18,15314.663738
-255.89185,19,15321.206167
-239.453649,19,15328.021144
-251.849978,13,15333.409532
-269.987745,11,15337.269575
-191.276424,16,15344.73723
-268.919295,17,15351.383771
-215.192471,21,15358.896539
-251.419957,20,15365.779802
-226.249294,17,15372.503859
-271.518564,19,15378.899861
-266.754961,20,15388.63998
-211.125134,14,15393.490241
-265.383528,17,15399.921551
-228.584411,19,15406.747455
-145.186076,17,15412.96541
-271.077945,17,15421.838704
-242.824942,18,15428.805938
-287.653798,20,15436.781695
-170.616566,17,15442.859917
-266.660891,18,15450.036077
-221.080036,16,15455.290604
-293.113227,12,15459.739254
-108.58467,9,15463.258935
-309.565706,18,15469.41786
-239.282727,20,15477.756006
-258.461605,19,15484.812693
-284.198151,19,15493.879064
-150.582938,18,15500.856777
-204.145521,23,15508.301634
-330.443505,18,15516.460322
-307.094153,15,15521.991755
-276.086205,20,15534.410885
-259.813916,20,15541.744343
-271.754195,21,15550.56888
-225.910515,17,15556.892782
-298.426525,23,15567.427675
-258.042749,18,15576.03651
-178.527331,18,15582.539044
-269.320604,20,15589.586152
-275.83565,17,15595.635077
-287.55318,19,15602.001066
-247.986025,20,15609.945144
-178.265118,13,15616.179667
-228.090333,12,15622.351045
-289.832812,13,15627.859089
-193.316812,22,15634.923604
-329.970948,17,15640.924102
-280.711175,10,15645.717103
-286.299574,19,15653.059497
-216.303096,20,15662.420919
-242.509827,19,15668.30625
-296.804348,12,15672.730385
-284.333414,17,15678.684917
-283.723314,19,15687.036156
-250.138404,22,15695.086093
-218.156542,17,15700.954497
-242.020006,16,15707.110465
-251.015972,21,15714.953682
-266.868032,21,15722.55134
-307.926698,17,15729.207318
-238.465425,16,15734.723233
-223.607172,22,15743.266498
-301.960345,19,15750.998084
-280.433996,16,15757.270409
-243.84008,16,15763.088102
-249.357062,16,15769.241197
-292.014283,17,15775.279174
-249.841263,17,15782.689448
-172.132428,25,15791.464216
-188.859479,18,15799.536732
-245.286738,16,15807.092679
-194.407993,17,15813.474809
-271.221911,18,15819.724509
-280.834135,11,15824.80392
-232.472869,20,15833.577754
-184.311554,19,15840.282017
-222.625871,13,15845.160526
-133.752486,17,15851.845825
-246.97227,20,15858.497135
-272.63366,13,15863.691133
-261.117694,23,15872.550252
-269.941466,18,15881.079086
-252.087308,17,15887.253706
-281.201496,19,15894.32241
-330.34782,23,15903.06688
-255.618579,17,15909.268775
-244.022295,21,15917.722412
-241.164828,16,15923.570818
-269.750235,22,15932.523806
-244.706073,15,15938.280549
-278.185632,17,15944.58999
-281.369313,15,15949.480417
-339.901712,22,15957.599375
-274.733029,23,15965.988121
-258.087214,17,15973.591614
-189.444308,21,15981.273806
-200.82953,13,15985.716197
-316.463879,17,15992.301766
-292.929699,21,16000.127457
-367.084715,15,16004.963647
-187.924435,17,16010.81749
-353.504978,18,16016.958677
-294.607722,12,16021.18112
-212.669916,24,16029.502894
-303.622779,19,16037.695171
-395.60981,19,16045.702502
-238.010617,15,16051.108726
-310.744559,15,16057.165264
-275.657246,23,16065.876943
-247.981686,20,16072.622603
-302.237144,15,16078.23076
-185.099642,24,16088.712039
-208.027534,24,16098.661222
-269.855636,20,16106.443197
-285.236435,14,16111.682649
-301.039813,18,16118.245584
-217.236595,19,16124.74807
-200.479363,21,16132.339961
-235.19517,22,16139.661922
-232.398053,14,16144.985564
-238.342907,17,16151.368342
-279.327833,17,16158.27683
-242.653907,23,16166.067191
-162.68656,13,16171.859306
-226.841672,21,16180.467279
-195.97512,21,16187.477037
-280.600317,19,16195.912812
-270.205325,15,16200.791653
-276.962931,16,16206.224386
-262.603126,16,16212.513953
-244.357646,19,16221.44683
-417.553646,15,16226.26404
-178.064579,18,16232.943766
-235.536081,17,16239.961776
-229.803038,15,16246.037344
-451.13869,20,16253.151033
-216.975636,18,16259.924844
-334.754183,19,16267.532186
-207.069931,19,16276.940852
-278.146731,19,16283.916402
-306.746348,23,16293.529166
-273.345419,19,16300.480392
-223.804119,18,16309.179059
-236.750159,19,16316.765382
-219.712838,24,16325.644924
-263.659154,19,16333.179299
-257.598246,11,16337.657627
-296.71654,15,16343.688875
-289.320169,12,16350.026101
-253.563088,17,16356.427397
-303.789636,11,16363.21567
-164.719724,16,16368.810009
-221.58681,18,16375.721995
-265.501709,14,16380.699924
-211.537633,23,16389.557059
-272.791652,18,16471.307846
-136.180282,16,16477.714842
-234.106967,25,16486.937664
-261.898374,22,16495.431885
-199.51355,16,16503.40992
-261.480176,22,16511.689145
-226.934923,19,16518.304882
-254.947866,16,16524.537633
-232.910931,19,16532.215482
-233.101264,21,16539.055908
-344.430764,20,16546.815345
-211.165919,19,16554.207576
-250.022632,14,16559.600344
-203.419882,23,16567.536867
-305.42348,15,16573.298494
-284.613202,21,16582.3655
-242.552866,14,16587.931584
-256.848805,24,16596.13435
-265.524392,20,16603.784444
-252.570778,19,16610.424815
-181.115394,14,16616.199013
-267.126211,18,16624.914622
-268.717178,23,16634.882409
-218.450067,21,16643.711251
-221.538476,17,16649.592585
-304.698198,20,16656.123275
-320.402646,15,16661.941514
-256.807038,19,16670.640889
-302.534573,18,16676.933346
-333.063086,18,16683.194191
-275.366916,25,16693.099566
-259.32978,11,16696.687037
-288.42433,16,16701.952324
-309.93896,20,16710.039063
-209.309955,13,16717.001189
-257.904185,16,16723.251749
-341.938299,20,16730.919397
-289.167006,19,16739.376409
-245.329016,18,16745.95807
-222.779906,17,16754.354392
-315.347348,18,16760.536541
-256.393693,16,16767.395017
-187.271671,22,16775.527407
-228.804468,14,16782.016948
-240.01161,16,16788.577793
-242.920253,19,16796.355664
-221.163832,20,16803.923774
-306.45071,12,16807.9044
-241.351224,21,16815.155686
-148.482672,16,16820.687887
-266.156743,13,16825.315185
-240.145051,19,16833.760175
-140.757529,17,16839.613358
-224.108694,19,16846.116377
-265.066424,16,16852.426972
-214.419207,16,16859.2608
-215.597572,21,16866.993909
-284.067666,19,16874.367925
-252.035722,13,16879.269301
-331.018708,19,16887.81551
-309.959592,18,16895.33529
-263.125881,18,16901.7641
-156.6552,19,16910.659407
-221.454207,20,16919.609927
-321.862801,16,16926.084873
-256.707889,24,16934.483659
-266.070946,17,16940.097236
-301.611357,16,16945.482295
-283.17993,17,16951.611471
-241.325238,15,16957.509355
-310.084902,16,16963.15553
-245.593875,12,16967.355505
-245.248832,21,16974.308388
-239.826431,18,16981.124769
-316.475749,18,16987.469615
-270.357965,18,16994.375965
-293.059364,12,16999.725744
-209.972787,20,17006.457432
-171.841433,15,17011.526435
-279.818828,14,17017.427938
-240.580048,16,17023.227925
-115.24402,15,17028.4108
-215.194919,21,17035.836433
-263.169016,25,17043.585022
-277.01301,20,17052.140946
-285.652031,22,17061.449826
-221.855104,17,17067.246654
-294.885586,18,17073.212217
-268.823227,19,17080.432874
-244.32022,18,17086.844408
-186.866899,19,17093.925591
-291.196481,19,17101.726141
-278.349805,16,17108.476463
-212.395016,22,17119.053567
-174.071175,22,17129.350075
-294.175416,19,17135.903369
-270.122747,16,17141.35492
-227.780101,21,17148.59505
-306.313437,21,17156.35178
-303.912104,21,17163.551156
-178.266842,14,17168.338246
-267.687059,13,17174.250021
-252.665168,17,17179.777901
-231.82399,17,17185.743628
-269.879465,18,17192.213311
-259.050164,19,17200.393978
-218.439175,17,17206.852194
-339.593725,17,17213.946915
-281.955647,13,17218.793172
-269.102298,21,17226.044692
-256.4176,14,17231.345633
-293.76658,16,17236.900063
-279.221831,16,17242.336243
-253.269628,16,17247.584777
-224.203047,18,17254.13775
-254.951916,17,17260.01484
-246.033075,22,17268.924759
-236.532052,22,17277.338185
-270.668013,15,17284.51175
-235.184415,17,17292.801894
-255.677006,10,17297.076943
-236.028094,16,17302.985431
-300.598335,17,17308.699473
-195.27212,18,17315.440073
-255.327466,10,17319.692152
-362.923664,16,17325.732934
-248.580545,15,17331.061185
-193.283809,19,17338.287722
-227.585615,15,17344.029218
-283.165821,15,17349.193851
-227.137814,17,17355.002231
-265.216408,21,17362.501024
-255.4104,15,17368.063205
-251.869819,21,17375.542662
-219.540929,19,17382.653315
-274.165652,16,17387.690861
-260.273407,18,17393.478839
-334.958728,18,17399.331697
-255.106581,17,17405.389821
-261.716307,16,17413.010919
-259.182179,16,17420.185158
-285.104929,19,17429.370415
-295.602665,19,17438.706664
-298.165274,18,17444.726844
-318.983195,20,17451.684379
-432.804604,18,17457.804153
-213.767132,20,17465.262902
-240.467026,16,17470.767219
-248.199637,17,17477.381726
-191.665386,19,17483.538797
-265.239751,16,17489.977643
-272.736093,13,17494.301778
-275.143798,17,17501.503033
-208.019365,18,17508.177279
-105.593568,11,17512.273236
-332.306937,16,17520.975433
-274.121688,15,17527.994171
-320.811199,18,17536.370973
-299.322604,17,17541.739241
-226.419251,21,17549.610886
-263.486022,22,17558.711852
-287.298119,16,17564.350591
-200.690472,18,17570.776101
-359.810494,22,17579.954426
-363.025045,19,17588.103629
-315.233262,18,17596.932753
-242.867105,21,17605.966338
-276.28112,17,17613.601169
-251.681404,19,17620.803464
-180.140411,12,17625.203951
-277.934168,14,17630.901983
-289.813701,23,17641.061286
-223.484582,17,17648.046093
-202.096506,18,17656.14851
-296.711471,13,17662.093205
-233.994414,20,17669.164098
-342.511328,13,17673.89615
-201.541575,19,17680.736655
-269.458207,13,17684.857378
-297.771092,15,17690.146889
-197.479979,16,17695.493803
-340.517678,21,17702.419852
-175.156397,21,17711.081429
-195.263488,23,17720.333302
-265.692846,15,17725.978988
-184.955881,20,17733.933779
-277.322186,18,17739.850046
-272.802029,20,17747.126281
-247.653482,22,17754.71894
-259.998501,18,17762.193606
-273.448571,21,17769.131282
-283.078663,17,17776.143446
-246.313604,16,17783.423944
-222.508459,19,17793.050104
-248.497583,18,17802.144907
-228.281677,14,17808.204213
-198.36737,17,17817.686635
-238.368369,20,17826.368097
-271.441886,22,17833.677035
-278.635758,20,17841.614189
-98.583355,12,17846.028438
-255.33741,19,17855.807603
-221.175014,20,17862.441772
-146.488168,18,17869.774486
-159.834621,14,17874.763559
-229.55988,22,17885.522228
-295.164168,16,17893.067369
-181.581582,19,17899.619839
-260.829337,14,17905.306067
-137.192594,16,17910.936589
-325.473292,18,17917.01602
-238.703386,23,17926.742837
-239.575843,22,17934.761193
-218.754881,15,17939.62716
-199.003325,12,17944.350026
-233.25819,17,17950.911292
-326.107149,18,17957.062321
-226.633715,18,17964.397703
-260.498781,21,17972.268182
-272.28244,15,17978.710723
-253.546362,21,17986.557399
-236.553988,18,17993.469237
-247.290878,17,17999.765046
-276.193855,23,18008.843019
-249.727753,17,18014.736152
-228.052027,17,18020.390852
-191.53046,20,18029.080209
-303.176466,21,18036.269543
-270.860916,14,18041.270473
-227.219845,19,18049.54863
-266.109964,19,18057.735505
-223.505686,18,18064.68815
-280.480349,23,18073.687311
-274.868076,13,18078.17469
-270.43289,15,18083.878723
-233.799861,19,18091.574749
-277.283415,21,18100.324843
-197.158175,20,18107.168732
-240.203741,16,18114.395234
-281.625635,17,18121.425121
-275.554403,17,18130.766769
-248.831649,20,18137.645237
-249.337805,13,18142.974663
-266.812612,17,18149.532449
-237.181024,20,18157.090183
-235.101883,21,18164.436906
-217.350139,18,18170.970443
-204.718161,19,18178.736238
-321.175839,20,18186.413772
-263.814738,14,18191.594467
-249.414941,12,18198.58044
-249.292776,23,18208.825866
-295.12427,15,18215.323738
-268.572771,12,18219.647511
-259.245494,14,18225.330294
-298.907389,19,18231.419716
-186.783509,14,18236.809201
-195.185836,19,18243.40258
-185.184753,16,18249.421882
-270.147774,21,18258.913875
-308.222709,15,18267.053047
-306.116032,17,18273.477819
-226.065475,18,18279.995275
-217.166893,18,18286.30108
-261.36102,17,18292.47102
-198.443226,18,18298.770023
-323.566878,18,18304.998395
-275.047092,15,18310.308811
-224.179437,19,18316.7889
-240.465932,16,18322.28043
-267.513619,18,18329.498044
-197.499768,24,18338.715974
-211.944961,20,18345.90795
-262.07141,23,18355.176033
-278.670674,15,18361.585687
-208.75483,16,18367.758666
-221.484574,18,18375.586066
-196.758393,15,18381.252039
-221.607337,21,18389.427651
-219.714549,19,18396.175296
-284.311918,15,18403.781753
-278.762511,14,18407.899713
-203.917687,23,18416.62931
-233.885265,18,18423.03739
-276.807341,15,18428.392322
-231.607927,18,18434.598645
-265.963551,14,18439.060787
-299.702289,12,18443.975733
-198.518328,18,18451.164004
-292.049103,22,18458.576696
-294.260844,17,18464.977695
-255.078322,21,18473.013048
-232.172635,16,18478.317894
-283.914219,19,18485.433896
-229.41342,18,18491.670087
-265.277423,22,18499.506812
-350.852056,17,18506.05925
-295.143884,20,18513.53618
-224.355007,17,18519.163367
-239.834186,16,18525.668731
-262.827253,22,18533.338262
-256.826022,18,18539.392599
-321.062237,15,18546.856317
-293.189833,12,18551.325288
-248.098652,17,18557.172424
-273.926829,23,18565.041053
-227.659673,17,18571.036662
-299.006609,22,18578.829074
-305.173693,12,18583.784817
-295.704915,16,18589.71087
-240.235092,17,18596.203714
-223.2421,17,18602.087061
-273.627098,14,18606.515968
-232.627276,15,18611.66948
-176.031237,18,18618.195917
-296.323361,24,18627.403037
-250.137191,21,18635.401944
-308.964591,18,18641.789854
-271.993594,12,18645.773374
-205.787859,16,18651.053381
-198.295419,17,18658.057831
-257.852494,13,18664.710988
-236.787452,25,18673.513437
-281.740337,13,18678.43005
-257.247107,19,18684.994079
-222.754431,19,18692.209512
-311.194617,16,18697.579786
-321.45063,15,18702.424196
-274.174149,10,18705.723613
-215.452099,20,18714.104424
-243.329071,18,18720.927441
-212.058095,19,18728.532489
-406.351285,20,18736.651804
-175.325005,20,18744.064555
-198.777652,19,18750.87192
-249.399968,16,18756.204314
-266.147163,17,18763.029801
-274.659997,12,18767.034553
-171.558109,23,18775.441428
-263.078034,11,18779.541836
-286.476945,17,18785.888351
-236.731174,18,18792.86622
-279.829959,19,18800.581378
-254.724035,21,18809.335828
-264.329447,13,18814.627364
-271.157862,17,18821.69392
-238.282231,18,18828.006889
-302.927347,13,18833.076712
-233.260181,24,18841.955215
-273.196012,17,18849.651459
-229.262842,20,18856.733682
-226.830354,18,18863.3331
-327.759164,19,18871.246394
-240.590028,16,18877.834499
-294.42393,16,18884.086169
-334.412371,24,18894.058364
-154.439527,23,18902.588373
-216.119465,25,18911.348294
-190.038214,15,18916.645074
-176.150424,20,18923.421647
-189.521655,24,18931.317463
-221.825043,22,18940.207255
-250.68724,13,18944.726687
-289.627122,20,18952.008854
-305.410923,19,18959.464237
-377.409986,20,18966.798407
-167.309635,15,18972.333809
-251.502999,21,18979.968841
-169.455329,16,18986.918865
-211.098589,20,18994.545751
-248.385282,18,19001.064553
-194.5005,22,19009.867419
-259.080271,13,19014.289056
-297.283804,13,19020.435431
-253.173134,21,19028.838806
-201.115591,21,19036.564243
-249.524925,20,19043.287014
-205.248871,22,19050.474073
-293.206303,15,19056.502449
-224.153684,13,19061.247278
-235.877506,19,19067.526795
-226.210609,17,19074.807252
-252.107229,19,19081.34832
-246.932801,20,19088.018756
-226.741082,18,19094.180956
-277.308975,15,19099.055227
-215.5732,18,19106.258744
-194.312668,23,19114.236452
-224.027919,22,19122.097265
-283.920482,22,19129.885231
-235.554817,14,19136.385463
-299.035872,14,19142.706259
-225.546716,18,19150.132013
-253.379918,16,19156.52151
-238.406911,18,19163.903373
-223.490398,17,19169.66041
-299.478282,20,19176.855749
-206.459998,19,19183.503087
-253.582183,15,19188.568388
-217.913112,21,19197.013273
-247.603275,23,19205.401992
-255.454843,17,19210.943502
-301.72844,13,19215.815593
-114.553794,15,19220.91558
-234.696612,19,19227.05323
-292.387174,15,19233.475245
-389.587877,18,19239.424386
-371.670021,17,19245.749098
-239.327616,21,19255.02987
-282.031652,16,19260.908128
-228.63283,16,19266.812114
-208.950985,19,19273.654895
-247.831641,15,19280.410287
-326.775648,19,19289.843188
-230.470713,19,19295.862802
-220.255492,27,19307.859016
-278.926035,13,19313.527337
-218.648985,21,19321.31809
-164.923659,19,19328.362535
-226.626768,18,19335.405542
-314.404203,17,19341.805161
-295.239395,19,19349.000331
-267.435095,20,19356.090376
-292.23688,15,19361.263751
-195.813792,19,19368.109026
-186.147833,20,19375.615859
-267.694039,13,19381.053246
-307.380986,11,19386.397866
-278.534857,13,19393.024085
-308.526003,18,19399.199096
-209.930174,22,19407.250513
-304.921603,15,19413.237581
-247.953749,19,19420.456252
-244.448487,16,19428.17395
-149.040925,20,19435.206741
-276.924402,17,19441.656492
-199.126404,19,19448.735592
-257.674917,21,19456.576616
-176.931393,20,19463.804782
-251.669487,21,19470.668483
-280.923525,18,19476.499441
-183.590969,19,19482.887429
-358.730296,14,19488.195784
-223.428657,20,19495.382939
-270.126455,17,19502.4833
-265.6374,18,19509.502503
-274.704292,22,19516.804828
-271.311993,17,19522.941003
-217.426405,15,19529.854748
-281.731699,16,19538.450633
-268.672347,16,19544.094871
-216.43775,17,19550.905228
-215.024742,18,19557.083998
-304.082616,22,19565.088811
-203.467146,12,19569.577688
-237.226607,12,19576.328024
-171.480277,17,19582.211419
-333.28641,19,19591.385861
-188.209309,22,19599.305373
-270.764012,17,19605.321019
-331.389913,18,19612.063826
-200.233741,17,19618.430902
-225.195118,16,19624.13653
-298.426672,21,19631.327622
-215.149544,20,19639.527602
-283.454076,18,19647.09673
-188.577869,17,19653.58972
-270.736386,19,19662.263928
-281.082164,10,19665.811342
-242.231861,17,19747.340352
-247.66229,14,19755.236583
-215.502577,19,19761.965302
-244.485873,13,19766.599302
-259.485946,16,19772.440232
-272.473253,12,19777.782297
-263.896314,18,19784.222178
-270.821328,19,19791.063366
-219.198026,19,19798.696009
-300.280282,20,19805.827393
-271.834565,14,19812.256774
-206.972536,15,19819.066705
-361.102537,17,19826.595788
-255.460233,14,19832.638705
-285.385061,17,19838.369709
-215.545146,21,19845.655042
-324.026705,20,19853.49145
-267.793358,15,19858.880406
-196.2968,17,19865.172319
-238.267756,16,19870.571407
-316.11765,19,19877.707681
-215.475889,22,19886.040379
-251.124724,19,19894.307769
-228.205227,17,19901.89067
-214.546673,20,19908.908746
-283.254423,15,19915.558335
-271.821732,25,19924.332422
-283.34491,19,19932.127101
-216.098965,19,19941.58808
-282.667779,16,19947.519901
-301.344518,20,19954.523557
-197.880064,13,19960.355614
-256.79747,24,19968.018391
-319.869788,11,19972.011035
-293.680564,10,19976.750195
-135.094675,18,19983.50874
-283.404447,23,19993.396908
-106.309237,17,19998.835386
-264.48035,10,20003.642292
-199.190399,19,20010.545901
-247.886984,20,20017.500079
-261.782037,22,20026.372935
-143.785193,20,20034.223905
-290.019002,21,20041.599029
-236.146472,15,20047.948274
-338.495238,14,20053.369636
-184.131043,26,20062.059829
-314.386967,17,20068.608445
-240.639059,20,20076.222757
-167.959309,22,20087.415029
-206.812347,17,20094.697342
-225.230177,19,20102.48911
-323.864361,16,20109.405069
-278.462513,17,20115.409395
-297.791349,14,20122.306124
-289.000618,11,20126.793615
-338.921429,13,20132.505978
-277.05626,12,20139.592088
-125.778717,14,20144.818974
-133.963012,13,20149.557763
-177.000391,19,20156.531889
-287.036591,22,20164.362474
-255.779458,16,20171.848637
-291.97175,14,20177.092202
-246.247688,17,20182.712856
-266.818872,17,20191.846893
-320.105293,21,20199.074099
-197.263247,19,20205.286699
-288.717166,19,20212.930835
-298.42199,21,20219.846223
-269.545527,18,20225.797165
-209.820293,16,20231.3208
-266.871503,17,20238.337911
-244.90354,15,20244.267417
-239.733891,17,20249.692977
-278.488232,18,20255.833985
-174.519462,15,20261.582165
-197.88116,19,20268.456932
-219.99342,20,20275.09865
-322.822235,16,20281.237732
-219.029994,20,20288.39648
-214.952672,20,20295.094283
-242.793955,17,20301.768988
-150.675672,11,20307.573756
-205.0569,23,20316.320009
-235.135883,17,20321.995104
-239.806161,20,20330.764366
-258.353487,14,20336.599304
-223.913993,17,20342.311799
-305.15766,11,20346.373909
-273.469127,18,20353.786616
-216.049234,19,20360.706321
-223.158009,21,20367.752821
-202.744518,21,20375.605089
-235.039998,18,20382.782397
-169.752575,13,20387.063417
-232.354786,19,20394.157094
-260.716362,20,20401.078529
-210.116664,19,20407.986073
-230.059414,16,20413.934577
-283.656195,22,20422.839851
-241.383996,13,20427.32767
-171.258344,17,20433.756627
-254.970664,21,20442.888903
-242.848379,16,20448.272877
-325.687934,11,20452.531859
-185.62714,21,20462.667313
-300.314986,13,20467.599116
-158.949144,21,20475.578805
-218.257769,16,20481.625654
-132.74924,17,20487.638495
-311.023705,20,20494.992869
-263.442315,20,20501.410118
-219.214079,18,20507.913877
-185.784285,19,20514.657149
-219.195228,20,20521.053658
-355.128786,21,20528.656098
-228.084879,15,20533.898325
-154.258381,19,20542.948914
-237.850028,20,20549.482789
-231.611802,14,20554.518509
-173.592368,22,20562.591237
-356.976858,19,20570.090934
-278.652174,15,20576.715448
-247.365904,16,20584.113678
-220.988955,23,20592.478149
-248.71676,23,20600.018453
-260.881942,21,20607.614685
-215.209675,17,20613.876102
-204.518638,19,20620.723941
-227.48661,19,20627.355888
-243.152243,15,20633.60173
-211.493668,21,20640.949076
-260.143167,19,20647.447251
-247.715219,19,20654.005802
-225.191187,18,20660.150846
-249.426279,16,20666.678253
-241.128932,23,20674.213247
-264.411702,18,20680.748565
-209.564142,15,20687.292189
-212.607342,22,20695.564171
-218.746004,21,20703.268922
-169.463653,25,20711.771759
-237.49796,16,20718.369655
-306.748086,18,20725.382919
-302.933742,18,20731.779411
-221.926959,20,20738.672799
-232.923636,21,20746.314233
-252.887405,14,20752.073849
-233.501261,16,20757.136458
-229.847228,16,20762.582213
-246.728645,15,20769.717209
-232.209022,18,20775.662328
-210.220881,24,20783.666287
-249.365558,20,20790.33007
-219.518765,22,20798.989129
-268.449609,19,20806.912722
-284.749146,18,20813.976907
-255.546317,13,20818.458783
-264.840856,13,20823.905463
-277.491479,20,20832.372929
-235.462718,18,20838.467647
-299.402259,21,20846.410054
-266.766908,13,20852.285607
-334.447175,18,20861.095262
-318.812875,21,20869.133405
-209.272577,20,20875.580747
-263.5665,12,20880.369766
-244.230202,18,20887.375838
-286.996439,19,20894.181723
-207.693526,21,20902.157191
-230.076768,19,20909.062083
-265.944858,16,20915.662637
-265.98039,12,20921.631155
-224.152172,13,20927.919269
-249.363485,17,20934.950325
-197.942504,19,20942.145049
-240.984471,25,20950.834759
-224.3571,18,20957.146005
-235.026639,18,20963.980627
-187.001764,17,20969.807106
-205.524086,21,20977.205364
-155.161115,17,20982.895063
-229.255307,18,20990.329737
-344.56375,19,20998.267913
-154.600515,22,21006.363258
-373.36152,15,21012.063763
-161.839907,14,21017.216085
-144.874617,20,21024.070453
-294.787825,15,21029.860547
-251.76486,14,21034.425164
-239.632567,20,21043.247025
-248.77335,16,21048.502041
-291.367603,16,21053.805665
-242.433871,16,21059.296871
-236.19329,25,21069.229485
-225.961331,18,21076.802661
-205.649117,21,21084.669758
-190.043709,25,21093.554328
-334.616879,17,21099.441754
-184.419688,21,21106.804064
-170.909346,24,21115.149292
-219.628068,19,21123.070982
-294.731008,17,21129.512374
-136.428523,16,21134.995677
-286.755296,24,21145.07825
-236.885467,16,21151.413276
-188.991379,20,21159.126067
-270.910138,17,21165.511173
-219.410884,20,21172.299881
-182.258092,22,21180.336082
-294.998021,20,21187.051688
-211.023028,21,21195.18894
-241.61662,16,21201.327321
-257.767935,21,21208.271271
-233.485159,21,21217.040493
-255.594127,14,21222.024811
-239.682104,21,21229.408173
-227.25454,21,21236.294163
-292.318772,13,21241.328898
-196.463059,20,21249.455343
-271.244337,19,21256.662187
-253.668414,20,21264.684229
-211.422397,16,21270.46911
-118.689451,15,21275.430749
-196.491966,16,21281.413213
-324.092757,17,21287.02969
-295.832602,17,21293.419489
-281.187843,9,21297.17276
-354.052742,19,21303.167727
-269.406961,18,21311.071607
-229.718974,14,21315.912022
-301.404959,19,21322.633749
-258.019515,22,21331.220274
-306.045815,19,21337.737323
-268.616355,16,21343.332214
-296.000591,20,21350.915158
-304.451841,19,21357.442202
-256.737676,14,21362.280096
-299.833036,19,21370.190471
-291.985902,15,21376.262858
-210.29419,20,21383.700064
-225.238554,21,21390.781888
-117.964203,16,21397.920382
-225.185742,17,21403.993054
-245.679535,20,21410.511546
-278.037046,18,21418.158371
-213.178114,19,21424.739074
-205.75081,21,21432.933596
-230.242121,18,21438.896099
-274.521266,12,21443.736577
-265.216239,14,21450.400198
-283.419299,20,21457.584157
-279.830546,15,21462.696823
-255.679858,20,21469.770362
-187.407673,20,21477.19381
-197.833479,18,21483.902031
-209.388668,15,21491.816825
-290.462312,16,21498.210959
-228.139233,18,21504.288926
-293.141965,21,21512.500374
-288.531308,20,21520.32869
-264.698805,11,21523.903225
-259.496327,15,21528.933265
-264.998291,14,21533.845806
-235.452354,22,21541.590361
-291.594145,19,21548.937841
-268.28342,17,21556.35695
-222.571926,18,21564.379811
-244.74106,18,21572.178851
-300.05315,20,21580.912837
-185.260014,20,21587.7564
-248.634808,15,21593.195667
-287.995189,18,21600.109091
-255.455386,23,21607.973003
-265.706975,15,21614.224583
-224.201257,15,21619.995549
-209.404486,24,21628.302221
-253.746802,18,21635.643497
-257.443154,20,21643.174942
-225.962078,15,21648.705143
-233.00742,17,21655.527998
-296.887796,16,21661.08163
-261.595941,18,21667.953719
-398.498222,16,21675.966799
-187.165959,22,21683.687662
-199.370496,20,21691.626575
-274.77289,18,21699.666454
-292.139928,14,21705.244484
-299.132995,16,21711.440908
-285.358087,19,21718.062582
-221.135722,17,21724.093516
-203.202819,18,21730.734897
-216.22202,18,21737.322721
-336.389592,14,21742.299476
-215.962268,21,21750.344168
-238.661909,20,21757.952793
-347.892758,10,21761.808425
-170.038448,16,21767.085855
-204.168311,17,21773.03952
-243.597957,21,21780.106964
-261.71101,23,21789.258479
-157.415714,19,21798.736534
-255.53431,21,21805.853259
-194.258702,13,21810.198133
-245.330104,16,21815.490846
-274.978494,17,21821.78318
-309.243233,14,21827.972934
-172.175254,20,21835.005939
-126.821831,13,21840.830152
-189.587901,22,21848.323304
-223.453868,22,21856.615552
-261.049689,18,21862.829419
-266.83236,16,21868.243381
-276.683954,13,21873.255804
-311.395408,20,21881.497176
-214.722889,18,21887.656137
-204.085507,20,21895.254829
-332.1445,17,21901.155706
-275.318146,17,21907.073802
-296.573417,11,21912.349488
-262.047902,11,21916.041244
-255.381855,18,21923.408688
-271.715452,23,21932.196383
-202.51001,10,21935.622385
-242.703056,19,21944.177265
-239.369353,14,21949.193508
-304.196834,20,21957.692095
-256.482623,18,21966.229882
-229.639666,17,21973.723747
-269.248916,21,21980.832244
-188.974815,21,21987.900688
-185.165528,22,21996.506524
-190.118711,23,22005.205214
-259.130789,24,22013.537076
-206.678185,22,22021.494102
-111.452041,21,22028.654117
-238.415309,18,22035.146792
-238.109003,23,22043.09656
-301.259319,16,22049.930485
-427.194189,20,22059.230171
-334.747911,17,22066.31403
-312.180354,15,22072.04907
-256.193259,19,22080.207293
-280.063968,19,22086.900226
-308.943737,13,22092.74374
-221.104559,21,22099.869475
-287.86099,10,22103.35215
-251.644367,21,22111.538372
-226.621456,23,22119.186966
-269.342954,21,22128.121486
-227.359451,22,22135.715137
-214.531949,20,22141.93025
-234.776737,21,22149.589308
-311.77126,23,22157.577058
-253.303249,20,22165.160131
-375.078023,20,22173.605937
-303.832905,19,22180.259058
-311.261806,19,22187.198116
-234.212446,23,22194.992375
-160.717943,11,22198.767357
-221.692759,20,22206.703147
-246.186484,18,22212.899765
-230.511548,16,22221.102266
-235.438521,18,22227.151717
-238.496806,24,22235.017667
-272.294851,11,22240.534276
-219.398686,21,22249.479248
-194.42612,20,22256.502204
-226.809688,21,22263.912352
-189.102374,19,22270.273415
-151.655475,24,22279.863486
-250.239999,14,22285.422007
-288.372461,16,22290.597962
-179.548643,15,22296.72644
-259.166761,18,22303.136952
-319.793281,15,22308.976481
-224.223779,21,22316.142816
-179.561492,19,22323.785285
-212.342728,23,22331.43706
-291.836962,20,22338.774475
-253.245944,18,22345.484833
-225.594675,23,22353.815646
-270.101458,16,22359.43248
-308.360058,17,22367.197988
-215.274973,21,22374.238203
-209.180001,19,22380.520046
-279.088397,18,22386.964275
-197.976916,21,22394.286839
-309.598926,11,22398.550572
-244.384464,21,22406.411003
-226.367038,23,22413.813155
-236.85436,21,22421.706236
-292.88334,20,22429.994809
-248.52885,16,22435.234813
-267.406292,19,22441.980295
-313.129498,17,22448.585356
-275.69584,15,22454.605539
-272.561809,14,22460.18104
-209.635591,15,22466.272022
-224.865361,21,22475.680882
-247.267108,19,22482.1528
-212.87001,21,22489.183959
-296.823688,12,22493.714136
-264.498903,16,22499.723831
-266.759269,20,22506.464196
-256.530756,19,22513.359238
-152.764598,18,22519.175544
-292.298735,18,22525.846698
-258.450218,17,22531.970747
-339.345963,18,22538.544127
-242.166839,19,22545.351267
-228.803088,17,22550.904337
-325.290438,16,22556.821244
-295.274945,14,22563.669374
-277.74428,18,22569.610951
-245.641084,18,22576.300863
-207.177248,19,22583.678607
-186.908683,19,22590.345836
-248.334948,17,22597.642205
-274.573181,13,22601.782887
-198.55249,19,22610.422135
-221.822289,18,22617.174027
-335.215041,15,22624.722349
-231.47733,22,22632.550741
-273.58196,14,22638.775578
-142.260228,19,22645.09989
-216.795742,18,22651.891533
-241.056837,20,22659.726744
-253.329749,18,22665.78107
-256.372157,17,22672.955065
-230.226664,17,22679.454817
-327.6497,17,22686.30551
-275.225953,16,22691.732099
-234.892146,20,22698.634452
-212.612304,21,22706.672856
-268.115325,18,22712.707593
-302.512114,14,22717.368424
-227.822534,17,22723.166031
-236.001943,17,22729.506635
-219.579143,24,22739.719661
-222.560922,15,22745.440254
-206.199966,25,22755.056606
-265.496197,18,22761.911831
-167.503087,19,22770.217706
-187.484979,16,22776.365025
-265.28856,20,22785.579249
-265.480215,15,22791.533118
-187.436731,17,22796.976638
-251.944414,19,22804.122776
-223.10654,22,22812.177809
-229.253034,20,22819.429731
-234.362386,17,22826.034801
-305.087464,17,22831.618536
-223.044199,26,22841.614339
-230.75752,16,22847.168804
-313.26754,17,22854.822381
-266.827785,20,22862.253626
-263.271731,21,22869.419257
-186.757089,13,22874.436607
-257.316738,10,22877.867502
-234.821219,18,22884.49577
-171.890679,23,22892.511971
-211.561816,18,22979.926934
-312.044343,14,22985.262157
-218.701977,19,22991.980576
-134.319789,9,22995.268457
-219.436829,18,23001.26162
-297.624861,19,23007.646839
-225.191979,20,23015.782864
-291.885725,17,23023.9369
-203.416537,20,23030.673881
-250.706724,22,23038.233459
-235.418113,14,23043.901361
-301.304022,17,23051.835113
-256.794295,22,23059.480116
-249.807254,23,23067.923898
-240.770056,16,23073.109409
-236.231846,20,23082.025843
-245.836563,21,23089.980922
-219.669106,16,23096.636468
-166.206277,11,23102.288655
-233.632317,14,23107.562247
-252.218457,17,23114.166804
-279.134261,14,23119.452235
-212.692777,24,23127.434582
-258.693692,15,23132.167451
-135.384151,17,23138.029967
-306.390124,16,23143.460053
-258.245703,17,23149.962092
-191.35507,19,23156.353639
-233.104828,19,23163.933147
-265.688756,17,23171.154512
-282.282591,20,23178.376265
-270.504073,13,23183.898511
-280.403747,18,23189.923698
-260.478082,19,23196.160766
-257.959092,19,23204.03988
-136.763962,14,23209.475764
-265.603285,17,23215.454421
-194.537541,21,23225.616216
-263.942062,14,23230.878062
-262.793453,19,23239.613102
-224.754421,22,23247.183446
-333.752893,13,23251.863337
-177.251262,21,23259.309268
-334.96962,15,23266.87664
-289.395566,19,23273.927413
-200.39746,17,23282.508952
-256.827381,17,23288.623546
-269.787774,16,23294.995704
-281.44997,19,23301.717157
-252.399477,23,23309.801649
-171.474461,20,23317.534138
-251.936209,15,23323.157627
-458.312987,23,23332.472757
-140.075907,15,23337.373593
-260.803574,18,23343.09246
-216.799895,20,23352.788837
-151.700534,18,23358.860016
-304.97851,22,23366.721043
-247.310817,15,23373.2233
-208.387432,22,23380.899708
-183.649774,15,23387.952978
-269.8732,17,23394.856452
-236.589645,18,23402.778728
-272.896261,11,23407.861382
-231.972961,23,23416.194836
-225.068578,12,23419.776827
-265.670783,14,23424.777676
-265.442104,19,23432.673514
-168.346538,23,23440.283142
-165.239384,20,23446.72184
-122.748287,11,23450.680687
-242.150337,14,23455.878254
-232.645285,13,23461.200324
-310.485845,19,23469.036333
-187.98131,18,23476.741357
-256.322538,21,23484.183351
-201.248654,16,23490.138838
-256.643336,15,23495.847792
-216.487697,19,23502.648673
-272.839782,21,23510.279921
-290.131516,20,23518.535067
-277.336479,19,23526.033329
-262.873931,16,23533.172929
-212.785533,18,23540.261479
-195.518323,19,23547.487263
-143.022236,25,23557.108576
-316.060771,18,23563.347055
-149.405272,17,23570.003936
-197.516855,13,23575.249672
-276.101127,16,23580.9226
-288.634454,15,23585.837788
-271.830545,19,23592.630588
-286.327147,17,23598.18861
-236.144911,21,23605.778839
-179.831439,20,23613.26758
-218.052131,22,23620.479638
-238.614497,22,23628.353464
-243.805495,16,23633.832091
-277.303209,19,23641.075
-229.662003,23,23649.256767
-191.300174,24,23660.959845
-334.646278,18,23667.429305
-260.841155,19,23673.883192
-301.794774,18,23680.32181
-285.78071,19,23687.588343
-173.341654,10,23691.657238
-223.916445,18,23699.056517
-194.030639,21,23707.625516
-248.861836,18,23714.349257
-339.98383,14,23719.547141
-246.609493,14,23724.520268
-244.540437,20,23731.84523
-221.886611,21,23738.437992
-232.489502,19,23744.572596
-299.309514,17,23751.415233
-296.353563,14,23757.006192
-123.20605,15,23763.651741
-195.553799,14,23769.208225
-238.197246,12,23773.976639
-269.540781,20,23780.95831
-306.248741,15,23787.567105
-123.818489,13,23792.017907
-320.845118,16,23798.780922
-244.539461,17,23804.927731
-216.301115,21,23812.08522
-260.429936,17,23817.889825
-237.089883,21,23825.60098
-264.68252,16,23831.31729
-186.75908,21,23838.936615
-177.499275,18,23845.796158
-243.898732,18,23852.628597
-120.379736,25,23862.556042
-248.092626,15,23868.612411
-255.397177,21,23876.583919
-278.75356,21,23884.58445
-211.009277,23,23892.535113
-318.578668,17,23898.275771
-215.792396,22,23906.336565
-169.267268,16,23914.346982
-209.11453,18,23920.616876
-316.899061,13,23927.546537
-262.035829,19,23934.560942
-174.539181,16,23940.960536
-221.454825,22,23948.856772
-147.286351,21,23957.4911
-285.559084,20,23963.642808
-181.050869,17,23970.298784
-320.578924,17,23977.379748
-148.055688,17,23983.170562
-174.191831,11,23987.196709
-212.372166,19,23994.391679
-364.410786,19,24000.831237
-158.638744,16,24006.857511
-292.155309,17,24012.714221
-273.936312,12,24016.583727
-236.040209,23,24026.500275
-208.869118,19,24032.840366
-204.139239,19,24039.706514
-221.58787,22,24048.767303
-253.317396,18,24055.627146
-333.782424,23,24064.778492
-278.895592,25,24073.593798
-192.097822,20,24081.066439
-219.277787,21,24087.868034
-291.535746,14,24094.977229
-276.003056,17,24100.98652
-161.869458,20,24108.053528
-191.552436,22,24115.563713
-325.027447,18,24122.635277
-286.882276,18,24128.831752
-185.053546,22,24136.95612
-216.046689,20,24146.506041
-228.450206,20,24154.094115
-271.548155,12,24159.675565
-233.359178,11,24163.406999
-253.409848,20,24170.618233
-199.796531,18,24176.370336
-242.546506,21,24183.444679
-273.495166,20,24191.379612
-234.319468,18,24197.581463
-215.629592,18,24203.875477
-264.420453,17,24209.533998
-242.398491,18,24216.672093
-225.651909,17,24222.058469
-306.63301,19,24228.700596
-225.638902,18,24234.53628
-139.444098,14,24239.502792
-281.941039,19,24246.228076
-204.279528,21,24254.31458
-261.429088,14,24260.54498
-258.054043,15,24265.986822
-152.450736,21,24272.91424
-272.675313,20,24280.052173
-186.423411,22,24288.037084
-222.544575,17,24293.747874
-223.026633,22,24303.107013
-256.338069,22,24311.170986
-185.550085,21,24319.029483
-309.211638,23,24327.054971
-395.132824,16,24333.253243
-252.065436,19,24340.574219
-240.670527,20,24349.806947
-143.75767,11,24353.423905
-208.18288,21,24360.526686
-328.989041,18,24366.539082
-229.184657,20,24373.627765
-194.792259,20,24380.434216
-276.608382,18,24386.513477
-164.751213,22,24397.406054
-305.954633,16,24404.476354
-239.321496,20,24411.937558
-211.000182,21,24418.633075
-188.956045,20,24425.661168
-283.262288,19,24433.201065
-248.460256,14,24439.661323
-191.499394,23,24447.105133
-262.051892,19,24454.315371
-244.155123,15,24459.827432
-261.688005,14,24465.699994
-211.775146,17,24471.935102
-164.294421,20,24478.880153
-218.591484,19,24485.419188
-282.911687,21,24493.792252
-135.872512,20,24503.224184
-245.693394,18,24509.184473
-278.353425,14,24514.128218
-275.374949,19,24520.539814
-218.266005,16,24526.470262
-393.880171,21,24534.827985
-154.81601,19,24542.491817
-225.345109,20,24549.352798
-242.311791,20,24556.325975
-232.845632,19,24563.438731
-228.267967,21,24571.516031
-196.291693,25,24581.781944
-186.606922,22,24589.152352
-205.603234,22,24596.696845
-254.91677,13,24601.51117
-287.344574,23,24609.180359
-377.563635,14,24614.649163
-237.090465,16,24621.896478
-219.457354,17,24627.761257
-272.378685,16,24633.152174
-193.59404,25,24641.87912
-191.06979,23,24650.061299
-265.680755,16,24656.72033
-298.622897,17,24663.493493
-205.866976,22,24673.190655
-273.289467,17,24680.558062
-213.315247,22,24688.238286
-264.305933,16,24695.459371
-215.606451,23,24704.330291
-255.565937,18,24710.471799
-218.328676,15,24717.066293
-194.616544,21,24726.334605
-216.986897,19,24734.298806
-343.726126,21,24741.829345
-302.378882,17,24750.575276
-242.975002,20,24758.312325
-198.241757,23,24766.256582
-238.547208,17,24772.035218
-242.183975,16,24777.891855
-218.996432,16,24784.603201
-134.622475,13,24788.861699
-254.873142,16,24796.343379
-297.439528,21,24806.147733
-235.011661,20,24814.626809
-186.662011,24,24822.55491
-287.812164,16,24828.54021
-216.861752,22,24836.229028
-231.073296,17,24841.791287
-262.45388,21,24849.187374
-173.036555,18,24856.280787
-241.61468,17,24862.798325
-320.089499,21,24870.710133
-204.310996,14,24875.93158
-219.614116,17,24883.301663
-198.779485,22,24890.965599
-300.551934,15,24896.273159
-292.623861,17,24904.8744
-360.543687,15,24911.886499
-196.05388,21,24919.612187
-249.64493,18,24925.500579
-205.817832,20,24932.432088
-250.449927,15,24938.532634
-272.778755,20,24946.880008
-316.148466,13,24953.409908
-179.634239,22,24960.611007
-228.282749,21,24967.789661
-344.940656,22,24976.208241
-239.873957,18,24983.495525
-343.924308,12,24987.68075
-209.176258,17,24993.560433
-130.18396,16,25001.240941
-383.869576,17,25007.713264
-212.641632,21,25016.227339
-184.377641,23,25024.426162
-214.645474,22,25033.509408
-202.831237,16,25039.076325
-212.650036,22,25049.040441
-249.453544,16,25055.711163
-233.111261,19,25064.019905
-125.268037,15,25070.281187
-291.938493,12,25075.368666
-208.340496,24,25084.17696
-277.087753,12,25092.16431
-231.644567,21,25099.692079
-157.671234,15,25104.608441
-216.721876,21,25111.961373
-270.269189,17,25119.125397
-254.217726,22,25126.962954
-234.324404,19,25133.714524
-236.563819,20,25141.701969
-219.266445,15,25146.633974
-236.309746,22,25156.511951
-273.859255,16,25162.255635
-241.102081,18,25168.930573
-162.081093,21,25176.141539
-128.230262,14,25181.117156
-256.195814,21,25190.639282
-227.758347,17,25196.706282
-216.873694,20,25203.515114
-255.33256,15,25208.744093
-285.860649,21,25216.44888
-246.344538,20,25223.331957
-285.883175,14,25229.783853
-272.108527,22,25237.073212
-218.004982,20,25243.675228
-158.058714,15,25248.921123
-224.234427,22,25256.129432
-245.01903,21,25263.14356
-214.880309,20,25272.212372
-232.80575,18,25278.086625
-177.00708,9,25281.65767
-169.846387,20,25289.694809
-252.895028,15,25295.644263
-237.096911,19,25302.600286
-232.238114,16,25309.320089
-210.794177,24,25319.463834
-219.032243,18,25327.046543
-229.873407,18,25333.546381
-212.308662,21,25340.590671
-293.665966,11,25344.467085
-263.569738,19,25351.711189
-208.553841,26,25360.74637
-225.594911,16,25367.416886
-247.017568,18,25374.098984
-189.229975,22,25381.825196
-243.161642,18,25387.779936
-180.40095,22,25397.155022
-296.204128,20,25404.653072
-339.173996,21,25412.814858
-229.10884,21,25421.322367
-256.740772,20,25428.989568
-246.649546,20,25435.990536
-249.873514,17,25441.408331
-274.001482,22,25449.00189
-219.861566,18,25456.019788
-304.995675,23,25463.973948
-257.033845,24,25475.518087
-228.724679,21,25483.05208
-290.149116,17,25489.053567
-248.668056,15,25494.362703
-291.185343,19,25500.45715
-227.809308,16,25506.139463
-180.061172,22,25513.3202
-339.322102,17,25519.28189
-260.875528,18,25525.468519
-234.792073,18,25532.019916
-235.309978,16,25537.72303
-263.068378,18,25543.833118
-228.838326,20,25552.425274
-198.984138,20,25559.907525
-297.325991,15,25566.511418
-298.882844,12,25571.72381
-258.140449,19,25579.056994
-202.943733,19,25585.548706
-323.624423,12,25590.878781
-194.069751,21,25598.577319
-242.908977,16,25606.398818
-225.455002,16,25612.124015
-270.176004,18,25618.716504
-216.499524,20,25626.736753
-261.420911,17,25635.70567
-244.827594,20,25644.180274
-314.289007,24,25652.961711
-250.926494,18,25661.063235
-242.605412,17,25667.642964
-203.754483,23,25676.134975
-300.100214,10,25680.431519
-219.843583,15,25685.990172
-197.793712,16,25694.328491
-327.866813,14,25700.778838
-198.93347,24,25710.602313
-226.751801,26,25721.082889
-277.242843,21,25728.850253
-159.392203,11,25732.443141
-274.720956,17,25741.660355
-162.951925,21,25749.603271
-288.002296,19,25756.447749
-175.302683,15,25761.921743
-282.844163,16,25767.807788
-199.523511,22,25775.591183
-282.300768,12,25781.105251
-228.181771,17,25787.033419
-189.227394,19,25794.006569
-201.201536,19,25802.300411
-269.78307,21,25809.794702
-214.602357,17,25816.313599
-145.639888,16,25822.566607
-222.116018,18,25829.16794
-221.579665,17,25836.411356
-240.875986,18,25843.098427
-249.171891,18,25851.35403
-208.294,21,25858.746708
-216.904651,20,25866.468018
-286.124176,17,25872.50724
-141.645761,14,25877.183659
-204.128277,20,25884.125614
-303.391558,18,25892.078278
-293.00407,18,25898.764508
-208.417822,23,25906.493118
-228.610377,18,25912.58077
-218.834799,19,25920.417257
-251.665481,14,25926.339494
-202.616899,21,25933.549316
-159.787909,21,25940.593981
-251.1154,15,25946.849137
-146.89787,16,25952.400819
-218.313314,21,25960.54508
-222.831748,12,25964.805461
-223.694819,22,25972.431909
-280.020357,12,25977.807184
-248.732236,22,25985.798189
-281.049047,12,25989.810805
-136.250849,16,25996.2813
-240.408644,19,26002.838578
-239.524482,15,26008.531566
-299.757946,18,26015.102993
-198.26984,21,26022.607424
-218.254806,23,26029.811511
-323.198359,18,26036.07152
-251.9765,21,26044.716181
-284.463357,18,26051.359675
-272.850361,18,26057.623315
-191.769194,18,26064.873194
-207.620987,17,26071.0685
-262.128966,15,26076.090427
-278.48351,20,26082.901347
-210.274981,21,26090.132541
-253.163055,17,26095.640883
-243.501534,21,26102.599957
-219.851129,25,26111.384693
-348.449445,20,26118.299841
-168.188991,22,26126.780426
-256.096417,10,26130.544039
-230.608905,15,26221.34771
-271.030829,17,26228.360738
-238.446637,28,26238.46235
-216.468476,15,26244.894774
-233.447705,20,26254.117635
-164.416565,16,26260.255394
-255.338304,21,26267.706501
-283.038871,16,26274.554372
-238.179654,22,26281.659028
-253.174274,16,26287.737504
-237.668128,21,26295.627482
-254.18038,15,26301.296045
-340.330816,19,26308.770062
-241.119564,20,26316.366677
-270.477107,13,26320.761295
-255.110212,17,26326.727641
-198.190719,23,26334.146437
-293.319355,13,26341.140227
-242.095288,18,26349.329348
-190.622807,24,26357.675168
-261.000464,17,26363.913632
-258.509243,17,26369.850304
-131.228333,14,26375.181651
-236.940352,22,26382.322998
-218.773899,19,26388.86727
-242.944185,16,26394.460208
-215.739342,15,26400.956796
-310.885539,23,26409.151345
-241.974382,12,26414.183873
-260.61576,20,26421.765303
-273.165975,10,26425.367095
-242.128546,22,26435.239525
-232.240512,15,26440.712269
-194.903446,24,26448.90182
-281.453335,21,26456.151581
-258.017517,14,26461.571914
-261.386778,19,26468.76876
-271.505028,16,26474.28338
-229.33255,19,26480.970467
-345.750284,13,26485.86795
-189.390228,16,26491.165701
-264.226313,23,26498.782764
-262.888607,22,26507.301248
-320.2662,14,26513.093234
-223.0643,19,26519.402934
-223.904137,20,26525.91743
-253.465169,18,26532.423399
-243.03804,17,26539.202687
-291.914065,16,26544.716975
-239.077402,19,26551.901342
-233.527402,19,26560.110403
-192.506264,18,26565.954104
-229.117507,16,26572.426927
-210.438398,19,26580.907813
-277.191238,20,26587.882601
-256.248442,21,26594.931574
-285.190368,18,26604.461732
-274.628087,22,26612.167516
-225.471725,19,26619.724578
-253.922939,21,26627.461805
-243.585768,15,26633.207768
-188.814111,17,26640.410474
-338.683879,22,26647.784244
-155.722912,15,26653.335568
-252.46532,17,26659.78173
-257.983053,20,26667.612967
-252.615913,16,26672.866985
-146.394026,19,26679.141635
-184.962005,20,26685.611337
-152.036327,23,26694.308113
-132.475424,19,26701.503538
-295.858501,13,26705.728445
-221.044809,16,26712.617842
-175.51059,16,26721.042417
-202.22548,17,26727.375155
-307.417212,20,26734.565669
-240.120768,14,26740.587416
-294.415371,18,26747.26104
-213.307321,23,26755.177381
-204.312864,20,26762.98817
-280.877692,18,26769.314231
-278.708797,18,26775.384228
-214.407233,20,26783.108944
-247.391449,16,26789.697973
-286.458507,17,26796.611696
-236.815442,14,26801.50057
-349.910221,22,26812.514419
-295.316334,22,26821.552549
-267.739509,14,26826.585634
-226.801707,22,26834.247912
-300.701857,11,26838.86444
-185.329052,15,26845.059253
-240.425945,15,26851.071049
-262.137407,22,26859.315824
-273.944047,17,26865.903564
-220.852514,18,26873.572113
-223.446719,23,26882.591326
-254.924725,27,26892.595945
-210.358441,21,26900.760752
-247.19114,15,26905.915672
-217.326276,20,26914.045976
-314.971235,9,26919.302999
-249.707348,17,26925.798276
-206.299898,19,26932.402005
-318.832029,18,26938.990279
-182.519703,22,26947.843858
-143.581382,13,26952.524163
-280.494874,15,26958.199445
-219.527982,19,26964.82894
-253.622224,18,26970.940789
-219.095442,18,26977.518302
-316.970452,16,26983.243073
-196.480716,15,26988.546562
-266.146396,19,26995.834447
-215.392766,21,27003.543877
-221.80997,23,27012.792233
-176.922612,20,27021.362116
-247.09996,17,27028.14268
-233.17877,17,27035.022666
-250.646178,16,27040.892437
-224.199781,25,27049.579404
-191.09665,19,27055.922296
-208.832826,19,27063.254286
-223.481486,14,27069.77937
-213.353409,16,27075.088082
-303.466872,10,27079.797869
-335.404834,19,27087.964497
-290.136824,20,27095.333846
-295.468351,11,27101.253994
-128.125715,21,27108.750928
-184.564733,23,27116.443011
-211.929674,20,27125.114962
-227.135554,26,27134.855069
-246.272994,19,27145.553186
-335.314462,19,27152.092804
-187.196642,22,27159.074016
-134.087675,15,27165.233613
-227.309671,17,27171.596738
-279.944504,19,27178.99555
-248.993067,20,27185.94805
-231.836423,19,27193.179555
-281.014163,20,27200.930274
-248.78262,17,27207.324467
-232.789451,13,27211.843316
-181.909544,21,27221.045074
-233.923484,21,27229.299099
-229.097415,17,27236.175634
-230.355309,14,27241.371826
-209.608432,17,27247.983284
-170.916278,17,27254.435077
-262.136453,18,27260.771832
-240.364464,18,27268.227598
-245.594833,15,27277.733142
-238.278403,19,27284.470718
-187.425272,13,27288.907674
-255.86773,22,27297.135281
-187.477524,24,27307.669759
-320.701833,19,27314.859793
-248.677284,19,27323.120148
-209.057036,17,27329.463111
-239.013244,21,27336.864176
-158.180444,22,27343.97501
-313.272958,18,27350.83166
-196.312269,20,27358.829753
-260.395172,20,27367.304004
-236.700251,18,27376.739479
-264.220028,24,27385.726535
-229.358563,16,27392.291775
-223.156632,19,27400.867584
-243.136542,18,27408.257695
-197.63865,18,27414.692091
-224.730038,14,27422.370436
-273.094872,16,27429.232113
-202.718723,22,27437.454454
-189.757035,21,27444.549285
-145.12064,17,27450.470803
-247.309099,22,27458.743404
-146.263577,19,27464.810922
-192.197069,22,27474.091436
-258.478705,21,27481.445366
-192.473461,17,27488.576101
-172.69489,17,27494.354878
-246.703675,21,27502.01083
-246.663442,18,27508.122086
-224.241962,21,27515.05821
-262.101573,17,27521.280236
-240.291315,21,27528.157246
-290.907456,10,27531.600272
-223.712181,25,27542.655681
-196.648429,24,27550.361338
-333.67027,16,27556.870766
-210.93383,22,27566.064739
-247.168925,19,27572.245555
-272.628304,18,27579.274722
-211.435119,22,27586.822758
-216.880559,16,27592.607089
-224.390529,21,27600.832046
-218.596672,22,27608.595742
-229.080824,15,27615.581501
-201.905883,15,27621.440634
-226.666388,21,27628.803323
-234.427977,17,27634.215713
-181.82443,23,27641.961799
-437.371287,17,27648.22049
-488.323398,16,27653.995908
-303.803127,16,27660.764467
-241.32377,20,27667.506719
-230.755522,16,27675.752502
-200.073824,20,27682.472255
-254.184323,20,27689.734723
-287.950193,14,27695.14603
-267.73988,20,27702.74414
-142.667916,25,27711.248476
-268.458538,18,27717.921706
-278.671313,12,27722.85116
-237.307402,21,27731.657037
-113.162568,11,27736.117703
-251.530934,14,27742.253778
-245.513523,19,27748.814234
-259.043596,22,27756.440875
-169.828615,19,27764.051322
-223.85155,17,27770.021502
-309.730395,21,27777.120877
-244.004989,17,27785.23121
-243.426643,16,27792.399754
-210.216974,20,27799.586797
-187.684049,25,27807.937967
-177.035687,23,27816.590773
-216.808187,21,27823.437507
-244.085555,18,27831.023588
-182.273643,23,27839.034604
-212.12575,23,27848.008468
-127.999412,14,27853.673623
-186.867718,20,27862.183287
-247.971709,16,27870.211766
-251.674171,14,27876.064847
-220.180388,17,27882.128136
-195.640955,24,27891.06583
-328.405218,16,27897.154163
-242.276067,19,27904.616573
-288.590424,19,27913.077948
-303.308443,22,27920.772988
-230.938724,23,27928.956287
-263.368237,21,27936.779101
-236.825232,16,27942.364938
-194.083264,16,27948.446228
-215.646009,15,27953.703997
-251.803873,16,27959.723734
-249.319598,22,27967.560046
-307.5578,17,27973.510633
-253.226053,22,27980.772385
-271.042208,19,27988.916752
-202.133973,22,27996.370222
-185.352925,19,28002.737626
-233.621195,19,28009.203273
-313.471997,17,28016.029617
-143.079587,12,28020.703508
-283.809262,20,28027.161483
-135.280882,16,28033.139364
-223.489262,18,28038.986578
-318.402967,19,28045.184197
-200.089957,26,28055.634711
-172.555829,21,28063.304671
-285.570635,20,28070.077635
-194.325402,15,28075.502549
-194.528259,19,28083.92607
-252.652343,15,28091.843285
-181.3359,14,28096.601011
-208.141676,20,28103.883922
-207.970899,14,28109.767903
-281.197209,18,28115.429906
-290.706441,17,28121.638981
-190.869707,24,28130.690374
-297.608766,9,28133.396523
-329.372213,21,28141.026114
-169.230607,20,28148.711081
-295.566812,16,28158.278559
-271.322342,13,28165.444674
-176.373153,24,28173.227784
-164.055706,18,28181.013742
-302.495097,21,28189.335726
-202.554774,18,28195.99787
-295.19972,18,28202.661975
-139.170179,18,28208.718759
-150.115751,17,28214.791899
-244.00621,17,28221.429724
-139.141634,19,28228.766709
-294.841341,16,28235.407406
-155.22036,24,28244.119712
-296.168072,15,28249.948977
-219.364741,18,28255.797826
-382.559306,22,28263.683962
-237.091378,19,28271.149658
-200.589419,21,28278.5037
-223.505462,21,28285.295063
-280.489145,21,28293.035012
-189.640903,20,28300.56532
-227.201984,22,28307.834946
-292.43817,15,28313.690955
-229.894287,18,28320.764043
-278.879779,21,28327.716348
-221.449233,17,28333.700964
-166.261626,20,28340.394945
-297.61101,17,28347.568379
-136.796072,17,28353.30774
-311.818466,14,28361.167993
-225.146553,19,28367.977315
-199.534802,17,28373.735273
-122.973828,13,28377.910954
-244.561779,15,28383.569186
-254.266674,16,28389.338815
-195.879762,23,28398.12087
-264.412233,24,28406.928746
-103.943623,13,28413.430136
-291.97686,23,28422.034113
-177.201677,25,28430.112563
-249.809896,19,28436.793542
-288.961848,17,28442.691468
-170.736689,15,28447.533719
-287.937384,20,28455.034367
-211.353569,16,28461.802987
-241.69849,21,28469.256011
-283.957431,14,28474.165153
-299.580823,18,28480.382446
-192.372216,20,28488.119658
-185.100532,19,28494.723135
-215.762682,17,28500.886599
-250.754797,18,28507.757982
-211.492791,16,28514.090034
-255.866614,24,28522.459614
-238.472709,20,28529.308497
-175.614409,17,28535.423016
-251.453697,15,28540.878924
-256.708653,13,28545.250844
-127.111022,20,28551.94008
-255.251389,21,28559.121036
-221.375152,19,28566.221533
-211.182468,22,28573.955132
-241.935826,15,28578.848796
-320.797318,20,28586.22136
-339.945043,17,28592.707717
-295.824734,17,28598.237316
-218.356756,22,28606.683634
-230.954615,22,28613.713297
-170.774057,22,28621.093781
-188.02388,21,28628.723186
-229.312493,23,28637.068809
-227.003337,20,28644.005709
-255.910463,15,28650.149656
-183.118592,14,28654.702979
-234.517437,20,28662.765664
-179.732353,26,28673.286077
-281.712473,19,28680.546952
-177.722965,16,28686.640235
-267.393318,18,28693.073853
-292.1729,15,28698.157783
-227.082334,20,28706.080664
-252.505585,21,28712.909473
-225.366352,18,28719.328256
-173.468386,13,28724.435864
-233.699297,19,28732.219825
-242.889903,23,28741.616877
-183.295797,20,28749.079314
-260.227283,20,28756.615104
-206.015791,19,28762.962522
-252.894705,19,28769.4387
-248.570298,17,28775.965154
-212.311835,21,28784.177587
-222.934276,17,28790.881293
-220.199968,20,28797.88164
-234.618252,19,28804.451702
-177.541727,20,28811.739944
-207.478563,20,28818.186088
-143.364037,23,28827.679845
-227.486144,23,28835.131651
-204.449095,18,28841.415584
-250.451435,14,28848.764696
-192.870416,19,28855.835651
-240.604328,18,28862.010337
-217.201647,16,28867.431072
-123.944728,22,28874.669768
-233.912257,22,28882.184471
-305.662683,16,28887.371841
-254.48519,12,28892.246509
-171.816168,24,28900.242158
-266.393669,11,28904.570967
-227.408917,17,28911.231843
-196.126859,23,28918.861176
-368.402909,16,28926.123399
-135.956816,17,28932.731697
-182.065267,19,28938.857362
-122.948262,14,28943.81609
-267.278759,14,28948.615659
-144.647188,17,28954.107268
-197.035373,19,28961.245953
-173.739611,21,28968.375236
-227.483621,13,28972.589139
-232.54818,15,28978.021377
-212.036552,20,28985.094493
-352.130025,16,28991.799331
-226.683512,19,28998.971356
-230.979703,22,29006.04083
-258.122128,19,29012.855405
-145.098172,9,29017.885831
-141.34429,22,29026.414804
-148.144526,13,29031.962637
-182.897564,13,29036.93805
-221.406675,16,29042.173748
-271.216368,13,29047.604725
-193.748579,18,29054.719512
-192.191103,21,29062.521955
-208.573439,20,29069.242136
-287.962019,19,29076.254077
-227.281618,20,29084.165045
-286.130687,20,29093.643923
-253.838681,18,29100.619575
-194.411582,13,29105.356333
-237.400446,14,29110.364014
-192.129382,22,29119.202739
-193.489367,19,29125.216765
-228.483236,19,29131.645476
-206.482904,18,29138.678766
-259.222874,18,29145.76271
-291.501745,20,29153.599977
-155.823934,14,29158.689427
-132.148911,16,29166.039627
-241.735557,18,29175.704412
-264.597916,14,29183.02707
-311.718178,18,29191.153112
-210.137771,22,29200.568608
-245.717398,17,29208.925309
-240.040225,18,29222.056807
-148.442531,25,29233.235751
-235.112049,18,29240.001803
-119.879272,15,29245.297508
-240.02744,17,29251.638493
-282.515427,16,29257.709615
-213.475227,17,29263.765713
-206.907714,20,29271.919636
-258.325374,18,29279.511422
-264.327028,16,29285.323795
-195.5103,24,29293.898855
-256.515533,13,29298.79103
-232.731907,23,29311.155435
-226.77085,19,29319.313034
-219.478961,18,29325.966766
-166.644095,24,29334.718812
-235.265721,17,29342.861304
-240.813113,19,29350.386591
-298.17887,11,29355.904928
-267.786706,25,29365.035502
-279.14265,18,29374.090989
-226.7723,16,29381.328019
-247.696667,19,29479.803658
-243.928562,19,29487.620931
-214.773744,16,29493.128208
-216.890354,16,29498.905044
-268.893413,19,29504.833753
-224.357277,22,29512.019704
-234.239071,18,29518.603503
-282.938808,19,29525.648467
-238.128096,20,29532.57433
-245.965206,26,29541.518089
-419.757582,22,29549.550087
-209.57822,18,29555.89221
-338.755055,24,29564.838422
-224.674458,22,29571.778862
-164.23107,16,29577.124973
-201.563991,20,29585.07339
-292.25698,12,29589.266942
-195.2653,15,29594.655564
-341.329819,16,29599.986343
-204.454857,22,29608.02097
-115.82969,19,29614.819194
-216.068744,23,29622.20861
-216.949806,22,29629.795877
-247.868055,16,29635.574522
-269.445151,17,29641.554289
-240.989073,18,29648.346646
-218.042399,21,29656.08387
-135.144972,17,29661.93961
-169.12661,17,29668.819257
-213.760013,21,29675.528073
-299.252371,24,29683.783263
-191.842499,22,29693.175062
-236.188244,17,29699.341176
-158.52245,19,29705.333654
-202.640552,21,29713.948907
-284.011732,13,29718.492369
-161.263275,23,29726.796281
-293.055348,19,29733.384962
-261.348018,17,29738.852131
-187.632809,15,29744.765168
-243.338336,16,29751.428579
-289.576366,16,29757.160872
-251.053021,16,29763.886749
-281.940288,18,29770.301631
-193.665045,21,29777.924583
-200.39165,19,29785.684515
-266.795524,17,29791.298608
-120.069257,15,29797.136131
-295.89938,18,29803.32582
-197.53614,22,29811.502118
-211.115515,23,29819.236524
-326.195637,17,29826.095552
-246.176033,24,29834.837333
-141.614622,25,29843.361422
-192.204066,19,29851.140696
-362.347975,20,29858.088559
-223.945167,19,29867.020099
-223.770772,19,29874.067061
-237.181902,20,29880.602039
-98.740009,9,29883.640019
-283.039177,17,29891.592662
-314.180973,19,29898.907991
-270.14116,16,29904.846834
-250.960905,17,29910.409799
-224.860618,16,29915.821056
-266.203062,18,29921.87943
-223.59183,21,29931.568674
-206.779849,21,29940.832884
-219.51827,24,29949.490366
-213.916259,17,29955.838079
-242.033804,17,29961.983508
-268.669496,21,29969.73636
-309.501054,21,29976.856892
-186.317635,20,29984.02875
-133.575304,13,29988.989575
-281.412731,16,29994.629098
-322.693505,25,30002.841041
-181.240864,31,30015.312627
-186.469331,22,30025.412568
-179.216339,11,30028.942885
-208.103436,20,30035.74903
-251.522992,20,30042.237761
-108.930752,11,30046.282948
-244.173013,11,30049.806134
-214.890141,21,30056.730766
-267.446699,17,30062.568056
-179.085601,20,30069.496867
-185.93934,24,30077.641456
-163.241944,22,30085.043604
-221.893128,20,30091.913256
-217.200033,17,30097.643871
-291.839278,17,30103.793201
-321.964057,19,30110.178446
-272.873671,15,30115.774637
-234.213688,17,30121.532907
-218.00465,22,30129.269094
-216.631579,21,30137.951104
-122.189388,19,30144.494327
-219.174582,16,30149.928986
-201.82623,21,30158.678632
-235.52172,13,30163.541901
-189.662463,19,30170.585488
-279.291125,19,30177.342396
-235.645692,22,30184.408332
-266.841819,21,30192.259942
-270.845494,19,30198.294798
-278.340229,18,30206.058606
-237.200391,18,30212.910427
-193.385168,20,30219.649054
-202.960302,23,30227.687295
-201.295571,19,30234.335933
-343.571633,19,30241.49057
-274.141279,21,30248.712969
-243.886146,22,30256.268367
-268.219603,20,30263.397699
-222.666356,16,30269.442348
-287.796647,16,30274.738705
-225.870509,20,30281.369626
-294.693724,23,30288.949531
-257.423471,23,30297.862087
-159.927712,24,30305.994249
-195.888479,20,30312.583444
-247.926585,9,30316.412252
-206.771778,21,30323.520982
-259.474216,16,30328.696511
-219.249524,19,30334.966968
-276.872631,20,30342.019855
-234.304673,20,30349.53057
-278.59619,12,30354.286304
-176.168508,25,30363.148761
-247.464096,19,30370.985658
-234.647707,19,30377.998982
-259.132567,17,30384.104551
-234.601538,17,30389.53949
-291.817016,16,30395.436804
-229.471566,18,30401.940317
-216.271029,12,30405.928126
-258.399133,20,30413.551668
-234.806434,17,30419.399543
-191.949631,20,30425.705818
-227.019819,19,30432.852388
-271.39624,16,30438.102635
-133.776586,22,30445.738802
-207.538689,23,30453.072062
-120.024146,14,30458.736863
-158.755339,12,30463.50352
-325.75765,20,30470.961167
-130.162994,20,30477.905439
-127.154775,15,30484.21256
-208.310729,24,30492.698606
-297.748498,20,30499.718286
-136.909199,16,30504.861685
-240.531886,19,30511.74473
-245.889003,15,30517.029583
-206.034546,20,30525.414142
-208.909921,14,30529.984256
-235.890861,18,30537.423999
-148.774695,20,30545.045081
-228.535393,21,30552.789272
-198.991664,18,30558.912648
-237.330234,20,30566.019511
-211.499482,26,30574.764945
-255.349343,16,30580.240809
-133.90813,18,30587.081939
-233.729754,22,30594.486876
-163.940055,10,30599.296232
-250.068042,19,30606.374799
-244.459866,24,30614.464586
-270.402978,22,30623.060751
-231.328351,22,30630.407349
-255.054192,21,30637.315685
-277.330103,19,30644.498173
-301.307504,19,30651.162554
-295.946706,15,30655.832812
-269.130711,14,30660.723098
-150.027514,13,30665.471485
-286.002302,24,30675.54199
-185.721206,22,30683.23651
-224.764778,18,30689.637203
-186.450043,16,30696.099416
-277.02195,15,30701.675318
-269.122004,19,30708.604705
-285.978951,15,30714.078913
-206.58606,21,30721.677543
-211.581778,17,30728.019288
-291.946822,18,30734.339085
-196.943297,16,30740.428074
-245.04231,14,30746.028046
-202.87584,17,30751.232646
-260.101321,17,30757.664184
-227.976779,22,30765.104952
-200.952177,19,30772.85105
-303.123895,17,30778.381954
-151.128496,20,30784.533413
-267.07235,24,30793.596487
-194.986974,20,30802.055736
-270.671047,14,30806.627177
-315.491395,20,30814.728363
-258.12113,20,30822.588022
-157.659537,19,30829.007275
-337.948799,18,30835.338627
-174.557519,23,30843.427521
-217.185631,18,30849.554425
-252.176831,21,30857.234082
-207.50712,20,30864.639426
-262.050414,16,30869.684703
-195.542851,15,30875.157429
-253.172175,22,30882.619521
-280.751665,21,30889.685636
-288.749404,19,30896.170858
-221.858495,18,30903.638826
-187.332418,20,30910.444355
-234.322184,15,30915.726622
-284.597265,17,30922.754817
-180.195012,21,30931.454123
-257.822337,20,30938.80359
-223.576609,21,30947.194754
-237.833383,21,30954.670423
-255.889193,16,30959.998049
-308.235802,16,30966.025122
-391.533349,17,30974.197795
-240.403965,20,30980.965466
-220.136026,22,30989.934021
-196.292164,19,30996.398764
-265.277537,22,31004.405763
-237.420341,17,31010.990336
-271.741921,15,31015.64465
-248.632544,17,31022.093511
-212.59944,20,31029.915785
-230.041308,24,31038.032544
-252.029575,17,31044.465996
-201.777596,21,31051.912672
-153.697372,25,31060.47958
-168.432849,21,31067.617069
-240.922793,20,31075.23205
-268.248847,12,31079.477307
-284.035456,19,31086.080969
-285.860233,17,31092.491748
-232.072426,18,31099.345462
-206.619428,24,31109.416421
-349.97677,23,31118.198646
-283.705911,17,31124.121632
-249.425651,14,31130.780118
-202.322846,21,31137.997816
-187.915774,19,31144.337881
-275.905742,21,31154.480512
-109.315032,18,31160.329597
-340.237639,16,31167.349399
-283.269161,8,31170.900251
-287.982278,18,31177.559374
-288.470098,17,31183.894417
-275.092707,18,31190.581242
-198.91135,25,31199.18977
-239.852016,21,31206.448785
-266.088541,18,31213.956738
-201.219488,18,31220.295952
-200.68881,23,31228.307777
-190.952569,14,31233.165182
-294.385343,19,31241.504603
-191.262295,19,31247.952539
-247.381624,16,31253.991958
-112.397564,20,31261.112726
-277.649609,14,31265.481413
-243.19263,15,31270.652529
-294.851722,21,31278.414726
-262.35845,12,31282.657938
-279.503604,19,31288.753389
-294.874659,15,31296.354003
-189.242541,15,31301.207555
-178.553952,22,31308.248841
-280.19255,16,31314.361347
-166.167916,26,31323.229261
-205.499035,18,31329.995629
-143.307171,24,31338.916613
-282.580786,20,31345.654833
-240.737763,18,31352.004415
-162.744822,22,31359.94295
-275.958963,20,31367.476943
-327.482812,16,31372.610837
-208.659865,17,31378.512737
-258.18399,14,31383.024207
-229.090716,19,31389.800491
-178.686338,30,31400.654474
-325.586505,13,31405.412008
-300.308385,14,31412.804403
-231.733172,16,31418.02259
-192.387512,19,31424.370934
-268.919791,14,31429.760449
-189.483562,19,31438.099456
-210.772025,25,31446.697802
-226.773181,17,31453.482862
-296.891513,18,31459.27856
-210.555382,20,31465.926349
-255.995237,13,31471.276969
-194.435441,27,31480.073755
-250.483668,16,31486.431755
-139.132214,18,31494.764595
-256.186104,10,31498.344324
-299.562191,18,31505.290028
-231.423171,19,31512.757075
-310.167112,18,31518.949546
-234.159816,18,31524.981641
-241.547373,18,31531.184652
-229.207794,18,31537.286697
-205.403335,18,31543.255514
-229.696687,15,31548.284851
-224.78661,16,31554.713803
-198.319318,18,31562.599896
-290.48114,24,31570.315768
-228.19996,18,31576.508348
-220.213884,23,31584.575179
-222.437376,18,31591.336674
-215.666154,21,31598.143509
-297.524328,19,31605.09522
-214.534288,18,31611.231327
-250.399071,16,31618.99026
-310.473822,20,31627.096604
-262.780501,16,31633.53872
-373.72074,21,31641.295281
-229.757755,17,31648.421284
-287.447864,14,31653.25574
-300.678768,17,31660.334326
-255.903186,19,31666.899736
-170.107177,12,31671.307693
-121.546455,15,31676.451446
-188.608017,25,31685.074712
-243.58353,20,31692.888572
-146.753128,14,31697.187338
-203.095623,22,31705.212391
-146.801439,22,31713.325265
-269.30774,15,31718.648458
-247.51469,18,31725.022711
-289.603749,12,31729.619118
-234.749528,20,31736.786294
-209.502014,20,31745.452299
-237.972683,19,31752.222995
-221.103903,19,31759.112134
-257.51516,17,31765.114602
-176.749913,25,31774.103786
-168.005179,21,31781.339951
-212.963094,17,31787.413828
-306.474757,21,31794.591073
-173.142262,22,31802.844942
-296.368148,26,31813.661075
-225.901517,14,31819.548
-280.860879,17,31826.067765
-272.427966,21,31833.45691
-193.135104,20,31843.319381
-222.8217,17,31849.958654
-213.006758,23,31858.361177
-165.369577,20,31865.419772
-234.682375,22,31874.047793
-263.274862,22,31883.01575
-277.718414,14,31887.964764
-209.064966,25,31896.704881
-275.832484,17,31902.542179
-236.652611,19,31909.430519
-222.517629,23,31918.827576
-109.503203,19,31925.791893
-178.734771,22,31933.530154
-215.410935,22,31941.220395
-257.964121,17,31947.418563
-260.866402,17,31953.580527
-262.751474,13,31957.954791
-378.316663,16,31965.185893
-189.102744,21,31972.88577
-244.261455,16,31978.7808
-229.462717,12,31982.721304
-314.783707,18,31989.579319
-143.735637,15,31994.402145
-214.515005,18,32000.581428
-176.642818,20,32007.347252
-212.482007,21,32015.060157
-160.534436,18,32021.020232
-242.748158,22,32030.568019
-218.057251,22,32037.983099
-211.389539,15,32042.97491
-230.741308,17,32048.731304
-199.411274,20,32055.834636
-162.79448,13,32061.254824
-224.151439,15,32066.487909
-274.580987,18,32073.255916
-216.564417,19,32080.0861
-256.372631,13,32084.369925
-193.660754,9,32087.808801
-238.906187,21,32095.09772
-236.795382,22,32102.877168
-148.114283,18,32109.838394
-184.188103,15,32115.826244
-206.893976,17,32121.28461
-383.930276,17,32129.884251
-159.550677,27,32139.956299
-263.937852,21,32147.826237
-166.405782,21,32154.886981
-152.091359,15,32159.926846
-283.919137,20,32167.330649
-246.622499,16,32174.110272
-137.01889,20,32182.02962
-235.884723,23,32189.772024
-256.808815,24,32198.83783
-292.352992,14,32205.244743
-245.084632,17,32211.493956
-130.610927,16,32217.244094
-342.081852,21,32224.754153
-155.309309,18,32230.588031
-298.070602,20,32237.97442
-258.420407,20,32244.828132
-246.682941,16,32252.425723
-228.317184,18,32259.399847
-216.668355,18,32267.095397
-217.451329,24,32275.067859
-222.182579,23,32282.715117
-218.546408,22,32292.046793
-323.060586,24,32301.009763
-289.396506,14,32305.905181
-274.466871,21,32315.281638
-180.41831,14,32319.713612
-246.683799,22,32327.982362
-222.138467,21,32335.264792
-252.915597,17,32341.512068
-172.091848,7,32343.693189
-160.880647,25,32352.74138
-253.840684,23,32361.02142
-285.845362,18,32367.907627
-242.965068,18,32373.807371
-228.981338,16,32381.477747
-228.154161,15,32387.439124
-220.726739,23,32397.693039
-331.210153,19,32403.943029
-139.13678,14,32408.576019
-221.688642,23,32416.54366
-327.195034,15,32421.4782
-183.447489,21,32428.758549
-257.923282,17,32436.316363
-229.064134,17,32442.236497
-246.46658,21,32449.196375
-236.127677,20,32456.264193
-303.854006,17,32462.135441
-190.854781,19,32468.182837
-224.871845,16,32473.43923
-109.499333,19,32479.734085
-276.661769,19,32486.305329
-194.978812,18,32492.459676
-339.187216,18,32498.588603
-266.100191,17,32505.682021
-228.150453,16,32511.536335
-249.436071,20,32519.632258
-260.310828,24,32610.561092
-260.645121,18,32618.400352
-213.593386,19,32625.786957
-148.864586,25,32634.402405
-231.619882,24,32643.166852
-291.21591,14,32648.279444
-285.441568,18,32655.668049
-178.453664,15,32660.846661
-242.9558,16,32667.025678
-278.388843,17,32673.01333
-218.668731,24,32680.846322
-177.474389,15,32689.365952
-182.01481,28,32699.388536
-236.04165,22,32706.672997
-300.126298,12,32711.010671
-205.465104,22,32719.235137
-215.70083,15,32727.062742
-264.335767,21,32733.887049
-227.29741,21,32742.397707
-226.171302,19,32751.438469
-244.452911,13,32755.662427
-297.36904,23,32763.97295
-200.88949,18,32772.899562
-190.938546,21,32779.635003
-203.400759,19,32786.256251
-215.965549,17,32793.568367
-235.967781,22,32800.88679
-225.110607,21,32807.836913
-180.027363,19,32815.510068
-218.553026,23,32824.822232
-268.435461,17,32831.015917
-244.876961,13,32837.009461
-282.324575,19,32843.865247
-229.358439,20,32850.894237
-196.608775,18,32857.415714
-302.406402,25,32866.963884
-149.814591,20,32873.435762
-236.819006,14,32879.179977
-274.266838,18,32886.261302
-270.942765,15,32892.394333
-178.200656,21,32899.596568
-214.017829,17,32905.208074
-288.599102,19,32913.318758
-167.646469,21,32920.276608
-283.88576,20,32926.534967
-150.35131,18,32933.555746
-229.35388,16,32940.036713
-320.349456,25,32948.708933
-178.602651,22,32956.529299
-216.503683,21,32963.566862
-242.633856,17,32969.193117
-266.285415,20,32976.705042
-210.255737,24,32986.289057
-276.051342,20,32993.502158
-265.3913,21,33000.909423
-260.550292,23,33009.137779
-214.761559,18,33015.10335
-188.05924,15,33021.53209
-201.882713,26,33031.52546
-218.02822,18,33037.64732
-264.983577,12,33042.8802
-269.2143,20,33049.506668
-240.978167,19,33056.184855
-184.089202,19,33062.816595
-248.560008,18,33068.811478
-267.173708,25,33078.252447
-200.513866,19,33085.383096
-269.937466,13,33090.407953
-284.246933,15,33096.79525
-256.782086,22,33105.161669
-248.6395,20,33112.257741
-313.064454,15,33118.622279
-162.482982,18,33124.923962
-266.352935,20,33132.228563
-312.223627,18,33138.289377
-222.746946,21,33145.816442
-200.479957,19,33152.358365
-195.484374,19,33160.96953
-230.352898,13,33166.574358
-191.139252,21,33173.70383
-212.130017,19,33180.408677
-314.343169,16,33186.915862
-126.058462,20,33193.584459
-192.635174,23,33201.272934
-302.160252,21,33208.390996
-240.796256,15,33214.414924
-260.596264,20,33222.108396
-198.322865,25,33232.169005
-136.45094,19,33239.145438
-207.612129,21,33246.62828
-208.927987,22,33254.244348
-232.670871,21,33261.461847
-234.220428,21,33268.789728
-243.546355,21,33275.975699
-283.437168,13,33280.544271
-140.70636,10,33284.317861
-170.326159,10,33287.663821
-305.096786,17,33294.582789
-274.460173,16,33300.237184
-273.94864,16,33307.774238
-358.16084,23,33315.849052
-233.304937,21,33324.581748
-212.238452,21,33332.163732
-194.082042,24,33340.806712
-253.769156,20,33349.178266
-246.573642,19,33356.290029
-195.94653,26,33366.710064
-307.480488,13,33372.828461
-272.195414,21,33379.69734
-262.685592,13,33383.984447
-176.355494,23,33391.715451
-210.932862,18,33398.491041
-207.628215,19,33406.894269
-268.208147,15,33413.997716
-287.849511,16,33420.237671
-266.324443,18,33427.081858
-237.053778,21,33434.776771
-245.286574,16,33440.319362
-217.882108,18,33446.673688
-128.305451,19,33454.029342
-237.174328,20,33462.035596
-387.3888,18,33468.495037
-262.854638,11,33474.187665
-215.563588,17,33480.410352
-184.026594,14,33485.014543
-174.8622,22,33493.573535
-169.144418,16,33499.691494
-198.227655,18,33505.678173
-94.627995,20,33512.107655
-141.265791,19,33518.398427
-249.623409,20,33526.003635
-221.398509,19,33532.816514
-206.953568,23,33540.483425
-252.414696,15,33546.17688
-264.56461,20,33554.350473
-257.370609,15,33559.418831
-243.367637,17,33565.686776
-190.869002,20,33572.895006
-245.491039,15,33577.905077
-208.784674,19,33585.033837
-278.287668,18,33591.199798
-244.641539,22,33601.017526
-179.598693,24,33609.864539
-163.201646,25,33618.853755
-359.685215,18,33625.20118
-230.957216,17,33630.787472
-225.879006,22,33638.478973
-168.245066,21,33646.111301
-178.051767,19,33653.000951
-109.785175,13,33659.321738
-186.752087,24,33667.050946
-147.628983,19,33674.116792
-218.613079,18,33681.114856
-231.825154,17,33688.590937
-241.391544,17,33694.756244
-221.808774,20,33702.700683
-254.083665,16,33708.424322
-197.000681,18,33714.582702
-155.515239,14,33719.447968
-174.939588,21,33727.527052
-319.136632,17,33734.229423
-237.518005,19,33740.474397
-239.518105,17,33746.744328
-298.869803,20,33753.58317
-311.671361,21,33761.268706
-178.748635,21,33768.957663
-270.239173,18,33775.969284
-221.787398,19,33782.110051
-189.037553,23,33789.946653
-108.90732,20,33797.479168
-154.739937,20,33806.223516
-240.18992,23,33816.379152
-258.46188,19,33824.061848
-123.658543,17,33830.709755
-217.274225,23,33839.734
-206.736962,22,33847.21857
-115.168725,16,33853.253381
-105.383814,11,33857.133611
-200.234224,19,33864.780767
-133.242226,17,33870.406659
-142.474113,17,33876.655216
-262.069993,16,33882.064766
-230.950078,24,33891.028745
-168.877728,25,33899.317024
-191.117676,27,33908.196783
-237.155601,17,33913.765576
-264.164906,13,33918.133147
-296.502654,16,33924.046306
-265.487224,14,33930.338753
-221.830338,22,33937.627642
-229.516247,20,33944.904585
-242.90578,18,33951.109049
-288.34351,17,33957.442457
-145.928141,19,33963.971679
-321.422506,20,33970.66679
-231.87276,23,33979.352804
-247.40304,16,33984.683778
-243.56927,15,33990.811024
-313.05493,23,33998.347666
-240.385651,16,34005.558023
-246.881614,25,34014.256497
-203.967361,20,34020.899715
-227.41564,25,34030.661271
-207.63724,20,34038.602758
-152.773658,25,34046.529182
-280.646098,15,34052.626544
-225.30444,22,34061.384969
-202.220934,15,34066.39649
-269.241313,21,34074.646702
-282.883149,20,34083.519336
-265.638508,20,34090.557304
-230.388315,15,34096.971935
-269.747945,21,34104.307264
-139.352856,21,34111.436679
-205.549385,19,34117.918373
-204.288741,22,34126.698092
-337.230708,15,34132.111423
-175.248891,26,34141.600912
-239.68303,17,34147.546393
-249.02423,17,34153.570252
-181.804967,23,34161.204749
-224.939404,16,34168.10435
-239.327368,19,34174.916162
-313.620023,17,34181.329628
-239.744687,21,34188.717027
-220.746201,15,34194.724656
-272.66739,17,34200.809181
-149.110509,21,34207.716587
-156.21515,18,34213.969966
-171.893707,16,34219.320823
-239.022458,25,34228.140939
-185.927346,21,34235.212154
-178.86282,26,34243.787753
-216.756922,19,34250.220921
-273.98178,15,34255.452873
-143.625201,20,34262.317457
-198.026089,17,34268.071593
-195.737771,24,34276.488235
-329.361984,15,34283.380702
-230.532819,19,34289.419751
-258.336983,26,34298.50273
-204.172292,31,34310.123506
-150.052642,16,34315.324542
-237.404602,24,34324.46867
-261.534176,22,34336.24334
-275.4401,18,34342.269467
-240.963749,20,34349.310008
-208.341376,24,34358.298381
-282.234375,13,34363.451969
-229.842244,22,34371.562324
-255.272558,16,34378.017665
-173.60345,18,34384.754328
-156.258849,21,34393.00299
-328.720685,15,34398.293486
-204.276537,19,34405.439258
-250.257222,19,34411.92993
-175.483903,20,34418.81857
-212.089495,22,34426.541049
-189.602417,18,34434.081306
-235.007201,23,34442.325774
-146.99741,24,34450.909372
-160.875381,25,34461.523945
-205.043742,18,34467.824482
-230.320829,18,34474.60096
-166.115739,20,34482.576417
-209.640726,25,34490.568526
-217.711927,25,34499.4575
-243.84453,13,34503.815518
-148.804319,23,34512.839697
-166.981886,23,34521.842276
-160.221923,19,34528.495827
-242.921247,16,34533.974653
-226.473912,17,34539.603639
-250.227178,20,34546.837965
-174.882939,21,34555.876295
-132.075591,15,34561.867066
-245.774487,19,34570.19844
-166.296946,21,34577.302096
-238.142338,22,34584.628558
-243.671062,20,34593.484317
-263.250452,21,34601.343435
-206.164385,20,34607.840957
-227.173166,11,34611.238811
-224.912671,22,34620.863556
-214.930981,20,34627.683226
-130.975251,10,34631.264204
-253.898755,21,34639.988768
-198.622331,21,34647.228899
-296.39812,18,34653.019216
-212.928406,19,34659.618758
-128.467628,24,34667.417217
-293.969952,15,34672.308626
-207.62356,20,34679.471214
-209.635016,19,34686.15516
-234.370571,22,34697.436485
-264.313193,15,34703.06068
-235.008579,19,34709.384309
-241.356107,17,34715.58695
-128.06203,25,34723.462396
-222.625372,15,34729.63928
-241.316874,22,34737.878591
-165.942859,20,34744.651459
-188.060005,17,34753.01283
-133.015017,14,34758.321704
-204.947201,22,34766.568545
-237.4946,20,34774.227519
-254.629526,22,34782.32172
-261.463056,20,34789.714525
-156.368944,24,34797.963525
-227.956699,19,34805.226919
-204.871102,18,34811.930866
-168.588817,22,34819.669971
-131.181187,21,34827.034589
-270.160169,10,34830.588114
-247.937367,18,34837.475076
-245.513376,24,34845.520443
-274.555387,14,34850.633457
-153.973828,29,34861.434337
-250.81165,12,34866.304444
-156.340408,19,34873.741484
-224.570246,19,34880.26968
-213.13059,18,34886.334491
-205.454957,24,34895.125797
-213.923018,19,34901.61945
-290.431317,21,34909.173582
-241.204716,21,34916.905125
-228.5374,19,34926.505823
-193.043097,19,34933.41028
-259.979844,16,34939.11735
-198.513236,19,34945.447155
-248.028131,23,34953.837619
-226.356557,22,34961.587062
-346.617852,22,34969.308184
-187.27403,22,34977.879292
-221.108478,21,34984.76176
-204.571507,22,34992.164118
-303.951173,18,34999.046099
-259.32077,14,35003.959498
-112.727294,19,35010.631961
-180.780177,21,35017.479751
-309.906789,17,35023.22689
-290.509095,15,35027.866011
-275.188944,18,35033.988349
-212.030745,18,35040.244253
-141.18052,15,35045.768742
-221.364257,21,35055.761574
-152.828128,24,35064.515955
-298.645189,18,35071.873442
-228.284774,21,35078.66729
-181.565946,24,35087.192205
-200.544801,20,35093.988584
-335.064335,17,35100.470633
-301.541509,16,35107.126817
-282.341891,19,35114.662968
-248.37346,22,35122.419719
-203.029156,21,35129.594078
-200.469464,21,35136.877362
-293.294742,19,35144.659233
-270.851888,12,35148.934983
-139.946282,16,35154.805517
-240.316958,23,35163.408993
-223.694934,20,35172.222979
-213.755894,24,35180.693215
-175.537756,26,35189.970095
-185.814822,26,35198.663825
-221.952727,23,35207.446114
-185.015054,8,35210.069046
-145.502004,17,35216.611014
-267.88216,23,35225.667016
-201.655138,20,35233.254704
-196.590803,18,35239.893378
-283.214178,23,35248.731594
-278.234446,16,35254.588043
-260.526188,21,35261.653409
-244.711315,22,35268.679988
-259.615157,11,35272.579689
-188.345002,18,35278.267226
-194.619235,18,35284.568476
-123.502757,13,35289.756294
-191.300818,19,35297.098301
-235.55354,21,35304.894214
-235.694251,19,35312.565418
-193.378808,20,35320.467172
-263.77453,22,35327.954049
-153.95584,15,35334.45542
-226.764414,20,35342.563939
-292.035631,22,35350.067783
-294.03827,17,35356.111717
-222.158125,21,35364.313195
-160.462784,25,35372.881921
-252.329236,19,35380.556187
-296.016646,13,35385.003074
-174.272328,23,35393.110241
-154.894999,19,35401.021784
-248.756023,19,35407.859545
-248.081851,22,35415.584749
-315.437334,19,35424.596011
-261.429932,17,35430.782535
-249.86654,12,35436.004484
-209.547003,18,35442.276402
-272.821663,21,35450.023225
-278.468343,16,35458.718525
-168.443748,14,35463.553405
-211.710759,16,35469.44436
-227.289437,17,35475.317103
-146.553846,26,35484.524452
-170.591992,22,35492.342946
-239.853708,18,35499.314546
-213.9138,19,35506.08568
-306.522646,20,35512.631011
-204.931422,20,35519.350072
-187.603368,16,35525.277555
-134.149268,20,35531.943248
-158.778814,27,35544.674056
-215.434228,21,35552.540221
-218.745881,20,35561.779991
-241.878729,21,35569.587066
-216.429976,19,35575.394876
-209.813535,17,35582.251393
-334.069994,14,35589.452785
-277.901024,14,35595.534335
-214.763107,24,35603.381011
-319.546182,16,35608.897259
-119.772411,16,35614.395253
-201.728725,17,35620.06096
-182.090282,24,35628.52536
-187.627213,24,35637.168502
-266.933096,19,35644.208088
-254.498432,16,35651.084465
-199.088171,24,35659.653207
-301.273299,20,35666.514115
-228.192915,24,35676.429238
-254.020892,23,35684.363886
-163.166645,22,35777.58792
-225.531413,18,35783.449908
-231.905682,18,35790.131199
-227.153358,14,35795.01475
-230.813167,21,35803.933926
-169.673046,20,35810.62597
-249.87168,14,35815.430899
-307.862578,19,35823.502282
-210.200302,19,35830.025422
-222.679029,18,35837.293108
-211.385963,16,35843.685947
-225.115384,18,35849.817108
-183.793611,16,35854.73907
-303.024739,19,35862.03341
-141.451971,20,35869.961943
-229.775296,23,35878.133569
-152.276048,23,35885.999961
-227.836559,21,35893.855884
-238.897501,21,35900.987223
-205.113743,15,35906.309659
-228.280495,20,35913.525701
-248.704289,17,35920.4448
-300.442042,19,35926.985817
-196.841651,19,35933.771935
-236.422137,17,35939.696933
-139.253807,15,35944.876984
-272.317141,21,35953.49267
-172.729675,22,35961.025039
-249.176083,16,35966.94658
-267.242453,16,35972.877575
-279.123746,17,35978.713145
-236.960044,21,35985.510221
-179.272029,22,35993.786662
-302.353839,14,35999.047635
-192.884921,21,36006.835726
-271.267178,17,36013.219419
-358.153046,13,36018.96342
-225.302262,20,36026.898927
-212.128426,17,36032.141223
-210.776927,22,36042.242052
-256.876149,21,36049.107647
-225.561978,17,36057.06447
-259.008216,23,36068.022631
-242.457668,20,36076.059298
-352.857414,19,36082.944655
-174.276171,23,36092.309917
-323.306665,15,36097.85088
-104.383599,20,36104.681746
-204.695768,21,36111.841484
-273.998191,19,36119.399459
-218.42373,19,36126.792852
-245.850403,24,36135.173838
-282.385597,18,36141.474889
-267.647853,22,36149.019966
-298.214664,21,36156.429086
-249.025345,25,36164.72486
-271.480702,21,36172.853554
-292.076682,23,36180.992622
-119.067909,17,36188.395095
-287.833293,18,36194.835203
-260.039348,22,36203.561029
-203.964134,16,36210.344945
-196.923623,19,36217.252972
-249.868953,22,36224.700022
-149.754889,17,36230.179256
-222.990588,20,36238.191197
-211.769018,21,36245.496341
-202.198243,23,36254.726289
-288.461467,20,36263.829933
-182.40749,22,36271.912953
-232.029559,17,36279.136345
-299.898418,17,36285.319602
-288.399513,19,36291.612787
-226.002264,23,36300.513808
-218.48167,18,36306.689355
-189.810706,24,36315.025195
-275.128168,19,36322.923824
-185.387574,20,36329.558149
-209.750153,23,36337.681483
-259.477716,18,36345.567318
-282.34282,17,36352.083241
-198.80347,15,36358.280837
-184.576947,21,36366.043825
-269.576618,19,36373.352329
-217.166898,16,36379.876511
-145.521484,16,36385.234016
-260.878312,18,36392.242003
-267.307794,21,36399.30607
-257.04083,21,36407.066215
-246.716313,17,36414.151875
-274.527541,21,36421.650343
-190.578216,23,36429.612139
-199.843222,22,36439.323095
-334.086438,19,36445.804241
-239.526495,16,36452.676378
-297.976247,19,36459.772871
-252.883531,19,36467.08902
-263.593058,16,36472.571337
-219.975919,21,36480.891343
-218.29677,17,36487.219629
-145.149251,18,36493.857365
-125.261962,14,36499.681238
-232.605096,19,36506.405774
-229.695446,19,36513.023869
-207.416917,19,36520.845866
-173.089625,16,36526.891852
-215.044126,20,36533.817832
-260.78382,14,36539.663503
-189.998422,20,36546.270625
-177.013593,19,36554.328021
-184.153577,20,36561.253849
-240.480897,16,36566.948583
-141.169806,18,36572.865496
-351.513896,19,36579.342867
-185.860806,19,36585.7361
-270.811347,17,36592.865194
-231.982909,18,36598.994553
-294.827793,17,36605.700089
-224.039354,16,36611.325762
-171.270176,24,36619.549794
-147.717368,22,36626.738463
-180.606959,21,36633.846524
-174.300099,22,36640.944606
-154.055151,20,36647.780468
-239.942792,16,36653.12584
-258.453786,18,36659.371769
-180.143524,22,36667.330482
-234.369265,20,36674.666552
-255.590268,14,36679.267645
-298.358858,12,36683.337231
-268.721605,20,36690.749137
-274.903193,21,36697.842184
-194.868698,21,36705.863142
-370.709152,12,36712.079149
-264.158667,17,36718.378618
-244.32012,23,36726.117435
-139.831569,17,36731.940256
-164.072858,24,36739.861693
-219.913561,15,36745.445704
-149.368511,18,36752.013339
-247.137332,15,36757.149586
-170.078086,18,36762.870228
-161.821979,21,36770.644842
-239.583115,20,36777.302556
-161.206095,13,36781.752541
-242.313288,18,36788.332976
-208.816548,22,36796.134644
-226.861755,18,36802.979955
-229.181581,17,36809.456465
-245.888946,24,36817.188298
-280.054198,15,36822.230106
-201.727225,17,36828.486378
-243.714177,20,36835.429464
-251.7671,19,36841.966131
-270.371064,14,36847.990989
-242.522006,19,36855.906902
-200.778124,15,36862.482257
-186.393105,18,36868.765257
-207.850357,20,36875.37306
-252.55571,20,36882.003495
-161.493799,13,36886.659088
-132.286133,19,36892.760221
-264.251755,21,36900.4604
-240.045966,14,36907.651942
-202.289714,20,36915.62684
-159.923045,10,36919.446507
-269.007989,13,36924.608888
-201.869233,22,36933.954376
-331.754894,23,36942.740597
-279.729541,16,36950.298317
-258.022485,17,36955.762832
-214.288802,20,36962.569934
-153.432772,13,36966.937067
-253.116918,18,36974.916914
-189.718269,23,36982.583006
-234.153737,16,36988.770067
-243.746366,20,36996.173707
-244.338876,14,37001.577872
-265.885817,13,37006.21655
-159.437651,22,37014.356894
-187.723512,18,37020.635391
-215.895772,22,37028.012634
-202.678419,24,37039.080338
-336.169744,21,37046.852737
-309.631968,23,37056.255345
-269.231331,19,37062.84187
-259.219799,19,37069.256154
-177.449687,21,37076.580787
-190.050329,25,37085.312218
-183.043306,21,37092.830027
-207.540802,17,37098.367359
-136.655739,21,37106.948426
-232.630624,20,37113.969563
-260.207672,17,37120.190195
-328.554746,16,37126.676516
-267.22992,17,37132.271832
-270.423003,18,37138.171378
-185.885261,13,37143.070013
-218.663583,21,37149.958248
-281.431169,17,37156.136613
-237.19969,18,37163.312996
-291.593434,19,37169.732887
-203.088948,21,37178.168394
-229.389101,16,37183.854003
-210.431177,18,37189.859301
-202.074267,21,37197.971966
-211.508205,22,37205.731302
-242.231858,18,37212.978307
-325.978378,14,37219.923891
-133.55052,22,37227.248984
-241.725834,16,37233.388729
-267.554046,16,37239.563768
-225.288697,20,37247.899584
-115.559496,13,37252.014003
-208.724796,25,37260.175732
-262.304545,16,37265.772286
-229.628959,18,37272.842542
-170.084632,15,37278.562565
-230.484658,18,37284.805201
-237.322113,18,37292.053422
-232.009652,19,37298.361951
-205.500516,18,37305.325576
-294.705847,22,37312.779782
-155.445582,15,37318.478417
-135.26771,20,37326.783021
-265.139182,18,37333.01606
-233.924432,21,37340.205178
-198.44333,17,37347.470354
-237.791488,15,37352.728974
-215.162433,18,37358.728612
-213.279304,24,37367.981838
-253.692059,21,37375.946097
-191.601212,17,37381.453263
-172.154815,24,37389.795455
-193.462029,15,37394.842096
-201.87598,19,37403.702229
-207.249409,13,37408.173021
-203.068579,23,37417.187595
-190.21231,21,37425.81433
-324.542486,18,37433.256757
-223.356407,22,37444.036313
-139.436253,17,37450.556743
-222.469492,19,37458.928695
-210.534632,23,37467.754569
-235.452472,12,37473.09094
-255.200381,17,37478.755204
-163.834101,24,37487.155384
-268.384649,23,37494.862866
-281.9287,13,37499.884618
-170.75954,12,37504.337606
-360.941237,20,37511.72846
-244.423596,22,37518.733057
-272.219028,18,37527.123184
-144.471082,22,37536.094831
-252.492508,16,37542.201395
-245.790554,19,37549.421053
-215.63594,23,37559.072559
-304.398148,16,37565.890518
-255.70723,21,37572.880436
-234.803935,20,37579.235249
-115.733726,20,37586.034962
-217.637635,19,37593.888722
-231.296402,18,37599.933228
-250.782616,15,37605.800484
-337.834766,20,37613.125825
-208.03303,19,37620.705761
-120.992132,20,37627.370809
-175.059371,21,37634.356586
-208.21803,18,37641.203164
-164.42352,24,37649.421211
-231.32873,23,37659.325391
-178.387288,23,37668.17443
-173.950316,25,37677.574391
-249.800997,17,37685.114941
-158.132847,21,37692.245571
-207.252003,26,37702.182439
-163.492691,16,37709.453003
-214.208229,22,37716.586746
-251.959668,20,37723.365054
-131.003466,18,37729.662549
-155.723981,20,37737.391913
-186.055029,21,37745.124583
-231.515356,21,37755.501819
-200.445242,19,37761.783456
-200.034424,23,37769.805423
-235.542557,23,37778.256042
-212.279703,22,37786.24645
-191.243018,23,37795.627674
-135.542216,25,37804.914279
-219.274427,15,37811.053887
-260.310126,11,37816.022612
-231.577381,16,37821.234806
-213.041507,17,37826.901043
-234.906467,24,37835.757333
-208.775402,19,37842.570853
-406.731695,22,37850.381181
-256.010804,22,37857.924721
-293.590728,15,37865.072472
-252.344729,17,37870.850433
-251.761112,16,37876.65451
-207.084553,26,37886.078478
-219.385883,18,37892.989389
-414.720337,16,37898.407513
-294.221359,19,37905.048811
-271.821837,19,37912.891698
-243.77364,17,37918.995133
-181.945271,22,37927.632969
-186.505601,19,37934.661611
-248.689521,20,37941.786427
-214.353506,22,37949.35475
-200.04812,22,37956.42703
-231.045428,20,37964.443756
-193.626744,18,37970.388461
-262.69205,16,37975.828303
-126.714648,23,37985.88445
-256.506656,21,37993.101629
-237.661307,11,37996.806708
-276.824811,19,38003.137602
-137.144639,19,38010.418892
-198.281335,22,38019.780807
-254.410745,20,38030.153537
-272.83693,25,38038.58709
-91.154899,24,38047.57963
-296.588473,16,38054.966004
-262.900454,18,38062.824288
-231.229971,18,38069.963247
-184.284849,17,38075.331494
-183.739487,18,38081.862127
-282.728967,16,38089.167431
-203.83828,20,38097.636714
-223.317139,24,38105.221586
-216.970751,20,38112.845438
-164.514585,15,38117.909273
-192.433628,18,38124.19451
-246.19276,15,38132.092786
-229.181148,19,38138.712488
-214.56122,25,38147.189513
-242.721936,22,38154.633935
-306.724165,18,38161.533865
-333.469366,23,38170.194304
-223.398428,19,38176.664971
-224.987514,19,38185.991614
-171.541554,19,38192.408596
-203.616259,17,38198.459281
-242.449936,13,38202.474894
-292.049744,19,38209.450547
-265.484839,17,38215.584217
-191.882701,15,38223.221095
-237.170692,20,38229.914035
-203.219597,19,38237.27905
-234.090565,16,38243.010858
-361.509072,19,38250.846254
-166.728523,18,38257.184644
-234.234324,19,38263.916301
-287.973697,16,38269.948766
-127.940731,11,38273.81536
-194.542006,20,38281.038644
-240.295478,19,38288.353072
-202.067248,18,38294.555534
-265.876576,20,38301.89518
-115.057802,19,38308.386931
-241.631732,15,38314.695546
-187.334409,22,38322.245997
-219.514812,21,38329.399846
-278.403078,21,38337.63512
-138.680054,20,38344.839636
-212.866826,19,38351.971351
-262.19699,17,38357.753369
-283.61544,16,38363.747111
-174.750421,21,38371.632267
-243.452801,14,38377.516921
-361.92427,19,38384.267046
-327.897129,18,38389.95875
-188.172533,18,38396.205882
-239.222605,16,38401.489158
-228.919614,23,38410.096272
-236.962678,23,38418.675875
-157.856215,21,38425.46878
-178.522898,23,38433.255798
-256.826212,21,38440.599484
-174.948655,21,38447.62748
-154.704936,24,38455.472342
-244.148466,16,38460.980563
-144.111536,24,38469.012321
-275.133082,13,38473.649078
-203.600258,21,38480.652198
-174.578264,23,38487.945458
-180.798456,23,38495.729331
-259.797422,20,38502.67519
-233.681017,23,38510.237136
-256.932094,23,38517.760916
-151.010836,21,38524.91591
-210.7313,23,38532.979124
-148.66273,22,38540.23572
-209.678184,22,38548.649253
-296.716942,21,38556.691875
-238.607122,16,38562.824544
-178.864936,19,38569.897466
-174.32295,22,38577.909451
-270.509889,15,38583.82875
-218.840209,20,38590.589537
-188.509572,19,38597.282216
-190.515513,12,38600.834568
-237.859433,17,38607.82563
-99.765062,15,38612.923395
-240.920288,19,38619.664896
-165.318287,16,38625.186134
-274.725054,20,38632.298987
-212.901855,17,38638.25149
-262.581625,19,38644.623895
-198.700719,27,38655.271652
-223.444606,19,38661.958789
-195.963619,14,38667.033886
-226.681368,24,38674.983189
-214.467351,22,38682.935418
-135.263469,18,38688.808165
-237.62958,20,38697.018682
-139.915389,19,38704.345725
-179.910004,20,38712.342088
-235.008667,23,38720.200723
-263.456329,24,38728.73715
-169.537798,23,38736.506702
-233.506523,18,38742.370412
-191.807292,19,38749.432954
-220.862382,18,38755.713867
-251.788886,16,38762.400276
-279.253315,21,38770.333842
-194.274816,27,38780.371473
-132.818998,24,38789.460533
-212.848769,22,38796.812768
-192.827364,21,38804.11739
-244.493441,24,38812.37121
-179.517124,22,38819.843221
-122.03201,16,38825.702642
-282.958667,18,38833.245515
-210.103933,21,38840.608343
-269.187969,15,38846.866929
-176.530396,18,38939.121084
-218.449935,21,38947.81052
-254.473887,18,38953.942992
-240.492501,19,38960.238334
-264.742608,21,38967.637075
-264.064063,13,38972.177372
-144.754484,18,38980.065571
-244.390645,15,38985.246567
-240.453119,21,38992.694418
-240.393166,19,39000.110222
-134.866506,14,39005.279352
-306.21026,21,39012.77876
-252.16648,15,39018.899592
-191.868988,21,39026.718015
-273.458854,18,39033.3814
-189.536115,21,39040.605833
-258.225975,26,39049.129954
-188.7345,19,39055.652543
-288.336307,18,39062.046
-176.978521,24,39071.020901
-165.475135,17,39077.237262
-222.324594,21,39085.115442
-201.010902,18,39091.121315
-202.456759,16,39097.169843
-199.687144,20,39104.360114
-243.923317,17,39110.212412
-210.304649,23,39117.737019
-297.057021,23,39126.159695
-190.929822,19,39132.803512
-183.748359,21,39139.935248
-230.021309,19,39146.574896
-122.559753,18,39153.08208
-115.389827,20,39159.708599
-159.201367,23,39167.494481
-162.389623,19,39174.233567
-127.418194,21,39181.63443
-183.347007,20,39188.663214
-233.70463,18,39197.442185
-346.414384,18,39203.773101
-256.569808,20,39210.138181
-166.756496,27,39220.305631
-204.8267,26,39228.973297
-220.672432,22,39236.904898
-222.961181,23,39245.069438
-248.076927,18,39251.62787
-235.975904,22,39260.323043
-199.946444,19,39267.118647
-175.402125,22,39274.324862
-250.131764,15,39280.554523
-151.053827,20,39287.751247
-220.662036,22,39295.278912
-241.935515,19,39302.691548
-210.737014,21,39310.003798
-261.26558,20,39316.962875
-272.254879,20,39324.167195
-225.856273,18,39330.143919
-182.160728,21,39337.885033
-201.664448,24,39345.638532
-217.790721,23,39353.044687
-203.835408,16,39359.23383
-203.909847,25,39367.525346
-198.655223,24,39376.042081
-249.397711,18,39381.983232
-103.750267,10,39385.734799
-212.568679,22,39393.206295
-249.301842,23,39400.852471
-272.408947,21,39408.407127
-247.294181,25,39417.06963
-241.113053,16,39422.734838
-222.982326,21,39432.102795
-232.694994,12,39436.284781
-179.960902,23,39443.919262
-231.448372,21,39450.596434
-222.31174,23,39458.130891
-263.369149,21,39465.980714
-247.087928,19,39474.936629
-214.741403,20,39482.703622
-225.552574,15,39487.878413
-243.761035,20,39495.68474
-186.894987,21,39502.543689
-184.003518,23,39510.275434
-229.961932,19,39516.816856
-176.488231,14,39521.963498
-117.259815,18,39528.300581
-202.018648,20,39534.985247
-213.950224,21,39541.904446
-269.930407,18,39547.896965
-188.238572,18,39554.615764
-249.503886,22,39562.034245
-137.622193,24,39570.072579
-215.825695,22,39577.577979
-268.811578,19,39585.436308
-311.970618,17,39592.358648
-215.340228,21,39600.541277
-252.248821,22,39608.980792
-249.355816,12,39616.404402
-277.001087,17,39622.094743
-257.231415,19,39628.501423
-243.1188,17,39634.761194
-215.549379,16,39641.483217
-243.667987,21,39648.766008
-223.130273,20,39655.974221
-195.380606,21,39662.897005
-293.683941,15,39667.894323
-226.181913,18,39675.111244
-252.243627,22,39682.192341
-235.843829,21,39689.981249
-207.748968,18,39695.929214
-195.817341,23,39705.678626
-187.200122,21,39712.526149
-165.779543,18,39719.298203
-272.825217,11,39723.970275
-234.734833,18,39730.063337
-172.338461,25,39738.86955
-152.610989,23,39748.010672
-212.935903,18,39754.726463
-216.009611,22,39762.007498
-230.05975,22,39770.735256
-144.560106,20,39777.746202
-185.253023,23,39787.66755
-225.052031,18,39793.87329
-227.891455,18,39800.179556
-185.821963,23,39809.520612
-195.512968,25,39817.475822
-169.74554,21,39824.633197
-236.379766,20,39831.68812
-248.531673,14,39836.584917
-212.726949,18,39843.224274
-172.535103,26,39851.889348
-202.338602,23,39860.756232
-215.980933,25,39869.590189
-227.044348,16,39875.395952
-216.544143,21,39882.003784
-219.369227,17,39888.230341
-113.35447,16,39893.755398
-204.64383,18,39901.253005
-152.64095,20,39909.351927
-286.744826,18,39916.862689
-310.67764,19,39923.037333
-224.213667,23,39931.28829
-150.651119,17,39937.716259
-275.211442,12,39942.668809
-158.647035,24,39951.455196
-297.070641,19,39959.073161
-220.181733,19,39965.791355
-245.511536,17,39972.470059
-145.129048,24,39980.728113
-227.467827,19,39987.252412
-344.123979,14,39994.004077
-255.098942,15,39998.612952
-286.121958,24,40007.379287
-176.039092,21,40015.278927
-219.309197,14,40020.625093
-313.05242,14,40025.448083
-147.231622,20,40034.10633
-276.6647,18,40040.31696
-252.936784,26,40049.959464
-260.89564,20,40056.271691
-226.270425,17,40063.29711
-177.924539,20,40069.887252
-203.493202,20,40076.344948
-222.478842,17,40083.493084
-234.012042,24,40092.038596
-154.926135,23,40099.629888
-206.607119,25,40108.561313
-125.998766,18,40114.394222
-207.169147,20,40120.841151
-245.322393,19,40128.958497
-112.937221,21,40135.888575
-283.38145,23,40144.773797
-206.717448,18,40151.105099
-181.666869,22,40159.852493
-189.66671,23,40168.108612
-172.548825,21,40175.5144
-255.385409,15,40181.028824
-189.801435,18,40187.463722
-172.722729,20,40195.041244
-184.388042,21,40202.130478
-257.788246,23,40210.146319
-244.883851,16,40215.819804
-118.950424,17,40221.923183
-323.218396,21,40229.476436
-173.355954,27,40240.062761
-222.66155,16,40248.094906
-216.383431,23,40256.326617
-177.107635,21,40263.709417
-101.440924,14,40268.673328
-290.268495,16,40274.282597
-170.696608,17,40280.238542
-232.925773,20,40288.133063
-185.077089,23,40295.918711
-117.248011,21,40302.882188
-300.191725,20,40311.960954
-218.022998,19,40319.794242
-297.444422,16,40325.024704
-221.312854,19,40331.672512
-204.269484,26,40340.373578
-185.802424,20,40346.964335
-138.233571,19,40354.126881
-161.655688,17,40361.493406
-190.171571,13,40366.102594
-263.232344,18,40372.134335
-203.224899,20,40379.460685
-214.590636,24,40387.765755
-216.812802,19,40395.874782
-197.274341,18,40402.718336
-258.346773,18,40409.003885
-210.376936,24,40416.785844
-158.784885,15,40422.416282
-266.868483,27,40431.565705
-286.370708,20,40438.72268
-207.764254,23,40446.399397
-269.047817,11,40452.273502
-187.815197,21,40459.496456
-235.830726,26,40467.89855
-182.66908,18,40474.794369
-231.978717,16,40480.99414
-138.225599,14,40485.302503
-264.664282,24,40493.6329
-191.217428,20,40501.4892
-236.538126,17,40507.40304
-193.147321,18,40514.17503
-208.457296,18,40520.545387
-247.714899,24,40528.594595
-192.787357,21,40536.849494
-204.200984,22,40544.312321
-316.990463,21,40553.180513
-291.914009,25,40563.432153
-251.864758,17,40569.391404
-236.509163,22,40578.173033
-126.068834,26,40588.297086
-328.757552,12,40593.10629
-223.293064,20,40600.222652
-213.432069,18,40606.372209
-211.840701,21,40613.418568
-270.354317,24,40623.297386
-186.607695,19,40631.572792
-247.134065,24,40639.385921
-158.198247,17,40645.288586
-157.38932,23,40653.553466
-260.320343,21,40660.968493
-277.402078,17,40667.556159
-121.180885,21,40674.332645
-236.261849,18,40680.762158
-260.000679,15,40685.721212
-191.473892,26,40695.634479
-212.787711,20,40702.592114
-311.747107,20,40709.946766
-225.938333,22,40717.454893
-201.110783,22,40724.650034
-168.875722,22,40733.005196
-258.5673,18,40739.78784
-266.403754,18,40747.931109
-282.40405,15,40753.209899
-240.848738,17,40759.160009
-224.504346,22,40768.957233
-212.80814,15,40774.047618
-114.719525,20,40781.24154
-171.844896,21,40788.26525
-126.002147,23,40797.176366
-205.386551,22,40804.508825
-129.715773,22,40812.721688
-179.735728,10,40816.641052
-242.195014,16,40822.136598
-186.744561,21,40829.333812
-237.523359,22,40837.79848
-250.14098,19,40844.955132
-146.315478,24,40853.63397
-303.334094,21,40863.447511
-189.79849,22,40870.432624
-242.078065,25,40879.72911
-244.368047,21,40888.198612
-237.214851,20,40895.889316
-243.646013,16,40901.727374
-248.274578,20,40908.086132
-136.136188,16,40914.221075
-152.189613,14,40919.056316
-237.283046,13,40924.959812
-198.227845,29,40935.033384
-306.597556,21,40942.448262
-265.79242,18,40949.149398
-135.018128,16,40956.281588
-212.639294,20,40963.665128
-196.840717,22,40972.380834
-197.70347,21,40978.951814
-252.229615,21,40986.081683
-215.951142,23,40993.7679
-210.91539,17,41000.284117
-133.499797,24,41009.626402
-223.436201,24,41017.524631
-174.888926,23,41026.697124
-241.654029,14,41031.826452
-162.619517,23,41039.896155
-165.10919,20,41048.445785
-260.600648,25,41056.872925
-220.46641,19,41064.521054
-181.763374,17,41070.093451
-260.265418,21,41077.899814
-274.782291,14,41083.533681
-233.523001,24,41092.032149
-286.270455,17,41099.65228
-296.973407,16,41106.288137
-225.10309,20,41114.827386
-210.023196,23,41122.255614
-226.245318,17,41129.309837
-137.342983,21,41137.764194
-217.401414,23,41146.587957
-264.523641,14,41152.004835
-129.643115,18,41158.104739
-212.75735,23,41166.680259
-248.88431,17,41174.860872
-224.77788,17,41180.284847
-241.671574,17,41187.315494
-250.486342,19,41194.237666
-273.308239,19,41200.701162
-175.496368,23,41208.303054
-216.795528,16,41213.977027
-201.420038,24,41221.8575
-217.11181,22,41229.927753
-126.333473,13,41234.734184
-205.469476,20,41241.946321
-156.146746,28,41251.143519
-253.906626,20,41258.483946
-246.444221,22,41267.364688
-206.466333,19,41274.682916
-253.138302,16,41281.432106
-221.830038,13,41285.62094
-225.619655,19,41292.774775
-211.671978,16,41298.967621
-284.185844,18,41305.556568
-202.163952,15,41310.768225
-223.993665,27,41319.742626
-213.244113,26,41329.091573
-302.832633,17,41335.416152
-212.489823,22,41342.735159
-199.730133,19,41349.869327
-188.814106,16,41355.407494
-181.113183,22,41364.017284
-174.045911,19,41370.335286
-239.936542,19,41376.966264
-238.117755,22,41385.464246
-205.861703,25,41394.127494
-243.223467,16,41400.199846
-346.798188,17,41405.850751
-234.507446,29,41418.254539
-251.403073,21,41425.181383
-256.25725,14,41429.911017
-202.685786,22,41437.401514
-190.773723,21,41444.267164
-181.481878,23,41453.2809
-212.863983,22,41462.658077
-207.810412,21,41469.516288
-138.013985,18,41475.866771
-185.370701,26,41484.555953
-142.086583,15,41489.362273
-230.730205,23,41498.407327
-230.611297,24,41505.965957
-221.120996,19,41512.08295
-219.801426,20,41518.950812
-174.884492,23,41527.324079
-207.801795,19,41534.160167
-181.989588,26,41542.590971
-207.703069,17,41548.532008
-287.132621,19,41554.876945
-257.853452,23,41562.389523
-277.554876,14,41567.60941
-232.309658,22,41574.700523
-187.979753,25,41583.092114
-123.718357,17,41589.456007
-264.874323,19,41596.783148
-291.121966,14,41601.264267
-253.899434,18,41607.249432
-215.18802,23,41616.42281
-270.983831,22,41625.678292
-238.082219,21,41633.335546
-177.353777,22,41641.544172
-219.211308,18,41647.704075
-182.05488,22,41656.386968
-233.635625,19,41663.750809
-163.622572,25,41672.534975
-200.454109,19,41679.083014
-195.760895,18,41685.702961
-173.933791,23,41693.864046
-165.798647,18,41700.037486
-234.456034,18,41706.041708
-222.30009,18,41712.180247
-255.301227,22,41721.853765
-163.753666,20,41728.52424
-171.046876,20,41736.867951
-115.796586,9,41740.730264
-300.040335,16,41746.176804
-209.973297,24,41755.925003
-184.151233,21,41763.051909
-227.858302,20,41771.087346
-238.932786,23,41779.970907
-273.708932,24,41788.000368
-128.726761,24,41795.646371
-232.610865,23,41803.753903
-273.687836,15,41808.911886
-229.538492,21,41817.098685
-215.226698,23,41825.299697
-376.265568,15,41831.625895
-256.006663,15,41837.78798
-140.899446,15,41844.293077
-161.331822,23,41851.769179
-226.603981,18,41858.038488
-284.849826,13,41864.055286
-223.454145,23,41872.292435
-172.05843,20,41879.265729
-171.278709,22,41886.077378
-225.186868,25,41894.972332
-153.762307,27,41903.729777
-277.097471,12,41908.388075
-188.582849,24,41917.558354
-190.639746,23,41925.949023
-208.005276,21,41933.539129
-184.660495,18,41939.628802
-209.283747,23,41948.30752
-271.542249,19,41955.207749
-238.267581,19,41962.540836
-218.154929,20,42064.260104
-257.025441,25,42073.435167
-235.450037,18,42079.579463
-216.50542,18,42085.77225
-176.105819,22,42094.01867
-199.256118,23,42101.90073
-253.387197,17,42108.7974
-251.675263,20,42116.271567
-114.847134,19,42123.980796
-183.202077,24,42131.812423
-286.737585,21,42138.782784
-221.294676,21,42146.763881
-227.976854,22,42156.5034
-259.882642,21,42164.46082
-247.894113,15,42171.729087
-217.803674,20,42178.878748
-186.394514,20,42188.078602
-260.448422,20,42195.892587
-161.43951,16,42201.479244
-261.223676,16,42208.531024
-261.505165,16,42215.624862
-257.650648,22,42225.942444
-250.27908,21,42233.857577
-146.939077,23,42242.138353
-278.96254,20,42249.972747
-152.110831,25,42259.032707
-209.448281,21,42266.243553
-260.902882,21,42274.662285
-271.830679,16,42280.644589
-257.295754,18,42286.667002
-252.344857,18,42292.727223
-297.847582,19,42299.193272
-262.098538,21,42306.571594
-228.488674,18,42312.87126
-245.168724,14,42318.679587
-233.929181,18,42324.989428
-259.632404,15,42330.195685
-229.904467,18,42336.064014
-298.102691,16,42341.621795
-210.957834,20,42348.524805
-112.952029,18,42355.070614
-183.270029,24,42363.260195
-232.162497,27,42376.857744
-235.774384,17,42382.685675
-260.13406,19,42389.227386
-208.748604,22,42397.018278
-167.031506,28,42406.523116
-181.281245,22,42414.319613
-247.771826,12,42418.187207
-302.090381,20,42425.132132
-263.249989,22,42434.233857
-211.316189,22,42441.882232
-254.568257,25,42450.319742
-234.466734,17,42456.696635
-235.320143,24,42464.870684
-199.941588,26,42473.219531
-261.185239,20,42480.67048
-248.987061,17,42486.232922
-161.26035,28,42497.812338
-221.820256,24,42506.338259
-178.924411,15,42511.219511
-224.183677,19,42519.483821
-218.746355,20,42527.250704
-158.685889,25,42536.294398
-217.801637,19,42542.561949
-144.238964,16,42548.775725
-233.872531,20,42555.914435
-177.010872,28,42565.455758
-232.074139,23,42572.973561
-132.019612,26,42581.625154
-126.353381,17,42587.676509
-217.06104,17,42593.609623
-327.616542,18,42600.059934
-216.86998,23,42607.510793
-264.857319,17,42613.080319
-295.938099,14,42617.96919
-355.835642,21,42624.98572
-231.45379,22,42632.711031
-174.038761,25,42641.466869
-158.555067,14,42646.370603
-206.397274,21,42653.982641
-212.808844,19,42660.540212
-135.646419,12,42665.455259
-204.592755,19,42672.523089
-147.591751,26,42681.143545
-242.938682,16,42687.102973
-270.131319,19,42693.600195
-290.454798,18,42699.524813
-224.050618,22,42707.054011
-210.450407,25,42715.699442
-258.998147,15,42721.246692
-227.105855,28,42731.423039
-233.797063,24,42739.301842
-230.612548,18,42745.439408
-134.628771,25,42753.398531
-233.537445,10,42758.337207
-213.821405,25,42766.595199
-221.422262,14,42771.845288
-244.560786,15,42778.287928
-152.337509,22,42785.335421
-273.245771,17,42791.812309
-205.014674,17,42798.329719
-111.985815,14,42803.848063
-167.357097,13,42808.582715
-233.140186,26,42817.471341
-255.145755,20,42824.047487
-177.917634,15,42829.326663
-215.551107,20,42835.571049
-163.502397,16,42841.378132
-226.412642,17,42847.761296
-174.451413,23,42855.553571
-210.553615,22,42863.167094
-119.959342,19,42869.683052
-226.971952,19,42876.743019
-231.80129,21,42884.61211
-158.879079,27,42893.657513
-223.992874,25,42901.767931
-320.703327,11,42906.703664
-169.008904,16,42912.054066
-221.410357,20,42918.863102
-177.376597,21,42925.750546
-275.976015,20,42932.263476
-212.628434,21,42939.308389
-223.588528,23,42946.761366
-299.410539,20,42953.453317
-105.936885,14,42958.256523
-175.191501,23,42966.532692
-158.360252,22,42974.025968
-253.227797,18,42981.139848
-198.904915,23,42989.307506
-270.514525,15,42994.392089
-210.374539,17,43000.788128
-157.990063,17,43006.590925
-244.946371,22,43014.112129
-216.747343,25,43022.929343
-299.017228,12,43028.745529
-152.326166,26,43037.165982
-275.585552,18,43043.369908
-243.766447,15,43048.334096
-265.438005,19,43054.966738
-305.326224,20,43062.494306
-231.751786,17,43069.040344
-251.498417,20,43076.019863
-208.693473,21,43084.144714
-221.646197,24,43093.275195
-263.678739,18,43100.918261
-202.128659,18,43107.449209
-259.606871,21,43115.66243
-184.03183,19,43124.348486
-345.845129,21,43132.058061
-237.997491,22,43139.797108
-181.57165,18,43146.032716
-136.667287,19,43152.906726
-238.710737,15,43158.18707
-225.343546,19,43164.751016
-300.58243,19,43171.602904
-188.632903,20,43178.389153
-207.761555,19,43184.697264
-233.390279,22,43192.589307
-212.466042,21,43200.139477
-215.99814,20,43208.891849
-222.494432,16,43215.464612
-218.842175,18,43221.716043
-215.379773,22,43229.434668
-318.618251,17,43236.408566
-212.129456,24,43245.523186
-193.499566,15,43250.847185
-261.630425,17,43256.667578
-194.563993,23,43265.596057
-205.678167,22,43273.679758
-217.80929,22,43281.113839
-279.598753,18,43287.549821
-282.495959,24,43295.940186
-130.479289,18,43302.567664
-225.477198,17,43308.537298
-124.191506,22,43316.066101
-165.771443,24,43324.458263
-201.513643,18,43330.281799
-220.893614,19,43336.945897
-164.168348,25,43345.301276
-221.190192,22,43353.967207
-189.778854,19,43360.153057
-157.746621,25,43368.998807
-238.935849,16,43374.847908
-141.936598,21,43382.210481
-201.921033,25,43390.726651
-183.946473,22,43398.091784
-215.831301,21,43405.006283
-271.886918,15,43411.8871
-274.078815,18,43418.588534
-132.611724,28,43429.195094
-159.951622,26,43438.913824
-276.842752,10,43444.886591
-225.054954,12,43449.548831
-245.987145,17,43459.270388
-254.769321,15,43465.79908
-254.721935,16,43471.595686
-225.385057,23,43480.519587
-218.950812,21,43487.815258
-225.239211,24,43496.508613
-170.764647,22,43504.110277
-233.460384,20,43511.620724
-208.908751,26,43520.806893
-177.65537,22,43528.63204
-206.604871,22,43537.222535
-288.784104,13,43542.508367
-231.694975,17,43549.380948
-137.416171,17,43556.482288
-224.562336,15,43562.54675
-241.477926,24,43571.589984
-240.644553,20,43578.04895
-304.914751,13,43582.754403
-191.30342,21,43590.197612
-228.34788,18,43595.981781
-222.380441,18,43602.164232
-288.603319,20,43609.108951
-157.433346,23,43617.518835
-122.76198,17,43622.971441
-231.330854,17,43629.818227
-151.813903,19,43636.564776
-198.009832,19,43642.479563
-249.203387,22,43649.799821
-304.813443,19,43656.699011
-180.226817,22,43664.178907
-122.868656,21,43671.395348
-187.491778,19,43677.580074
-202.693109,17,43683.384572
-175.292465,15,43688.758817
-163.231129,22,43696.20165
-169.941987,21,43704.5839
-200.533883,20,43711.285777
-275.99226,11,43714.689841
-214.795068,21,43723.032756
-243.360197,22,43730.68816
-237.761309,20,43738.090207
-174.918406,24,43746.048683
-186.458917,21,43755.26534
-186.889955,21,43762.62517
-173.436087,25,43770.701455
-256.955515,17,43777.59719
-113.936605,20,43784.919737
-204.502179,20,43792.292511
-233.369055,27,43801.601704
-175.219963,21,43808.715366
-162.691247,26,43817.332899
-253.977169,16,43822.665398
-180.97137,29,43833.553098
-212.876703,17,43839.537071
-192.658554,27,43848.61135
-233.933092,19,43854.883839
-193.340877,21,43861.773424
-272.108368,18,43867.769192
-255.478632,12,43872.261285
-199.530264,16,43877.886113
-194.008326,26,43886.505716
-210.03553,20,43893.158923
-129.455156,25,43902.193429
-263.923945,13,43907.267383
-172.79695,26,43915.76557
-170.234114,21,43924.084327
-234.802241,18,43931.604307
-195.732766,17,43937.681197
-160.782092,22,43945.933316
-190.526817,25,43954.409312
-127.916216,30,43966.844325
-154.354,23,43974.641473
-147.87684,28,43983.850994
-194.146337,22,43992.11614
-203.416793,21,44001.041722
-233.090221,20,44007.685777
-204.858532,21,44014.709454
-185.394396,21,44021.540892
-239.895469,17,44029.055645
-236.213677,18,44035.216087
-312.841423,20,44042.921153
-248.126997,17,44049.655278
-214.254729,25,44059.336026
-117.296022,20,44067.70136
-117.586552,13,44072.025568
-196.705478,27,44081.035331
-137.318992,17,44087.27421
-271.976631,13,44092.647142
-236.970772,24,44100.728694
-191.314149,13,44104.936671
-221.772711,16,44111.059645
-141.275911,23,44118.900198
-264.288854,14,44124.039912
-172.087921,23,44132.518843
-318.921326,20,44139.777442
-271.860994,17,44145.748851
-237.932802,17,44151.552465
-174.302672,23,44159.263722
-267.911311,18,44165.223407
-211.736727,19,44171.58247
-175.530707,22,44178.835278
-208.630611,20,44185.58757
-260.792394,27,44195.388775
-245.178377,19,44202.433608
-219.554333,20,44209.019629
-233.46783,21,44216.640658
-157.343962,22,44224.228482
-215.142717,19,44230.974484
-151.645261,25,44239.172424
-136.464214,17,44244.627631
-210.638431,22,44252.718381
-259.958446,17,44259.735598
-179.50105,22,44267.123239
-208.619599,23,44274.778
-229.152045,18,44280.370166
-157.994031,23,44288.248028
-269.91895,22,44296.007121
-170.629783,22,44303.428876
-246.574249,22,44311.47115
-221.34587,18,44317.137232
-272.933796,10,44320.658052
-239.954541,16,44325.835771
-108.786945,20,44332.469213
-242.925979,17,44338.171422
-171.001795,25,44346.908752
-193.333083,23,44356.126133
-158.941703,22,44363.39864
-244.435543,19,44369.66547
-248.512929,21,44376.86213
-210.962074,20,44384.684469
-268.348478,17,44392.515533
-172.57637,22,44399.980327
-227.369284,19,44406.167897
-181.173538,22,44414.318966
-223.9678,19,44421.747912
-162.80868,27,44430.46476
-127.309712,22,44437.863804
-201.669026,19,44444.631259
-167.041501,22,44452.714946
-220.814207,18,44459.391011
-235.235486,22,44467.822622
-199.76341,24,44476.582564
-180.005146,19,44482.690959
-221.775132,21,44489.549157
-253.220698,17,44495.397415
-284.85642,17,44501.367642
-232.317475,19,44507.722832
-171.38221,20,44514.871354
-122.679262,21,44521.851706
-246.147266,15,44527.919963
-161.581693,22,44535.366747
-287.806313,20,44542.578896
-194.75342,21,44550.249762
-164.570345,29,44562.48871
-245.06548,14,44567.8812
-135.162634,21,44575.742849
-208.836629,23,44585.015125
-241.134268,28,44594.601242
-160.930447,19,44602.79314
-209.427554,24,44611.417785
-223.830459,18,44617.109234
-274.197444,20,44623.288322
-202.989011,21,44630.55577
-195.691556,24,44638.506632
-320.881577,12,44644.855436
-221.399185,20,44652.299953
-277.381994,13,44657.198014
-187.576118,30,44667.025305
-176.541855,19,44673.574605
-286.741618,22,44682.430949
-191.43014,18,44688.496511
-192.755606,22,44695.869567
-224.014627,20,44702.771436
-128.059797,19,44708.935772
-185.92331,24,44718.014165
-261.355367,18,44724.079007
-278.352251,20,44730.918827
-175.880598,23,44738.703458
-243.013087,19,44746.087093
-285.257789,18,44751.896869
-233.589595,27,44762.189411
-139.708262,16,44767.537634
-260.638686,22,44775.059699
-194.166569,20,44783.067618
-207.510513,18,44789.997598
-269.094247,24,44798.364177
-143.570324,26,44806.824589
-229.102949,17,44813.067058
-244.106056,22,44820.994403
-133.210898,19,44827.754916
-242.585754,20,44834.278684
-254.723916,23,44842.72621
-233.634167,19,44849.430582
-216.515283,19,44855.862154
-153.388996,23,44863.895322
-222.771229,17,44871.177901
-164.682118,25,44879.711928
-289.242869,10,44884.538988
-252.671735,21,44892.984659
-247.447771,20,44899.911949
-318.133379,21,44908.89755
-204.170828,16,44914.29609
-101.158073,14,44918.791414
-155.37403,20,44925.587572
-231.611492,16,44931.590995
-212.940686,24,44940.306566
-206.626731,21,44947.412968
-227.018161,24,44955.737303
-163.96006,21,44962.855029
-108.208783,16,44968.355355
-232.453536,17,44974.108083
-244.473778,24,44983.270462
-117.928272,21,44990.310472
-351.982171,19,44997.25833
-152.587467,25,45006.024175
-151.117082,15,45011.552562
-160.962461,18,45018.143774
-112.032377,13,45022.50906
-228.328678,23,45029.873959
-300.121294,16,45035.878544
-117.482339,23,45043.507962
-160.147025,20,45052.409672
-143.736149,23,45060.460696
-231.049281,22,45172.838708
-213.001633,20,45179.215749
-379.797083,22,45186.734921
-165.25071,22,45195.424333
-215.805261,15,45202.941432
-138.867871,16,45208.334656
-138.147893,23,45215.849145
-277.381966,19,45222.544973
-247.359374,19,45229.221984
-215.564871,22,45237.141508
-235.361112,17,45242.7461
-205.889716,32,45254.321774
-399.279602,15,45259.653138
-260.87969,17,45266.71378
-228.364568,18,45273.121495
-176.69254,20,45279.136769
-288.388672,17,45285.344866
-148.658251,19,45293.595817
-285.179622,15,45298.266332
-210.844477,21,45305.292667
-186.223649,24,45315.309235
-174.210843,22,45324.135307
-138.016181,23,45333.537991
-180.184314,19,45339.976269
-237.099041,20,45346.522027
-178.868802,25,45357.080727
-201.588513,22,45366.868173
-231.390275,15,45373.517422
-184.16148,22,45381.06901
-214.484011,21,45388.22158
-195.633059,19,45394.45123
-245.442878,23,45402.429003
-236.507989,28,45412.064342
-230.816918,18,45418.379844
-179.783566,24,45426.60118
-371.20379,19,45434.704154
-178.615615,23,45443.402837
-252.881944,22,45450.94628
-143.072791,23,45458.519517
-183.711212,22,45465.686393
-169.129275,20,45473.379515
-123.831041,21,45482.040181
-208.701903,20,45488.906741
-197.80368,21,45496.502128
-267.248973,18,45502.546058
-163.524408,27,45511.40279
-164.342527,26,45520.838533
-219.048257,17,45526.637895
-191.73174,15,45531.672347
-273.715447,16,45538.149627
-147.419076,17,45543.70063
-103.628002,23,45552.052533
-126.281175,30,45562.28717
-196.56366,20,45569.554767
-189.247064,21,45577.019394
-251.38189,13,45583.326723
-130.129506,17,45588.841304
-206.612235,19,45595.997157
-219.558,27,45605.522258
-213.748643,23,45614.109308
-190.096925,22,45621.488086
-196.772751,21,45628.37088
-139.896829,26,45637.491566
-97.403107,22,45646.368718
-240.780041,22,45654.133686
-133.472506,21,45661.499419
-169.404704,22,45670.288914
-116.346609,21,45677.391673
-230.57067,21,45684.790887
-188.65721,19,45691.023559
-222.631826,22,45698.626317
-150.142137,15,45703.764597
-187.759533,22,45710.813056
-155.793998,20,45717.600087
-235.124235,23,45726.391145
-255.107102,17,45732.032252
-179.388691,19,45738.683693
-201.789729,24,45747.620295
-191.984244,22,45755.661778
-261.421546,14,45761.657848
-231.484757,26,45770.35002
-256.067584,15,45776.134287
-223.654739,17,45781.93987
-177.205663,23,45790.584436
-123.531824,20,45798.193341
-225.285834,19,45804.430057
-184.984228,23,45811.985504
-148.975422,20,45818.654555
-135.858715,24,45826.468587
-225.240834,25,45834.776867
-295.744907,15,45840.290379
-228.099029,23,45848.099041
-193.306068,19,45855.177326
-237.603084,25,45864.679234
-163.794925,25,45872.913446
-324.390479,20,45879.412856
-200.437742,21,45889.084559
-198.44152,23,45897.169746
-175.314481,24,45904.912443
-171.852393,23,45912.91329
-206.750325,27,45922.771322
-204.254841,16,45928.981051
-127.605591,19,45935.296124
-179.720708,24,45943.843685
-289.885457,21,45951.820068
-192.919341,23,45959.360761
-140.938778,20,45965.864958
-219.759091,19,45972.242101
-187.250124,22,45979.423523
-202.684303,20,45986.818668
-180.013365,24,45994.431943
-238.275394,22,46001.761854
-284.076119,11,46005.970845
-201.996414,22,46014.239025
-205.983276,21,46021.554155
-348.03223,24,46029.951346
-216.526331,16,46038.380025
-282.540523,18,46045.750416
-332.489041,19,46055.149439
-213.494935,18,46061.594729
-306.177141,22,46068.766326
-117.713277,29,46078.844678
-135.122326,19,46085.758264
-256.261438,25,46094.992296
-277.795378,22,46102.138476
-177.17503,20,46108.649961
-283.013446,22,46115.568056
-182.294751,25,46124.204044
-222.318888,20,46131.536674
-203.516064,25,46140.586617
-164.22306,23,46148.597013
-222.073577,19,46155.17997
-162.697053,21,46162.573587
-146.617135,24,46170.363237
-173.174866,21,46177.840292
-227.788702,18,46184.030021
-195.060226,17,46189.958466
-155.165693,23,46197.606555
-236.005449,19,46203.715869
-380.292019,20,46211.151621
-204.750979,20,46217.939178
-187.135763,24,46226.947525
-227.150921,19,46237.08242
-214.920388,14,46245.965723
-212.194824,24,46261.782405
-210.29845,23,46271.054688
-141.450462,18,46277.782685
-157.069158,30,46289.065958
-183.488284,26,46298.456199
-94.103867,27,46309.664095
-183.664465,20,46317.074262
-166.544569,22,46326.227124
-144.041815,19,46333.586458
-240.466322,22,46343.352123
-225.786757,20,46351.347298
-207.353328,17,46358.360028
-145.4345,23,46369.255208
-154.395281,26,46379.159253
-158.065494,22,46388.026256
-273.446013,22,46399.913287
-241.297866,19,46409.350991
-295.263565,25,46420.259115
-300.996322,18,46427.659351
-170.505829,21,46436.147954
-241.912631,22,46445.556182
-206.80037,21,46453.701666
-199.739224,27,46464.012201
-133.613168,13,46469.779754
-249.984434,22,46478.737432
-203.079512,22,46487.52941
-260.04306,16,46493.766258
-175.949363,22,46501.454712
-136.367376,14,46508.065865
-241.694172,20,46519.209581
-174.267936,18,46526.629504
-305.980283,23,46538.474626
-83.437808,27,46549.78985
-197.485836,23,46559.398523
-187.26094,22,46568.756754
-193.144443,23,46577.700143
-285.333037,16,46585.845932
-199.981401,23,46596.84727
-333.374756,14,46603.429607
-112.178836,26,46613.818777
-235.898591,15,46619.861684
-279.073142,16,46627.147032
-196.64273,22,46636.481939
-246.519525,11,46641.238843
-193.461079,24,46650.66427
-114.142572,23,46660.979167
-208.651242,21,46669.184627
-259.957274,22,46677.753527
-218.817881,22,46686.196658
-127.289078,22,46695.056053
-214.368328,23,46705.034025
-204.262246,23,46714.238077
-198.905781,22,46723.243844
-207.711314,21,46731.826963
-168.630786,22,46741.054185
-263.622552,19,46750.500862
-243.998533,27,46762.30571
-86.859853,25,46772.140754
-282.409552,24,46781.582147
-149.712673,22,46791.955219
-238.398436,26,46803.407129
-137.166588,20,46813.222929
-163.2695,23,46822.63743
-274.988901,13,46829.045517
-174.514859,29,46841.742692
-194.189289,28,46852.483305
-192.969048,13,46857.550629
-208.409033,21,46865.794626
-190.055082,27,46877.326669
-363.253967,19,46884.545612
-240.089492,20,46892.690273
-239.994705,16,46900.38149
-204.271592,20,46908.532528
-250.927009,20,46916.341188
-95.829026,20,46923.944835
-225.81227,20,46931.818833
-101.402645,23,46940.891854
-236.230162,14,46947.765895
-228.285129,22,46956.28863
-190.868549,26,46965.456201
-249.140614,21,46974.622935
-190.941709,19,46985.881019
-273.159705,14,46993.125959
-188.764951,19,47000.703449
-218.722735,20,47009.364003
-232.255405,17,47016.374618
-314.753188,18,47024.732195
-224.881035,19,47033.931906
-176.512116,24,47043.867901
-152.131217,18,47051.060997
-214.229609,25,47060.729656
-249.086228,18,47068.289259
-266.53105,22,47078.800856
-201.776989,23,47087.717268
-191.182701,13,47094.671703
-204.27128,17,47102.13823
-225.816898,19,47109.789084
-117.199499,30,47120.929349
-241.086718,14,47128.955068
-241.409067,21,47137.813257
-102.7781,24,47147.45365
-193.117549,21,47155.272254
-213.285768,25,47165.254168
-171.244202,24,47174.742413
-209.345191,21,47183.534257
-273.83928,25,47194.748318
-145.404845,20,47203.652858
-183.193053,15,47209.342653
-180.889489,25,47220.353557
-257.942616,12,47225.363562
-231.413137,20,47233.537174
-247.487271,21,47245.172734
-186.896745,25,47254.605191
-242.085707,18,47262.168433
-154.879632,23,47273.179957
-159.262297,16,47280.384912
-224.684174,19,47288.109668
-134.98557,10,47293.057692
-151.785707,21,47300.59005
-210.417108,23,47310.631942
-261.29406,20,47319.331544
-207.92426,24,47328.990122
-263.579676,20,47337.68103
-161.602403,31,47351.372524
-205.361189,20,47359.63727
-276.7431,19,47368.310957
-209.32142,19,47377.030343
-198.551327,29,47389.481792
-155.187231,24,47398.715699
-158.09203,18,47407.336728
-248.850498,19,47415.451008
-163.823995,21,47423.54016
-243.032512,20,47431.291154
-168.030193,24,47440.112552
-226.236846,20,47448.429759
-226.497556,29,47460.14163
-111.53986,23,47469.796696
-208.799832,14,47475.57093
-186.825178,22,47483.953609
-246.850318,16,47490.925179
-232.38143,20,47498.904813
-163.877482,23,47508.983137
-135.325796,17,47516.183218
-149.280207,21,47524.873547
-131.987797,27,47535.944354
-184.355401,20,47544.58793
-232.557986,18,47551.964616
-171.943448,22,47561.322039
-131.607829,16,47568.614319
-312.194016,16,47575.165063
-278.973343,13,47580.813534
-194.593077,26,47592.911563
-153.829176,24,47602.847358
-246.469587,19,47611.144255
-200.205056,21,47618.954659
-216.536963,14,47624.008525
-138.663019,21,47633.607381
-197.189858,26,47644.746863
-249.807896,25,47654.660592
-292.287122,18,47662.623786
-201.601139,24,47672.29102
-243.941231,22,47682.567472
-234.049502,20,47690.425226
-263.167437,22,47700.412512
-179.123364,26,47709.996667
-173.658432,26,47720.436866
-148.422443,23,47729.361508
-199.202999,29,47740.911775
-310.209214,23,47750.329517
-211.773226,17,47757.573957
-240.881862,24,47767.903983
-196.936194,23,47776.283169
-211.954576,22,47784.96635
-174.901771,20,47792.772934
-181.539741,19,47801.17688
-198.693822,25,47810.242062
-189.867203,19,47817.912886
-252.946371,25,47827.528144
-103.139996,19,47835.557098
-224.304098,14,47840.842115
-260.095949,17,47847.322303
-190.798135,25,47857.93541
-226.465344,18,47865.824368
-146.860244,21,47874.180808
-194.890489,15,47881.0663
-136.562671,22,47889.501341
-298.912064,23,47898.246624
-218.03263,20,47907.584521
-117.496252,19,47914.704294
-144.849186,17,47922.150918
-179.017656,23,47930.539207
-209.29078,20,47939.127729
-113.118924,22,47947.654391
-156.853821,18,47954.803037
-182.18157,17,47960.942712
-178.866359,19,47969.031817
-181.729703,28,47980.116447
-239.72853,15,47989.378859
-276.01114,19,47997.581452
-290.093866,21,48007.990917
-274.839132,17,48014.844584
-165.381705,17,48023.710969
-206.661526,21,48031.799513
-185.650113,20,48040.131476
-144.20456,18,48047.667834
-120.366763,23,48056.770428
-310.008692,20,48064.400098
-248.344719,19,48072.375016
-217.100297,22,48081.203974
-196.470415,25,48091.563912
-161.13603,24,48102.664085
-185.280621,21,48111.652324
-174.757686,25,48121.760141
-266.003685,20,48129.143324
-162.196849,24,48139.309028
-217.606445,25,48150.477453
-197.360321,22,48161.713612
-283.238497,16,48169.789947
-250.865554,18,48177.791574
-264.120074,18,48184.744329
-183.180975,24,48194.967218
-142.75384,22,48203.735106
-243.475414,22,48212.293327
-290.505059,23,48221.346242
-273.38078,22,48229.982833
-318.259954,18,48237.050063
-207.162916,22,48246.365644
-276.424054,21,48254.594089
-177.581452,24,48264.271864
-161.969198,19,48271.747035
-176.311869,22,48280.456011
-173.849667,19,48287.610078
-234.559828,21,48295.966552
-145.997317,24,48304.951239
-148.323328,27,48316.026488
-180.817016,24,48326.245604
-109.294779,26,48336.818059
-116.535674,12,48344.439401
-163.759693,20,48352.095147
-93.572192,35,48365.992981
-117.714418,20,48373.676228
-228.538134,22,48383.183757
-219.075694,16,48389.391352
-194.606302,24,48399.868808
-224.897624,27,48410.984712
-233.145834,19,48418.738259
-169.593123,24,48429.717374
-191.751934,22,48439.049469
-198.297759,18,48446.560452
-200.228912,20,48454.436984
-310.663279,22,48465.072766
-168.725548,22,48475.518107
-224.238078,18,48484.782135
-125.346636,20,48492.93148
-282.580094,17,48617.532582
-216.209041,20,48625.850449
-226.846551,18,48632.915606
-252.937447,20,48641.527585
-210.981465,17,48647.960101
-254.729178,19,48655.698831
-183.894059,26,48668.041149
-187.942938,20,48675.994921
-124.8868,15,48682.525171
-266.477906,20,48691.97333
-217.560146,21,48699.73224
-143.244166,25,48709.680764
-231.140518,22,48718.615791
-154.413108,27,48729.43605
-270.447004,28,48741.960089
-222.484404,17,48748.467657
-182.482687,22,48757.36774
-197.413305,19,48765.308169
-123.613951,26,48775.450603
-207.727526,22,48783.770962
-151.895101,15,48791.024757
-220.027179,18,48798.939405
-183.217583,15,48808.0108
-236.410546,18,48815.103479
-155.165051,30,48826.78425
-188.730568,29,48837.946061
-225.263195,19,48845.656034
-175.979833,23,48854.322721
-199.733979,21,48862.839116
-217.101226,25,48873.262564
-254.712354,20,48880.919274
-146.345647,23,48890.862714
-152.622684,21,48899.363017
-198.352942,20,48907.062128
-349.81693,22,48916.501644
-250.263296,33,48929.713453
-178.363695,23,48939.123181
-220.234703,19,48947.580651
-170.895122,17,48954.222784
-227.923991,19,48961.81801
-250.431312,17,48968.408966
-245.396643,21,48977.9145
-158.099885,20,48986.117963
-141.417618,24,48996.267409
-186.261805,27,49007.978653
-277.455455,21,49017.268613
-253.499077,14,49023.173124
-210.118576,20,49031.600543
-250.066234,17,49038.625579
-164.934709,21,49046.945868
-150.109663,27,49057.4455
-294.383059,23,49067.121156
-130.990193,31,49080.1014
-230.637004,18,49089.185969
-210.28231,23,49098.57576
-218.466589,20,49108.098169
-202.913599,22,49117.033624
-116.36194,15,49123.386875
-259.738931,21,49131.645756
-213.479899,26,49141.472965
-160.645722,25,49151.669466
-123.950221,24,49161.678506
-189.875107,22,49171.275014
-154.073974,17,49179.726845
-181.674546,20,49188.128346
-302.30074,20,49196.061824
-144.190343,24,49205.461901
-159.72081,15,49211.675332
-166.656375,21,49220.533758
-178.035216,24,49229.748472
-172.656638,22,49238.066633
-132.187427,21,49248.435442
-174.325692,19,49255.610389
-186.597627,26,49266.816813
-195.270398,21,49277.618227
-152.235111,22,49286.623423
-178.133885,17,49293.075324
-177.94762,16,49298.854762
-144.987639,22,49308.613776
-132.200672,27,49320.774988
-179.649958,22,49329.477252
-239.555292,19,49337.666973
-177.150217,27,49349.210272
-261.632596,12,49353.963645
-212.439297,15,49360.958196
-128.504679,23,49369.661106
-256.298514,18,49376.91721
-185.87449,20,49384.409606
-230.037747,19,49392.646954
-169.037013,26,49404.309858
-190.082031,25,49414.567288
-200.025922,22,49423.219677
-163.914358,28,49435.02316
-196.214019,20,49443.13326
-222.87286,24,49452.078728
-212.589349,17,49459.034857
-205.618387,20,49467.529464
-219.425916,22,49476.637598
-195.379538,20,49486.679473
-190.756117,21,49495.480888
-119.814214,19,49503.491935
-166.251403,24,49514.491289
-130.446932,21,49522.178718
-194.759664,20,49530.025686
-190.696791,23,49539.061675
-191.860652,26,49549.613523
-304.889955,15,49556.911012
-173.416451,19,49565.253783
-229.810272,20,49574.555725
-141.272184,21,49582.786081
-127.940028,24,49594.381387
-228.511355,21,49602.822021
-224.413055,24,49612.583498
-232.758054,25,49624.18052
-215.887734,22,49635.430052
-117.078483,21,49643.339241
-193.870424,21,49652.353642
-240.214386,17,49659.972753
-160.474074,22,49669.201184
-203.716388,22,49677.553788
-286.260525,22,49687.319398
-221.200424,22,49696.031145
-265.109792,13,49703.657967
-221.49874,15,49709.734119
-169.949215,19,49717.28204
-163.470212,22,49725.752313
-182.916889,27,49736.066718
-194.97311,21,49745.342286
-230.309488,14,49750.638325
-198.067552,26,49764.260536
-248.609559,21,49772.60665
-219.753675,23,49782.878082
-291.576188,14,49788.743064
-166.18168,21,49796.848372
-170.898994,22,49805.346472
-183.976024,25,49816.81005
-217.03742,21,49825.196035
-227.34022,19,49833.495676
-174.940658,19,49842.356809
-265.270581,19,49850.090617
-206.359486,19,49856.781277
-233.095139,22,49867.535704
-205.110573,25,49879.040375
-215.303346,23,49888.126657
-257.410207,17,49897.039632
-83.201678,23,49906.556901
-192.593813,28,49920.157729
-123.47187,15,49925.608936
-133.519054,21,49934.294744
-185.23501,22,49942.414929
-155.975355,25,49951.885068
-221.463138,21,49960.852685
-170.732046,29,49972.317363
-241.013226,18,49980.885663
-178.457567,29,49992.935591
-164.994879,21,50001.721645
-148.369332,11,50005.729948
-227.037979,27,50017.103527
-225.579213,20,50025.338861
-187.112025,23,50033.925051
-193.001886,16,50039.966697
-216.111463,22,50049.656936
-194.748298,20,50058.4314
-337.764423,18,50067.216352
-280.809326,17,50074.399392
-238.572922,16,50080.297228
-117.272287,22,50090.80649
-171.011387,18,50098.569245
-113.360472,17,50104.714923
-254.075662,18,50113.142069
-190.404253,18,50120.647742
-171.625235,25,50130.699203
-107.574551,16,50137.001646
-168.674386,22,50145.673014
-201.351184,24,50155.683973
-162.821156,25,50165.813005
-194.142015,24,50176.229785
-232.808688,21,50186.213282
-236.308374,20,50194.655175
-220.510937,24,50204.653937
-145.726744,24,50215.664447
-150.622038,19,50224.853584
-189.75187,15,50231.331197
-206.044925,21,50239.267609
-151.609923,28,50249.39413
-276.771714,19,50258.699713
-140.320357,21,50267.097415
-181.23479,26,50278.595646
-128.23922,28,50289.801717
-202.328026,20,50298.032444
-218.433096,19,50307.372114
-225.53761,19,50315.227664
-251.637296,22,50324.424383
-193.874607,27,50335.836977
-178.878321,20,50344.698984
-235.6843,16,50350.915374
-230.180006,19,50360.599208
-190.567425,22,50369.457877
-145.357776,22,50379.351334
-248.634238,17,50387.331218
-229.342822,21,50395.718702
-209.998333,21,50405.777434
-308.900638,14,50411.731567
-161.039565,23,50421.472353
-354.383152,19,50431.448309
-196.058567,25,50440.727972
-283.263468,16,50448.172004
-165.989635,26,50458.37003
-235.853719,11,50464.463075
-192.204856,23,50474.382782
-223.642104,20,50483.219083
-264.141554,21,50492.095975
-180.471194,22,50500.891064
-188.721318,21,50509.378016
-123.751846,18,50519.454717
-168.324469,24,50528.756229
-232.024612,24,50539.150156
-329.342809,34,50554.573867
-129.835168,21,50562.533393
-224.586942,18,50571.400927
-223.917442,22,50580.750339
-155.535403,22,50589.305264
-155.121223,24,50598.917629
-214.242682,21,50606.829312
-236.579641,21,50615.536043
-206.61557,26,50626.624822
-174.182177,26,50636.443619
-200.092602,18,50643.452275
-170.335681,31,50656.942181
-146.301618,25,50667.398162
-219.734204,21,50675.350108
-182.052699,12,50680.450901
-124.091999,18,50687.852329
-253.990507,21,50696.906528
-127.526156,26,50708.277935
-139.141612,21,50716.728082
-269.630476,11,50721.350013
-326.74618,16,50729.614828
-174.272883,20,50738.30858
-180.132257,20,50747.087043
-214.393925,22,50755.211456
-274.850055,11,50761.479679
-111.343878,22,50769.942304
-145.505464,30,50782.91813
-229.391921,18,50790.72277
-176.840501,31,50802.701058
-199.121103,26,50812.856844
-193.099673,22,50823.741625
-183.697633,20,50831.892438
-235.096798,19,50839.788359
-193.04511,26,50849.665054
-182.829468,27,50862.274697
-237.328514,23,50872.297163
-168.612876,28,50882.767548
-131.994188,23,50891.772925
-144.54366,22,50900.382375
-190.083221,25,50910.487437
-290.36757,22,50918.686383
-169.221063,21,50926.943059
-227.020168,20,50934.214081
-229.621018,22,50943.41414
-118.874294,28,50954.556291
-139.129521,22,50963.121467
-156.043844,22,50972.373794
-295.992246,21,50981.076036
-173.456992,21,50989.907811
-205.820905,18,50996.697057
-210.709039,22,51007.077496
-240.724491,22,51015.147286
-133.237469,19,51023.617726
-252.207895,23,51034.293203
-233.351703,22,51043.409758
-191.794652,27,51054.890639
-240.035781,18,51062.073909
-98.064436,19,51069.657319
-146.432841,22,51077.935364
-108.314644,28,51088.084517
-259.060171,18,51095.027365
-178.43625,21,51103.325593
-213.592114,13,51110.328883
-148.602595,22,51118.948576
-249.382484,18,51125.824576
-234.969778,18,51133.701818
-109.345572,19,51142.252235
-267.051949,13,51147.446968
-174.508471,20,51154.853359
-120.224048,23,51164.602731
-287.951584,21,51173.121593
-236.216392,29,51186.146395
-184.560827,26,51198.561449
-210.799192,21,51208.013013
-170.069265,21,51217.307827
-113.389431,26,51227.967504
-297.462961,20,51237.347519
-200.648561,20,51246.214006
-173.359303,24,51255.568615
-101.062634,24,51264.246173
-307.38257,18,51272.725065
-241.436319,19,51281.104035
-131.328584,30,51295.346886
-222.347884,20,51306.345074
-145.160553,26,51316.32479
-242.792217,23,51326.829795
-108.245025,23,51335.752067
-186.981904,20,51343.648963
-224.333543,24,51354.47439
-230.012076,24,51364.887936
-185.018864,28,51378.109335
-214.616664,25,51387.614639
-154.544872,14,51396.022728
-181.751751,23,51405.142926
-231.251175,20,51413.243546
-178.685981,28,51424.521043
-132.85662,20,51432.35561
-101.698224,12,51437.067755
-221.199416,21,51447.616079
-136.831553,20,51456.546038
-109.944199,21,51465.071089
-299.159381,23,51473.995232
-126.579682,23,51482.828104
-163.077645,20,51492.324964
-112.646623,23,51501.342685
-205.54179,25,51512.888321
-164.792402,26,51524.479031
-264.668557,20,51533.131052
-198.737789,21,51541.209691
-199.535187,23,51551.446264
-149.878168,24,51560.672364
-161.4114,19,51568.529138
-182.213955,24,51578.508529
-251.957272,23,51587.355083
-127.654887,17,51594.975812
-188.640648,32,51610.455561
-286.939029,17,51618.335561
-108.879726,23,51626.973982
-116.07015,19,51634.506764
-194.592649,19,51642.426661
-129.2085,17,51650.017265
-191.283672,27,51661.329031
-243.784236,19,51668.377017
-261.123638,19,51676.962682
-203.31781,17,51685.174632
-142.392657,20,51694.06612
-230.869557,18,51703.044574
-217.336247,16,51711.613465
-222.890588,17,51722.852302
-222.926453,18,51729.64484
-226.37396,21,51738.760468
-103.823209,21,51747.598248
-214.466623,19,51754.827013
-121.856959,21,51762.960723
-250.809818,17,51770.164774
-240.270121,17,51777.550525
-183.737531,20,51785.549228
-238.531517,22,51794.241961
-141.646481,19,51801.709534
-125.762872,21,51810.159715
-224.638317,18,51820.892232
-157.63052,22,51829.293807
-229.832408,22,51839.136324
-353.396119,20,51846.571488
-213.473824,20,51854.882795
-207.316119,26,51865.227131
-279.553882,17,51875.617308
-173.343533,17,51883.6654
-154.265548,27,51894.408746
-264.688244,19,51901.940688
-139.359134,22,51910.631079
-180.426847,23,51920.184759
-117.41377,30,51932.752528
-199.775104,22,51942.03496
-177.716681,20,51950.459294
-339.519003,20,51958.700575
-240.145556,20,51967.542678
-173.020772,22,51975.910588
-233.549762,14,51982.582228
-244.771194,17,51989.376745
-132.332573,18,51997.978424
-174.299582,23,52006.961808
-211.971866,17,52015.710691
-103.93644,26,52026.682836
-214.647402,18,52035.718723
-207.365255,19,52042.493509
-221.998897,27,52053.62475
-196.921578,19,52061.256853
-152.230714,21,52070.944942
-185.001128,20,52078.624772
-237.402753,28,52089.52687
-146.669621,23,52098.185505
-183.952193,19,52106.922712
-147.294778,24,52116.453086
-300.00629,15,52123.293828
-185.103761,28,52264.411797
-112.101174,22,52272.972561
-99.535819,21,52282.161315
-76.07709,25,52293.898044
-244.268346,20,52302.23797
-232.359388,22,52312.374699
-220.37391,18,52320.003594
-94.215179,26,52330.17939
-253.831868,23,52340.577098
-193.326519,22,52350.258274
-166.683528,20,52358.444144
-140.974189,22,52367.25481
-205.774129,24,52376.902102
-158.661888,25,52387.247736
-113.340294,29,52397.97385
-207.764615,19,52406.072724
-244.296132,21,52415.208281
-155.586516,24,52424.448689
-161.676469,21,52433.812732
-177.455166,22,52444.171442
-211.555443,17,52450.688432
-134.037503,19,52458.08971
-163.470008,22,52467.070899
-202.910756,26,52477.941283
-164.850229,23,52486.887904
-163.289063,26,52497.742857
-191.559455,23,52506.603322
-190.301012,17,52513.761102
-167.077738,11,52520.228653
-177.739111,24,52529.437977
-192.708841,25,52539.956366
-188.127665,21,52548.778092
-260.349396,25,52559.159583
-165.641263,21,52567.324715
-118.815425,29,52579.065391
-290.125373,11,52585.046305
-140.340257,25,52594.763312
-140.906191,19,52602.768709
-290.44015,27,52613.843345
-193.080715,21,52623.277451
-234.101036,19,52630.874738
-179.772579,21,52639.351299
-130.857212,15,52645.733697
-137.107106,21,52653.808964
-262.769033,16,52661.434715
-172.707833,22,52670.197904
-188.950814,27,52682.679387
-216.878194,21,52691.120759
-190.744505,27,52702.850689
-296.812136,19,52710.579608
-195.930726,21,52718.421909
-221.110811,17,52725.695174
-316.916083,20,52734.284644
-180.826375,24,52743.806694
-241.536645,17,52749.933844
-220.820716,24,52761.159724
-135.450531,21,52769.497034
-195.396508,20,52777.077231
-130.110737,17,52783.938959
-192.138827,23,52792.733954
-161.532517,22,52801.830315
-130.086255,10,52805.890227
-290.843449,15,52811.845046
-145.468,19,52819.155244
-199.873795,20,52827.127012
-230.689815,18,52834.6317
-187.98917,21,52843.784042
-159.169514,18,52851.333903
-277.853012,15,52857.154658
-158.773133,26,52867.726323
-195.055581,20,52875.314681
-117.723434,22,52884.077494
-209.171581,21,52892.918459
-202.141404,20,52903.106365
-142.759507,26,52913.915943
-217.576013,25,52924.805232
-222.776421,18,52931.806069
-198.319674,27,52942.713351
-224.606803,25,52952.810637
-189.750989,26,52963.381889
-212.635592,22,52972.874941
-222.246739,17,52981.399624
-218.138749,18,52988.593225
-271.08007,19,52996.067216
-222.838783,21,53005.652863
-245.169452,24,53016.419458
-181.55571,19,53023.67869
-165.446332,23,53032.505591
-206.953418,24,53044.468919
-237.382386,21,53053.861304
-155.577369,20,53062.784904
-237.323095,25,53073.27279
-281.7125,12,53078.086422
-186.49232,22,53086.611326
-126.693557,13,53092.183688
-233.41142,24,53103.874423
-175.688116,25,53113.750464
-243.876754,23,53122.950219
-148.846655,19,53130.160861
-128.352318,20,53137.78188
-248.566558,16,53143.893403
-218.501296,23,53153.449606
-225.499211,20,53162.837706
-226.865289,19,53171.135638
-256.037031,22,53179.610692
-286.985071,11,53183.705609
-256.158126,19,53193.875936
-229.597482,21,53202.566567
-230.962152,21,53211.422642
-253.68241,19,53218.849046
-110.34,23,53229.191873
-158.418323,21,53236.955134
-126.169841,24,53247.096131
-123.343652,17,53253.36436
-254.76378,14,53260.923326
-194.154736,23,53270.720018
-254.118074,15,53277.216445
-123.128136,24,53286.815052
-176.154238,19,53294.466727
-260.069919,21,53302.328642
-166.515087,19,53309.643473
-271.089862,19,53317.814676
-316.348668,21,53329.31922
-208.286242,17,53338.296304
-182.092006,21,53346.662169
-214.149609,18,53354.752442
-209.451867,22,53364.199494
-248.504169,15,53369.890766
-181.04894,22,53378.906724
-238.411374,20,53386.997777
-213.149234,17,53394.917112
-201.313348,27,53405.400226
-250.444696,20,53413.990843
-209.751648,19,53422.847948
-230.511346,18,53429.746905
-175.140603,21,53439.058162
-199.7307,20,53447.595596
-161.465768,26,53458.963535
-206.99643,14,53464.665684
-238.576907,21,53474.278477
-295.837526,22,53483.079552
-128.679948,22,53492.300971
-206.989069,22,53501.170506
-142.522129,21,53509.706961
-218.039263,23,53520.953402
-239.007771,20,53528.48543
-218.546951,20,53536.578452
-258.930885,25,53546.316576
-175.877606,23,53556.478622
-151.411312,19,53563.920046
-221.701244,23,53573.135334
-138.804822,19,53580.757391
-220.041867,21,53589.352694
-174.75515,22,53598.957846
-96.210689,29,53610.59665
-186.819798,24,53620.449474
-198.791052,22,53629.570328
-223.588008,18,53637.947551
-161.096748,21,53645.713071
-229.781009,23,53655.378317
-161.787685,26,53665.765737
-215.469998,27,53676.469826
-159.547585,27,53687.450227
-276.364943,23,53695.913851
-114.880822,32,53708.994547
-215.514179,20,53717.256035
-231.312227,16,53725.483575
-225.836843,25,53735.182785
-273.044971,20,53742.894638
-254.367614,15,53749.848401
-159.714382,28,53762.747249
-163.014054,22,53771.656175
-171.709051,21,53779.75123
-225.291134,21,53787.942406
-201.901256,26,53797.734582
-224.282593,25,53810.579219
-249.701793,14,53817.144173
-236.283028,22,53829.187929
-272.676939,16,53837.956895
-254.646805,14,53844.174301
-310.905301,21,53853.686745
-217.56265,18,53860.937868
-196.411353,18,53868.625276
-219.445455,28,53879.544612
-194.913021,21,53888.205174
-158.819986,27,53899.113614
-217.354994,30,53910.707653
-118.948952,17,53918.779489
-151.494181,22,53927.280919
-236.079025,20,53937.750841
-213.047528,20,53945.213378
-122.611471,24,53954.113052
-159.690526,24,53965.316097
-182.323738,21,53975.12125
-235.884513,20,53983.71908
-128.242135,24,53992.63167
-252.064043,19,54001.321321
-261.274763,17,54008.023631
-157.956348,26,54018.616827
-184.280309,23,54028.250226
-248.821288,16,54034.901317
-237.103817,26,54047.521951
-285.106743,21,54056.054951
-118.222473,19,54063.484106
-175.671769,20,54071.175014
-138.994075,20,54079.174387
-183.499311,19,54086.855314
-121.016002,32,54099.500288
-277.409311,17,54108.65489
-166.824962,27,54119.016214
-213.066024,22,54128.609898
-269.836484,12,54134.016836
-280.288324,16,54140.040541
-128.599766,30,54152.986627
-225.894686,19,54162.237274
-231.059291,22,54170.660364
-130.138279,24,54180.552155
-219.75308,21,54189.592045
-192.910286,18,54196.28182
-140.858758,22,54205.69929
-110.683373,21,54214.185467
-261.337545,20,54222.910598
-252.486849,14,54230.795975
-153.898502,29,54241.978917
-203.381016,26,54252.314353
-164.93739,21,54260.227533
-150.353462,31,54273.299576
-89.291465,23,54282.670239
-128.715875,24,54292.165722
-107.824265,21,54300.358525
-208.641276,23,54310.584032
-243.571692,17,54317.833315
-287.98394,27,54328.314294
-260.108565,25,54340.775155
-159.569277,21,54348.592604
-206.44106,20,54356.375906
-139.361724,27,54366.892952
-195.179915,23,54375.864151
-175.485663,27,54387.237006
-221.878315,20,54397.590439
-246.786454,18,54404.767486
-206.925453,14,54413.146913
-210.975596,26,54423.514674
-91.789424,31,54435.558443
-153.038523,19,54443.226796
-222.978033,19,54452.529354
-175.355933,25,54462.902894
-211.458156,25,54473.05635
-117.966796,23,54482.904742
-108.756465,28,54495.058656
-152.757862,27,54507.53766
-193.521313,20,54516.423039
-203.0064,21,54524.843034
-150.886627,32,54538.076444
-129.808481,21,54547.772872
-178.329059,29,54559.112702
-255.065279,24,54567.752487
-178.158324,23,54578.405478
-166.107682,24,54588.603693
-159.314275,25,54597.806076
-141.480429,23,54607.440652
-177.052141,20,54616.764479
-120.194716,22,54625.098645
-266.087854,22,54634.746345
-147.560767,22,54644.374477
-166.754679,22,54654.504215
-130.179524,20,54663.321293
-147.050946,29,54674.592752
-133.232065,27,54685.367355
-128.981228,23,54693.933316
-228.8385,17,54700.693238
-214.074136,23,54709.991319
-211.924634,17,54716.76333
-200.957951,20,54724.619527
-192.191989,21,54732.867314
-166.974907,24,54742.139594
-207.75206,11,54747.238559
-192.850047,24,54757.996144
-263.930253,21,54767.532719
-228.979425,24,54776.915202
-256.964971,24,54788.182493
-205.24972,23,54797.193717
-163.403005,24,54806.279636
-169.077225,26,54817.117709
-193.793989,16,54825.827031
-178.556217,19,54833.299228
-172.553843,22,54842.001717
-120.664818,20,54849.530301
-187.7254,18,54857.124701
-250.943459,22,54866.502428
-176.761697,28,54877.931756
-186.211576,23,54886.995969
-221.734885,24,54898.64799
-104.581869,26,54909.696852
-152.958541,27,54920.593878
-126.053355,18,54928.015353
-114.956878,25,54938.869555
-189.400049,23,54947.849074
-210.432636,20,54956.402649
-157.383204,23,54964.728713
-163.540975,21,54972.980994
-203.466394,20,54981.382255
-196.82645,20,54989.051075
-149.031657,20,54997.476357
-118.315163,22,55006.116352
-182.506705,23,55015.0825
-170.920761,22,55025.616364
-162.26573,24,55034.679487
-176.607647,31,55046.548293
-167.875777,13,55051.117654
-229.082093,22,55060.102566
-87.806232,27,55070.765609
-171.750327,20,55078.77195
-149.847413,21,55086.87078
-194.621161,21,55094.723938
-242.453688,13,55102.691979
-109.114947,14,55110.348937
-168.30542,24,55119.742068
-130.015785,13,55126.361143
-188.81051,20,55135.503866
-89.917291,25,55145.068368
-202.68415,21,55153.682072
-215.248112,25,55163.482016
-131.41428,32,55177.685934
-145.875255,26,55188.085727
-133.493878,28,55201.115694
-289.818918,22,55210.8369
-223.546573,18,55218.338033
-176.215931,28,55229.426123
-209.864971,19,55237.687871
-236.138637,23,55247.095465
-197.672948,20,55255.889702
-132.973888,28,55267.088597
-237.16095,24,55276.208708
-137.620156,24,55287.509268
-111.023372,22,55295.877446
-141.310533,14,55302.021567
-242.895931,12,55306.725476
-124.435505,14,55312.561785
-188.357999,22,55320.752512
-175.681941,28,55332.024154
-272.244407,19,55339.73615
-204.096183,23,55349.238162
-347.717812,33,55362.069027
-259.055415,19,55373.792141
-149.301485,26,55383.842919
-267.910106,14,55390.738988
-283.297979,22,55399.689686
-165.41738,24,55409.041417
-182.484299,23,55419.051977
-144.325639,24,55428.701349
-257.374095,16,55435.066458
-182.2636,23,55444.739335
-249.368657,19,55452.322959
-249.312286,22,55460.42405
-168.838375,26,55471.113232
-218.945861,26,55481.194803
-163.476519,29,55492.819168
-275.835404,12,55499.860799
-185.900471,14,55505.931733
-138.147673,26,55515.971372
-166.072423,20,55524.65331
-196.227162,26,55535.629786
-167.141679,25,55546.699303
-250.433874,18,55553.517262
-123.521842,24,55562.879574
-152.993184,35,55576.349656
-174.718543,25,55587.008831
-119.114089,31,55598.36648
-225.93306,18,55607.106477
-191.495936,22,55615.973682
-184.958263,25,55628.052605
-160.058724,30,55640.148931
-271.045362,22,55648.816437
-132.623597,29,55659.123248
-218.021778,21,55667.386304
-152.550702,24,55677.073488
-177.877833,25,55686.976312
-135.265038,26,55696.832611
-217.440243,20,55705.024975
-160.835561,25,55715.495896
-201.232225,24,55724.336809
-137.699365,24,55733.880977
-215.510724,12,55740.03369
-291.522659,14,55877.768167
-145.496666,22,55886.192853
-203.22211,21,55895.094228
-301.88889,19,55902.744421
-167.439812,26,55912.598459
-258.8928,20,55922.764414
-144.953873,21,55932.171113
-163.434329,30,55944.152219
-187.967087,23,55953.28442
-129.450615,14,55959.390731
-107.25563,34,55973.223788
-170.341577,23,55982.413448
-139.834366,28,55994.452116
-224.290193,23,56005.347352
-123.751615,19,56013.470468
-202.647005,14,56018.761647
-181.23256,24,56028.305755
-226.327881,16,56036.028855
-171.475896,18,56043.801245
-184.16258,20,56052.392789
-108.226414,18,56059.6413
-119.83813,26,56069.643646
-137.755184,20,56077.716227
-158.296895,25,56087.52402
-184.193367,24,56097.156717
-193.365239,24,56107.941884
-212.741293,23,56116.714257
-118.640532,24,56125.960466
-153.457379,18,56133.360993
-195.773841,21,56141.311969
-182.318128,22,56150.368708
-95.784468,23,56159.855454
-165.220051,19,56167.491693
-137.662002,22,56176.663207
-143.018408,22,56186.189991
-200.686938,22,56195.104517
-132.551467,28,56205.194472
-217.150104,21,56213.461855
-171.908757,23,56223.447529
-212.26904,24,56232.840002
-226.872409,26,56243.665822
-157.167086,27,56253.692842
-149.829001,27,56264.218645
-114.811304,27,56274.851092
-211.356322,13,56281.883553
-167.547205,20,56290.983193
-201.911965,23,56301.601521
-239.466262,18,56309.892879
-253.179202,18,56316.742097
-217.167289,20,56326.499742
-98.569033,22,56335.099395
-173.756159,28,56346.208802
-121.24855,31,56358.561189
-151.017275,23,56367.521117
-132.132089,26,56377.880837
-219.698211,23,56388.434618
-173.872234,27,56398.899905
-260.392773,21,56407.359389
-261.935039,22,56416.127287
-123.944034,25,56426.269968
-180.971449,27,56436.883414
-228.161936,20,56445.199493
-182.719679,25,56454.738796
-117.786903,26,56464.959348
-272.955948,24,56476.111409
-181.333316,23,56484.828731
-186.704395,15,56491.285309
-249.928553,19,56498.796689
-193.310228,21,56507.358931
-211.388141,20,56515.877835
-230.40632,18,56523.671205
-135.102771,23,56532.929378
-176.80582,26,56543.103143
-191.027833,23,56552.930638
-235.582397,23,56562.136135
-136.744304,30,56575.306208
-103.911039,15,56581.32786
-168.802721,24,56590.95064
-250.631528,27,56601.413274
-245.473126,16,56607.764667
-193.473715,23,56616.038767
-212.107006,20,56624.947769
-286.49659,13,56630.21969
-139.393334,29,56642.365616
-169.346481,22,56652.048629
-345.627574,19,56658.970706
-108.181907,27,56669.8476
-223.476534,23,56679.376018
-157.070015,15,56685.59359
-90.850726,26,56695.924707
-152.787304,21,56703.923488
-276.57783,30,56715.994619
-181.112258,24,56725.114625
-144.751756,23,56734.291855
-150.04716,27,56745.240077
-134.642638,33,56758.021245
-318.71364,21,56766.951788
-174.14042,28,56778.378721
-227.198844,24,56788.259894
-224.803824,22,56797.027487
-225.391851,15,56804.296919
-212.301162,24,56814.220001
-173.535257,20,56821.963674
-144.146635,24,56831.525229
-233.068432,25,56842.093731
-163.071866,24,56852.124791
-154.617236,13,56857.245309
-113.865062,29,56868.879213
-166.322446,12,56873.630119
-115.067038,20,56883.503386
-288.03684,21,56893.045656
-251.611331,16,56899.331011
-171.077538,22,56908.131913
-108.893217,23,56918.749271
-220.713831,15,56925.792736
-204.824555,16,56935.385166
-159.590908,27,56946.197984
-142.37556,27,56956.501138
-149.598371,28,56968.079202
-87.900199,22,56976.564792
-245.376162,21,56985.421438
-189.291715,25,56995.988959
-267.542983,16,57002.229467
-190.10116,22,57011.555926
-122.655938,26,57021.597925
-216.960604,21,57030.168598
-122.122967,24,57040.131814
-199.952105,24,57049.159507
-218.019076,27,57060.129663
-242.863717,20,57067.816707
-197.648489,21,57076.563806
-164.141874,25,57087.118028
-135.102261,23,57095.995798
-187.61691,26,57106.204869
-223.724832,27,57117.018142
-187.291949,25,57127.425772
-131.945326,23,57136.446118
-168.67,26,57146.591425
-193.994916,10,57152.464541
-251.671616,11,57158.594132
-177.045132,23,57167.711754
-263.748784,17,57174.432189
-200.994363,27,57185.298255
-165.123517,23,57194.805197
-144.20669,31,57207.196175
-189.522846,24,57218.339613
-204.915929,24,57230.258931
-241.490959,19,57237.994411
-182.706252,24,57247.336739
-234.076578,17,57253.532182
-216.131062,23,57262.267014
-250.224236,21,57270.77173
-183.517884,23,57280.54888
-281.034429,13,57285.743446
-237.93902,19,57293.629901
-241.604407,25,57305.04505
-206.820009,19,57313.164192
-196.086466,17,57322.245817
-170.427995,23,57331.714015
-242.893231,19,57340.272672
-181.682236,22,57349.186971
-224.95035,22,57358.974423
-143.039548,26,57369.5876
-173.94591,24,57379.697237
-147.165738,21,57387.37345
-185.760177,17,57394.822607
-182.803934,21,57403.154657
-216.897092,22,57413.10619
-237.767202,25,57423.462394
-110.717271,19,57430.896309
-202.526248,25,57440.74349
-156.501899,21,57449.09429
-188.01667,22,57458.232924
-200.65888,23,57468.37753
-180.469215,20,57477.124626
-266.252486,19,57485.730307
-231.716266,23,57494.641547
-224.208321,22,57503.126101
-221.321295,20,57512.627587
-98.861821,20,57520.034311
-257.332677,26,57531.366354
-213.196981,25,57541.116683
-149.710611,15,57548.335391
-202.895483,21,57556.131073
-169.496941,23,57565.224401
-312.403556,16,57573.422261
-173.132085,29,57586.626781
-105.319165,21,57595.018844
-246.342334,21,57603.1622
-97.793035,21,57611.33377
-190.595727,23,57621.505084
-124.250269,21,57629.959384
-102.159624,31,57643.663624
-98.635515,22,57652.021838
-183.39436,22,57661.848261
-179.932053,22,57670.881308
-220.325636,28,57683.215452
-112.388202,13,57688.524114
-252.055355,18,57695.629155
-149.839296,24,57705.247288
-108.970092,26,57715.529017
-131.573798,28,57727.541884
-242.865053,14,57732.618454
-207.93808,22,57742.391822
-215.728209,20,57750.346041
-202.172413,25,57761.633949
-191.448015,26,57772.677565
-274.067877,13,57778.024738
-280.025102,19,57785.471557
-189.957848,26,57795.305894
-312.737069,15,57800.887411
-229.062062,20,57809.520017
-228.849877,21,57818.248904
-150.314369,24,57828.782895
-148.068126,23,57837.925417
-211.241091,20,57846.717555
-215.834033,22,57855.122632
-171.833205,26,57864.908047
-174.896447,23,57878.318176
-176.87785,24,57887.893397
-153.148767,30,57900.060098
-187.324115,19,57907.288014
-203.096068,23,57916.132468
-100.710992,24,57925.918948
-164.599831,24,57935.230151
-116.075701,25,57945.492903
-203.685285,21,57952.745341
-204.585671,22,57961.841802
-246.827202,16,57967.923128
-251.14874,26,57978.486085
-146.385647,23,57988.713128
-275.521051,20,57996.557731
-229.224662,18,58004.148592
-229.077592,14,58010.699103
-123.997962,26,58022.254221
-108.802551,17,58029.007571
-191.946825,31,58041.94385
-152.303857,20,58049.611687
-149.242999,22,58059.041716
-217.883697,22,58068.651362
-97.364285,18,58080.157794
-170.657714,18,58087.374528
-325.666443,16,58094.767901
-214.576545,27,58105.418802
-142.398338,35,58120.609654
-209.325205,25,58130.481035
-184.719401,22,58137.866461
-183.16664,25,58149.137073
-211.977917,20,58160.800889
-185.633274,20,58173.084095
-203.945831,24,58186.403808
-121.376101,34,58199.653187
-109.93313,13,58205.640364
-137.986767,32,58218.468646
-99.234348,27,58228.857415
-228.838116,19,58236.999384
-292.695007,19,58244.941504
-224.84045,23,58253.946854
-265.942702,20,58261.43841
-164.114098,32,58273.616339
-85.435808,28,58284.437507
-126.25329,29,58295.873894
-186.983871,22,58303.594308
-224.768597,21,58314.37242
-207.068632,21,58322.782203
-223.774878,16,58329.109321
-105.007166,24,58338.302993
-145.412963,17,58345.556315
-210.19673,33,58358.059591
-193.713906,23,58367.673808
-212.853631,23,58376.90578
-130.534359,10,58380.68722
-164.240813,26,58392.544076
-193.711781,23,58401.839326
-213.297044,19,58409.500068
-163.816168,27,58420.59098
-266.095056,25,58430.649444
-116.200895,28,58444.608538
-111.304551,26,58454.2828
-135.051517,30,58465.854275
-192.563089,19,58474.255527
-168.799286,22,58483.336116
-204.338095,25,58493.270729
-186.921305,22,58502.013123
-254.310955,16,58509.454153
-110.152864,27,58522.36502
-198.211872,25,58532.172221
-93.070791,26,58542.611133
-214.221229,22,58550.714989
-143.743848,24,58564.070785
-195.638919,18,58571.709532
-172.486984,22,58582.186192
-110.556354,23,58591.250911
-167.121623,23,58599.892338
-153.066576,25,58610.110037
-131.621539,23,58619.121791
-362.590739,22,58628.122348
-155.807417,15,58633.379787
-188.184053,22,58642.160869
-131.077483,24,58652.147451
-254.10291,18,58659.999155
-115.940436,22,58668.768283
-135.045408,26,58680.163545
-179.097002,21,58688.013317
-115.147469,25,58698.628778
-162.025829,18,58704.744289
-294.028299,11,58709.813462
-310.7654,9,58713.826989
-199.24685,23,58725.341921
-167.920094,28,58736.063025
-146.599686,30,58748.009543
-200.177829,21,58756.482044
-168.773617,22,58765.9149
-282.122632,19,58773.556595
-186.978554,25,58784.372115
-192.236785,20,58793.59843
-125.891576,33,58807.15008
-210.506195,19,58814.51954
-273.070019,17,58821.940557
-250.865857,16,58827.791229
-337.642348,18,58835.848416
-180.760067,26,58845.98153
-116.153973,15,58851.863612
-197.289309,22,58860.73715
-171.612791,24,58869.607469
-181.264531,26,58880.750672
-247.96591,22,58889.324823
-215.707697,31,58901.49297
-283.850295,18,58908.520473
-239.398373,20,58918.876186
-201.078449,18,58927.53129
-157.380927,24,58936.336657
-183.971401,21,58944.714588
-247.791506,20,58952.874432
-190.090683,22,58961.833499
-186.225732,29,58973.627385
-216.34616,19,58981.934368
-197.000534,23,58990.974692
-129.383646,18,58997.862123
-141.845966,27,59009.081903
-152.261492,32,59021.890175
-116.450471,25,59032.619451
-167.3687,27,59043.412283
-81.673281,27,59053.745855
-202.132745,22,59062.834259
-160.978132,24,59072.840207
-201.874382,19,59079.742425
-207.568166,21,59088.567115
-226.189257,22,59097.079593
-154.632695,22,59106.420682
-198.286229,21,59114.892249
-216.051457,21,59123.695799
-252.279318,26,59133.992671
-133.738721,19,59142.408839
-190.21171,17,59149.991317
-131.911276,21,59158.633187
-121.967608,30,59170.072434
-239.126503,22,59178.983589
-186.584387,25,59190.507633
-181.057368,22,59198.84296
-164.719988,22,59207.312628
-99.993363,22,59215.060016
-196.068142,18,59222.646501
-153.968111,20,59231.789874
-106.004318,20,59239.113808
-91.003116,26,59249.754956
-226.893185,20,59257.408952
-148.127749,19,59265.271352
-171.514398,25,59275.190165
-224.430869,24,59284.97196
-87.038814,25,59296.2172
-255.949137,17,59303.009828
-221.564465,18,59311.097958
-170.150786,30,59466.648343
-222.112419,13,59472.245582
-183.763605,27,59483.881639
-155.720335,22,59492.384696
-235.27872,19,59499.784169
-188.210772,23,59508.885659
-169.01212,21,59517.061101
-200.521718,23,59526.260035
-159.290005,21,59534.056069
-151.996333,29,59545.90355
-123.978823,24,59556.882502
-182.063765,26,59567.351592
-176.878727,24,59576.190737
-141.204994,28,59587.248169
-249.466622,18,59594.960967
-104.363389,23,59604.13714
-217.060034,20,59613.672238
-112.29369,30,59625.306176
-196.840668,19,59632.756639
-232.058098,12,59638.510439
-170.620883,20,59646.249847
-196.211521,24,59654.879632
-196.91451,19,59662.256299
-164.142655,23,59671.077701
-178.491444,23,59682.358892
-240.810776,17,59689.726505
-142.60604,27,59700.540826
-136.062178,27,59713.077095
-130.738707,29,59724.500325
-204.326763,11,59728.618616
-155.568886,10,59735.493678
-152.732411,34,59748.895015
-188.961563,21,59757.602039
-199.350209,21,59768.539833
-101.792419,23,59778.07943
-133.620409,21,59786.707731
-206.359394,19,59795.294297
-192.669729,19,59802.854255
-129.490104,24,59812.718971
-240.683046,18,59820.025611
-202.689497,17,59829.229984
-200.73251,20,59837.131928
-267.920224,22,59846.44945
-162.613381,22,59855.073135
-251.91203,26,59865.40622
-195.394804,22,59873.66273
-195.366952,17,59880.430615
-123.376015,23,59890.18994
-142.618472,30,59902.164438
-139.791997,27,59913.063388
-261.416461,16,59918.858983
-224.624686,21,59927.479971
-217.992011,21,59937.10695
-164.085442,25,59947.48561
-207.33456,19,59956.452671
-143.10716,23,59964.880264
-278.327328,20,59972.4482
-189.815738,17,59980.742704
-166.271808,19,59988.481968
-151.183524,32,60001.090508
-167.474269,37,60016.120779
-226.786428,18,60023.24035
-148.119487,22,60031.849571
-143.671929,26,60043.477652
-113.706432,21,60051.66337
-183.859512,24,60062.971443
-268.928422,15,60069.044684
-180.479548,24,60078.780355
-173.473862,25,60088.939618
-223.008015,23,60097.661442
-195.230174,22,60106.011177
-258.630262,14,60113.291237
-138.556766,21,60122.262333
-151.016411,23,60131.982132
-208.073058,24,60141.265716
-117.407805,32,60153.916816
-124.854055,20,60162.741782
-252.692193,16,60170.949929
-181.327521,21,60182.031733
-277.433073,10,60186.790534
-198.268026,23,60196.420392
-144.863693,15,60204.736954
-202.529322,13,60209.813659
-129.957402,25,60219.850649
-173.27574,15,60226.371426
-152.857767,26,60236.693704
-115.335183,22,60245.300915
-158.280519,27,60254.508615
-222.654253,18,60262.070402
-131.454455,29,60272.90361
-230.293536,21,60281.372279
-232.910054,20,60290.276773
-184.07957,28,60300.961798
-248.027371,20,60308.666509
-198.424196,19,60317.837045
-166.833125,24,60327.672374
-140.17422,27,60338.403723
-187.156801,21,60347.793417
-197.246009,23,60358.346005
-242.701046,20,60366.461815
-175.789839,24,60377.119287
-197.532013,20,60386.647236
-118.832272,27,60396.822415
-168.796571,25,60407.296715
-152.261313,28,60417.997699
-101.869692,16,60424.796252
-225.203867,18,60431.328085
-253.195581,9,60435.488667
-143.000616,26,60445.572717
-104.723875,24,60455.185531
-84.364672,32,60467.767599
-157.999369,27,60478.09227
-136.244707,20,60486.282893
-93.433327,19,60493.912835
-121.377159,26,60504.782758
-308.149916,19,60512.647835
-192.801925,21,60520.875346
-202.000251,17,60530.029116
-151.170969,25,60540.830246
-126.282261,23,60550.052153
-118.926743,19,60558.574705
-89.580932,26,60569.038956
-210.089028,19,60576.492165
-156.427988,21,60584.69102
-204.954039,28,60595.740644
-302.045293,23,60604.764981
-141.470202,27,60615.815343
-186.71893,20,60623.695076
-124.669354,18,60631.073009
-149.740436,14,60637.092295
-217.646217,25,60649.979895
-167.455612,21,60658.452209
-116.511057,24,60667.73969
-176.214534,21,60676.918262
-240.108778,25,60686.726796
-191.898274,19,60694.972651
-100.034212,24,60705.684219
-223.166678,21,60714.712862
-167.340159,21,60723.299404
-105.508725,30,60734.596624
-123.060423,19,60742.173507
-188.43653,20,60749.958907
-180.17173,20,60758.530284
-96.703393,25,60768.370527
-126.662721,25,60779.41078
-132.0878,22,60787.696141
-106.591772,20,60795.381011
-179.767725,25,60805.447218
-110.86659,25,60814.895083
-179.121184,31,60827.205452
-189.088225,18,60834.692295
-286.898403,13,60841.353167
-166.118054,24,60850.963096
-286.329653,14,60856.391138
-213.982452,22,60866.587392
-229.612007,21,60876.792936
-118.157572,27,60887.508878
-226.013917,20,60895.421112
-186.720201,23,60904.63932
-218.778974,24,60914.113432
-291.637384,23,60924.860432
-313.691731,21,60933.2791
-180.264023,18,60940.843181
-214.033143,20,60951.489036
-232.761812,26,60960.900851
-171.587096,23,60970.385803
-212.696052,20,60978.801458
-268.667223,23,60987.594574
-187.215634,21,60995.903256
-222.302264,21,61003.394276
-165.885003,21,61012.344553
-185.315567,21,61021.669898
-110.872826,19,61029.509865
-209.78263,19,61037.088379
-198.218733,24,61047.33989
-252.444445,23,61058.654992
-178.54549,24,61068.05048
-186.334853,24,61077.575835
-196.90215,20,61085.894767
-174.122522,23,61094.752793
-243.776759,22,61103.378882
-212.096937,20,61111.356586
-214.104884,20,61119.302509
-116.665703,20,61127.609916
-134.477599,23,61136.758346
-123.884921,26,61147.019221
-278.449104,18,61155.085804
-292.211893,15,61160.199935
-136.366644,19,61167.910406
-166.126759,16,61177.470398
-200.007746,22,61187.828881
-147.884959,22,61196.101165
-204.604741,20,61203.749678
-113.919471,10,61208.000286
-172.142006,25,61216.963054
-216.843008,21,61225.782874
-143.041776,26,61236.12519
-125.642763,25,61245.701865
-135.206601,24,61255.74624
-198.262038,25,61265.291744
-104.349273,35,61279.484308
-143.627151,28,61290.636808
-128.14423,31,61303.234877
-253.041822,13,61308.908423
-148.179313,28,61320.514259
-164.183831,21,61329.942672
-117.668818,28,61340.671359
-213.341123,24,61350.851997
-222.004671,20,61358.631576
-137.381495,25,61368.153223
-171.206462,29,61380.837443
-167.183627,19,61389.229938
-162.755444,33,61403.23551
-197.396211,20,61411.429298
-134.554714,23,61420.348912
-197.786068,19,61430.277757
-176.351644,27,61440.333057
-218.216476,23,61449.660898
-121.118633,22,61458.436512
-155.775434,33,61471.646183
-210.796268,21,61480.094125
-97.996614,24,61489.438461
-157.621938,23,61498.197261
-135.781493,31,61510.202178
-216.018588,23,61520.938417
-142.94236,23,61530.183933
-211.501375,21,61538.289312
-275.189608,23,61547.747494
-134.77809,25,61557.289307
-155.111719,23,61566.185699
-240.713989,19,61573.937838
-183.664778,23,61583.57031
-285.403916,19,61591.284171
-176.901746,26,61601.313948
-152.477602,27,61613.365893
-141.719476,26,61624.053175
-117.118735,25,61633.624959
-160.64064,29,61645.587761
-151.595326,23,61655.599726
-161.721965,25,61665.50181
-214.755816,20,61673.532956
-102.221482,24,61683.815358
-288.346152,12,61688.254418
-212.507948,20,61696.288965
-209.800703,26,61706.758621
-220.536944,19,61714.693326
-213.374801,23,61724.100012
-140.98706,21,61732.767657
-141.296394,25,61742.412106
-259.16562,30,61756.123134
-177.123713,16,61762.099457
-184.70393,24,61772.444949
-193.644642,21,61780.089962
-230.294983,13,61786.155278
-137.369642,23,61795.484584
-223.522513,29,61807.389982
-229.905961,17,61814.02937
-68.741878,26,61824.471004
-118.691612,28,61835.224633
-212.030692,22,61843.685051
-191.439712,18,61851.875115
-159.241382,25,61862.275578
-219.386428,31,61874.55867
-240.588284,18,61882.968853
-108.436396,23,61892.144507
-154.05219,25,61902.061012
-221.157034,21,61910.334696
-123.373261,22,61919.057282
-120.756847,17,61927.779114
-160.263115,25,61937.013293
-176.911118,20,61945.364593
-162.874245,17,61952.358577
-181.019924,19,61959.784237
-169.612301,25,61971.073318
-194.182626,23,61980.296098
-157.003585,29,61991.498481
-146.491524,22,62000.13428
-212.29308,17,62008.547545
-204.202741,20,62016.628865
-176.845569,18,62023.881288
-176.319904,28,62034.860335
-272.641161,16,62042.444269
-109.941989,26,62052.018834
-246.065813,13,62056.282776
-219.436742,23,62065.530498
-218.21194,13,62071.113328
-202.923333,22,62079.427485
-140.077347,24,62090.441659
-216.456357,22,62099.077267
-245.693367,19,62107.813242
-175.643526,26,62117.911909
-273.054586,23,62126.992971
-249.19723,21,62135.424066
-123.509623,25,62145.975205
-153.203758,22,62154.608531
-238.269092,24,62165.38748
-149.597682,22,62175.803965
-107.722346,25,62185.322913
-97.295788,18,62193.535142
-102.999158,29,62204.662666
-285.956877,18,62212.266169
-89.641225,31,62222.24559
-168.632574,26,62232.268831
-203.260776,18,62241.530977
-230.407655,19,62249.945854
-121.744585,17,62256.13171
-241.461516,24,62265.602126
-235.201305,13,62271.304583
-112.089182,25,62281.59152
-179.853383,27,62292.211747
-173.309474,26,62303.424913
-230.532107,20,62310.910078
-204.234912,20,62318.689285
-183.227673,21,62328.255231
-165.154371,19,62335.375568
-170.04782,21,62343.591622
-272.24029,16,62349.533556
-180.00882,22,62359.400394
-210.097978,22,62368.212561
-162.836194,26,62378.820586
-245.4495,20,62386.828815
-251.574942,22,62395.958362
-171.000621,23,62405.245477
-150.696348,26,62415.866123
-276.231848,15,62422.560701
-153.727758,27,62433.546419
-207.242259,20,62441.731075
-191.838738,21,62450.927483
-197.777346,19,62458.489533
-184.004055,22,62467.125024
-197.849042,22,62475.409589
-234.555365,23,62484.953626
-152.415861,26,62495.758828
-284.64807,16,62502.36131
-209.729267,21,62511.025542
-167.418165,20,62520.319859
-192.262608,25,62530.051575
-181.95473,28,62543.398026
-123.745454,24,62552.95582
-143.782166,22,62561.2162
-108.503909,30,62572.875728
-257.399764,21,62582.998735
-159.280768,24,62592.035768
-80.925195,29,62603.103261
-232.769041,24,62612.477229
-130.860091,22,62620.779871
-198.866765,21,62630.697766
-229.953654,17,62638.336724
-180.404088,21,62646.998899
-122.293916,19,62653.658573
-162.294469,24,62662.805832
-113.068149,25,62673.26205
-201.872769,25,62682.842844
-164.021661,20,62692.046056
-274.309613,19,62700.931873
-203.1335,21,62709.294658
-155.001391,24,62720.090343
-218.916172,23,62728.887771
-164.928264,22,62737.534625
-150.375524,19,62744.779037
-239.490145,26,62755.289233
-136.711811,26,62765.613618
-167.948621,23,62774.984431
-172.634651,29,62786.336418
-228.311485,26,62797.708345
-166.007901,29,62810.128536
-200.156109,18,62817.463564
-113.545587,24,62828.734221
-109.662477,22,62837.59066
-245.014509,18,62845.126005
-125.710509,36,62860.310292
-180.559452,28,62872.892525
-248.627045,21,62881.209084
-113.748876,24,62890.034658
-158.132696,26,63051.15757
-281.429002,22,63059.996
-266.065323,18,63067.396845
-250.821499,13,63073.234458
-113.094465,24,63083.289771
-195.835036,29,63094.953745
-145.852887,25,63104.921361
-171.198869,24,63114.276393
-185.901297,21,63123.458966
-229.423944,19,63130.984502
-297.570102,23,63139.797163
-113.222326,31,63151.646722
-218.43244,22,63160.434053
-167.178592,25,63170.650032
-176.79255,24,63180.407345
-106.16006,19,63187.302243
-205.073865,18,63194.745058
-161.52825,18,63201.95081
-103.515636,25,63211.820811
-89.576012,24,63221.241442
-179.781611,26,63231.025719
-228.140132,18,63237.813117
-208.868796,34,63251.419231
-104.946474,26,63261.060966
-289.58075,22,63270.064105
-252.90191,16,63277.522689
-200.401385,27,63290.838423
-149.477326,23,63299.55144
-181.094028,27,63309.656698
-131.112902,21,63317.70669
-147.439375,23,63326.547567
-172.543475,21,63334.975628
-284.019414,21,63343.365716
-136.54723,27,63354.635416
-117.237098,21,63363.090304
-183.270801,20,63371.58103
-183.311819,31,63383.195042
-139.677319,31,63395.73609
-202.675296,21,63404.476235
-210.386699,27,63414.919932
-163.106762,26,63425.85147
-159.608669,32,63438.630017
-182.514155,19,63446.006574
-217.970327,22,63454.627149
-148.83938,24,63464.428404
-176.750348,24,63473.480509
-218.612547,28,63484.945936
-150.745798,28,63496.225001
-242.197036,21,63504.220916
-127.250261,29,63515.083757
-210.628608,25,63526.152233
-231.815997,23,63535.666086
-221.848182,27,63546.310057
-182.482957,26,63555.774055
-152.93997,25,63566.127742
-227.048123,19,63574.384195
-103.811899,21,63582.803102
-112.555635,31,63594.542869
-243.378747,18,63601.744751
-192.135403,21,63609.293783
-151.355505,25,63619.821152
-213.654569,23,63628.933597
-211.311235,29,63640.50086
-281.403492,19,63648.07369
-153.703411,19,63655.882557
-102.170787,11,63660.328747
-111.349521,25,63670.264175
-110.568912,11,63674.03916
-262.057337,17,63681.474689
-194.859189,28,63692.791968
-148.890782,28,63704.069542
-286.482052,20,63712.312862
-227.093547,19,63719.757059
-125.783232,27,63730.511311
-161.837844,32,63744.386435
-148.832468,27,63755.38391
-212.508703,22,63763.793576
-93.296065,33,63776.770628
-202.125715,25,63787.457473
-161.553569,13,63792.43039
-230.507154,23,63802.928883
-161.831448,21,63811.880966
-220.773892,27,63822.062347
-132.247342,19,63830.244644
-188.981444,20,63837.791569
-135.544697,29,63848.781984
-130.410581,27,63858.071188
-143.628218,16,63866.383212
-234.092504,18,63874.105357
-266.466091,24,63883.145594
-232.350217,21,63891.337744
-138.166278,21,63900.084872
-184.824161,25,63909.94796
-195.541323,26,63920.129301
-184.416431,30,63932.054394
-136.014027,24,63941.170352
-111.466701,23,63950.782892
-175.448253,23,63960.451606
-161.242716,24,63970.081915
-222.899209,23,63980.002446
-311.320052,19,63989.717039
-90.26388,30,64000.485767
-109.875938,28,64011.535398
-169.03155,25,64020.988417
-243.735603,22,64029.474982
-297.432209,24,64039.379887
-175.173272,15,64045.218215
-122.061855,23,64054.478669
-149.121303,24,64064.603471
-282.892312,16,64072.286404
-138.29118,21,64082.583805
-237.578203,21,64092.01985
-84.571807,25,64101.76664
-149.354113,21,64110.30938
-172.879277,22,64120.745068
-153.35147,28,64131.859927
-215.992872,20,64140.504729
-212.094456,22,64151.014129
-120.895361,27,64162.171364
-154.384725,28,64173.626129
-156.228274,25,64183.837357
-199.534707,17,64190.868789
-194.816709,27,64202.156767
-85.766718,27,64213.391737
-125.368566,28,64224.324759
-87.067609,26,64234.719715
-198.285622,23,64245.091708
-145.189923,24,64254.11686
-237.53229,22,64262.650032
-244.514129,21,64270.760259
-123.412258,27,64281.294707
-130.236921,29,64292.808601
-113.087859,35,64306.469408
-215.466099,23,64315.3366
-112.516455,23,64325.328711
-126.009025,38,64339.512031
-104.709075,21,64347.721779
-195.901341,19,64355.668525
-138.736383,28,64367.684014
-157.093119,27,64378.749942
-184.981953,26,64388.740061
-198.788093,24,64399.296045
-154.696786,24,64408.313715
-226.054028,20,64417.478619
-119.60632,23,64427.972572
-139.283742,25,64437.886867
-265.076474,26,64448.000429
-232.650157,15,64456.520221
-170.538262,24,64465.7852
-228.730912,22,64476.666779
-215.562986,21,64484.598197
-161.606273,23,64493.994471
-118.152194,23,64503.091174
-218.392646,25,64512.745051
-219.824057,27,64523.601152
-174.947048,21,64532.41632
-135.098059,23,64541.704373
-207.147661,24,64552.572934
-70.720649,34,64567.05813
-198.403606,27,64578.23347
-143.886322,27,64588.097415
-93.18169,16,64594.511643
-177.9345,22,64603.411324
-165.007636,24,64613.399254
-200.590822,21,64621.612228
-218.407581,31,64633.547526
-190.615685,32,64647.732022
-164.069629,25,64660.252664
-204.217243,23,64669.692545
-98.631856,20,64677.529891
-157.563039,32,64690.668756
-139.447122,27,64702.307812
-220.333397,21,64710.647931
-126.978068,24,64719.842533
-149.028402,25,64730.3864
-156.282747,22,64739.166008
-182.70415,27,64749.628944
-183.793889,29,64761.324647
-203.55504,17,64769.524192
-258.986427,20,64777.24272
-154.368926,25,64786.859089
-318.554132,17,64794.080362
-94.326885,26,64804.444458
-211.751363,22,64812.128908
-132.731691,24,64822.93595
-245.506707,13,64830.719232
-174.158785,33,64844.094887
-268.51196,13,64848.542567
-132.774733,36,64863.454446
-182.672056,24,64874.466745
-197.8978,23,64883.487585
-169.794663,20,64893.257588
-169.810584,29,64904.231384
-180.205698,31,64916.332246
-159.765232,30,64928.073153
-251.966223,16,64935.016015
-135.778737,21,64943.403055
-111.719692,20,64950.887865
-171.719417,28,64961.941732
-104.151326,19,64969.681607
-154.551491,30,64982.382055
-185.060338,25,64991.978182
-235.5791,16,64998.66813
-155.466169,23,65007.130424
-142.771054,26,65016.780744
-170.049798,24,65026.226156
-153.478793,23,65035.67028
-142.088626,26,65046.14367
-141.117409,29,65056.760704
-273.384577,12,65062.946297
-179.09814,31,65075.067372
-203.465257,23,65084.459078
-298.989518,18,65091.890423
-205.955338,21,65099.975168
-155.033146,40,65115.225166
-123.993073,22,65124.420835
-131.645034,26,65134.618176
-86.536118,31,65146.93121
-154.561619,24,65155.655068
-178.158573,25,65166.255364
-169.745903,25,65176.90675
-207.093061,28,65188.501542
-166.043123,27,65198.742646
-146.245995,25,65208.916804
-75.091851,31,65222.022643
-189.779111,19,65229.468829
-222.493053,18,65236.505574
-113.936133,23,65246.07866
-185.346522,22,65255.31453
-220.52965,20,65263.200053
-90.876796,22,65272.039733
-207.077535,19,65280.113122
-178.275225,18,65287.351336
-157.337151,23,65296.363239
-158.871353,24,65305.669733
-184.581541,22,65313.657049
-172.65635,21,65322.327289
-180.851454,18,65329.715111
-218.910765,18,65336.713011
-200.624839,31,65348.493862
-162.942229,28,65358.907715
-178.286995,27,65370.263885
-106.30795,33,65382.751046
-118.504696,24,65391.99259
-185.772226,26,65402.186697
-183.123274,24,65411.992204
-150.37204,20,65422.562673
-117.603423,19,65430.658367
-109.454104,33,65443.929935
-106.223269,25,65453.951268
-178.868548,26,65464.588933
-135.708779,28,65476.63296
-179.410194,19,65483.463909
-186.103626,22,65493.169449
-147.822524,23,65502.245327
-155.740071,26,65512.49798
-105.906631,21,65521.249202
-143.046423,25,65531.264705
-166.82838,31,65543.001204
-119.508948,21,65551.280338
-82.857194,25,65561.293008
-156.676958,27,65572.230092
-232.344298,24,65581.75724
-161.680085,24,65591.150259
-197.395459,20,65599.187701
-237.273995,23,65608.772844
-128.026391,25,65618.229432
-191.735911,22,65627.903518
-133.131848,28,65638.900668
-160.488481,20,65646.643741
-161.264704,23,65655.312309
-177.392616,24,65664.504588
-194.771385,24,65675.104983
-97.29131,27,65685.470039
-197.749549,20,65693.255378
-238.431471,16,65699.71368
-218.451207,22,65708.908351
-211.834714,22,65717.342194
-188.060265,20,65725.384912
-77.515752,33,65737.86632
-63.4602,32,65750.227915
-94.196598,25,65761.30352
-89.600373,22,65770.174359
-138.827452,26,65780.274509
-160.87253,29,65791.671249
-169.357058,24,65801.14646
-157.505689,28,65812.659002
-210.107296,21,65821.266439
-77.182016,26,65831.942094
-106.61002,23,65840.668622
-304.681119,22,65850.043268
-175.678305,26,65860.362799
-75.546116,31,65872.200792
-116.597787,30,65884.615393
-174.538757,29,65895.640018
-216.431924,26,65905.67064
-161.532812,27,65916.375834
-115.660507,28,65927.43161
-188.651651,22,65936.410092
-152.320525,24,65945.348288
-213.934939,20,65952.765306
-202.486388,27,65963.526914
-147.318327,25,65973.298396
-233.147853,21,65981.835104
-127.733317,19,65989.010191
-219.782973,23,65998.102892
-112.096327,24,66007.366226
-246.259997,31,66019.222296
-159.058316,26,66030.267439
-185.963886,18,66037.167557
-129.529622,30,66049.693512
-162.123962,17,66056.281199
-124.465363,23,66065.301523
-228.119774,28,66075.635423
-140.087771,29,66086.941778
-214.402709,21,66095.548942
-179.181014,23,66104.587873
-166.76264,19,66112.40265
-140.130863,29,66123.843017
-251.38183,15,66130.080637
-258.130721,18,66136.443802
-139.239673,24,66146.634914
-126.8384,29,66157.833953
-126.324798,25,66168.510807
-173.349751,27,66179.400984
-190.408805,23,66188.861228
-178.574702,27,66199.566304
-194.639265,22,66207.660948
-128.542103,23,66216.823324
-198.423995,19,66225.053195
-126.98237,19,66231.924277
-197.332595,22,66241.114156
-228.572498,18,66248.422075
-144.134858,26,66258.506443
-99.1382,16,66265.942809
-168.332605,21,66273.907255
-111.606937,30,66285.46916
-188.048985,20,66294.048244
-202.686358,18,66302.802325
-189.26033,23,66311.560194
-221.292149,21,66320.933329
-83.573822,42,66337.828043
-110.096738,28,66348.977879
-246.029637,20,66356.342316
-108.853495,31,66368.65514
-250.822328,17,66377.894915
-116.855474,27,66388.647881
-191.23774,22,66397.593467
-136.500076,26,66407.731088
-141.0301,24,66570.937921
-96.675905,21,66579.052929
-116.830475,21,66589.357134
-122.452537,23,66597.775281
-70.089807,34,66611.657489
-166.317496,30,66625.040372
-178.278725,23,66634.177552
-101.435202,21,66642.912571
-216.583756,23,66653.182002
-130.247129,21,66661.436599
-143.669435,25,66671.57471
-126.159608,29,66683.260586
-104.448746,39,66698.293823
-172.026868,23,66707.572956
-203.096017,20,66715.477949
-179.635359,25,66725.457066
-99.027041,25,66735.694339
-260.068832,14,66740.886947
-82.873628,26,66752.810138
-206.249376,22,66761.606376
-156.109439,38,66777.284545
-137.096546,29,66789.460156
-90.273208,12,66793.653775
-83.575044,28,66804.311491
-125.73067,27,66815.200596
-284.152139,24,66825.339552
-198.154292,27,66836.980342
-292.44278,21,66845.597682
-236.945575,27,66855.634398
-247.762952,17,66863.093492
-176.341192,23,66872.27246
-154.366831,22,66880.349349
-170.583275,22,66889.12917
-89.930166,22,66897.441925
-244.807124,17,66904.126877
-110.985372,25,66914.600407
-138.643062,41,66931.010192
-150.527599,23,66939.894761
-191.012345,22,66948.492322
-177.570141,21,66957.287265
-214.357417,25,66969.37097
-116.971651,31,66981.121388
-101.839053,21,66989.028344
-124.737307,25,66998.568183
-129.475504,23,67008.275717
-224.958245,31,67020.862286
-119.420565,26,67030.915416
-114.127838,27,67041.105727
-157.770479,27,67051.62347
-267.304717,22,67060.474628
-308.734537,22,67069.679077
-145.565038,17,67076.230085
-234.597631,14,67082.70327
-193.740074,21,67091.593711
-116.87248,24,67100.702857
-225.360197,31,67113.141899
-160.700686,28,67123.470399
-95.465689,33,67136.433946
-92.678281,16,67143.911569
-172.339367,29,67154.821619
-115.231432,24,67164.692328
-209.033627,17,67171.244173
-147.867212,25,67180.806719
-92.595155,31,67193.120313
-168.015287,25,67203.884749
-89.541279,27,67213.510062
-131.427553,26,67223.892348
-205.258627,18,67232.696502
-168.892193,21,67240.70919
-173.6724,28,67251.365638
-144.342787,26,67261.60986
-168.556235,28,67272.537967
-189.963181,29,67284.128084
-206.410027,23,67294.063155
-151.967333,28,67305.638128
-188.983738,24,67315.846864
-257.420939,17,67322.725186
-186.91148,30,67333.766056
-117.556645,19,67341.44742
-99.825596,25,67352.331113
-156.31741,28,67363.01604
-109.050277,34,67376.277697
-136.524003,27,67387.052078
-226.313376,15,67393.975914
-110.122411,31,67406.363769
-112.363562,22,67416.753622
-137.396551,32,67429.823548
-115.226333,20,67437.609475
-226.779637,24,67447.637816
-216.513461,31,67458.421319
-182.391603,28,67468.976991
-149.448555,31,67480.786021
-134.883725,27,67491.56362
-242.745218,20,67499.498695
-118.541137,25,67508.733126
-142.245249,28,67520.255754
-258.075693,25,67530.415065
-185.827909,25,67540.738094
-186.256591,24,67550.321945
-238.264748,20,67558.142615
-307.089014,21,67566.957048
-216.823878,21,67576.610888
-252.86035,17,67584.627239
-208.425129,23,67593.920066
-214.696491,19,67601.708065
-228.554515,22,67611.236175
-229.073893,22,67620.919807
-139.503761,29,67631.993834
-151.230575,31,67644.031973
-98.752497,31,67656.090968
-88.333285,18,67663.253432
-82.651953,30,67675.218676
-149.709798,25,67685.052435
-155.646094,19,67692.328621
-159.785993,31,67705.152689
-82.30216,31,67717.309289
-149.72307,32,67729.89216
-260.542059,18,67739.928416
-197.192631,25,67749.525847
-134.722322,30,67761.754711
-202.825117,25,67771.231624
-215.301448,24,67780.461266
-212.390539,23,67789.878305
-212.054502,26,67800.130511
-121.409203,20,67807.930686
-112.945574,28,67818.511961
-94.387614,26,67829.672727
-169.201733,24,67838.929668
-120.716043,24,67848.348899
-129.302409,30,67859.821344
-188.917641,22,67868.104462
-37.887225,41,67884.180884
-134.073852,26,67894.47773
-147.121585,26,67904.125853
-202.859143,23,67913.393265
-166.704265,23,67922.433303
-111.037804,24,67932.541105
-286.82056,17,67940.884885
-160.304104,23,67950.406641
-113.162666,26,67960.955107
-113.022916,37,67975.756241
-118.847303,23,67984.528344
-129.153529,28,67995.734625
-239.780876,20,68004.052906
-158.272922,25,68014.226268
-82.16534,20,68022.736606
-162.571407,28,68033.736308
-154.834033,20,68041.301118
-211.933896,22,68050.303567
-154.816425,25,68060.365015
-181.266748,24,68069.77923
-90.841798,33,68082.122968
-187.383245,22,68090.642526
-92.069032,34,68104.128047
-121.266954,30,68116.999323
-136.094994,25,68126.45533
-153.459038,20,68134.013863
-89.354584,27,68145.043821
-106.949692,18,68152.728916
-126.629371,23,68162.125586
-197.141434,25,68171.898458
-228.050604,22,68180.7272
-161.708158,25,68191.518239
-84.142432,28,68202.412593
-90.700315,23,68211.319461
-197.551885,20,68219.158131
-135.14474,25,68230.029506
-155.518004,21,68238.174118
-221.768748,22,68246.433698
-189.3161,26,68257.247191
-142.661302,19,68264.682121
-142.377054,34,68277.78311
-189.264781,25,68287.971606
-218.736401,30,68302.121581
-158.170528,22,68311.463771
-251.108368,20,68321.247422
-125.25572,21,68330.280151
-123.916891,26,68340.787395
-83.423075,34,68353.542918
-105.425478,23,68362.845841
-188.378578,18,68370.261352
-96.485351,26,68380.110008
-110.133285,26,68390.824809
-133.14269,22,68399.618914
-205.985958,19,68406.487932
-210.609975,28,68417.237837
-215.330501,21,68425.040229
-195.632045,23,68434.264935
-144.205251,25,68444.225304
-161.283891,33,68457.008676
-121.538112,29,68468.510257
-242.80027,17,68475.176435
-134.046045,23,68483.907983
-145.788755,24,68493.876268
-248.712964,23,68503.409899
-210.199476,26,68514.059183
-153.456513,21,68523.192066
-115.031064,22,68532.370349
-119.64588,21,68540.469339
-112.641529,21,68548.394059
-181.923669,26,68558.970306
-165.636987,24,68567.809124
-80.90779,38,68582.714755
-136.337481,25,68592.173986
-114.894783,25,68602.655064
-106.552088,33,68616.308334
-218.152748,32,68631.687028
-97.626747,28,68642.206627
-212.277706,34,68656.100469
-53.941949,35,68669.835177
-172.719974,30,68682.823929
-108.727293,40,68698.679271
-174.587389,23,68708.31811
-176.211799,32,68721.343467
-83.831033,23,68729.943318
-202.014059,25,68740.4381
-169.272139,27,68750.359463
-184.560107,25,68760.358805
-213.271688,29,68773.284111
-83.136998,34,68786.631379
-123.325858,37,68801.674626
-172.281301,23,68810.37706
-110.506127,23,68819.441489
-105.759936,18,68826.466016
-112.955167,26,68837.850378
-183.040682,27,68848.348941
-93.832147,39,68863.253984
-141.171814,25,68873.104985
-154.247265,33,68885.795032
-196.841768,26,68896.113981
-125.171845,28,68907.062998
-130.709852,23,68916.999672
-226.464916,21,68925.324696
-180.807242,27,68935.787918
-95.303562,30,68947.459955
-99.157119,21,68955.084223
-97.704258,29,68965.791008
-121.716245,28,68976.643764
-208.966697,24,68986.361166
-110.596093,15,68992.505936
-165.044877,24,69002.029313
-103.150076,27,69012.281119
-116.589677,21,69020.036734
-97.163447,25,69029.438969
-105.428089,24,69039.27818
-129.851331,40,69055.006024
-178.097552,20,69063.263208
-121.7365,26,69072.916565
-118.370969,26,69082.630761
-67.245512,39,69098.138295
-220.433403,17,69104.976806
-187.870361,26,69115.191676
-299.09137,27,69127.090329
-158.286826,27,69137.298068
-95.620771,37,69152.244158
-195.071959,25,69162.402055
-172.665528,29,69174.012841
-182.03012,27,69185.341404
-172.884088,26,69195.592169
-150.925727,21,69203.404085
-169.702396,24,69212.184771
-186.974894,21,69221.130395
-183.833515,21,69229.82439
-159.938124,26,69240.051113
-109.0966,22,69248.497231
-169.246804,19,69255.576055
-170.794898,25,69264.791016
-129.554539,31,69277.173794
-167.515265,23,69286.039126
-101.748635,27,69296.435396
-184.409327,20,69306.803373
-235.981987,21,69316.859095
-120.088652,25,69327.538706
-212.115338,32,69340.176329
-72.600812,34,69354.030524
-163.625997,34,69367.056432
-182.428891,24,69376.787598
-197.600685,22,69386.274767
-213.136057,15,69392.346994
-131.351911,26,69401.879074
-86.805241,27,69413.149323
-164.237452,21,69421.290416
-165.275091,28,69431.517426
-141.110021,8,69435.239778
-151.429985,29,69446.615253
-153.228118,24,69457.00877
-170.805345,24,69466.091825
-147.639622,24,69475.894994
-99.650434,25,69485.276934
-239.692432,18,69492.405219
-119.68889,21,69501.618922
-131.64805,31,69513.251457
-112.818697,37,69527.150745
-195.296417,27,69536.376937
-122.568105,40,69551.007301
-242.435518,28,69561.942829
-82.017277,28,69572.524831
-110.344684,31,69585.444099
-151.963565,26,69595.827728
-115.282767,27,69606.762938
-138.433093,37,69621.31624
-257.021103,20,69629.053108
-105.485637,26,69639.710895
-253.394569,19,69647.157814
-200.491668,24,69657.173634
-124.909088,31,69670.663033
-122.578228,41,69686.295081
-247.060089,16,69693.603051
-176.473551,25,69703.218291
-237.933661,16,69710.760424
-101.322292,28,69721.386039
-184.826925,25,69731.38686
-153.96226,23,69739.912959
-136.49504,24,69749.8033
-117.803347,33,69762.10412
-74.30185,39,69777.617266
-135.609827,16,69784.078215
-85.302379,27,69794.230351
-246.686097,13,69801.077014
-135.609785,18,69808.475244
-223.916983,26,69819.433073
-237.995836,23,69828.160969
-143.554683,34,69841.696644
-292.643889,14,69846.705169
-58.895662,29,69857.830203
-175.125213,20,69865.88545
-113.621449,24,69875.528022
-128.384585,28,69887.891156
-104.494657,24,69897.310351
-156.775314,27,70075.959546
-118.464879,31,70088.59692
-230.766064,17,70094.761842
-91.884464,30,70106.206288
-160.529263,22,70114.929571
-104.627241,37,70129.90171
-144.399641,26,70140.159998
-131.329376,28,70150.7274
-283.590728,21,70158.688897
-95.854133,26,70172.081408
-94.778085,29,70183.426986
-141.055669,27,70194.050697
-212.943278,21,70201.689835
-114.779965,34,70213.552522
-128.763473,30,70225.31016
-129.717062,27,70235.970033
-125.773784,29,70247.108331
-117.000212,29,70260.072176
-127.374809,23,70268.524208
-105.999245,23,70277.546097
-96.329224,18,70284.32858
-171.63412,19,70292.451447
-162.959648,30,70306.978518
-187.3641,24,70316.826739
-112.806692,39,70332.139181
-66.42116,35,70345.806339
-195.861489,21,70354.550715
-241.491669,19,70362.355732
-224.217455,15,70368.421636
-252.5081,17,70375.059138
-84.222352,19,70382.702488
-99.799308,37,70396.631437
-263.657219,22,70406.475164
-104.608757,31,70418.34438
-211.386859,30,70429.874418
-189.846833,18,70436.689014
-187.29701,22,70445.150138
-190.285853,32,70457.258148
-114.331525,22,70465.471391
-230.397261,22,70474.949831
-72.168695,30,70486.651795
-150.670078,35,70499.831613
-177.603838,27,70511.076404
-147.109323,31,70522.970297
-131.901753,31,70536.72579
-100.679013,27,70547.906756
-111.529786,24,70557.142764
-99.291046,27,70567.421857
-168.489324,30,70578.76378
-100.641173,33,70591.46977
-124.382852,33,70604.023735
-202.744144,24,70614.259212
-177.080805,23,70623.231431
-75.196016,30,70635.156217
-147.769059,26,70645.038842
-214.290151,20,70653.262342
-89.249495,32,70666.304829
-288.748548,26,70677.064266
-170.219723,35,70691.029495
-115.136444,21,70699.330832
-170.672626,27,70712.934586
-99.950964,32,70725.358908
-85.812447,23,70734.41667
-78.089792,36,70747.754936
-133.352361,35,70761.581744
-132.661107,32,70773.942237
-120.628683,28,70784.753867
-115.551135,29,70796.245684
-202.188263,34,70810.489755
-138.129473,23,70819.199709
-129.148819,27,70829.533484
-163.978253,23,70839.776657
-150.029057,29,70850.631557
-156.214575,24,70859.716275
-113.5444,31,70871.827255
-215.669851,19,70879.970439
-208.638188,27,70891.833194
-233.49749,16,70900.232637
-207.217737,23,70909.315458
-153.666628,34,70922.614204
-195.36278,30,70934.5172
-127.661022,28,70946.92281
-299.706887,14,70953.116679
-163.8203,33,70966.472085
-126.435387,29,70977.47636
-99.890517,22,70985.995172
-194.831169,29,70996.559601
-149.953822,29,71008.09312
-92.432342,29,71018.059793
-114.475359,18,71024.656913
-224.702984,25,71035.740851
-211.431909,21,71045.779592
-157.051731,29,71058.032658
-238.25255,22,71067.005722
-84.687304,29,71077.959974
-105.976821,39,71093.643208
-248.20855,24,71103.015032
-121.947008,27,71114.075521
-203.654242,29,71124.835428
-83.03851,30,71136.724793
-196.15213,20,71144.772314
-176.467953,23,71154.740396
-240.530685,16,71161.684498
-85.720028,32,71174.573185
-77.400831,28,71185.319758
-137.153676,28,71196.300935
-136.461024,25,71205.745217
-145.986862,26,71217.682581
-110.562069,23,71226.792374
-201.112257,24,71236.32175
-183.729356,25,71245.966603
-272.246727,22,71255.267115
-149.202358,24,71264.358723
-217.680196,18,71273.420919
-253.075095,26,71283.972828
-197.203869,24,71292.587267
-107.337098,17,71299.202917
-211.753657,20,71308.827953
-114.513715,31,71320.363857
-167.921727,26,71330.594662
-113.574157,26,71341.858877
-209.002402,32,71354.198962
-103.457856,28,71364.46668
-69.336268,31,71375.792742
-224.111047,16,71382.156405
-106.938514,21,71390.99688
-132.106889,29,71404.742272
-206.864056,27,71415.528454
-205.551663,26,71426.529182
-164.523563,21,71435.104844
-136.62298,30,71446.453807
-103.461023,34,71460.082057
-68.357121,30,71471.504496
-164.535388,22,71479.81193
-146.121125,22,71488.64493
-161.268059,27,71499.52151
-128.578515,30,71511.193912
-143.740905,27,71522.072526
-130.408476,22,71530.546972
-159.786833,31,71542.457618
-101.499294,37,71557.954725
-220.467439,20,71565.718976
-97.327406,35,71579.846362
-172.69621,37,71594.796121
-154.350582,34,71608.840998
-131.018198,29,71619.940856
-183.77029,29,71631.100066
-204.741451,19,71638.274017
-271.789683,23,71647.257934
-230.318907,25,71656.526154
-200.192681,28,71668.219224
-135.386514,34,71681.406578
-162.771571,34,71694.192251
-106.289675,29,71705.465572
-119.518142,30,71717.146331
-145.403825,28,71728.034046
-90.694533,33,71741.094501
-120.650446,27,71751.580434
-83.476151,27,71762.42388
-183.199178,22,71770.74826
-178.492629,30,71782.340155
-73.785053,29,71793.192087
-77.622106,31,71805.460548
-120.408982,37,71820.183789
-144.229483,22,71829.526435
-149.701177,28,71841.086641
-199.510811,33,71853.548706
-133.289511,42,71870.125194
-191.421255,22,71878.842391
-70.502985,34,71892.303862
-101.006004,32,71905.572781
-93.829807,16,71912.001935
-195.706299,21,71919.907283
-198.374791,25,71930.421054
-54.842369,34,71943.745723
-167.34651,18,71950.000295
-132.364982,32,71962.284328
-145.535517,38,71978.222332
-160.181261,22,71987.383769
-108.358933,27,71997.656768
-137.761167,26,72008.497561
-154.072319,34,72020.945187
-177.070342,23,72029.970292
-129.201001,34,72042.887351
-111.18085,29,72054.18252
-172.641959,19,72060.959648
-192.882923,23,72072.141115
-123.362668,25,72082.053641
-170.071628,22,72091.647142
-163.039247,27,72103.096225
-180.056387,27,72114.102721
-122.070164,23,72123.60928
-137.847792,24,72132.939709
-77.975921,33,72145.73087
-81.564248,20,72154.586452
-134.003816,33,72167.387426
-125.237269,21,72175.658882
-147.45518,31,72187.620279
-110.911971,23,72196.236296
-190.89269,23,72204.712057
-126.025443,25,72214.6428
-121.983234,28,72225.6676
-124.384635,28,72236.863878
-101.19694,24,72246.413873
-139.799066,27,72256.377848
-143.558749,26,72266.568481
-190.76679,25,72276.043294
-209.253336,21,72284.464865
-229.357412,25,72294.526541
-153.876413,24,72305.472108
-94.836365,27,72317.423923
-206.230719,23,72328.943166
-217.497566,24,72340.576485
-226.45767,17,72347.389712
-167.301788,23,72356.240237
-202.920862,26,72366.457972
-170.094826,23,72376.065463
-185.495211,24,72385.994362
-213.698383,30,72397.460665
-149.958716,24,72407.064737
-193.598953,21,72416.724333
-85.962646,24,72426.577074
-198.512098,29,72437.462765
-217.309353,23,72446.859484
-156.835131,25,72456.638514
-73.352602,36,72471.095971
-113.019024,29,72482.238961
-178.567298,22,72491.778202
-259.0599,19,72499.418172
-108.129554,24,72508.914138
-155.924813,29,72520.017292
-202.352225,21,72527.931099
-90.262799,38,72542.780094
-214.987764,27,72553.425442
-86.606631,25,72563.369281
-95.808384,32,72575.969903
-165.162384,25,72586.223941
-178.451633,21,72594.515598
-169.177182,19,72601.860802
-114.584328,27,72612.261655
-148.157907,32,72624.85367
-117.276447,25,72635.294847
-147.077081,24,72644.471554
-123.919391,24,72653.907875
-226.889805,25,72665.282907
-122.774298,26,72675.344773
-112.237661,28,72686.055119
-179.132458,47,72704.375781
-152.936637,25,72714.58118
-186.97876,32,72726.630418
-80.879065,31,72739.175829
-105.285495,29,72750.523014
-125.755271,30,72761.668994
-235.861949,14,72767.619413
-112.74822,31,72779.885561
-213.382336,18,72787.135541
-127.840071,32,72800.519073
-195.952339,22,72808.748796
-129.799262,25,72818.808049
-161.508457,25,72828.49681
-211.812564,24,72838.167953
-150.282725,25,72847.495346
-110.910365,41,72862.736178
-89.173228,28,72873.595951
-111.946717,36,72887.722739
-92.40116,28,72898.37454
-86.888112,36,72912.115578
-85.734395,31,72924.88025
-156.908565,23,72933.516863
-108.298655,29,72946.295064
-148.051492,40,72962.251765
-121.233506,25,72972.711449
-125.449492,19,72980.421134
-121.804555,25,72990.547421
-148.952327,27,73001.827758
-110.690923,27,73012.723571
-75.473374,29,73024.29419
-133.788074,30,73035.845661
-198.031983,29,73046.948094
-104.144206,23,73056.061621
-191.602049,20,73064.42386
-159.548543,27,73076.929018
-93.695801,31,73089.035225
-115.631693,25,73098.532068
-145.295133,27,73108.843965
-212.477649,23,73117.46528
-146.265317,34,73131.31131
-97.644547,36,73145.370967
-46.757917,38,73159.655359
-16.530345,57,73181.817684
-200.784931,24,73191.988793
-151.245354,40,73207.974947
-143.727911,38,73222.697771
-130.642687,32,73235.395007
-94.583396,30,73246.803319
-141.759919,21,73254.557882
-176.616471,24,73264.632422
-118.717757,21,73272.886338
-85.394075,36,73286.589177
-84.846901,32,73299.499684
-114.93475,29,73310.333672
-139.497107,26,73320.156885
-173.542045,24,73329.86522
-92.227409,28,73340.958469
-117.647017,18,73348.361298
-126.517426,31,73360.922008
-161.15894,36,73375.687106
-235.371163,16,73381.796565
-156.012195,25,73391.910621
-186.120084,23,73588.894395
-115.312391,31,73600.679852
-74.083629,34,73613.95869
-144.250433,25,73623.965539
-184.019806,27,73634.95081
-243.038075,25,73646.930411
-101.564509,42,73662.98858
-140.17875,33,73675.472407
-65.769593,29,73687.235959
-95.352159,24,73696.614192
-127.744216,27,73707.229778
-120.729896,34,73720.783822
-144.618497,24,73729.587797
-157.101134,31,73741.539485
-223.775842,23,73750.590297
-165.130295,28,73760.937969
-97.082549,26,73771.544254
-168.917481,20,73779.894783
-86.836014,15,73785.536183
-142.94853,25,73795.01943
-188.78841,26,73805.310053
-172.125247,26,73814.823929
-146.454371,24,73823.96718
-169.583596,25,73833.671039
-124.67505,50,73854.628692
-111.473411,23,73863.762619
-129.745629,28,73874.269454
-200.348865,23,73883.101602
-88.914977,32,73895.414177
-151.04848,26,73905.309156
-130.568428,26,73915.172551
-137.611892,33,73928.13988
-267.642771,12,73934.289733
-100.576231,26,73947.093444
-247.468156,24,73957.039848
-99.095556,33,73970.307067
-224.123293,20,73978.089749
-125.161274,32,73990.851046
-212.254104,26,74001.235485
-125.710616,43,74017.980086
-131.981841,24,74027.994604
-163.337139,32,74040.909468
-143.495841,31,74053.427877
-73.721517,30,74064.672728
-240.63731,25,74075.017927
-81.581552,39,74090.357533
-114.220422,35,74103.963565
-111.387107,19,74111.977317
-67.085294,37,74127.507578
-132.297022,25,74137.2264
-264.074557,16,74144.222839
-130.123891,35,74157.396766
-173.052445,24,74167.468203
-125.611177,28,74177.552911
-161.374635,25,74188.484562
-170.779563,39,74201.428674
-162.409338,27,74210.468039
-182.604056,26,74219.872549
-295.279205,16,74225.598193
-152.65898,27,74235.078309
-137.253487,31,74244.9598
-94.863075,24,74252.999792
-173.374892,24,74261.184163
-124.737713,35,74272.631597
-113.67064,23,74280.089916
-53.899045,38,74292.540818
-143.272529,29,74302.78572
-136.069215,24,74310.826033
-151.648239,25,74318.718888
-311.289151,22,74325.693199
-146.927466,28,74334.936567
-97.845302,33,74345.643065
-74.482214,34,74356.50845
-111.758618,29,74365.885348
-157.161556,28,74375.832989
-127.140209,22,74383.021726
-168.549482,24,74390.857263
-61.909211,38,74403.713692
-138.95324,25,74412.332048
-110.755528,48,74427.892824
-170.801678,28,74436.856841
-66.308015,43,74450.832466
-167.010658,21,74458.98086
-127.603858,31,74469.154399
-221.878455,28,74478.544433
-127.40009,41,74492.256959
-131.740335,29,74501.368384
-117.60873,34,74512.649595
-206.701772,28,74522.00615
-143.195775,22,74529.927279
-241.939368,14,74535.575215
-116.610438,31,74547.392297
-108.018059,37,74559.121662
-157.021191,36,74570.513824
-154.694032,25,74578.608371
-166.683473,14,74583.595601
-97.767276,17,74589.699028
-177.668945,21,74596.566463
-162.064881,26,74605.394003
-98.309418,32,74615.981159
-136.130997,32,74626.194481
-126.626159,36,74637.296391
-66.111433,36,74649.383546
-110.662476,29,74659.268851
-192.213226,31,74669.163849
-118.31033,26,74677.61452
-102.991433,33,74688.090932
-125.334902,29,74698.589154
-232.01158,25,74706.675554
-85.374551,29,74717.192622
-141.208899,27,74726.316923
-48.019226,47,74742.265456
-100.216315,29,74751.747023
-100.008598,26,74760.072405
-98.441601,36,74771.980989
-70.729176,35,74783.334822
-84.17202,31,74793.039128
-128.851412,20,74799.828543
-199.190941,29,74809.240025
-167.376575,29,74818.774003
-145.089091,22,74825.915838
-143.535694,28,74835.537659
-96.50761,32,74845.922619
-75.672608,32,74857.515516
-172.786537,23,74865.253715
-160.175747,22,74872.74451
-90.249111,23,74879.789007
-171.063299,19,74886.685632
-159.67833,22,74894.11648
-138.648242,35,74905.396608
-111.86535,26,74913.905628
-221.219947,29,74923.43441
-77.498908,27,74931.939543
-114.672234,25,74940.482617
-80.412837,29,74950.244926
-112.327231,40,74963.304037
-91.868588,21,74970.423775
-128.72232,27,74980.097394
-78.535828,28,74989.166748
-85.950805,27,74997.855187
-144.516135,36,75009.808859
-97.01326,24,75017.759978
-117.255193,34,75028.905204
-203.209245,14,75034.033683
-123.460358,29,75043.799859
-127.26915,35,75055.213483
-169.062528,17,75061.022336
-184.970943,26,75069.70189
-188.598069,27,75078.418274
-152.55594,30,75088.148614
-170.307914,23,75095.701326
-82.071767,37,75107.730327
-79.114392,28,75116.798371
-112.529182,32,75127.266997
-84.900863,28,75136.219011
-150.431685,31,75145.958675
-181.752784,27,75154.654979
-168.556888,30,75164.746946
-91.192768,27,75173.236782
-164.271691,25,75181.470055
-211.249836,23,75189.16225
-165.806788,29,75198.857088
-87.266243,25,75206.829077
-163.184789,25,75215.158087
-166.638009,22,75222.483713
-276.191874,10,75225.751233
-70.636326,31,75235.926114
-153.850337,29,75245.361394
-118.126366,21,75252.32104
-103.553272,39,75265.193597
-89.590261,33,75276.070171
-93.84673,28,75285.091189
-195.689071,22,75293.001152
-166.358098,20,75299.40821
-151.933336,21,75307.054347
-131.635604,23,75314.962542
-122.463019,33,75325.695568
-93.330637,28,75334.906488
-101.10559,28,75344.673754
-157.672978,27,75353.455601
-78.995337,30,75362.933724
-213.326665,21,75370.394594
-107.029363,29,75380.797411
-150.167868,31,75390.590349
-73.825058,37,75402.162308
-150.476757,33,75413.240541
-181.384789,30,75423.11793
-53.290048,37,75435.33114
-86.849305,23,75443.280828
-87.102076,36,75455.160129
-185.630583,25,75463.198681
-151.050931,26,75471.461107
-188.048229,22,75479.800066
-236.797976,23,75487.089086
-163.937711,25,75496.368884
-141.378869,23,75504.089761
-196.207892,26,75513.231195
-112.399376,31,75523.209013
-80.352846,30,75532.80633
-249.286456,19,75539.14671
-136.505555,21,75545.727668
-153.840363,30,75556.080121
-187.453893,23,75563.626318
-156.674442,28,75572.870527
-122.322498,26,75581.229296
-229.886468,16,75587.861427
-175.548539,23,75595.294194
-67.178606,32,75605.687867
-105.48379,36,75618.013383
-82.2496,29,75627.608499
-122.704991,28,75636.920354
-136.507612,27,75645.432387
-144.230599,30,75655.544373
-230.815037,25,75663.993208
-88.087995,35,75675.641764
-89.827278,33,75686.226196
-166.803225,20,75693.608045
-86.256373,31,75704.878745
-117.126021,47,75719.924685
-99.915211,25,75728.182292
-111.221408,21,75735.177939
-148.612338,23,75742.679427
-98.055948,29,75752.338073
-104.584325,35,75763.696217
-57.596535,44,75778.311283
-215.091592,20,75784.906811
-165.679503,24,75793.925905
-109.534541,31,75804.06886
-116.381442,38,75817.669976
-48.433814,42,75831.224458
-221.240263,24,75838.511836
-186.197335,27,75847.367242
-217.394318,32,75860.541294
-177.50552,25,75869.438313
-183.03071,33,75880.233347
-149.521115,26,75889.162312
-91.142305,26,75897.674372
-170.080234,26,75906.03797
-109.024826,30,75915.690982
-217.556202,30,75925.589799
-115.044297,30,75935.389679
-111.410023,31,75945.450905
-188.628827,22,75952.846295
-213.538413,28,75962.115172
-145.254469,39,75974.578659
-192.215309,26,75982.852826
-153.566929,32,75993.120059
-104.462228,32,76004.187129
-179.54561,26,76013.163903
-149.207021,28,76022.221471
-201.180614,29,76032.325591
-155.522019,34,76045.858022
-122.571751,31,76055.877089
-186.936511,43,76070.031486
-113.944655,33,76080.601607
-149.330073,30,76090.173447
-217.868874,19,76096.558602
-107.071473,36,76108.133662
-84.038346,32,76118.693243
-103.317293,32,76129.111605
-120.249706,34,76140.607149
-70.433063,25,76148.520111
-87.082464,28,76158.188168
-197.959218,23,76165.99911
-115.457237,39,76178.472798
-174.766374,25,76186.353388
-82.455838,37,76198.563644
-164.241762,23,76205.966487
-102.609752,25,76214.5579
-112.969053,22,76221.102826
-95.888458,22,76228.219982
-103.424363,17,76233.616039
-101.718174,26,76241.804636
-204.374853,19,76248.000341
-114.931156,22,76255.369463
-160.293112,31,76265.950809
-85.775757,25,76273.766696
-157.099318,38,76286.616874
-169.317217,29,76297.475495
-216.076554,30,76307.200216
-153.600861,33,76317.783869
-185.196834,28,76327.984497
-264.177983,20,76334.735021
-184.719548,28,76344.519594
-201.646074,24,76352.305264
-112.029764,30,76361.724224
-167.226585,32,76372.064775
-157.152595,38,76384.179692
-150.936509,28,76393.902858
-162.934834,24,76401.947588
-211.027416,21,76408.612671
-70.852723,43,76422.391763
-188.098492,28,76431.728961
-115.131568,20,76438.193797
-160.009367,31,76448.776225
-103.410178,25,76619.588533
-165.860619,33,76630.974876
-40.250589,41,76644.144232
-87.90202,32,76654.521888
-86.747687,35,76666.231686
-141.366237,18,76673.18552
-275.602511,24,76680.884269
-212.469013,16,76686.062567
-82.951265,29,76695.709279
-116.307126,28,76704.204651
-154.133228,26,76713.260075
-142.387326,30,76722.966272
-49.020387,36,76734.571501
-60.499925,49,76750.87224
-110.766196,30,76760.825758
-96.82423,29,76770.422453
-98.206153,26,76779.021103
-144.850844,27,76787.818087
-92.294521,26,76796.230762
-154.326616,42,76809.756013
-180.960499,32,76820.24495
-174.163149,26,76828.864279
-152.425855,23,76836.426973
-163.277649,31,76846.661162
-192.848967,29,76856.12527
-102.040836,32,76866.831658
-70.675429,26,76875.230551
-79.137196,39,76888.032665
-136.462134,33,76898.304918
-113.308092,30,76908.164455
-95.230246,27,76917.086339
-139.093665,28,76926.255601
-160.776712,29,76936.237593
-137.487481,23,76943.864778
-153.945636,30,76953.491296
-117.813038,33,76964.449049
-194.204556,24,76972.254407
-95.711938,39,76984.733692
-104.84267,30,76995.161845
-191.569325,27,77004.001295
-129.361035,42,77017.146047
-183.362345,27,77026.239599
-138.215965,30,77035.957134
-152.291347,24,77043.389157
-143.951322,22,77051.417379
-62.035717,40,77064.9265
-89.521207,38,77076.897673
-107.937733,28,77086.050977
-96.272691,33,77096.763521
-263.222213,14,77101.480114
-154.769044,35,77114.716333
-129.12554,20,77122.012589
-130.405206,25,77130.278099
-187.566874,25,77139.088161
-198.441249,20,77146.771636
-144.338526,37,77158.526502
-152.977947,35,77170.210481
-81.361398,29,77179.772827
-101.652771,25,77187.742765
-98.910469,29,77196.99247
-118.775122,30,77206.672184
-186.975714,33,77218.132188
-105.688068,35,77229.772612
-160.230481,29,77239.390377
-69.78332,30,77248.902096
-128.721358,32,77259.313182
-106.13072,34,77270.588738
-74.730292,29,77280.511888
-200.828205,23,77288.71676
-118.710999,34,77300.035182
-64.923812,46,77315.082783
-126.495084,31,77324.88967
-109.461326,35,77336.550597
-103.788424,39,77349.466498
-93.908275,26,77358.310076
-155.106765,29,77368.065945
-82.415619,47,77383.682433
-143.218698,28,77392.590153
-165.728233,37,77404.854845
-129.95098,29,77414.784392
-187.889656,26,77423.412592
-149.855875,31,77433.931946
-62.465848,33,77444.661574
-139.140329,43,77458.990935
-84.987254,28,77467.699991
-197.727701,24,77475.859277
-111.952257,22,77483.660586
-100.558698,30,77493.6068
-150.996371,30,77503.209648
-93.817739,41,77516.282758
-87.938407,32,77526.847375
-151.633513,26,77535.463889
-116.911405,31,77545.651097
-91.362929,30,77556.180467
-137.593554,25,77564.604283
-138.995279,22,77571.432956
-81.613411,42,77585.026059
-178.037042,27,77593.733341
-151.646706,33,77604.605753
-169.232622,30,77614.739797
-205.310463,18,77621.926951
-141.322836,27,77630.662057
-104.252817,28,77639.521932
-205.031027,24,77647.563421
-150.866557,27,77657.113015
-117.205833,27,77666.259911
-50.54143,35,77678.135473
-126.038847,27,77686.44402
-75.372283,30,77695.904771
-99.212619,24,77703.50465
-112.90825,30,77713.651745
-121.712857,38,77725.702295
-164.085172,27,77734.488795
-129.326943,32,77744.656095
-64.316133,36,77756.467207
-110.052799,31,77766.593011
-69.11682,30,77776.567003
-64.09025,35,77788.130168
-70.92426,25,77796.701927
-80.628486,36,77808.856215
-61.09665,35,77820.134812
-173.115405,21,77827.064577
-132.453406,30,77836.942267
-137.862129,19,77843.510753
-165.42325,26,77851.918529
-177.935042,26,77860.243307
-102.658907,44,77874.31349
-96.779288,32,77886.259015
-70.584227,41,77900.38032
-86.501249,31,77910.88858
-94.110863,36,77922.70694
-143.335379,23,77930.33659
-112.825612,38,77942.344352
-163.130205,20,77949.584466
-149.964635,21,77957.115842
-72.228191,32,77967.500018
-85.907568,31,77977.4612
-101.802213,33,77997.033216
-175.808053,25,78006.913664
-173.23977,32,78018.927296
-184.073882,27,78030.970965
-44.731485,40,78047.260628
-135.367673,32,78059.03312
-200.584366,23,78067.621428
-121.2052,26,78076.929266
-197.639508,22,78084.700491
-74.671224,38,78097.179497
-253.121528,21,78104.318087
-133.428746,39,78117.801853
-94.177036,28,78127.058852
-115.86865,31,78137.385441
-90.515039,31,78147.295339
-187.781746,22,78154.941144
-133.184696,27,78164.426854
-164.026673,26,78172.51737
-241.708084,26,78181.298562
-100.829463,34,78192.837652
-200.885088,23,78200.478965
-73.298529,36,78212.522576
-133.226089,30,78222.83973
-98.488118,45,78237.503884
-136.503502,30,78247.68148
-113.35998,40,78261.788129
-217.618693,20,78268.751186
-144.551644,25,78276.79959
-239.132542,17,78282.995965
-118.06888,24,78291.320564
-103.965027,15,78296.078224
-112.843102,40,78310.796065
-83.669127,30,78320.836643
-94.048757,27,78329.597554
-144.664101,30,78339.033997
-157.32033,25,78348.493717
-140.246701,22,78355.788979
-145.848917,26,78364.307133
-120.053451,32,78375.037175
-110.841073,27,78384.042615
-133.539406,29,78393.755726
-264.1289,26,78403.047204
-230.000117,22,78410.278392
-160.468739,29,78419.827553
-134.45423,37,78432.143665
-142.347,34,78443.212791
-98.503508,25,78451.136165
-131.899911,31,78461.657959
-170.031966,26,78469.981415
-95.163909,20,78476.699567
-63.404689,39,78489.992228
-171.698364,24,78498.074276
-63.958898,38,78509.969793
-50.095077,36,78521.685667
-146.988209,30,78531.703045
-73.768852,27,78540.61988
-124.042994,36,78552.333933
-157.113968,25,78560.430159
-115.920685,33,78571.060217
-104.620952,27,78580.124845
-111.537129,18,78586.234326
-169.44759,30,78596.02204
-282.270497,28,78605.179923
-183.958148,26,78613.651334
-66.835617,34,78625.082164
-122.020681,25,78632.734649
-104.246245,26,78640.767212
-171.93141,26,78649.166047
-239.392269,24,78656.99335
-80.292728,32,78667.066139
-54.295178,38,78680.031575
-84.667387,30,78689.968578
-110.703571,35,78701.488503
-128.821131,30,78711.389713
-248.319992,24,78719.28788
-118.165377,31,78729.189251
-160.278328,37,78741.549004
-107.198778,39,78754.311233
-108.866074,28,78764.116647
-168.439832,23,78771.589196
-121.061075,26,78780.574571
-162.773085,39,78793.604976
-68.259873,34,78804.322665
-115.464373,40,78817.186099
-191.213327,22,78824.194861
-195.169804,28,78833.042175
-88.258602,34,78844.239412
-192.67547,26,78853.314341
-95.098619,30,78863.473953
-122.181212,23,78870.85989
-110.733823,29,78880.460561
-111.00529,27,78889.029833
-188.07787,25,78896.910208
-56.691524,37,78908.989397
-171.531542,21,78915.794968
-93.771334,44,78929.97273
-80.708038,46,78944.666129
-69.199041,35,78956.363427
-39.2801,44,78970.614009
-44.318327,44,78984.973221
-112.615025,33,78995.837855
-143.331796,29,79005.268607
-150.17184,24,79013.148543
-109.806637,30,79023.133958
-193.44043,27,79032.16572
-84.384969,52,79049.030486
-49.529756,37,79060.78585
-125.254323,37,79072.77698
-121.479922,39,79086.301746
-113.788191,35,79097.907607
-93.853143,39,79110.268891
-189.444815,23,79118.626833
-17.948625,52,79136.290199
-111.933444,32,79146.572131
-126.019138,26,79155.364412
-116.556265,31,79165.657126
-116.425146,42,79179.061841
-119.858233,25,79187.388785
-104.380262,30,79197.205033
-73.598971,32,79206.976568
-149.573623,24,79215.368838
-48.101981,39,79228.153613
-123.997154,29,79237.265178
-118.95051,49,79253.417508
-101.523017,35,79264.939444
-120.000499,34,79276.11259
-98.655029,24,79283.990089
-71.043819,38,79296.038821
-138.434523,25,79303.799057
-40.986923,49,79319.759985
-90.008224,32,79330.307762
-185.616262,27,79339.380257
-95.684199,27,79348.180994
-93.850081,25,79356.061575
-103.017604,40,79369.136056
-105.957983,48,79384.113288
-146.800373,24,79392.290659
-177.111024,25,79570.64288
-85.805262,47,79585.870919
-87.692594,43,79599.697073
-76.832512,36,79611.622156
-185.790289,21,79618.774983
-201.458484,21,79626.016841
-58.168408,40,79638.897924
-48.671126,40,79652.157968
-22.922827,44,79666.476437
-144.758183,34,79677.289396
-171.497717,30,79686.926556
-112.949839,37,79698.924293
-172.449486,29,79708.567789
-108.339233,29,79718.239869
-145.464983,32,79728.717863
-169.216503,26,79737.537078
-218.368827,23,79744.937392
-76.933308,31,79755.690746
-135.12008,34,79766.466026
-88.468275,29,79776.117791
-95.045947,34,79786.638741
-183.983941,22,79794.028046
-134.568472,35,79805.262212
-203.108916,23,79813.080981
-105.398933,49,79828.707904
-80.798956,34,79840.38515
-109.848463,36,79852.681607
-131.515478,25,79860.859821
-52.250045,34,79871.893441
-62.160757,29,79881.659583
-77.878448,44,79895.680889
-75.851961,34,79906.677974
-85.953144,38,79918.95631
-126.132447,24,79927.539253
-133.468616,35,79938.691899
-194.974817,26,79946.620864
-97.033222,28,79955.562309
-145.98863,21,79962.350699
-164.768478,28,79972.413974
-155.864355,23,79980.686985
-155.629271,36,79992.335581
-76.964845,44,80006.60035
-110.983385,26,80015.432606
-180.979814,34,80027.218631
-170.46996,25,80035.504676
-156.785772,30,80045.466436
-68.79431,25,80055.503158
-129.79488,31,80065.964095
-208.077592,26,80074.899039
-172.34086,32,80085.103491
-169.957608,31,80094.917077
-110.317417,39,80107.54323
-263.419378,23,80115.189844
-53.591657,35,80126.314581
-142.486203,26,80134.782355
-110.538962,39,80148.513283
-177.044969,28,80157.753345
-191.338539,29,80166.995412
-134.952475,40,80180.470962
-207.250055,26,80189.337571
-145.902769,29,80199.071082
-101.161722,31,80209.120463
-108.896289,30,80219.057558
-133.799539,29,80228.295524
-83.313808,37,80240.472925
-84.804625,42,80254.035193
-81.75044,20,80260.771872
-117.383443,23,80268.134804
-67.29446,41,80281.407939
-232.347913,28,80290.237625
-96.624717,36,80302.026101
-200.33643,27,80310.84804
-116.033395,27,80319.658319
-126.027715,28,80328.979563
-125.379654,28,80338.190164
-99.036696,45,80353.555002
-70.43749,36,80365.973524
-169.640956,21,80372.940851
-163.865415,26,80382.663864
-108.991868,27,80391.47871
-110.239668,32,80401.914352
-72.035544,28,80411.284357
-125.220832,33,80422.412132
-154.59196,26,80431.825605
-51.41928,43,80444.892109
-133.610867,37,80457.307841
-52.139982,36,80468.852864
-77.646455,32,80479.126794
-158.381648,21,80486.024087
-45.576177,44,80500.447322
-97.378233,29,80509.745525
-96.353116,27,80518.433914
-61.19215,59,80537.775047
-160.295685,32,80547.79438
-106.773195,33,80558.333852
-148.337299,28,80567.143148
-118.081848,28,80576.691952
-101.630039,36,80588.459623
-82.778327,36,80600.330907
-146.28645,31,80610.749247
-86.085266,32,80623.537104
-80.97495,29,80633.806591
-84.106159,33,80645.274787
-56.412836,44,80660.370187
-132.265867,35,80671.445397
-115.018702,28,80680.990626
-136.979598,30,80690.792398
-23.031719,61,80710.665269
-118.718887,23,80718.006981
-117.674791,44,80732.13899
-170.075301,32,80742.654483
-190.846416,35,80753.794557
-74.492311,33,80764.935861
-112.154043,32,80775.779046
-64.235803,37,80787.800743
-156.1588,17,80793.66284
-122.574122,29,80803.176431
-109.706386,34,80813.947616
-80.721003,33,80824.826648
-85.810093,36,80836.693055
-85.00755,26,80844.873445
-155.333697,35,80855.975359
-136.453522,23,80863.59046
-64.3556,33,80874.267243
-136.507383,26,80882.741399
-199.058397,21,80889.65836
-80.80888,37,80901.669635
-73.317779,26,80909.852112
-135.6265,27,80918.739499
-170.203424,25,80926.703292
-90.680913,36,80938.337505
-131.496996,29,80948.055341
-88.022139,38,80960.555455
-151.667447,30,80970.28027
-63.841326,39,80982.829557
-110.184593,39,80995.586565
-105.043014,31,81005.72572
-144.670578,30,81016.254883
-80.763091,36,81027.807222
-115.926059,26,81036.105424
-166.004842,24,81044.929183
-77.270812,27,81054.223228
-94.506927,36,81065.810114
-66.69649,37,81078.29294
-85.354026,57,81097.010169
-73.37313,39,81109.856394
-99.725812,39,81122.432374
-42.716431,43,81136.492904
-33.753349,39,81148.98718
-120.447694,34,81160.487008
-83.073735,38,81173.559616
-75.107346,33,81184.222226
-161.807315,37,81196.024502
-53.874859,36,81208.074798
-89.2862,36,81220.193976
-101.074364,33,81231.076567
-68.178418,35,81242.662674
-164.390587,25,81251.503485
-84.923519,27,81260.720653
-95.398947,38,81273.292064
-91.717614,39,81286.389481
-174.386547,24,81294.147044
-106.161792,39,81307.060578
-77.200041,28,81316.238345
-103.289452,40,81329.092072
-84.126134,29,81338.561396
-143.850923,32,81349.078366
-150.742465,33,81359.928164
-141.368703,36,81371.70201
-135.458895,41,81384.924351
-108.302369,19,81391.619992
-112.888774,34,81402.517105
-109.650314,30,81412.519412
-57.714964,55,81430.636598
-72.843734,27,81440.224372
-89.304644,28,81449.307885
-65.490832,33,81459.980358
-167.599751,46,81474.929251
-178.701216,26,81483.482521
-117.354807,27,81492.307266
-70.324803,38,81504.460037
-70.007612,28,81513.655039
-86.608469,33,81524.174125
-124.453958,30,81534.14238
-92.141954,40,81547.617926
-162.139777,32,81558.801462
-80.443724,40,81571.358907
-96.422177,34,81582.931678
-110.059202,33,81593.633637
-157.255243,29,81603.042748
-142.59809,27,81611.88181
-66.013035,37,81624.051808
-69.943904,33,81634.319156
-72.280479,27,81643.487194
-103.040464,49,81659.523809
-28.905906,47,81674.871919
-117.735475,54,81692.307516
-116.95693,23,81699.475174
-52.569358,35,81710.799704
-109.231214,55,81728.881216
-133.29392,23,81736.391845
-138.013572,39,81749.060711
-103.869086,37,81761.470694
-23.237296,48,81776.615655
-72.999134,39,81789.399122
-146.864818,27,81798.525015
-138.320124,29,81807.791863
-101.176286,51,81823.940138
-97.132749,34,81836.557589
-114.784673,26,81845.06756
-109.883669,39,81858.274246
-155.582149,33,81870.507445
-134.760365,25,81879.624896
-84.892066,37,81891.504102
-51.658021,50,81908.142187
-160.449465,29,81917.909808
-47.89845,40,81930.538509
-114.95066,47,81945.82375
-114.212302,32,81956.063004
-206.017233,27,81965.199861
-109.862677,22,81972.327416
-101.065883,41,81985.523706
-61.72303,40,81998.669499
-65.294086,35,82010.014461
-68.881343,46,82024.463963
-189.712214,24,82033.493677
-40.726897,44,82047.842091
-57.043196,40,82060.361259
-113.364369,30,82070.316209
-211.982553,21,82077.333016
-131.176055,28,82086.278624
-63.99174,36,82098.096506
-118.573626,30,82108.077894
-81.646097,34,82118.469919
-74.751203,39,82131.184023
-73.248741,27,82139.749151
-72.994079,36,82151.929438
-106.387753,35,82163.135799
-89.735085,44,82177.785258
-32.010032,49,82193.503401
-23.176232,53,82210.544204
-128.616589,32,82223.098601
-187.651521,21,82229.882046
-100.140146,26,82238.370454
-106.731652,25,82246.334399
-211.242789,19,82253.033103
-73.401085,42,82266.587637
-169.480701,32,82276.957077
-141.436923,34,82287.941067
-88.98723,40,82301.463427
-59.334254,49,82514.545486
-58.922644,42,82528.528842
-125.547277,46,82544.262367
-19.447295,47,82559.493615
-148.693822,29,82569.086699
-51.278051,47,82584.319548
-89.837172,37,82596.844278
-80.129315,30,82606.671118
-121.950911,28,82616.088045
-86.039293,50,82633.38555
-87.922543,36,82645.294471
-115.99834,41,82658.812833
-46.160038,70,82681.711115
-89.285156,35,82693.29728
-39.808815,43,82707.565588
-81.397869,33,82718.031395
-80.453008,27,82726.720376
-58.666469,47,82741.601368
-99.626915,34,82752.935751
-101.914319,29,82762.640119
-112.725302,31,82772.547347
-85.153893,39,82784.976685
-37.473934,37,82797.474025
-154.678878,33,82809.588802
-209.180024,23,82819.563235
-176.566397,17,82825.653194
-64.168688,42,82841.606411
-94.696847,39,82857.406898
-66.038867,40,82873.360853
-109.125189,33,82885.214936
-173.411396,38,82900.058393
-90.583677,33,82912.240216
-85.969334,34,82923.386135
-111.291753,34,82934.897748
-28.336482,52,82951.798797
-124.486863,35,82963.63571
-105.819464,40,82976.641668
-116.717958,40,82989.815412
-53.731426,47,83005.180995
-86.5416,34,83015.997083
-80.872423,30,83025.418194
-17.121257,51,83043.318521
-167.734349,26,83052.503915
-64.603964,37,83064.87708
-62.05707,38,83077.397198
-44.568467,45,83092.111603
-59.443868,47,83106.803966
-99.984824,39,83120.243632
-212.3114,20,83126.829453
-209.551146,24,83134.849191
-103.785296,32,83145.38067
-35.018051,41,83158.835554
-73.847788,34,83169.79912
-47.441957,51,83186.208131
-39.1008,40,83199.24829
-52.750889,33,83209.930804
-132.290352,30,83220.109065
-55.568832,44,83234.282511
-20.383335,47,83249.351222
-96.236354,45,83263.804477
-64.500752,44,83278.329565
-68.814498,39,83291.188914
-149.632105,35,83302.433768
-120.568083,42,83315.884628
-107.226547,34,83327.400745
-51.548701,39,83340.667033
-100.158107,26,83349.226892
-57.780091,31,83359.376102
-79.375856,33,83370.342947
-132.601027,37,83382.493142
-153.071382,30,83392.182313
-145.150293,28,83401.469072
-79.331873,45,83416.990089
-120.524848,27,83425.994143
-105.962892,31,83435.753924
-151.97275,28,83444.896081
-145.223423,32,83454.932035
-196.102716,18,83461.124697
-98.794935,26,83469.738899
-90.015302,32,83480.286461
-84.836202,29,83489.476886
-64.606644,37,83501.710407
-75.240173,28,83510.854824
-162.628726,35,83521.997993
-65.934826,37,83534.860782
-123.298373,20,83542.757824
-72.953804,47,83557.890435
-80.751875,36,83569.479415
-78.244855,36,83581.080526
-94.54411,55,83599.191413
-96.77832,34,83610.295209
-51.60971,55,83628.018845
-131.708262,31,83637.771955
-158.403603,30,83647.150617
-72.516391,28,83657.415504
-91.887621,33,83668.484431
-95.249424,38,83680.715283
-139.317683,36,83692.37021
-72.640175,33,83703.003187
-56.463748,35,83714.479455
-3.879921,61,83733.934894
-124.661682,45,83748.605885
-69.848843,35,83760.02481
-90.873902,31,83769.964583
-77.006261,38,83782.521913
-191.542244,25,83790.566736
-231.633352,31,83800.603853
-70.711716,32,83810.592585
-112.334549,33,83821.665387
-87.938596,36,83833.753145
-99.479786,29,83843.170874
-229.207533,20,83849.40882
-137.619725,30,83859.018236
-82.03408,39,83871.617586
-156.498824,27,83880.094021
-101.349492,31,83890.267917
-95.308168,33,83900.764609
-143.71929,32,83911.432773
-127.767895,26,83919.798508
-19.591323,53,83936.811055
-52.863003,38,83949.036318
-130.295692,24,83957.476876
-56.801204,36,83969.495866
-110.878357,28,83978.450145
-104.673053,45,83992.702362
-91.83329,33,84003.535583
-46.424425,55,84021.119838
-216.102876,34,84032.416593
-149.848111,37,84044.706008
-83.374918,33,84055.167214
-77.930128,41,84068.719048
-49.41859,37,84080.792619
-172.528275,31,84090.720017
-88.11905,31,84101.241872
-83.58306,29,84110.502532
-82.591229,35,84121.722705
-91.009433,41,84135.050386
-144.367072,27,84144.347425
-155.008051,32,84154.855696
-141.669066,21,84161.796849
-104.313543,37,84173.552678
-91.627947,31,84183.716285
-107.983917,39,84196.484577
-63.479337,41,84209.427593
-29.067675,58,84228.022109
-45.938758,46,84243.035636
-171.305576,20,84249.736305
-62.372454,40,84263.454283
-85.085368,30,84273.160542
-170.462529,26,84281.532901
-118.033247,31,84291.57344
-99.029601,24,84299.616659
-77.003692,34,84310.711053
-99.58542,42,84324.325519
-81.402063,31,84334.472355
-20.050425,61,84353.861054
-103.877692,29,84363.698358
-65.50618,32,84373.970896
-77.585741,28,84382.902612
-41.088191,50,84398.984352
-60.22704,30,84408.752441
-85.239821,37,84421.219311
-57.266766,40,84433.73524
-180.143391,26,84442.616467
-57.140024,41,84455.652948
-53.459579,39,84468.68886
-130.482088,27,84477.390649
-191.524082,31,84487.983284
-78.526825,42,84501.95084
-135.241043,32,84511.770854
-97.244761,35,84523.352679
-131.59119,32,84533.736659
-205.036761,22,84541.405214
-12.685163,55,84560.902242
-91.042389,36,84573.436241
-157.471035,28,84582.413673
-90.189846,39,84595.097541
-35.968591,40,84607.935906
-66.8968,42,84621.967858
-65.323345,37,84634.328912
-76.143029,43,84647.863443
-69.822326,36,84659.950917
-27.089013,47,84675.515677
-32.750846,59,84694.337828
-81.561489,33,84705.411067
-100.876597,33,84716.008964
-96.208599,16,84721.592632
-103.305742,25,84731.043837
-86.516995,32,84741.281801
-100.771673,35,84752.996669
-90.443457,36,84764.87045
-11.182357,54,84782.181489
-87.789693,29,84791.377804
-40.786374,49,84806.956936
-32.266495,40,84820.216837
-95.395201,31,84830.170972
-90.957414,36,84842.031123
-12.829751,66,84865.04581
-82.831641,31,84875.047266
-120.788056,28,84884.246453
-66.778283,38,84896.448343
-41.763168,37,84908.783647
-58.540681,41,84922.011525
-71.813715,49,84937.843522
-157.29283,25,84946.083165
-86.365443,34,84956.691242
-75.849492,26,84964.989337
-89.520716,32,84975.527594
-114.310525,37,84987.120494
-34.331169,43,85000.728575
-65.437015,37,85012.990511
-115.010757,30,85022.528877
-60.210069,42,85035.745233
-16.950754,48,85050.67988
-135.432869,34,85062.066005
-161.301766,30,85071.601491
-55.488131,28,85080.531916
-47.680967,36,85092.317747
-112.285493,42,85105.59447
-58.374058,36,85117.157065
-35.203206,45,85131.916428
-77.624139,30,85141.413319
-94.699537,28,85150.43536
-84.939273,32,85161.259377
-89.89279,28,85170.103496
-60.978136,32,85180.575429
-84.258243,31,85190.715973
-100.449176,26,85199.180989
-50.060022,41,85213.020702
-35.991169,43,85227.30792
-27.682106,50,85243.227337
-26.515723,45,85440.125409
-121.193472,42,85454.489588
-74.377151,47,85469.93361
-143.986254,39,85482.576817
-77.626038,35,85494.093791
-78.237674,31,85504.182593
-115.519474,38,85516.63512
-155.696658,24,85525.053293
-141.753993,37,85537.337682
-83.564298,33,85548.382755
-47.417162,61,85568.33639
-156.585972,28,85577.47727
-82.582531,48,85592.747236
-102.865658,26,85601.104739
-69.047202,64,85621.820581
-69.736611,43,85635.827164
-63.514891,36,85647.941681
-141.852503,34,85659.131851
-58.272235,37,85670.808455
-109.269973,26,85678.966456
-133.358578,37,85691.110273
-89.594789,43,85705.296353
-111.233631,33,85715.986255
-65.500193,39,85728.288619
-131.667691,32,85738.640986
-96.396566,35,85750.861989
-21.280581,47,85766.004555
-72.631308,42,85779.457357
-92.872443,28,85788.424407
-67.46674,37,85800.180153
-87.83468,42,85814.254791
-6.367088,55,85831.614512
-117.311825,32,85841.832285
-100.323643,37,85854.196462
-16.198557,52,85871.351032
-171.202381,34,85882.135317
-63.314348,38,85894.793207
-38.502124,47,85909.791149
-119.650174,29,85919.166647
-63.606475,35,85930.34138
-61.195378,33,85940.886173
-60.467744,36,85952.261007
-82.374318,38,85964.928036
-51.313735,40,85978.008123
-118.738691,30,85987.471289
-61.77278,35,85999.148583
-43.717721,39,86011.582095
-59.881762,45,86026.535824
8.869381,63,86046.853555
-61.545749,35,86058.716107
-116.167578,29,86068.206106
-66.968284,31,86078.742915
-55.658248,38,86091.54656
-105.887927,33,86102.422663
-112.203489,38,86114.880488
-122.349236,43,86128.468263
22.256979,71,86151.589278
-90.125017,36,86163.512763
-119.864854,30,86173.779194
-96.02601,27,86182.469108
-178.014218,22,86189.435751
-108.501915,43,86203.691788
-105.853839,36,86215.527965
-56.344962,42,86229.500883
-57.904182,50,86245.527189
-40.807885,45,86260.011996
-57.455637,35,86271.397205
-42.298502,44,86285.753235
-87.88292,35,86296.717911
-61.875015,35,86308.337824
-56.006377,54,86326.048814
12.295695,59,86345.082189
-124.062923,32,86355.630629
-87.039862,30,86365.326433
55.493136,79,86391.042074
-74.003049,42,86404.683118
-27.049396,59,86424.899745
-88.592217,31,86434.913488
-89.831339,43,86449.259919
-175.471311,29,86458.586731
-70.458533,30,86468.315797
-41.034926,54,86485.887899
-71.181636,29,86495.132493
-80.062533,30,86505.141351
-91.861393,37,86517.009547
-80.498122,29,86526.446696
63.583803,74,86550.399357
-42.265946,43,86564.348275
-60.185224,41,86578.065125
-82.183646,29,86587.213869
-84.492049,32,86598.051111
-26.321109,55,86615.989226
-16.137382,66,86637.164477
-70.828036,34,86648.659365
-65.172714,40,86663.959068
-94.530539,35,86675.386315
-146.505173,28,86684.468656
-85.5801,30,86694.450424
-217.895491,22,86702.050121
-84.631699,36,86713.902611
-77.631544,35,86724.956544
-203.981176,21,86732.488859
-64.52998,42,86746.126777
-35.185578,51,86762.454676
-158.460713,36,86774.4365
-92.506186,46,86789.97994
-73.967935,48,86805.144864
-128.984116,36,86816.622642
-69.87928,37,86829.499245
-51.361296,44,86843.439576
-178.737824,25,86851.593197
-56.018077,41,86864.728121
-47.772903,40,86877.788567
-76.183257,31,86887.969354
-186.000201,29,86897.192577
11.684782,63,86917.804005
-69.322811,35,86929.922148
2.113384,59,86948.867448
-55.634461,53,86966.149751
-135.825765,36,86977.771903
-43.959492,47,86992.596142
-23.642932,40,87005.345208
-66.940865,39,87017.962244
4.245446,55,87035.493192
-77.466763,36,87047.379504
24.314207,62,87067.698938
-106.310845,37,87079.980367
-156.23645,25,87088.134333
-77.557348,35,87098.9897
-111.51281,37,87110.726761
-101.440188,33,87121.475276
-43.286475,49,87137.520733
-38.326793,42,87150.920468
-50.441575,61,87170.514896
-96.622341,38,87182.75591
-2.381785,53,87199.521482
-59.499801,39,87212.155834
-105.372333,49,87227.796824
-131.039655,28,87236.523437
-68.989466,35,87248.47135
-113.245483,27,87258.308254
-127.384714,30,87268.222823
-49.334498,50,87284.506008
-84.291179,33,87294.819692
-79.867572,36,87306.765489
-35.101584,44,87321.278578
-63.368727,54,87338.689497
-63.941356,39,87351.483445
-85.186099,31,87361.592894
-65.095334,38,87373.61659
-112.022275,39,87385.891862
-67.243277,31,87396.229424
-99.75434,42,87410.403924
-45.123152,44,87425.136077
-44.229956,45,87439.955471
-87.088034,35,87451.171686
-91.126453,24,87458.872107
5.42479,56,87476.81255
-38.984865,52,87493.822352
-52.010062,41,87507.191625
-95.840322,38,87519.302776
-32.651708,46,87534.071835
-93.665013,30,87543.744294
-66.491677,34,87554.985764
-74.881451,42,87568.208434
-150.628212,42,87582.05905
-62.944985,47,87597.645653
-31.71823,42,87611.109373
-31.165571,53,87628.159217
-60.344247,38,87639.929937
-81.665437,41,87653.000605
-60.805016,52,87669.516182
-158.434354,35,87680.898439
-148.230593,39,87693.523891
-23.858293,50,87709.724004
-44.457348,55,87727.30739
-39.296861,49,87743.161569
-52.186562,48,87758.577112
-16.758924,47,87773.532783
-158.066595,29,87782.982754
-54.411034,41,87796.676041
-36.684609,54,87814.187935
-31.230561,51,87830.688629
-24.681792,46,87845.545213
-47.225273,39,87859.059871
-72.805439,42,87872.705896
51.943613,69,87895.128913
-80.216266,33,87905.975844
-110.211777,34,87916.659223
-60.097707,33,87927.363375
-60.367557,39,87939.920657
-37.010636,46,87955.133798
-119.800555,30,87964.902886
-19.372934,48,87980.401224
-37.596613,44,87994.741124
-58.694637,64,88015.53517
-106.826669,36,88026.833272
-55.121534,35,88037.703055
-60.976812,44,88051.99631
31.726174,67,88073.700465
-87.148819,27,88082.347994
-97.398338,41,88095.85354
-91.059292,40,88108.350586
-44.91342,39,88120.987142
-21.024316,57,88139.058171
-80.959081,41,88358.846968
-150.94544,31,88369.368344
-38.986772,53,88386.751893
-117.113984,34,88397.762785
-108.56524,31,88408.161496
-88.325431,47,88425.282626
-63.736019,37,88437.443592
-46.907289,41,88451.480737
-15.835743,52,88469.095008
-89.643789,38,88481.89512
-85.528019,36,88493.346671
-55.647646,42,88507.321431
-59.323963,57,88525.346141
37.046672,75,88549.744389
-46.344698,44,88564.037477
-46.75965,38,88576.734389
-20.207636,48,88592.264427
-1.557662,62,88612.60534
-78.615122,33,88623.337027
-59.176056,41,88637.207827
27.697237,73,88660.790532
-22.879638,58,88679.611133
-66.580774,39,88692.194228
-61.011142,40,88704.962038
-190.460095,21,88711.28463
-59.799056,38,88723.384148
-43.707717,54,88741.066487
-7.222434,59,88763.255994
-49.445301,37,88774.858112
-36.229021,47,88790.331561
-80.091877,40,88803.138611
-66.97484,49,88819.359579
-82.996578,29,88828.977082
-91.223851,30,88838.869776
-54.24102,46,88853.740807
-32.712354,56,88872.036882
33.673071,60,88891.167528
-81.722866,39,88903.819165
-54.395717,41,88917.130922
-95.833517,30,88926.365695
-60.139382,38,88939.093746
-43.972764,41,88952.588262
-79.841498,48,88968.019936
-76.109593,46,88983.359033
-73.301747,33,88994.34078
-111.271676,27,89002.825361
-24.358027,44,89017.290666
45.367002,76,89041.438587
-54.5588,39,89054.802612
-130.600345,34,89066.289255
-59.978852,39,89078.963979
-61.678112,36,89090.263613
-84.525267,43,89104.093235
-70.493195,29,89113.705201
-50.518222,55,89131.36377
-36.401044,48,89146.764796
-52.335552,45,89161.517105
-82.872173,38,89173.999398
-70.182832,36,89185.774993
-120.64994,25,89193.600674
-62.426068,65,89214.228197
-165.025016,42,89227.914758
-76.833552,55,89246.100336
-56.301775,47,89261.123035
-70.683705,34,89272.64951
-124.5874,28,89281.614024
-1.891214,60,89301.834731
-33.920911,40,89314.645098
-77.890171,38,89327.296526
-14.511258,51,89343.901094
45.429005,65,89365.426806
-76.988069,32,89375.967686
20.765656,68,89397.668005
-137.655893,32,89409.123371
-80.518877,37,89421.038208
-79.999266,39,89433.356444
-76.037735,49,89449.10129
-40.256598,54,89466.741274
-46.136885,51,89483.177233
-104.690002,32,89493.521861
-52.214583,42,89507.528563
-82.180977,36,89519.081037
-55.245716,33,89529.637279
-39.512832,41,89542.954627
-36.991632,43,89557.038689
-40.136931,72,89579.971229
-117.756259,36,89591.720387
-43.422149,42,89605.684658
-32.716351,54,89622.816755
9.945075,60,89642.830203
-20.831838,45,89657.902731
-78.059262,44,89671.876155
-162.443495,36,89683.776849
-94.172391,37,89695.718684
-109.328363,26,89704.504995
-4.3282,55,89722.652009
-90.057876,29,89731.793408
-85.392574,28,89741.377111
-83.943294,35,89752.769063
-41.707377,43,89766.374612
-73.388079,36,89778.248768
39.372668,73,89801.865924
-79.044042,45,89815.914733
-39.975115,46,89830.940221
-6.632906,53,89848.389683
-76.975638,31,89858.029579
-1.106782,59,89877.131978
-74.796029,35,89888.488355
10.638705,62,89908.851785
-88.606056,28,89918.203737
-60.888467,45,89932.689353
-82.019665,37,89944.695477
-86.9451,33,89955.586415
-82.30234,37,89967.76776
-52.87797,37,89979.550109
-71.769526,35,89990.512004
-24.655672,49,90006.502316
-103.464188,34,90017.822783
-10.382123,62,90038.177007
-104.584558,34,90049.228227
-115.24062,41,90062.1578
117.293087,99,90094.868277
-65.291391,43,90108.411282
-1.88014,54,90125.979914
-19.718085,50,90142.733865
-7.314429,63,90162.983047
-31.769215,49,90178.563383
-60.940365,49,90194.167859
-72.424762,33,90204.727085
-36.575471,48,90220.38357
-118.970486,47,90235.878214
-60.546982,32,90246.340866
-54.269128,38,90259.611476
-10.988213,60,90278.772447
-69.478885,32,90289.204037
-14.207375,56,90307.512634
-95.232734,37,90319.631164
-109.227824,34,90330.479924
18.995423,60,90349.867135
-92.625891,49,90366.309949
-83.56343,40,90379.251821
-9.522915,56,90397.383591
-93.071789,40,90410.401726
-80.427423,35,90421.722776
-199.569734,24,90429.879542
10.409212,81,90456.008294
-84.759443,37,90467.627989
-54.478141,69,90489.843368
-28.591496,47,90504.78487
35.626105,73,90528.677137
-206.916664,31,90538.444913
-17.658187,74,90562.751685
41.466699,78,90587.775667
-33.493402,63,90608.53976
-91.323386,39,90621.229423
-31.955453,53,90638.480537
-6.238986,48,90654.12672
-75.139416,42,90667.982873
-54.693421,44,90682.155303
-1.925115,71,90705.315755
-17.373111,56,90723.481549
-102.431133,38,90735.842585
-5.580808,56,90753.845825
-71.37356,43,90768.295097
-29.849399,48,90783.749177
-134.818073,36,90795.291138
28.494635,72,90819.082967
-55.352492,39,90831.738482
-58.402319,47,90846.940364
-30.599149,54,90866.75051
-69.312269,46,90881.981508
-25.240224,51,90898.59745
-52.021078,45,90912.991407
-44.804784,40,90926.010894
-36.188181,44,90939.976532
-30.545325,51,90956.689384
-1.421652,56,90975.135585
-7.18064,71,90997.818423
27.850943,75,91021.589509
-31.103181,49,91037.690881
-20.899093,50,91053.924476
115.996838,93,91297.605099
-15.86733,46,91312.840372
-64.804368,31,91322.693934
-49.770763,36,91334.493528
-82.437795,23,91342.168845
-82.951887,31,91352.280168
-28.33342,49,91368.028504
-64.586432,44,91381.77936
-58.890818,40,91394.978513
-4.767232,51,91411.532051
-16.047665,51,91428.149627
-61.078642,56,91446.373255
-27.075542,48,91462.881797
-9.631834,50,91479.516882
-60.205551,35,91490.726375
-94.938583,31,91500.913122
-35.92167,45,91515.687033
-52.656583,37,91527.01584
-8.942126,44,91540.882582
-96.522046,25,91549.137451
-26.303647,55,91566.275789
-57.245386,38,91578.874492
-5.301894,61,91598.65487
6.582589,67,91620.267681
-57.672099,39,91632.966157
-49.196773,36,91644.385187
-111.856058,48,91660.029322
-74.802378,33,91670.664041
-43.072898,46,91685.363681
-35.012842,50,91701.88708
-106.070798,47,91717.224783
-48.416392,41,91729.959736
-19.795929,45,91745.052558
-55.166405,38,91758.120876
49.808892,72,91781.501366
-55.575537,38,91793.750715
-64.68242,36,91805.371338
61.068888,95,91836.112946
8.646504,64,91856.429944
-53.428602,34,91867.842619
-64.234537,37,91879.641015
-70.729126,39,91891.709185
-52.488339,43,91905.728233
39.565021,79,91931.67727
64.124282,72,91954.534724
-35.487076,50,91970.312172
-61.311909,55,91987.760228
63.530806,68,92010.34599
-44.367312,44,92024.603467
1.427854,62,92045.081892
31.32072,79,92071.128292
17.534421,62,92091.339623
-7.77678,58,92110.247108
29.849657,82,92136.998414
-6.703929,56,92155.019087
-45.395412,45,92169.299958
-171.254667,23,92177.508185
-74.182327,39,92190.281512
-44.043725,41,92203.415558
-51.251896,60,92223.519352
-94.353809,29,92232.903476
-76.388857,36,92244.621873
-89.915486,34,92255.38051
-70.215885,36,92266.995178
36.790886,69,92289.435355
-30.104191,70,92312.26933
-57.381308,31,92322.022983
39.329261,73,92346.115411
-30.368134,44,92360.989368
6.594046,56,92379.10281
-2.285347,57,92397.733446
65.491326,73,92421.6886
-2.007501,51,92438.342846
-100.423778,26,92446.657152
-54.336428,54,92464.321509
-89.587844,49,92479.674163
-18.526231,51,92495.933304
-68.215254,40,92508.722562
-12.315933,48,92524.677215
14.968888,62,92544.303595
84.43488,79,92569.972237
-85.311334,26,92578.421024
-84.863062,43,92592.391201
-42.880802,57,92610.549831
-74.991623,59,92630.700695
-50.691485,67,92652.924059
-16.071777,50,92669.119308
-41.347642,61,92688.61474
-46.366336,62,92708.511381
18.084412,68,92730.831623
-21.695673,48,92746.181975
-13.423632,54,92763.740389
107.22373,96,92794.105417
15.633626,66,92815.18213
-30.475116,41,92828.497134
-50.158961,41,92841.756612
31.236262,68,92864.339161
6.278551,59,92883.100714
-5.732352,54,92900.700051
9.751779,70,92922.946365
19.989239,64,92943.87887
-46.34112,43,92960.556304
18.748161,58,92979.715133
8.745104,59,92999.014235
-183.754394,25,93007.095461
-19.150631,50,93023.187739
19.945212,64,93044.026357
9.510671,56,93062.445873
121.012359,86,93090.471467
-81.71113,34,93101.547779
-51.359271,40,93114.749151
30.338486,69,93136.800978
-87.513484,34,93147.429825
-14.413161,49,93163.373304
-60.790208,33,93173.880348
-20.265927,57,93192.607334
-74.209713,40,93205.313416
15.947378,61,93225.150018
179.27687,111,93261.40214
-36.881166,48,93276.910532
28.687304,66,93298.53465
-45.523458,37,93310.068807
-23.887775,59,93329.295723
-67.281166,42,93342.593866
57.957591,71,93365.361048
82.434295,73,93389.159087
-8.883092,57,93406.94805
-29.107741,42,93420.626266
0.472326,54,93438.332093
7.838586,61,93457.750178
7.990837,60,93476.837405
-51.770982,36,93488.14355
-19.965069,52,93505.106766
-60.001333,40,93517.598037
80.72624,81,93544.420481
-80.695162,28,93553.326852
-22.44371,42,93566.861987
-27.472217,46,93581.370827
-153.957502,46,93595.813874
6.314153,60,93615.382885
-3.710245,52,93632.068711
-39.609979,41,93645.321479
-95.619215,32,93655.531938
-67.971659,38,93667.551565
-50.416766,40,93680.595736
0.860379,66,93702.04128
-16.752525,71,93724.893397
-38.627399,42,93738.782157
-0.74798,59,93757.708874
0.360354,58,93776.234501
-8.926209,47,93791.580204
-94.958238,39,93803.621979
29.163426,68,93825.386988
-2.427455,64,93846.21935
-19.449086,52,93863.050747
-55.636848,39,93876.300487
3.957398,60,93895.815332
-54.141917,45,93910.115808
-31.33935,47,93925.240115
-46.415473,43,93939.279983
48.231655,67,93961.267015
-6.410383,71,93984.473907
-25.232434,49,94239.942316
-34.840792,42,94253.697343
-41.749606,50,94270.019004
100.939849,82,94296.928844
105.047907,89,94325.470172
155.043614,107,94360.027004
-117.994825,38,94372.359284
-33.257096,43,94386.625106
-13.644126,51,94402.631224
-115.178338,50,94418.645055
-11.178516,51,94435.394648
24.446536,65,94456.918286
2.184714,66,94478.618716
-0.460273,59,94498.016029
-18.10958,50,94514.373285
-19.692657,54,94531.539147
-31.83935,50,94547.523366
-96.849478,54,94564.835078
26.823606,63,94585.666342
1.828794,61,94606.588746
-7.903488,50,94622.74882
116.43914,99,94655.121628
-81.4927,44,94669.545339
109.448604,95,94700.384812
-72.314376,40,94713.408662
6.757697,53,94730.10296
-61.427911,33,94740.812207
-42.401481,38,94754.012953
-3.301575,52,94771.298024
-50.818476,48,94786.548927
72.381036,79,94811.90114
117.513799,91,94841.163925
17.176309,73,94864.428591
47.904066,62,94884.46944
-4.853121,58,94903.106152
-71.746826,43,94916.814163
-16.828243,61,94936.192264
-88.312645,43,94950.160137
-55.753588,41,94963.625131
101.914507,91,94992.791323
-66.517914,41,95005.865128
21.246223,66,95027.245732
12.777255,60,95047.101559
50.604227,71,95072.531206
119.554901,97,95104.108643
-84.783452,45,95118.52576
52.841778,81,95144.975729
-46.47627,38,95157.327776
-75.919063,47,95172.157717
-15.566729,56,95190.044561
60.187383,72,95213.831622
43.102107,69,95236.645632
-35.558761,38,95248.998583
-6.030144,62,95268.887965
-52.329888,51,95285.105497
78.365769,77,95310.113976
17.222341,68,95331.96696
64.422816,77,95356.64033
-29.687969,46,95371.473747
43.269832,74,95394.851431
10.015191,55,95413.881092
6.672401,51,95436.179972
46.823804,71,95461.474535
1.523424,58,95480.218469
153.673389,105,95513.77037
33.239798,63,95534.307857
2.765082,63,95554.446806
-17.30103,46,95569.255917
-25.300418,56,95587.029837
27.977546,84,95614.06262
32.445899,61,95633.985829
-29.948405,52,95650.699723
-27.334054,55,95669.206639
-81.822104,44,95683.792258
-35.583382,46,95698.883989
-7.603265,52,95716.113667
-6.045821,60,95734.825871
-23.993351,52,95751.532238
-39.859046,42,95765.476804
90.337493,85,95792.749593
85.971789,87,95821.019497
8.59909,57,95839.260501
-54.168342,42,95852.502462
-3.250418,57,95870.940102
-18.507006,57,95889.641811
-9.390032,63,95909.710953
0.503658,62,95929.59613
13.034533,58,95948.697769
16.185398,78,95974.222231
73.690724,81,96000.800956
12.337268,59,96020.048346
18.753883,64,96040.728563
3.52404,57,96058.948475
86.34332,95,96089.091939
-38.653127,45,96103.479937
-27.363147,40,96116.810819
-41.138103,47,96132.339005
5.525744,74,96156.654019
41.894426,80,96182.54729
56.69107,77,96207.055561
44.140485,68,96229.029407
26.139636,61,96249.252671
-24.397288,45,96265.081574
45.991279,70,96287.618787
-0.191011,55,96305.018574
46.800929,69,96327.599996
172.521887,105,96361.38757
202.63005,121,96400.917679
-28.841342,46,96415.835555
-11.847489,63,96436.632428
5.191644,56,96454.395934
85.586444,81,96480.571602
62.355065,79,96505.608099
-14.524677,56,96524.356893
-60.119896,36,96535.58418
-23.741549,48,96551.635209
98.53652,87,96579.947747
-29.886842,44,96594.158324
29.079823,63,96615.717933
-23.370511,59,96634.74669
75.079365,76,96659.697676
-3.688701,54,96677.453127
105.686639,88,96705.957606
-8.860004,58,96725.038201
10.128537,62,96744.809737
-6.658585,54,96762.269011
-11.846079,61,96782.183457
128.750556,100,96814.603225
-16.412225,45,96829.064899
5.449951,68,96851.072625
18.028269,57,96870.683338
70.188709,78,96896.467437
-45.311183,42,96909.598427
-5.418718,60,96928.960333
0.735089,52,96945.60896
146.949329,99,97252.814011
140.97234,99,97285.046542
307.37869,140,97330.358684
28.143402,63,97350.697721
16.060214,66,97372.076058
230.307181,124,97412.071669
20.171176,56,97429.673979
70.710483,83,97457.065931
-9.075606,54,97475.649175
0.379254,55,97493.412276
95.290792,91,97522.901717
-25.080486,48,97538.02872
114.799768,88,97566.509382
-0.238588,66,97587.58738
28.828203,65,97608.588414
73.921854,87,97636.980806
-18.880764,54,97654.422254
107.975086,100,97687.122771
74.294942,80,97713.290298
66.786677,75,97737.704375
30.170569,61,97758.780971
105.950773,84,97785.849993
235.836985,116,97823.138878
100.176755,91,97852.947291
3.563328,59,97872.349279
46.564577,72,97895.187758
86.645983,82,97921.301582
72.885058,85,97948.811095
30.642902,73,97972.299262
-12.23625,58,97990.920956
165.383544,108,98025.918809
93.432961,77,98050.936431
46.898288,67,98073.643492
42.800339,66,98095.069062
47.159199,91,98124.949164
6.956068,62,98145.108701
10.248562,60,98164.686919
111.710141,86,98192.483582
50.718026,71,98215.805474
-24.378387,57,98234.07716
73.167033,80,98259.969968
75.549022,85,98287.412162
180.126052,100,98320.088205
22.480571,63,98340.288188
93.458044,81,98366.495903
2.024052,55,98384.08021
108.359614,92,98414.325012
19.628511,63,98434.677562
347.454566,169,98488.642475
49.345832,70,98510.78955
-10.358368,49,98526.702488
37.545836,72,98550.266528
-31.675495,48,98565.678601
37.814264,71,98588.323637
-26.798432,51,98605.563466
3.056925,53,98622.658794
-11.360731,47,98637.498734
42.054445,70,98660.857858
62.724824,68,98682.999797
-61.757753,42,98696.401765
4.880596,59,98715.127443
73.091995,91,98745.107243
34.385976,67,98766.321661
66.418394,76,98790.701043
9.144763,55,98808.418672
-52.031711,40,98821.684628
58.238814,80,98847.399866
115.188848,92,98876.56014
-55.02559,49,98891.890681
147.030612,101,98924.117085
125.455713,95,98955.733115
-40.45011,48,98971.033126
21.65751,65,98992.421612
62.413818,77,99018.476689
300.708629,142,99063.875826
116.030529,89,99093.434045
46.820477,68,99115.494303
-36.149298,43,99129.591464
349.765355,158,99181.083544
181.488244,112,99216.78482
219.248719,124,99259.258027
-3.068115,55,99277.525852
-14.68053,45,99292.647026
-19.185525,53,99309.796224
186.684644,108,99344.46392
68.132577,77,99368.943307
141.103425,103,99401.574586
33.500423,64,99422.330417
32.392089,58,99440.87196
164.950301,107,99475.666867
286.581159,136,99519.582536
39.959276,72,99543.062874
63.766641,74,99566.922933
78.362386,78,99592.745449
111.636081,93,99622.084029
-18.702373,49,99637.625857
180.398829,114,99675.037626
71.382136,85,99702.530318
50.54059,75,99725.693377
99.80696,90,99754.615569
10.636079,57,99772.474525
106.232775,77,99798.008912
241.385467,126,99838.607806
153.321643,109,99875.396188
-32.750972,54,99893.595922
-7.534617,52,99910.315646
181.936193,108,100186.244755
-32.798929,56,100205.618209
27.494743,64,100227.648519
-28.924612,46,100242.378698
121.618394,92,100272.338766
62.96038,75,100296.28164
94.620396,88,100324.401659
7.580341,58,100343.216458
37.754518,70,100365.860791
39.017483,80,100391.868838
32.351285,66,100412.641126
-31.454269,55,100430.44813
15.236632,60,100450.304936
64.279694,73,100475.326737
21.004028,65,100495.978
345.715036,139,100541.771959
197.227882,111,100577.784223
53.390107,74,100601.715355
96.196114,93,100631.690399
-0.887137,62,100651.216983
111.076839,98,100682.890018
136.29156,99,100714.664953
68.183886,82,100741.215802
31.654518,62,100761.754499
138.785985,98,100793.566143
20.797167,61,100813.615699
63.161855,74,100837.43593
45.839759,65,100858.287918
167.118928,105,100893.144453
-3.049753,54,100910.555771
34.064558,79,100936.285268
191.963358,111,100971.994781
-24.945994,46,100986.547177
51.932997,69,101009.03192
609.969882,199,101074.627258
276.177163,146,101122.492766
194.530523,122,101163.057186
52.799422,79,101189.438754
292.144134,132,101231.946917
134.763449,97,101263.556669
-8.875347,54,101280.553964
76.596901,87,101308.354303
145.705703,99,101341.050316
431.481235,179,101402.204979
185.216986,106,101437.271955
634.883864,206,101503.931105
88.413803,77,101528.875607
-13.78912,51,101546.172806
-90.783629,51,101562.426711
213.016245,118,101600.55079
108.767287,103,101633.982024
72.495962,87,101663.40544
-39.900237,50,101679.558034
8.293538,61,101698.988488
75.545853,76,101724.30584
169.339758,109,101759.673726
268.854579,139,101804.464861
-9.672046,49,101820.748794
50.487128,72,101844.671823
62.004068,81,101870.099512
134.381256,96,101900.8366
-43.721947,54,101918.503075
305.655636,137,101962.852399
-73.900067,35,101973.674463
162.132556,107,102008.200706
125.998198,91,102038.246015
-28.019654,46,102053.54877
113.565367,88,102082.757264
208.557118,118,102120.867936
109.218287,89,102149.509469
163.737462,104,102183.66609
218.463525,116,102221.199589
0.383705,73,102244.485119
27.524091,62,102266.028673
0.941036,56,102283.748797
-53.421685,53,102301.385963
128.642997,102,102334.475103
-31.424694,47,102349.901983
92.647495,86,102377.655396
12.013611,60,102396.746109
125.411649,91,102426.242989
104.017386,88,102455.293928
66.054601,83,102481.888653
52.216406,72,102505.026318
135.1465,110,102540.790951
43.357939,74,102564.576984
62.844128,69,102587.13704
270.91213,132,102631.740978
83.859036,84,102659.154711
6.047039,59,102677.970428
-10.807944,56,102695.903939
57.673368,77,102720.402272
81.101622,84,102748.284544
63.759638,83,102775.363076
-31.835533,59,102793.943665
32.840095,63,102814.629498
-40.50029,44,102828.878386
40.186614,64,102850.329168
35.557195,77,102875.491609
131.022286,102,103176.707482
200.36665,119,103215.546999
92.857039,86,103243.216985
8.764044,66,103264.236687
78.303455,88,103292.96422
64.076917,78,103317.784954
-0.832052,51,103334.670925
6.850326,52,103351.109058
110.900028,102,103383.460579
85.088196,86,103411.634669
-44.295642,46,103426.637864
89.684184,85,103457.030392
187.529087,114,103495.294718
2.987168,65,103517.246843
34.049184,73,103541.105211
-21.993579,50,103556.748189
155.152142,106,103591.989479
26.772312,64,103612.840761
-61.365997,39,103625.403768
-51.299755,53,103642.964107
277.16828,140,103688.512573
21.523637,63,103708.975092
-51.893544,44,103723.318834
18.306737,55,103741.327823
172.876778,112,103778.273403
-38.16082,58,103796.541811
526.80377,185,103856.399306
75.472114,85,103883.799452
60.042501,72,103907.425955
40.913705,69,103929.903284
159.875572,111,103965.631763
58.954414,74,103989.1853
-15.802705,54,104006.489672
5.551096,69,104029.336898
243.658123,130,104071.470592
40.738253,73,104095.335634
-50.328461,40,104107.566617
107.397916,90,104136.564938
47.94485,78,104162.156586
84.137579,86,104190.306355
192.029166,99,104227.995108
-8.319371,51,104247.183563
218.836162,114,104284.649904
-21.533926,49,104300.44284
33.095899,62,104320.549486
185.423723,114,104357.559187
396.532573,163,104411.023266
53.215475,73,104434.758056
195.289594,110,104470.273129
112.880201,87,104498.500762
95.762641,83,104527.326945
-33.763166,47,104543.159513
86.473492,79,104568.512765
51.104525,73,104592.626531
84.161297,84,104619.309099
265.226906,138,104671.759745
37.404046,73,104697.634406
262.377446,128,104745.454069
120.910453,89,104774.496479
197.355758,100,104807.253455
439.991659,170,104862.793113
151.273286,98,104893.800996
-37.179683,40,104907.006554
-26.419954,50,104922.769465
99.447103,81,104949.382762
115.374915,88,104978.106005
167.687287,107,105012.711884
28.751306,70,105035.272521
77.934513,84,105062.136429
357.30846,141,105107.71344
161.722083,110,105143.470081
-44.431089,40,105156.358558
354.71399,157,105207.653449
32.24661,70,105229.969917
60.536069,80,105256.249746
124.603853,93,105286.500678
153.499456,103,105320.105317
261.39334,138,105364.268345
75.694717,73,105388.158983
101.234623,89,105416.491724
46.733041,68,105439.192634
109.71736,88,105467.103608
80.980502,83,105493.844628
196.489064,110,105528.593051
210.630086,117,105569.327917
341.460393,143,105615.927235
147.992622,105,105648.938717
60.037432,70,105672.14817
48.212124,74,105695.792587
372.089746,137,105740.215567
87.127829,84,105766.571893
143.233967,99,105798.3298
241.677363,157,105848.498069
30.154933,70,105872.230959
226.086061,121,106233.463816
58.571351,75,106257.530807
7.308117,54,106274.740186
44.817044,73,106298.347557
147.131716,100,106330.695667
-54.693485,46,106345.784376
22.216799,65,106366.163725
36.599592,77,106390.725864
138.436933,96,106421.817919
108.683329,88,106450.015624
368.470196,160,106502.76497
64.519332,78,106528.570549
394.225533,157,106578.712518
39.019481,65,106599.910549
105.519301,112,106636.094804
94.895267,80,106661.975682
164.062534,109,106697.107982
89.254233,78,106722.019128
32.60751,67,106742.664309
157.171396,102,106776.550075
186.83766,111,106812.7411
64.698911,75,106837.24595
-0.827517,64,106858.053751
-5.26107,57,106876.307407
64.376884,74,106899.699607
17.541625,63,106919.996243
63.751687,72,106943.773143
56.53452,72,106967.382815
146.272465,107,107001.769491
-45.571717,36,107013.570974
119.122617,103,107046.893131
232.867182,123,107087.957659
45.104775,78,107113.110674
147.358309,103,107146.202912
138.515549,104,107179.281559
22.623934,64,107199.37816
243.408766,127,107240.419223
47.156978,67,107261.646199
-32.839139,51,107278.008862
318.348383,144,107324.157443
198.062631,110,107360.383237
113.273015,96,107392.255591
189.607653,115,107429.56868
54.193081,74,107453.06557
192.767565,109,107487.181249
-43.115964,59,107506.075367
473.366621,188,107566.446976
237.097968,126,107607.373818
275.213507,141,107653.182971
134.160463,96,107689.29401
163.663957,107,107725.543445
150.601761,103,107760.816467
623.27962,202,107830.361168
88.83596,93,107861.172999
46.805889,71,107883.784188
1.117716,63,107904.202475
54.148879,78,107928.913555
109.047099,82,107955.850425
68.629069,90,107984.578721
-1.720577,76,108008.533173
55.419265,75,108033.276871
320.194401,153,108081.20147
10.57547,72,108104.269924
64.683796,88,108133.20323
137.28105,97,108163.921286
70.073076,90,108192.474107
-35.949387,41,108205.448418
153.029252,111,108241.256623
144.655957,100,108274.368895
165.309032,121,108314.000814
0.149042,58,108333.099886
193.021959,109,108367.858404
134.190252,95,108398.182844
-33.257572,50,108414.343546
171.894103,109,108450.147895
327.781168,147,108496.946967
88.223548,89,108525.188537
161.970578,109,108559.843835
123.270908,100,108592.082071
98.437855,96,108622.973681
18.669234,55,108640.366826
290.999576,139,108684.874221
120.670255,96,108715.885741
45.531905,70,108738.164188
-58.177283,51,108754.021921
26.287088,63,108774.491915
107.976326,91,108804.026219
52.992463,70,108826.247866
393.642888,162,108878.590259
655.412936,216,109273.787831
239.19967,124,109314.497974
85.939549,76,109339.691883
27.21973,68,109361.185103
860.785905,242,109439.422573
36.780767,75,109465.78724
51.497413,73,109489.677088
88.546496,81,109516.145242
-60.235631,45,109530.401333
96.78414,84,109557.454381
173.191879,108,109592.749309
27.026854,63,109613.057035
-2.323672,57,109632.044736
8.264147,64,109652.41915
-18.31155,68,109673.998724
122.372173,93,109703.995127
192.039383,122,109742.775513
63.613077,81,109771.622416
998.21592,267,109859.503414
122.248509,95,109890.306294
184.265884,109,109924.811922
9.807285,57,109944.149412
1.550817,59,109962.443148
96.486371,88,109990.445983
225.406925,119,110028.895734
389.704741,159,110081.475155
296.193054,148,110128.80738
6.088451,54,110146.010909
128.52624,100,110177.790823
207.21779,120,110215.983891
40.763686,63,110236.276096
284.643838,133,110279.039845
364.424747,154,110328.918169
101.67752,85,110357.016407
424.061202,174,110413.506947
181.300561,115,110450.851837
190.068585,106,110484.729603
11.252968,64,110506.006494
71.179318,87,110533.347288
-51.098191,36,110545.364837
83.893319,81,110571.716188
186.646749,117,110609.810772
209.40599,117,110647.156805
-12.617545,59,110668.124803
166.11079,105,110702.578541
141.835355,102,110734.898443
88.711504,89,110764.062489
634.625972,204,110830.257701
8.203419,57,110848.428572
74.828911,81,110875.143909
72.146142,74,110898.628924
148.480778,104,110931.755154
277.008415,136,110975.175665
256.815863,140,111018.970074
17.236757,74,111042.740431
114.332883,92,111072.251818
-30.1183,59,111091.305832
159.48515,103,111123.768113
41.880042,71,111147.221847
516.076139,184,111206.087654
59.297527,82,111232.470072
319.307967,139,111278.82181
165.547083,104,111312.361653
199.273472,117,111349.953109
43.632693,72,111372.515203
-20.2264,52,111389.291978
27.250591,67,111411.031008
264.419322,136,111454.09401
2.381713,67,111475.648487
32.862506,62,111495.999197
810.614547,233,111571.346552
195.497825,122,111611.442309
228.295163,137,111655.131136
219.225688,122,111693.909204
470.367922,185,111754.52527
25.120058,69,111776.692931
288.901734,141,111822.363581
-44.786737,38,111835.783408
389.871653,173,111893.476619
33.343772,87,111922.178382
951.267789,264,112419.891901
231.999759,130,112462.891821
44.592571,76,112487.581885
-38.088917,45,112502.306079
147.339732,91,112532.120377
230.965472,114,112569.322697
110.187202,93,112598.98552
588.195817,214,112669.151229
84.409919,87,112697.003243
248.736525,138,112741.104621
21.911622,80,112767.061176
152.258823,101,112799.325774
261.784023,131,112842.584826
314.2805,144,112889.034819
167.807216,106,112922.701668
-6.802654,51,112939.052647
389.320919,171,112993.941397
149.313434,104,113027.030995
228.457877,118,113066.873491
282.107152,125,113106.592586
-30.774292,66,113127.991367
138.590096,116,113165.975649
121.982847,92,113196.085793
439.940081,171,113251.522248
37.181729,76,113275.591308
270.504234,127,113316.898503
-69.975688,46,113331.351248
312.704569,144,113380.036019
178.900855,102,113413.184094
97.537255,89,113441.683485
108.774637,94,113471.659501
55.778432,79,113496.733043
-58.188222,60,113516.272033
20.422122,71,113539.07494
13.85923,81,113564.635088
7.936352,65,113585.037729
331.949522,155,113635.760052
61.435005,70,113659.204619
534.721493,186,113719.888843
710.986741,225,113792.071097
61.305027,80,113817.232248
783.976743,236,113893.579777
265.621434,134,113936.367672
482.160227,200,114002.052024
286.385375,131,114044.93546
287.781335,140,114089.26815
159.303618,117,114125.799484
222.85583,121,114165.127556
54.129554,74,114188.403095
158.018854,106,114221.731769
161.752658,101,114254.080182
62.964604,80,114280.501583
361.64492,154,114329.406856
166.376368,103,114363.038197
251.172976,135,114406.731435
716.517174,216,114477.138417
254.161223,128,114517.854858
101.539996,92,114547.889914
-17.965973,64,114568.708226
687.695176,224,114640.902456
24.438836,62,114661.031057
271.248565,157,114710.503804
154.231866,113,114746.903081
324.127177,140,114792.223391
71.024757,88,114820.563282
137.061638,100,114853.476995
15.937777,56,114871.793144
442.326645,170,114926.786112
137.331759,109,114961.025686
27.033893,64,114982.406724
480.435841,180,115431.807668
281.503067,142,115480.008366
299.790875,137,115524.561397
464.380285,177,115582.103841
422.809518,164,115635.915573
307.575273,147,115682.673916
324.654653,140,115727.959886
15.254427,68,115750.312877
405.99699,176,115806.124621
366.208998,164,115858.782449
751.490473,230,115933.633536
-4.774677,49,115949.400894
68.849062,78,115973.035768
116.636986,84,116001.025048
146.093336,100,116032.926255
1409.055804,328,116139.980201
7.616349,65,116160.458119
300.004827,150,116208.544958
163.966184,104,116242.79423
535.528088,197,116305.551755
727.989164,198,116368.745472
294.549226,136,116411.119617
224.746796,116,116448.492399
119.316454,87,116476.494368
150.232237,105,116511.206875
-30.592299,61,116531.250174
1508.719211,337,116640.115898
141.146599,93,116670.730175
142.393284,107,116705.512759
195.332426,115,116742.137351
431.695231,163,116794.629209
95.529498,88,116822.332494
247.233774,137,116866.447937
724.670314,216,116936.203932
79.688188,86,116963.387316
219.697764,122,117002.631309
528.513736,193,117065.392064
70.182092,87,117093.921899
337.783963,144,117140.492718
33.949304,87,117168.79787
263.32494,131,117210.330667
134.092338,88,117239.078655
486.368244,185,117299.171255
242.236228,126,117339.674702
488.91738,173,117396.893264
22.136313,67,117418.408271
538.604159,185,117477.465699
448.00238,177,117534.449288
787.403649,230,117610.220159
266.456109,132,117653.824861
72.334973,81,117679.631272
307.091801,149,117726.540619
149.992905,95,117756.863756
125.604643,93,117786.529569
30.994216,72,117809.495444
254.249725,129,117850.231915
785.791454,225,117924.485149
64.753648,92,117954.486947
98.741917,84,117981.573972
22.214565,60,118000.495225
20.697824,66,118021.938833
60.568104,82,118048.166301
67.892946,84,118075.54059
171.304531,104,118108.143073
315.500937,152,118648.096636
1070.69947,272,118734.57055
336.356688,153,118783.965655
258.273827,143,118831.539288
194.252588,118,118869.294172
35.012369,72,118892.70043
338.672948,169,118945.720182
627.895554,202,119011.190946
273.629778,149,119060.647069
340.635373,157,119111.366544
344.511712,158,119161.564646
112.38403,99,119193.256576
892.316239,245,119273.013782
1017.951141,240,119350.243423
1437.23354,327,119454.235042
263.923674,130,119496.90737
853.567688,224,119570.59983
384.859587,161,119621.649543
240.427644,126,119664.01041
939.48055,254,119745.818968
-0.273432,63,119766.349528
665.298336,216,119835.969074
192.716659,110,119871.244509
265.948398,141,119915.915328
684.721018,216,119985.479162
525.823636,188,120045.554437
428.464314,165,120098.757352
198.796208,130,120139.997874
122.197297,107,120174.398514
325.947904,150,120223.195667
689.916819,226,120297.474911
8.678036,64,120318.152974
274.496234,135,120361.479968
178.190432,97,120392.618593
262.30023,134,120434.961609
1104.071664,285,120527.24408
566.308508,184,120586.420681
148.821944,97,120617.684698
140.873218,110,120652.625386
727.619565,217,120723.052759
862.645594,254,120809.303296
438.794336,173,120871.241883
45.12921,75,120896.926701
994.909416,272,120986.536797
1061.004114,283,121078.156008
355.280084,155,121128.959774
69.358384,84,121156.616465
37.985686,75,121180.328043
643.575632,216,121250.018982
173.890987,103,121283.218662
243.926782,130,121989.067795
343.427637,152,122039.33488
200.515343,128,122082.551899
191.184324,118,122121.50949
109.754134,109,122157.605738
134.655497,94,122188.401782
265.117989,130,122230.72987
220.221902,134,122273.016383
45.077804,69,122295.339004
459.95594,181,122353.898664
672.029425,223,122429.906622
25.145133,64,122450.444989
-40.151161,44,122464.850502
472.885223,171,122519.711126
52.406146,81,122546.637233
143.916095,93,122576.554449
76.585003,76,122600.46955
132.766903,88,122628.861577
199.344238,111,122666.419064
291.179788,134,122709.137561
86.15555,82,122736.592908
504.959229,173,122790.630908
577.672045,206,122857.457205
413.020199,176,122913.642199
316.376072,163,122977.739089
652.732527,213,123060.218818
332.565892,148,123117.764923
209.053133,120,123163.833302
304.330614,144,123218.7974
416.768663,157,123282.232383
144.468573,92,123317.700171
49.350226,69,123345.014606
246.017951,139,123397.54746
531.325707,196,123471.556714
226.102619,127,123519.58525
233.6054,125,123567.195372
603.449105,212,123648.513268
532.574195,195,123721.823634
149.373615,110,123764.066554
489.062844,168,123829.488781
10.644369,58,123852.179857
7.242307,59,123874.406566
504.85018,185,123945.242902
91.617242,115,123989.728701
192.181771,113,124033.216917
861.248466,246,124128.348308
752.805821,241,124221.591153
121.507191,98,124259.02391
272.77265,131,124309.828228
360.781761,163,124373.152545
-2.854741,56,124393.574939
467.154365,170,124460.907525
249.254371,120,124517.229976
636.250125,210,124598.637054
304.518811,150,124654.791685
105.43103,89,124688.68183
77.727227,87,124722.366708
292.974716,122,124768.000254
564.829472,203,124844.98764
283.178089,142,124899.440099
1506.73955,333,125629.986299
132.554496,96,125667.464739
294.680083,148,125724.789438
456.080091,177,125793.634977
-7.718745,52,125813.78104
182.441516,112,125856.390346
791.228286,229,125943.90612
157.929342,98,125979.939029
136.581323,108,126021.571783
149.795005,104,126061.622057
697.144773,226,126147.759928
272.896397,136,126200.633444
842.503928,247,126292.930885
1259.314107,308,126413.049282
109.826147,105,126453.845111
57.783006,77,126481.730788
143.085995,95,126518.377671
124.503637,92,126553.888214
242.001529,133,126603.079727
298.076661,125,126651.006085
366.77581,157,126711.99399
274.533359,152,126767.380452
209.687723,119,126811.586948
176.210966,109,126853.970346
235.227607,142,126908.201872
261.048116,131,126959.495026
146.342935,106,126999.561195
2.808243,55,127020.137333
305.518299,141,127074.945631
242.031626,141,127129.598356
45.451743,85,127161.686988
707.998717,198,127239.930677
75.384195,87,127273.024477
296.19561,128,127321.238152
1421.266384,327,127490.486979
463.516526,177,127562.19437
326.272207,164,127626.273076
86.125,82,127657.639608
82.382057,72,127685.832038
900.836683,248,127779.255435
168.750771,109,127821.052856
221.186777,130,127870.725236
90.370795,84,127902.21309
521.156736,187,127972.550775
623.445314,220,128056.965984
119.721088,97,128093.882648
141.26893,104,128134.750132
555.408686,183,128204.130179
140.553788,102,128244.144212
1363.701058,308,128363.59966
163.475704,97,128400.986054
309.608263,138,128453.547523
1398.032166,301,128572.352041
52.911737,62,128596.429758
502.81083,185,128665.916372
144.285883,95,128703.573153
105.439754,91,128742.631372
131.40558,98,128779.390756
637.025755,207,128860.186843
74.674673,87,129603.218205
317.888045,146,129659.027449
487.975383,174,129726.852656
432.344034,158,129788.408874
293.728928,142,129843.27075
77.345167,86,129874.997906
673.88572,223,129961.621304
534.548936,198,130042.603702
-5.979734,50,130062.045552
488.719637,187,130134.754237
13.22445,57,130156.124989
460.861714,175,130222.171393
591.365495,208,130303.077547
925.610567,269,130406.734932
393.448439,170,130469.47244
349.3148,144,130526.222129
325.621435,137,130578.217589
1021.502688,273,130683.706274
1236.671864,303,130801.468095
645.461907,207,130882.33084
-3.218388,64,130907.579264
957.671221,250,131004.40998
-89.169736,44,131021.170754
1319.848699,296,131133.325297
-76.584079,38,131147.503726
-134.091936,29,131159.242431
237.498696,128,131209.065519
407.393294,165,131274.063754
261.339617,130,131325.040033
533.881131,192,131399.651235
252.419502,131,131449.343503
-9.374651,55,131470.25408
41.273586,90,131505.408739
402.967251,161,131568.114987
341.098071,144,131623.150537
33.843648,67,131649.479153
265.672622,134,131701.342484
33.11018,78,131730.699948
137.322349,94,131767.392958
517.824057,197,131844.108993
111.242258,95,131882.181347
822.854027,239,131973.830431
146.533259,105,132013.042572
541.831289,183,132083.401845
225.969748,125,132133.549784
678.565429,216,132217.177609
244.676817,127,132266.001591
241.937751,128,132314.550685
339.135573,161,132377.143868
241.507954,136,132430.828153
850.991575,254,132528.352021
501.057433,195,132603.032552
232.799825,131,132653.32088
692.262675,230,132742.465447
114.266862,94,132778.880681
1797.580745,377,133806.998119
54.173181,83,133839.41479
39.897986,84,133871.707063
82.887576,82,133904.612109
1667.060562,370,134047.005381
514.623865,183,134116.840481
297.420635,131,134167.124525
-0.618631,65,134190.493018
302.889817,147,134246.601998
202.079688,122,134293.86741
181.400017,101,134332.766131
806.75758,241,134426.994011
493.267686,189,134499.511174
1470.114593,329,134625.901011
68.219006,74,134655.712892
97.651751,88,134689.415581
157.170301,109,134731.161964
943.245388,260,134831.982079
1016.161525,265,134933.446273
929.029178,247,135028.098492
759.308811,245,135121.848388
187.263132,121,135169.440258
605.983228,186,135240.703733
89.28434,85,135271.186398
155.173093,108,135312.845011
245.168768,124,135360.301759
1450.902492,328,135484.125215
1025.410912,282,135593.231701
327.331764,148,135650.308664
540.591719,184,135719.985856
1867.909504,375,135864.463839
159.188667,128,135913.59064
161.204918,103,135953.532881
460.994048,184,136025.019761
1471.431826,325,136151.169267
168.393934,101,136190.193635
969.295311,274,136293.87352
715.210527,214,136377.995669
1532.341936,327,136503.837686
736.266867,235,136593.776375
397.744533,178,136662.422252
104.107065,104,136703.557939
356.004268,163,136764.663575
884.703607,241,136857.618402
45.572129,79,136886.639872
1296.172092,303,138050.010934
804.448287,246,138144.515074
242.722877,125,138193.042046
1451.418087,322,138318.632832
599.553727,206,138397.064869
902.262748,249,138491.369615
29.562851,72,138519.013025
792.600541,255,138614.586829
169.604032,104,138654.92468
-63.366875,47,138672.382001
731.002729,231,138762.660606
104.68766,96,138800.282845
338.552889,154,138858.286481
706.259525,228,138945.382418
179.76783,117,138995.184795
323.127743,146,139051.913646
383.511098,156,139110.65443
867.329754,246,139205.832986
1215.584157,291,139318.065812
246.071285,128,139369.352256
401.99094,172,139437.662639
465.407893,182,139505.496211
81.088242,83,139537.81517
430.839389,156,139598.896418
873.940257,248,139692.092047
990.616221,266,139793.749893
1123.794735,272,139899.764268
836.117424,242,139993.091128
293.590835,137,140047.344643
275.97302,137,140098.166225
112.295295,103,140137.985629
810.754341,235,140229.258425
400.90829,176,140298.236549
41.248126,65,140323.851274
2055.553986,392,140474.906434
247.184991,124,140522.479755
206.746979,121,140569.311197
239.046446,122,140616.046126
168.679679,124,140661.873154
-24.742001,58,140684.003333
997.608896,260,140784.618232
131.820783,95,140820.975992
381.87594,175,140887.05064
737.636647,223,140975.081515
684.402186,230,141061.936663
565.816894,191,141132.797279
539.496581,190,141982.827794
257.022529,134,142034.241575
35.923042,80,142066.336868
906.188439,269,142170.45077
796.130244,236,142261.299082
956.390737,270,142367.536647
548.327821,190,142441.480551
379.015375,159,142501.908285
354.748252,146,142558.289782
386.109709,160,142619.605237
129.503228,94,142655.394313
348.464329,160,142717.359133
144.887056,110,142759.271192
0.293083,71,142787.224516
416.072992,166,142850.607315
451.297008,174,142917.935523
60.63931,96,142954.698215
1375.625634,292,143064.903879
84.147298,75,143093.606844
84.284948,90,143129.295774
264.329965,168,143191.440504
146.731027,107,143232.469188
83.175356,92,143268.229861
304.61183,139,143321.271058
27.07078,89,143354.785989
1249.575597,288,143468.282759
1061.972215,295,143581.419845
188.422734,121,143628.878121
1092.801557,280,143737.208866
293.226416,133,143787.776462
1206.775385,280,143895.65018
1381.721422,319,144018.158576
2707.731337,448,144190.880241
276.263541,128,144239.234923
954.160133,265,144340.7686
423.437807,167,144404.614163
711.634713,219,144488.500657
177.836843,102,144527.559026
1567.210615,337,144655.906435
1172.176132,297,144770.111495
314.554262,159,144831.357209
1667.956453,339,144963.261745
49.785448,78,144992.681949
195.865642,116,145038.339107
1118.918099,298,146071.613585
63.217357,74,146101.808029
230.059636,122,146147.510524
791.672141,239,146240.840494
1043.33186,282,146350.202389
162.619117,110,146392.006166
124.294886,91,146427.245887
672.130689,202,146504.25648
209.56579,130,146553.195812
1085.16692,276,146656.991463
325.355609,138,146710.184297
1176.89043,302,146828.259401
168.256323,108,146868.973873
268.853756,129,146919.232553
972.163172,268,147022.038239
161.555814,129,147070.871667
1045.691965,262,147171.645337
987.787553,269,147275.385302
854.238691,253,147374.227913
145.849546,90,147408.794253
129.136804,114,147452.818733
518.191567,180,147522.802585
450.375799,173,147590.063594
733.218273,226,147675.145576
1332.589967,315,147796.730115
94.730517,86,147829.283833
337.283358,161,147889.521425
194.315545,117,147934.116775
862.446773,254,148030.340551
152.807099,99,148068.126068
39.444209,86,148101.267731
538.919257,196,148175.309567
847.33917,249,148270.491217
1206.099736,295,148383.035438
291.768642,135,148436.191152
375.240709,171,148502.499245
299.330439,150,148559.949964
658.517212,223,148643.277473
566.682482,199,148719.272861
797.388067,232,148808.978819
644.096742,206,148889.445489
1043.308292,262,148992.77175
437.778226,183,149065.01794
901.740118,246,149160.29526
204.334355,121,149207.315821
1100.518499,279,150381.969899
18.632695,61,150405.388344
126.131117,118,150451.204162
293.949498,137,150505.298027
1245.823932,299,150621.585469
-22.510123,53,150642.908209
345.47001,170,150709.692282
264.47971,141,150763.013253
138.508524,103,150803.246473
120.6326,85,150836.220417
452.831723,175,150902.278945
2821.036369,457,151080.795483
234.888271,136,151133.918797
153.162014,122,151180.189497
56.353164,75,151209.136262
116.42763,106,151249.747236
1112.502543,257,151348.903373
519.351715,189,151422.240429
1186.780883,302,151536.592973
27.713976,78,151565.811853
555.519095,214,151648.505529
483.465239,175,151715.679448
-30.122723,63,151738.157155
157.379665,111,151781.044908
1034.843777,275,151886.920408
359.574616,152,151945.445471
157.478578,108,151986.518549
1394.571769,314,152106.990436
441.450888,171,152171.994778
749.963271,223,152262.752645
838.417402,248,152364.477387
589.603713,201,152445.660208
-111.458974,51,152464.853693
189.378539,119,152512.196196
261.971589,162,152575.753194
506.933122,182,152646.733168
136.634408,109,152688.410685
350.817061,132,152741.066168
152.507967,122,152787.75166
533.270912,187,152860.379055
1107.726832,277,152964.568314
315.31085,149,153021.569091
387.485887,153,153080.612293
842.922734,235,153171.795894
979.721238,268,153272.403144
991.010216,262,153376.056167
1130.167794,294,153486.386962
134.136334,111,153528.891852
842.285095,250,154625.141795
185.180285,106,154666.820907
205.418042,120,154713.174839
1667.369875,354,154849.893811
1684.26921,347,154981.834157
866.86651,244,155089.2338
498.224104,195,155165.049594
67.767067,78,155196.126821
-23.636015,56,155217.166674
1431.409502,322,155341.828596
1607.611274,307,155459.287545
264.468168,137,155512.366815
272.362026,141,155568.323648
711.143548,227,155668.371786
517.425312,182,155738.548786
461.518329,171,155803.982974
130.295924,107,155844.46596
1078.736899,290,155957.277298
339.772936,156,156017.810707
277.042254,142,156071.337762
1527.723673,317,156192.320397
282.871276,152,156255.60016
46.901258,77,156292.04503
81.741379,80,156322.927378
158.936593,114,156364.802453
692.399161,219,156447.941896
1193.85603,290,156558.825324
501.445606,188,156631.188429
611.045819,214,156714.036496
23.677659,67,156740.138972
147.529925,95,156777.251261
70.359789,93,156812.667948
796.540214,241,156916.830039
406.356898,160,156979.377243
2413.514339,446,157148.717857
-93.63193,35,157161.534258
1680.74279,354,157298.2604
611.366107,193,157373.098639
373.786413,146,157428.420773
796.527856,242,157532.939765
699.336118,212,157617.809557
720.431117,227,157706.085428
325.311936,139,157760.817412
656.1943,215,159086.175307
2065.163457,400,159256.421336
332.247845,144,159316.912343
181.702094,104,159357.774211
830.637634,242,159451.548868
298.410815,149,159508.95692
2391.116351,419,159674.007699
197.266333,112,159718.197545
1013.514525,262,159820.76017
771.452517,219,159915.883438
1169.575866,265,160019.87568
773.060126,249,160118.217518
2464.507402,440,160287.33464
-13.156659,75,160314.67707
1290.984799,308,160432.957947
492.156619,192,160519.376715
878.739246,248,160617.016762
408.366522,164,160679.122238
757.741859,237,160771.930338
-26.735293,43,160787.414395
993.786139,269,160890.575683
390.805497,146,160947.281603
403.173331,170,161013.821709
126.603386,100,161061.427747
610.928899,206,161142.527211
1428.735918,325,161266.487504
1367.608119,312,161387.967791
111.706,100,161426.248697
320.316864,157,161486.887698
224.590608,126,161535.762967
277.439995,128,161584.957847
253.743254,137,161635.946917
231.203,135,161700.057017
58.536233,71,161727.21183
1104.526142,281,161836.523539
470.740544,183,161907.02075
11.959802,64,161932.561543
1336.280547,309,162052.776549
1049.709015,272,162157.85849
1145.864867,254,162266.306633
731.989402,201,162344.418282
74.418404,72,163499.399627
479.002834,174,163571.716307
233.246317,125,163620.240851
390.215119,147,163678.998314
-4.823331,73,163707.027506
1384.027693,325,163832.175302
486.63372,190,163907.468085
205.261403,127,163955.779274
99.663983,99,163995.693952
380.95582,165,164071.353176
416.837159,160,164131.992502
162.964854,126,164180.643862
1113.149334,268,164285.606467
2327.990888,431,164449.171447
154.629395,105,164490.513882
1149.562856,281,164598.171639
391.643982,162,164670.865365
534.614333,193,164745.207321
279.583293,144,164801.413964
677.569425,222,164887.663455
779.242253,226,164974.173285
1811.499682,364,165116.959361
255.738578,135,165170.63115
137.135546,108,165210.522024
453.138671,168,165280.755226
2467.209041,432,165446.705635
931.891659,249,165526.6995
771.280177,220,165597.699514
1897.879919,375,165721.560803
1076.412793,286,165815.705112
267.261917,141,165862.139037
420.980206,172,165918.522657
1412.963016,330,166044.136412
151.805537,106,166078.581341
858.004719,255,166158.696482
1012.013928,271,166252.150748
1499.291543,346,166382.854404
25.490639,75,166412.151541
37.693896,63,166436.995513
460.019012,162,166514.875649
745.094435,217,166600.704079
651.28437,217,167751.732293
499.808101,182,167823.761333
537.224709,184,167896.217518
1114.363687,272,168003.832201
1133.138765,271,168111.331157
180.707097,120,168157.23931
430.942294,182,168228.091338
860.195434,250,168337.299664
349.864596,154,168397.891161
673.612651,229,168486.945166
1661.269496,344,168619.163924
533.15854,201,168695.572747
740.748437,218,168780.329679
887.250216,249,168885.628417
2058.766099,399,169041.287973
1113.786472,269,169145.758913
879.391019,254,169242.78593
-29.839111,57,169264.940675
705.407381,229,169352.504983
26.570889,84,169383.630791
-70.089799,48,169401.737424
625.238098,210,169493.35345
1099.943581,286,169602.498131
643.01377,218,169686.056881
576.806818,175,169754.334635
597.869481,202,169830.651665
-13.481794,58,169852.661159
67.308952,99,169890.931654
1442.031892,320,170016.030251
957.08154,256,170124.607081
1622.384717,340,170255.602105
444.131875,178,170323.326521
77.920622,78,170354.789985
919.70109,252,170452.710209
1367.61484,312,170574.533308
80.537842,79,170605.420804
247.670676,112,170652.663199
257.800784,142,170712.298225
1864.56081,385,170861.570609
325.314033,146,170918.309521
1495.325507,329,172159.74418
108.872866,96,172197.470656
830.916401,233,172291.334103
636.713767,203,172370.215754
648.89493,201,172458.908288
1783.750755,357,172599.188315
-91.933569,41,172614.856822
147.206751,102,172654.271052
-32.63801,61,172678.415772
111.134557,94,172715.314882
478.136771,155,172774.533754
155.74877,106,172815.842471
1166.457996,281,172926.684799
330.665631,159,172988.616237
589.060865,205,173078.209504
410.843733,182,173149.305886
37.348746,73,173177.958827
1040.488356,276,173285.05438
1990.768358,373,173429.341561
212.443559,121,173475.626929
529.43241,187,173548.570107
626.023058,209,173628.264456
1006.975401,269,173743.241541
962.81756,256,173843.194613
690.472567,207,173924.486515
2066.886262,388,174069.845539
168.433048,108,174111.806694
73.47834,80,174143.770679
130.72118,104,174184.780552
285.464118,149,174244.305598
-44.802632,62,174275.513189
1331.287559,320,174397.294098
576.197653,208,174478.800424
30.966481,71,174505.879694
1168.349331,282,174614.850137
1227.734455,304,174732.971977
329.1511,146,174788.943626
138.415907,99,174825.919906
1609.775899,350,174975.237574
235.019055,120,175022.407217
1936.232361,381,175168.583189
768.004571,227,175256.424327
1238.545349,297,175372.256685
504.24252,188,176487.492049
1791.408363,381,176635.71692
878.107156,242,176740.089073
1108.517665,292,176855.494642
497.41414,193,176932.437829
139.966557,104,176972.287063
1556.19466,328,177096.905419
1138.346531,288,177207.658161
784.865962,224,177306.541504
805.460915,232,177396.753271
1365.657418,324,177521.304423
466.394594,182,177590.812156
2424.25702,429,177758.598696
228.81558,125,177807.151068
2051.958607,389,177966.668434
1956.695681,403,178119.975462
853.68024,232,178210.504878
364.726178,165,178271.548189
204.107941,114,178317.750518
317.649352,143,178372.28458
183.869517,115,178417.124897
1494.469018,339,178558.936245
463.65164,184,178631.180265
672.41518,201,178710.918622
299.01342,152,178770.581653
-137.191512,38,178785.506237
404.575423,170,178853.176033
1768.708685,358,178991.414977
465.525582,188,179077.008534
589.987543,202,179156.623657
2442.469507,432,179326.409183
1156.849139,297,179438.217336
285.40661,149,179496.247482
287.259556,154,179555.733432
2708.047745,436,180929.824202
435.268627,179,181006.375994
1015.569597,272,181113.288274
600.214049,203,181191.724679
165.658485,105,181233.108308
1226.755316,296,181350.498614
310.625182,140,181405.251841
1028.377444,284,181524.453693
450.743969,179,181593.871628
372.261994,182,181662.962645
770.581248,243,181756.746476
170.465249,117,181801.975891
614.311204,201,181884.357095
1775.366368,340,182017.52446
1208.244816,296,182142.140132
14.720304,77,182172.43306
424.190516,174,182240.100557
-26.716902,41,182256.394936
399.972224,159,182317.323019
363.036615,157,182377.140519
186.237579,116,182420.288413
1339.685891,295,182535.683823
524.799038,186,182605.995836
863.277703,262,182717.770392
1073.826775,277,182824.429038
956.113627,261,182923.826968
449.314317,179,182992.036291
478.472225,187,183063.463923
1028.455193,249,183159.952598
582.719019,207,183239.082554
200.616791,116,183293.862204
1203.676993,278,183399.643327
1021.230649,237,183493.289012
699.075939,227,183581.812664
1418.639032,314,183703.354982
313.808538,142,183759.617037
1364.792257,311,183890.606268
1549.365994,336,184021.720485
480.668154,181,184091.92771
103.764189,101,184130.856165
1087.313835,288,185291.722226
2045.88552,396,185450.698139
275.395646,146,185507.46018
570.08554,182,185577.419727
522.133398,197,185667.851266
147.779097,109,185709.848647
967.548082,267,185813.832384
225.327442,134,185865.458902
318.39811,147,185922.138025
1161.909663,294,186035.354189
370.104931,163,186098.268056
263.166217,155,186157.638309
774.779867,243,186263.913013
639.808294,214,186346.793386
93.500752,99,186382.449434
119.758873,97,186419.310017
196.778837,117,186466.321764
2834.017331,428,186633.960864
520.201601,193,186708.348339
1231.064288,295,186823.999056
682.894682,211,186914.183216
128.277631,117,186961.020387
376.450262,144,187014.05701
2181.172462,425,187176.886974
-217.6065,49,187196.17053
2052.275885,392,187347.474171
56.625732,93,187382.436726
204.954845,117,187427.638119
1340.221379,317,187559.021989
132.213689,92,187594.570473
398.441431,168,187660.384418
1505.250192,330,187794.127034
1308.069131,310,187911.330612
174.763669,118,187956.536741
638.537726,200,188032.003737
1116.768296,290,188154.28542
2156.734236,406,188311.151654
94.077206,92,188346.587055
1487.55484,331,188474.68872
2430.955659,443,189771.951217
541.317623,206,189852.988502
228.528461,117,189898.746595
1405.685729,310,190020.342504
114.984738,94,190056.159738
355.641735,144,190110.616187
1186.011106,288,190219.441461
2717.149722,433,190389.993585
628.740041,223,190475.377678
1119.350602,295,190587.985102
521.980409,187,190665.876253
379.580713,148,190724.551576
716.465505,219,190808.584316
1219.808645,299,190925.958465
1140.265088,297,191041.744701
683.320617,234,191131.34923
1769.939696,364,191271.086413
970.480913,269,191374.985722
1058.736597,273,191479.73264
609.550229,205,191559.714333
259.923273,129,191608.409027
1330.316591,290,191718.579764
1453.316462,327,191845.57873
256.789034,136,191897.589385
80.104038,88,191931.470211
1405.408031,328,192056.266685
845.434832,242,192149.704
705.308314,229,192237.661881
71.902869,88,192271.354944
1115.342153,283,192380.417143
2071.466002,394,192533.925451
2511.169681,427,192697.689915
2573.875843,441,192875.700701
-9.955331,57,194073.491525
208.032534,120,194123.825369
349.397536,152,194180.388835
507.421487,189,194255.16388
2292.474527,412,194414.343627
270.586232,153,194474.891598
-30.200732,79,194504.721927
95.253762,83,194536.46384
2068.670252,396,194689.463021
326.837344,156,194749.942147
728.821234,239,194840.582495
443.645168,176,194908.429073
3021.034077,443,195081.095029
1194.242696,287,195193.145756
1370.454264,311,195314.090051
396.257631,164,195377.185277
248.814234,134,195431.647187
11.467091,76,195461.432492
764.136321,243,195552.90517
480.648,196,195626.6614
314.146616,152,195684.627665
135.17501,93,195720.717136
1961.197266,374,195863.351155
153.923385,99,195902.222514
108.201866,86,195935.30034
606.891094,209,196015.969581
898.105973,252,196112.777496
144.710827,119,196157.570468
1378.828543,324,196284.206579
697.682112,223,196370.473147
568.65008,204,196448.321857
1423.142223,323,196570.556481
2402.759374,424,196736.822113
440.831714,169,196799.21554
1276.190307,292,196910.111856
1301.673248,317,197032.872169
40.025537,85,197065.093724
1103.251738,272,197169.742128
635.523529,209,197252.260506
927.899445,262,198577.61541
748.307938,230,198668.942476
2342.066698,420,198831.170676
839.931102,237,198919.372727
383.715868,156,198977.832804
978.579183,282,199090.702699
371.890843,164,199155.327225
395.777016,164,199222.479897
1780.476774,375,199368.878952
389.903229,164,199431.449221
1020.347066,274,199538.657708
807.889312,230,199629.390807
1091.626801,282,199740.830107
1779.327765,360,199878.971604
1698.459628,340,200009.712582
173.069095,126,200056.656836
291.943317,143,200110.106767
398.96796,160,200173.664557
281.094815,139,200227.887627
716.275921,231,200315.869907
1380.8456,315,200436.252037
490.273635,185,200507.270537
1241.446586,271,200613.932133
262.658622,136,200666.367714
931.464256,268,200770.32985
324.652135,144,200826.207097
495.529729,198,200901.221421
607.753763,203,200978.553121
893.705937,250,201076.90839
102.910906,111,201119.309112
103.924113,95,201155.890976
1029.716895,275,201261.102715
1692.814632,328,201387.127547
1244.51881,296,201502.227898
1182.111636,272,201606.025519
1669.832069,349,203004.158128
2574.938814,428,203173.73877
891.123966,236,203265.432673
438.723704,179,203335.399704
2988.76627,433,203501.568264
419.359607,163,203566.040483
429.016347,177,203632.627747
622.104555,208,203713.775104
179.982762,130,203764.836828
72.464334,78,203794.383196
1018.577817,253,203891.081774
975.646876,256,203990.706487
1413.297117,325,204116.504696
2335.958784,424,204281.420908
573.422864,201,204358.19792
2451.859295,435,204528.939224
1492.902,343,204661.814644
879.819043,257,204760.503789
1705.536734,366,204898.538822
1329.416748,295,205011.484952
828.221239,245,205106.659875
2334.789953,431,205271.127734
313.274716,146,205327.015912
1514.106448,321,205451.826257
210.136955,127,205501.101284
2341.698204,413,205660.756691
1164.161614,283,205771.521359
259.590186,149,205828.305508
1835.049826,378,205973.488205
1081.829715,275,206079.308708
2180.234391,391,207440.275011
1233.355099,276,207547.397663
1654.551181,358,207685.160019
1268.813037,305,207805.803457
239.593407,139,207857.574192
108.879728,93,207892.568766
1128.564238,282,208003.404726
2284.608165,401,208160.336241
438.520248,167,208224.411475
906.335421,242,208319.670006
415.464051,174,208386.392407
151.432023,112,208429.527364
1578.141908,338,208559.45478
213.012263,121,208606.304084
997.193587,260,208707.546455
2750.265229,464,208887.741099
1675.406738,350,209024.559713
394.756134,165,209086.9357
85.194853,95,209123.312521
177.798858,123,209169.670607
760.266959,222,209254.388016
1846.419196,374,209399.013514
1856.448401,373,209540.865247
937.472886,264,209644.702793
1678.944297,346,209780.187752
219.875963,113,209828.239569
518.933376,187,209907.371695
184.505255,129,209959.824696
1501.066259,327,210084.636429
1339.5772,314,210209.037634
765.161003,227,210294.905332
2479.896048,431,210460.246004
1045.533575,272,210567.147781
2458.949336,442,211931.081367
116.217724,90,211968.065167
120.844019,104,212008.427973
1692.555283,348,212141.828956
1681.281908,321,212265.306155
918.230689,257,212362.477489
178.677829,109,212404.550736
941.264762,254,212506.928978
718.442663,220,212590.21144
1212.787994,287,212701.718844
882.574735,241,212795.132898
249.025188,125,212842.774977
277.910287,146,212899.200944
41.256642,73,212926.964718
222.651888,114,212971.601965
1659.997628,343,213102.509938
588.314227,182,213171.395291
13.230916,82,213202.749265
73.734703,84,213235.580173
1637.648664,350,213369.479139
271.646103,129,213419.530239
465.166711,189,213490.34747
1623.362838,356,213628.903226
876.883744,252,213725.046348
326.244435,141,213778.973213
1292.323052,302,213892.552955
211.489629,129,213942.401143
1399.586224,319,214064.833832
2379.274631,429,214229.272497
1891.642259,375,214374.34258
996.620264,278,214479.74666
1456.928795,317,214602.20703
1068.621237,265,214703.417876
897.206765,261,214803.249368
923.709914,241,214897.827111
387.533506,167,214962.202232
731.35766,231,215050.142959
2536.551381,438,216454.028033
1056.47912,272,216560.018874
292.437593,144,216614.457713
1980.992827,375,216760.189121
1461.895818,326,216884.016148
734.727653,218,216968.117601
94.458417,88,217001.197598
577.281406,180,217068.379883
559.364465,203,217146.037601
481.063991,183,217215.573751
335.813048,155,217277.074388
1666.034698,347,217411.938486
206.960219,124,217458.120198
434.842256,204,217536.191669
2168.082658,404,217690.87338
2424.646212,438,217860.346829
97.13202,104,217901.226289
287.769213,138,217954.155597
182.840938,120,217998.462564
530.054548,180,218067.904994
844.584141,236,218158.70092
995.992323,267,218261.988392
518.104808,187,218335.27392
2655.574698,449,218507.426997
986.586292,258,218607.571189
1956.970714,368,218746.370711
382.896545,170,218810.722953
1701.433478,369,218952.704647
572.562663,201,219030.730295
626.152776,211,219113.537297
823.573054,232,219203.640983
415.685549,182,219272.523879
2143.481371,407,219428.567668
1315.976448,306,220687.519533
1047.453313,265,220798.229452
585.499133,203,220879.762881
364.254142,159,220943.522326
501.262733,167,221010.182402
747.961177,237,221099.455985
1092.78124,291,221212.299694
-70.871772,29,221223.194645
306.087383,133,221274.34974
757.961016,246,221367.960199
417.140039,176,221434.214907
1655.634599,329,221562.534785
877.65211,244,221653.487801
960.554217,268,221756.644625
1364.551851,291,221867.444988
1317.554058,306,221986.507581
1300.149323,312,222107.752849
211.831749,140,222162.162918
941.257787,264,222263.241218
858.809406,235,222354.466949
389.017433,164,222416.866554
203.458841,128,222467.15016
1253.43231,291,222579.665194
1021.520696,269,222683.484371
457.669724,185,222757.061669
233.060356,124,222805.799227
328.936129,147,222863.360273
456.833546,179,222933.538127
2087.282419,402,223088.767736
1001.537679,260,223188.765367
252.585545,122,223235.089096
1232.639313,309,223353.194616
1454.413812,324,223478.677405
137.621003,109,223520.78868
1125.888564,262,223622.925715
1200.129969,288,223735.03392
1945.225283,371,225046.847379
1172.878331,300,225165.186038
1076.446071,270,225270.533201
595.912581,206,225348.928916
1535.894592,335,225481.49109
2703.329028,454,225658.537312
2644.929203,438,225831.885625
537.608475,186,225901.328442
1937.330608,351,226036.506168
1756.868626,352,226171.535752
1428.579255,318,226296.914387
501.870259,183,226368.304292
137.019454,97,226406.860415
1174.464667,290,226516.055269
1241.576709,319,226639.065739
363.907892,175,226706.917944
9.245501,83,226740.087936
326.984542,149,226797.516201
960.520073,253,226894.843827
1611.116362,354,227030.806833
1137.515346,291,227141.051685
276.587998,155,227200.342296
606.511048,212,227282.994401
1419.962728,305,227400.917021
356.613059,157,227461.869202
1022.449943,273,227567.7316
321.923879,157,227628.18704
-46.867987,68,227653.933626
1342.998033,298,227769.859128
1225.335761,293,227882.425136
1587.230846,337,228011.066915
-19.368055,66,228035.828471
178.859311,106,228076.188392
2289.235145,418,228238.88345
1163.405159,281,229553.751751
1341.694341,311,229673.490435
361.054018,158,229732.003138
809.563781,228,229821.749966
923.489261,265,229924.955035
883.74764,244,230020.213927
605.659543,205,230098.691325
1129.617783,288,230208.343774
2608.128337,445,230385.782887
1104.74672,285,230496.116829
587.577711,189,230569.763838
1216.072062,291,230678.819444
1448.832513,330,230806.462541
1195.743976,290,230920.381113
296.690036,135,230972.731278
830.166587,235,231064.068253
111.09714,93,231100.342623
3275.655485,465,231279.456968
369.586255,161,231342.171895
2704.702813,432,231510.255541
260.737716,132,231560.933773
1036.466224,270,231663.814523
778.178072,243,231758.764086
706.200383,234,231846.836169
1206.698839,305,231963.943117
2542.450338,453,232138.957701
379.401779,169,232202.634482
824.233581,246,232295.082982
954.733368,246,232387.8209
847.791067,239,232478.084409
62.427594,89,232511.730995
1223.902644,290,232625.314616
658.778509,209,233858.934512
541.156635,199,233935.904014
802.685599,241,234026.548644
334.50964,158,234089.903206
1771.314338,366,234230.309435
292.407009,146,234283.191815
40.68558,80,234313.239395
183.502022,120,234359.382676
1166.826557,303,234475.668078
565.973929,203,234552.696414
2176.090945,406,234708.287992
152.668791,113,234751.247474
1042.61342,281,234857.725029
68.257936,85,234890.451822
132.51503,98,234929.014381
1369.618137,326,235055.869658
879.793556,254,235155.325106
469.39458,176,235225.930505
228.85236,130,235275.127722
552.972797,209,235356.691754
1241.163759,292,235468.821717
2168.180355,405,235624.732369
234.975508,127,235674.171618
1263.486775,296,235787.940406
153.350219,104,235828.336555
2548.119334,438,235999.391765
637.597794,210,236079.30658
1429.975393,305,236197.883465
225.294676,126,236246.212332
565.432577,199,236322.984878
386.336409,175,236391.76416
1687.734406,347,236525.203782
981.711428,252,236622.480729
1178.391328,286,236732.91948
555.009461,194,236808.094085
261.612643,132,236859.263414
2530.146271,443,237029.50204
53.832681,101,238294.498703
697.823821,214,238376.112634
1190.866201,297,238488.234037
1918.913917,382,238636.615591
1872.506905,366,238779.005061
120.379577,101,238819.195852
933.107432,243,238913.760539
1267.605465,303,239032.948702
140.921293,112,239074.247516
2455.903506,432,239242.704107
110.026897,102,239282.215415
1353.991559,328,239407.399476
370.312884,161,239467.507887
317.559183,148,239526.442403
1786.415098,358,239664.128926
440.928867,182,239734.556846
540.13619,210,239815.661219
2503.10468,434,239984.408356
1430.027732,330,240112.212248
335.209155,156,240172.398911
1511.04138,330,240297.598236
2315.943599,420,240462.498172
1279.936108,304,240576.88557
177.933622,139,240631.049249
1762.926487,365,240773.46011
2478.226061,432,240940.255713
2850.124872,441,241112.213122
469.516057,198,241186.364786
130.657014,114,241231.644471
2184.973753,415,241391.460055
1227.10921,302,242955.165238
1581.53286,347,243092.263698
720.672292,212,243175.269916
1389.050909,316,243298.804135
318.318684,137,243352.297394
687.646546,212,243433.223326
68.214579,86,243467.234184
2074.976277,404,243623.650604
1003.743688,262,243725.42761
226.840527,141,243779.876747
2432.272211,436,243948.117168
545.455415,196,244024.46124
219.716965,119,244069.746391
2684.246383,455,244241.689873
2707.849827,435,244410.526632
347.933171,163,244471.712866
873.40257,255,244569.491338
2317.150355,410,244727.345776
169.513116,110,244769.129029
1305.908428,304,244886.505033
235.749971,128,244935.798569
119.427194,112,244977.489348
784.911037,240,245070.193854
1896.661753,333,245198.357122
823.468561,255,245298.51452
229.77374,136,245351.688764
562.470918,198,245436.493629
1431.675277,332,245574.910559
370.1718,158,245640.206353
1967.333663,394,245798.832116
188.402985,120,245849.200636
1102.820098,263,245957.125069
729.393071,219,246054.622467
-85.662562,47,246072.923132
958.336328,265,246175.792917
210.49143,141,247532.863817
1551.051433,330,247664.196259
634.314067,218,247748.69486
1166.021052,306,247864.19484
1510.385322,318,247988.114291
297.779267,140,248042.395085
900.324284,254,248139.079604
945.505226,262,248239.813562
892.951315,250,248337.074582
1778.783741,378,248482.590962
373.397594,165,248547.510863
816.334633,235,248637.453503
-105.472388,65,248662.279278
1586.444096,323,248787.364949
219.763251,119,248832.41254
568.350009,185,248904.908515
467.348239,181,248974.967671
490.707801,183,249045.42052
1981.649575,387,249193.720241
1951.254973,385,249340.423404
660.793275,217,249424.054369
1542.039955,327,249550.359346
2048.219999,377,249696.172924
1015.142634,270,249797.850419
1195.008007,278,249904.480334
1451.549424,321,250030.582516
1005.76515,259,250131.549016
406.937292,177,250201.191478
3249.122,483,250387.183667
639.705339,221,250471.510132
870.056437,252,250569.644181
1819.017358,371,250716.043061
423.534304,170,251852.722151
603.418275,215,251928.277129
1972.158923,387,252057.332149
1235.810854,289,252151.826611
1800.133974,381,252275.409947
403.076176,165,252328.179638
1357.835765,326,252432.874637
-52.604615,68,252455.112811
608.874871,212,252523.63005
1792.116944,369,252641.513566
1389.949226,319,252753.367814
556.495468,188,252825.32116
1129.561139,290,252936.050959
1388.558976,298,253049.586559
1714.749975,354,253186.090849
100.903273,92,253220.111533
936.262797,248,253314.471344
1120.745181,285,253425.516779
430.416932,172,253492.01783
389.507937,163,253565.377909
331.601836,148,253620.842299
2472.634434,436,253787.260347
153.549808,109,253830.295199
227.241063,124,253877.918479
445.372259,192,253952.720758
1482.650926,306,254080.037075
383.00292,155,254139.463138
2415.70785,422,254306.458033
559.279407,188,254381.967152
694.081229,231,254471.451546
822.059686,236,254563.959192
2021.773824,383,254725.592965
323.765196,154,254786.313617
591.205757,191,254858.925858
381.570794,175,256167.11068
2811.23825,431,256338.924492
686.867138,208,256420.879945
2089.747726,384,256583.81022
1357.75696,331,256710.561773
1316.556088,320,256833.603176
1958.346419,361,256975.285062
1043.7042,258,257088.54706
-30.849183,58,257112.027559
884.048775,252,257214.244563
1891.481311,358,257358.91319
903.540003,252,257459.632312
377.095145,158,257522.837419
2575.970379,454,257712.115329
1531.302484,314,257838.0944
1739.485596,369,257986.564296
1244.107482,295,258101.628059
72.924472,72,258129.137771
1167.996777,292,258246.798099
1401.577577,301,258374.341995
1351.626537,292,258487.886681
59.565721,104,258529.044155
153.557617,102,258568.531244
294.619719,143,258625.122131
1196.437688,299,258742.401532
62.77267,81,258773.123402
204.065846,138,258825.796148
313.922778,149,258887.632477
364.158282,147,258952.058683
148.616248,119,258997.785934
533.241786,184,259068.010023
2874.015367,430,259235.002144
530.746704,168,259300.524068
386.561487,150,259358.653082
115.663169,106,259398.907515
1787.765115,364,260785.857686
2697.495885,441,260961.847899
504.126661,190,261034.591916
2382.27267,434,261202.895405
1870.275815,389,261365.670657
1057.34413,280,261476.190211
1263.111176,293,261590.468652
2364.448716,422,261755.100985
895.988475,249,261853.307501
1872.687272,380,262007.063283
5.084616,71,262033.988616
716.602404,223,262121.654649
69.002675,81,262151.772537
2692.319943,433,262317.885393
957.747151,272,262421.812753
80.420292,91,262469.407478
1630.645639,348,262604.285484
241.896318,136,262657.016076
209.343599,109,262698.864158
2365.420925,423,262860.952754
1298.717317,326,262986.58151
1148.959943,296,263113.032469
455.29877,175,263180.928486
197.420948,123,263229.168453
2813.699291,466,263410.804899
1090.197769,269,263516.007547
312.333565,150,263573.260207
1282.946549,304,263701.184513
173.733803,122,263748.816434
1295.252665,297,263864.514196
468.648923,185,263935.924991
504.607764,183,264005.911225
1574.039803,332,265469.214653
1074.212586,288,265582.491253
1248.726138,297,265699.665845
2291.681499,415,265857.920824
2528.960621,437,266025.558307
1336.559257,291,266138.124235
592.397825,212,266220.1578
2386.413028,420,266383.643883
1128.01654,286,266492.87601
226.30241,120,266538.334352
2742.92124,443,266705.615238
1453.857049,306,266826.311926
257.201439,132,266876.7205
2005.122846,372,267019.161967
2456.121875,435,267187.835733
2221.526577,415,267350.956529
2199.487032,426,267513.41025
223.858258,120,267558.839668
54.091084,83,267590.066667
597.096214,205,267670.57453
2488.103168,441,267841.106184
-13.618936,69,267867.738844
1673.241863,361,268008.063286
459.297912,183,268079.359412
801.765928,239,268171.225899
1394.579822,311,268296.135569
2049.638549,387,268459.001066
1058.965496,270,268564.402421
1050.692842,267,270036.094828
1300.561664,294,270151.114363
1818.125311,374,270297.251189
2671.112847,439,270468.03547
566.91981,203,270547.758403
1684.834103,344,270682.437634
-14.738286,62,270705.490321
2493.229425,446,270874.379738
416.637849,177,270942.257722
135.593195,99,270980.034762
56.121821,87,271013.218844
612.390941,209,271094.81783
1298.146416,304,271211.605533
1063.276311,273,271318.137815
259.085419,131,271369.710651
179.922454,130,271420.156327
260.206295,136,271472.239731
346.522788,160,271534.769799
72.570217,87,271567.774968
314.278296,148,271626.002952
871.069486,256,271725.271941
2373.275597,428,271887.148649
1339.155484,317,272010.333394
289.727062,147,272067.228626
811.495827,206,272144.393116
1018.681219,273,272251.723143
144.806217,118,272295.425257
1515.303876,322,272420.687373
135.413119,116,272465.36718
902.422898,255,272563.854571
502.073754,196,272638.868249
825.210792,242,272733.9683
1558.030622,330,272859.857638
1424.069024,329,272987.921979
182.868409,115,273034.048103
2108.698274,401,274499.598376
401.121775,165,274570.091792
1920.454971,350,274705.605497
1865.128111,368,274850.352352
1044.374914,250,274950.672986
271.777788,126,275000.454969
1532.570918,329,275126.978885
492.369628,190,275199.272366
1135.823931,296,275314.599502
2589.281098,456,275488.97954
635.315105,214,275569.659279
1143.516202,283,275679.88789
525.604202,208,275760.759778
373.433875,155,275820.060228
1486.52174,336,275952.76271
2137.819866,406,276107.945397
180.394022,108,276149.325626
487.410616,175,276217.564174
517.814887,175,276283.874647
1779.433977,353,276420.213396
29.590746,55,276441.518053
1956.367262,369,276584.354969
942.546123,261,276683.282195
670.057329,206,276763.385006
2577.570635,439,276945.900246
1946.090482,381,277095.501321
848.244752,226,277182.77886
144.003354,99,277219.677126
1061.83624,271,277319.52475
124.006036,114,277363.433798
2568.698571,426,277525.947033
1099.444034,264,277628.249181
701.199198,217,277712.914115
2502.399114,436,279114.166379
1041.355076,263,279218.388839
199.016642,132,279267.512715
2511.13605,447,279440.600913
790.335522,232,279531.149475
1226.165736,302,279650.133776
10.098692,73,279677.937831
1366.340731,303,279795.558923
1523.434842,323,279920.904078
1947.48283,357,280058.966588
173.143086,105,280098.774553
943.025699,250,280194.931012
2984.535022,471,280375.568895
299.986046,136,280429.887441
1291.397329,314,280550.35581
1342.78747,309,280670.958479
2543.393031,433,280837.613379
756.305175,228,280924.856877
562.13034,180,280994.84409
1200.011154,276,281102.681965
1267.744437,305,281220.40489
635.497983,204,281298.836429
1283.88844,278,281404.676634
297.540528,143,281460.081672
2070.871628,383,281606.612364
607.202196,221,281700.947114
1155.237173,290,281811.716529
2395.940486,429,281978.885893
1552.546349,338,282111.68621
1807.51351,358,283623.511023
1563.59736,340,283753.953933
1971.846622,384,283901.850489
895.263169,243,283996.385247
300.337163,151,284054.510991
84.997463,77,284083.501696
1272.829282,300,284199.200986
515.935683,202,284273.610108
1623.749616,338,284404.240431
2046.064444,388,284551.741512
184.97255,108,284594.060823
1275.335196,302,284707.801502
985.328994,257,284807.729907
-41.99487,45,284824.423711
1204.721682,289,284936.953755
1142.638424,290,285048.385184
1400.445983,314,285168.126506
838.693353,249,285262.599924
1395.615948,319,285384.044292
2545.812472,431,285551.845
2440.068311,431,285720.487056
1627.977203,349,285865.667898
1225.420021,284,285977.657885
785.497018,225,286063.901864
2630.252341,455,286239.866625
1497.736755,333,286370.42295
1070.664395,270,286474.830261
317.108203,161,286536.647062
1140.038331,284,286646.772118
2041.356326,396,288219.722203
470.976052,170,288287.335685
1400.019513,324,288411.911397
1799.364637,362,288549.31203
1417.314258,316,288669.409685
1735.229231,373,288812.060559
2586.633632,452,288985.550131
1990.873104,396,289138.239675
481.898106,177,289207.630526
956.410419,244,289300.892897
2465.201153,434,289469.690993
1176.225348,304,289588.085042
-80.690059,44,289604.290217
676.395298,206,289686.312958
2594.428281,440,289855.797559
387.192575,152,289914.414514
1243.807117,303,290030.4353
190.80689,136,290080.997049
935.635751,261,290180.518259
2076.56316,397,290335.83918
-52.237736,55,290356.504808
-3.929649,62,290380.894617
1681.571221,359,290520.012632
37.077349,78,290550.355998
1051.486846,241,290646.1718
826.482596,244,290746.775699
879.537615,248,290841.535792
251.772736,132,290891.659852
386.833765,149,290951.257177
1578.624495,344,291084.089537
2461.080292,433,291253.448737
2696.904159,452,291428.146405
192.794031,125,292807.080603
1133.612162,285,292930.538787
2404.934244,430,293103.426806
577.648789,196,293179.537596
2875.575345,442,293353.145073
84.564114,99,293391.214211
1306.652013,303,293506.259867
783.206512,229,293596.621409
34.377972,98,293633.734788
1649.850378,348,293768.160059
1880.396765,388,293916.630454
2406.834895,421,294078.153592
137.909753,106,294118.65558
199.71693,123,294165.580799
712.700683,221,294251.53383
642.201068,228,294336.898391
1095.509573,270,294439.698755
517.07123,207,294519.897551
2378.279517,429,294686.082856
132.257671,96,294723.100094
561.78315,188,294794.730796
-57.74716,50,294813.878093
1096.293707,278,294919.762436
2339.89412,418,295082.195771
961.658521,250,295179.818573
1589.956563,347,295313.665053
1108.984727,288,295424.420284
1862.430609,388,295571.400579
1377.052962,320,295692.72881
382.951734,155,295751.206361
4.516913,78,295781.117168
1676.879891,353,295916.685423
1242.064737,323,297407.991866
-14.145799,67,297435.501732
2312.195888,427,297603.443016
256.343671,126,297652.484792
2086.04512,397,297805.671926
646.719422,203,297883.205467
2537.058562,420,298044.114202
1313.746412,301,298161.861349
203.43754,129,298210.978503
715.135338,226,298298.794261
1283.336415,308,298417.493766
2961.794498,483,298614.940659
750.202037,227,298702.665389
790.244412,237,298795.68087
2409.298691,426,298961.985591
1827.092174,366,299104.262885
1549.951292,343,299239.387431
1039.462138,287,299349.136098
668.106662,221,299433.112834
2110.079759,389,299584.612201
2499.85531,431,299752.983614
987.084674,238,299842.369945
248.038771,148,299899.471633
1805.193412,367,300040.66752
751.743545,237,300129.519315
2646.168143,454,300305.069382
1540.407579,338,300438.312008
2511.162332,430,302053.233524
224.015293,132,302107.265514
121.450735,81,302139.811704
177.823734,125,302189.342137
971.014719,242,302286.367857
645.198194,205,302366.288501
817.236189,265,302466.814189
757.471864,231,302554.977803
-103.06822,52,302574.724629
580.400006,188,302648.60173
1596.070782,330,302773.78142
788.785077,240,302867.271715
529.000737,190,302941.469945
1196.433024,279,303049.635904
61.863317,92,303084.713658
218.664429,115,303130.386898
275.390499,140,303184.913672
2428.253648,429,303360.645246
1036.130463,243,303453.93252
903.497292,243,303548.785943
1059.494613,281,303657.391041
1914.255497,364,303802.769169
407.059166,178,303870.532134
24.271196,87,303903.292586
2258.165923,391,304055.518135
381.823466,165,304119.228459
121.958433,96,304156.441509
346.179199,165,304219.13062
2789.754748,445,304392.095151
109.651764,94,304428.285667
1932.44085,375,304573.249146
2702.397233,429,304740.965748
2729.808807,444,304913.569937
2462.688872,434,305082.195078
195.288987,128,305132.01922
219.17088,137,305184.658425
1039.3061,258,305285.310832
279.589204,137,306625.399314
-38.357048,60,306650.166656
1385.544749,292,306763.731226
1922.480371,389,306913.125315
878.378233,259,307012.73825
306.511334,154,307071.151135
1561.340053,317,307193.699855
811.602394,245,307289.263674
1648.754858,346,307436.01248
1206.20711,296,307555.871517
2151.105549,409,307714.785582
2303.607949,419,307879.507522
1278.677775,297,307994.768131
947.820482,256,308093.209094
2264.64512,378,308237.294406
134.119156,103,308276.328248
2794.326054,455,308452.653325
615.911942,205,308533.321429
1289.672256,302,308651.215827
2507.383021,428,308817.313082
619.911054,203,308896.428279
2277.215444,419,309057.10032
1397.963484,321,309182.241749
2326.403521,430,309346.752696
2156.387929,399,309501.434616
413.065064,159,309562.294214
916.223717,259,309660.964433
829.068029,246,309755.297556
1091.905178,275,311402.583063
179.034339,107,311443.255726
1115.061965,292,311559.705756
208.563594,132,311611.505836
1694.803104,354,311762.779442
881.714564,263,311865.68669
255.162983,128,311914.633558
2417.938766,435,312083.873803
1428.037198,319,312208.141122
2154.443425,392,312370.637632
1118.795188,290,312482.107893
1205.790244,298,312597.380242
1912.119607,340,312729.66129
506.417528,177,312796.19779
2987.821965,442,312986.01106
1976.211526,353,313122.497267
2337.673873,427,313287.884299
1147.082768,292,313400.146996
2323.560829,428,313577.449322
1121.377861,265,313678.767994
790.504803,235,313769.328276
327.147497,137,313820.831519
2706.407643,441,313992.209572
787.241706,241,314102.23404
304.940642,141,314157.216073
10.808116,67,314183.453379
287.85415,148,314239.117671
516.963329,190,314312.967932
211.759167,99,314350.610054
2109.656382,398,314502.32501
1725.463944,348,314636.963263
2476.342092,443,316081.236169
2296.028002,410,316238.769644
330.365761,163,316301.789598
1549.679527,333,316430.467896
1251.307927,299,316561.473198
2578.337908,424,316725.871855
1602.935035,357,316861.578888
415.395477,166,316925.408129
1791.984357,357,317076.109223
1034.2759,269,317181.868689
256.282401,132,317232.784121
2644.603136,427,317398.994311
186.21954,118,317444.091218
1054.720298,264,317545.692529
401.444301,166,317610.97574
766.92561,244,317714.138505
1375.602739,315,317835.855511
1356.250707,300,317953.963549
1090.695088,272,318060.33712
221.755361,117,318105.965326
895.235263,260,318204.823438
1372.503237,311,318334.540048
2257.11194,425,318497.737667
1078.650114,264,318601.772161
1152.55943,292,318716.242337
1354.706891,310,318834.883166
995.619595,275,318951.588263
406.726567,172,319018.154722
520.546919,189,319091.581156
922.130653,245,319186.686832
1029.859645,269,320873.518115
1724.265192,353,321013.303977
1362.356498,323,321137.673537
2410.749264,442,321318.656255
288.4986,122,321365.42513
370.970468,160,321426.683028
40.711833,72,321454.106844
1158.993104,298,321570.195642
675.30332,214,321653.349847
1926.273361,380,321801.098957
2438.227971,433,321981.940142
241.837611,121,322029.353786
1359.665104,323,322154.762409
1376.765962,336,322282.902505
683.964451,212,322363.947982
1424.160623,327,322500.902508
1428.270393,332,322630.279579
435.006978,173,322697.25018
1758.215092,361,322836.348896
2392.005373,426,323000.46328
1937.01503,398,323166.78094
1964.824662,378,323312.047836
-22.092722,51,323331.820498
223.036003,135,323384.364743
2401.072412,425,323545.989506
1345.941468,316,323678.232527
2303.806002,422,323840.540276
2512.164168,425,324004.701939
1368.144659,300,325536.772262
1381.375555,311,325659.864712
2763.920066,426,325823.537204
1033.197604,278,325930.521719
1035.99215,270,326032.635754
1502.354553,314,326167.292662
68.998453,86,326201.187737
2704.360917,429,326367.995608
491.403005,182,326437.48486
2595.667868,378,326582.903488
343.099765,144,326637.202253
2414.284749,424,326812.017601
967.427834,271,326917.17781
2691.502445,429,327082.140264
220.604797,130,327130.948747
2105.355732,368,327286.235259
1390.752352,312,327409.111086
2457.743295,435,327576.71391
2384.791285,421,327738.135991
1102.264927,266,327839.876846
820.301786,234,327942.749249
712.000172,230,328030.632865
2851.269327,469,328211.66165
424.294767,150,328270.077624
262.420898,129,328321.157018
1378.886047,318,328445.659272
1038.916326,275,328563.015985
2870.686564,452,328737.278533
745.150511,225,330199.039734
2018.547691,381,330360.434012
2980.600113,464,330539.67036
1734.450133,374,330683.305336
700.625559,223,330769.995192
395.993191,153,330829.602105
1515.162604,333,330972.322395
1314.111,300,331088.188167
1520.147342,329,331214.313635
388.468151,160,331276.951079
1536.169726,332,331405.035953
688.166961,214,331500.285059
2435.86589,430,331668.234389
1678.527778,352,331804.342304
2975.33261,429,331970.46222
368.759379,160,332032.422337
2280.823086,426,332209.940051
684.48712,233,332300.446918
1598.499558,340,332433.768847
1155.317519,286,332543.639881
2792.412024,441,332727.971934
2751.536578,453,332902.482308
872.398015,250,333000.494763
1529.603528,320,333124.174388
942.878627,268,333227.887396
207.749051,129,333290.31577
1542.914587,340,333421.490523
1473.39049,323,334937.019407
1824.028533,376,335096.604174
1107.158522,269,335203.250889
410.685828,168,335269.200533
1125.778522,304,335384.038249
2542.065094,426,335549.926501
758.790926,227,335637.542165
2174.165043,379,335794.438987
403.244822,156,335853.30789
1511.909391,334,335982.879758
321.522708,150,336040.078709
877.473003,261,336140.585946
2134.572377,379,336298.440438
2589.577285,450,336484.614869
1772.116685,368,336629.913725
2298.489193,425,336791.610349
2446.869677,432,336968.579166
1096.644741,283,337077.582171
619.56053,207,337158.240273
774.394658,228,337244.999165
1267.062989,300,337361.259526
503.307988,177,337429.050028
512.669341,190,337513.952132
2783.48921,433,337683.182917
1537.832583,310,337803.868118
115.645912,118,337849.148089
562.827138,197,337925.094746
441.556623,152,337983.782936
2666.35297,447,339530.741036
2177.069947,410,339694.035659
1144.214061,287,339807.772167
1486.844012,316,339943.173752
240.145298,135,339995.767758
460.238322,185,340069.414419
2335.838877,413,340230.164255
-9.989623,90,340264.18463
2378.361562,425,340430.043423
2495.706914,435,340607.821513
81.838132,95,340644.562162
2356.87906,426,340809.568583
1069.612871,271,340914.525681
1589.040144,332,341042.368002
2445.679334,422,341217.040141
1342.925977,313,341335.854644
1494.03995,339,341465.785131
123.543046,92,341501.974014
113.704532,93,341537.339811
165.861328,103,341576.443878
366.516817,154,341635.776966
192.417298,123,341695.763894
2975.043581,458,341872.388381
2246.503094,408,342031.70329
989.648296,274,342138.893679
1490.439642,324,342274.715248
2556.646492,433,342443.540188
2373.038603,403,342601.158892
1070.743032,283,342709.399322
2718.810775,455,344299.9626
355.642747,148,344352.163067
2079.445846,397,344483.223643
2505.777674,440,344626.197745
333.27545,151,344692.66795
1194.819409,253,344777.601573
1747.179739,355,344891.343443
611.606003,210,344959.628749
2452.232752,434,345106.693124
134.333112,93,345142.440734
2712.766967,459,345330.708165
859.499615,252,345428.577247
288.195596,144,345484.184457
808.0909,229,345573.27145
390.02412,168,345636.955009
763.252351,216,345722.201137
1341.82178,323,345847.007757
1341.727001,302,345974.141223
630.085144,200,346051.68658
39.831706,100,346090.863187
751.580878,231,346181.181435
14.680209,64,346204.888007
980.006342,264,346306.704553
2364.854377,425,346480.301177
188.254601,118,346525.406946
2127.793235,394,346678.805284
825.35875,235,346768.445006
1922.695458,368,346910.330007
1519.720596,314,347031.405596
2858.873132,429,347210.495049
1901.318774,362,348653.209439
1083.920093,282,348802.845286
1323.06139,302,349035.139513
379.44122,141,349122.471794
2555.523614,429,349574.785696
2462.24883,426,349910.120841
-4.29743,57,349935.302976
135.314749,98,349978.720375
451.397036,167,350080.016287
3062.064245,442,350278.766146
1229.562732,288,350419.483083
2036.548505,397,350606.912557
630.287772,197,350727.445228
274.705937,141,350799.70515
746.948325,223,350907.214281
609.030964,212,350994.855905
1368.298379,325,351128.382449
271.069609,147,351194.545409
2551.023641,445,351428.590649
1342.764117,321,351590.789025
2398.057701,433,351815.211833
9.570959,75,351896.607204
2268.942179,418,352116.331254
802.396122,243,352228.164412
1744.675301,376,352417.24903
981.760771,269,352617.747053
1312.231139,288,352795.956766
2594.107912,444,353378.478648
2631.581023,424,353938.647062
2373.820392,424,357435.783211
1620.308066,346,357654.23002
-1.464755,72,357694.486399
867.444515,249,357820.439951
666.392243,213,357964.454097
1400.502437,333,358138.059251
-19.772233,71,358171.416947
79.820974,121,358224.993122
1050.497642,260,358327.932281
2855.903324,441,358597.293216
2117.714608,402,358760.305116
817.161567,245,358859.65031
3164.859865,447,359032.893481
500.783231,179,359118.564344
162.117446,118,359163.40208
132.5716,105,359204.447461
1389.754572,331,359330.723346
1788.276738,359,359474.365919
1196.24187,298,359589.146956
2705.158281,430,359782.988945
1656.937481,347,359919.076156
1784.799585,322,360040.89532
2828.283705,459,360217.256461
198.395921,120,360281.649621
501.224548,173,360350.408696
1003.529729,278,360455.065073
521.109285,176,360524.904855
2694.184677,397,360679.836155
-72.536553,37,360694.303217
2321.893985,398,360866.392211
792.815498,235,360956.088384
809.3015,225,361041.24925
1661.65207,332,362469.901959
152.929393,96,362509.08813
1300.936632,313,362630.676533
1103.264548,267,362752.524618
-29.975639,63,362775.953505
-67.855342,31,362787.478964
1510.167784,322,362910.664389
2804.93077,437,363081.585103
476.124697,161,363143.142953
1569.664685,308,363259.140301
-34.589464,61,363283.295379
1762.799844,361,363429.803963
2027.296006,387,363581.983116
1589.089471,328,363708.254629
120.261104,103,363745.790269
465.574285,185,363817.279434
2487.740889,426,363980.823401
298.704918,141,364034.167974
2297.765654,429,364195.250424
2492.067547,440,364363.583519
2404.455057,391,364510.462337
2975.82387,447,364679.317515
1635.917802,343,364812.234912
123.478563,116,364857.236179
1721.177971,361,364995.109447
822.711822,245,365086.560544
763.161543,239,365179.182629
1726.319594,362,365319.506161
3152.826169,439,365486.920888
886.345253,243,367123.443885
1240.522186,301,367254.052402
878.037845,256,367354.457538
1759.015567,363,367513.157876
902.377535,248,367610.647992
62.70653,88,367643.496984
282.420114,138,367697.573625
2767.865199,430,367860.825938
2615.65786,452,368034.885165
739.680825,227,368121.950666
969.317225,257,368220.670677
2918.035274,469,368398.960188
1067.190585,254,368497.17149
1674.166056,344,368629.385649
1492.490422,338,368757.609645
241.283314,113,368801.480072
634.032291,208,368882.746429
1320.992429,310,369000.134726
1360.464149,311,369117.565789
383.229265,162,369178.425745
2178.18933,403,369334.779107
1216.185837,263,369433.761704
1454.10106,321,369557.169178
2341.098489,424,369719.006477
1189.111205,299,369832.608441
120.377837,92,369866.71981
1772.347578,362,370005.322793
1249.376507,296,370118.451638
1322.31573,295,370230.936588
1899.482776,379,371830.641264
1507.566114,331,371961.215688
1222.59748,303,372080.035246
1582.258706,353,372214.787767
1668.252613,327,372340.502616
513.237149,210,372421.226137
1971.749275,341,372553.218862
1727.953967,319,372675.590717
2438.854399,423,372838.106994
591.780736,187,372909.275876
351.879251,147,372966.700522
2715.923306,447,373137.836503
514.402805,183,373209.661117
1075.687972,261,373310.474149
1935.331454,375,373454.559191
-23.349896,60,373476.868062
120.975009,103,373515.630705
2097.693397,408,373670.635517
1248.753631,301,373784.298229
2891.867603,471,373965.413306
2018.775848,398,374115.259596
1128.001201,286,374225.349247
2779.750686,464,374415.042326
150.140922,103,374456.642254
379.433879,175,374525.446184
449.424796,179,374594.335413
2757.272679,461,374770.868601
1273.843945,304,374887.379842
1393.915574,307,375005.33998
1024.233175,268,376519.267763
3043.223754,444,376690.66027
3598.099268,477,376873.439772
654.854837,217,376958.534716
645.954345,200,377038.212907
2383.972143,431,377205.696965
1009.22534,250,377301.815999
1517.521531,325,377427.573372
521.787193,183,377498.674294
2734.790882,468,377675.742985
1754.468666,378,377816.298385
2543.557935,438,377984.17766
676.380481,219,378067.74644
2182.004425,406,378222.018384
387.409192,161,378298.896975
2681.402859,451,378472.175167
2058.704612,387,378617.976015
2494.533242,432,378783.037204
1057.956587,268,378884.656966
648.152494,217,378968.349445
1296.792231,310,379086.017402
927.968116,262,379184.170415
1825.834523,372,379326.645729
1958.273951,382,379470.829792
729.930478,224,379556.043885
2387.497546,426,381105.924172
2432.703257,430,381277.132162
1325.575841,301,381395.087097
231.490542,129,381445.865199
989.730581,256,381546.471403
1841.234307,369,381687.345979
2795.105952,431,381849.15432
1399.317461,318,381973.87373
350.180373,178,382042.089764
2532.429489,431,382207.754981
411.568327,160,382268.043386
213.008656,133,382317.621321
782.352192,243,382409.580925
2340.256378,427,382575.973845
2682.104487,458,382748.916282
1537.274556,337,382877.539042
92.930001,93,382912.371113
1001.561905,265,383014.654432
2467.724113,425,383176.837989
1506.737354,315,383300.606658
2665.946442,435,383467.284309
1435.913081,311,383584.960297
1531.672708,342,383730.33993
2448.960279,430,383897.050261
1183.848699,277,384001.667562
2360.159618,427,384177.974192
1818.858991,367,385860.179102
67.038659,90,385896.343281
359.907953,157,385958.620406
328.96043,162,386021.424711
2496.196824,390,386175.311482
1055.442132,258,386274.176078
836.428025,239,386365.67591
473.955099,182,386437.280721
2706.849316,432,386603.462388
943.577074,269,386704.426755
675.310357,212,386784.621668
801.687616,243,386878.941225
283.984153,137,386932.20516
1649.396573,351,387065.430848
915.655107,261,387165.516066
1802.212078,369,387302.907715
1252.15176,294,387413.969257
3103.724646,444,387584.535712
-69.60717,73,387612.625304
1727.299749,368,387751.918559
1260.290392,283,387875.908763
1989.104969,390,388024.941382
456.693503,170,388087.547269
2929.746452,437,388251.508033
1260.451619,299,388370.222134
401.465873,162,388433.197668
1712.842509,365,388575.639834
27.080236,78,388604.262738
1788.743222,363,388742.917339
1988.932308,393,388893.331146
20.982527,72,388920.629557
1905.285007,384,390544.939389
76.925008,91,390582.730668
2464.610039,431,390748.139097
1243.070604,295,390859.873562
678.303658,198,390936.98839
564.851968,197,391012.921357
1915.988828,392,391162.283142
1377.593866,321,391289.620391
753.003793,214,391371.425658
-81.566544,54,391393.228558
991.842376,252,391488.343473
593.489607,208,391568.720256
553.176919,192,391639.074801
1340.884827,307,391756.024199
1565.682535,342,391887.923744
2182.322366,417,392063.995904
2355.335512,432,392231.465603
352.10838,148,392289.052231
2124.113563,396,392440.895265
122.479253,96,392478.105603
80.076929,81,392510.060352
1212.982866,303,392626.38966
121.878518,101,392664.41019
1564.362646,347,392797.983382
1017.247028,262,392897.009879
1217.134126,292,393008.582822
442.262455,175,393075.72075
2769.779319,443,393247.53608
1629.102567,348,393380.271187
1251.816463,298,393492.749671
1235.420165,300,393608.644332
532.207698,187,393679.956483
455.06169,174,395057.451094
65.192537,78,395087.945609
1369.463352,305,395194.794874
173.614206,112,395230.223266
1681.113946,344,395344.82796
3324.528739,465,395498.039924
888.250121,253,395580.112086
435.51763,170,395636.204367
88.08397,103,395671.754977
2528.861749,438,395814.632923
2230.075949,421,395951.602784
1538.995306,329,396058.723551
1791.827281,355,396175.684437
720.3523,214,396253.890661
1822.672445,368,396384.353302
1834.589958,370,396503.223048
726.720567,225,396576.880142
-131.681949,35,396588.510966
1671.86567,349,396703.374375
1326.693835,306,396802.384156
2070.091051,379,396928.147138
1564.046986,348,397040.731552
1345.193486,284,397132.89739
164.189096,127,397174.555425
2682.623294,440,397318.395608
2697.041116,459,397467.83102
618.687196,203,397532.103688
1762.194115,358,397647.477237
1413.337507,339,397756.600618
2973.249194,490,399121.509452
792.878351,234,399198.508185
267.829112,132,399241.914743
1722.211657,367,399360.798299
1814.69672,374,399484.816419
818.066175,230,399559.447605
2269.422705,401,399691.275951
1806.015818,351,399804.541967
1359.603198,292,399900.22714
2636.200374,424,400037.646461
853.35758,255,400119.336418
2362.587405,387,400245.772512
1749.181498,363,400362.743241
2359.72699,429,400500.807148
2429.948852,433,400639.755178
1000.212592,277,400729.395216
584.29189,198,400792.598377
451.154437,174,400847.923216
1873.091561,376,400967.583581
1966.729716,372,401105.102679
1912.276381,381,401230.037378
1931.225079,398,401356.715446
1713.541662,355,401471.812947
2190.113696,401,401603.405113
36.631982,77,401627.402143
