#{"t_start": 1776774591.3868575, "env_id": "None"}
r,l,t
-229.696752,16,18.51506
-294.10682,19,25.093161
-246.083545,15,29.834146
-243.413242,17,36.335252
-240.969781,17,44.414549
-277.361938,18,49.622187
-311.567385,17,55.106854
-327.853787,18,61.813348
-211.868481,13,66.529088
-267.527506,12,71.558639
-342.955189,18,78.063649
-312.10456,15,84.726928
-142.424091,13,89.306748
-314.13183,21,98.216592
-244.094535,14,103.402072
-245.462174,22,112.769452
-279.601154,21,121.863351
-239.662247,19,128.694359
-224.913424,16,134.21463
-284.15671,17,140.18333
-338.769921,21,147.306814
-308.672538,18,153.016828
-389.652975,17,158.287407
-241.975585,22,166.149131
-251.331583,16,171.804039
-281.078381,20,180.280314
-216.105726,18,187.187746
-246.94002,16,192.93344
-360.462674,14,198.179741
-210.931245,19,204.776342
-263.552465,13,208.700837
-289.05828,18,214.444233
-309.477544,17,219.746862
-246.402105,19,225.666034
-241.29028,18,231.829715
-258.276323,20,240.829405
-266.142809,17,247.953626
-282.065797,15,254.132152
-268.460702,17,260.201292
-286.066882,20,270.498916
-253.316633,14,275.140257
-311.944306,16,279.894868
-211.367223,19,287.658768
-244.174529,13,292.120378
-243.672475,13,297.276376
-248.241163,13,301.186637
-259.069908,20,309.214118
-255.998093,22,317.129454
-335.552849,22,324.168562
-256.356758,17,330.354423
-297.916084,12,334.178052
-285.599325,18,341.302926
-300.819428,14,346.7137
-289.841568,13,350.258403
-320.137465,21,357.461745
-276.498198,18,363.190736
-271.079141,18,370.565846
-138.949593,15,375.561852
-329.900269,22,384.100471
-269.323812,17,390.162219
-250.309832,19,396.029198
-334.532621,15,400.80902
-181.43753,17,406.538624
-186.140542,23,414.767247
-236.604836,16,419.886574
-280.821401,17,427.105027
-320.480826,17,435.078033
-320.847421,21,443.455905
-262.850584,17,448.956819
-166.242152,11,452.09535
-233.052361,19,458.137569
-349.473051,17,463.837497
-303.880711,17,469.950758
-198.018462,20,478.517482
-259.286188,18,484.036297
-301.51426,19,491.942891
-289.884007,24,499.93936
-251.052546,13,504.233751
-251.890224,14,509.425235
-190.099886,17,518.354904
-258.356512,11,521.966713
-255.902512,15,527.749193
-296.35207,14,532.101072
-409.393034,18,538.023028
-268.746696,14,543.579279
-264.027962,21,551.24884
-224.762651,17,556.462303
-305.557932,14,561.720777
-287.625117,15,571.245489
-274.192288,21,580.028561
-310.643017,14,585.279634
-261.549017,10,588.649699
-243.641907,18,594.399427
-290.621855,13,598.811375
-267.203776,15,603.653025
-203.37189,12,608.856338
-402.796388,14,614.095403
-239.71348,16,618.869467
-256.44235,17,628.074342
-257.427426,19,634.110955
-347.044265,18,641.22035
-287.778331,20,648.789645
-289.202181,14,654.59568
-299.546287,17,660.176393
-337.453613,17,667.987086
-281.016604,20,674.842693
-264.387018,13,680.605603
-296.666011,14,686.122115
-290.033282,13,690.944642
-297.698134,19,698.889077
-327.870118,18,705.113493
-258.517912,18,711.802042
-315.914199,19,718.969435
-274.766138,19,725.477998
-165.37512,15,731.043991
-285.557156,16,737.344869
-274.520837,11,740.998599
-319.867002,18,746.624498
-290.474236,10,749.612471
-282.771974,12,754.964431
-310.702867,21,762.464268
-300.07453,22,769.194349
-327.509137,21,776.255585
-162.44917,15,781.060604
-186.763621,25,790.666236
-371.479833,19,798.256294
-249.497345,18,804.217931
-221.988624,16,810.131184
-234.107203,19,816.500535
-280.996097,18,823.885479
-289.326899,14,828.312892
-282.672011,17,834.530845
-233.71708,15,841.505744
-388.800461,18,847.775618
-268.719319,24,857.477244
-283.574859,21,864.018523
-230.659561,22,871.16725
-320.771617,17,878.606426
-268.553224,18,885.508732
-279.128236,16,890.670196
-315.837196,20,897.567151
-280.823415,11,900.962568
-236.205892,18,906.595796
-212.762774,22,913.479379
-290.429886,12,919.302707
-331.729499,17,925.571415
-267.960579,15,931.084631
-229.149516,16,936.773302
-311.275951,21,943.037994
-317.744777,15,947.904671
-237.935154,19,954.610336
-311.234161,20,963.733499
-291.649607,20,970.702206
-272.902693,18,976.109951
-289.290229,16,982.121925
-212.422843,18,989.432034
-251.626339,15,995.244583
-288.285002,18,1001.147813
-268.384571,14,1006.822821
-284.979081,17,1013.000455
-239.559514,18,1018.897791
-244.69515,19,1025.083113
-292.083831,19,1032.37891
-292.303648,18,1039.04305
-262.080883,18,1045.586977
-230.052347,16,1050.540627
-283.477544,16,1055.844071
-283.889731,16,1060.986787
-260.42245,15,1065.817703
-271.304429,17,1072.064689
-256.186941,17,1077.56539
-314.563104,19,1083.766208
-241.108187,17,1091.367478
-327.432264,17,1096.759576
-295.200173,16,1103.93704
-315.021965,22,1110.483641
-299.664988,20,1118.784761
-291.885902,22,1125.779845
-137.384275,14,1130.31605
-234.067538,17,1139.120675
-432.462071,22,1147.906779
-307.448843,15,1153.518312
-294.221224,19,1160.793188
-265.939882,15,1165.775956
-243.8303,17,1171.812379
-301.442602,20,1179.331131
-275.214866,13,1183.638409
-334.689466,20,1192.171893
-231.60501,16,1197.533851
-230.362124,19,1204.280168
-168.778046,9,1207.905802
-255.262673,19,1214.731563
-319.126234,20,1221.900205
-303.721274,17,1227.536609
-282.35409,17,1233.957529
-325.707442,20,1241.928953
-401.422643,22,1252.895132
-269.616635,15,1259.155542
-251.787384,14,1263.906163
-222.594074,19,1269.84398
-243.445434,17,1275.6967
-368.965992,21,1282.748806
-313.759744,12,1286.54604
-304.064239,17,1293.793628
-238.606771,16,1298.870501
-256.531375,20,1305.345934
-306.715964,12,1309.43622
-339.623837,16,1315.428949
-270.808871,9,1318.372237
-220.303885,23,1327.127168
-242.929255,19,1333.342336
-408.538407,17,1338.914513
-273.584435,15,1348.258581
-391.813562,20,1354.732356
-341.838595,16,1360.450709
-295.972054,15,1366.300867
-265.513648,23,1373.240129
-280.598929,13,1377.901804
-236.113172,17,1383.664975
-231.51799,16,1390.288764
-350.709407,23,1398.645989
-251.402822,21,1405.487639
-262.133166,14,1409.879696
-288.690373,18,1415.781355
-276.117234,15,1422.766918
-393.892182,18,1428.889707
-263.119104,18,1435.189501
-261.017628,15,1440.344977
-280.388339,13,1444.675352
-305.383787,19,1450.898749
-415.216153,19,1459.336926
-339.679934,22,1466.882165
-216.950431,21,1473.709646
-215.225705,21,1480.483705
-303.381192,20,1486.731439
-317.449516,24,1495.050935
-348.072302,20,1503.742955
-214.917066,17,1509.642677
-270.323722,22,1517.178985
-365.297212,23,1524.452566
-317.885591,20,1531.837528
-273.213822,20,1540.111609
-229.259382,18,1545.851082
-297.370158,11,1553.111324
-262.93142,17,1559.479683
-279.260863,18,1566.267172
-187.734626,20,1577.410104
-309.217778,20,1585.707468
-254.463398,15,1592.749462
-243.761206,16,1598.27476
-272.151351,12,1602.558711
-150.800043,16,1607.46741
-173.880803,14,1611.56363
-308.465905,18,1619.311255
-282.487927,15,1625.663043
-342.389938,20,1632.362935
-270.929019,12,1636.665709
-273.36694,11,1640.550815
-263.717333,13,1644.714989
-241.585182,19,1650.557992
-254.401889,20,1658.981312
-345.976429,17,1665.408822
-275.266854,18,1672.656922
-231.385904,15,1678.412558
-327.62192,11,1682.487538
-335.20879,19,1690.756823
-274.841757,18,1697.381021
-238.55034,18,1704.576297
-276.790511,16,1711.414363
-346.380725,16,1717.204895
-177.671768,10,1720.229029
-312.140868,16,1726.415323
-275.622289,15,1732.178992
-281.072389,19,1740.520055
-211.075515,18,1746.788179
-245.427994,13,1753.013455
-303.470394,19,1760.249769
-264.33265,18,1767.921205
-301.99743,14,1773.56419
-271.489636,14,1779.226464
-356.251476,20,1785.432143
-232.116284,22,1795.286198
-380.256195,19,1802.241663
-284.71021,16,1808.762132
-346.83256,14,1813.317163
-359.895135,15,1818.386158
-207.21152,17,1824.254174
-303.862911,18,1830.414561
-262.856119,17,1836.922087
-261.50555,12,1842.118418
-221.151241,18,1847.709138
-286.747436,15,1852.283633
-315.594398,17,1859.133485
-267.068316,16,1865.132996
-296.459284,10,1870.104999
-224.675475,19,1877.190503
-259.643752,19,1884.275766
-202.696729,18,1890.854147
-286.584287,14,1895.480518
-211.972651,19,1902.9371
-244.259006,20,1909.987146
-266.599288,20,1916.568235
-277.500537,17,1923.190615
-248.556298,14,1930.12583
-171.236874,15,1934.922491
-226.391916,19,1940.507179
-265.384279,18,1948.971426
-358.3268,17,1954.680652
-303.273602,16,1960.488847
-303.414596,19,1966.31338
-225.494814,19,1972.292637
-299.446874,20,1981.142967
-255.226269,18,1987.314935
-235.751002,17,1993.115942
-235.92956,17,1999.270466
-253.01683,18,2005.015914
-359.705107,18,2013.045922
-297.066484,16,2019.081395
-324.706251,11,2023.05431
-215.007028,15,2028.511336
-144.305975,12,2032.573193
-351.938454,18,2040.051908
-258.664336,23,2048.157451
-189.857969,19,2054.964855
-353.830476,17,2059.915728
-272.450418,15,2064.496297
-279.969336,16,2070.312913
-266.624113,16,2078.21954
-298.414174,16,2084.157393
-263.03703,18,2089.737698
-216.08303,18,2095.977375
-224.846854,17,2102.289536
-253.406952,18,2109.182358
-257.087072,14,2114.984903
-231.00967,18,2120.97854
-238.776704,17,2127.55846
-356.043206,17,2134.715011
-241.34331,18,2142.615768
-334.230206,15,2147.611761
-256.015875,19,2153.167649
-307.878373,21,2160.034522
-188.380911,13,2163.79686
-308.873593,15,2169.061235
-277.925771,13,2176.146764
-285.796758,20,2182.648323
-271.390867,18,2188.853062
-349.864955,17,2196.005581
-249.453565,13,2201.869189
-375.772876,21,2210.588009
-245.469438,17,2216.499758
-248.683399,17,2221.291779
-271.642037,23,2231.105022
-193.733221,16,2236.779164
-249.353775,18,2242.866973
-296.93147,17,2248.31478
-296.51117,20,2254.800981
-197.061244,15,2259.642445
-337.910457,21,2267.655794
-255.550513,23,2275.003089
-271.959486,21,2282.663584
-272.444997,16,2287.81924
-261.040359,16,2293.313462
-379.60318,17,2298.492265
-317.179603,18,2304.482553
-219.226742,22,2315.110044
-241.649713,17,2321.003076
-379.296757,20,2327.184677
-268.853392,10,2332.680848
-227.129676,16,2338.564654
-301.031354,18,2344.338148
-272.492991,18,2352.277504
-254.719187,12,2356.59713
-287.082455,14,2361.506147
-237.948508,18,2367.665295
-301.846917,11,2371.867062
-286.231813,19,2378.201026
-330.9698,15,2383.645052
-276.881275,17,2392.740197
-262.607953,20,2400.871986
-315.608671,16,2406.675443
-270.059967,18,2413.117886
-225.822526,16,2418.828693
-287.267775,18,2425.083721
-342.022071,21,2433.987699
-204.085175,10,2437.234519
-268.180074,15,2444.82026
-234.136545,17,2451.9045
-234.678078,17,2458.990377
-343.838306,22,2466.752277
-323.054469,23,2474.415051
-151.095862,11,2478.248677
-268.4686,17,2486.254641
-259.945373,17,2490.942679
-294.073357,24,2498.468184
-169.6846,15,2503.852478
-284.48297,16,2509.274135
-294.471459,9,2512.022549
-284.764357,20,2520.418947
-254.645794,21,2528.930751
-251.961933,18,2535.102826
-321.587407,17,2541.773241
-304.613448,17,2549.361215
-357.187634,21,2556.177962
-300.618152,16,2561.999794
-299.643238,17,2569.134105
-241.794291,18,2576.122698
-311.227162,17,2582.36457
-341.211772,18,2587.957
-268.813011,11,2592.877089
-321.657087,19,2599.839418
-293.826429,14,2605.063204
-230.605897,14,2611.3407
-231.269244,20,2620.737857
-253.761475,18,2627.455183
-287.930042,19,2634.106266
-281.391492,17,2640.811069
-300.009388,17,2646.369451
-288.53116,20,2654.005465
-284.94303,18,2661.187387
-216.77815,23,2668.682819
-241.987092,19,2675.681731
-345.179278,18,2683.088979
-325.060984,15,2688.1237
-284.827801,15,2694.599177
-227.962628,17,2702.170895
-285.045485,13,2707.293041
-219.487994,17,2712.849542
-238.324815,20,2720.840369
-305.091086,18,2728.477124
-311.709865,19,2734.528882
-243.546781,17,2739.946313
-137.94946,15,2744.644555
-270.72701,21,2752.442631
-159.849361,15,2756.810023
-242.760216,14,2764.749221
-321.922844,15,2770.231636
-328.747691,16,2776.036922
-255.351455,21,2783.431777
-323.841303,18,2788.96698
-302.68815,19,2795.808374
-291.442338,11,2799.291919
-318.722682,16,2805.504452
-262.497341,16,2811.544489
-256.954831,21,2817.898082
-168.713959,13,2824.178648
-187.904436,17,2830.419494
-254.972299,16,2836.032691
-235.400081,19,2847.055359
-260.566305,23,2854.23471
-280.995904,17,2859.738994
-259.765111,15,2864.32001
-367.148284,15,2870.213938
-293.415582,17,2876.278059
-422.423716,18,2882.934802
-285.836098,21,2892.101596
-273.026078,20,2901.034245
-298.70224,20,2906.984191
-222.359752,14,2912.330115
-156.320559,13,2917.195606
-373.292884,20,2924.27458
-260.651525,17,2930.45294
-189.745739,19,2937.287833
-205.58403,20,2943.916826
-314.398774,17,2950.059438
-246.643202,21,2957.955936
-212.371942,21,2964.403986
-275.567437,17,2969.771253
-235.991156,15,2974.763275
-264.507559,11,2979.526251
-273.230492,17,2985.479691
-262.469907,15,2990.237339
-338.201967,21,2997.663955
-268.582702,16,3002.749918
-317.231775,19,3008.521875
-228.038102,19,3015.318454
-269.693601,16,3020.25159
-302.166456,13,3024.232597
-261.229363,20,3030.813519
-290.674188,17,3036.91268
-279.135056,14,3041.79045
-415.580856,21,3049.47544
-269.274107,21,3060.198229
-276.114939,12,3064.078331
-298.857202,15,3069.111364
-297.74054,12,3072.727391
-231.515959,20,3082.167445
-347.880134,20,3158.074673
-217.361136,18,3164.208911
-357.308553,18,3172.077339
-281.068843,18,3178.459238
-308.096902,16,3183.818135
-304.659867,19,3189.919546
-313.326786,16,3197.111431
-223.824461,17,3202.993265
-334.016989,16,3210.968459
-236.017599,21,3217.781889
-269.512472,15,3223.521505
-279.327027,20,3230.097969
-309.824813,23,3238.831761
-297.310226,20,3250.03378
-275.2309,20,3257.144522
-300.882757,18,3264.149325
-273.270546,15,3269.390542
-237.905408,16,3274.631437
-292.298044,10,3278.496453
-188.794942,18,3284.512793
-296.682426,14,3289.353289
-269.19695,13,3295.413474
-277.019635,16,3300.82968
-263.415257,15,3307.339874
-265.026012,19,3313.748791
-332.348663,18,3320.198021
-261.731697,21,3327.905841
-146.322404,15,3333.971944
-196.503955,20,3340.951508
-151.098844,10,3344.574299
-300.221355,19,3351.032929
-376.461045,17,3357.169084
-292.541772,17,3364.463475
-346.273342,19,3372.158735
-278.655201,16,3377.713213
-233.613925,20,3385.669732
-285.449523,17,3394.333564
-270.209562,12,3399.720501
-297.785121,16,3405.07173
-316.530073,10,3408.345364
-236.960006,16,3414.179632
-320.058225,20,3423.019782
-224.030338,19,3429.849698
-257.911772,22,3437.220254
-237.964142,15,3443.750061
-292.654914,17,3449.295859
-261.263765,14,3455.102165
-227.911013,17,3462.860063
-279.027515,12,3467.076494
-231.229586,15,3472.476398
-348.785225,15,3478.160783
-296.38548,18,3484.065578
-262.446824,17,3490.107512
-225.519913,19,3496.715904
-259.695982,18,3502.975511
-293.046893,12,3507.603151
-273.367842,17,3515.635778
-318.571009,21,3523.074659
-351.095415,19,3530.187025
-251.676703,16,3535.656772
-212.28874,16,3541.220517
-304.806491,21,3548.386254
-152.915935,21,3556.27823
-247.449224,16,3562.280983
-415.784683,18,3568.548443
-363.275776,24,3576.990955
-248.294062,16,3583.632377
-253.102045,21,3590.989732
-300.624561,18,3599.212723
-317.38947,15,3607.593003
-270.049678,20,3614.121586
-211.45578,19,3622.068813
-275.299915,15,3628.44797
-285.207936,18,3635.967318
-306.813581,18,3642.006022
-326.051778,22,3650.441336
-300.652639,12,3655.956199
-241.627133,21,3666.13168
-316.068175,16,3675.147618
-213.695933,20,3682.244285
-252.159991,17,3689.088584
-316.233591,14,3693.541302
-274.778042,21,3700.576444
-299.437932,18,3706.562931
-263.413415,21,3714.099325
-328.671735,16,3720.60636
-215.060258,17,3726.05243
-311.524162,17,3733.170865
-281.91992,15,3738.931319
-291.615673,14,3744.793803
-272.733677,13,3749.374111
-368.505654,17,3755.257658
-280.175251,18,3762.350233
-303.567997,15,3767.297683
-270.8184,18,3774.369254
-216.486059,22,3783.55963
-248.535789,19,3791.088633
-260.467038,22,3802.6018
-215.814577,20,3810.091494
-225.472706,19,3818.085692
-299.160001,15,3823.282152
-280.93377,10,3828.099132
-166.671732,11,3833.016654
-284.358058,12,3839.311994
-252.188504,12,3844.756721
-187.785578,14,3851.038327
-267.714178,14,3856.197288
-227.366043,17,3863.76241
-384.918982,18,3870.639577
-248.733503,19,3879.966261
-228.93792,17,3886.122798
-242.009639,19,3893.36708
-277.161291,15,3898.959686
-217.630143,23,3908.356054
-194.529612,15,3914.214104
-333.246729,21,3923.284108
-345.667005,12,3928.775715
-312.027315,16,3934.720771
-170.969588,23,3943.062104
-253.935309,14,3950.861854
-300.195976,11,3956.387851
-347.433075,18,3962.259341
-334.269229,19,3968.760638
-237.717229,18,3975.07175
-214.798446,22,3982.827127
-280.044293,21,3989.784961
-376.146755,21,3997.653237
-217.139134,20,4005.730859
-238.504533,14,4012.980898
-271.31583,20,4021.040841
-300.890875,23,4030.299709
-340.599443,19,4036.521039
-203.878708,12,4041.439379
-255.550605,18,4047.433416
-236.756663,18,4053.573249
-193.351469,19,4060.352151
-275.258838,24,4069.065271
-314.491198,19,4075.745541
-242.904684,16,4081.773054
-404.683695,19,4088.876815
-241.845253,12,4094.515292
-241.085547,23,4102.091799
-240.535809,17,4107.802825
-281.985746,18,4115.608921
-244.844444,19,4122.711509
-291.462558,16,4128.305937
-248.801948,19,4134.996688
-333.997312,19,4142.239555
-254.144363,17,4148.298728
-277.272188,17,4154.92401
-290.271601,13,4161.77465
-264.868431,18,4167.801099
-216.447883,18,4174.481628
-190.675611,20,4184.154197
-261.528082,17,4190.4387
-246.778816,14,4195.163655
-225.520154,15,4202.428127
-268.417449,16,4208.014632
-339.434148,18,4214.411004
-281.009045,16,4220.483562
-323.717259,14,4226.105204
-257.086839,13,4230.628813
-273.172713,17,4237.006942
-295.958428,12,4241.810887
-280.618234,19,4248.294343
-239.587177,12,4254.656148
-184.234205,17,4261.064801
-291.333487,18,4267.498823
-227.007968,15,4274.379037
-363.172767,17,4280.383347
-257.310667,13,4287.409692
-267.734777,18,4293.550212
-194.319157,18,4300.613794
-335.410177,15,4305.85819
-254.439872,19,4312.420248
-227.447523,21,4320.473914
-229.588953,16,4326.100908
-289.397224,18,4332.544439
-237.847682,17,4339.363058
-333.900832,17,4346.163918
-242.48414,15,4351.158771
-228.099899,18,4357.306659
-257.723341,20,4363.975175
-267.132333,17,4369.970958
-298.163591,16,4377.276222
-347.415285,16,4382.637785
-264.253174,18,4390.270952
-265.938007,21,4396.996212
-340.293941,20,4404.784606
-265.006451,15,4410.394827
-276.95075,19,4417.777332
-278.850932,16,4423.163465
-247.404202,15,4428.878132
-281.793675,12,4435.239924
-296.128201,11,4440.340383
-245.844216,21,4449.37745
-253.852275,15,4455.662927
-213.75112,16,4461.79241
-250.133712,17,4468.312681
-281.9754,18,4475.017498
-230.558676,19,4482.561847
-422.264937,21,4490.689798
-280.221274,19,4498.687894
-295.189346,20,4505.500438
-262.708162,19,4512.355237
-260.840627,20,4521.896086
-307.255293,14,4527.801064
-309.360654,15,4533.96596
-390.131976,18,4541.078759
-189.645893,21,4550.063016
-242.782052,20,4557.851386
-320.403133,19,4564.612062
-235.298281,17,4571.202367
-274.659101,17,4578.09937
-361.858761,14,4583.596878
-219.753443,19,4591.065493
-281.308751,14,4596.370095
-284.877857,18,4604.707281
-268.184346,12,4608.974921
-342.323001,17,4614.704366
-366.192223,23,4624.856917
-247.868643,22,4632.867463
-236.47008,18,4639.3904
-214.877566,18,4645.789282
-242.796097,22,4653.145232
-299.996887,19,4661.287604
-268.625438,20,4667.841634
-250.499535,17,4673.374188
-263.711835,15,4679.923871
-236.195685,21,4688.161867
-141.333985,18,4695.852493
-247.970783,17,4701.516067
-238.465218,18,4707.548403
-289.527375,23,4717.72343
-251.161298,15,4723.0312
-294.462771,12,4728.617173
-289.9386,17,4737.803979
-225.535511,20,4744.316199
-232.453588,19,4752.952187
-241.236011,14,4758.024674
-259.574886,18,4765.75028
-276.259973,19,4773.709517
-225.526184,17,4780.46474
-112.440037,13,4785.754593
-281.450117,20,4792.573531
-285.922194,18,4798.903606
-301.866455,15,4806.049244
-229.750509,17,4812.206947
-288.10916,15,4818.876012
-319.432371,16,4824.528483
-302.812661,19,4830.796996
-292.158962,21,4837.712624
-300.458437,22,4845.175412
-296.53827,11,4849.240971
-308.499306,17,4856.573744
-329.104345,20,4863.308763
-164.008005,15,4868.824637
-254.36197,22,4877.083092
-323.346032,18,4883.422085
-201.132081,17,4890.581405
-279.402423,15,4896.3275
-231.228916,18,4903.322704
-251.718387,13,4908.488489
-234.454133,22,4919.262727
-255.340788,15,4924.96887
-277.280699,8,4929.873719
-361.059012,20,4937.142147
-284.062081,18,4943.157545
-226.88917,21,4950.878474
-252.036647,19,4958.62729
-192.016799,15,4963.684638
-218.871804,18,4971.556814
-174.44497,14,4976.560652
-272.797897,14,4981.637791
-250.459854,18,4987.462813
-265.006547,17,4993.607872
-302.075846,21,5002.225942
-284.662196,11,5007.824283
-253.363557,13,5012.704406
-266.827728,17,5018.629288
-338.910513,17,5024.98241
-275.191092,12,5029.88021
-274.261503,16,5035.093598
-229.491878,15,5041.543722
-325.165272,16,5047.316954
-250.811517,18,5053.936108
-281.564657,11,5057.650263
-239.30998,15,5063.378403
-311.065116,16,5069.099773
-286.271923,21,5076.370041
-237.465072,21,5084.832035
-281.293764,12,5092.50724
-214.123109,19,5098.832069
-293.087792,24,5109.126902
-271.769194,18,5115.721812
-225.546017,22,5123.297797
-216.766682,12,5129.58513
-284.608349,22,5140.100812
-265.585159,19,5147.028782
-322.761201,20,5154.612695
-264.62685,16,5162.213305
-400.866115,16,5168.033279
-297.86084,19,5175.245781
-320.701256,20,5183.464379
-283.684905,14,5188.892437
-282.852596,17,5195.295239
-264.207648,15,5200.60347
-278.947797,15,5205.441918
-280.032755,19,5211.644575
-301.796725,23,5221.619617
-285.060381,14,5227.371673
-337.008584,17,5233.232002
-283.359903,20,5242.772329
-252.538069,15,5248.308278
-235.529155,16,5253.80735
-376.023744,20,5262.249043
-316.13712,18,5268.586099
-244.506371,18,5275.055973
-271.10524,18,5282.087135
-325.535676,16,5288.374929
-294.671987,15,5293.611987
-280.992289,14,5298.95697
-289.987649,18,5304.835838
-257.560938,14,5310.130417
-219.782313,18,5316.925815
-288.806107,19,5324.880295
-268.925567,14,5331.380262
-122.9079,15,5336.754061
-333.881849,20,5344.811328
-245.433132,21,5352.171878
-271.65487,18,5358.453551
-270.466808,17,5367.530134
-237.7301,19,5374.344205
-269.945104,15,5380.177006
-236.359993,21,5387.239977
-349.579674,22,5395.835755
-289.513579,19,5402.390579
-281.10294,20,5409.104064
-250.003575,18,5416.063586
-316.195272,20,5422.424661
-225.848936,18,5429.473052
-254.69738,17,5435.217213
-284.750903,15,5442.050143
-296.365443,11,5446.574452
-331.282806,16,5452.486691
-156.12612,9,5455.580454
-293.964782,15,5462.641318
-274.564845,17,5468.404135
-262.514378,22,5475.890176
-265.748176,13,5482.015661
-287.131693,20,5490.833193
-230.524897,19,5498.782605
-264.688885,17,5504.319867
-296.324167,19,5510.632242
-232.302346,18,5516.402872
-266.896571,19,5523.120062
-426.881298,21,5531.378675
-253.519121,23,5539.622867
-300.512305,19,5546.710347
-291.132969,17,5553.660489
-256.932914,15,5561.990659
-236.317269,15,5567.744607
-278.396543,13,5573.203017
-252.993067,23,5583.53732
-238.252165,15,5590.674722
-243.882622,15,5597.292316
-228.960245,21,5605.352468
-225.153169,20,5612.178717
-359.584564,22,5620.854567
-273.831425,15,5626.339052
-309.745264,18,5633.305225
-355.147163,14,5639.037191
-329.359067,19,5645.742041
-279.554842,11,5651.359787
-233.018178,20,5658.363299
-234.136621,14,5664.867981
-271.730261,16,5670.479356
-290.37955,22,5678.401787
-294.702807,22,5686.702811
-271.395482,14,5691.924744
-315.103854,21,5701.04058
-272.047178,18,5707.712168
-268.845527,19,5714.794332
-263.41572,21,5723.807411
-249.185523,17,5731.883193
-284.803656,16,5737.325265
-290.053045,19,5745.483846
-253.557208,18,5752.179668
-299.156041,15,5757.511183
-241.115507,22,5765.201525
-292.599301,11,5769.024655
-336.238334,20,5776.778251
-321.009138,11,5780.423155
-262.464513,16,5786.425972
-321.804066,20,5795.60469
-378.185276,17,5802.598117
-225.115716,18,5810.265882
-290.6086,17,5818.133458
-307.211614,11,5822.182553
-249.808732,18,5828.545672
-319.585565,19,5836.16364
-339.59763,15,5844.21279
-260.021735,19,5852.974651
-254.852468,16,5859.578696
-180.778103,19,5866.862277
-237.688022,13,5872.099564
-209.812541,18,5878.668918
-155.291262,23,5886.131598
-254.560321,20,5893.141533
-233.148592,15,5898.627547
-274.385578,14,5903.764088
-209.017165,23,5913.312516
-254.046514,16,5921.497073
-282.747391,12,5925.397324
-231.902377,16,5931.934989
-257.184357,15,5937.059942
-231.495748,16,5942.560644
-389.818634,19,5950.441254
-296.830671,22,5960.838419
-269.183689,16,5967.16065
-263.930098,18,5973.73711
-252.827003,19,5981.367234
-254.139795,20,5988.404234
-237.469188,21,5996.748593
-305.632835,18,6004.275383
-264.546423,19,6010.965083
-379.673316,18,6017.738145
-364.237121,17,6024.397509
-221.118054,18,6030.274802
-214.572668,15,6035.840582
-270.686538,18,6042.596334
-167.509699,22,6051.268997
-298.026016,16,6056.378412
-173.75409,16,6062.47604
-322.380165,14,6067.405312
-279.454927,9,6070.837684
-233.940656,21,6079.770926
-240.025489,17,6088.205488
-260.639027,15,6095.05371
-296.296188,19,6101.623739
-244.677021,17,6107.874488
-269.143215,20,6114.655934
-273.278891,17,6120.254249
-298.84218,18,6126.059339
-263.386923,17,6132.778534
-281.099712,9,6138.192595
-304.585086,18,6145.332149
-223.79395,17,6150.954128
-393.819748,20,6157.683243
-225.346694,15,6164.241371
-289.644316,19,6170.639927
-270.969726,15,6175.882675
-252.521285,21,6186.444949
-282.465186,22,6194.736053
-261.636639,19,6202.469814
-257.888284,18,6208.331588
-250.900048,19,6215.549512
-378.938075,19,6221.943208
-294.62682,19,6229.893564
-370.398835,16,6236.910925
-301.429972,17,6243.920903
-310.393163,21,6251.882854
-223.530103,21,6259.824846
-270.689443,15,6265.420438
-214.913522,19,6272.282267
-297.818868,20,6281.345943
-346.139084,17,6287.296251
-207.565614,19,6295.388964
-260.929189,15,6301.439351
-194.214917,18,6307.983245
-235.626188,23,6316.881999
-293.752065,17,6323.272105
-252.568261,19,6333.123442
-280.608424,15,6338.6574
-265.652424,16,6343.925679
-440.972524,21,6351.231462
-246.372117,14,6356.747196
-310.224972,18,6365.325467
-268.467364,15,6370.277999
-292.432899,9,6373.635622
-237.255188,15,6379.683347
-259.322164,16,6452.641709
-306.802687,10,6458.694662
-207.781482,19,6465.45983
-245.607998,15,6471.202399
-242.179933,22,6479.324543
-257.307511,20,6487.713799
-237.79517,18,6493.995103
-248.720351,19,6501.349545
-256.45068,16,6506.804068
-293.492585,11,6510.547162
-190.418845,20,6519.268494
-284.647954,11,6523.184753
-309.629311,21,6530.21874
-240.506546,15,6534.929198
-325.271787,16,6540.762098
-228.746245,15,6546.947471
-260.948417,20,6555.700398
-258.566064,12,6559.863744
-255.480305,18,6565.788827
-275.701889,15,6571.018734
-335.061326,14,6575.91471
-380.691302,16,6581.281773
-216.543252,17,6588.387935
-301.523406,11,6592.56054
-286.443034,15,6600.049257
-238.889574,18,6606.584216
-231.316133,16,6611.952526
-249.901428,16,6618.456832
-231.400345,18,6625.511647
-280.332554,14,6629.954998
-216.09589,21,6638.980151
-170.557012,14,6643.919034
-335.86496,18,6650.547276
-117.667906,9,6654.023426
-249.083183,16,6660.326606
-271.293396,17,6666.490999
-257.843835,20,6673.891222
-249.653068,16,6681.203646
-194.532325,17,6688.083762
-261.82626,20,6694.746651
-270.685931,14,6701.872373
-286.162102,18,6708.904747
-264.163172,17,6715.367522
-263.52315,22,6724.625088
-247.827464,19,6731.070056
-303.150525,17,6736.811316
-228.683011,15,6742.365418
-246.428482,14,6747.863494
-244.656485,22,6755.644245
-201.733507,19,6762.131533
-250.344355,17,6768.005525
-234.931293,20,6775.038702
-279.937892,17,6780.459847
-254.736483,19,6787.378749
-255.667883,18,6794.686697
-241.089228,22,6804.788635
-287.677053,17,6810.322214
-258.977903,15,6816.210571
-340.714788,19,6823.079439
-231.475409,15,6829.89015
-197.438029,14,6834.621186
-194.573333,16,6841.774251
-314.44176,18,6849.250226
-253.42704,22,6857.503369
-274.178524,21,6866.488698
-253.381641,18,6873.588794
-333.012527,12,6877.448743
-294.606842,21,6888.102497
-245.998142,20,6895.504496
-201.047935,15,6900.969559
-187.817116,16,6906.27765
-222.881565,16,6913.032134
-277.654028,13,6918.565882
-229.742714,17,6925.923459
-273.672234,18,6932.9146
-267.743432,18,6942.403342
-311.439222,16,6948.99502
-324.239494,21,6956.202247
-266.138775,14,6960.906844
-296.935775,12,6965.724905
-428.042791,16,6971.248547
-281.051747,12,6976.170245
-259.830896,19,6982.809574
-213.771522,21,6990.764182
-262.778796,22,6999.210644
-295.106196,15,7005.795021
-277.967566,17,7011.50139
-300.807067,19,7019.473267
-199.883746,11,7024.294945
-251.150652,18,7030.572292
-220.892013,21,7038.162881
-233.129298,19,7044.598948
-287.203661,17,7050.132942
-204.064814,20,7058.126214
-234.234608,18,7066.244063
-247.065887,16,7071.609332
-221.599694,22,7079.256769
-213.752627,23,7087.891623
-192.840719,16,7094.448985
-285.010937,15,7100.122733
-347.968582,20,7106.527695
-226.936008,17,7112.080416
-247.613669,17,7119.553094
-278.554125,17,7127.180423
-270.265063,17,7133.661447
-192.278067,16,7139.903293
-212.499012,22,7149.188891
-330.151367,20,7156.154943
-221.748753,19,7164.373676
-281.118968,16,7171.669665
-217.109107,16,7178.740067
-256.526249,15,7183.802596
-281.8413,12,7188.385443
-222.164445,18,7196.254908
-329.50331,16,7203.565995
-250.405057,17,7211.909703
-267.079288,18,7219.299909
-276.193041,17,7227.088976
-236.920056,16,7232.534813
-265.286216,20,7239.648449
-272.223144,18,7246.145239
-191.140314,21,7254.818707
-293.222577,17,7261.012038
-276.192701,17,7267.271318
-231.475158,19,7273.788001
-284.567376,15,7279.507644
-289.00831,17,7286.899997
-318.194322,15,7292.824085
-266.632755,22,7302.420981
-356.396793,19,7309.336133
-392.001046,18,7316.485773
-270.741772,16,7323.672898
-246.556792,12,7329.921213
-265.684261,15,7336.415556
-315.969172,16,7341.70526
-298.461441,12,7345.587021
-362.073369,13,7351.823403
-384.849125,18,7359.04691
-245.952662,17,7366.178273
-189.089434,21,7375.383034
-241.53096,18,7382.329508
-289.004136,24,7393.168563
-333.594069,15,7398.120147
-223.28185,18,7405.754195
-371.139023,21,7412.591259
-252.322693,19,7419.071537
-228.021751,18,7425.23974
-332.982284,17,7434.692945
-302.504292,13,7439.667449
-322.415963,17,7445.330658
-232.484413,18,7452.912485
-232.603625,20,7461.435715
-268.27428,22,7469.080762
-267.51667,14,7475.398829
-339.654587,14,7481.425091
-238.258025,13,7486.692334
-126.203005,16,7491.974729
-226.845565,20,7500.479223
-240.623848,19,7508.048671
-302.104844,20,7515.198002
-261.204807,21,7522.575742
-285.746456,15,7527.766828
-294.350721,21,7535.594368
-245.206042,18,7542.757634
-373.397204,19,7549.697632
-298.578343,16,7555.51514
-305.030256,13,7562.260386
-308.114562,16,7569.289065
-245.684934,10,7572.815147
-258.042807,13,7579.697038
-181.174656,14,7585.384691
-250.305282,19,7592.858203
-265.710365,12,7598.501712
-277.514566,19,7605.961856
-223.656355,19,7612.813964
-327.110122,17,7618.874096
-246.978087,17,7625.776053
-330.277919,16,7632.173381
-295.501076,15,7638.819091
-265.638259,20,7646.122712
-142.681211,19,7653.038167
-321.751889,22,7661.233371
-289.66388,13,7666.65215
-250.636653,15,7672.966132
-282.574276,23,7681.312781
-281.256384,20,7689.00355
-298.213525,17,7696.76466
-318.128216,16,7702.626353
-289.078639,16,7708.15671
-269.815654,21,7714.878084
-226.79942,16,7720.140364
-203.639518,17,7726.405243
-272.98951,15,7733.437018
-224.607833,22,7740.863089
-246.984251,14,7745.902674
-253.016095,16,7753.024143
-255.517911,14,7760.041405
-332.163798,14,7766.448205
-300.333859,14,7773.128335
-251.775713,14,7778.412358
-172.844141,22,7785.964157
-299.012927,15,7791.483139
-252.894734,21,7799.882004
-262.720049,19,7806.350229
-290.435077,11,7815.000988
-217.553383,17,7821.248415
-267.531671,15,7827.566514
-287.121615,18,7834.856905
-251.761886,17,7840.447815
-233.835039,16,7846.209053
-285.468004,15,7852.076108
-306.395185,14,7857.166787
-285.274172,18,7863.343848
-200.145782,21,7871.806054
-257.548347,15,7877.760722
-248.644975,21,7885.560081
-326.458103,18,7892.453096
-275.507741,10,7896.779415
-207.887244,10,7901.451277
-238.063712,16,7907.156266
-293.870451,18,7914.008804
-240.997268,16,7920.271198
-243.143047,14,7925.572639
-241.97971,17,7931.453116
-295.548157,20,7938.589777
-352.041759,15,7944.14638
-247.758907,16,7951.102589
-302.971979,11,7956.605617
-316.095089,13,7962.785274
-307.768601,19,7971.288744
-243.899496,18,7977.418926
-228.383247,19,7984.602633
-286.718946,15,7990.119224
-233.966971,19,7998.745089
-182.658984,13,8005.173426
-254.966874,16,8010.310959
-271.051288,19,8017.696152
-226.429861,18,8024.20957
-262.116111,22,8031.305817
-177.322114,14,8035.622829
-247.570286,19,8043.725177
-320.029526,12,8048.38696
-234.585702,21,8056.110424
-236.837532,20,8063.117217
-166.904649,11,8066.733168
-226.389243,18,8073.550945
-350.068329,17,8080.251125
-313.800319,12,8086.265727
-262.202636,20,8092.815118
-309.548606,18,8098.651841
-318.815247,20,8107.629258
-275.043978,19,8114.513689
-211.756483,18,8121.23303
-319.007217,19,8130.072223
-277.974532,13,8134.106207
-234.518561,22,8142.288498
-342.826578,18,8148.965247
-244.596422,20,8158.881716
-208.875647,18,8166.74598
-279.352489,18,8172.728603
-272.613027,17,8180.062013
-277.868547,18,8188.193146
-229.511731,20,8196.471859
-264.574259,16,8204.103614
-296.072201,17,8210.698037
-277.176178,14,8217.188511
-303.443193,15,8222.434136
-244.932569,20,8233.145889
-248.488619,18,8239.939157
-278.497207,18,8247.845167
-325.074411,18,8256.404046
-301.474127,14,8260.965411
-207.643673,21,8268.071054
-267.382837,19,8276.27007
-254.337679,20,8284.657361
-231.960258,17,8291.080112
-280.84536,19,8297.243583
-212.934212,14,8303.796768
-195.281709,19,8312.169286
-247.576423,13,8318.044471
-229.471218,17,8324.537695
-286.064456,13,8329.771703
-241.641553,20,8336.227136
-241.004414,14,8342.071591
-214.580715,17,8348.41101
-263.511064,15,8353.91788
-279.858609,20,8364.600986
-315.704911,18,8371.135007
-292.409477,15,8376.156132
-309.319968,17,8381.564186
-297.698442,16,8387.643397
-213.369975,17,8394.793882
-289.011699,19,8401.07561
-286.231404,15,8406.450521
-296.791374,18,8413.896949
-225.451578,21,8421.886153
-350.727562,22,8430.906147
-262.418104,14,8436.105741
-323.360648,15,8442.278817
-261.750778,19,8448.726629
-273.57207,20,8456.052678
-273.108385,13,8460.165788
-203.268179,21,8468.844331
-312.958728,20,8476.352236
-279.263148,12,8481.677772
-272.284887,17,8486.910921
-231.570318,16,8493.544258
-232.294966,19,8499.899116
-210.898522,19,8507.08344
-300.736763,19,8515.71467
-274.416333,12,8519.889958
-222.233897,17,8526.520888
-274.333221,19,8533.641938
-308.79595,18,8543.410227
-251.590354,14,8549.882861
-223.719338,21,8556.709269
-216.725803,16,8563.147273
-334.502852,15,8568.277115
-175.024539,15,8574.606312
-213.190236,11,8578.698882
-404.309124,17,8585.880332
-293.330574,12,8592.969763
-266.048268,13,8597.896692
-226.244839,15,8603.724541
-256.690802,11,8609.095103
-299.794513,13,8613.82905
-304.148309,17,8621.255085
-229.076056,15,8628.214365
-220.537703,22,8636.187528
-263.89778,21,8644.153138
-262.184529,19,8651.128999
-218.004524,19,8658.279069
-245.350953,19,8666.189463
-299.571835,11,8671.495272
-288.394619,16,8677.10835
-338.030398,14,8682.080507
-304.61836,19,8688.828183
-313.34179,11,8693.000426
-157.393651,17,8699.187681
-211.689987,19,8707.835889
-312.236463,9,8711.093927
-217.967461,17,8717.071973
-225.449519,19,8725.607979
-257.199116,15,8731.098946
-338.902979,16,8737.124572
-215.94062,13,8742.047128
-213.803607,18,8748.060063
-229.162882,20,8755.765995
-277.359244,18,8762.740083
-240.385929,23,8771.55531
-298.798912,19,8778.465032
-239.284259,19,8785.722754
-251.584738,15,8791.405564
-339.360012,17,8797.260473
-319.376642,17,8802.913881
-291.414213,19,8809.640267
-295.262123,15,8814.895931
-187.210251,14,8820.203436
-260.879144,19,8827.65542
-291.826632,16,8833.95711
-336.217419,15,8840.354237
-226.708548,18,8847.046356
-274.40435,12,8851.212206
-303.1232,14,8855.739869
-258.608942,20,8863.156745
-218.724162,21,8870.452119
-311.609944,16,8876.481157
-196.944025,16,8881.983304
-259.372663,15,8887.986459
-231.84473,20,8896.929922
-265.183154,15,8902.138936
-267.536705,17,8910.967057
-272.972049,15,8915.986375
-269.246784,13,8920.614832
-280.814183,18,8927.451364
-228.991578,15,8932.700351
-377.028216,15,8937.704927
-248.023703,17,8945.061001
-185.843391,19,8953.124415
-237.020998,20,8961.098495
-271.392422,13,8967.05916
-230.393969,18,8973.22122
-250.391662,17,8980.42874
-215.650612,18,8988.945595
-364.232895,16,8995.279974
-265.894703,21,9002.817604
-262.393303,17,9008.925627
-257.17857,15,9014.615842
-325.994091,21,9022.591321
-154.119245,18,9031.796375
-239.180885,17,9044.689452
-247.420956,15,9053.079436
-347.975496,18,9059.393235
-265.707534,20,9066.776977
-275.016105,17,9073.960796
-277.290904,13,9078.10667
-259.631566,12,9083.630958
-216.534717,17,9090.066211
-247.821792,16,9096.513519
-292.265968,19,9104.242203
-315.233889,17,9109.920407
-314.659607,17,9116.958986
-269.408988,17,9122.757606
-234.636861,20,9130.346954
-349.804286,20,9138.28764
-202.435317,18,9145.572875
-254.314589,17,9152.116465
-373.068477,17,9158.849176
-248.649812,17,9164.604597
-403.506135,21,9171.628245
-287.011492,17,9177.982625
-262.575684,17,9186.020749
-258.818429,21,9193.289002
-256.924625,13,9197.682261
-289.972837,13,9203.440815
-218.768494,20,9210.358267
-268.450745,20,9218.832145
-226.827975,20,9226.522544
-296.104311,18,9232.88849
-286.588064,11,9236.726576
-230.474927,15,9243.200062
-258.046145,20,9250.332302
-272.654183,17,9256.841912
-317.096558,9,9260.252633
-287.199922,13,9266.665931
-222.708614,17,9273.395742
-226.039451,19,9279.618017
-287.295129,17,9285.71793
-267.038085,13,9290.138735
-283.816297,15,9296.661039
-196.146324,12,9300.478955
-265.989734,21,9308.913436
-223.551558,22,9316.391771
-191.034026,21,9324.974866
-228.369155,20,9332.049528
-243.896726,16,9339.008868
-289.29385,21,9346.500979
-273.34489,19,9353.343903
-248.083625,19,9360.270712
-222.975185,17,9366.812813
-281.872244,13,9372.556869
-208.193212,13,9376.520728
-259.823304,16,9382.355399
-318.776449,14,9388.941921
-339.675291,15,9394.934956
-253.58465,17,9401.003919
-294.069285,20,9408.004898
-240.650767,18,9414.986558
-250.449239,16,9420.789021
-259.888539,18,9429.191175
-272.259065,14,9435.227995
-263.863773,15,9440.406651
-316.960905,21,9447.391675
-149.771544,18,9453.668298
-264.331887,17,9460.281216
-213.591102,17,9466.629169
-279.031856,15,9472.511418
-295.142348,11,9478.878145
-322.897827,15,9484.299707
-273.212405,14,9492.618268
-211.163542,22,9500.726874
-248.347168,13,9506.341584
-245.509869,14,9511.830058
-258.821144,19,9518.663123
-207.447043,22,9526.24856
-296.502275,19,9532.685067
-220.269772,21,9539.669187
-253.616513,16,9547.365757
-345.423509,20,9554.635885
-289.994397,17,9560.628519
-118.32792,8,9563.676743
-241.467287,20,9571.605711
-243.532917,16,9577.762629
-283.570648,20,9584.43928
-229.09884,20,9593.068929
-198.989741,18,9600.597468
-189.166578,12,9605.814118
-228.633715,13,9611.524363
-215.479791,18,9618.381981
-246.319931,16,9625.001865
-412.668424,14,9630.416066
-310.994968,18,9636.925607
-294.841858,14,9641.772294
-261.81972,16,9647.645963
-233.712867,20,9655.664365
-271.682749,18,9664.070099
-248.927079,16,9672.839901
-287.576082,16,9679.643782
-235.545206,21,9687.116745
-287.31394,20,9694.22071
-248.888554,15,9700.109087
-265.887882,19,9708.630372
-235.728115,14,9784.857613
-212.271989,23,9793.345998
-238.160235,17,9800.491127
-205.320021,19,9806.676113
-332.31775,17,9812.494845
-260.471371,14,9818.611988
-300.432133,8,9823.947657
-223.698891,16,9829.906287
-251.162425,20,9838.483649
-297.071542,19,9847.598654
-143.850451,18,9855.300711
-241.094501,14,9860.230518
-215.887951,19,9867.772868
-194.650408,21,9875.695072
-241.039161,16,9882.364336
-271.988922,15,9887.812654
-208.470682,18,9895.134744
-260.901825,16,9900.428227
-282.244125,20,9908.203348
-251.657244,21,9917.600834
-246.550199,18,9924.308086
-325.528934,22,9932.576573
-247.59485,19,9939.269526
-294.289934,19,9945.979081
-278.160904,21,9953.805665
-207.659653,20,9963.806062
-238.547517,20,9971.606304
-380.943627,22,9979.440739
-301.095068,12,9984.172263
-233.527859,17,9991.090215
-235.94107,16,9997.497017
-236.875379,19,10004.568088
-268.913233,18,10011.91412
-345.943132,15,10017.522369
-225.084782,21,10024.824508
-156.858339,11,10028.335158
-257.197074,21,10040.495649
-260.779078,19,10047.200021
-337.423525,17,10053.378664
-321.566629,10,10057.360893
-259.712398,16,10062.605482
-282.266052,20,10070.153991
-194.893933,14,10075.315144
-246.706452,19,10081.811988
-255.433068,11,10088.285114
-280.627114,18,10094.170631
-297.713139,18,10100.274807
-360.011531,20,10108.002534
-246.374308,15,10113.206523
-198.190311,19,10119.717145
-252.734682,17,10125.810362
-172.218103,18,10134.618502
-256.042358,14,10140.378309
-242.214745,18,10147.014202
-237.694739,13,10155.192599
-368.249646,17,10160.927789
-177.436777,22,10168.409062
-236.111794,17,10175.298736
-251.099506,17,10182.065809
-267.981361,16,10188.627935
-243.97961,14,10195.074394
-129.881289,13,10199.30184
-296.013751,15,10206.253849
-273.881941,20,10215.315411
-191.17577,18,10222.790854
-266.656536,18,10229.284318
-288.386527,15,10236.018461
-228.666719,17,10243.585162
-286.595198,17,10249.928508
-241.512476,14,10255.090386
-297.17749,15,10260.050139
-236.284723,17,10268.30292
-218.172089,17,10275.109281
-306.629133,16,10281.231505
-304.903705,18,10288.900895
-223.128648,13,10296.421325
-261.665693,19,10303.713521
-173.195468,13,10308.998255
-195.578027,21,10316.904498
-188.233883,16,10322.639007
-247.669021,14,10328.960487
-307.954698,15,10334.11907
-247.032771,17,10339.860436
-252.776656,20,10347.83638
-226.1093,16,10353.701185
-265.018702,17,10360.141531
-258.635113,17,10368.272652
-148.645902,19,10375.461343
-244.383951,18,10381.773494
-265.311306,17,10388.151007
-200.038237,18,10394.384997
-299.903148,15,10400.01709
-230.148746,17,10405.856459
-262.933813,16,10411.951948
-215.718377,19,10419.67962
-265.77951,16,10425.54916
-262.793796,13,10431.814604
-278.234173,22,10439.936339
-277.95607,22,10448.359235
-185.001905,17,10454.433084
-331.56717,19,10463.193909
-254.436229,17,10469.715276
-261.496492,17,10476.581087
-277.72795,18,10484.547142
-263.978494,12,10488.412435
-288.393578,18,10497.569065
-260.146815,17,10503.562857
-263.119416,16,10509.526073
-223.29057,22,10517.931364
-242.831686,19,10527.32886
-241.607282,17,10534.43999
-256.948552,18,10540.884623
-326.414865,16,10547.182283
-193.920908,18,10553.320246
-221.559483,25,10561.790407
-282.176879,19,10569.076618
-223.62958,17,10576.096538
-170.545711,20,10582.684072
-265.385654,12,10586.921824
-264.108894,13,10592.85226
-268.171535,16,10599.156878
-246.146178,22,10606.522971
-228.283088,20,10615.364832
-278.087034,22,10624.06477
-117.962986,13,10629.237637
-279.801269,18,10636.771703
-230.240928,18,10643.270393
-235.213838,17,10649.362849
-274.460564,20,10657.61136
-222.798712,19,10665.243637
-289.968633,17,10672.990661
-216.174151,20,10680.083093
-250.687046,14,10685.150573
-218.108505,20,10692.280571
-231.508183,20,10699.391849
-281.995764,17,10706.399255
-418.724357,19,10712.939505
-240.032516,15,10719.010394
-266.216254,21,10727.519913
-162.399201,13,10732.132472
-247.696995,15,10741.593351
-292.939938,19,10749.280798
-239.842437,17,10755.193658
-341.333746,18,10763.829857
-192.099079,20,10771.597079
-280.034753,14,10776.345549
-254.514828,24,10786.399462
-334.942249,16,10794.396783
-275.499458,16,10800.150083
-246.299,17,10807.380821
-237.534099,15,10813.076683
-259.467261,23,10821.704813
-337.620828,18,10830.171872
-207.313844,19,10837.442134
-252.437894,17,10843.3959
-318.588238,18,10850.407133
-276.234389,20,10859.992029
-294.968859,16,10866.008859
-282.064356,19,10873.397185
-326.049692,15,10878.92708
-133.489733,8,10881.604154
-298.493091,19,10889.029771
-166.173623,23,10899.17516
-258.568152,16,10904.580052
-298.65257,11,10909.351286
-219.312769,16,10917.112044
-286.988137,15,10925.64523
-314.474709,13,10931.282131
-223.406592,18,10936.91764
-264.260561,15,10943.850036
-132.303623,13,10947.982385
-295.950518,15,10955.694427
-199.030724,16,10961.077294
-283.117174,20,10969.536324
-389.59805,22,10977.105005
-227.561476,19,10984.497628
-301.361201,21,10994.013585
-232.401088,23,11002.488777
-224.244158,18,11008.555393
-243.85399,22,11016.513794
-254.579253,18,11023.106202
-298.172824,18,11030.642392
-205.026441,21,11040.035714
-204.020125,19,11048.474195
-238.166985,19,11056.267676
-200.970231,18,11064.436102
-225.203534,16,11069.670802
-232.629039,19,11075.819422
-274.491818,11,11079.697699
-229.54858,17,11086.068848
-208.578154,19,11093.899689
-271.762045,18,11100.486626
-346.916289,13,11105.225711
-289.290996,17,11111.702206
-172.392846,17,11117.473712
-260.765861,16,11123.241368
-263.466093,17,11130.554276
-226.626637,19,11136.675912
-289.49783,22,11145.150593
-329.506405,19,11152.739869
-287.501664,20,11160.999108
-136.890053,19,11169.978884
-211.839458,24,11178.198042
-304.026677,13,11183.621932
-243.423046,19,11191.752814
-240.246346,21,11199.060651
-289.210419,20,11205.651181
-268.640697,12,11210.895887
-336.473698,18,11221.104231
-327.068308,16,11228.16956
-239.614331,14,11233.583891
-253.856308,12,11238.741058
-274.886726,19,11245.27046
-341.473374,21,11254.5754
-286.863483,21,11262.086683
-248.649689,22,11272.261845
-240.083552,17,11278.7481
-302.617809,23,11286.915494
-232.965524,17,11292.957657
-285.519371,18,11299.192188
-272.024268,19,11306.694098
-256.454345,16,11313.751124
-236.214388,15,11319.880258
-245.667682,17,11325.447503
-242.446466,20,11332.255183
-236.068808,17,11338.500815
-277.82606,18,11345.897238
-304.932574,18,11353.919196
-264.542836,18,11360.330693
-370.523858,17,11366.527991
-343.483704,20,11374.014397
-283.77695,15,11379.906007
-250.105931,17,11385.873951
-265.746956,13,11390.188826
-247.938158,18,11396.572762
-285.191877,16,11402.717624
-376.058636,18,11409.013735
-293.914984,20,11417.017054
-228.433832,23,11426.268604
-278.486379,19,11433.583173
-218.539039,19,11440.487797
-243.898669,22,11449.390718
-212.451475,18,11456.587775
-291.956774,19,11463.760782
-207.603378,20,11472.760902
-259.75594,14,11477.97139
-269.861175,18,11484.222086
-219.191213,23,11496.077313
-273.341858,15,11505.588518
-245.035391,16,11510.976662
-285.620422,16,11516.332588
-262.863516,13,11520.748
-253.44142,20,11528.277182
-254.052813,12,11533.550443
-261.289349,17,11541.397032
-328.735265,20,11548.055739
-322.57015,20,11555.654873
-271.818986,12,11560.994134
-259.09174,14,11566.61043
-256.92171,19,11573.101779
-331.047712,10,11576.84998
-407.829428,20,11584.952621
-237.416619,20,11593.123803
-291.590806,16,11599.385526
-325.955627,20,11607.105939
-208.004739,17,11614.51273
-228.677795,20,11622.514241
-312.038059,18,11628.550408
-267.953969,13,11634.56011
-246.93614,19,11641.871919
-228.950202,16,11648.481131
-263.406769,15,11655.743098
-274.892872,22,11663.980253
-285.893902,13,11668.470699
-236.036667,18,11675.550666
-264.479602,19,11682.807715
-158.292332,11,11686.853681
-150.901952,15,11692.999028
-240.558938,18,11699.35519
-315.306244,20,11707.181419
-288.321795,16,11715.197877
-335.075485,17,11721.403816
-291.503406,17,11727.664654
-271.829541,15,11736.458664
-328.363736,23,11745.513526
-213.480565,20,11753.273656
-280.057739,18,11759.217583
-282.889499,18,11764.940211
-327.382961,17,11773.67517
-262.106774,13,11778.087344
-194.17791,21,11786.410258
-240.225783,16,11793.001188
-283.899918,15,11799.831492
-247.048986,15,11805.115284
-305.640742,17,11812.704874
-239.143357,18,11818.795855
-217.88749,21,11826.40918
-300.570332,19,11836.744715
-300.710887,12,11842.312681
-198.340243,23,11850.491385
-308.715699,15,11856.520989
-238.010423,20,11864.019203
-252.705022,20,11871.086825
-216.076681,20,11878.470854
-202.681244,23,11886.986783
-223.782249,20,11894.328849
-283.746632,14,11900.401483
-260.953223,15,11905.983056
-247.618469,13,11910.583684
-198.310637,19,11918.667808
-258.504359,18,11924.497329
-228.7063,17,11931.490824
-186.243919,12,11936.648345
-265.996125,15,11943.814993
-197.353959,20,11952.669111
-254.508709,18,11958.841629
-291.78296,20,11966.09057
-232.805538,16,11971.254735
-262.962668,19,11977.947833
-252.614897,17,11983.775375
-208.699889,18,11989.859559
-231.415395,20,11998.713209
-246.582814,17,12004.742697
-279.549227,20,12012.858063
-335.52891,17,12021.42051
-394.795279,21,12028.945353
-290.549213,19,12035.946685
-247.524702,14,12042.003151
-233.740086,10,12045.204323
-295.240757,13,12049.975756
-297.265832,16,12055.452522
-241.9223,17,12063.167741
-282.961199,12,12066.949937
-191.319225,23,12075.26224
-176.817499,20,12083.203168
-267.560542,14,12089.897918
-332.532621,18,12096.326648
-266.094117,18,12103.62061
-248.253885,13,12107.855566
-233.746661,22,12116.523389
-267.947176,21,12124.765631
-291.991132,19,12132.218327
-323.750141,20,12139.990788
-274.362086,16,12149.213034
-213.171631,17,12156.217689
-390.232903,21,12165.228702
-307.715884,17,12174.347002
-274.613517,19,12182.02846
-235.913065,10,12188.375139
-232.379271,16,12193.967125
-221.022137,17,12200.376884
-263.520744,17,12206.784893
-280.252441,19,12213.935231
-254.886979,18,12220.920398
-173.826186,14,12226.692238
-397.540395,13,12232.817565
-327.845499,18,12239.576041
-282.287936,17,12247.424517
-324.43307,19,12255.930765
-191.309323,18,12262.399107
-295.0677,19,12269.583702
-217.4361,18,12276.419995
-243.572122,20,12285.80084
-357.341141,20,12293.101304
-249.588439,14,12298.118081
-290.223354,9,12301.103249
-263.824231,22,12309.698759
-254.394832,17,12316.506488
-304.120025,19,12325.380005
-261.474264,15,12334.775901
-320.694615,18,12341.435321
-300.844543,19,12347.802278
-228.995229,23,12356.558535
-244.527435,14,12361.31592
-235.906067,14,12367.032638
-204.207366,19,12375.937785
-198.938828,17,12384.551879
-314.980602,23,12394.981395
-243.484518,17,12402.21118
-216.366285,17,12408.258998
-291.768683,15,12413.838765
-380.246627,19,12420.821285
-350.860681,19,12429.192174
-204.60502,19,12436.254685
-234.897768,15,12441.919019
-267.07326,16,12447.680748
-298.374089,17,12455.063175
-306.477596,11,12458.57345
-184.455967,16,12464.608685
-265.718721,20,12472.815668
-138.745527,11,12477.811295
-290.883755,13,12482.578091
-254.184493,14,12487.550697
-250.999499,16,12495.394496
-320.143994,17,12501.441839
-316.494551,18,12508.651753
-218.118001,21,12517.750743
-250.883599,11,12521.743167
-240.788547,19,12529.095879
-278.167507,18,12535.260779
-166.220506,16,12540.955846
-260.898477,11,12545.825733
-282.194341,20,12552.652081
-276.157257,10,12555.813591
-244.642088,19,12562.118426
-258.99853,22,12570.158456
-286.313796,12,12574.687924
-264.947307,15,12580.542996
-299.121619,14,12585.352337
-287.518394,17,12591.525703
-257.49123,17,12598.635602
-215.968006,18,12606.720089
-283.146999,20,12613.782055
-321.209017,19,12620.297803
-294.47143,15,12626.663087
-218.329317,18,12632.689098
-344.634728,19,12639.980187
-235.28776,20,12646.793938
-155.549776,15,12652.513917
-212.209039,12,12657.249148
-172.005269,16,12662.658946
-191.688704,23,12670.445154
-245.767126,20,12677.547973
-316.394969,11,12681.902431
-264.953949,13,12688.777986
-285.489085,19,12696.452592
-254.60184,12,12701.106526
-241.157754,15,12707.466869
-224.144794,15,12714.496539
-254.645382,14,12719.497487
-267.329969,13,12725.450696
-246.872945,24,12734.860806
-307.912852,22,12742.94815
-130.237518,13,12747.976618
-245.931147,17,12754.425778
-221.543563,17,12762.298982
-277.589962,17,12768.13118
-283.382283,12,12772.089852
-278.10926,17,12780.391588
-228.865095,19,12788.363109
-267.41684,17,12793.878913
-225.153188,18,12800.232966
-210.783761,14,12805.088634
-256.393824,18,12811.288893
-248.104458,17,12817.292926
-274.035723,19,12823.143487
-271.5925,18,12829.448881
-235.740027,23,12839.64404
-219.86634,17,12845.149118
-237.329302,20,12853.787616
-226.741622,16,12859.647596
-227.119297,20,12867.362986
-165.377897,16,12873.788366
-264.243737,19,12882.084524
-326.256937,21,12891.264809
-244.121833,20,12899.700746
-249.111791,18,12906.043382
-251.562031,15,12911.67608
-245.791779,19,12918.709896
-306.340335,12,12924.021469
-338.110363,19,12930.963376
-257.599927,16,12936.737417
-300.362044,18,12944.071784
-245.710449,22,12951.267242
-327.883715,20,12957.857289
-194.900748,17,12965.957917
-285.172752,18,12972.411764
-319.90318,19,12979.755526
-204.63241,23,12988.387332
-240.902399,15,12993.318109
-235.177953,17,12999.518007
-366.379367,22,13007.399643
-246.916594,16,13014.331001
-259.661972,20,13020.906898
-270.725995,16,13027.499317
-278.990662,19,13034.561392
-238.079843,20,13041.639541
-228.276413,16,13047.124753
-258.134287,18,13054.814925
-372.905878,18,13060.944289
-326.726503,17,13138.258276
-249.936945,20,13146.069943
-277.934055,16,13151.436468
-238.905815,17,13157.873639
-243.617171,17,13163.961579
-290.335622,18,13170.39872
-312.506482,16,13177.012863
-245.169042,18,13183.333506
-245.596752,25,13192.227756
-223.528292,17,13198.348574
-249.949596,13,13202.963701
-230.905559,18,13211.631866
-286.498041,15,13217.692801
-277.771554,21,13227.02681
-269.971115,18,13233.270238
-339.649556,19,13240.061958
-243.232188,22,13247.831614
-299.12545,17,13254.640464
-262.904832,24,13263.419765
-235.313601,19,13271.256806
-260.680229,13,13276.156435
-271.488432,15,13281.908591
-212.412476,19,13288.88179
-328.066077,17,13296.244607
-230.004149,19,13303.930468
-290.543519,19,13312.207793
-277.857894,12,13316.348971
-336.75188,18,13322.061009
-205.949334,25,13331.137941
-247.294275,14,13336.004951
-273.393234,20,13343.640612
-188.214742,13,13349.127397
-256.145978,21,13356.296046
-253.670415,20,13363.223177
-223.042086,20,13369.94408
-246.854722,22,13379.254608
-261.557952,18,13386.752855
-298.093253,18,13395.418464
-244.165126,16,13402.211826
-260.965705,13,13407.523843
-328.433295,19,13414.898104
-263.664279,20,13424.131085
-279.624798,15,13429.534432
-292.66439,16,13435.770318
-275.757567,19,13442.752281
-199.301457,19,13451.883058
-229.560957,17,13458.120123
-305.850957,13,13465.32948
-291.76132,13,13469.84514
-256.600764,13,13476.548812
-184.481084,20,13484.525786
-294.571292,21,13491.928901
-223.22057,17,13497.902411
-311.543917,18,13504.316126
-234.241478,20,13511.433877
-330.551379,16,13519.897429
-272.419837,17,13527.59971
-168.600536,12,13532.524833
-264.194658,18,13540.796748
-238.039215,21,13550.866724
-290.461326,16,13558.478966
-267.507124,16,13564.633956
-259.717202,21,13574.961224
-251.301006,15,13580.652378
-259.643259,21,13590.953938
-290.42301,16,13597.411743
-237.343451,16,13603.915715
-281.490748,14,13610.809252
-328.415488,17,13616.561592
-290.70245,15,13621.441042
-247.012711,13,13627.020039
-307.691279,18,13632.829456
-275.98259,18,13638.786312
-273.10297,13,13643.243012
-306.95179,21,13651.349314
-304.619185,19,13658.475524
-274.239048,15,13663.813018
-287.746481,20,13670.521482
-301.44985,20,13677.255232
-314.232798,20,13685.358308
-342.523211,18,13691.960814
-324.191809,17,13698.103612
-213.093856,17,13704.671306
-252.004364,15,13713.816024
-206.447028,12,13718.251383
-286.378923,14,13722.747182
-229.123132,16,13729.651087
-220.277413,18,13736.717366
-344.87863,20,13743.604847
-332.10644,19,13750.972007
-303.887724,17,13757.311916
-135.452073,20,13765.833533
-383.476136,21,13772.511058
-259.676852,19,13780.521114
-275.630651,19,13786.605423
-259.709083,14,13792.504447
-300.346323,18,13798.629984
-254.082318,20,13805.224871
-261.839487,23,13814.232293
-323.134472,21,13821.323711
-245.91166,20,13828.44301
-263.158793,22,13837.520055
-265.70853,20,13844.92848
-265.208998,15,13850.95241
-266.703823,15,13856.606752
-283.861555,17,13862.758259
-276.674484,16,13869.130232
-292.733375,15,13876.066915
-209.835694,20,13882.769295
-250.832926,14,13887.671961
-268.562727,21,13894.277103
-201.603951,18,13900.599303
-266.348206,24,13909.107126
-281.506142,20,13916.69153
-284.247792,15,13923.317264
-281.45022,18,13929.74312
-301.135061,20,13937.659257
-296.675229,12,13942.672983
-259.858431,21,13950.265888
-274.144006,15,13956.428528
-220.231809,18,13963.105934
-241.503764,18,13969.939176
-220.333741,15,13976.348001
-240.940684,20,13982.858411
-264.970122,13,13988.662262
-245.655022,19,13998.190321
-333.001882,14,14003.952571
-328.145242,17,14012.437984
-273.767535,18,14020.124879
-265.569801,21,14031.135882
-249.087712,20,14039.877642
-269.189682,14,14046.643102
-237.018519,20,14055.223506
-278.304183,18,14063.292108
-297.47065,15,14068.839573
-220.099767,16,14076.020483
-301.074872,17,14081.798711
-214.799808,19,14089.871136
-237.223186,22,14100.499854
-275.218603,19,14107.358434
-285.119538,18,14114.307955
-276.118277,18,14122.091077
-152.934476,15,14128.947663
-241.875743,22,14138.871467
-271.193648,16,14145.295784
-209.426606,18,14152.600605
-327.307602,23,14162.612484
-264.416868,13,14171.430496
-157.186079,22,14180.339779
-204.170401,18,14188.252131
-221.543885,15,14195.880111
-262.914287,14,14201.10961
-348.149903,14,14207.172639
-292.444629,18,14214.540848
-199.985564,22,14222.611188
-261.002983,16,14228.124638
-242.086671,21,14236.610224
-286.993357,15,14245.475463
-278.12018,10,14250.383837
-275.1666,18,14257.467898
-229.661877,18,14264.024247
-245.647252,23,14273.622048
-227.346674,20,14280.507104
-276.902469,19,14286.736976
-251.105493,12,14291.346995
-309.648311,17,14297.968999
-286.311487,19,14304.652496
-206.092904,20,14312.011419
-200.657754,19,14318.301488
-374.224838,16,14324.590667
-304.317649,15,14329.558048
-224.258036,13,14334.134349
-338.31445,18,14340.918329
-306.135554,12,14346.85404
-280.949558,13,14351.366867
-319.553306,12,14355.510012
-222.772495,23,14363.338577
-222.826817,17,14369.30959
-354.817792,17,14376.220059
-249.188033,22,14383.446293
-253.00781,19,14390.755326
-263.308855,18,14398.822623
-329.121165,20,14405.362997
-252.271429,15,14410.894587
-270.222168,14,14417.550481
-292.974326,19,14426.876785
-273.501285,16,14432.20754
-292.813515,18,14438.437005
-300.41785,17,14444.257385
-280.095842,23,14452.250128
-172.748208,17,14457.937003
-263.852887,17,14465.010473
-162.042887,14,14471.589675
-235.68582,22,14482.968607
-268.258189,20,14489.756481
-259.230019,18,14495.955451
-283.678228,19,14502.786665
-258.551309,17,14508.690459
-235.954661,14,14515.696761
-276.565773,14,14521.17579
-264.810026,19,14528.770581
-235.612453,20,14535.723443
-311.193055,13,14541.221313
-320.636529,24,14549.208676
-306.719391,20,14555.942594
-252.968507,17,14562.33858
-288.842165,12,14566.040494
-247.720377,16,14571.373215
-226.322503,17,14580.206031
-206.206937,22,14589.92429
-296.85008,17,14595.936393
-285.316691,16,14601.269529
-223.543526,15,14607.303184
-174.496768,15,14612.768163
-228.227563,20,14619.371967
-277.349557,19,14627.126165
-266.803389,18,14634.307888
-285.161601,17,14640.6597
-280.894083,21,14648.228943
-293.495511,25,14657.246873
-173.719365,15,14663.394855
-271.943632,14,14668.215732
-207.475542,16,14673.470211
-267.868673,17,14680.819839
-255.140725,18,14688.225816
-279.492321,20,14696.015149
-244.234054,27,14705.037321
-302.261285,16,14710.566626
-233.94856,20,14718.092806
-156.64992,14,14724.228117
-234.627198,16,14730.008424
-290.378246,13,14735.522309
-228.28507,20,14742.157648
-237.688868,17,14748.762817
-226.294632,19,14755.728907
-260.949376,20,14765.648605
-253.156258,17,14771.469346
-267.487251,21,14780.579802
-226.97442,17,14786.95915
-362.147724,14,14792.499749
-192.613484,19,14799.269536
-167.333455,15,14805.51353
-232.827763,16,14815.375161
-259.366337,19,14824.133778
-373.810848,18,14830.590016
-242.857342,15,14836.778167
-217.894296,12,14841.718299
-253.450453,19,14848.585607
-192.085564,21,14855.580323
-290.363809,20,14863.168774
-250.910141,20,14870.463164
-274.151622,14,14875.35252
-182.301629,22,14884.116274
-240.899507,21,14892.050196
-265.987136,12,14896.327959
-216.561941,16,14903.067504
-244.633694,18,14909.409144
-255.074377,18,14915.632268
-288.450602,19,14922.181098
-332.496766,16,14927.75524
-237.564293,17,14935.347812
-289.882418,17,14943.376887
-364.708908,11,14947.902418
-300.400969,18,14953.925479
-231.313389,23,14963.59003
-291.54411,18,14969.568696
-296.035309,20,14977.595549
-273.675539,17,14983.643229
-224.677642,17,14989.494009
-297.632922,16,14996.523999
-240.864821,18,15002.900481
-219.506448,17,15008.747295
-258.309356,16,15015.098258
-215.738132,20,15022.882542
-310.817756,20,15030.123034
-289.733161,17,15038.228451
-156.285822,18,15046.744018
-235.013024,16,15052.566279
-304.788432,16,15059.473481
-211.952854,16,15066.501264
-311.677148,15,15075.040233
-443.286265,19,15082.473772
-273.316763,17,15089.004
-295.138234,17,15095.120707
-240.242727,24,15104.960289
-233.149163,16,15110.756178
-244.823648,18,15118.893247
-270.170813,19,15125.378814
-254.619326,15,15131.909655
-258.245665,14,15136.868314
-301.368977,13,15142.388806
-237.763652,13,15147.941337
-301.243495,11,15152.536864
-193.359686,15,15157.768755
-235.306713,22,15166.499098
-276.698504,19,15174.897913
-304.159671,13,15179.017216
-239.400373,14,15185.735286
-310.281774,17,15194.562638
-236.252884,15,15199.403432
-204.542066,16,15205.317909
-301.440209,17,15211.143432
-242.825896,15,15217.986576
-242.749037,17,15224.173449
-234.574915,13,15229.182826
-258.549957,13,15233.685103
-231.039136,20,15240.181092
-273.130397,16,15246.584442
-216.249634,18,15253.802684
-220.327894,22,15262.346447
-317.024913,18,15268.426792
-434.788393,20,15275.397186
-227.232042,21,15282.699277
-307.400468,16,15288.52819
-300.631398,15,15296.308136
-300.153216,15,15303.889601
-188.284845,19,15310.263666
-306.957445,19,15317.681509
-280.394822,18,15323.505388
-121.981572,19,15330.214666
-273.545303,22,15338.768235
-228.284461,16,15346.175892
-254.037482,18,15353.104537
-248.168288,15,15358.466368
-272.742562,19,15364.93544
-320.459705,20,15372.927929
-287.247078,23,15382.441453
-377.578355,19,15390.125834
-281.690417,19,15397.280852
-187.447453,18,15403.09825
-271.376097,18,15410.599548
-335.480133,14,15416.905931
-311.42767,20,15425.769276
-241.282013,17,15432.248345
-236.803378,19,15439.474372
-285.061992,21,15447.057079
-343.674381,15,15452.851193
-263.010423,13,15457.521193
-294.79203,17,15463.692192
-300.128884,18,15470.100118
-238.087021,19,15477.776363
-326.052065,21,15485.531636
-280.626563,12,15490.893115
-373.178335,20,15499.887573
-218.812593,16,15505.292306
-174.26625,14,15511.192603
-143.784215,14,15516.47088
-212.423634,18,15522.953178
-276.41965,10,15530.141221
-274.743494,20,15538.694621
-314.456568,14,15544.982696
-221.379903,19,15552.824569
-246.935161,16,15558.552356
-368.291891,19,15567.43904
-267.802573,14,15573.292793
-223.01182,16,15580.707154
-299.49128,18,15586.801815
-265.507015,13,15591.165941
-272.805258,20,15598.312589
-225.16827,17,15604.119089
-283.405096,10,15607.982517
-243.533199,18,15616.700253
-352.958078,20,15626.247768
-218.170304,22,15633.487096
-248.551601,18,15639.929143
-241.395474,17,15647.936843
-271.032136,18,15654.520079
-217.912471,21,15664.03768
-262.979793,16,15668.810614
-238.612046,21,15676.592288
-116.097365,8,15679.137083
-307.194882,18,15687.038683
-324.292396,14,15692.013603
-258.003522,18,15698.177974
-348.821296,14,15703.356515
-277.889865,20,15710.82451
-281.206063,19,15718.316454
-273.238368,13,15723.142506
-297.024572,16,15729.235465
-223.209891,18,15735.457718
-248.151077,12,15740.657095
-215.429369,20,15748.489017
-279.1379,19,15755.09962
-182.764029,12,15760.231275
-145.187485,14,15765.417363
-251.782033,19,15772.607738
-240.642701,14,15778.978609
-147.263319,16,15784.548767
-225.370919,21,15791.901365
-244.841171,17,15799.535227
-298.44542,17,15807.5235
-331.812713,19,15814.734169
-200.758225,17,15820.568502
-303.811394,8,15824.356967
-257.100041,19,15832.891887
-224.125853,16,15838.523774
-256.831264,19,15845.661015
-212.87437,22,15854.112672
-222.532706,17,15860.064451
-248.218451,16,15866.182264
-259.241755,18,15873.186947
-284.820466,19,15882.300369
-179.878901,23,15890.664477
-295.402633,16,15896.561452
-220.461959,20,15903.78225
-199.396284,15,15909.269293
-275.605854,16,15915.818982
-218.209058,14,15921.113889
-252.294453,19,15928.938301
-358.547664,18,15934.967746
-275.541053,17,15942.354132
-248.050653,18,15948.172353
-247.65107,18,15954.297543
-184.8612,14,15960.167064
-268.059824,26,15970.062337
-283.16958,16,15976.477445
-285.129145,21,15983.861035
-254.805848,20,15991.469141
-242.110355,16,15997.995344
-198.568166,24,16005.678189
-319.545831,18,16011.774183
-230.370497,15,16016.951153
-244.818192,19,16023.841032
-179.727743,20,16030.70334
-210.94052,17,16038.207993
-283.943022,18,16045.705027
-267.764652,18,16052.111321
-307.277667,15,16058.673727
-271.392012,22,16066.694465
-196.165771,18,16072.62312
-265.579037,16,16078.847383
-283.183405,20,16086.162003
-197.202414,21,16094.883567
-232.711244,14,16101.283364
-202.747245,22,16110.394239
-316.215015,10,16114.203958
-243.00701,16,16119.671074
-159.177085,20,16126.430197
-240.125576,16,16132.370627
-239.866198,26,16141.329999
-254.731164,25,16150.507592
-213.477882,19,16158.271563
-231.402358,20,16164.722282
-196.432181,19,16172.917019
-324.3335,15,16179.318789
-276.139748,20,16185.987648
-261.997406,17,16193.197145
-270.792701,20,16200.37354
-180.415057,26,16209.924803
-256.049586,18,16216.91903
-278.08255,14,16223.408647
-247.486108,22,16231.41264
-236.660139,18,16238.769471
-223.166908,18,16245.482662
-297.787852,22,16253.623892
-219.420104,20,16261.31426
-341.317399,9,16264.032249
-327.719368,18,16272.316444
-182.667531,19,16280.438754
-290.130937,13,16286.160518
-264.763592,10,16290.69681
-244.551,17,16296.743534
-230.496525,19,16304.253399
-290.938972,9,16309.185601
-244.958362,15,16314.373237
-211.538428,19,16322.903239
-113.808759,16,16328.321851
-263.924145,15,16334.252363
-248.129908,17,16341.235384
-246.334467,20,16350.706934
-266.221064,17,16357.118943
-239.725249,19,16366.702504
-242.540016,18,16373.914469
-303.99186,17,16379.712234
-294.752425,23,16388.417988
-223.712824,18,16394.900764
-187.77884,18,16477.264613
-326.184284,15,16483.325945
-265.744634,21,16490.556755
-349.560309,17,16498.252749
-221.433964,16,16505.395919
-344.110664,14,16510.24434
-236.345809,19,16516.868871
-244.933654,18,16524.08865
-283.284308,17,16531.005316
-276.616672,18,16537.145318
-261.439887,13,16542.679582
-199.021891,22,16549.936854
-251.536887,20,16557.341586
-289.44246,20,16565.353715
-277.582105,21,16572.856899
-258.968607,19,16581.193184
-237.171302,17,16587.93612
-214.609889,18,16594.109071
-264.842035,20,16601.624886
-291.283549,16,16607.235668
-235.29477,17,16614.175001
-263.009726,12,16619.687416
-294.700619,14,16625.630992
-251.6431,16,16633.383926
-334.708518,18,16641.111899
-262.660416,19,16647.498872
-184.233789,17,16653.360446
-305.448776,17,16659.823496
-184.874889,24,16669.004033
-312.627957,13,16674.753822
-259.280271,17,16680.893048
-235.514355,20,16688.431408
-249.445499,22,16695.890507
-266.005322,16,16701.057415
-176.045555,19,16708.734549
-312.054964,17,16717.545916
-309.819202,21,16725.777
-233.460206,16,16732.143184
-323.78263,11,16736.219617
-206.862145,14,16742.021228
-330.074141,16,16748.499612
-235.836886,16,16755.875604
-222.540409,17,16761.863333
-240.836754,23,16771.352968
-293.056035,16,16778.245899
-270.389796,12,16783.366325
-227.626879,17,16790.726244
-254.881763,21,16799.015641
-273.647067,12,16803.095639
-254.386348,22,16810.56307
-241.040972,18,16816.659549
-186.710209,14,16821.805354
-240.638541,16,16828.569659
-263.836313,18,16835.902706
-281.238291,17,16841.591903
-237.640116,22,16849.816206
-249.835501,22,16858.525147
-242.667873,22,16866.558371
-254.574697,19,16873.711741
-208.943437,17,16880.20176
-277.025973,13,16886.308899
-191.903704,21,16895.340824
-243.034128,17,16901.328946
-288.531241,21,16911.23068
-243.192568,18,16919.131243
-254.705003,16,16925.64081
-324.511619,17,16931.558609
-198.741843,21,16938.550284
-272.706922,17,16944.427397
-238.198933,21,16952.037091
-187.482608,20,16959.989185
-283.815682,20,16966.581167
-210.03062,16,16972.079877
-297.578044,18,16979.115327
-236.451813,19,16985.246009
-194.867846,18,16992.282827
-296.140287,14,16998.347165
-225.125271,17,17003.993952
-261.981074,14,17008.924572
-208.23503,23,17017.851244
-205.440224,18,17024.492805
-282.333614,22,17031.945931
-302.201126,17,17037.674608
-236.463323,19,17043.587553
-259.159667,21,17052.612409
-221.602415,19,17060.310696
-248.628384,17,17066.530217
-267.29172,18,17072.530731
-214.412655,12,17076.9766
-188.753424,20,17084.442518
-292.065032,16,17089.959865
-334.469356,19,17096.71501
-213.380112,14,17104.257208
-197.366044,19,17110.819256
-250.184264,14,17118.622476
-234.173894,18,17126.815751
-365.563036,14,17132.064368
-266.210606,17,17138.166132
-294.488433,18,17144.725382
-209.822068,21,17151.906366
-349.780143,21,17159.598761
-276.817489,23,17167.241446
-301.093283,15,17173.800364
-254.213494,18,17179.776665
-278.971927,17,17185.742123
-278.96777,16,17191.531971
-321.642001,16,17197.70499
-242.932942,14,17203.298045
-284.948694,14,17209.703004
-254.934783,18,17216.560153
-278.624534,20,17223.957494
-196.136663,24,17232.548204
-257.476262,18,17238.51716
-195.162863,18,17244.971716
-297.915423,14,17249.953286
-226.931075,17,17255.910914
-289.066558,19,17262.793467
-256.161724,15,17268.489432
-264.179983,16,17275.053464
-254.210322,21,17284.088829
-267.136793,11,17289.702866
-272.3303,21,17299.108246
-279.115185,24,17307.150388
-251.44483,19,17313.968697
-286.874388,16,17320.988022
-232.500093,19,17327.659658
-255.61396,20,17335.31162
-261.261947,14,17340.136739
-267.172955,22,17348.039937
-295.096041,19,17354.511058
-210.920175,22,17362.507314
-249.077087,17,17368.874663
-270.984991,15,17374.152656
-287.1153,9,17377.376984
-286.736547,14,17382.649793
-198.166679,19,17388.743866
-246.106615,15,17393.489151
-251.851653,18,17399.336232
-260.034552,18,17405.825034
-303.641586,16,17413.441164
-215.068449,19,17422.088896
-251.955942,13,17428.341904
-274.538167,14,17435.221826
-324.148133,19,17442.509269
-273.839501,17,17448.257798
-288.702205,17,17454.636417
-258.855072,14,17459.508021
-230.896078,17,17465.725635
-223.980809,17,17471.634454
-255.83504,14,17476.949324
-316.154901,19,17483.111471
-298.804506,16,17488.464887
-310.869662,18,17495.576081
-291.968597,15,17502.317188
-224.84438,18,17508.987528
-217.49169,17,17515.599024
-257.835835,21,17526.76235
-258.57226,20,17536.375509
-234.364043,19,17543.02689
-255.710963,20,17550.173555
-222.747495,19,17557.776031
-215.708888,16,17563.450322
-281.690954,18,17570.100285
-369.086934,18,17577.229652
-269.467939,11,17583.580184
-235.924746,22,17592.344403
-310.71785,19,17600.810667
-220.581697,16,17607.608174
-271.215583,11,17612.471582
-357.060166,10,17616.268776
-231.2723,16,17622.356141
-232.945299,19,17629.726447
-151.389822,11,17634.985144
-189.519334,9,17639.169892
-224.191758,16,17645.803386
-230.827863,15,17651.331936
-263.757492,19,17661.104989
-271.389631,13,17665.443973
-293.112558,14,17670.655649
-229.589994,17,17676.42101
-236.173908,21,17683.827805
-216.694657,17,17689.624993
-268.223869,21,17696.741601
-238.271941,17,17702.428402
-200.170479,16,17709.359538
-217.131802,20,17716.956357
-243.318365,19,17724.707913
-280.705289,14,17730.012316
-265.252254,17,17736.254193
-199.672367,21,17743.673795
-217.748838,19,17750.465027
-258.580864,21,17757.579026
-205.644788,16,17763.946712
-240.474471,17,17770.349233
-247.061019,17,17777.320754
-346.658548,21,17786.004317
-194.330554,20,17796.075656
-289.26864,21,17806.434669
-237.674557,13,17813.758588
-303.962522,12,17819.718528
-280.615313,18,17827.472367
-271.967332,19,17833.685579
-237.622143,20,17841.610692
-238.950128,20,17850.55809
-243.739652,20,17858.828736
-249.154747,21,17867.120207
-270.630932,20,17873.71824
-166.413721,17,17880.928225
-257.394008,17,17889.560893
-284.557351,16,17896.507241
-326.541789,17,17902.523427
-240.617344,11,17906.963998
-280.922292,17,17913.038198
-310.048303,14,17918.111298
-251.893497,20,17926.255502
-208.239177,19,17932.858591
-270.8387,19,17939.623714
-129.596296,17,17946.234254
-244.231552,21,17954.224263
-270.482174,20,17961.700067
-238.667276,17,17968.890733
-191.363929,19,17975.009825
-220.810169,13,17980.820357
-285.561099,12,17985.27232
-208.42415,20,17993.068056
-247.639402,19,18000.216491
-269.198494,17,18006.090991
-238.04001,22,18014.733567
-220.589306,18,18021.176508
-265.500735,19,18029.084744
-321.115151,19,18035.443813
-154.345464,11,18039.582941
-262.417044,14,18045.615183
-294.639683,20,18054.685751
-200.604376,20,18061.935576
-287.671633,15,18068.240123
-323.29722,16,18074.162
-292.868059,17,18080.471828
-213.439887,17,18086.794381
-391.266694,19,18095.142633
-173.424141,24,18103.497227
-212.041622,25,18113.974414
-225.426555,19,18123.024752
-297.414959,14,18129.686002
-240.300331,16,18135.748676
-326.56654,22,18144.455061
-250.957874,18,18150.81774
-275.185633,22,18158.856205
-227.213557,19,18166.080722
-275.750745,15,18171.38675
-265.413747,16,18177.481194
-212.984513,19,18185.210121
-270.598767,20,18194.056793
-289.682517,13,18200.3507
-277.619345,12,18205.94197
-237.210564,17,18212.498505
-260.349888,16,18219.211802
-369.881315,23,18227.691562
-269.079475,21,18235.535749
-308.249237,22,18242.969452
-258.020774,20,18250.407121
-197.864894,14,18256.687464
-290.329483,13,18264.399126
-270.91226,21,18272.329456
-255.84595,20,18279.996789
-309.843679,16,18285.572703
-290.81938,20,18292.89992
-253.957113,16,18298.257105
-307.466673,17,18304.057852
-214.647847,18,18310.757058
-247.688088,20,18317.621072
-261.045467,21,18324.536783
-145.285462,15,18331.123606
-201.50999,19,18338.205668
-157.407153,20,18345.133273
-251.55889,20,18353.523033
-308.927415,19,18361.579999
-268.231989,18,18368.618638
-444.914798,23,18378.361655
-242.040737,18,18385.395408
-252.576794,20,18392.559436
-253.410849,23,18401.803513
-205.911084,17,18408.526693
-266.960624,21,18416.187021
-242.508062,22,18424.365516
-227.087096,21,18431.468561
-217.945694,19,18437.663898
-267.094656,14,18443.143607
-188.54398,21,18451.615829
-295.624587,17,18457.127174
-239.153842,20,18464.530246
-167.613496,16,18470.427257
-206.035884,19,18477.062844
-225.779079,14,18482.188234
-271.470387,17,18488.268538
-118.497587,8,18491.191863
-276.229531,13,18495.817953
-224.940835,17,18502.492594
-217.269181,18,18509.505926
-187.277774,19,18515.896641
-291.227384,22,18524.130474
-227.113952,14,18529.136585
-250.928981,19,18535.892789
-250.122889,14,18541.076888
-228.713991,15,18547.947308
-226.11135,16,18553.847123
-258.607045,20,18560.60159
-350.946708,14,18565.482868
-304.460471,16,18571.037179
-253.799836,13,18575.900962
-244.436429,23,18584.65706
-282.35886,13,18589.256954
-228.33421,13,18594.658588
-187.728152,16,18599.945938
-240.367196,21,18607.036093
-232.404092,16,18613.005247
-226.806963,20,18619.552248
-228.868407,16,18626.18758
-216.283456,12,18630.276632
-232.252276,15,18636.111797
-268.924119,13,18640.533593
-283.511143,17,18646.655096
-327.896941,16,18651.789115
-242.154257,16,18658.513576
-165.053443,16,18666.435394
-296.476245,18,18672.518949
-236.834953,16,18678.411546
-279.754512,19,18684.998614
-176.845515,25,18694.178484
-335.988616,18,18700.161438
-222.803882,20,18707.206739
-334.638499,15,18712.839297
-285.90056,18,18719.717621
-178.589072,23,18729.421972
-275.777548,20,18737.510697
-284.387048,19,18744.530378
-233.383421,17,18750.439089
-231.7867,19,18756.997751
-286.22819,13,18762.346277
-281.112212,16,18767.843414
-224.405281,17,18774.025818
-297.669212,17,18780.525612
-217.720993,19,18787.427935
-236.827979,14,18792.886566
-242.790068,17,18799.637872
-306.488322,17,18805.967607
-261.810564,18,18813.73973
-281.829022,14,18819.465519
-180.617679,20,18827.189114
-235.921977,16,18833.50716
-191.113797,16,18839.009406
-250.342054,19,18845.794958
-254.809325,12,18852.322793
-264.306638,24,18860.540169
-214.650862,21,18869.442953
-278.008688,17,18876.425487
-253.294646,9,18880.70032
-229.219827,18,18887.597119
-265.925924,17,18894.088524
-205.629138,20,18901.297531
-225.609948,18,18907.671156
-264.819021,19,18914.553325
-257.833621,16,18919.860482
-208.620088,20,18926.590267
-317.136191,14,18931.325235
-216.647849,19,18938.265243
-153.117431,21,18946.335001
-288.31285,21,18954.046387
-253.763342,18,18961.282739
-177.973657,15,18966.798924
-280.310295,19,18973.9451
-263.399327,15,18979.04498
-276.152625,16,18986.149369
-272.541298,17,18992.417327
-258.193848,25,19001.961045
-217.287964,23,19010.955484
-260.399812,21,19019.736919
-217.772418,23,19028.829538
-214.08341,21,19036.555016
-239.153012,22,19044.069704
-217.987855,25,19052.3044
-338.679386,19,19059.864182
-275.803844,17,19065.506004
-274.858963,20,19073.342928
-206.856773,21,19080.918902
-212.264653,23,19088.861294
-270.056408,15,19093.726008
-255.93937,17,19099.507927
-305.088736,13,19104.767419
-260.751446,17,19110.914422
-205.039152,15,19116.2358
-246.333625,18,19122.539716
-187.652931,17,19128.305213
-220.431713,18,19136.399876
-250.932984,18,19144.270169
-159.832215,21,19152.473031
-251.978723,14,19158.679883
-251.516464,18,19165.546081
-190.824704,20,19172.566369
-269.219902,20,19179.758731
-208.328684,25,19188.064361
-218.100269,22,19197.019815
-225.561954,20,19204.161805
-275.226478,16,19209.371819
-369.995053,15,19214.940863
-300.495528,10,19218.472477
-235.133898,23,19225.993376
-263.655322,18,19233.46773
-212.948203,20,19240.244756
-292.278831,17,19246.43032
-205.49269,18,19254.630797
-259.987347,21,19262.753795
-186.601274,20,19269.53543
-274.731388,19,19277.000474
-265.005662,15,19284.410489
-273.609561,17,19291.766617
-261.333897,20,19298.865538
-317.639066,21,19308.532268
-217.127854,20,19316.571398
-276.137108,19,19323.324471
-136.705536,13,19328.34499
-253.594973,19,19335.873961
-249.708614,14,19340.128071
-239.989039,17,19346.705383
-175.782241,15,19353.027649
-288.492183,21,19360.103371
-180.889253,22,19368.111553
-172.935483,18,19374.888962
-302.508778,18,19382.192017
-270.057047,16,19391.150568
-237.80115,18,19397.39141
-233.8575,19,19404.470085
-263.258911,19,19411.642436
-275.44763,20,19419.203269
-212.566251,17,19427.351785
-262.507853,16,19433.235018
-182.062972,14,19438.491491
-191.345376,20,19445.932318
-260.434672,23,19454.479158
-243.169151,22,19462.243111
-290.082901,13,19467.068065
-239.094883,18,19472.961843
-210.039958,22,19479.902554
-363.548212,21,19487.401092
-298.481194,12,19491.958825
-297.384524,18,19498.63106
-244.924267,20,19506.992182
-356.528247,15,19512.154846
-239.203032,19,19518.323013
-156.634166,10,19522.23898
-264.802864,14,19528.168869
-280.845704,14,19536.68801
-240.450287,20,19543.664956
-328.216166,16,19550.082509
-329.633246,19,19556.650684
-308.405425,21,19564.285821
-190.43475,19,19571.538316
-311.44513,7,19576.330551
-248.361087,20,19583.601079
-294.107913,11,19589.656807
-250.40181,26,19598.853879
-246.687986,19,19605.859833
-210.01957,19,19613.440659
-367.364872,21,19620.997759
-184.590323,19,19627.467524
-201.890039,17,19633.713184
-336.707706,21,19641.916953
-218.907683,17,19649.115636
-258.520358,17,19656.426557
-251.643517,18,19663.860335
-300.10908,17,19745.148128
-153.270177,11,19751.393435
-281.145314,17,19757.628525
-260.575745,23,19766.112386
-233.903699,17,19772.420714
-396.783065,17,19779.298515
-292.650056,21,19787.283103
-166.613242,16,19792.922594
-247.635152,17,19799.854726
-267.127766,15,19805.175473
-260.36953,15,19811.818955
-236.466072,18,19820.079075
-170.747912,16,19827.037001
-313.780886,12,19832.221471
-305.71772,18,19838.350895
-275.271789,12,19842.360342
-297.526673,17,19848.228453
-288.107541,15,19854.686833
-274.420274,20,19861.789892
-322.781529,22,19869.314599
-262.902811,14,19875.132247
-223.438768,14,19880.927136
-180.858781,16,19886.020072
-254.915857,18,19893.877417
-303.225908,18,19901.895205
-216.534681,22,19909.892162
-294.431555,21,19918.240963
-331.056632,22,19926.013356
-200.323955,19,19936.268278
-264.22168,13,19941.152965
-265.984391,20,19948.497859
-216.097536,21,19957.131603
-318.560218,18,19963.276719
-251.616741,18,19969.241461
-269.508065,19,19977.540669
-238.268702,21,19985.216932
-239.699432,17,19992.616702
-212.80378,21,19999.541437
-143.963545,23,20009.235143
-224.658022,16,20014.858087
-286.478329,18,20022.740465
-334.823637,15,20028.463907
-241.774333,24,20036.993581
-213.897767,19,20043.50029
-191.199462,20,20051.519556
-254.482133,21,20058.769993
-257.33047,20,20066.34126
-210.406935,19,20072.914536
-401.059222,20,20081.093914
-390.794856,14,20089.40548
-223.471276,18,20096.827029
-241.882365,17,20103.838252
-284.211219,15,20110.678391
-196.635848,17,20117.802523
-261.156229,20,20125.819341
-257.705071,14,20131.988928
-288.036043,15,20140.325432
-170.087668,17,20146.545434
-264.935073,21,20154.156097
-188.439592,19,20160.828571
-256.741745,16,20167.022826
-201.533112,18,20175.034856
-317.807676,13,20179.924467
-272.643406,12,20185.403043
-227.498622,11,20190.660074
-242.250147,15,20195.342332
-239.77663,20,20202.403486
-258.014447,13,20207.089188
-247.992531,14,20212.935371
-208.659378,20,20219.402387
-221.58279,20,20226.292231
-193.395242,17,20232.388587
-198.786933,20,20240.298326
-175.327985,21,20247.62509
-252.202892,12,20251.665242
-235.236627,15,20257.405359
-164.942193,17,20263.192434
-204.653636,24,20272.041385
-231.223223,19,20278.59821
-263.111552,17,20284.429966
-334.385491,15,20290.184342
-226.192275,19,20296.980808
-185.715471,22,20306.676061
-247.380311,16,20313.468912
-264.265172,18,20318.945186
-210.243397,23,20328.953423
-196.721674,18,20335.166907
-286.790786,11,20339.937014
-348.241819,20,20347.418525
-191.00829,19,20354.790831
-246.813138,21,20362.516858
-209.943394,19,20369.395942
-137.250589,14,20374.078789
-266.032531,19,20381.084288
-360.553242,22,20388.890703
-274.489947,20,20396.722369
-252.437241,17,20402.504621
-319.261208,18,20409.212858
-276.050586,16,20416.178721
-262.674212,21,20423.598876
-253.245966,19,20430.849435
-166.187716,19,20439.612178
-307.180945,18,20445.355035
-238.575471,17,20451.505799
-236.554398,18,20460.67217
-273.855169,21,20468.766437
-196.034048,19,20475.579588
-216.335233,17,20482.148439
-263.306899,22,20489.612775
-307.180761,13,20494.510568
-275.722367,15,20499.459005
-194.46982,22,20506.97388
-119.123939,18,20513.577737
-215.470183,19,20519.736619
-237.615445,18,20526.204181
-233.244329,18,20532.612749
-296.286965,15,20539.488537
-225.234233,23,20547.599255
-251.685411,23,20556.31822
-219.476491,19,20563.015736
-257.372443,21,20571.487505
-246.767215,15,20578.149595
-183.282026,16,20585.834526
-381.864547,18,20591.612066
-241.503039,22,20598.875075
-252.679519,20,20606.226517
-257.161919,16,20611.641888
-225.865165,14,20616.954793
-244.634257,14,20622.167199
-201.930007,18,20628.424021
-196.160447,19,20636.042303
-230.379353,20,20642.809024
-209.334564,21,20649.817127
-287.376942,13,20654.804952
-375.557259,18,20661.045687
-324.837735,22,20669.295963
-237.976282,17,20675.092531
-234.624099,10,20678.470983
-201.199801,18,20685.263813
-255.515031,12,20690.63124
-262.008184,13,20695.568706
-219.858996,18,20702.260244
-260.720095,20,20708.907938
-238.530799,15,20715.230189
-326.662633,20,20722.422247
-254.006174,17,20728.832899
-225.494114,19,20735.505316
-232.303644,17,20741.225311
-238.720063,16,20747.28269
-182.225403,16,20753.661498
-261.997823,14,20758.470304
-254.510432,17,20764.086158
-305.659202,17,20771.815592
-147.840582,15,20776.801487
-262.928368,22,20784.152216
-195.40817,13,20788.364027
-240.049108,21,20796.366765
-253.342744,16,20803.717742
-242.223768,12,20807.794341
-248.72352,14,20813.300441
-209.232384,20,20820.744064
-164.034882,15,20826.468492
-267.125316,12,20831.97412
-248.314522,21,20839.280198
-303.470229,9,20842.476092
-232.689723,19,20850.792141
-375.046305,17,20859.547681
-226.608181,16,20865.135746
-225.844871,17,20871.603554
-265.157522,18,20878.132401
-237.823847,19,20885.434721
-262.691005,18,20891.846439
-222.16277,19,20898.834162
-298.780983,17,20905.653594
-227.143283,17,20911.236956
-262.264125,20,20919.490524
-240.59195,18,20929.098128
-332.392996,17,20936.313864
-277.660373,15,20941.608795
-230.895658,17,20947.777399
-240.251356,18,20953.996414
-226.191384,19,20961.207013
-284.689154,13,20965.615346
-259.656902,12,20969.809633
-305.224652,15,20975.328788
-303.668965,21,20982.204539
-238.72851,20,20990.361286
-300.935749,20,20998.696196
-163.641569,17,21004.683779
-232.050713,22,21013.45877
-252.513897,21,21020.530119
-184.812323,19,21027.112196
-279.229138,18,21033.498584
-212.5736,16,21040.129777
-315.177212,18,21047.248791
-274.475347,21,21054.27355
-239.413696,22,21061.643226
-250.692365,15,21067.427243
-252.160142,18,21075.123967
-225.009258,22,21083.916432
-276.80554,14,21088.906736
-253.176546,19,21095.255431
-218.97764,21,21103.334569
-277.172923,17,21109.148528
-199.548289,19,21115.600248
-109.922046,14,21121.606378
-250.270217,18,21128.497349
-270.636499,17,21134.255299
-279.121021,16,21141.056618
-257.594376,19,21148.623075
-237.542026,15,21154.699752
-304.443669,13,21159.580013
-269.54149,18,21166.250458
-184.147338,19,21172.760849
-151.360136,17,21178.296391
-240.850404,23,21186.540987
-283.537864,15,21192.77126
-202.233041,20,21200.255319
-236.931417,17,21205.842128
-196.840827,21,21214.447194
-138.116841,22,21222.502685
-323.198739,11,21226.520873
-267.652396,23,21233.989043
-239.805334,21,21241.794655
-258.545299,17,21248.655953
-191.734948,21,21256.672753
-334.326147,21,21265.110951
-252.992313,17,21271.172503
-211.590635,21,21277.935149
-160.932787,28,21287.973815
-242.691826,18,21295.119549
-308.649629,23,21302.751369
-227.502442,14,21309.48601
-299.393599,15,21314.642661
-275.315268,22,21322.169859
-184.624578,23,21331.228828
-289.67893,16,21336.67038
-369.228318,15,21341.982408
-254.986572,15,21347.909987
-239.474908,17,21353.387965
-242.59543,16,21359.297369
-254.334943,20,21366.241746
-307.654238,21,21375.408436
-263.92275,19,21382.546496
-183.442867,25,21391.370491
-246.449308,24,21400.443777
-213.266219,22,21408.257929
-232.838699,20,21416.775718
-190.855108,21,21424.046389
-218.552152,20,21431.567391
-224.028949,20,21438.353514
-225.100971,16,21445.265409
-284.529352,15,21452.156021
-304.931377,10,21455.716325
-280.798761,13,21459.870545
-305.960237,23,21467.999792
-230.899324,15,21473.034611
-257.359094,21,21480.666538
-137.423242,19,21489.7637
-170.482236,18,21497.77037
-292.015912,16,21503.206776
-183.569502,20,21510.866482
-244.959895,17,21517.186275
-292.415624,21,21524.922949
-225.011014,17,21530.747374
-215.46347,23,21538.599218
-224.243178,11,21542.94797
-279.026369,19,21550.24275
-271.245089,20,21559.163413
-234.663189,18,21566.487089
-331.923518,14,21573.552171
-246.219018,19,21581.366266
-127.548082,17,21587.009375
-248.388464,17,21593.20825
-324.058955,15,21598.85355
-257.918391,20,21606.168023
-176.865944,21,21614.238902
-312.348865,17,21620.716768
-266.739212,13,21625.245986
-207.589421,19,21632.975928
-303.895946,18,21639.789903
-302.304711,15,21644.79532
-143.448233,12,21649.477144
-114.528615,9,21652.523556
-243.303007,22,21661.082146
-292.563389,19,21668.630027
-258.65643,16,21676.400182
-167.498078,19,21682.963028
-267.409975,14,21689.079287
-185.288228,13,21694.590797
-207.074233,22,21702.403076
-209.562251,20,21710.974998
-254.683361,19,21717.343241
-297.4902,16,21723.296626
-284.386797,20,21730.72963
-259.693345,20,21738.122977
-255.141662,18,21744.535014
-228.859653,22,21753.098423
-252.618862,19,21759.995835
-249.17747,18,21766.382162
-209.588555,20,21773.575097
-308.276574,19,21779.655672
-271.788426,16,21786.725956
-265.851784,16,21795.007435
-189.485196,23,21802.717183
-214.01523,16,21808.06344
-264.06653,20,21814.546188
-266.433734,16,21820.772053
-227.820754,18,21828.495707
-310.352042,18,21834.578573
-258.662462,22,21843.823209
-198.81243,24,21852.197866
-197.370248,16,21857.924351
-281.112976,17,21863.897853
-216.092408,16,21869.266309
-277.545202,18,21876.326529
-189.970817,22,21884.405948
-170.202493,18,21891.195689
-219.06089,18,21898.271021
-344.889537,18,21904.409104
-215.264814,20,21912.782365
-195.915485,20,21919.859644
-161.974457,14,21926.113568
-304.471183,20,21933.315205
-222.6669,24,21943.389624
-246.3325,19,21950.410307
-404.690915,15,21956.597703
-238.933194,18,21965.512959
-285.504776,25,21975.954601
-367.844162,21,21983.184767
-243.713992,21,21990.461134
-354.052271,18,21997.708637
-364.039823,22,22005.685331
-294.403982,20,22012.432754
-188.824846,22,22020.399707
-159.029637,21,22027.654866
-317.635801,14,22032.442752
-303.702849,9,22036.145827
-112.843391,19,22042.198783
-164.111982,16,22048.618984
-233.533429,20,22058.490558
-229.291428,19,22066.320572
-251.759779,21,22074.41543
-185.005851,14,22080.719164
-265.205128,18,22086.910518
-271.133035,18,22094.404263
-344.259605,19,22100.915681
-270.55104,10,22105.606555
-294.768538,16,22110.879107
-264.877621,15,22116.032172
-241.911267,25,22125.805047
-255.83481,21,22133.20766
-252.198426,17,22139.077705
-265.494434,14,22143.603327
-233.417141,20,22150.690738
-203.23864,20,22157.585678
-272.77281,14,22163.342843
-339.272918,15,22169.57851
-229.808831,13,22174.399555
-250.199131,19,22181.508758
-275.675454,17,22187.182825
-387.861206,22,22194.334768
-287.766866,17,22201.36007
-238.807856,18,22207.963674
-253.699135,20,22214.980921
-291.51778,25,22225.795117
-223.395658,20,22232.443517
-219.466949,23,22241.915857
-235.932119,16,22249.02949
-253.550241,22,22256.926826
-141.528552,16,22262.480438
-192.245126,15,22267.702231
-247.741285,23,22277.039713
-312.896617,17,22282.654137
-165.890442,22,22290.59874
-216.926652,15,22296.728966
-252.051812,17,22302.675559
-238.136556,20,22310.774598
-260.543933,19,22317.266253
-289.445576,15,22323.02143
-222.758429,18,22329.195848
-204.877435,20,22336.607133
-211.119945,22,22344.172157
-234.743972,21,22352.040009
-213.73866,13,22356.562897
-241.580827,16,22362.784092
-269.123429,15,22369.344202
-207.492529,21,22376.359606
-222.359343,18,22382.372441
-127.960717,19,22389.183531
-274.54669,19,22395.761574
-247.319493,19,22403.382286
-227.012004,19,22409.820389
-280.757362,19,22416.443323
-269.293914,17,22423.42731
-347.813195,19,22430.449589
-228.281469,16,22435.709436
-233.112237,23,22443.795379
-166.856435,10,22447.710378
-295.944675,13,22453.321038
-283.90009,19,22460.670423
-248.511329,20,22468.315557
-240.237169,23,22478.065601
-246.431051,18,22484.378504
-305.562305,12,22488.434842
-247.361958,16,22494.776045
-257.602202,23,22502.97247
-210.965963,25,22511.409893
-280.004857,18,22517.360419
-153.009902,21,22524.92858
-207.018563,17,22530.95306
-293.573025,13,22535.528145
-214.638755,24,22544.690483
-207.07214,22,22552.301415
-336.362043,15,22557.621921
-302.721554,8,22561.782977
-207.440536,20,22568.899357
-274.30407,19,22575.830924
-260.717809,12,22579.830831
-219.100123,22,22588.69851
-258.650171,18,22595.55023
-219.203868,18,22602.359507
-245.819426,18,22610.428678
-256.792359,21,22618.620357
-173.890586,18,22626.574087
-249.897198,17,22632.991671
-205.855617,22,22641.683549
-302.034145,15,22647.601526
-240.3442,20,22655.160802
-125.833788,16,22660.843495
-269.563526,17,22667.152052
-303.443138,19,22674.355788
-269.442765,22,22682.49927
-243.052965,24,22691.728655
-149.046128,19,22698.116308
-282.895548,19,22705.290412
-222.97299,20,22712.284281
-335.551558,19,22718.959861
-193.136312,20,22725.770237
-277.00074,15,22732.933526
-205.022132,17,22738.84082
-262.722622,20,22746.551662
-143.74841,20,22754.269335
-290.246696,20,22761.916366
-239.285931,19,22770.212445
-239.257613,18,22777.433167
-348.341931,16,22784.826359
-301.580512,17,22791.537653
-209.863874,19,22798.181339
-221.353755,15,22803.237698
-155.282593,18,22809.928217
-220.214314,18,22816.289193
-204.729354,22,22824.424367
-266.884989,19,22831.166323
-319.684959,19,22838.689669
-229.121722,18,22845.287352
-362.506852,18,22853.190243
-217.304801,19,22860.086818
-248.377145,25,22868.447372
-241.380198,19,22875.750075
-142.912162,14,22880.999398
-163.694139,23,22889.473515
-209.346156,23,22978.381739
-237.684324,20,22985.715986
-198.818377,21,22993.034132
-311.756224,20,22999.869247
-210.482311,21,23006.935747
-262.938479,21,23015.064623
-266.558173,19,23024.382377
-200.16639,21,23031.768057
-183.560248,21,23038.660179
-219.084782,21,23046.633776
-291.134815,14,23053.611174
-227.200485,18,23060.729301
-272.766323,20,23067.198112
-442.650739,16,23072.317809
-297.635017,16,23080.142812
-264.168924,22,23088.381034
-268.973593,20,23095.086028
-259.734209,23,23106.400656
-226.671821,14,23111.539807
-223.472073,21,23119.937189
-249.644655,20,23126.156224
-196.637967,18,23132.169978
-234.050158,20,23139.170083
-208.47905,23,23147.502468
-208.4596,23,23155.383064
-259.44641,19,23162.526523
-284.897984,12,23168.052141
-257.576592,15,23174.003973
-290.076161,13,23178.382809
-420.271524,21,23186.737043
-271.699821,22,23193.957976
-287.250295,18,23200.611184
-267.901059,19,23208.188136
-240.440351,19,23214.77257
-294.807798,11,23220.186639
-215.602107,23,23230.128659
-242.749419,20,23238.739551
-288.35472,19,23245.449692
-291.299347,18,23252.360201
-160.819407,18,23258.590752
-279.364823,11,23263.190513
-315.265006,18,23271.388097
-382.47489,15,23279.201582
-260.273093,11,23283.77172
-256.375024,24,23291.317226
-226.256396,19,23298.688176
-208.655192,21,23306.230673
-290.065724,20,23314.413776
-195.554024,17,23320.316568
-389.274729,14,23326.409724
-248.762825,16,23332.469265
-166.581647,21,23339.106497
-240.52023,19,23346.833234
-155.164923,21,23355.600089
-235.897541,15,23361.001715
-244.627718,15,23366.055028
-288.115385,19,23374.141606
-297.665667,21,23381.573003
-185.828299,21,23390.323417
-277.673408,16,23398.435668
-279.172602,17,23404.517362
-236.631382,22,23413.646791
-201.453875,21,23420.562473
-189.81324,18,23426.64892
-277.136772,13,23432.652774
-233.444202,20,23439.158459
-288.128165,19,23445.253835
-295.451623,20,23453.159406
-305.290717,12,23456.824126
-250.029423,21,23464.847563
-246.546812,21,23475.087014
-273.081898,21,23482.212561
-272.965242,15,23487.595089
-226.667647,19,23495.099173
-256.590352,26,23504.538821
-303.679262,22,23512.509556
-241.055265,16,23520.254748
-272.117604,12,23524.348264
-271.217002,17,23531.641232
-146.078402,18,23538.009366
-107.125416,11,23542.706789
-335.981398,21,23551.716335
-146.556984,22,23558.843798
-317.633874,17,23565.176217
-196.745872,21,23574.008202
-216.604751,20,23580.93518
-304.735105,16,23586.298045
-262.767364,21,23593.812435
-239.080505,21,23601.092308
-249.777872,17,23606.960394
-208.306687,16,23612.844968
-205.308586,18,23618.742155
-165.469048,22,23626.547423
-322.608331,18,23632.75529
-208.013762,17,23639.392187
-135.930324,16,23645.043807
-231.197532,18,23652.243627
-235.435691,16,23659.963371
-271.414739,15,23665.584721
-238.891047,19,23671.955556
-239.476829,18,23678.291578
-149.269252,17,23685.355867
-227.776412,17,23691.663781
-324.448684,28,23702.568541
-274.759128,20,23710.905548
-301.99276,15,23716.801606
-312.655984,13,23721.291159
-275.37976,19,23728.350114
-239.908904,16,23733.609444
-330.079066,24,23741.440565
-279.139285,21,23748.939159
-258.381649,18,23756.305638
-245.008549,14,23762.526075
-209.910547,18,23769.664969
-253.359087,19,23776.959568
-194.171976,22,23785.266936
-224.542976,21,23792.977788
-233.634325,20,23800.960689
-213.353042,13,23805.999215
-291.230782,17,23811.649105
-233.986056,15,23816.840885
-237.640611,19,23823.608137
-213.314468,16,23829.575716
-229.242688,21,23837.101228
-258.606841,15,23842.732902
-292.069087,19,23849.718118
-217.276703,20,23858.768199
-295.417891,21,23866.716297
-231.480354,22,23874.777665
-160.612003,16,23880.142242
-248.084615,19,23888.218336
-138.793255,17,23893.729304
-237.566221,15,23898.697692
-211.166912,19,23905.471869
-280.405426,14,23912.286232
-289.566389,17,23918.710658
-262.170833,18,23927.546054
-276.226652,23,23937.06997
-299.861925,20,23943.885414
-216.900382,20,23951.351495
-98.392383,16,23957.921555
-195.465166,19,23963.647344
-272.726773,22,23972.085426
-217.73666,22,23980.620195
-202.131043,21,23988.203833
-217.431996,17,23994.808551
-207.602215,16,24000.046479
-183.873235,16,24005.973814
-141.247111,18,24012.264808
-136.494907,15,24018.553219
-204.857442,22,24026.968346
-226.074337,19,24033.305708
-271.408863,17,24039.108691
-277.632723,17,24046.61233
-217.275668,21,24054.410385
-198.313167,12,24058.881504
-278.41318,19,24066.480109
-246.475586,17,24072.291414
-201.150241,24,24081.493038
-190.62119,23,24089.210197
-174.822248,21,24098.128456
-250.158276,20,24104.910527
-131.964247,18,24111.437559
-276.773049,18,24117.68469
-241.229603,20,24126.05551
-297.626737,20,24133.303152
-348.938796,21,24140.426562
-256.220816,16,24149.278268
-363.040808,21,24156.482186
-299.415248,18,24164.129675
-262.343312,18,24170.646959
-243.808672,20,24177.056687
-226.967067,20,24183.905089
-251.675998,17,24190.655994
-266.59029,18,24196.874435
-343.590765,20,24203.874255
-292.827292,20,24210.543176
-231.678327,18,24217.686197
-224.719833,18,24223.458711
-281.772034,17,24229.460932
-319.967197,23,24237.176193
-226.731835,18,24243.770144
-201.697443,18,24250.551031
-347.363093,17,24257.848655
-243.529023,14,24262.433804
-267.832975,16,24268.045906
-327.347791,23,24276.259525
-146.267468,17,24283.057472
-232.816989,21,24289.850632
-175.367876,14,24295.120156
-271.687445,21,24303.554317
-210.329826,21,24311.17351
-333.396058,14,24316.792189
-339.592845,20,24323.724487
-280.551505,14,24329.011158
-210.130453,22,24337.346715
-243.97631,17,24343.126148
-225.581911,15,24350.774806
-229.526982,22,24357.846655
-231.905333,17,24363.870471
-264.532165,20,24370.93605
-199.992324,21,24377.756235
-250.346722,18,24384.187806
-382.306411,21,24391.241984
-233.53192,17,24401.66057
-151.427858,14,24407.604071
-253.684917,16,24412.937875
-201.640662,24,24421.029378
-238.36873,17,24427.4485
-237.637603,13,24431.735336
-250.118318,16,24438.924361
-258.587417,25,24447.587552
-155.107222,25,24456.646065
-296.031502,16,24462.769571
-239.034821,22,24471.494778
-268.502787,15,24477.003007
-131.646251,19,24482.820221
-166.863305,13,24488.249688
-247.669961,15,24495.17593
-200.745556,18,24502.797465
-292.165652,24,24510.779143
-217.371617,24,24519.128452
-242.784793,17,24525.529428
-240.297517,21,24533.764845
-242.009814,18,24540.13922
-294.945762,20,24547.741216
-267.376861,21,24555.290272
-230.77608,14,24560.289043
-292.393207,17,24567.536832
-283.169352,18,24575.798251
-183.882018,20,24582.230374
-230.283629,16,24587.377441
-220.947131,17,24593.559133
-223.847865,19,24600.085453
-269.169824,18,24606.330465
-235.672068,16,24612.496321
-125.479511,17,24618.857128
-276.151249,21,24626.882004
-177.260372,24,24635.042813
-282.500991,10,24638.819194
-345.76226,20,24645.775883
-267.291209,20,24654.12725
-259.240417,10,24657.446974
-193.233818,21,24665.658869
-318.628152,11,24670.504491
-204.349947,20,24679.224087
-270.986615,17,24685.556239
-341.36187,14,24692.359197
-145.445234,13,24696.950333
-204.211596,23,24705.676503
-229.519806,19,24712.546055
-240.883786,15,24720.333358
-263.628488,17,24726.86712
-349.999308,18,24734.301333
-121.973831,21,24741.83388
-272.654114,15,24749.24138
-212.571895,16,24755.885087
-218.82272,20,24763.266731
-250.740367,17,24769.138219
-214.199951,19,24775.609745
-267.705805,19,24783.311012
-236.018834,17,24789.339676
-233.058414,17,24797.830214
-306.826598,18,24805.283687
-315.654357,18,24813.408687
-178.542047,27,24822.559126
-254.593217,18,24829.321722
-225.711483,19,24835.789035
-170.325963,22,24843.526545
-142.539053,14,24848.032691
-209.387599,24,24857.561462
-257.782195,19,24864.311907
-233.701552,16,24870.741732
-334.061237,19,24877.68851
-246.902877,18,24885.478391
-183.036728,25,24893.948093
-211.192769,18,24902.736593
-242.817193,14,24908.903749
-254.854612,15,24914.991462
-159.179319,18,24921.719691
-235.576971,20,24928.687396
-287.711844,20,24935.573012
-290.438273,13,24941.745751
-295.108242,15,24948.478217
-245.84501,16,24954.766375
-277.885671,21,24961.694169
-140.16884,14,24966.179442
-200.159451,23,24975.125717
-181.806207,13,24979.943377
-252.115066,12,24984.830692
-254.620909,16,24990.592502
-289.277225,20,24999.350008
-219.018962,18,25005.868175
-237.339611,17,25013.74204
-106.152649,28,25023.303531
-208.468416,21,25031.851021
-138.217858,14,25037.0853
-220.441354,20,25046.332089
-214.602475,21,25054.565109
-243.088494,24,25064.894156
-221.43855,17,25072.598472
-247.015945,20,25079.978137
-252.328206,17,25087.711959
-289.380895,14,25094.728545
-205.540036,12,25098.847991
-252.825369,17,25104.610968
-274.799009,21,25111.965909
-218.710234,25,25122.504632
-165.063427,23,25130.123152
-167.937975,14,25135.023689
-367.613845,14,25140.905517
-271.557845,24,25149.446876
-298.978401,17,25157.692334
-280.976587,18,25163.977493
-205.161121,22,25171.681211
-133.165848,14,25176.637465
-212.515717,19,25183.413944
-229.999555,21,25192.43946
-185.710842,22,25200.067573
-267.572626,16,25205.948672
-372.915775,22,25213.7637
-228.820456,18,25220.594767
-311.059072,21,25229.031289
-317.567153,20,25235.832163
-289.236785,26,25244.664914
-311.006853,20,25251.055776
-282.440382,14,25255.703718
-270.362483,21,25262.659902
-365.63448,16,25269.787658
-276.027128,16,25275.889197
-281.833603,13,25280.378866
-290.288112,20,25288.661577
-180.042864,18,25295.617829
-264.643942,19,25302.59572
-246.766307,20,25311.133247
-208.568899,17,25318.382877
-225.203583,19,25326.185783
-232.107375,17,25332.304888
-299.190017,11,25336.233679
-401.941031,11,25339.742264
-264.205826,18,25346.127127
-230.397871,21,25354.326862
-141.955106,23,25362.40925
-196.477619,17,25369.737941
-179.030862,17,25375.43419
-218.799461,17,25381.343118
-227.253208,20,25388.278051
-265.128896,14,25395.008604
-366.41167,18,25401.683012
-218.653116,20,25408.530726
-285.644445,19,25417.205545
-230.733706,20,25424.095859
-254.020789,16,25430.504037
-255.779933,15,25435.541764
-359.922079,20,25442.112337
-229.032632,20,25449.002406
-159.012167,17,25455.225333
-265.978812,24,25463.952547
-286.735521,15,25471.784599
-202.887204,19,25478.989216
-231.312655,20,25486.388307
-198.891474,17,25492.025999
-222.983506,16,25497.452264
-263.508048,17,25503.405041
-275.877055,22,25510.726787
-269.53892,22,25518.244808
-247.774328,19,25524.709653
-228.49181,18,25531.235598
-203.272281,21,25538.780128
-259.355282,21,25546.159562
-289.95473,19,25554.222991
-227.339204,17,25560.97191
-237.500787,22,25570.470062
-304.991968,16,25575.654961
-278.665825,14,25581.80069
-154.939622,20,25588.946405
-233.610053,19,25596.636862
-205.595073,21,25606.398353
-232.917562,20,25613.978804
-233.774994,19,25620.488086
-222.739849,18,25627.959637
-239.297814,16,25636.462526
-259.47239,18,25644.184809
-150.835646,18,25650.719981
-244.020096,17,25657.731999
-138.977971,18,25665.023125
-124.435773,21,25673.247576
-218.82351,18,25680.422501
-235.942839,21,25689.111648
-287.393859,17,25697.920473
-278.35373,19,25705.882797
-152.465193,21,25714.698753
-225.536698,19,25721.99547
-211.194637,20,25729.334409
-247.513892,18,25737.202615
-285.041296,19,25745.211363
-191.280991,21,25753.194263
-120.961746,11,25757.354935
-229.712235,21,25765.157583
-203.969221,20,25771.778825
-270.143606,19,25778.776078
-245.975607,24,25788.608626
-290.498517,22,25796.54812
-193.917773,22,25805.721329
-194.725666,14,25811.003742
-259.051324,13,25815.811212
-167.280313,22,25824.127012
-200.700938,23,25833.491534
-245.824371,15,25838.977487
-264.354151,12,25845.599617
-319.064437,20,25852.917605
-272.044979,19,25859.595086
-210.634694,16,25865.763655
-132.792709,16,25871.424879
-270.328331,23,25879.297099
-175.506738,18,25885.582368
-301.352464,16,25892.790565
-299.432905,15,25898.045542
-348.155463,22,25905.695872
-250.974755,12,25909.839747
-225.57185,16,25915.283698
-252.827144,15,25923.030838
-302.093627,23,25930.996108
-238.484157,20,25937.793229
-203.540008,22,25945.357968
-259.279733,15,25951.383813
-235.137808,15,25957.858685
-257.095284,21,25964.803971
-273.803018,18,25971.015277
-240.6462,14,25977.017165
-262.526066,16,25982.362002
-169.286713,17,25988.835108
-274.026112,20,25996.772668
-187.745566,24,26005.322169
-336.331101,17,26011.38493
-261.151606,22,26018.822628
-193.224486,21,26026.236816
-243.385447,16,26031.324097
-221.982188,15,26037.188979
-299.456709,18,26044.221076
-229.883162,19,26051.342325
-214.892948,19,26058.1083
-267.59089,20,26066.46256
-233.126205,18,26072.356966
-206.518063,24,26080.631649
-220.83758,22,26088.173566
-164.328928,25,26096.281312
-227.312975,17,26101.821635
-117.705365,21,26108.877964
-190.307228,21,26116.489331
-247.434728,13,26122.092504
-249.960344,22,26129.856076
-239.638167,15,26220.635294
-269.695061,22,26229.500868
-209.151209,21,26237.035991
-235.472158,19,26244.89931
-249.808504,19,26252.010895
-195.594621,18,26260.711249
-141.79025,10,26264.537158
-230.713495,18,26272.032318
-246.917162,16,26277.632098
-178.067673,18,26283.448101
-280.532481,17,26290.402006
-226.359588,23,26298.73101
-260.496115,23,26306.792096
-280.776468,16,26313.904066
-211.36498,19,26319.809869
-138.209407,15,26325.015744
-234.240803,17,26330.857246
-232.65881,19,26337.939095
-286.919415,20,26348.485962
-210.570382,17,26354.979996
-296.242618,13,26359.175028
-250.01656,16,26365.147392
-196.958754,22,26372.599753
-230.458134,21,26380.021694
-238.27709,20,26387.004698
-214.927542,16,26392.380866
-195.690526,21,26400.947547
-222.288635,15,26406.552462
-255.763165,15,26412.367528
-203.712864,15,26418.579551
-292.449882,21,26425.803124
-248.096585,14,26432.899209
-194.304026,17,26438.455482
-152.792034,18,26444.988284
-223.857939,19,26451.584344
-150.82485,19,26458.150838
-323.544244,20,26466.522966
-255.804747,12,26470.740326
-247.200744,18,26477.102161
-241.206402,17,26482.98313
-293.106459,21,26490.190273
-229.697535,17,26495.638952
-269.457509,16,26501.249842
-291.006687,18,26508.551315
-320.994729,21,26516.478759
-237.729274,23,26523.957558
-225.604395,23,26531.908552
-221.621104,16,26538.066627
-267.197743,17,26544.161407
-321.952248,16,26550.566647
-224.578391,18,26557.463941
-193.333412,24,26566.371799
-289.278652,18,26573.394101
-259.848337,10,26578.55634
-277.587258,20,26586.060067
-334.762827,17,26591.74889
-249.759459,19,26598.93501
-357.115369,14,26606.062788
-353.29961,17,26612.158235
-248.501496,20,26620.183326
-235.418363,17,26626.414044
-226.143768,20,26633.974683
-267.708409,15,26640.426808
-242.294822,18,26646.452697
-229.292842,20,26653.844636
-240.25181,26,26663.974559
-174.771599,21,26671.355048
-116.921695,19,26677.622429
-165.214434,23,26684.831911
-286.57947,22,26693.174901
-238.347996,18,26699.69145
-144.141519,21,26707.353511
-219.177669,19,26715.976979
-302.433683,28,26728.094659
-214.346487,22,26735.959166
-193.115741,21,26745.069111
-157.136009,14,26749.729774
-263.908515,19,26756.256836
-210.098224,16,26761.829322
-308.717185,19,26769.292242
-299.773728,21,26776.595942
-228.164563,16,26782.686269
-415.914773,18,26790.129722
-225.80819,15,26795.828409
-247.091379,20,26803.131774
-221.270297,21,26813.92391
-320.141689,16,26820.581738
-230.276543,18,26827.479697
-179.79904,23,26835.728798
-277.689187,14,26841.907453
-210.579314,18,26848.229444
-271.090005,17,26854.728988
-214.794518,22,26863.650726
-258.271376,18,26871.32275
-259.712405,18,26877.720537
-216.685647,16,26884.367214
-275.174295,18,26890.964474
-228.1875,15,26897.373633
-189.253912,20,26904.032391
-207.530464,19,26911.144254
-293.421131,19,26921.141839
-250.584817,18,26927.457737
-193.518564,18,26933.819103
-241.873687,21,26941.453937
-168.810473,20,26949.438097
-196.24566,15,26955.292645
-265.027055,17,26961.260386
-249.529068,21,26968.634018
-204.05871,22,26976.185935
-252.694432,21,26983.962952
-121.301413,20,26990.594556
-263.787171,17,26997.80146
-295.105601,11,27001.779688
-250.3517,15,27007.069053
-268.581094,14,27013.808815
-192.578963,22,27022.424121
-268.428656,18,27029.881046
-247.270803,18,27037.188554
-216.107989,23,27044.938972
-181.440022,20,27051.770206
-229.942705,23,27059.41461
-208.439838,26,27071.362683
-234.209815,17,27076.955833
-274.815578,22,27087.257059
-250.077852,17,27093.344218
-206.075699,22,27103.093924
-267.488423,24,27111.430257
-260.574386,17,27117.604901
-297.219296,17,27125.149114
-213.17676,22,27133.429459
-262.0076,14,27138.941244
-260.068145,16,27147.846616
-190.659647,23,27155.508143
-234.537756,17,27161.657223
-200.532303,20,27168.898242
-215.840474,19,27176.345084
-249.09605,13,27181.582801
-190.152358,22,27189.898214
-279.22116,16,27195.075458
-147.525249,17,27202.353147
-233.588303,20,27209.30345
-251.774803,18,27217.360803
-241.955461,24,27226.204756
-243.613621,14,27231.941438
-219.805448,21,27239.406039
-248.032945,14,27246.003728
-190.519926,20,27253.196126
-171.078673,18,27259.592749
-291.775065,14,27265.569475
-252.624543,15,27273.905074
-225.804186,19,27282.21214
-246.449195,16,27287.510501
-216.447424,19,27294.467799
-217.9874,23,27302.382467
-272.63535,19,27312.084965
-315.075069,19,27320.212642
-310.868756,16,27325.893572
-169.412764,23,27334.05973
-295.464153,17,27340.003256
-252.436093,21,27347.177477
-282.165138,18,27354.669942
-208.790561,21,27363.036327
-248.591783,23,27374.551745
-202.286351,23,27382.999924
-171.09284,14,27388.372073
-272.730265,19,27397.222405
-208.894362,21,27405.048052
-233.592483,25,27415.473565
-159.12924,16,27424.362768
-220.95463,19,27432.630225
-271.898848,16,27437.885906
-169.29604,26,27446.761156
-227.497706,14,27451.672985
-198.099012,21,27459.504144
-158.600795,17,27464.803651
-180.994259,19,27473.139735
-189.564776,21,27480.480719
-248.423831,14,27486.581599
-236.410701,19,27492.950929
-251.161696,18,27499.748769
-308.22325,16,27505.32828
-226.050179,16,27510.701607
-350.617682,17,27516.701298
-288.140069,20,27523.001338
-250.254758,14,27527.695429
-208.486375,20,27534.464882
-248.206663,22,27544.462238
-234.739335,19,27550.877694
-249.129557,17,27557.63673
-275.182682,15,27564.426268
-219.642672,20,27570.842562
-234.130554,11,27575.169706
-243.988903,20,27582.170641
-260.10369,15,27587.781437
-292.661611,23,27596.433429
-245.488509,18,27603.281841
-238.917045,13,27607.51182
-295.379052,11,27612.104964
-327.673755,17,27619.245299
-226.86691,18,27625.668378
-264.566164,20,27632.484195
-324.760613,16,27637.951755
-326.281725,22,27645.584077
-306.941776,17,27651.406081
-272.424879,18,27659.083316
-238.904812,20,27666.204348
-263.063433,15,27672.362895
-226.856996,22,27681.266104
-193.585761,20,27688.342746
-285.280404,12,27692.634817
-266.394097,17,27699.855716
-222.813881,19,27706.959566
-249.091209,21,27713.530846
-266.794655,13,27718.763925
-253.066955,21,27727.794748
-223.662126,18,27734.750685
-300.424713,17,27742.256309
-255.083184,14,27746.92081
-160.994433,16,27752.531835
-317.058276,19,27759.365761
-209.806848,17,27766.401164
-221.280623,25,27774.72142
-332.482265,20,27782.485445
-252.451021,17,27791.200932
-217.103255,23,27799.583328
-131.3042,19,27805.711035
-233.100235,19,27812.229142
-163.955679,18,27819.274399
-295.759031,16,27824.759295
-297.209087,19,27832.656419
-182.365229,19,27839.042897
-242.4417,15,27845.069009
-174.917984,22,27853.682177
-213.233926,15,27859.869155
-318.286907,18,27868.097972
-222.790637,18,27876.498001
-295.508062,12,27880.450943
-258.922885,19,27888.080018
-336.742783,21,27895.833514
-337.936302,16,27902.419691
-323.969378,16,27908.080783
-242.050152,14,27915.037847
-232.391858,21,27922.045346
-253.241222,18,27928.139452
-301.867566,14,27933.671282
-231.806391,16,27939.078001
-301.573685,23,27947.690582
-383.185471,24,27956.414127
-281.07944,15,27961.786965
-220.215429,22,27969.278083
-272.590632,19,27976.473651
-222.247386,19,27984.300299
-205.823501,19,27990.60278
-192.220267,20,27997.400772
-171.787101,20,28004.291293
-206.291399,21,28011.654481
-147.121838,19,28019.395555
-233.132368,24,28027.136592
-135.390813,18,28034.019386
-255.632562,19,28040.347803
-233.323483,16,28045.188732
-149.160866,16,28052.013789
-310.205266,18,28058.711089
-231.539736,20,28065.565064
-252.967063,17,28071.429631
-152.059767,17,28077.463773
-244.632128,20,28087.681505
-247.423761,13,28093.77851
-249.874419,18,28099.7073
-208.362345,18,28106.30156
-117.679933,14,28112.054058
-217.47178,22,28118.838746
-276.655489,19,28126.634416
-131.304092,32,28137.837385
-260.595507,9,28141.058551
-198.536288,19,28148.279302
-284.708956,11,28155.012328
-117.547912,8,28158.946438
-302.912231,11,28165.451216
-242.297203,20,28171.868017
-258.59664,13,28176.163323
-342.335614,20,28185.733317
-228.045767,20,28193.23086
-241.881772,19,28199.7647
-258.242077,16,28205.659193
-220.043279,20,28212.433517
-249.825809,18,28219.431202
-143.950175,14,28225.347026
-246.60935,18,28233.018162
-215.228462,18,28238.90421
-209.981865,22,28246.696398
-197.913953,19,28253.457087
-298.013953,21,28260.880425
-286.84589,11,28265.799117
-281.303401,14,28270.344897
-243.058552,24,28279.345889
-246.60744,19,28285.307388
-269.188028,14,28290.992876
-238.890512,13,28295.220294
-326.340721,17,28301.681122
-159.800241,10,28304.999111
-153.203267,15,28310.445939
-269.717828,15,28315.521358
-327.829546,18,28322.747014
-289.93057,20,28329.55249
-189.306066,18,28335.76853
-253.031192,18,28341.788403
-357.686044,18,28349.632966
-255.549658,24,28359.9969
-246.097263,18,28366.663512
-216.789379,17,28372.330505
-250.560294,23,28380.729409
-223.081477,19,28387.512951
-168.045607,20,28394.456619
-201.095892,20,28403.074353
-233.843379,23,28411.515242
-274.910948,14,28418.050951
-243.019577,15,28423.432619
-181.129659,22,28430.600332
-260.723722,18,28436.802095
-242.484691,19,28443.403738
-175.575928,22,28450.65512
-278.159323,18,28458.756067
-154.820474,15,28463.81523
-167.311683,22,28471.825151
-282.325118,18,28478.169482
-227.044314,24,28487.164772
-264.479215,23,28495.45849
-185.326979,26,28504.679516
-222.310087,18,28511.604784
-282.651715,16,28517.654145
-234.910445,24,28525.991251
-214.425892,18,28532.420988
-210.564155,25,28541.390456
-252.950295,17,28547.110201
-195.849235,20,28553.690561
-287.869238,17,28559.559304
-186.796266,18,28566.237114
-270.763606,16,28571.806181
-240.309286,16,28577.132698
-232.579589,22,28585.214655
-208.765016,20,28592.714261
-215.260114,17,28598.251911
-164.406301,18,28604.594072
-246.894277,16,28610.365189
-268.596408,20,28617.258229
-213.67235,15,28622.147758
-274.129003,13,28627.010063
-165.795158,18,28633.755407
-257.48236,22,28641.379103
-244.30125,16,28647.082246
-226.498844,19,28653.935654
-126.585141,17,28660.447321
-214.969131,19,28669.064158
-263.655998,20,28676.055202
-263.590566,20,28683.837003
-170.554366,23,28692.130667
-169.725929,23,28700.484849
-176.303324,17,28707.16502
-172.93408,22,28714.619554
-182.635649,24,28723.035959
-232.567093,13,28728.760562
-266.511535,17,28735.814558
-173.204134,10,28739.386967
-147.524183,20,28746.744645
-238.891915,22,28754.987884
-157.046861,26,28764.287027
-212.060194,17,28770.240284
-190.648148,21,28778.373983
-273.374016,14,28783.734477
-215.230454,19,28791.326079
-131.633535,22,28799.007087
-284.976607,15,28803.97477
-207.74913,13,28808.328117
-293.876994,27,28817.712248
-260.611108,15,28824.738164
-185.078111,22,28831.596454
-250.096408,20,28838.660291
-249.420548,22,28848.742289
-226.611003,21,28856.611398
-189.630964,17,28862.470483
-219.651969,22,28869.840434
-235.258503,22,28877.129755
-156.715402,18,28883.210368
-360.332951,25,28892.252077
-289.417725,15,28897.518059
-246.583322,18,28903.470851
-154.935791,14,28908.292162
-240.993357,13,28914.074763
-230.794601,19,28920.404309
-239.833261,21,28929.435443
-200.355804,22,28937.072163
-121.680497,13,28941.874584
-133.323413,20,28948.616186
-232.736525,18,28954.636935
-109.653724,23,28962.99677
-209.937767,21,28969.922845
-210.798618,19,28976.538583
-287.988482,18,28983.103376
-287.293583,20,28990.582088
-202.530685,14,28996.095762
-233.799973,20,29003.256295
-309.443041,20,29009.886363
-397.175231,17,29017.888356
-205.091117,20,29025.73887
-295.90299,14,29031.55349
-280.517862,15,29037.372889
-201.276224,24,29046.144017
-223.174525,18,29053.237787
-113.038303,20,29060.334382
-269.474293,18,29066.421949
-309.718525,23,29075.21312
-322.62779,14,29081.454878
-339.915883,23,29090.210671
-320.09323,21,29098.569592
-125.528783,20,29106.57921
-265.974227,11,29110.872901
-230.655009,18,29118.05172
-172.05224,28,29127.377285
-253.351681,20,29134.476273
-179.63174,26,29143.626601
-243.709612,18,29151.130414
-212.197219,21,29159.873607
-265.922776,19,29168.48732
-282.035737,21,29179.213688
-183.38702,19,29188.525497
-204.914588,24,29198.777312
-265.030835,22,29211.8176
-278.769659,13,29219.60759
-179.983532,26,29232.226931
-222.207449,20,29239.990518
-197.394054,20,29247.393316
-255.213078,23,29255.676104
-197.196042,18,29262.266082
-196.516388,21,29270.776365
-212.751282,16,29277.019052
-237.762696,19,29284.550644
-351.712209,24,29293.046777
-190.745713,22,29304.176624
-251.087903,19,29312.471237
-277.28638,18,29320.103147
-219.475112,22,29328.201417
-274.245032,19,29335.188738
-185.547308,23,29345.472416
-277.959079,20,29354.541344
-174.052427,24,29363.652944
-217.64404,16,29370.903678
-266.617433,21,29380.822452
-265.704941,19,29479.370522
-286.031714,15,29486.065242
-228.256586,19,29492.313711
-247.061478,19,29499.36434
-235.261828,22,29506.364084
-317.238336,18,29512.026249
-193.412613,19,29519.064265
-218.730792,16,29524.961972
-248.915444,17,29530.745676
-151.364458,18,29536.791137
-255.76069,19,29543.378127
-297.748679,18,29550.655756
-304.082238,10,29553.948223
-274.524637,18,29560.349373
-240.495929,22,29567.859068
-157.762851,24,29575.722646
-232.036876,16,29581.477143
-197.554359,23,29590.295494
-318.997043,15,29595.746809
-175.493499,17,29602.13353
-219.677363,17,29607.56989
-150.007919,23,29615.756509
-239.827193,17,29621.320766
-254.448568,17,29627.032363
-240.787045,20,29633.889863
-228.684465,20,29641.14407
-327.313725,18,29647.89493
-209.597686,20,29655.336086
-128.327458,20,29662.399588
-272.588034,13,29667.643206
-227.996363,19,29673.853659
-157.248355,21,29680.89462
-119.497886,17,29688.341651
-317.129477,20,29695.364867
-210.105673,25,29703.957397
-213.040915,17,29710.186633
-213.50654,20,29718.043034
-267.998447,11,29722.469707
-224.920519,19,29728.800976
-256.190085,18,29735.296212
-307.292255,17,29741.388433
-294.84105,12,29745.688074
-258.869207,14,29751.440889
-258.424673,20,29758.490315
-349.902319,22,29767.113548
-235.756585,18,29773.806622
-267.585037,18,29781.658037
-192.189135,21,29788.553483
-278.797491,21,29795.407899
-357.015697,21,29803.75985
-211.193841,15,29809.387628
-210.641012,21,29816.529132
-217.565474,23,29825.314377
-261.191741,19,29832.467768
-213.724645,25,29840.880329
-214.266802,15,29846.838766
-245.003968,18,29853.892601
-321.039945,23,29861.688165
-252.02946,17,29869.585638
-170.17159,17,29875.971296
-280.022117,18,29882.000882
-268.292309,13,29888.458524
-240.381445,16,29894.404249
-365.493747,20,29902.065962
-300.621306,12,29906.249045
-227.519751,17,29912.007091
-226.615506,22,29919.427209
-226.345094,16,29925.61735
-169.264121,14,29932.012308
-196.451383,14,29938.582547
-250.106225,20,29946.006815
-210.032161,22,29953.537149
-207.592376,21,29961.532285
-274.65664,19,29968.801467
-166.862337,15,29973.943712
-218.070312,22,29981.527865
-225.042214,19,29988.559443
-209.973898,15,29993.691511
-230.706431,16,29999.2795
-164.43355,22,30007.029186
-250.282965,19,30014.828279
-284.573783,14,30019.880577
-178.628301,22,30029.692611
-396.06037,23,30037.666128
-249.77658,21,30044.471784
-246.072441,25,30052.866321
-227.470893,22,30060.26124
-162.943515,18,30066.245435
-275.525785,18,30072.844749
-150.677073,23,30080.244578
-242.800547,16,30085.837067
-219.311243,17,30091.382905
-202.127282,20,30098.841145
-207.608397,17,30104.578483
-219.299391,22,30112.011311
-327.637738,21,30119.755419
-280.967183,16,30125.107865
-266.713851,18,30133.500415
-150.169603,27,30142.288361
-238.147258,23,30149.936515
-261.242373,19,30157.880064
-231.862966,21,30166.312252
-140.303261,22,30173.719776
-240.558725,18,30180.492098
-193.728499,18,30186.090935
-147.587035,24,30194.881028
-158.247334,24,30202.594783
-305.450289,21,30211.223823
-187.182812,25,30220.465503
-270.865395,17,30226.12136
-301.796751,18,30232.70533
-239.439667,21,30240.469982
-319.056894,18,30246.341777
-211.443688,20,30253.632072
-239.29521,22,30261.049217
-233.865133,19,30267.505832
-255.277976,17,30273.907512
-258.437778,22,30281.368133
-286.743777,20,30287.647738
-267.152996,22,30296.492725
-137.563762,23,30304.195844
-150.585414,15,30309.441498
-243.626441,20,30316.890313
-183.806257,19,30323.094086
-252.114093,15,30328.021788
-166.925227,21,30334.971503
-201.919343,22,30342.983967
-293.632064,15,30347.779453
-256.74941,11,30353.030507
-204.86291,20,30359.731023
-265.125084,16,30366.996229
-152.682994,13,30371.531851
-263.822142,20,30378.824537
-184.774488,25,30387.38351
-121.239029,15,30392.446829
-141.223367,19,30398.975914
-268.107846,17,30405.038944
-264.053301,20,30412.846881
-271.595862,19,30419.398047
-268.12748,20,30425.706341
-294.111624,12,30429.870163
-301.353948,18,30436.151056
-159.860338,25,30445.013985
-203.12498,25,30453.092419
-204.184802,21,30461.757989
-248.572743,18,30467.721899
-311.142166,20,30475.459096
-286.490514,15,30481.86606
-148.532534,22,30489.058058
-164.218015,19,30496.150348
-251.156728,16,30501.761465
-238.128657,19,30508.740372
-193.071523,23,30516.339859
-166.857149,18,30523.877903
-221.595116,17,30529.542689
-234.640923,21,30538.319635
-204.687027,15,30543.350885
-127.152669,11,30548.062731
-219.022284,19,30555.460716
-208.671104,18,30561.30814
-200.074823,20,30568.548675
-162.549368,23,30575.932691
-236.123204,15,30581.028815
-344.93342,18,30587.899088
-177.93712,25,30596.735554
-188.209129,14,30603.223351
-227.889624,20,30609.793847
-235.482752,16,30615.283855
-286.236749,18,30622.377276
-117.659068,20,30628.837306
-207.428103,23,30636.261325
-231.986802,21,30644.494676
-253.963121,19,30651.165079
-291.703337,20,30657.962077
-249.359986,15,30663.029972
-276.446255,16,30669.945952
-214.755206,21,30677.695572
-258.190011,19,30684.293639
-263.3864,21,30692.25897
-248.014985,16,30698.025552
-225.52862,16,30703.931864
-257.811774,21,30711.794865
-229.96923,26,30721.25542
-217.903033,21,30729.160005
-270.958886,20,30736.20902
-256.988389,21,30744.364054
-179.11737,21,30751.235169
-255.549175,20,30758.705974
-237.708762,20,30765.669808
-282.025532,10,30769.923038
-148.70912,21,30777.042723
-254.646845,26,30785.273905
-297.922926,21,30793.169847
-208.834289,14,30798.281026
-135.802851,16,30804.924059
-222.605781,22,30813.03548
-255.354499,18,30820.561112
-226.055465,16,30826.348128
-231.965034,16,30831.966691
-130.253745,13,30836.326119
-241.487492,19,30842.778611
-229.84009,18,30849.103049
-220.293909,23,30857.755285
-295.691884,18,30864.191489
-195.318025,20,30871.131239
-129.222551,22,30878.738307
-254.554201,16,30884.198032
-196.6364,23,30891.788791
-183.792718,27,30901.958662
-150.176982,22,30909.66621
-209.484918,23,30917.860217
-321.403163,22,30927.755135
-206.198689,21,30935.00658
-263.777879,19,30943.58734
-200.118153,20,30950.703327
-234.082745,16,30956.034548
-221.45813,19,30962.740587
-234.069902,18,30970.498008
-215.583768,24,30979.298964
-382.886583,15,30985.888558
-271.428829,22,30993.470846
-142.983738,24,31001.744198
-238.091266,18,31009.362653
-176.320622,24,31017.12352
-202.00939,20,31024.602944
-233.522225,19,31032.122027
-169.166301,18,31038.039087
-285.805048,18,31044.931218
-147.299693,12,31048.906253
-300.704142,17,31054.790531
-254.232958,20,31062.114266
-274.407109,20,31068.793598
-270.900776,19,31076.101854
-262.15094,23,31084.065711
-244.348912,19,31090.926283
-309.494071,22,31099.347991
-326.335352,23,31109.010776
-178.932945,18,31115.924836
-213.52619,16,31121.601609
-221.835051,16,31127.583376
-129.133347,18,31135.317093
-229.712238,21,31142.412295
-273.064018,14,31148.627137
-135.697985,20,31156.895204
-255.679756,14,31162.716332
-275.284639,20,31170.444861
-251.188953,19,31177.563909
-242.756371,24,31186.297377
-207.351512,21,31194.060613
-239.305661,20,31201.085823
-266.177558,16,31206.44932
-233.898343,15,31212.939696
-239.213521,18,31219.33422
-267.872438,22,31227.044827
-287.325723,18,31233.171728
-267.070771,16,31240.506711
-215.116505,19,31246.683213
-336.121646,20,31254.432757
-210.650641,17,31260.190572
-171.923136,23,31268.124999
-211.609156,22,31275.920644
-234.661081,18,31282.205014
-197.431077,21,31289.208125
-300.260729,14,31296.358539
-195.084311,20,31302.856101
-202.077418,21,31309.484843
-246.451895,25,31318.795095
-335.21632,10,31322.032851
-266.076568,18,31328.885907
-159.959556,13,31333.620929
-169.864448,17,31340.155697
-178.200206,19,31346.47384
-197.233534,17,31352.441169
-169.334208,21,31359.94146
-290.504627,19,31367.01374
-141.079771,18,31373.065596
-227.221549,19,31379.620371
-189.377992,19,31386.035866
-167.237954,15,31391.143811
-187.746045,24,31399.887601
-192.831778,22,31407.922198
-230.586317,20,31416.997473
-224.495697,18,31422.838583
-243.674616,18,31429.762974
-260.853348,21,31438.911759
-162.31866,22,31446.195608
-291.716969,18,31453.483379
-205.126062,22,31460.606849
-179.747597,20,31468.380331
-191.096748,19,31474.743505
-247.419197,23,31483.383844
-251.46834,21,31491.40684
-295.317257,16,31497.925387
-217.994031,23,31506.58804
-324.903769,16,31513.445079
-255.520193,23,31520.771348
-184.343915,23,31528.557891
-214.149779,23,31536.437958
-266.342142,17,31541.997369
-207.4882,22,31549.723723
-234.050617,16,31556.866621
-251.536566,13,31562.136091
-366.128372,25,31570.318296
-218.230845,20,31577.297881
-244.804457,21,31584.561898
-279.267578,18,31591.329418
-176.625321,21,31598.14228
-298.550203,17,31604.343714
-267.080163,18,31610.252054
-314.827402,19,31619.443706
-214.006644,16,31626.000332
-284.17007,15,31631.839754
-209.848607,17,31638.314219
-292.002575,23,31647.570529
-260.860025,14,31652.090972
-296.098927,15,31659.040041
-209.931656,18,31665.101906
-222.333068,16,31670.893551
-213.145497,19,31677.488755
-265.959206,15,31682.609205
-248.868081,21,31689.656647
-248.006871,21,31697.731234
-298.630809,20,31704.729503
-230.869904,19,31711.932832
-235.353126,16,31717.693266
-124.209118,19,31724.259107
-124.724424,16,31730.476274
-280.503627,16,31736.003034
-286.016592,21,31744.989398
-208.828202,17,31751.11686
-279.513461,17,31756.712945
-156.256115,15,31762.130018
-175.888429,25,31772.009289
-259.489399,16,31777.305307
-171.347138,25,31785.918616
-300.69721,20,31792.889427
-232.828137,20,31799.996801
-303.757103,17,31806.507263
-239.929686,20,31815.200002
-243.705734,18,31823.086513
-228.144971,22,31830.758101
-282.283862,18,31836.812677
-209.745203,21,31846.719059
-214.23434,17,31854.406421
-233.136373,18,31861.343192
-209.808014,20,31867.863414
-200.957321,19,31875.40272
-268.623722,18,31882.596781
-176.175324,19,31889.643201
-196.467119,24,31897.740634
-242.857279,18,31904.364868
-272.444311,22,31912.273732
-222.020626,18,31919.680568
-186.194109,24,31928.062604
-227.062654,15,31933.527665
-269.166138,18,31939.831431
-239.278383,19,31946.734037
-236.361041,20,31954.102312
-235.224211,20,31962.061382
-245.65486,21,31969.413628
-249.521753,23,31977.977303
-212.555929,24,31986.52102
-157.214756,15,31992.11476
-188.49858,20,31998.803335
-127.094425,26,32007.805617
-366.324913,24,32016.331174
-228.714076,15,32022.369782
-195.796946,18,32029.623075
-210.211797,20,32036.249147
-269.456862,18,32041.996327
-163.607697,16,32047.729124
-262.916386,18,32054.225758
-313.307279,15,32060.153743
-265.96334,20,32067.419779
-251.245571,16,32073.266475
-261.804927,14,32078.251544
-191.227702,18,32084.370518
-240.063495,19,32091.001045
-217.108124,17,32097.077125
-306.51228,23,32105.607987
-203.53578,24,32114.831219
-243.754941,22,32122.607669
-182.273568,18,32131.490681
-224.892466,16,32137.471301
-139.027635,16,32142.871789
-252.299764,21,32151.004339
-361.340462,15,32156.0455
-231.601384,18,32162.28831
-229.650151,25,32172.139424
-216.948102,18,32178.597474
-213.488986,20,32186.165366
-216.555389,19,32192.577601
-227.082802,16,32200.064812
-222.591219,22,32208.564003
-210.430352,24,32217.246625
-230.339441,20,32224.284284
-135.497277,21,32231.292506
-292.742433,15,32236.604795
-342.449462,16,32242.544463
-230.70832,17,32249.555236
-265.431771,20,32258.164068
-131.351693,11,32263.309358
-185.006983,25,32271.579087
-247.356759,24,32279.356003
-239.184551,18,32286.027243
-316.772822,16,32293.315261
-213.894252,24,32302.154299
-270.455406,16,32307.602908
-280.412961,16,32315.288185
-200.233819,22,32322.628169
-246.697031,16,32328.690535
-271.681103,22,32336.338668
-238.876831,13,32341.064307
-196.93828,16,32346.911408
-165.761522,24,32355.281208
-247.453324,19,32362.227591
-250.338073,16,32368.343346
-189.319412,20,32376.102801
-294.211094,19,32384.015816
-155.314711,24,32393.216445
-202.70615,21,32401.802211
-275.432506,13,32406.193998
-281.652423,18,32412.248466
-375.271107,24,32420.226572
-226.205094,21,32427.509655
-260.0869,15,32433.354401
-258.476599,16,32440.020092
-232.871682,20,32446.66105
-222.666925,22,32454.382439
-221.237014,21,32461.434936
-195.665181,23,32469.386447
-314.448835,21,32476.439092
-161.882159,19,32482.714375
-228.246191,18,32488.884476
-264.099095,21,32495.532803
-243.135508,22,32503.847694
-236.913635,16,32510.427629
-188.201727,23,32519.636793
-329.832857,18,32608.378128
-390.597472,13,32613.681104
-187.427521,23,32623.730746
-278.23736,17,32629.442341
-210.1942,20,32636.574325
-195.138189,22,32644.504952
-264.326435,15,32649.966476
-210.704761,18,32657.293966
-210.560475,20,32664.39838
-203.705115,22,32672.218766
-283.606812,21,32679.280788
-240.957565,15,32687.668266
-195.390857,24,32696.256464
-256.516567,16,32701.924395
-214.26823,19,32708.53032
-341.750555,22,32716.574447
-280.035037,14,32723.350556
-327.941814,17,32729.822009
-203.135939,19,32736.815635
-213.590225,16,32743.042758
-302.275513,19,32751.883615
-263.609199,24,32759.499493
-396.004043,19,32767.996799
-198.311298,19,32775.746561
-230.211071,17,32781.46577
-178.751575,15,32786.689539
-243.331918,19,32794.580477
-194.894864,20,32801.321424
-491.320068,21,32808.272195
-147.788109,13,32813.712717
-250.652535,18,32819.933875
-216.536077,18,32827.819431
-321.502564,14,32833.846214
-258.279732,21,32841.833955
-207.640323,17,32848.059053
-326.087954,21,32855.529211
-400.506828,18,32862.445754
-274.724297,22,32870.015041
-101.600302,17,32875.829798
-314.373873,16,32883.0285
-216.686658,20,32890.444768
-236.462755,19,32897.232885
-288.805115,19,32903.665226
-256.465662,20,32911.633663
-228.236102,20,32918.265499
-262.839751,26,32926.974988
-276.4421,22,32936.0053
-309.629226,18,32942.255949
-199.913796,18,32948.738424
-122.334797,15,32953.864861
-273.064375,16,32959.519304
-221.875848,19,32965.682424
-152.819339,18,32972.143181
-286.068173,20,32981.193267
-236.901737,20,32988.147294
-186.535238,21,32995.671899
-202.402073,20,33002.477138
-293.806977,16,33007.749667
-171.812129,17,33013.488606
-217.3289,21,33022.776216
-272.987688,21,33030.301354
-172.53792,17,33036.189481
-133.636809,14,33042.098306
-219.339564,17,33047.641328
-191.857006,19,33054.350703
-231.727211,21,33061.799245
-187.751373,21,33068.810243
-278.834639,12,33073.357635
-210.924423,21,33081.750098
-245.030658,17,33087.522245
-152.073809,21,33096.359191
-268.001596,14,33102.212026
-204.325707,16,33107.654142
-197.885978,18,33114.107934
-183.160188,26,33123.667747
-256.00233,16,33129.743474
-178.022484,18,33136.133714
-246.612683,20,33143.738283
-252.214491,23,33151.417675
-317.467155,19,33159.937803
-268.282592,14,33165.406029
-132.6619,23,33173.694556
-195.503667,15,33178.693544
-233.042316,13,33183.848241
-163.756416,23,33191.991485
-134.338854,16,33197.585722
-243.773253,12,33201.702954
-305.343104,19,33207.946066
-196.841536,21,33217.30854
-246.668243,20,33224.084923
-209.979923,19,33231.414153
-222.499018,18,33238.307446
-241.521531,19,33245.050801
-265.987856,10,33248.861041
-230.416064,18,33254.954756
-232.858056,18,33261.020388
-224.723778,16,33266.71312
-219.814617,15,33271.862267
-210.228923,22,33279.551145
-271.012397,22,33287.221797
-193.487965,17,33293.245882
-246.602848,18,33300.711326
-244.731467,17,33308.568225
-225.80304,21,33315.848588
-200.912109,17,33323.159845
-116.519922,10,33326.736876
-245.407101,21,33334.275278
-213.046337,20,33341.631227
-232.716767,25,33351.232853
-359.003681,25,33360.99927
-339.183375,15,33367.470473
-220.754089,21,33376.197238
-192.811954,25,33384.431589
-231.007419,16,33389.664656
-298.294771,18,33396.063379
-209.287846,20,33404.842817
-257.111846,14,33411.674658
-215.050082,16,33416.924834
-146.149551,23,33426.678916
-223.129778,18,33433.130192
-268.810639,19,33439.857421
-183.699094,18,33445.913955
-255.071779,19,33453.608543
-275.01294,16,33460.205309
-257.50271,22,33468.011377
-159.268437,22,33477.463789
-219.936944,21,33485.0447
-277.373917,13,33489.789091
-214.647411,22,33498.075566
-245.793333,18,33504.599464
-118.365075,19,33510.849349
-229.972891,18,33516.795879
-206.990784,18,33523.208586
-198.629355,23,33531.685489
-237.138575,29,33541.537297
-239.083228,16,33547.974096
-193.307689,19,33555.300447
-176.729806,18,33561.418105
-222.826858,17,33567.611725
-260.996411,23,33575.835906
-245.055799,20,33582.657726
-279.338602,18,33589.1701
-194.146926,20,33598.46817
-257.612546,22,33606.079111
-200.921396,20,33613.574393
-314.188484,20,33620.678647
-213.683893,22,33628.697249
-266.170882,21,33635.481635
-277.053031,19,33642.426502
-284.207934,15,33647.893151
-239.034188,17,33654.167242
-287.862749,22,33663.033333
-245.861608,17,33669.344504
-185.348616,19,33675.871119
-264.458595,15,33682.535557
-234.007833,21,33691.306744
-330.899588,21,33699.500818
-249.174583,18,33705.788054
-256.060078,23,33713.530299
-215.822407,21,33720.910112
-292.77371,11,33724.810723
-258.228228,18,33731.751937
-178.377182,13,33736.648646
-188.760648,20,33743.707849
-189.003579,18,33749.977371
-150.736337,19,33756.726277
-296.838212,14,33762.062149
-238.50167,20,33769.419896
-203.794555,19,33776.741548
-195.5746,22,33784.036926
-125.725217,22,33791.450935
-199.569863,22,33799.455551
-295.687478,12,33805.543958
-234.890717,18,33813.266015
-263.248818,19,33820.740221
-174.973883,21,33829.575006
-233.801849,21,33838.009099
-247.046553,20,33844.949133
-242.403167,20,33852.127934
-281.244754,16,33857.880586
-276.178875,22,33866.548689
-185.458429,27,33875.868774
-278.887749,16,33881.16549
-229.016969,18,33888.205536
-211.021676,18,33894.045182
-250.435241,16,33899.740673
-219.959974,23,33906.901388
-176.433185,16,33912.424321
-192.536667,25,33921.435384
-239.849941,20,33928.75989
-264.042615,19,33935.747004
-213.930809,25,33944.90912
-254.47664,17,33950.657831
-333.471798,22,33958.80044
-255.101345,19,33965.619571
-198.364784,18,33971.484027
-228.891761,23,33980.055942
-247.31599,16,33985.953387
-273.970447,14,33991.268361
-153.771757,17,33996.88823
-173.031671,24,34006.697455
-215.499772,21,34013.822479
-242.275687,17,34019.653979
-167.515854,22,34026.89441
-213.620638,20,34035.677376
-243.513657,19,34042.342329
-307.351716,19,34048.889236
-227.807005,25,34059.386129
-157.675352,21,34066.405036
-232.335205,24,34076.312923
-181.89625,19,34084.229764
-211.655294,22,34092.062092
-187.612469,21,34100.217286
-213.985352,20,34107.522741
-230.963772,17,34113.194812
-275.182856,17,34120.63273
-110.900005,18,34126.248902
-259.025263,14,34131.169421
-308.543161,13,34135.603815
-230.674104,16,34142.03127
-181.17018,21,34149.326437
-199.088269,24,34157.851914
-254.248428,20,34165.701723
-126.834951,17,34172.221662
-258.373385,18,34178.82845
-156.306346,24,34187.074265
-234.762951,21,34195.153586
-220.145281,16,34200.809697
-288.662545,17,34206.474401
-144.761793,22,34213.968473
-137.8713,21,34221.00532
-248.57946,16,34226.934184
-167.845662,21,34233.9387
-169.758714,25,34242.2061
-194.908144,22,34249.429117
-205.036434,22,34257.138538
-172.465537,19,34263.613227
-256.934641,21,34270.573447
-217.472568,21,34278.663438
-226.126679,17,34285.651606
-215.353534,24,34293.816469
-209.341166,19,34300.575494
-162.918151,22,34308.627356
-149.533534,22,34316.0302
-261.898172,29,34327.116252
-299.38729,12,34335.236514
-229.275368,21,34342.28821
-259.371273,12,34346.735328
-255.391216,22,34355.122318
-293.991339,16,34361.377718
-217.376814,16,34366.279876
-211.624675,21,34374.166038
-201.834931,25,34383.779138
-248.057843,14,34390.505111
-242.180954,16,34395.796954
-192.864834,17,34402.159856
-246.87663,20,34409.538842
-248.406262,20,34416.076546
-228.239834,15,34421.193192
-166.741085,23,34429.27923
-141.158559,23,34438.757153
-261.482544,22,34446.826405
-138.991767,25,34455.446951
-241.817581,23,34465.385591
-266.721646,13,34469.91435
-199.52035,22,34478.468966
-242.871668,22,34486.44519
-209.222936,19,34492.753317
-133.163207,13,34497.270896
-232.902876,17,34503.09801
-185.869859,18,34510.575295
-278.816846,8,34514.443312
-280.142976,23,34522.365503
-268.911522,21,34529.680807
-211.056295,14,34534.44259
-222.782144,19,34540.952309
-145.063469,13,34545.488497
-170.945715,11,34551.157199
-242.051418,20,34558.09304
-232.325659,17,34565.343463
-124.239282,8,34569.179955
-285.730965,18,34575.543317
-200.799759,19,34581.910598
-209.69219,23,34589.480508
-182.711036,23,34599.415121
-124.337324,20,34606.267859
-225.573738,20,34613.477353
-238.818731,15,34620.078249
-193.706424,27,34629.460354
-233.110827,20,34637.582638
-149.030504,21,34645.216532
-322.949489,18,34651.196329
-230.282891,24,34658.925371
-270.11081,23,34666.559242
-211.557771,20,34673.403207
-223.698116,18,34679.935353
-229.815214,19,34686.586967
-279.192516,13,34694.921386
-270.418912,16,34700.593795
-241.887505,16,34706.095586
-169.236238,16,34711.550688
-278.852859,9,34714.770708
-196.15485,20,34721.391501
-308.77987,19,34728.03451
-142.008677,15,34734.812984
-284.949664,14,34739.229308
-267.909896,11,34742.979446
-199.910712,18,34749.232823
-235.514134,16,34757.364921
-276.075406,16,34763.466409
-191.191072,18,34770.352129
-339.340423,17,34776.433905
-297.21903,19,34783.766627
-250.842612,23,34791.999422
-296.892396,17,34797.972077
-175.606784,14,34802.979619
-219.20741,22,34811.430185
-141.628933,18,34817.882553
-223.727095,22,34825.502074
-217.357954,25,34834.873801
-113.488839,21,34842.423573
-189.307791,22,34849.929451
-207.278125,23,34858.233991
-139.186127,22,34867.159995
-181.98984,22,34875.965596
-209.797765,19,34882.192996
-176.317027,22,34889.460102
-249.677825,24,34898.147125
-219.355386,17,34904.438046
-240.070316,20,34911.278851
-238.093586,17,34918.013616
-185.620606,21,34927.884985
-236.621184,19,34934.795451
-140.61024,17,34940.858757
-213.796363,16,34946.227635
-258.537966,17,34952.582267
-239.707892,19,34959.352139
-134.561933,18,34965.743227
-254.60858,19,34972.895271
-131.705806,13,34977.35506
-204.732116,22,34984.784134
-192.540443,21,34991.674053
-236.874405,22,34999.977084
-176.303792,17,35005.881338
-265.751903,17,35011.998278
-250.381613,20,35018.490937
-187.833395,26,35026.841721
-231.59855,18,35032.811099
-210.941034,19,35039.20359
-260.688123,12,35043.689168
-295.779203,19,35052.694477
-116.511977,22,35060.615573
-255.146966,16,35067.714492
-279.15846,22,35075.313695
-277.05145,16,35081.161899
-186.882119,19,35087.646165
-307.519797,22,35095.192492
-213.816192,22,35103.980038
-285.571308,9,35107.582876
-228.720864,20,35115.364844
-199.94133,24,35123.851503
-317.111049,24,35131.628386
-277.90174,20,35138.705869
-246.228723,23,35148.151133
-239.670603,19,35155.318329
-234.737563,21,35162.818719
-192.093222,21,35172.237552
-173.698148,25,35181.141524
-220.00572,21,35188.135804
-213.016886,21,35195.652291
-302.20732,22,35202.85134
-278.155173,18,35210.082073
-229.932518,16,35216.208034
-298.810047,15,35222.163206
-213.669876,20,35229.470071
-237.582,19,35236.720629
-343.859622,24,35246.533046
-255.820536,16,35252.271811
-201.842314,19,35258.542606
-179.320746,23,35266.046968
-230.93855,23,35273.95348
-180.877382,21,35281.112129
-252.793146,14,35285.860518
-161.343687,16,35291.88525
-268.539079,15,35297.87372
-224.006392,21,35305.886609
-192.445719,27,35316.510849
-118.738433,14,35321.921276
-199.542586,22,35329.383519
-260.830247,22,35339.405278
-160.773902,21,35346.573954
-256.775297,19,35353.144258
-285.640469,11,35358.51981
-266.396572,21,35365.541873
-112.240145,15,35370.304671
-290.12261,17,35377.751878
-243.767826,15,35382.916893
-138.221082,16,35388.252232
-316.112177,22,35396.215758
-261.671242,20,35404.16147
-200.091041,18,35410.448044
-221.020724,18,35417.2012
-228.438166,21,35426.986119
-138.610191,17,35432.754326
-269.174824,14,35439.171696
-206.962985,19,35445.608994
-379.252537,24,35456.010055
-228.529068,21,35464.724701
-274.315595,20,35472.038641
-211.143763,22,35479.122238
-85.543218,19,35486.08914
-157.549945,17,35492.374778
-133.522712,16,35498.283124
-216.46019,17,35504.701903
-349.611636,15,35509.747749
-230.12309,24,35517.726086
-250.256469,25,35526.911791
-197.595202,23,35535.416969
-200.577734,19,35544.23468
-164.721209,17,35550.515984
-270.395015,15,35558.191741
-261.497533,16,35564.290699
-288.190667,14,35569.005665
-270.654747,21,35575.940884
-275.493258,19,35583.419939
-224.47454,21,35593.181209
-216.522929,21,35600.968149
-160.277584,25,35609.637661
-183.711247,16,35615.234862
-261.153143,18,35621.270769
-275.371778,21,35628.527887
-236.986253,19,35635.410126
-256.872162,21,35642.672287
-257.375369,15,35649.031841
-189.561822,21,35657.246058
-123.327984,14,35661.749332
-283.346656,12,35666.069412
-195.124698,18,35672.954075
-227.843231,22,35681.760845
-135.73556,17,35773.54164
-156.307179,17,35779.131508
-195.197,20,35786.238644
-191.649799,21,35793.321784
-235.108614,14,35798.841102
-136.848867,20,35806.769775
-216.55521,24,35814.59091
-254.216198,23,35824.249514
-258.510297,23,35832.297927
-177.66787,15,35838.354856
-270.633096,18,35845.268241
-274.103831,21,35852.241597
-241.101557,21,35859.418074
-232.44623,17,35865.736716
-187.692138,20,35874.327811
-224.304991,20,35880.747471
-254.649493,15,35886.006507
-182.751824,21,35893.85841
-211.465614,21,35900.972187
-241.328572,18,35907.370422
-263.426519,18,35913.994023
-195.886901,14,35919.310611
-204.931865,19,35926.151698
-155.115358,12,35930.323175
-270.879984,20,35937.343354
-247.213393,16,35943.213355
-225.10597,18,35949.730538
-214.889579,20,35957.649502
-196.563329,20,35964.742865
-235.920763,23,35973.351841
-126.573478,17,35979.194117
-224.482716,18,35984.758086
-230.775032,22,35993.001788
-189.21341,12,35996.97279
-323.996065,17,36003.449753
-215.305571,20,36011.116924
-161.867455,18,36018.980513
-223.876902,17,36025.777645
-212.353959,18,36031.271862
-286.953935,10,36034.941588
-175.375448,21,36044.609201
-245.055712,14,36049.112182
-200.833507,15,36055.352065
-207.215987,21,36066.492838
-241.026551,21,36074.348558
-212.546419,20,36082.04463
-106.941192,25,36092.292587
-202.014963,22,36100.080971
-139.92085,17,36106.199542
-363.349906,17,36111.846019
-229.829341,23,36120.925521
-225.719209,17,36127.519172
-285.748081,18,36133.681355
-288.333733,15,36138.953945
-209.798985,16,36144.962816
-276.450173,22,36152.17937
-239.217921,19,36159.02483
-224.76725,26,36167.838534
-183.760086,18,36174.944518
-330.697794,19,36181.446061
-192.999515,23,36190.732664
-234.227534,19,36197.64044
-304.334552,16,36204.540557
-272.801836,15,36210.792236
-230.843646,18,36217.255755
-231.075003,21,36224.208677
-200.574046,20,36231.474375
-219.715578,17,36237.749574
-213.34461,18,36244.220424
-217.460931,20,36252.48036
-169.414628,18,36259.6716
-219.76102,17,36267.307805
-194.335429,18,36273.562833
-219.658931,23,36282.605401
-146.882528,15,36288.205406
-227.003704,18,36295.227215
-181.745741,23,36302.898501
-194.552537,24,36311.314511
-264.967376,11,36315.027722
-300.885287,22,36323.910354
-236.895154,25,36332.273656
-260.111783,16,36338.469301
-104.926505,16,36344.658624
-197.333237,24,36354.976825
-270.624346,17,36361.192397
-357.221692,22,36369.183223
-171.174395,21,36377.505284
-195.529668,19,36384.380606
-188.155181,26,36394.243071
-275.927231,18,36400.475128
-185.902902,22,36408.646577
-322.094264,15,36415.265462
-332.042394,15,36420.066074
-214.983212,20,36427.212748
-252.642312,18,36434.733271
-246.373554,16,36441.296593
-220.684721,22,36449.032688
-226.139734,21,36457.898711
-150.981243,20,36464.337458
-263.295211,24,36474.087288
-136.956151,14,36479.451183
-181.0192,24,36488.305237
-174.417953,23,36497.371208
-265.253507,17,36503.039421
-272.277206,20,36510.234674
-221.258808,14,36517.113469
-268.93409,22,36524.808152
-256.48004,15,36530.340204
-277.312888,25,36539.671798
-219.829305,16,36545.030399
-274.176635,19,36552.952868
-346.541228,26,36562.053958
-226.53648,18,36568.443189
-235.60094,22,36575.964094
-281.484006,12,36579.810327
-233.316289,22,36587.351355
-246.362693,16,36594.297052
-274.357322,17,36599.769602
-242.721155,19,36607.22809
-276.080065,13,36612.268877
-154.211131,25,36620.57825
-170.328481,21,36627.199602
-346.469019,20,36633.849046
-146.154115,29,36643.459634
-268.411698,25,36651.812363
-244.172841,21,36658.928905
-199.528851,22,36666.904168
-338.846634,20,36674.245885
-153.469181,15,36679.264914
-302.419843,19,36686.02074
-240.086219,21,36693.609202
-274.385213,20,36700.463082
-204.287668,19,36707.718407
-187.159691,24,36718.367331
-244.647323,22,36725.697909
-222.406324,25,36734.192799
-151.063868,18,36740.313927
-292.50947,18,36746.817444
-182.203921,24,36755.321243
-182.381368,24,36763.317547
-194.268608,21,36771.09769
-185.3283,24,36779.021775
-213.314513,17,36785.240318
-306.262772,20,36792.49475
-316.92209,19,36798.867623
-221.782974,23,36807.255344
-155.802304,25,36816.140398
-216.008154,19,36822.686332
-115.456856,22,36830.331078
-171.113718,11,36834.119263
-286.793382,23,36842.417287
-170.455156,18,36849.842277
-271.630545,15,36856.354784
-199.641757,26,36866.416573
-241.552411,23,36874.016455
-184.612692,19,36880.614868
-143.015522,14,36885.493086
-147.074479,21,36892.294821
-276.822128,20,36899.627212
-228.666113,22,36910.381718
-167.234374,23,36918.996972
-201.651515,20,36926.544513
-259.632723,15,36933.554184
-220.601282,21,36941.769989
-208.695815,17,36949.451253
-307.027341,20,36956.210295
-205.943768,24,36964.24893
-248.708372,20,36971.102887
-179.429173,24,36981.085673
-236.912172,22,36989.462159
-257.376692,21,36997.159674
-210.917055,19,37003.777529
-255.98322,22,37012.156966
-226.573846,16,37017.796831
-310.746155,11,37021.677443
-220.443115,18,37027.567986
-290.608337,12,37035.126096
-164.018492,21,37042.582219
-225.350609,18,37049.226678
-223.751672,19,37056.70192
-268.709242,19,37063.561639
-222.719269,22,37070.848233
-142.516676,16,37076.107544
-252.619303,18,37082.466211
-281.061966,21,37089.731522
-184.233332,18,37095.72439
-262.96756,15,37103.122721
-190.044157,26,37111.515615
-224.313362,17,37117.803252
-190.207694,22,37126.231949
-169.068103,22,37133.788457
-235.530905,17,37139.521936
-214.217332,21,37146.885796
-236.320681,16,37152.801404
-223.750123,24,37161.325453
-273.240111,16,37167.064344
-218.059383,21,37175.712967
-227.343278,20,37182.293804
-203.35587,24,37190.728351
-178.309582,23,37199.372807
-198.503868,24,37207.794084
-254.016119,17,37214.892298
-321.095097,18,37222.965575
-171.765861,19,37229.389629
-220.323983,17,37236.093161
-221.258806,20,37243.408098
-253.304588,20,37251.255007
-244.704858,24,37258.886297
-196.771787,22,37266.843781
-228.503086,18,37274.240378
-205.402516,22,37281.848921
-196.715751,21,37289.182254
-224.26881,16,37295.882123
-217.435392,25,37304.7524
-205.875559,22,37312.354332
-214.103491,16,37318.473921
-216.678673,16,37325.391387
-214.690625,23,37333.47788
-230.516072,21,37341.036945
-166.562846,24,37350.030802
-252.927171,16,37355.53772
-231.026833,18,37361.579568
-330.279303,21,37369.946955
-201.703085,21,37377.794869
-249.881606,16,37383.307475
-187.737815,29,37393.185923
-87.014491,19,37399.836029
-169.083215,18,37408.191602
-248.812024,18,37415.393211
-168.118958,24,37424.628678
-210.901989,18,37432.349643
-286.813266,16,37440.062967
-257.226824,18,37448.40134
-250.962088,20,37456.706406
-208.885947,19,37463.797021
-321.392884,20,37471.689805
-225.214462,17,37478.054657
-208.786701,22,37485.666615
-216.067022,21,37492.93645
-284.539722,14,37497.733082
-325.468625,21,37505.841864
-247.483124,15,37511.087219
-222.883574,26,37520.064066
-278.436851,21,37529.484201
-268.435436,20,37537.450059
-203.862552,19,37545.355136
-221.450657,20,37552.045864
-277.955246,15,37559.083125
-289.99839,15,37565.338508
-156.035475,22,37572.879199
-259.258694,21,37579.684432
-186.481504,21,37586.789887
-259.416192,15,37592.873921
-114.256795,15,37598.000763
-196.157463,21,37606.26064
-223.612035,18,37612.720304
-262.693561,22,37621.422472
-224.139044,21,37628.526276
-140.936581,21,37635.544758
-204.166071,16,37641.710321
-181.793348,29,37651.55824
-207.372671,21,37660.847553
-202.819156,16,37666.907684
-113.785723,17,37673.499035
-238.889213,16,37679.686737
-227.564618,20,37687.784252
-96.84687,12,37691.815749
-138.687573,23,37700.65711
-252.623145,11,37706.502939
-256.49372,19,37712.647762
-218.878505,23,37720.553261
-289.614661,24,37728.41801
-157.589065,19,37735.560715
-153.195913,21,37743.561479
-292.591968,9,37749.297108
-245.612915,24,37758.241099
-238.109287,21,37765.368325
-236.131075,16,37771.372934
-241.386119,24,37779.745118
-320.358221,16,37785.170622
-201.388225,19,37793.230155
-176.490377,16,37798.885137
-264.814002,21,37806.875001
-198.846195,21,37816.474445
-145.117683,21,37823.512519
-201.428939,20,37830.438018
-229.441926,14,37835.298814
-221.849855,21,37843.003387
-262.452929,17,37848.963527
-256.076123,20,37856.217127
-236.161794,18,37862.540139
-214.263615,22,37871.706964
-259.09465,24,37880.668642
-287.516632,22,37888.683304
-216.985283,20,37895.751404
-102.91703,26,37904.607047
-219.594107,22,37913.617084
-311.823066,17,37919.697587
-330.413599,14,37924.988377
-246.054774,19,37932.441297
-300.212032,22,37939.818631
-188.696265,22,37947.355909
-202.451561,21,37954.718122
-132.987424,12,37959.00474
-125.539931,16,37965.494456
-146.945799,17,37971.177886
-265.743392,17,37978.495079
-179.519005,21,37986.33532
-131.478929,21,37993.556571
-222.922441,19,37999.368972
-182.027351,18,38006.066392
-209.241183,22,38014.204848
-302.871456,16,38022.065626
-312.193182,17,38030.965525
-239.126084,17,38036.450345
-121.93948,18,38042.47301
-217.334323,23,38053.167481
-142.058678,25,38063.765412
-208.138632,19,38071.008849
-303.467111,22,38078.022073
-215.224334,17,38085.071965
-188.662827,21,38095.076539
-267.841787,19,38100.937835
-188.248187,16,38106.929563
-256.379066,18,38113.288018
-254.496357,14,38117.933892
-252.987209,22,38127.473369
-183.481511,27,38137.526332
-221.401303,17,38143.748039
-315.981874,20,38150.652605
-292.44883,17,38157.156862
-100.831766,20,38164.420421
-117.035857,17,38170.21062
-195.79488,18,38176.214071
-142.48214,11,38182.284485
-196.054958,18,38188.916835
-264.352719,19,38195.215566
-301.654014,20,38202.049347
-196.468866,21,38209.971833
-194.007686,19,38216.511834
-213.525086,21,38225.898437
-217.9834,15,38231.438639
-135.494202,9,38234.517566
-193.647927,21,38242.552192
-274.964941,18,38249.92191
-198.984041,18,38256.221476
-247.723713,19,38262.92983
-320.963725,18,38269.947271
-237.139067,24,38278.06489
-151.942118,18,38284.769193
-304.898842,16,38291.005476
-250.412734,18,38297.204214
-144.871863,13,38302.348731
-162.298847,27,38312.116554
-225.289048,20,38319.464205
-153.75822,22,38327.161242
-217.996139,17,38333.445988
-137.120401,22,38341.695734
-294.248045,21,38349.505843
-135.129714,20,38356.238959
-232.016447,16,38361.341345
-309.451715,15,38367.653171
-207.290688,18,38374.292524
-302.0742,18,38381.67319
-147.398621,26,38390.397075
-222.939531,18,38396.696486
-164.049065,22,38404.051228
-107.875305,20,38411.47049
-255.369578,11,38415.84929
-158.435033,24,38423.720761
-245.75535,15,38428.838952
-195.483343,22,38436.266334
-190.96151,19,38443.245313
-255.165499,16,38448.461574
-91.110177,18,38454.044287
-261.448965,16,38459.616851
-325.297233,20,38466.218654
-282.576827,19,38472.844828
-199.372118,21,38479.939886
-255.419404,14,38484.409501
-193.277932,23,38491.794711
-219.024154,16,38497.238079
-267.020485,18,38503.733546
-181.931126,19,38509.79339
-191.09809,23,38517.307916
-209.311608,20,38524.184166
-169.978263,20,38530.889131
-216.56531,16,38536.475065
-219.014084,17,38543.733232
-188.663024,23,38550.79147
-324.528229,18,38558.10915
-227.608332,15,38564.349461
-209.068145,22,38571.809621
-245.559128,21,38579.705087
-290.21899,22,38587.654208
-369.12718,17,38593.609896
-202.56515,24,38602.288104
-123.189794,16,38608.264033
-226.043035,20,38615.049338
-224.689691,19,38621.860616
-215.706131,20,38628.590253
-394.537446,22,38635.939003
-263.362893,17,38642.112732
-254.800249,16,38648.088988
-215.392083,23,38657.094643
-219.804403,22,38664.696128
-158.128699,25,38673.423172
-267.825716,14,38678.189867
-220.660955,25,38686.896693
-190.886968,20,38694.986022
-132.311804,16,38700.46549
-280.814562,20,38709.311189
-255.903035,19,38715.864737
-262.360779,15,38721.084795
-195.785445,23,38729.193122
-151.581908,22,38736.50923
-193.056615,21,38743.936309
-295.452036,19,38750.912435
-193.016111,21,38757.775477
-279.910719,14,38763.9422
-280.619836,17,38770.362741
-232.492505,13,38775.554416
-253.816161,19,38782.988313
-245.4044,17,38788.676443
-257.054021,20,38795.059339
-227.716506,14,38800.186831
-382.180351,17,38806.142928
-156.895996,18,38812.375745
-152.418365,24,38820.608837
-271.969023,19,38827.616335
-221.751292,16,38834.644263
-227.931251,16,38839.945635
-232.698671,16,38846.306856
-188.426725,20,38939.555938
-240.635917,17,38946.533728
-296.526283,24,38955.096398
-255.995568,18,38961.043198
-297.479858,23,38969.2291
-298.214444,11,38974.0222
-271.389614,17,38980.523571
-191.015992,22,38988.24632
-193.488621,20,38995.653136
-232.440914,22,39003.357492
-340.686523,21,39011.100706
-193.980678,20,39019.62838
-248.041287,17,39025.453553
-283.611158,15,39030.913698
-222.099647,21,39038.297874
-170.682067,25,39046.723791
-245.559904,18,39052.794285
-263.386996,19,39059.291362
-174.009471,20,39066.940298
-308.134684,19,39074.254458
-285.505793,24,39083.213457
-233.426497,24,39091.125851
-261.467072,21,39099.037479
-221.776032,20,39106.159201
-148.892495,27,39115.335554
-287.922212,21,39122.838556
-278.126927,17,39128.508025
-322.672741,18,39134.822478
-222.237696,18,39140.97116
-223.793425,19,39147.813368
-318.960644,17,39153.808238
-157.244265,25,39162.091123
-181.937056,21,39169.481291
-138.566501,24,39177.772352
-247.279605,17,39183.900712
-193.558733,22,39192.866625
-176.671883,21,39201.592085
-140.406991,22,39208.609292
-235.136039,24,39217.055566
-121.928897,15,39222.632486
-206.402487,26,39231.650968
-218.734474,19,39238.88413
-209.455997,18,39244.640941
-132.646255,20,39252.131943
-282.507099,14,39257.484145
-215.827356,18,39264.293342
-302.744211,11,39268.220488
-223.354296,20,39274.803662
-183.931271,18,39281.992703
-219.795775,21,39289.696011
-171.443697,21,39296.663339
-150.82096,24,39305.437415
-200.111199,24,39314.041387
-257.155719,17,39320.484627
-240.054426,18,39326.401361
-241.932001,18,39333.401688
-205.125049,19,39339.755382
-225.514867,20,39346.126657
-231.520848,23,39353.675233
-336.697709,15,39359.228335
-177.23294,27,39368.238315
-267.846963,19,39374.933759
-142.300366,22,39382.481056
-217.750308,20,39389.294866
-256.530938,21,39396.434428
-169.928734,19,39403.466339
-175.791176,14,39407.947703
-222.384126,17,39414.039448
-185.323752,28,39424.30445
-247.919588,15,39431.1339
-321.675653,20,39437.997699
-201.797373,22,39445.193266
-161.01001,19,39451.469064
-241.018696,25,39459.602884
-222.175985,19,39466.666791
-215.52503,26,39478.797342
-188.376161,24,39487.171535
-213.305311,19,39494.552563
-213.128681,19,39500.606317
-142.260648,11,39504.476159
-148.438687,20,39511.332825
-335.809053,17,39517.265954
-269.156784,17,39523.343451
-196.723063,22,39530.791511
-165.077326,22,39538.290734
-200.445159,18,39544.416845
-138.587238,22,39551.819486
-287.24197,14,39556.972386
-137.848545,19,39563.446397
-151.472025,22,39570.803571
-181.939233,21,39578.006901
-203.703731,17,39584.553974
-101.625864,18,39592.361179
-256.619441,16,39598.634727
-220.97646,19,39605.489509
-251.862822,11,39610.688642
-225.967438,23,39621.066169
-250.270904,21,39627.871434
-156.766339,18,39634.753926
-233.597322,15,39641.075697
-234.097259,19,39647.663182
-184.295186,27,39657.326801
-248.327535,19,39663.669513
-200.296286,20,39670.413276
-164.853538,25,39679.308777
-238.25874,11,39683.333063
-156.656725,24,39692.000427
-148.677349,27,39701.146352
-197.075349,24,39710.792798
-235.902156,15,39716.198865
-105.783128,17,39722.43201
-115.164575,8,39726.156228
-215.27936,18,39732.397549
-159.487736,21,39739.740509
-286.719911,21,39748.017213
-180.673484,20,39755.409071
-163.735259,23,39764.204219
-113.551574,22,39771.999354
-202.465197,19,39778.582937
-286.682082,17,39786.36885
-156.711993,22,39793.877825
-206.336299,18,39800.1861
-269.163909,24,39809.981561
-155.545166,28,39818.969906
-297.328931,18,39825.061055
-163.618567,25,39834.046136
-129.689218,19,39840.944136
-106.270664,20,39847.430723
-244.2885,20,39855.078053
-198.257418,14,39859.896145
-217.97044,21,39867.366724
-231.731341,22,39875.419228
-257.923977,16,39880.29106
-306.186312,10,39883.859027
-234.321701,19,39890.649706
-215.727554,20,39898.731848
-219.396784,16,39905.546196
-244.590142,26,39915.866381
-225.187117,22,39923.035838
-193.776558,23,39931.292825
-239.583484,18,39938.152791
-200.351946,25,39948.113088
-232.815017,22,39955.998511
-213.331742,18,39963.168231
-247.991082,15,39968.852205
-215.649587,23,39976.937116
-221.774753,20,39983.569773
-259.566762,16,39990.385959
-158.657375,24,39999.093943
-251.10048,17,40005.249131
-245.832734,24,40014.017411
-153.71656,24,40022.800836
-265.509715,13,40028.985059
-220.64295,20,40036.198465
-128.71343,18,40042.274034
-230.255378,18,40049.192313
-232.378158,26,40057.867836
-127.10903,15,40063.968107
-246.302479,22,40071.129662
-269.128954,17,40076.774016
-144.841498,19,40084.529021
-301.095409,18,40090.91257
-167.427817,24,40098.814219
-237.737271,24,40107.320241
-209.916124,19,40113.514484
-263.450785,23,40121.395752
-256.525373,20,40129.750344
-86.931627,23,40137.307275
-215.64788,17,40143.812592
-150.854545,22,40151.985018
-233.787194,23,40161.533052
-193.00834,16,40166.570963
-258.391152,23,40174.599551
-147.218327,23,40183.341186
-199.548846,20,40190.820938
-225.975489,22,40198.384912
-203.271346,17,40204.616801
-202.848394,21,40211.948661
-193.909368,25,40220.657992
-299.302983,20,40227.859405
-120.152073,23,40236.504447
-272.226981,11,40242.583374
-141.614411,19,40250.273617
-204.929148,19,40256.767184
-206.002773,23,40264.677407
-344.420843,16,40270.346411
-276.235219,19,40276.978447
-217.485285,20,40284.850021
-267.934392,20,40291.744235
-210.114654,20,40298.371343
-270.208403,19,40306.125447
-248.849158,20,40314.780975
-182.948092,19,40321.889044
-175.63335,20,40328.68921
-204.805985,22,40336.201536
-150.603612,19,40342.488253
-170.543009,21,40349.399706
-201.65269,18,40356.426784
-283.341107,11,40361.495932
-198.884446,21,40368.50697
-275.408466,16,40374.113627
-249.950118,16,40380.25618
-287.484864,17,40386.101293
-259.387094,16,40392.520437
-223.439017,21,40400.589476
-293.542259,17,40406.811945
-144.699809,19,40413.141473
-205.113599,25,40421.996845
-232.362255,21,40428.863368
-268.063291,20,40435.688351
-213.282632,19,40442.568075
-251.848484,16,40448.827992
-185.909695,22,40457.782379
-248.205436,21,40464.452986
-178.604483,23,40472.220108
-227.049242,18,40479.157615
-283.769194,24,40487.967019
-232.975082,20,40494.790658
-210.76434,23,40503.715183
-197.218522,26,40512.646474
-207.543606,21,40520.557945
-219.280506,16,40525.830463
-86.979479,20,40532.930859
-224.545503,20,40540.675632
-249.446953,17,40547.030291
-169.982775,16,40553.662804
-187.525364,23,40562.991183
-236.908087,19,40569.817582
-185.859727,24,40579.56465
-240.287259,14,40585.637359
-263.238438,19,40592.379267
-201.444702,23,40600.645191
-277.87651,22,40608.085204
-233.139188,17,40613.921751
-237.513652,18,40620.47244
-135.387865,17,40629.008816
-165.351939,21,40636.166018
-207.959557,20,40642.740424
-186.377929,21,40650.250958
-140.492267,10,40654.029505
-183.198965,22,40661.848486
-239.738597,24,40670.432392
-179.993008,24,40678.097292
-229.518811,21,40685.725747
-169.475588,25,40695.207594
-223.15132,20,40701.974321
-211.209341,20,40709.467707
-231.314313,21,40716.706862
-102.410583,20,40723.256831
-246.746351,17,40730.070337
-233.67505,20,40737.107561
-323.808271,21,40745.997798
-195.526643,24,40754.980697
-260.802064,17,40760.736446
-225.567804,19,40769.824327
-152.71462,24,40777.86943
-240.130468,22,40785.77537
-95.368426,22,40794.105208
-154.476784,24,40802.285287
-230.344862,22,40810.43849
-279.477663,27,40820.13513
-242.805199,22,40827.088131
-246.233664,16,40832.99084
-209.27352,16,40839.504786
-133.732895,29,40850.71457
-254.968315,17,40856.860576
-265.525287,11,40862.564448
-260.978693,15,40867.546096
-168.771944,25,40875.896327
-246.657736,18,40883.275494
-158.928598,19,40891.608627
-200.942768,23,40899.791497
-243.117345,27,40908.538192
-198.269008,23,40916.502078
-213.223141,18,40923.374744
-166.341655,21,40932.097496
-203.770779,20,40939.344541
-208.475797,19,40945.781415
-170.377542,22,40955.129933
-202.898027,21,40962.869154
-232.02606,20,40970.831217
-215.684369,20,40977.508558
-319.315797,16,40982.90238
-245.489488,20,40989.485454
-162.674061,18,40996.252302
-124.540536,14,41001.439785
-124.342856,24,41010.482651
-281.612127,17,41015.694752
-180.174996,22,41024.523446
-345.546507,20,41031.832995
-322.423536,15,41037.448425
-182.684588,21,41044.744885
-103.492485,13,41050.766648
-251.516591,24,41058.696101
-219.403257,23,41067.572302
-142.149814,18,41073.457661
-321.289604,18,41080.25367
-184.810465,17,41087.570095
-183.190536,23,41095.091978
-318.242752,15,41103.284512
-187.787661,26,41113.795528
-338.086289,18,41119.74391
-295.374375,18,41125.651806
-278.381917,19,41135.037484
-198.136174,22,41142.764236
-231.941387,20,41149.843333
-219.166695,23,41158.541018
-204.216389,20,41165.990552
-212.533947,21,41175.611937
-209.835668,24,41183.139359
-193.98137,22,41192.139242
-166.533407,20,41199.39057
-191.763291,20,41206.066071
-199.46672,21,41212.897981
-193.626635,26,41221.869726
-237.855682,24,41230.935708
-286.856685,23,41238.822251
-142.631129,16,41244.386936
-229.807082,21,41251.580186
-250.116282,19,41258.488482
-217.789843,17,41265.708802
-118.376269,24,41274.671625
-252.072182,12,41279.234929
-234.970323,19,41286.325925
-338.692545,21,41294.013105
-216.443695,20,41301.471981
-225.805221,17,41308.000977
-188.559423,20,41314.985523
-116.985958,17,41320.875005
-151.850259,21,41327.822996
-196.031594,21,41335.828684
-248.960314,21,41342.747721
-230.867253,25,41352.325103
-223.525466,23,41360.25059
-192.403837,20,41367.700148
-310.042325,17,41373.927081
-225.391257,19,41380.456367
-250.06807,18,41387.640372
-204.715791,21,41394.893632
-180.943804,20,41401.886413
-204.573197,17,41407.560763
-170.806896,19,41414.65055
-284.837243,21,41423.297883
-236.757435,17,41429.081926
-182.294326,25,41437.834826
-165.329625,23,41445.475169
-208.534751,19,41452.862922
-212.399636,18,41460.416821
-250.940476,22,41468.064027
-204.574368,27,41477.748722
-165.661342,21,41484.550708
-212.24378,22,41491.958388
-193.395776,19,41499.380307
-152.408243,25,41507.335775
-138.224463,17,41512.849034
-257.667283,17,41518.47196
-264.351398,23,41526.902656
-106.202557,14,41531.715598
-177.34249,27,41541.020633
-223.560557,15,41546.122139
-210.645708,22,41553.39369
-255.327392,21,41560.451129
-197.522667,25,41569.210172
-221.510508,19,41575.415524
-188.088056,22,41582.651708
-252.015802,18,41589.477633
-205.606746,18,41596.35726
-240.913566,16,41601.741444
-113.506369,20,41608.806364
-240.098538,16,41615.0715
-178.892458,19,41622.415531
-241.846551,12,41627.464812
-244.615111,18,41634.197398
-296.029089,16,41639.448797
-208.745917,17,41645.773017
-203.910836,15,41652.235582
-208.299662,18,41659.306039
-127.151591,20,41666.052929
-149.203998,26,41675.427331
-207.507401,14,41680.139026
-353.503758,20,41687.536063
-214.650329,21,41694.817176
-193.516691,25,41703.51396
-192.309217,18,41709.627978
-264.715177,13,41715.785636
-208.921046,25,41724.554835
-254.223278,18,41731.665237
-311.251184,18,41738.544797
-254.111692,20,41745.670808
-181.756875,20,41753.529625
-159.463657,24,41762.102795
-109.662445,17,41769.380018
-232.267407,26,41779.265328
-280.241026,18,41785.437449
-205.440321,24,41793.257689
-238.059681,20,41800.531925
-140.578813,22,41807.660902
-255.340105,18,41813.598725
-196.920595,25,41823.563282
-295.94957,20,41831.626672
-222.298129,20,41839.493262
-180.026036,19,41847.422446
-252.197723,17,41853.02549
-186.020392,16,41858.445487
-222.180873,24,41867.919051
-350.334692,23,41876.339059
-255.581776,21,41882.938051
-192.608258,22,41890.384582
-189.494614,17,41896.495092
-147.249517,21,41903.305842
-203.473833,16,41909.528359
-251.961238,13,41914.934211
-272.746875,13,41919.383472
-181.900805,24,41928.20067
-313.510173,23,41936.503882
-243.353068,20,41944.114274
-210.905556,22,41951.811319
-120.893798,15,41957.989687
-307.625732,18,41964.335996
-216.897379,20,42065.794539
-200.375624,17,42071.613333
-251.201004,23,42080.435928
-146.785787,21,42087.05367
-303.64839,15,42092.696639
-233.251089,24,42101.052008
-244.38083,17,42107.934035
-218.957899,17,42114.29418
-233.162992,14,42120.474952
-207.578981,19,42126.911476
-119.832189,22,42134.179381
-209.978414,19,42141.60669
-175.87826,20,42148.427543
-233.33552,20,42157.257242
-343.37228,12,42161.418679
-175.032655,22,42171.743671
-206.240248,24,42180.553231
-288.432841,22,42190.463017
-250.258897,20,42198.177337
-238.095967,20,42206.459503
-209.792678,22,42215.604479
-195.352257,21,42223.346668
-235.33,18,42232.133188
-187.69724,26,42241.693082
-249.21395,17,42247.696935
-306.66125,20,42255.798876
-195.123016,23,42263.867981
-246.193724,16,42270.555269
-117.337535,20,42277.550747
-246.070395,22,42285.130512
-210.292031,22,42292.73954
-319.42703,15,42297.601892
-135.154386,15,42302.558744
-280.392515,13,42307.585286
-253.754018,19,42314.307075
-296.459954,20,42322.262766
-179.725016,26,42331.400984
-284.414223,20,42337.979447
-228.272797,17,42343.967214
-258.125222,17,42349.903316
-190.521184,23,42357.779819
-234.705367,19,42365.277768
-269.271451,10,42368.784764
-266.538213,16,42377.581292
-244.261881,16,42383.138268
-277.670943,15,42387.897538
-220.875927,17,42393.938681
-190.970311,20,42400.909547
-204.587526,18,42407.298025
-214.327576,19,42413.895518
-288.311959,27,42423.055658
-215.903266,21,42430.977874
-215.455961,22,42439.009486
-160.82823,24,42447.534497
-249.598918,21,42454.339472
-107.919692,18,42461.109526
-164.53616,18,42467.551799
-198.122294,18,42473.258037
-209.833135,19,42480.146509
-238.94056,18,42486.253432
-228.178398,18,42493.863714
-211.921677,23,42502.584722
-212.827193,22,42509.661197
-252.380174,16,42516.485924
-268.159204,16,42522.586579
-170.03906,23,42531.501898
-256.191961,16,42537.306185
-190.275833,17,42543.01744
-114.399304,18,42550.08442
-209.40309,18,42556.365449
-138.715424,22,42563.383932
-206.186165,19,42570.112064
-195.877523,18,42576.232158
-141.384158,27,42584.998724
-186.262342,22,42592.802172
-301.006798,20,42600.062461
-276.849815,22,42607.041329
-232.178489,18,42613.06528
-235.269888,27,42622.256113
-204.783823,22,42629.448472
-216.426474,27,42639.083555
-104.746368,23,42647.624557
-192.384408,17,42653.514706
-229.035074,22,42661.218671
-206.778357,22,42669.518419
-271.765712,18,42676.52328
-212.703985,24,42684.601035
-280.916819,17,42690.439346
-217.462538,24,42698.37184
-183.017776,21,42705.459186
-252.165148,16,42711.024803
-207.319048,20,42718.145196
-182.075858,26,42728.180686
-150.928345,19,42734.471846
-234.997564,16,42739.77666
-93.252968,24,42747.906815
-208.644507,19,42753.847311
-278.410333,23,42762.802658
-214.472807,19,42769.619331
-275.221443,13,42774.582782
-190.111505,19,42781.782062
-166.003014,21,42789.538989
-283.625361,20,42797.000239
-312.870958,20,42805.158877
-201.277975,21,42812.107165
-242.8822,12,42815.953816
-193.4295,21,42823.049984
-240.943406,18,42829.342994
-209.42365,22,42836.605818
-201.828798,20,42843.625681
-223.33071,21,42850.732119
-136.052069,23,42858.935761
-161.734958,25,42867.076805
-205.23879,15,42872.787384
-277.389609,18,42880.788612
-254.617014,19,42886.975727
-223.748482,17,42892.243735
-256.481762,21,42898.962906
-110.086191,17,42905.87809
-142.174589,17,42911.608465
-143.036704,29,42921.160807
-168.461586,20,42927.887813
-296.648358,22,42935.227047
-298.37107,16,42940.721341
-159.001822,22,42947.915088
-164.581801,21,42955.015752
-153.570743,21,42961.859585
-162.031823,16,42967.993903
-234.754152,21,42975.34527
-249.787924,16,42981.585104
-156.516703,18,42987.696939
-181.056656,19,42994.416469
-229.529583,21,43002.40163
-145.576615,25,43010.856514
-142.159334,23,43018.888544
-229.90555,19,43026.41136
-193.213803,19,43033.471793
-215.472718,20,43040.139644
-118.676776,24,43047.900698
-153.878575,15,43053.092997
-228.946876,13,43058.415475
-240.403618,17,43064.29295
-230.50143,23,43073.14438
-306.861503,16,43078.512887
-212.460655,21,43087.060395
-275.229385,23,43095.470837
-221.605238,22,43104.142402
-260.136121,19,43112.34037
-144.563128,26,43121.523998
-231.701618,20,43130.753425
-281.100565,19,43137.537335
-174.725317,19,43143.862783
-186.936763,26,43153.600178
-207.949404,17,43159.250704
-135.684541,24,43168.132618
-174.438618,20,43174.756886
-211.796558,21,43181.821968
-297.30178,18,43187.956609
-217.718105,22,43195.7126
-255.156088,11,43199.658285
-194.526846,20,43208.425872
-230.471553,23,43217.720059
-192.04328,23,43225.754547
-242.897417,16,43231.394874
-232.431535,14,43237.541381
-219.349754,23,43245.956646
-159.208953,20,43253.088529
-150.198483,25,43262.046762
-251.704441,19,43269.398378
-171.4507,24,43277.430985
-257.9332,17,43283.656686
-235.900799,20,43290.388684
-143.173549,15,43295.944721
-201.978934,23,43304.920492
-122.859914,22,43312.405939
-251.297688,20,43319.134642
-102.765171,15,43323.89587
-227.745133,23,43331.895385
-279.572058,18,43338.189972
-194.724998,26,43347.266642
-247.689108,25,43356.486396
-226.990888,20,43363.2491
-190.806901,20,43370.091032
-162.855551,27,43379.84979
-127.0927,20,43386.599187
-156.113885,24,43394.315614
-208.39136,23,43402.25606
-182.103493,21,43409.635504
-261.356719,22,43419.586744
-136.789154,23,43428.139878
-225.812779,17,43434.042216
-249.930277,19,43441.513278
-236.819829,17,43450.461662
-245.556623,21,43461.599423
-217.126681,21,43469.957017
-96.989554,18,43476.35803
-210.143993,23,43485.427283
-222.782371,18,43491.534586
-254.780533,22,43499.441056
-304.667477,21,43507.081738
-198.154227,30,43518.157589
-167.635033,17,43523.614413
-232.93575,17,43530.092759
-253.650621,15,43536.085679
-178.294175,16,43542.518306
-204.677378,24,43551.989918
-123.119103,17,43559.739701
-157.762102,24,43568.365241
-210.728904,21,43575.742049
-228.29514,16,43581.137444
-189.873847,20,43587.694634
-271.363083,16,43593.573122
-224.219563,22,43601.134125
-290.848873,20,43607.886959
-214.07835,26,43617.521361
-186.838223,20,43623.970476
-144.942436,26,43634.162255
-120.759725,26,43642.499928
-234.073533,23,43650.26898
-278.567918,15,43655.342443
-259.593581,21,43662.549761
-270.41687,15,43667.638069
-267.673457,20,43674.613395
-158.97477,14,43679.770236
-266.938282,15,43684.68565
-179.132519,25,43693.213698
-222.057247,16,43699.77436
-121.17395,12,43703.812911
-193.794106,22,43711.286313
-230.81439,20,43718.850944
-235.364407,23,43727.030623
-227.416009,22,43734.333755
-195.416862,21,43741.896152
-167.071604,24,43751.585111
-158.556817,25,43760.993232
-219.261587,21,43767.81055
-151.614458,21,43775.659746
-158.555443,19,43782.192843
-215.543743,23,43791.218731
-220.9378,18,43797.552639
-197.522922,20,43804.293983
-158.049975,25,43812.800375
-145.126183,19,43819.034004
-152.051531,18,43825.174564
-125.059854,21,43833.092358
-230.002212,20,43840.319128
-218.287238,22,43847.479189
-220.462291,26,43856.478165
-303.5668,22,43863.437055
-162.293425,18,43869.280002
-256.676146,16,43875.496272
-183.388775,21,43882.626203
-148.826307,21,43889.697008
-196.636396,24,43897.765444
-211.680081,22,43905.22621
-137.945435,26,43914.591696
-235.005825,20,43922.586831
-284.936611,15,43927.917903
-231.707089,20,43935.998009
-183.890484,28,43946.674836
-187.249834,26,43955.513852
-242.794786,24,43965.78964
-120.643059,24,43973.797697
-180.664776,25,43981.995472
-207.139352,22,43990.206882
-177.204346,21,43999.128731
-190.099517,19,44005.347935
-242.433886,16,44010.838632
-225.290357,30,44020.813547
-138.05526,24,44030.705157
-335.762253,17,44036.745753
-278.710826,18,44043.68054
-160.467913,18,44050.686868
-132.661757,23,44059.846771
-194.099186,20,44068.201879
-364.776443,23,44076.133714
-211.986562,21,44082.629469
-246.09514,16,44089.565655
-116.447513,20,44096.245202
-195.180508,21,44103.202705
-230.464129,20,44110.607022
-171.802001,28,44120.444921
-248.444033,18,44127.209098
-204.321808,22,44135.103999
-193.539317,20,44142.277424
-182.320144,20,44149.245706
-163.259479,23,44156.857097
-210.331748,23,44164.515062
-216.69434,19,44170.603721
-259.169366,19,44177.113795
-246.37683,22,44184.299167
-229.157386,11,44188.303059
-237.581548,20,44195.913563
-229.315562,19,44202.930846
-277.016756,20,44209.476124
-205.099481,19,44216.22519
-196.356663,20,44223.252146
-281.273913,19,44229.863707
-139.557327,27,44238.739208
-205.427717,18,44244.618082
-204.341954,17,44251.035139
-255.954838,19,44258.391436
-248.420351,24,44266.717275
-174.948566,20,44273.188343
-186.357328,26,44282.233112
-149.183391,19,44288.250556
-223.607586,19,44295.018781
-194.995566,24,44302.986779
-157.700256,24,44311.958266
-220.548664,21,44318.513613
-171.149555,25,44326.801648
-223.261977,22,44334.263041
-191.017721,15,44339.447619
-195.77778,25,44348.479151
-239.803514,23,44357.403199
-262.579332,27,44366.42954
-275.978216,22,44373.552617
-232.525957,21,44381.792043
-153.168469,18,44387.754911
-298.716506,18,44395.843318
-169.721591,25,44404.102754
-216.436215,23,44412.295081
-126.554119,23,44420.940638
-152.902798,25,44429.309298
-139.533236,23,44437.086313
-202.016106,19,44443.544289
-257.609483,23,44452.289272
-140.871989,18,44458.959332
-215.226756,20,44466.29443
-260.635456,26,44476.061691
-194.527728,21,44483.12501
-221.548665,19,44489.122857
-218.411201,27,44498.26612
-259.368095,17,44504.128638
-143.034375,18,44510.191626
-239.384911,18,44517.062521
-196.582122,16,44522.427985
-214.919546,27,44532.229974
-165.011331,24,44540.801472
-179.37342,22,44548.806347
-159.794996,24,44559.230033
-238.668035,17,44564.835752
-289.463782,12,44571.236104
-234.607153,18,44576.7842
-308.59708,18,44584.304132
-179.199255,25,44592.765142
-186.511317,21,44600.61186
-265.85555,27,44611.38867
-204.083918,24,44619.0406
-180.731607,26,44627.602624
-284.821085,17,44633.309267
-118.014774,17,44639.046111
-234.674811,19,44647.555799
-117.449016,28,44658.393978
-120.313237,23,44665.719109
-243.048056,19,44672.227701
-252.644117,11,44677.156412
-212.759555,21,44684.507931
-211.651783,21,44691.621375
-292.824236,13,44695.874102
-167.83568,18,44701.816768
-120.376029,22,44709.411615
-285.474412,23,44718.0187
-195.584736,21,44725.201308
-320.869238,20,44732.290697
-183.60582,21,44739.428931
-250.012135,16,44744.958773
-162.751427,22,44752.659273
-234.757415,24,44761.593612
-177.876443,20,44768.527633
-205.746667,18,44774.616721
-239.809705,16,44781.466204
-261.256219,15,44787.447304
-242.283121,17,44793.455605
-112.527294,21,44800.536251
-262.872377,23,44807.812613
-251.934113,19,44814.747719
-205.468771,19,44821.703474
-100.35389,29,44831.806612
-219.127331,16,44837.567422
-212.412107,22,44844.995091
-186.786728,18,44851.312367
-215.490683,21,44858.798876
-264.719657,24,44867.946714
-225.268097,22,44875.984504
-191.584441,24,44885.521964
-184.137718,19,44893.432422
-251.853084,17,44899.143209
-256.204274,17,44906.742993
-129.835915,18,44912.848997
-195.300002,19,44919.245327
-274.897434,16,44924.61685
-265.427547,18,44930.546458
-221.537089,28,44941.436954
-234.214097,22,44949.167555
-140.624262,23,44956.895313
-200.078365,27,44966.004397
-131.920205,23,44973.690789
-270.665918,18,44981.031329
-176.566363,21,44987.959779
-170.766592,22,44995.379825
-210.289262,22,45003.927435
-132.962986,14,45008.638578
-243.822,16,45014.598582
-182.873385,19,45021.183844
-147.26383,18,45027.132869
-183.66326,23,45034.747226
-220.558186,20,45041.979329
-202.403562,23,45049.838914
-218.467701,24,45060.023229
-242.930812,21,45172.063902
-171.32319,24,45180.067601
-178.56924,23,45188.073357
-299.848091,13,45193.696498
-266.147785,15,45200.308462
-275.625534,17,45206.504153
-163.849272,22,45213.963889
-139.331556,20,45220.500969
-213.551534,18,45227.326228
-158.324614,23,45234.948268
-210.787437,24,45243.466545
-207.484081,24,45251.642001
-223.807797,17,45258.365387
-236.253926,20,45265.289275
-253.928462,15,45271.469165
-227.443696,24,45279.15911
-218.44517,19,45286.09631
-132.539343,14,45292.479247
-161.58421,24,45300.411069
-143.805143,24,45310.11284
-276.170546,24,45318.760356
-356.042951,17,45326.583647
-159.237357,18,45333.03997
-285.997138,16,45338.684705
-166.32252,25,45347.029071
-217.0107,17,45353.832459
-247.080889,15,45359.848536
-143.548305,25,45370.914887
-119.75808,19,45378.523793
-226.639026,19,45385.620485
-127.129935,26,45393.770207
-191.580713,27,45403.144956
-198.743627,18,45408.991521
-203.316859,19,45415.47968
-119.609364,20,45422.891938
-121.786277,18,45429.481451
-207.27296,21,45437.679409
-266.058746,20,45445.401001
-204.28543,21,45452.56374
-262.492939,20,45459.244108
-282.736354,23,45466.84371
-266.972719,17,45473.380034
-239.061735,10,45478.420121
-255.274171,20,45484.997727
-249.441368,19,45491.505963
-113.622443,16,45497.586932
-184.776271,25,45505.774903
-233.022246,19,45512.214908
-217.82858,17,45518.083375
-222.452731,23,45526.122956
-282.970303,15,45531.187255
-224.501578,19,45538.994891
-275.569773,16,45544.205708
-210.042514,22,45552.058821
-121.49842,30,45562.291705
-179.519092,20,45569.551536
-190.567843,26,45578.592326
-215.593831,20,45587.180998
-259.15261,17,45593.030675
-264.953749,15,45598.664862
-228.375708,18,45605.023723
-274.071588,14,45610.934731
-161.706407,22,45618.189569
-131.091792,14,45622.904036
-190.248539,25,45631.542617
-202.702877,22,45639.195655
-222.814948,17,45645.936908
-201.916368,22,45653.659366
-195.181577,25,45663.423264
-184.225917,20,45670.798123
-175.784939,14,45675.291769
-208.181421,22,45682.939511
-152.94266,29,45692.755408
-200.473968,24,45700.914918
-186.907855,24,45708.827261
-273.914878,18,45714.846803
-308.056045,19,45722.165255
-98.86078,26,45730.946708
-252.808741,14,45736.175503
-227.981955,23,45743.848947
-327.985417,17,45750.986247
-241.779559,23,45758.504582
-205.793802,16,45765.747132
-199.112999,19,45772.396035
-153.526586,24,45780.588368
-144.704352,18,45787.23585
-141.515577,20,45794.527958
-205.377281,24,45802.834052
-99.802707,21,45809.95021
-168.384666,23,45817.64277
-112.11249,22,45824.764077
-154.660033,20,45831.311539
-225.914602,19,45837.670568
-144.440315,24,45846.22512
-162.84926,25,45855.620206
-226.616622,18,45861.57671
-207.688749,21,45869.468019
-231.915428,19,45875.603056
-180.639215,18,45881.973231
-271.442268,13,45888.655832
-250.977233,17,45894.795792
-229.772038,19,45901.148456
-210.713508,20,45908.273355
-186.13905,18,45914.334989
-250.298772,18,45920.019098
-134.619558,15,45925.600968
-267.690248,16,45932.113376
-207.396061,22,45939.366337
-148.710926,16,45945.334704
-292.286397,13,45950.335234
-222.262278,19,45956.402921
-224.961552,20,45963.06698
-135.692834,22,45970.343174
-209.856522,19,45976.940349
-217.71629,16,45983.063432
-237.361219,20,45989.388862
-309.991938,21,45996.204446
-215.655168,22,46003.687729
-191.022997,20,46010.513366
-221.167267,20,46018.843232
-225.473039,20,46025.47253
-209.226552,20,46032.552874
-236.447188,21,46043.404273
-271.650155,23,46053.296382
-237.527633,18,46060.66539
-223.380917,23,46068.336577
-246.281996,22,46075.517816
-107.793929,18,46081.838176
-109.718456,21,46090.551643
-193.866393,21,46097.383383
-307.63753,18,46103.400886
-166.778045,16,46108.660524
-193.077256,20,46114.684114
-139.974659,19,46121.442228
-178.125683,21,46129.328818
-201.938922,22,46137.276329
-283.025007,17,46143.117061
-198.631439,22,46150.632013
-167.594081,19,46157.279563
-195.301166,24,46165.401098
-223.444534,17,46172.000629
-193.516704,21,46178.531745
-149.648514,22,46186.099576
-186.27418,27,46195.321385
-236.072107,20,46201.769341
-247.47439,16,46207.96811
-139.713289,23,46215.761665
-146.870604,26,46225.222204
-188.488411,19,46233.196719
-230.75812,22,46248.90769
-290.761901,21,46261.765068
-201.943188,21,46269.903902
-165.79516,25,46279.717983
-146.96232,25,46289.08029
-120.302264,23,46297.263579
-95.21917,25,46307.437621
-161.117738,22,46315.813422
-201.111956,23,46325.422808
-261.037808,21,46333.567132
-232.296234,18,46341.425148
-175.285403,20,46349.453449
-324.046737,17,46356.439165
-243.308812,15,46362.707811
-169.690414,27,46374.729398
-239.783989,23,46383.889684
-237.704076,18,46391.04093
-328.795259,9,46397.73594
-209.055588,27,46410.280993
-195.404951,18,46418.424983
-250.273804,17,46425.152457
-125.397094,16,46432.040416
-216.968219,23,46441.6016
-179.509247,23,46450.913178
-219.516428,20,46458.55518
-194.959216,21,46467.226099
-176.972745,22,46476.116633
-226.052368,22,46484.812327
-179.869047,22,46493.792393
-238.389172,23,46502.15378
-150.116559,12,46507.529505
-257.815127,17,46517.230465
-232.979641,21,46526.088202
-245.033653,16,46534.833406
-109.603318,19,46542.804034
-141.129288,27,46554.163217
-270.35614,14,46561.284888
-109.798095,21,46569.321101
-139.850595,20,46576.757103
-208.026253,24,46588.316574
-254.004287,12,46594.885157
-190.355041,21,46604.350984
-182.361299,22,46612.881046
-175.277373,21,46621.900137
-207.689991,19,46630.181873
-210.268617,20,46638.838098
-353.785405,18,46646.231365
-208.611806,19,46654.353145
-204.456219,16,46660.967833
-154.97495,20,46668.550083
-244.047171,20,46676.573199
-162.114368,28,46687.387006
-155.37291,27,46698.441608
-114.5115,20,46706.914957
-249.636159,20,46715.20601
-270.486494,14,46721.225438
-132.335726,17,46728.113526
-258.365888,20,46736.735182
-218.365544,24,46748.027548
-136.210636,23,46757.026978
-241.001594,19,46765.529554
-96.727502,20,46773.341622
-298.52436,18,46780.383887
-306.793754,18,46788.395847
-137.226563,32,46802.858691
-245.447567,21,46813.203868
-162.364471,20,46821.115494
-239.555113,21,46830.905153
-154.990093,18,46838.509425
-217.178472,23,46848.447217
-254.510617,18,46855.145947
-196.305937,18,46862.371945
-206.92897,27,46873.550985
-252.346748,17,46880.264003
-130.902606,19,46888.06788
-329.558705,17,46894.796161
-164.821889,24,46905.053008
-177.024704,21,46913.579683
-182.178619,18,46920.96197
-171.30201,16,46927.360498
-266.246251,17,46933.803628
-210.986368,27,46945.142051
-162.621118,27,46956.30698
-161.244108,20,46963.742988
-165.492367,19,46971.356101
-236.392448,17,46982.004892
-246.009031,20,46990.508016
-192.723429,21,46999.611429
-164.402833,23,47009.914131
-196.14226,19,47017.587874
-208.251198,20,47026.883344
-221.463188,22,47037.124477
-221.69396,25,47047.604284
-180.927667,22,47056.259203
-259.668951,14,47061.624619
-239.684217,19,47069.421282
-208.396814,27,47082.046113
-114.861028,21,47091.505982
-242.907274,17,47098.759655
-271.372942,25,47108.723863
-213.09469,21,47116.899989
-177.156031,22,47126.582317
-224.914531,23,47137.809752
-208.068007,19,47145.554109
-249.506732,24,47154.383577
-202.58124,21,47162.178506
-252.540452,17,47169.08741
-190.641016,26,47180.221561
-197.988681,20,47188.052716
-199.210873,22,47198.486998
-116.175887,23,47208.088939
-106.657195,12,47213.854871
-120.479807,16,47220.358092
-219.243497,12,47225.364333
-293.993641,20,47233.569907
-263.524877,15,47242.434937
-203.065854,30,47254.084474
-232.665123,12,47258.776535
-246.718608,17,47267.357481
-110.490291,23,47276.947526
-264.943806,15,47284.208569
-272.937386,14,47289.567263
-181.511207,31,47302.588203
-237.874137,16,47309.401487
-173.69097,19,47316.806862
-223.842154,22,47326.607975
-244.599107,20,47335.602046
-209.477622,22,47346.020871
-150.719027,24,47354.971005
-271.198658,16,47361.708384
-255.506889,11,47365.759261
-94.337644,26,47378.66602
-247.434425,14,47385.41338
-190.917683,25,47394.706666
-230.844235,15,47401.654964
-197.249515,22,47411.796407
-196.460881,17,47418.180231
-235.396694,21,47426.340112
-205.27906,23,47435.129573
-243.223429,19,47442.652625
-225.328896,17,47449.336468
-192.918626,22,47457.801205
-167.081597,17,47465.454083
-239.687688,18,47473.010737
-259.053592,13,47477.943804
-248.169604,22,47486.268839
-216.886596,21,47495.418392
-204.681059,29,47507.479883
-308.648356,21,47516.796191
-205.453375,19,47524.310192
-209.468103,25,47534.558256
-162.242402,23,47544.616326
-125.50374,18,47551.977218
-214.91493,22,47561.346173
-345.36723,22,47571.405511
-202.385352,19,47578.890913
-228.506841,21,47589.710587
-115.231776,23,47598.63923
-229.654091,23,47608.304102
-208.2632,27,47618.975019
-315.594076,21,47628.021376
-209.399843,20,47637.312811
-150.267701,23,47646.409308
-108.773011,14,47651.423913
-309.53924,19,47659.641825
-193.05623,21,47668.117214
-192.624462,16,47675.369681
-159.859647,22,47684.720551
-179.876889,24,47694.692034
-204.810889,23,47704.520471
-243.408119,22,47713.187902
-249.713076,19,47720.441401
-128.929018,30,47731.88605
-256.410472,13,47737.448155
-232.807932,18,47744.901948
-220.004844,15,47750.866017
-303.501776,17,47759.149472
-233.352993,16,47764.633425
-188.754344,29,47775.731217
-197.532792,21,47784.143035
-281.977897,14,47789.778483
-236.230937,16,47796.574137
-166.165881,24,47805.99678
-257.365536,19,47813.000013
-294.704275,18,47820.170403
-177.222036,19,47827.517587
-217.349377,19,47835.579599
-270.11914,13,47840.291838
-259.569252,18,47847.306987
-223.947464,25,47857.922367
-183.480819,23,47867.977644
-129.217001,19,47875.725991
-163.277422,24,47885.583096
-238.484233,14,47891.333161
-209.439623,21,47899.438287
-151.502935,21,47908.971295
-206.275539,21,47916.932587
-205.224773,24,47926.708905
-141.357299,22,47935.268364
-159.135287,14,47941.150919
-202.406316,22,47949.866238
-171.567392,21,47957.974769
-168.341204,20,47966.240479
-284.748143,19,47973.637339
-227.111532,21,47982.261234
-247.90313,18,47992.126153
-297.086442,18,48000.976315
-161.885372,21,48010.18799
-258.575256,18,48018.697246
-123.512806,28,48030.325988
-251.98265,19,48038.353661
-205.593648,23,48048.311904
-169.193255,29,48059.546248
-219.021188,22,48068.097876
-246.675534,17,48075.374231
-121.430747,18,48082.584313
-146.864068,24,48092.40753
-242.270046,18,48100.984995
-190.299676,26,48112.324572
-229.272673,23,48121.149851
-224.844424,22,48129.718779
-209.983565,17,48136.611673
-203.305787,19,48145.884874
-275.644981,18,48153.188014
-249.064782,18,48162.700234
-202.882652,22,48173.249379
-166.076902,21,48181.865897
-130.847301,26,48192.583009
-269.971751,16,48199.457845
-179.21053,22,48208.033723
-141.235623,16,48214.130626
-102.578843,21,48222.548731
-195.482821,19,48230.005463
-232.558773,21,48238.489413
-161.232018,14,48244.184847
-158.489959,27,48255.115953
-213.233925,25,48265.09391
-146.692936,23,48273.941871
-185.358894,22,48283.4768
-204.769444,19,48290.386525
-154.996544,24,48299.564217
-239.153302,19,48306.838092
-162.277284,26,48317.799735
-213.906845,29,48329.536597
-207.463587,24,48339.828129
-192.400706,22,48350.331833
-120.30138,25,48360.061316
-95.015529,25,48369.994668
-218.610913,27,48380.774488
-205.281884,24,48391.234035
-146.758565,20,48399.869321
-180.218705,20,48408.057121
-277.665454,15,48414.490494
-190.084699,18,48422.560445
-150.954019,22,48431.708675
-173.640873,23,48441.660908
-252.82029,20,48449.585998
-216.126591,18,48457.334084
-244.067626,13,48463.581335
-188.638341,19,48472.020412
-226.319815,28,48486.631041
-171.657553,28,48613.987142
-186.456191,21,48623.705987
-164.505152,28,48635.697106
-197.319632,19,48643.47541
-181.737968,23,48652.760936
-208.335452,19,48660.618689
-245.119376,12,48666.32349
-108.435319,20,48674.513393
-232.329445,17,48681.862541
-266.916068,17,48689.873289
-210.140798,19,48697.050056
-167.793467,30,48709.141573
-243.682433,18,48716.106004
-151.048865,24,48726.471441
-143.278195,25,48736.152903
-115.583227,9,48740.948267
-138.965607,19,48748.507901
-203.183823,18,48755.30661
-211.726019,17,48762.208197
-170.203137,26,48772.897555
-181.57475,23,48781.687034
-298.416536,16,48789.096543
-101.265192,12,48793.960884
-189.623267,23,48806.997745
-111.709177,16,48813.309745
-195.50695,25,48822.953242
-102.501501,28,48833.971116
-211.510029,23,48843.131709
-261.053426,21,48851.199481
-269.921229,20,48858.946478
-246.490042,18,48866.634737
-200.010471,23,48875.856682
-244.915561,22,48884.272256
-208.639148,22,48893.954648
-244.384346,21,48902.558284
-200.325789,25,48913.271607
-186.469288,25,48923.196301
-265.871402,21,48931.783531
-186.155005,25,48942.227988
-187.302546,22,48951.136994
-255.93293,19,48958.758802
-212.010982,27,48970.061142
-216.983372,22,48979.415584
-181.88107,23,48988.520399
-134.690222,15,48995.069591
-209.965208,19,49002.706259
-264.449845,12,49008.605767
-177.143513,17,49015.955064
-198.597386,24,49026.01644
-218.897661,20,49034.384414
-208.955713,17,49041.092726
-263.0071,21,49049.476189
-170.810548,21,49058.084457
-220.565207,23,49067.728745
-260.176856,19,49075.980834
-187.100013,17,49083.1376
-223.788198,20,49092.385364
-233.735542,17,49099.615335
-303.882609,21,49109.678908
-128.064468,21,49118.524472
-223.310849,14,49123.935524
-107.601983,26,49133.883135
-151.877096,24,49143.510324
-255.013868,21,49151.691849
-138.974143,25,49162.361839
-227.495495,19,49170.402943
-265.708152,18,49179.159826
-216.192213,26,49190.233243
-169.179865,20,49198.107315
-201.30564,22,49206.81136
-235.129346,19,49215.277603
-175.15939,23,49223.928705
-144.128039,21,49232.250192
-227.751984,17,49239.842493
-125.219692,17,49246.978864
-158.060188,24,49256.517051
-142.339995,21,49265.120307
-202.54039,19,49273.723838
-176.557103,19,49283.520426
-217.155695,20,49291.205604
-170.596783,24,49300.427974
-312.328616,24,49310.929826
-200.993429,20,49319.787778
-190.597718,19,49327.259994
-177.782409,20,49335.170735
-211.224504,25,49346.369973
-117.753294,21,49355.323638
-261.972967,25,49365.838781
-194.070013,23,49374.812447
-219.831996,25,49384.414141
-188.314645,22,49394.204708
-208.323983,18,49401.887034
-199.482355,19,49410.438847
-120.05,17,49417.15286
-102.217355,25,49427.19372
-243.304812,18,49434.435989
-229.1229,17,49441.184359
-167.207363,19,49448.542214
-197.472906,29,49460.432567
-147.145366,19,49468.467981
-152.828445,28,49479.974125
-252.752058,12,49486.711675
-205.889741,23,49496.435475
-238.958201,14,49502.234728
-111.493766,21,49512.014344
-159.393251,24,49520.984519
-205.303579,20,49528.765146
-145.07185,25,49538.524731
-174.73503,26,49548.937062
-226.502142,17,49557.644457
-271.547283,12,49563.113278
-207.611153,22,49572.489666
-171.727962,23,49581.870702
-286.233206,20,49590.908615
-141.796092,23,49600.733523
-167.61658,22,49610.196591
-168.094297,22,49618.892998
-288.554658,17,49629.819193
-268.042987,15,49636.056221
-205.096053,26,49646.622032
-261.416232,21,49655.467153
-157.62536,21,49663.90404
-170.158679,22,49672.94294
-199.890416,24,49682.751351
-223.14394,23,49692.33687
-128.414152,17,49698.939324
-258.515918,18,49708.887158
-154.72839,34,49722.270385
-108.215639,22,49731.266638
-203.98878,21,49739.683307
-248.173979,19,49747.142986
-178.723165,10,49751.131113
-108.186767,18,49760.710011
-177.971052,22,49770.360162
-251.709557,21,49779.681319
-192.080016,19,49787.307375
-174.470077,25,49797.380433
-178.293359,24,49806.579974
-159.122926,12,49812.910228
-216.025625,23,49822.288538
-229.289006,21,49831.177563
-250.984489,22,49840.98068
-156.029314,17,49848.503351
-281.379028,24,49856.769976
-287.838506,25,49868.654255
-186.34785,17,49875.9816
-223.772781,27,49887.56974
-81.369351,17,49896.435933
-187.332998,20,49904.614985
-219.928826,19,49914.823949
-214.680888,28,49925.613471
-225.87234,17,49932.427824
-150.673523,31,49944.197359
-165.094041,22,49952.838774
-145.182965,18,49959.976584
-224.489629,20,49968.486986
-184.357642,27,49980.353924
-236.259086,21,49988.707715
-228.262967,13,49995.170908
-142.776501,22,50003.492405
-233.265694,18,50010.730821
-214.16078,19,50018.81833
-137.681133,21,50027.458199
-127.938514,19,50034.547567
-122.188127,23,50045.202138
-209.164717,26,50054.841859
-295.749389,19,50064.452237
-253.308572,19,50072.326376
-221.803854,20,50079.58692
-134.760947,25,50091.677251
-244.555215,22,50100.949774
-247.265095,18,50108.913471
-236.711078,19,50116.490887
-232.517861,23,50125.926697
-145.498856,20,50134.109163
-211.96569,20,50141.888163
-122.877959,14,50147.790236
-235.751781,25,50157.86302
-259.670668,21,50166.755599
-261.483791,22,50175.643912
-298.299498,19,50184.651381
-319.432117,15,50191.335889
-207.768465,17,50198.626556
-178.509928,27,50210.747381
-222.942057,23,50221.03297
-308.202887,17,50228.623629
-255.132943,23,50237.445953
-249.79268,15,50243.517368
-230.074074,20,50250.966061
-278.071417,13,50256.356525
-139.267735,19,50264.814846
-182.067269,22,50274.870978
-132.932277,26,50285.414419
-122.413513,31,50298.044764
-218.25124,18,50306.843993
-219.888309,21,50315.815608
-189.567279,14,50321.347188
-108.994635,27,50331.887616
-184.465214,19,50340.999497
-213.006792,16,50347.690981
-184.893099,20,50357.77943
-167.437395,19,50365.331113
-172.805643,26,50375.784613
-234.670214,15,50383.889088
-114.556215,25,50394.239769
-121.868234,16,50400.65277
-189.94444,19,50409.330088
-102.200668,23,50419.851618
-273.58265,19,50428.520265
-124.217562,31,50441.586879
-122.80935,22,50451.338306
-196.780628,25,50461.185694
-266.590293,19,50471.11021
-159.283078,23,50481.391237
-237.044251,16,50488.488937
-153.450602,27,50499.107635
-168.440642,24,50508.476901
-214.195419,16,50515.969297
-160.65717,26,50527.885184
-261.233692,14,50534.696485
-147.204055,26,50544.482149
-291.350143,12,50549.262741
-139.18488,17,50557.982517
-242.837501,18,50566.68568
-262.101403,22,50575.707995
-149.887277,10,50579.658413
-278.065217,23,50588.765772
-308.73529,20,50597.044004
-132.084682,31,50609.02234
-202.843856,23,50618.895419
-134.887296,25,50629.181227
-242.963609,22,50637.483973
-222.102697,22,50646.454968
-171.662249,25,50656.91899
-167.985975,28,50668.593795
-201.938504,21,50676.815702
-127.269857,20,50684.888222
-276.162867,21,50693.757202
-176.763486,28,50706.020861
-93.797177,28,50717.67962
-247.538568,19,50725.589556
-246.244577,20,50735.68304
-224.55683,24,50746.105029
-201.111819,22,50754.328762
-186.416068,24,50765.725465
-239.758561,23,50774.659069
-151.121323,23,50785.080008
-206.388414,19,50793.344098
-170.953612,19,50800.54748
-215.852657,22,50809.217293
-213.230472,19,50817.127378
-177.47724,24,50828.981795
-284.607916,13,50833.802472
-164.856456,21,50842.304782
-155.484003,23,50851.730685
-262.862802,16,50857.910051
-165.226182,19,50866.964356
-147.393152,21,50875.961134
-209.281811,26,50885.710238
-244.891946,17,50892.367457
-139.954722,25,50902.122763
-200.358882,21,50910.50579
-150.597592,25,50920.017841
-201.751949,24,50929.250311
-126.934198,20,50936.932976
-114.265514,10,50940.86029
-195.566631,21,50949.866074
-226.618306,18,50956.841847
-185.630384,17,50963.121092
-151.05888,24,50973.490629
-229.399713,19,50981.050395
-171.063773,25,50991.70719
-221.478289,23,51000.498361
-202.301824,20,51009.797454
-205.814836,18,51016.499781
-169.097815,22,51026.534557
-199.69445,26,51037.583507
-233.506197,15,51045.124957
-255.778543,16,51051.798139
-194.000008,18,51058.730356
-196.505927,25,51068.317336
-225.656595,18,51075.247387
-267.203267,16,51080.990907
-230.262623,26,51090.337188
-201.172152,20,51098.231623
-221.266937,23,51109.139575
-114.030632,19,51116.464275
-179.994467,25,51126.775991
-272.233193,23,51136.531911
-173.642994,23,51146.328123
-167.102826,25,51156.367483
-237.797427,19,51163.912184
-232.076981,20,51172.133274
-257.114712,24,51181.970657
-66.708587,28,51196.400393
-234.146726,19,51204.687656
-240.934218,13,51210.467216
-219.299919,27,51222.218042
-183.59398,14,51227.956074
-270.710966,17,51235.819966
-170.761678,22,51245.6552
-211.924427,17,51252.465617
-144.172126,19,51259.56631
-441.526761,24,51268.91132
-266.720006,19,51277.759851
-107.046445,20,51288.634286
-207.364124,18,51295.97168
-198.1996,17,51305.460223
-170.893546,26,51315.2519
-161.548127,24,51326.302994
-159.181458,27,51337.032841
-173.449251,22,51345.691407
-232.372401,15,51351.662309
-171.244319,24,51363.075931
-293.452406,11,51367.963883
-185.304832,19,51377.14519
-179.211096,19,51384.094851
-313.976939,13,51390.224409
-157.225505,26,51402.760153
-193.293607,27,51413.795861
-175.730046,24,51423.209449
-173.489734,25,51433.270359
-283.074173,19,51443.262572
-222.103477,21,51452.034
-157.954341,30,51463.61419
-255.090674,24,51473.337192
-112.068909,21,51481.644641
-244.532235,22,51491.814819
-96.090027,15,51497.77383
-173.223788,18,51504.784625
-257.914484,17,51514.644628
-207.955749,25,51524.483567
-307.683134,27,51535.980371
-207.477942,25,51545.888067
-174.960674,26,51556.674451
-96.869477,24,51566.042017
-190.354474,28,51577.915441
-231.616609,22,51586.429276
-205.824053,21,51596.09093
-149.286532,31,51611.034178
-206.086917,25,51621.553204
-229.724088,21,51629.905796
-126.757352,22,51638.243801
-173.159293,17,51645.67477
-175.552757,27,51657.487351
-180.616505,25,51667.11273
-273.074966,12,51673.139125
-167.597799,22,51681.956806
-227.087673,17,51691.099935
-280.952201,20,51699.8399
-245.191133,12,51706.924212
-175.478599,20,51720.101875
-208.900559,19,51727.604821
-104.852924,22,51735.737945
-100.319797,23,51746.368635
-151.032723,21,51754.152187
-103.905957,30,51766.211581
-213.765369,15,51773.154082
-298.164696,20,51781.331358
-219.267429,21,51789.869959
-287.621942,20,51797.823282
-148.907094,24,51807.298889
-255.599269,12,51815.079421
-241.780301,29,51826.685348
-175.682232,19,51834.337189
-254.685437,19,51842.241433
-152.457019,25,51852.26075
-239.641827,16,51858.50457
-207.02755,23,51869.178965
-247.640118,15,51877.741706
-270.426472,11,51882.838839
-192.201769,26,51893.597297
-114.726074,18,51900.686618
-119.392475,20,51908.298689
-217.225235,21,51917.552632
-128.715626,15,51923.761466
-139.611131,22,51932.747267
-121.222889,12,51938.223108
-201.455551,25,51948.463229
-203.605952,20,51956.85006
-281.972536,21,51965.629039
-190.402003,21,51973.859676
-213.109773,22,51983.838226
-117.882332,24,51994.591552
-157.190506,23,52003.537693
-257.910422,17,52012.366445
-289.53753,22,52021.637851
-154.737288,23,52031.245392
-97.183111,21,52040.768945
-153.402035,22,52049.415893
-162.595995,21,52057.573066
-138.248968,28,52068.898788
-250.861349,21,52078.643376
-130.346039,23,52087.51066
-124.475378,29,52098.759258
-282.944588,19,52107.459677
-159.791182,16,52113.333912
-200.764754,17,52120.995547
-166.691911,23,52259.543232
-211.318318,22,52268.992135
-140.058353,19,52277.31483
-122.066002,12,52282.195507
-144.960514,22,52291.655307
-263.686309,20,52300.15369
-224.236248,19,52309.473988
-207.507936,20,52317.929481
-201.187533,17,52324.929131
-232.05863,25,52334.922897
-219.516571,23,52345.008898
-301.800426,17,52352.779252
-155.429445,20,52361.119008
-137.248765,22,52369.850648
-270.76632,19,52377.811643
-138.930298,28,52389.053537
-129.428587,31,52400.851059
-262.950856,22,52409.667388
-204.482916,20,52418.83816
-153.254547,20,52426.522914
-112.948244,19,52434.995863
-266.033439,25,52446.462019
-95.371191,26,52455.753391
-212.529583,18,52463.975142
-224.484285,22,52472.86438
-190.652184,20,52480.908687
-128.689313,19,52489.122493
-175.954414,25,52499.112588
-177.283433,26,52509.073234
-235.677752,17,52518.014138
-164.189258,25,52527.587703
-353.637376,16,52535.257512
-97.252296,15,52540.934948
-286.615495,24,52550.990022
-236.234106,26,52561.753582
-94.925692,25,52571.393206
-188.805619,23,52581.088709
-153.23507,24,52591.559499
-147.186777,23,52600.311483
-225.69027,27,52612.104185
-219.617989,21,52620.616561
-311.545221,18,52628.877481
-186.501564,21,52637.642811
-198.601368,23,52646.987529
-140.075209,24,52656.915753
-187.876986,19,52665.217181
-192.702694,24,52676.705241
-140.613927,24,52685.947759
-200.271627,21,52694.558057
-173.459083,20,52703.376304
-212.742384,19,52711.077952
-143.686254,23,52719.680395
-306.596409,15,52726.320769
-218.15385,20,52734.794968
-179.709307,20,52742.293579
-170.665391,20,52749.942399
-232.731871,16,52757.738771
-280.788839,16,52764.288575
-142.973159,25,52773.649545
-173.733748,21,52781.643436
-208.913791,19,52790.065123
-223.359626,17,52796.478929
-128.943209,21,52804.956132
-220.795742,18,52812.414011
-154.115917,26,52822.671021
-193.56244,21,52830.867484
-238.219074,18,52838.565798
-231.41071,21,52847.069684
-152.372462,25,52857.798983
-202.236912,21,52865.319479
-204.582499,26,52876.385241
-178.459206,27,52887.202133
-225.563435,20,52896.070204
-222.539578,22,52906.830503
-200.263461,26,52917.238236
-231.163206,17,52924.786145
-184.814214,18,52931.822412
-117.58345,19,52939.050711
-223.962728,24,52948.830647
-130.954493,24,52958.222253
-401.334383,18,52966.346719
-223.364121,20,52975.786551
-151.336696,19,52983.942685
-158.908082,20,52991.949047
-129.693389,21,53000.611687
-141.051698,19,53009.741957
-252.95039,18,53017.653253
-185.387621,27,53027.95311
-193.568794,19,53035.457432
-236.819014,15,53043.151844
-146.751588,20,53051.61429
-236.457597,14,53059.295864
-261.596318,21,53068.152376
-121.720082,17,53075.067684
-199.844446,19,53082.071783
-209.773611,18,53089.82775
-138.79374,15,53097.279373
-271.46049,14,53103.278235
-133.805304,21,53111.443687
-225.437699,21,53120.054392
-183.201837,20,53127.542646
-151.250344,26,53137.790435
-187.533602,18,53144.808526
-120.69905,22,53154.094373
-199.411649,29,53166.858162
-218.875729,23,53175.816225
-261.393522,23,53185.283634
-128.103477,20,53195.975641
-273.782428,20,53204.299596
-218.57936,24,53214.530919
-210.362516,19,53222.673917
-195.994353,21,53231.048481
-211.789775,22,53239.476192
-124.876197,23,53249.142334
-158.458362,20,53257.003332
-165.952506,16,53264.761198
-250.108586,16,53271.945951
-167.75448,20,53280.157075
-299.74219,22,53288.992089
-224.301077,21,53297.319298
-178.653871,20,53305.293293
-162.403191,21,53314.035226
-147.972701,20,53322.535479
-272.917103,8,53327.859997
-195.02963,22,53339.199371
-217.401623,24,53348.979382
-110.377081,17,53356.448864
-148.422497,26,53367.518612
-184.903565,22,53375.929549
-118.873891,27,53387.010095
-240.779193,23,53397.210173
-214.195739,22,53406.040857
-148.865137,21,53415.165903
-123.431974,13,53420.325426
-216.435347,21,53429.222439
-174.483383,24,53440.29233
-123.309063,19,53448.129247
-232.040225,31,53461.090267
-183.870747,23,53471.514062
-226.918999,22,53480.710164
-216.631831,25,53490.805817
-136.876828,23,53500.342088
-193.089371,20,53508.45979
-192.174784,17,53516.787837
-187.711648,17,53524.314952
-104.848234,25,53533.986827
-202.100891,17,53540.630382
-166.842877,23,53549.474199
-190.473302,13,53555.562849
-229.008259,22,53564.471301
-141.348518,28,53575.658026
-194.659984,21,53584.042399
-149.755578,25,53595.343005
-220.014742,20,53603.222934
-162.792199,29,53614.659733
-180.232885,21,53623.597046
-235.623659,17,53630.524412
-163.925168,20,53639.732389
-243.393088,17,53645.737975
-154.649948,22,53654.744247
-189.775845,25,53664.649511
-290.783397,19,53672.446445
-141.767614,16,53679.175693
-155.715824,31,53691.151644
-200.06592,20,53699.307595
-195.706883,27,53709.906639
-220.244373,17,53716.686248
-351.569689,13,53722.471894
-164.962004,25,53733.409462
-176.86887,25,53743.457805
-208.084317,21,53752.758815
-145.24291,26,53764.914121
-142.479619,14,53769.88583
-173.701913,19,53777.611224
-193.342599,21,53785.586601
-176.772916,23,53794.93514
-245.769334,16,53801.858418
-227.489376,22,53812.450964
-206.691857,20,53821.806309
-297.090914,18,53831.669248
-166.005422,25,53845.363961
-147.365932,25,53856.135077
-160.829334,24,53866.454975
-135.505842,29,53877.529626
-174.623017,20,53885.998023
-240.015083,23,53894.555929
-86.673472,26,53904.957907
-219.268449,19,53913.101705
-141.863343,21,53922.210644
-261.356327,23,53933.402927
-156.324243,23,53942.502487
-148.130433,21,53950.364813
-167.617787,22,53959.692415
-248.07594,24,53971.262594
-254.465143,23,53980.153846
-172.077658,20,53989.032574
-172.020385,27,54000.221794
-107.887071,26,54010.487733
-178.660162,20,54019.461198
-209.268013,26,54030.383394
-131.411065,21,54038.961811
-150.154662,10,54043.172133
-155.995125,25,54054.448198
-116.947099,26,54065.067387
-146.602064,12,54069.13297
-304.568581,12,54074.575412
-136.989944,27,54085.037817
-219.860534,25,54094.980108
-186.493047,21,54105.295084
-230.436432,16,54111.929091
-188.269818,26,54122.341127
-119.512945,19,54131.02441
-294.488972,10,54135.463142
-203.048619,19,54143.650962
-221.79971,18,54150.548213
-181.057587,24,54161.659626
-325.316876,17,54168.630135
-206.933547,22,54177.251306
-260.865628,20,54185.806485
-158.536236,19,54193.150125
-295.631592,13,54198.167751
-314.551402,17,54205.699807
-141.259669,24,54216.18829
-227.829948,19,54223.798591
-176.469727,24,54235.284505
-202.66575,27,54246.037488
-208.652184,22,54254.814633
-246.052298,15,54260.234077
-162.15482,24,54269.376197
-125.432121,15,54276.206485
-130.992331,19,54284.092545
-114.782446,27,54294.628604
-197.391405,22,54303.987665
-129.565964,26,54314.718024
-147.191294,21,54323.695439
-206.784965,21,54332.222243
-218.652489,19,54342.573685
-224.354709,21,54350.033088
-212.959486,19,54357.252928
-169.295506,25,54366.899496
-238.737811,21,54374.965027
-156.371539,28,54386.694041
-190.780714,23,54398.936433
-159.203486,25,54409.140316
-201.28719,23,54420.292388
-111.459199,23,54429.02327
-200.489456,30,54440.992086
-210.714818,10,54445.131288
-190.896367,26,54457.76701
-228.380351,20,54466.026458
-203.725577,25,54475.807046
-307.868717,20,54485.288945
-142.402409,26,54496.363937
-122.814266,10,54500.398622
-180.593987,29,54513.556256
-250.191595,23,54523.269203
-104.062043,26,54533.579365
-297.571138,24,54543.555766
-162.30158,29,54556.468069
-138.653319,18,54562.764629
-201.22316,26,54573.83902
-197.963308,19,54581.7566
-120.976977,21,54591.227516
-283.946473,20,54598.36821
-212.46629,27,54610.619173
-185.242988,22,54619.454051
-169.804591,22,54628.187239
-243.984126,17,54635.834504
-192.371657,23,54645.806964
-181.053503,22,54656.147973
-114.134425,17,54663.294161
-222.660002,17,54669.845777
-143.29516,22,54678.730519
-186.797653,24,54687.89705
-144.627171,17,54694.51262
-212.100624,24,54704.018246
-101.744478,26,54714.04443
-264.068884,23,54722.901988
-198.403084,20,54730.944198
-185.588204,27,54741.520992
-224.64689,21,54751.321337
-265.52744,18,54759.535082
-186.690603,17,54766.892021
-163.387503,21,54775.345924
-234.994265,16,54783.017269
-158.784571,24,54792.152812
-154.721569,23,54801.364621
-151.754944,22,54809.957697
-212.188244,22,54819.581832
-172.439116,24,54830.980384
-214.458392,22,54839.62073
-257.058655,25,54849.497137
-227.863392,19,54857.731797
-246.052762,19,54865.353337
-152.08618,25,54876.021506
-168.979097,20,54883.69397
-237.773829,19,54893.395271
-225.271295,22,54902.890024
-170.305447,23,54912.00843
-172.664998,23,54921.554577
-215.319534,20,54929.812737
-176.85114,20,54938.31476
-239.919241,21,54946.527605
-209.677262,17,54953.226743
-179.869042,18,54960.712872
-166.108537,25,54970.189831
-190.527567,23,54979.276195
-243.715069,22,54988.160544
-215.036435,24,54998.664855
-118.407997,23,55007.570552
-216.067151,22,55016.258515
-226.772694,22,55026.500872
-256.528258,15,55031.790355
-186.66215,27,55042.129886
-220.553227,31,55054.216372
-124.599318,24,55063.820192
-149.808927,30,55075.402655
-191.926319,27,55085.941609
-178.657509,22,55094.093349
-214.466253,29,55110.879974
-209.269404,25,55120.567872
-202.297633,21,55130.271142
-184.752444,25,55140.87063
-133.919641,22,55149.696133
-189.377159,21,55158.095028
-118.141533,23,55167.63377
-271.829616,23,55178.251855
-117.389323,21,55186.056277
-164.698822,25,55198.523783
-253.720894,24,55208.731303
-230.370509,23,55218.361563
-175.910998,22,55226.955662
-186.089406,23,55236.743333
-240.858174,20,55244.923317
-221.44585,22,55254.594606
-117.474872,23,55263.721328
-287.08084,19,55271.255662
-263.208643,23,55280.323173
-431.718024,20,55289.95122
-265.048475,20,55298.136111
-264.138373,17,55304.543167
-208.362951,18,55311.9675
-276.402795,24,55321.417849
-168.984795,28,55332.550644
-236.515785,21,55341.36993
-135.822667,21,55349.828789
-226.107078,26,55359.854718
-237.637398,18,55368.147758
-192.234232,20,55379.118541
-214.953857,27,55390.743523
-250.035784,24,55400.722085
-199.43748,29,55412.070989
-191.697071,20,55421.045382
-249.299775,20,55428.692062
-185.315416,18,55436.003389
-245.735631,20,55444.189665
-312.447583,25,55454.021201
-219.879242,23,55462.688663
-98.656366,14,55468.868073
-157.034841,28,55479.674764
-272.422059,21,55488.325404
-79.893244,27,55501.389995
-148.204708,27,55511.957044
-228.100184,16,55518.468114
-162.98675,22,55528.503146
-193.96716,23,55538.026197
-135.923843,26,55549.13019
-225.941675,19,55556.529568
-97.875197,24,55566.030478
-198.181002,32,55578.407106
-188.217817,20,55586.500145
-122.60483,21,55594.302708
-239.452766,23,55603.821509
-201.350087,27,55615.283001
-150.116541,24,55626.905206
-190.788445,22,55635.570082
-148.052058,29,55646.650549
-176.860905,20,55654.299271
-102.786027,23,55663.426696
-203.642098,20,55671.79755
-140.59732,26,55682.345695
-361.729749,18,55689.680311
-131.87994,27,55699.454323
-220.571648,15,55705.578626
-223.351612,24,55715.506208
-145.334866,24,55724.307696
-235.108105,26,55735.065316
-208.179806,22,55875.811185
-121.34014,19,55884.135807
-104.761977,21,55892.684112
-241.854887,23,55902.152655
-186.402456,22,55910.419756
-142.234561,24,55922.126189
-136.197935,16,55929.64361
-177.845878,26,55940.254926
-171.352814,24,55950.128639
-287.365921,21,55958.49666
-176.644278,26,55969.585534
-149.612252,29,55980.444594
-172.837622,22,55990.35312
-250.30816,10,55994.44082
-234.796853,19,56003.14328
-354.690432,19,56011.649231
-236.671088,19,56019.328901
-242.374111,21,56027.334292
-162.894655,24,56038.705625
-144.620224,25,56049.43494
-101.982678,19,56057.355778
-204.291141,21,56065.630307
-94.955181,21,56073.74296
-197.172455,20,56081.722704
-205.534455,19,56089.245477
-181.655121,32,56103.548409
-247.793573,20,56111.282511
-265.976484,22,56119.871859
-158.375087,22,56127.997633
-198.642439,24,56137.481848
-199.11332,23,56146.874909
-157.324005,23,56156.314083
-203.496612,23,56165.656307
-143.070273,26,56176.127228
-175.342139,22,56185.605076
-206.760872,23,56195.092472
-110.767188,31,56207.000332
-172.565663,21,56214.894132
-172.074543,23,56224.688251
-219.436464,23,56233.680453
-215.25627,23,56243.035845
-226.307457,20,56250.927792
-129.238622,30,56262.153716
-165.940526,21,56270.588394
-159.85298,22,56279.180751
-203.848068,26,56293.223712
-162.843976,27,56304.792954
-245.282779,20,56313.062199
-239.562859,17,56321.350297
-233.571436,19,56329.483138
-80.179099,29,56341.162253
-236.16423,19,56348.3456
-196.902089,25,56358.563712
-236.960077,23,56367.521637
-197.032639,24,56376.731162
-97.120557,21,56386.886666
-121.261014,14,56392.489955
-234.977602,17,56398.8808
-172.324263,27,56409.759518
-216.971052,22,56418.916788
-199.667732,23,56427.795736
-161.799139,23,56436.911573
-168.968678,16,56443.666971
-125.157387,23,56452.361588
-220.911377,22,56461.188729
-214.038651,29,56472.161695
-153.194955,27,56484.248972
-179.904929,21,56493.298405
-183.165605,19,56501.203997
-235.768755,18,56508.457895
-159.252381,26,56518.854143
-194.479068,19,56527.415461
-196.941833,20,56535.46198
-217.145913,24,56544.988994
-173.933816,23,56554.78325
-166.827378,24,56564.298219
-121.744023,27,56576.159699
-189.19489,22,56585.091745
-128.912236,24,56594.02906
-135.280845,30,56605.912299
-170.074238,30,56618.480952
-122.202772,27,56628.958
-210.363595,18,56637.216967
-151.279137,29,56648.181329
-230.154845,19,56656.233182
-148.883154,19,56663.749056
-270.691525,23,56673.246095
-165.838338,20,56681.65272
-104.773095,17,56688.374255
-214.769242,20,56696.547172
-223.090303,21,56704.45937
-191.938748,28,56715.433752
-176.341547,18,56722.156868
-137.570189,24,56731.542448
-194.096462,18,56739.22492
-267.697143,29,56750.310634
-154.652665,27,56761.147073
-211.533439,21,56769.954389
-201.369862,19,56777.778443
-228.340119,17,56784.615309
-219.635298,18,56792.365559
-157.161598,15,56798.265753
-332.191557,24,56808.629791
-215.040367,26,56819.177574
-92.510558,25,56828.7068
-195.203834,24,56839.874302
-189.384622,23,56849.367629
-196.792257,21,56857.755048
-165.150912,20,56865.606975
-180.697468,23,56875.295985
-207.797066,25,56886.600539
-185.453606,12,56892.436551
-154.921374,22,56901.698372
-124.160479,25,56912.787968
-170.686797,30,56925.797271
-145.816122,32,56941.465692
-124.338807,24,56951.223829
-196.487849,28,56962.563927
-133.284739,19,56970.1737
-172.192328,20,56977.943871
-265.03505,16,56983.871725
-182.28063,23,56994.490286
-229.421387,16,57000.404774
-151.707852,28,57012.516017
-238.329493,26,57022.536008
-202.105285,18,57029.472456
-219.57457,29,57041.71915
-114.069632,24,57050.610449
-164.053694,26,57061.731869
-169.145615,25,57071.219763
-188.565617,28,57082.892233
-196.8864,26,57093.156239
-128.550304,26,57103.208826
-140.354562,29,57114.35132
-221.416938,17,57122.211764
-217.55937,17,57129.16743
-98.244919,18,57135.937695
-109.723389,22,57144.512479
-298.163555,19,57154.433606
-205.853788,22,57164.6728
-196.649228,18,57171.745502
-146.959222,26,57181.768814
-197.065968,28,57193.29272
-246.401685,15,57200.224919
-167.124611,24,57209.662446
-178.287217,23,57220.104564
-274.558148,11,57226.519393
-264.232389,16,57233.198499
-152.502588,28,57244.175342
-130.610375,18,57250.998637
-94.838944,22,57259.18501
-217.009167,22,57268.191092
-123.27795,21,57277.125391
-235.128796,25,57287.075095
-276.967259,14,57292.583152
-166.06758,22,57302.674232
-165.053064,25,57313.728344
-237.080055,27,57326.744105
-208.938742,22,57335.559027
-195.87621,22,57345.649082
-322.16651,20,57354.71964
-128.210066,27,57364.881172
-139.050302,25,57375.118693
-129.797925,24,57385.039306
-217.614065,27,57396.41314
-162.895592,22,57406.014789
-146.819024,25,57416.24633
-119.370716,23,57425.7301
-227.850661,13,57430.904613
-232.168787,21,57438.946105
-208.863946,19,57447.025621
-161.503164,29,57458.817611
-135.175863,26,57470.159778
-137.259582,14,57475.946471
-204.95749,22,57486.367803
-113.861918,29,57497.343148
-220.544125,17,57504.187235
-102.078509,30,57517.00921
-147.24291,26,57527.133253
-123.259312,35,57542.371436
-209.847939,14,57548.893953
-148.204126,25,57558.219717
-236.558756,18,57565.215217
-170.81527,24,57577.938577
-126.349277,32,57590.988668
-195.752928,32,57603.729125
-245.230394,26,57613.891435
-171.994876,23,57623.775656
-102.345812,24,57633.266341
-193.412651,18,57642.009533
-126.201481,28,57652.973526
-166.292692,23,57663.589908
-150.269607,20,57671.47556
-192.099734,27,57683.223752
-183.282731,18,57690.658926
-203.237446,19,57698.091268
-277.70279,17,57704.705698
-162.83443,27,57715.551386
-162.330423,26,57726.676062
-246.452392,19,57733.922379
-100.766477,23,57744.009309
-177.265066,20,57753.452748
-128.203761,15,57758.903706
-161.278002,26,57769.075819
-176.923993,16,57776.634778
-165.805984,22,57785.482127
-138.125261,26,57795.32425
-259.136854,17,57802.480259
-201.698076,23,57811.947541
-169.380492,34,57826.551563
-235.80767,21,57834.634217
-114.061264,24,57844.450025
-242.012137,21,57852.840511
-212.833466,21,57860.930334
-198.830243,23,57869.9431
-298.105746,9,57877.776089
-230.151604,15,57884.274468
-206.764087,20,57892.130637
-88.25507,28,57902.912873
-199.758264,23,57911.562785
-200.752703,22,57920.579094
-130.690855,25,57930.465687
-217.474268,22,57939.7025
-206.85416,23,57948.215452
-139.364651,22,57956.244696
-141.909453,20,57964.534749
-207.878006,24,57974.295309
-226.879788,21,57982.989214
-178.522734,25,57993.138437
-236.4284,18,58000.707993
-119.954022,19,58008.998464
-173.326111,24,58019.768006
-210.191923,24,58029.967864
-234.641459,23,58039.256955
-162.148389,26,58049.604428
-220.675632,24,58060.045659
-224.603777,22,58070.020576
-222.784731,22,58082.59227
-221.050994,21,58091.597904
-203.535006,21,58100.194926
-176.211243,24,58110.086033
-95.299916,43,58127.670913
-167.174996,22,58135.204503
-159.999226,28,58148.002096
-177.08451,23,58160.803414
-206.377625,18,58171.728142
-235.816036,20,58183.445281
-168.291919,30,58195.050317
-218.705682,18,58202.679852
-199.215458,18,58210.67849
-113.02113,26,58221.196274
-107.037286,28,58232.004778
-198.568783,15,58239.222288
-306.531443,18,58246.276978
-174.418681,16,58251.976429
-157.125838,21,58259.984111
-143.416787,22,58269.034122
-119.288462,24,58278.531491
-145.951784,30,58289.97194
-123.241326,25,58299.153181
-243.220135,20,58307.176749
-231.447366,16,58316.206466
-201.18273,19,58322.782713
-169.962402,23,58331.375632
-196.499742,26,58342.244859
-103.809868,26,58352.778262
-236.965892,18,58359.813937
-156.363099,28,58371.060495
-205.792816,26,58381.959185
-218.203256,27,58393.483937
-248.096306,27,58404.568305
-248.958589,18,58411.656741
-232.554682,20,58419.522711
-159.521431,21,58427.951013
-200.545735,21,58439.454124
-129.610523,27,58450.166826
-148.249123,19,58457.245001
-143.086798,29,58468.106683
-183.569273,18,58476.363392
-143.056048,14,58481.941421
-138.107649,26,58492.391755
-151.495651,24,58501.977932
-170.84366,26,58514.701794
-167.52925,19,58523.253328
-136.869079,24,58532.743671
-170.739417,26,58543.20866
-228.525669,24,58552.313827
-166.214848,19,58563.052532
-205.938021,29,58575.995101
-166.098263,27,58587.149406
-108.121596,24,58596.61472
-190.462833,22,58605.190603
-146.275812,25,58615.099269
-138.646668,20,58623.015377
-132.575324,25,58632.59701
-214.617276,20,58640.179425
-170.871652,30,58653.875746
-144.450847,14,58659.163951
-158.1142,30,58672.472672
-152.403484,17,58679.268823
-246.152532,18,58685.80023
-173.783078,23,58695.345938
-207.808976,27,58705.785361
-263.194659,18,58713.797841
-130.395106,20,58722.052533
-158.882358,32,58736.635036
-106.896102,28,58747.479801
-198.651073,28,58758.8514
-147.969015,24,58768.888263
-153.657356,36,58784.373387
-246.66863,20,58793.587131
-127.297212,23,58802.642726
-138.273309,28,58813.952703
-244.749831,14,58819.873926
-157.962523,28,58831.220644
-162.644087,24,58840.904831
-190.66396,22,58849.828264
-135.746735,22,58858.446262
-113.36998,30,58870.170497
-136.313238,21,58878.364723
-277.900011,13,58884.340673
-201.825218,21,58892.395415
-131.150502,22,58900.939484
-103.314225,20,58909.126942
-235.81376,17,58917.845318
-282.633066,15,58925.108733
-95.409342,24,58934.480593
-172.543862,22,58943.025928
-197.937389,20,58950.991647
-212.892724,17,58958.499504
-208.347095,19,58966.317368
-209.825541,20,58974.307526
-157.146257,29,58986.500636
-245.200521,24,58995.598248
-119.311018,26,59005.231416
-233.723552,23,59015.347897
-161.152021,34,59028.54504
-163.312334,19,59037.101888
-81.663677,29,59048.30301
-111.48408,22,59057.844895
-116.152742,23,59067.331681
-133.648955,28,59077.70946
-232.511787,20,59085.933305
-133.86381,22,59094.500411
-220.43808,20,59103.006069
-97.948294,18,59110.602127
-247.951721,15,59117.127422
-174.253412,32,59129.281926
-261.401158,17,59137.780411
-189.070891,19,59145.458885
-193.289117,18,59153.512878
-205.717521,21,59161.750507
-76.959247,24,59170.708296
-204.393338,20,59178.416399
-150.76465,21,59187.377379
-220.336165,21,59196.260722
-133.660457,21,59204.417896
-126.994771,30,59215.679616
-118.53632,25,59225.797958
-226.068144,19,59234.495955
-169.696868,23,59243.477721
-168.797234,26,59253.343562
-252.124995,25,59263.592974
-314.227082,16,59269.799372
-206.323413,19,59278.167215
-131.961736,28,59288.671942
-203.062143,22,59298.868352
-296.870312,20,59307.356244
-202.39136,25,59318.060083
-233.209651,18,59468.664783
-205.679166,19,59476.60167
-206.194349,20,59485.598538
-237.229698,15,59491.144662
-151.093193,24,59500.694546
-267.673262,24,59510.084658
-198.161694,25,59519.897671
-178.032103,21,59528.273488
-173.119257,22,59536.760054
-192.984969,24,59546.429709
-144.777441,24,59557.545191
-190.013323,25,59567.363909
-190.620772,24,59576.19326
-149.257079,36,59591.30198
-180.931332,23,59600.42595
-217.755713,25,59610.704419
-213.572695,20,59619.732791
-201.589548,23,59628.640684
-188.771737,20,59637.146685
-117.982209,20,59644.875803
-162.451265,28,59655.416959
-118.744221,17,59661.658468
-96.346609,22,59670.18264
-198.169765,24,59681.647528
-182.33538,9,59686.478781
-155.056457,29,59698.105795
-138.663276,26,59709.627317
-205.306181,28,59720.150277
-246.616085,22,59729.806389
-221.157492,17,59739.534068
-153.584729,26,59749.493634
-191.579669,22,59758.58494
-98.068255,36,59775.101345
-225.837766,15,59781.557238
-99.085506,24,59791.56095
-189.609194,21,59800.549907
-190.269655,27,59811.661822
-205.216128,19,59819.361975
-92.786355,15,59827.453294
-174.925339,21,59836.059234
-264.168146,22,59845.428333
-54.108083,33,59858.426704
-152.85791,25,59868.343277
-148.373523,30,59880.051965
-210.143368,20,59888.749531
-238.977411,23,59897.579885
-129.692019,35,59911.545678
-191.978396,25,59921.618187
-200.406422,23,59931.336954
-175.095321,23,59941.738391
-161.88562,32,59954.965622
-180.955903,23,59964.073677
-159.310714,26,59974.131812
-82.558599,24,59984.886733
-111.338581,22,59994.353339
-219.689783,28,60005.094429
-176.805474,25,60015.2459
-102.001428,20,60023.231069
-184.870203,15,60029.115835
-191.303096,18,60037.182889
-196.699059,27,60047.595906
-108.670163,25,60060.01263
-153.829089,25,60069.987088
-175.749803,27,60080.646897
-309.23005,19,60088.431345
-260.266732,28,60099.566706
-164.749264,25,60109.378583
-154.847003,20,60118.043142
-206.936707,22,60128.683385
-129.652471,21,60136.589939
-216.086837,21,60144.778521
-257.474931,16,60151.264277
-89.178717,23,60161.103638
-235.981936,16,60168.901129
-171.564878,27,60182.917085
-114.127379,17,60190.892382
-224.761054,18,60199.51279
-245.265596,18,60207.502244
-216.71215,17,60214.522762
-172.273999,21,60223.025231
-168.10626,28,60234.593572
-168.11693,13,60239.559616
-114.688868,25,60248.969545
-146.457815,26,60258.206904
-98.00742,24,60267.943
-202.578487,24,60277.008402
-261.392737,20,60285.54661
-139.052181,17,60292.887576
-171.500773,27,60303.453863
-264.625571,20,60311.585701
-186.171872,20,60320.622683
-305.288283,19,60328.273927
-167.870075,30,60340.173003
-176.399152,23,60351.074899
-156.458034,24,60360.930858
-179.93428,27,60371.788949
-182.377559,26,60383.508068
-101.521156,26,60394.62074
-261.227379,20,60402.483995
-237.946493,18,60410.197909
-70.51571,41,60426.728879
-186.82807,23,60436.058634
-152.448798,29,60447.206002
-144.367318,31,60459.864837
-215.006961,27,60470.226129
-195.885863,24,60479.3908
-176.320651,21,60487.778317
-140.459056,23,60496.919768
-170.405886,30,60509.382938
-225.29569,22,60518.505192
-208.93888,18,60527.758069
-183.419291,21,60536.713033
-252.565703,15,60543.358881
-123.366202,21,60551.890761
-135.908691,20,60560.38811
-109.249392,26,60571.016258
-185.461895,29,60582.037917
-211.372219,30,60594.072824
-328.448622,23,60602.985213
-213.994412,20,60611.21383
-230.373969,30,60623.083913
-216.066632,24,60633.229337
-233.411654,22,60643.0078
-253.916371,18,60652.569315
-149.578362,20,60660.528493
-183.64619,26,60671.070984
-194.165252,25,60681.812139
-199.599734,17,60688.339027
-285.29921,21,60698.657797
-219.051254,23,60707.473852
-220.011793,22,60716.692337
-197.281903,22,60725.530747
-155.780729,26,60735.523457
-211.473733,19,60743.006259
-103.507039,31,60755.152887
-225.572199,22,60764.272579
-180.925084,28,60776.634737
-228.78904,24,60785.48916
-135.566866,24,60794.828256
-117.399372,22,60803.761123
-145.366034,21,60811.509804
-122.51608,19,60818.990655
-223.397328,23,60828.378424
-154.727937,25,60839.395625
-125.22655,23,60849.195173
-150.595228,27,60860.41836
-195.650508,24,60872.059156
-138.842369,32,60885.26602
-179.091295,31,60897.829681
-209.147504,20,60905.864226
-269.872795,23,60915.832431
-241.455044,27,60927.290297
-183.94165,26,60937.602207
-219.68257,15,60946.020785
-195.431692,26,60956.310046
-175.830263,23,60965.229968
-192.218657,23,60975.225274
-231.600698,20,60982.960588
-157.045583,27,60993.406057
-222.803602,29,61004.78944
-245.150838,21,61013.608383
-159.754144,26,61025.111557
-231.222379,24,61034.393985
-131.868967,24,61043.852327
-157.670495,29,61057.978586
-186.031733,25,61068.021327
-171.058326,29,61079.400842
-151.21901,36,61093.722472
-155.994367,21,61101.884885
-158.05443,25,61112.338037
-255.348925,22,61121.352212
-203.840658,22,61129.919509
-206.609676,20,61138.062066
-177.717,22,61146.484675
-243.358596,17,61154.079037
-195.941012,21,61162.073281
-237.810144,26,61172.494037
-188.725136,20,61184.031269
-128.264839,23,61193.682043
-160.544356,22,61201.752701
-290.579788,13,61207.440279
-201.690722,19,61214.620392
-264.572527,25,61224.614099
-156.973033,27,61235.268977
-186.738625,28,61246.445245
-223.895422,16,61252.887439
-163.03155,29,61264.116745
-134.048069,24,61273.659393
-121.267291,23,61283.167375
-128.557691,26,61293.802607
-98.032753,25,61303.742621
-216.685087,19,61312.920563
-216.627154,25,61322.699901
-143.637055,19,61331.037897
-133.613307,30,61342.772182
-243.237259,14,61348.535677
-188.551068,22,61356.955922
-180.020594,27,61367.143181
-124.899086,15,61374.595129
-199.580708,23,61384.6917
-97.009098,25,61394.300663
-185.72938,20,61403.223958
-223.299807,26,61413.710495
-128.374244,24,61422.882088
-203.490976,25,61434.807116
-247.775381,19,61442.199355
-127.806714,20,61450.723759
-94.094264,23,61459.970265
-144.320739,28,61470.750745
-259.775236,17,61477.941114
-172.093284,24,61486.803156
-99.558912,29,61498.201796
-170.954714,22,61506.577303
-100.499277,19,61514.879864
-165.409065,24,61525.256514
-164.312692,19,61532.64038
-124.682978,28,61543.628717
-191.751476,27,61554.51531
-143.004694,31,61566.721536
-137.476599,23,61575.851397
-176.072415,25,61586.428819
-168.504998,20,61594.506072
-264.027795,22,61603.041466
-172.710588,23,61613.360875
-266.035751,21,61621.763898
-138.956068,13,61627.340204
-131.200659,25,61637.560445
-192.399662,23,61646.640122
-171.416879,22,61656.187588
-128.979191,30,61667.859549
-254.946431,18,61675.128265
-104.322146,20,61683.804065
-302.472123,20,61691.290823
-128.364677,32,61703.767947
-288.445853,18,61711.942825
-138.75856,28,61722.849539
-287.837988,18,61730.927716
-198.354547,25,61739.831568
-166.099645,30,61754.021073
-179.374372,31,61766.142884
-193.697122,19,61774.233677
-198.138765,20,61782.585022
-137.339841,26,61793.342332
-239.504579,20,61800.922795
-149.393756,30,61813.088444
-93.154195,39,61828.842176
-124.808626,25,61838.287714
-228.727903,19,61847.268026
-256.634459,18,61854.87895
-145.120075,23,61863.724411
-125.569617,30,61875.531387
-263.737173,23,61886.078815
-157.971092,26,61896.285754
-101.729788,24,61905.619189
-199.261978,29,61917.023185
-236.992231,18,61926.104371
-148.065083,30,61937.519104
-239.796335,28,61948.830469
-309.719031,22,61957.810749
-213.195403,22,61967.500444
-152.167299,28,61978.9551
-229.825865,27,61989.768273
-269.638956,20,61997.749963
-110.908421,25,62009.144594
-203.938352,21,62017.630563
-103.50664,18,62024.812876
-132.894527,30,62036.41047
-225.867083,27,62047.598399
-129.615454,33,62059.981998
-279.530071,18,62067.241994
-162.241016,26,62077.535671
-122.025759,25,62088.013196
-149.039218,23,62097.571553
-219.66939,22,62107.811746
-175.39327,21,62116.034185
-184.71044,22,62124.042478
-184.624142,23,62133.448084
-103.546322,24,62142.638705
-167.414472,19,62151.377145
-209.065387,26,62161.647723
-201.531612,20,62172.71833
-188.766315,26,62182.82354
-158.341736,25,62193.519527
-156.156378,26,62203.41417
-136.487821,25,62213.723903
-126.912646,23,62220.830722
-174.936992,22,62229.095139
-211.70633,24,62238.765769
-104.272215,17,62247.381923
-209.733978,23,62257.190528
-225.050614,18,62263.464039
-214.41427,29,62276.714685
-103.338272,22,62285.780191
-190.23045,22,62294.23113
-107.382359,16,62300.663297
-199.764836,26,62310.898794
-165.712088,22,62320.186319
-146.985863,22,62329.538543
-244.372959,16,62335.393924
-171.260496,25,62345.418498
-133.624389,23,62353.69996
-159.947693,18,62362.26995
-111.273095,24,62372.252215
-136.817723,26,62382.485434
-133.945577,23,62391.825383
-201.728901,23,62401.045052
-136.417058,17,62408.484349
-156.146132,20,62416.41093
-151.575295,28,62428.01089
-118.613433,24,62437.764492
-164.115355,28,62449.664295
-102.012913,28,62461.211694
-248.663976,21,62469.287131
-160.971493,26,62479.284401
-139.872717,23,62488.709404
-192.897857,27,62499.756271
-222.497132,23,62509.432224
-191.133368,26,62522.0283
-118.504087,24,62531.07282
-233.678695,18,62538.414643
-214.223571,24,62549.758585
-123.745057,35,62563.496365
-232.768207,26,62573.45046
-216.323083,26,62585.21884
-205.469205,20,62592.921675
-183.248175,21,62600.763049
-181.754569,27,62611.275508
-149.532764,22,62619.570286
-189.084468,17,62628.186281
-123.816465,24,62638.343012
-181.429277,20,62646.475619
-125.253151,24,62655.42027
-109.298837,24,62664.765024
-146.386737,28,62675.82416
-162.302821,25,62686.42504
-87.981294,29,62699.503419
-191.907639,21,62707.929484
-242.245538,10,62711.925878
-154.364945,26,62723.395927
-273.617362,16,62729.844221
-184.264822,25,62739.93544
-162.861206,19,62747.30046
-220.463082,19,62754.196617
-233.663768,21,62762.8742
-271.820896,23,62771.67832
-269.242772,21,62780.397504
-173.272253,24,62791.111569
-228.915307,21,62800.704493
-164.969463,28,62811.496618
-152.312317,26,62824.326279
-186.355336,24,62833.386567
-109.94647,23,62842.5617
-153.843229,25,62853.046885
-156.849556,20,62861.707363
-165.1532,22,62870.869967
-278.732322,22,62879.719135
-244.384141,17,62886.839099
-244.70678,25,63047.067175
-176.350409,25,63057.370052
-131.718005,19,63064.908304
-217.110252,25,63075.85885
-165.088715,26,63086.556556
-131.907895,28,63097.620567
-243.7275,23,63106.656907
-114.385671,16,63113.063503
-219.707323,22,63121.602596
-110.707488,22,63131.465751
-194.626686,22,63139.801698
-119.108671,24,63148.998341
-132.295286,24,63158.39254
-189.421558,20,63167.096857
-142.73506,33,63179.861099
-102.665378,29,63190.878208
-107.848275,22,63200.031654
-230.402185,22,63208.626836
-156.815255,27,63218.98344
-147.168749,26,63228.891294
-173.712031,21,63236.691123
-158.367738,25,63246.704748
-153.933156,20,63254.449478
-207.405541,21,63263.090635
-189.176029,27,63274.940291
-156.912884,30,63285.973497
-199.943808,25,63298.300298
-151.203836,28,63309.117277
-152.392564,28,63320.053508
-173.204086,20,63328.155713
-112.511096,27,63339.063096
-92.027601,26,63349.598808
-103.015343,20,63356.960294
-94.644949,28,63368.654443
-113.318796,23,63378.055421
-194.737164,20,63386.051156
-276.747333,17,63392.747246
-122.604983,22,63401.47708
-163.079937,17,63408.99628
-197.363274,28,63419.431628
-153.548131,21,63428.414342
-126.515431,26,63438.651649
-67.99307,29,63449.975279
-151.616026,29,63461.647894
-200.380088,22,63470.157173
-143.723635,23,63478.871262
-110.035591,26,63489.576589
-172.448718,34,63502.919312
-129.828312,21,63510.478918
-191.471147,21,63520.334415
-105.156958,18,63527.674714
-224.778298,18,63534.738757
-118.623573,24,63543.820038
-135.422943,21,63551.853956
-255.144354,22,63560.426716
-208.744242,23,63570.233223
-218.690711,18,63578.327502
-221.748154,20,63585.971356
-208.647526,26,63595.950004
-145.188287,21,63604.063736
-205.989259,21,63612.560244
-259.367953,20,63620.439141
-202.714429,17,63627.054343
-215.431878,22,63635.709657
-183.950189,20,63643.633826
-161.546078,25,63653.925146
-106.113931,22,63663.052373
-223.312931,15,63668.238611
-253.545157,20,63676.470979
-162.458633,23,63685.563772
-108.900779,15,63691.911996
-242.063156,24,63701.366589
-197.404695,20,63709.410103
-296.654475,23,63718.640115
-227.071307,25,63728.594303
-241.313547,17,63735.399285
-95.079241,27,63747.654089
-152.783561,22,63756.772409
-285.481057,19,63763.7961
-151.139485,24,63773.31299
-144.595382,26,63783.293466
-134.82939,22,63792.98268
-272.861283,22,63802.923626
-254.812433,19,63811.026235
-156.419488,30,63822.636335
-86.567357,25,63833.123595
-113.654754,28,63843.585137
-206.316594,22,63851.712955
-173.957677,25,63860.453271
-281.476975,20,63870.880392
-198.528496,30,63882.266421
-120.971062,19,63889.418205
-201.558493,19,63897.706035
-91.288887,23,63906.652118
-67.663438,34,63920.131825
-192.267822,19,63927.36887
-216.31701,18,63934.890052
-150.337819,22,63943.935753
-270.549232,23,63952.9654
-217.458967,30,63965.324392
-271.445376,16,63972.78112
-114.494193,19,63980.004972
-105.330578,23,63990.989592
-73.952448,28,64001.447704
-169.984818,28,64012.530094
-128.922215,25,64021.845293
-155.676866,20,64029.48354
-212.337624,23,64038.857747
-247.893181,20,64046.872986
-94.279457,28,64059.074896
-224.484962,24,64068.334888
-207.030652,20,64078.321542
-98.303814,26,64089.432326
-202.909714,21,64098.931173
-235.029765,17,64105.928266
-170.606872,32,64120.207837
-126.205388,23,64129.579747
-160.607775,23,64139.189565
-220.987652,17,64147.752406
-288.374547,14,64154.009326
-115.069239,33,64167.157795
-100.066643,21,64175.856318
-209.109444,22,64185.349625
-197.937387,27,64196.028683
-207.073633,19,64204.531785
-155.962266,29,64216.067615
-160.397229,32,64228.287682
-146.588994,33,64241.868617
-116.058588,29,64253.463939
-123.102339,24,64263.214357
-213.194171,24,64272.745301
-172.247592,24,64281.873408
-204.479665,23,64290.847438
-111.133302,26,64300.839914
-146.140389,17,64307.908989
-161.104547,27,64318.116603
-100.070967,23,64328.132163
-137.118093,33,64340.333081
-208.879608,20,64348.337907
-284.035455,16,64354.610495
-169.268771,22,64364.443123
-130.113697,26,64375.267545
-227.18434,21,64383.91974
-223.245019,19,64391.878556
-204.141519,22,64400.918064
-237.718587,21,64408.338082
-227.350961,16,64415.996113
-353.795395,21,64425.511388
-123.344472,29,64436.66936
-146.38445,32,64449.808481
-136.461094,27,64462.477287
-211.527307,18,64471.236546
-125.53137,23,64480.401148
-274.126715,21,64489.388798
-96.015458,18,64496.302148
-98.183691,24,64505.79015
-156.422887,32,64518.42716
-103.154091,24,64527.634964
-185.742299,20,64536.403492
-197.441168,23,64546.306587
-223.200574,14,64552.577469
-91.864096,28,64564.657378
-135.312981,21,64572.676443
-115.012584,41,64589.312737
-210.104697,20,64597.258517
-113.605875,22,64606.592477
-112.811944,24,64616.059719
-161.528329,24,64624.800139
-77.718926,39,64640.487273
-180.787165,27,64655.107373
-128.130093,28,64666.570711
-133.983614,21,64674.728625
-204.904476,21,64683.485937
-131.499882,19,64691.207713
-176.49687,21,64699.895933
-178.084238,22,64708.886145
-253.502371,26,64718.971884
-162.373318,31,64732.098838
-107.007643,27,64742.96908
-177.935243,22,64751.260566
-168.318512,13,64756.823429
-154.446201,24,64766.03702
-143.292535,27,64778.312533
-193.206743,29,64789.454989
-233.826434,26,64800.090804
-147.9194,17,64806.586149
-88.788609,19,64813.368819
-125.65295,25,64824.781548
-155.11896,20,64835.239015
-121.995942,20,64843.083492
-168.60851,24,64852.706944
-146.051887,33,64866.119216
-110.047045,24,64876.675939
-223.720741,24,64887.131299
-119.204294,33,64900.547774
-242.733667,24,64910.011546
-217.823474,23,64918.825045
-156.042377,28,64930.754614
-139.427694,25,64940.691144
-97.377897,13,64945.634149
-124.607474,34,64958.623751
-160.725723,34,64973.241238
-155.500565,18,64980.124151
-132.028245,24,64989.378385
-261.762892,22,64998.684468
-164.258894,24,65007.772986
-193.330643,27,65017.71495
-208.250533,25,65027.746433
-190.977826,28,65038.911004
-138.025481,14,65044.533083
-150.318726,28,65054.827309
-333.48867,19,65063.814936
-206.747348,22,65072.552693
-267.194406,20,65081.082526
-203.467277,20,65088.682403
-283.969486,23,65097.817824
-161.848146,24,65107.126319
-173.877014,24,65116.075014
-177.956906,19,65123.791301
-159.775597,17,65130.752592
-93.330807,29,65142.637121
-259.817079,17,65148.606532
-170.518698,29,65160.508526
-295.387768,19,65168.252903
-215.404793,24,65178.564239
-166.893684,22,65187.027998
-172.87415,26,65197.099817
-212.726778,21,65205.718112
-120.919762,25,65215.464942
-254.707264,23,65225.507355
-169.340056,23,65233.982688
-207.057108,26,65244.935835
-190.521205,21,65253.334813
-133.535856,24,65263.766058
-180.833769,26,65273.934078
-178.192889,22,65283.184866
-124.972195,21,65291.378909
-163.653818,27,65302.376367
-100.488202,13,65307.393293
-200.791735,25,65316.587452
-165.299832,23,65325.643233
-180.358067,27,65336.715791
-128.580892,30,65348.016339
-176.704675,27,65357.989587
-194.051,21,65367.347049
-95.643722,27,65377.202311
-194.070949,25,65386.614625
-104.273957,24,65396.165398
-166.00513,27,65407.359612
-215.999051,17,65416.164685
-186.807993,24,65426.188384
-127.605371,28,65437.376937
-80.823017,32,65450.644298
-171.266869,16,65457.463236
-108.791412,27,65468.276366
-216.932649,19,65476.637495
-215.865463,22,65485.565883
-121.474001,20,65493.761093
-164.556714,24,65503.36248
-210.125741,26,65513.563039
-311.341247,15,65519.326036
-203.089353,22,65528.119993
-153.218802,24,65537.469743
-210.276315,22,65546.412328
-245.213084,25,65556.177119
-141.620036,27,65566.882908
-179.695521,22,65575.887766
-186.935919,22,65584.476353
-162.212067,26,65594.652748
-392.674973,23,65604.235707
-158.171372,29,65615.731679
-217.643437,26,65626.399895
-77.007178,23,65636.023914
-140.613846,23,65644.099903
-146.676167,23,65653.29375
-286.064751,21,65661.536021
-165.532321,24,65671.741642
-117.20499,28,65682.583318
-178.022657,23,65691.517612
-214.154756,19,65699.179311
-146.534743,29,65710.816744
-136.82795,31,65723.069482
-83.938678,32,65735.410553
-107.928931,26,65745.573625
-114.568203,35,65758.856333
-276.943185,19,65768.000277
-142.468226,27,65778.746896
-107.307366,23,65787.520615
-89.859764,27,65798.32315
-106.726906,23,65807.855759
-182.134957,24,65817.827156
-235.205255,25,65828.177653
-158.778192,29,65839.082122
-190.63022,23,65848.23247
-99.611982,21,65856.982375
-78.631271,32,65869.626905
-101.445419,32,65882.761606
-105.489974,25,65892.225065
-122.773517,19,65899.570397
-122.7342,17,65906.268261
-94.689535,24,65915.407903
-131.216188,21,65923.502334
-264.876922,19,65931.485311
-123.622296,33,65943.932808
-102.355549,22,65952.227273
-113.252636,17,65958.841233
-147.136438,24,65968.651961
-310.583818,24,65977.872627
-125.847033,30,65989.919072
-146.187734,21,65998.115214
-168.271054,33,66010.811247
-166.450165,26,66021.265215
-218.349197,28,66032.500045
-138.216095,31,66044.410513
-248.478896,23,66054.438525
-94.701144,23,66063.428925
-88.19527,25,66072.989027
-266.837898,14,66078.484762
-117.37745,31,66090.436086
-198.521901,20,66098.565917
-170.929505,27,66108.8891
-227.177309,22,66117.9452
-201.137112,19,66125.557232
-221.175449,21,66133.452521
-135.125395,24,66142.858744
-169.377507,23,66152.793597
-225.661089,17,66160.673958
-195.214836,23,66169.252784
-169.998375,32,66181.920883
-147.102983,19,66189.754864
-218.856084,25,66199.570839
-171.647768,29,66211.047741
-183.350644,22,66219.351403
-194.317721,36,66234.407676
-198.964572,24,66243.666267
-99.541088,27,66253.864019
-279.720679,26,66265.30938
-134.392104,17,66271.959672
-158.271941,32,66284.209203
-133.572963,20,66292.31026
-192.539716,16,66299.414681
-182.982229,22,66308.986108
-94.704978,14,66316.183351
-108.289424,16,66322.292803
-89.473323,28,66333.339353
-152.215626,25,66343.215579
-103.889213,25,66353.003769
-214.887673,26,66362.902469
-217.429276,29,66374.931816
-219.82909,22,66385.589862
-182.514834,24,66395.594769
-156.773056,34,66409.051144
-105.536889,38,66577.431164
-165.842892,24,66588.759893
-191.681226,24,66597.783582
-195.839753,17,66605.548865
-120.516699,22,66613.86447
-201.549271,21,66622.862899
-224.9518,20,66631.315461
-125.44072,34,66645.637997
-189.612269,23,66655.718775
-100.93109,26,66666.067488
-174.270925,26,66676.730511
-131.240212,26,66686.485834
-174.631998,32,66699.439216
-139.516532,22,66708.141548
-117.065676,30,66719.482116
-216.289662,21,66728.595313
-129.079008,33,66741.605731
-141.434169,40,66758.710838
-178.682969,19,66766.846989
-185.116413,23,66776.033486
-167.760655,25,66786.088509
-142.141479,30,66798.256139
-106.863015,30,66809.854053
-130.393679,23,66818.982845
-174.44574,24,66828.538098
-273.187509,20,66838.022726
-158.893189,29,66849.171359
-93.938012,24,66858.507522
-161.387129,33,66872.276995
-243.722248,19,66878.908582
-202.969464,19,66886.308511
-173.316764,26,66896.543176
-120.338833,29,66907.683773
-236.101682,15,66914.610553
-88.527253,32,66927.101191
-139.066512,38,66942.308505
-219.991306,18,66949.5381
-229.605214,25,66959.878114
-121.864922,14,66965.399357
-176.975666,27,66977.279492
-154.785404,35,66990.92604
-138.206452,23,66999.74805
-208.709276,19,67007.732287
-110.512539,23,67016.741282
-132.04524,31,67029.197582
-186.194706,23,67037.899442
-139.605154,24,67046.941947
-171.06967,23,67055.678822
-212.975065,26,67067.095938
-253.077237,15,67073.213192
-205.408733,20,67080.972054
-126.62783,21,67090.747272
-147.072027,27,67101.246122
-140.047919,27,67111.794765
-47.62025,42,67127.561705
-132.200213,19,67135.07544
-115.756931,14,67140.899669
-168.412491,27,67152.325591
-224.201546,20,67160.322473
-162.226563,28,67171.222816
-128.61641,27,67181.863055
-164.344237,24,67190.791763
-275.533074,17,67198.714375
-146.285148,19,67206.172079
-117.960824,22,67214.122527
-118.741305,29,67225.557941
-159.356655,31,67238.982786
-137.245574,34,67252.282114
-112.472181,28,67263.448042
-189.177239,24,67272.526632
-127.718619,29,67284.138651
-144.349101,31,67296.850399
-249.272268,22,67306.483815
-167.345345,27,67317.5086
-157.91871,31,67329.931877
-249.353602,19,67337.187405
-226.005714,22,67347.162414
-207.200183,21,67354.913111
-142.028869,25,67365.269184
-123.827618,37,67379.330713
-183.69254,26,67389.217156
-205.838473,23,67399.781181
-157.298768,31,67411.918142
-106.955611,26,67424.219158
-127.902985,29,67435.104548
-209.012234,18,67442.183956
-119.365628,25,67452.116377
-168.212195,29,67462.717337
-80.573303,32,67475.197814
-160.822315,34,67488.350946
-204.765403,22,67497.122051
-111.844536,22,67505.457247
-176.156187,24,67514.961464
-111.376587,28,67526.083075
-178.391262,30,67538.401291
-93.447485,28,67549.771633
-127.216997,23,67560.001375
-169.251724,28,67570.800518
-253.960647,23,67580.688574
-223.271084,23,67591.020832
-156.858008,30,67604.758436
-181.933163,26,67614.919795
-117.17212,30,67627.636807
-138.714783,34,67640.556771
-265.360286,22,67649.433691
-164.32801,24,67658.699595
-115.063452,30,67670.529627
-121.429738,24,67680.152174
-166.933895,22,67688.763891
-215.278329,21,67698.383734
-119.008144,23,67706.706177
-184.010416,30,67718.444274
-211.53091,22,67727.001429
-213.137635,25,67739.263929
-225.853083,32,67752.023514
-148.975703,24,67761.792914
-108.721562,17,67768.0964
-80.182897,34,67781.370072
-217.433498,24,67791.215253
-184.812513,22,67799.63139
-86.126983,31,67811.83577
-104.675696,28,67822.399284
-95.583075,29,67834.261024
-131.820851,21,67842.685562
-241.121748,20,67850.905896
-170.086879,23,67859.182819
-60.914465,37,67873.778884
-160.877041,32,67886.307648
-119.777472,27,67896.750414
-125.022495,21,67904.504284
-193.049825,25,67914.767867
-353.511622,22,67923.723422
-126.724785,21,67931.922358
-292.860233,15,67939.76166
-262.262276,19,67947.794051
-98.134739,21,67956.296522
-107.458599,23,67965.129982
-146.297624,25,67975.233566
-195.778631,26,67985.529092
-216.501649,25,67995.138651
-150.024465,28,68007.23457
-87.819396,26,68017.735029
-147.555424,28,68028.832296
-101.423719,21,68037.299766
-241.580291,20,68045.685342
-202.72855,20,68053.491698
-168.148261,27,68063.599025
-190.284767,29,68075.321087
-141.769728,36,68088.85673
-269.893662,19,68096.246384
-228.070931,23,68105.822857
-219.466198,18,68112.842117
-155.091673,25,68122.707142
-119.617852,24,68132.048692
-139.354302,19,68140.051399
-137.328752,21,68149.014101
-151.450819,27,68159.470449
-213.128811,29,68170.914179
-132.240735,26,68181.671349
-210.326528,24,68192.088618
-147.466934,32,68204.252965
-145.276974,31,68216.00913
-120.800687,20,68225.476215
-92.569909,31,68236.967279
-129.534871,29,68249.534065
-124.32055,24,68258.874956
-187.507684,22,68267.068473
-73.179394,29,68278.384257
-333.152418,23,68287.428958
-124.884855,28,68300.506752
-175.727525,20,68307.88171
-160.605883,22,68319.118589
-100.146356,30,68332.883893
-181.266527,32,68345.836368
-153.19537,25,68355.303971
-141.678053,27,68365.849751
-146.22788,10,68369.668997
-125.899589,29,68381.0306
-236.213994,19,68388.684382
-203.483161,24,68398.106876
-155.322471,23,68407.259793
-201.218261,23,68415.399788
-174.459418,27,68426.040308
-231.23839,22,68434.926115
-97.483366,25,68444.835579
-119.545812,27,68455.19054
-145.800141,27,68465.114213
-153.608417,26,68476.063623
-190.346121,25,68485.864947
-218.32735,19,68493.247097
-163.571947,17,68500.377651
-120.696689,20,68508.793131
-189.094367,23,68518.499944
-122.598209,23,68528.819032
-143.241859,30,68539.861312
-98.447844,32,68552.536719
-137.495974,25,68562.409847
-106.704506,19,68569.434726
-136.684991,28,68580.028966
-156.138586,32,68592.731429
-203.103254,22,68601.696696
-137.862041,28,68613.451653
-142.514202,25,68625.684897
-260.632013,21,68634.527509
-144.607386,36,68647.506231
-156.81268,31,68661.466709
-133.06072,29,68672.228436
-217.491274,21,68681.040582
-103.03484,23,68691.017247
-178.4682,27,68701.79551
-206.050847,20,68710.750014
-111.054566,20,68718.133293
-124.051957,35,68731.723066
-188.49827,26,68742.401449
-97.387506,32,68753.817807
-174.091037,20,68763.151337
-191.876632,21,68772.011258
-115.01512,29,68783.890288
-119.388471,28,68794.381471
-160.218866,23,68803.939636
-139.855802,25,68813.620183
-139.867173,17,68820.555187
-163.607323,27,68831.997151
-196.565529,29,68843.267562
-264.402675,17,68850.313991
-99.651851,43,68866.231014
-174.004571,32,68878.71388
-126.043981,24,68888.116189
-100.513791,24,68897.653482
-213.912554,30,68909.726809
-104.113272,17,68917.012243
-169.429373,24,68926.802267
-160.091176,25,68936.371367
-100.606809,22,68944.705135
-152.80026,27,68954.517118
-103.675523,32,68966.826537
-76.093963,22,68974.912651
-184.548581,18,68982.166377
-176.017463,24,68991.935722
-161.994081,22,69000.665219
-184.044359,25,69010.488614
-90.370477,26,69020.035497
-170.367044,25,69029.425668
-163.980091,19,69037.032045
-164.77924,35,69050.941754
-286.848015,20,69059.18215
-110.704188,23,69067.671783
-88.267368,26,69077.841332
-137.260735,22,69086.461299
-90.644496,41,69102.466745
-157.922186,25,69112.357051
-126.24353,23,69122.305562
-101.821241,34,69135.242173
-151.92619,35,69149.817971
-154.268597,28,69161.140231
-110.465193,26,69171.647598
-114.199602,35,69186.230752
-207.924772,21,69193.854737
-92.165242,26,69204.371825
-208.515951,31,69216.701014
-165.005275,39,69232.249479
-238.303069,21,69240.581999
-211.060527,28,69251.070098
-171.7859,26,69260.359901
-96.337608,21,69269.043784
-163.705992,24,69278.428934
-166.646273,24,69287.685267
-167.594848,24,69296.928828
-220.33379,22,69308.154351
-238.287149,17,69316.362445
-146.611442,28,69328.561517
-195.75839,27,69338.686552
-191.399648,28,69350.540754
-53.046174,32,69362.611683
-219.004285,31,69375.105068
-141.071534,28,69387.194578
-182.360813,25,69397.224891
-215.857695,22,69406.241681
-152.736912,28,69416.619555
-130.823465,24,69425.53159
-243.557207,23,69434.692725
-171.731412,30,69446.61602
-167.718176,32,69460.751039
-218.088001,23,69469.435548
-73.314638,38,69483.855056
-180.29648,34,69498.016672
-53.355039,41,69513.795362
-133.796374,29,69525.200889
-121.731448,23,69531.973728
-126.094229,28,69542.586862
-106.711244,27,69552.427858
-113.448834,23,69561.288457
-129.540681,32,69573.800425
-173.364384,22,69582.418273
-129.522234,23,69591.464855
-179.350706,22,69601.098277
-123.872858,22,69609.935645
-243.131318,23,69618.626164
-176.417646,29,69630.313002
-127.4087,24,69640.264962
-121.277915,23,69649.089106
-136.958292,25,69660.952981
-102.044776,11,69665.147355
-102.205496,33,69677.73847
-108.000894,28,69688.842116
-172.073385,24,69698.832732
-257.860889,26,69709.10204
-127.651909,25,69719.839787
-235.315252,23,69728.486288
-187.444666,22,69737.146329
-161.970434,30,69749.19044
-108.929609,34,69762.108655
-119.438069,26,69772.490385
-157.984418,26,69782.876171
-137.230065,29,69793.655153
-271.50884,13,69798.687952
-123.237981,23,69809.957014
-223.634786,22,69819.435597
-229.157949,26,69829.403162
-91.550354,27,69839.98894
-95.46221,31,69852.026156
-138.532888,31,69863.990185
-154.001889,25,69874.005957
-162.847051,18,69882.534646
-147.550583,38,69897.322928
-154.473415,26,69908.242979
-149.508829,18,70083.210734
-162.093511,31,70094.746525
-163.083913,28,70105.292066
-114.004343,26,70115.806632
-150.275552,29,70126.902517
-110.226118,30,70139.29024
-137.443516,28,70149.837329
-198.579938,20,70157.525762
-101.9535,17,70167.215833
-82.14496,24,70177.411939
-99.306923,24,70186.277825
-138.488961,33,70198.550045
-103.08205,29,70209.597622
-167.610447,24,70217.89172
-117.865772,25,70227.861917
-183.019675,20,70235.419769
-130.603035,35,70249.378049
-226.422349,21,70258.404209
-120.867277,20,70266.064331
-311.954586,21,70274.376109
-235.137966,25,70283.71896
-127.605868,28,70295.736228
-180.152431,25,70309.094968
-223.425286,23,70317.758164
-137.280077,38,70332.681834
-138.54782,28,70343.471661
-205.380419,22,70352.621099
-133.103775,37,70367.111715
-189.592934,27,70378.68692
-172.639352,29,70389.786792
-122.497939,24,70399.1235
-122.625629,27,70410.561575
-140.705059,28,70421.451879
-131.478607,26,70431.33996
-154.722856,20,70439.025147
-83.45876,31,70450.599134
-218.87969,26,70460.536562
-109.461915,26,70470.065489
-92.699845,30,70482.847943
-112.127996,24,70491.832814
-200.72024,22,70500.367746
-222.160072,23,70509.201983
-231.725308,21,70518.195824
-110.576535,21,70528.185015
-159.166475,29,70540.01078
-91.964585,33,70552.098541
-116.125416,37,70566.193422
-97.975049,28,70577.025722
-137.824857,29,70587.990664
-82.475879,29,70598.99409
-96.090297,21,70607.55193
-207.172605,25,70617.877506
-137.4187,33,70631.070908
-83.845872,41,70647.704303
-201.954023,22,70656.110159
-232.789522,21,70664.501564
-251.303146,27,70675.892607
-270.307881,35,70689.736027
-129.576428,23,70698.753557
-186.212904,19,70709.578844
-113.62661,33,70722.140735
-98.140343,21,70729.929902
-154.526058,33,70742.809567
-103.340276,28,70753.76318
-116.99167,30,70765.428781
-185.28366,30,70777.612619
-168.443225,28,70788.164604
-81.961001,40,70803.717079
-109.91351,24,70813.884923
-107.347003,28,70824.791915
-185.63249,21,70833.63939
-257.782454,19,70841.420233
-98.654618,29,70852.4224
-218.301002,20,70859.707736
-149.967927,40,70875.36589
-91.027171,36,70891.296712
-198.063399,23,70902.724567
-183.232962,22,70911.503524
-179.318316,23,70919.839718
-147.84541,33,70932.984826
-251.377931,11,70938.721275
-271.058534,22,70948.16039
-136.595942,26,70958.772662
-100.068979,40,70974.37621
-257.440937,16,70980.74498
-209.894041,21,70988.85099
-167.726012,27,70999.13079
-200.04932,23,71007.554578
-106.248422,34,71019.18631
-203.737814,21,71027.640769
-109.85387,12,71033.503718
-228.652201,21,71041.473626
-57.789417,37,71059.067571
-128.922495,23,71068.483389
-142.529265,33,71081.010164
-117.38199,30,71092.041662
-126.552739,25,71102.490433
-202.798041,18,71109.39483
-150.181943,30,71121.347578
-139.269361,37,71135.821547
-189.530611,27,71146.83426
-244.889419,15,71153.363662
-123.292196,24,71163.492904
-170.953482,25,71173.679015
-100.921565,30,71185.324294
-103.964483,38,71199.968531
-128.959234,31,71212.001416
-189.077591,22,71222.158384
-191.178929,29,71233.633919
-127.472045,33,71247.1068
-180.881151,24,71256.808067
-180.603797,21,71264.902869
-195.451707,29,71278.200151
-259.07035,19,71286.125628
-114.245916,24,71294.776479
-200.134578,21,71304.94386
-105.971547,34,71317.303245
-134.448037,27,71327.861742
-183.097313,28,71339.935655
-165.327176,18,71347.172677
-153.942767,34,71360.089421
-79.65213,25,71368.942695
-193.353075,23,71377.487534
-269.001286,21,71386.393365
-82.320914,35,71400.986396
-99.885492,28,71413.186111
-74.379544,33,71427.405257
-150.6264,23,71436.80378
-80.113453,37,71451.398294
-117.768818,24,71460.613106
-143.333485,28,71470.957982
-102.912247,23,71479.816465
-137.217389,28,71491.319014
-98.107906,33,71503.895801
-181.587439,27,71514.292887
-104.395031,26,71525.029373
-77.405958,30,71536.539628
-176.771878,38,71552.503237
-186.457332,21,71560.869047
-138.76989,31,71573.145585
-73.836439,30,71584.951756
-212.019569,25,71595.338917
-149.420941,26,71605.792718
-127.367246,24,71615.38693
-99.43742,27,71625.903618
-265.549227,18,71632.702924
-217.387938,22,71640.699729
-104.520464,25,71650.469276
-194.14281,17,71657.242361
-209.291094,24,71667.015626
-158.5484,26,71677.056004
-115.811085,25,71686.803054
-146.361245,25,71696.465112
-142.73121,26,71706.306584
-192.298781,25,71715.867742
-137.339896,31,71728.066251
-95.807272,31,71740.001504
-139.624865,29,71751.573159
-211.112227,18,71759.03675
-203.577881,26,71768.269642
-122.117705,29,71779.778223
-171.12331,24,71788.883519
-140.259683,28,71800.108492
-241.377056,19,71807.655256
-145.496801,25,71817.384099
-205.60073,24,71827.336593
-161.858842,28,71838.715285
-258.302439,17,71845.538677
-93.462824,32,71857.778974
-184.365973,26,71868.003792
-155.05587,29,71879.856116
-66.686137,39,71894.956961
-132.66597,32,71908.401889
-130.274996,25,71918.121408
-112.695995,21,71926.803007
-102.779427,28,71937.819988
-200.730859,15,71943.75227
-179.77869,29,71954.654231
-111.374868,23,71963.262944
-193.708638,25,71973.900807
-265.637398,23,71983.212896
-130.916876,26,71993.830329
-230.322574,14,71999.478577
-75.41837,27,72009.644672
-63.353232,32,72021.987716
-134.876123,32,72034.377393
-166.810697,29,72045.203126
-91.750311,33,72057.754465
-207.887535,19,72067.174061
-100.351439,32,72079.298771
-158.24208,26,72090.598752
-158.171508,25,72101.605322
-146.271385,32,72114.873159
-208.64793,22,72123.611802
-133.116021,28,72134.88628
-159.13584,26,72144.478567
-131.826611,25,72155.504355
-123.447669,31,72167.393715
-194.299265,22,72176.302764
-92.735171,35,72189.526945
-117.500633,26,72199.362138
-205.757493,21,72207.170545
-97.823898,33,72220.323638
-92.3719,21,72229.28121
-155.523061,25,72238.980151
-121.859923,22,72247.293779
-101.884882,29,72257.820268
-123.700936,22,72266.571004
-173.566139,25,72276.038034
-189.428293,17,72282.427518
-187.142689,27,72293.471454
-208.431282,24,72304.393926
-121.705589,26,72316.110615
-231.426991,16,72323.895911
-149.355399,21,72335.146943
-181.985614,22,72344.333623
-189.586439,24,72353.003037
-161.462443,22,72361.734174
-219.720367,26,72372.73942
-231.290449,15,72378.962862
-184.034998,28,72389.798946
-217.857284,16,72396.053606
-244.342192,24,72405.656148
-172.737306,20,72414.979996
-141.913888,36,72429.971435
-101.1352,28,72440.445714
-176.90074,24,72450.310813
-68.731247,46,72468.101623
-100.53511,30,72480.112431
-82.536315,25,72490.190039
-156.466971,19,72498.105282
-183.911208,22,72506.37499
-106.879705,39,72521.910211
-227.557985,25,72531.794219
-139.381334,27,72541.845504
-179.15422,31,72554.396845
-143.041397,30,72566.374346
-76.627271,26,72576.580915
-121.357648,20,72584.287624
-237.260273,22,72593.11386
-168.982432,27,72604.016126
-142.628063,31,72615.999655
-169.942516,27,72626.456478
-185.069546,26,72637.267393
-157.764361,25,72647.036647
-163.255401,21,72655.748804
-106.180298,29,72667.889383
-93.034596,24,72677.221709
-215.646217,22,72685.570688
-91.368848,31,72697.686568
-90.22863,32,72709.979354
-131.520538,26,72720.641722
-72.39661,31,72732.583132
-79.852585,36,72746.568343
-66.421427,27,72757.023
-151.080476,32,72770.387054
-190.084554,29,72781.955363
-194.549166,17,72788.566795
-145.12267,27,72799.417803
-153.770231,28,72810.303059
-292.239281,16,72816.391225
-182.860538,27,72826.706694
-99.715734,26,72837.652104
-105.462022,32,72850.09111
-79.59493,32,72861.713542
-124.177537,29,72872.550686
-146.93673,28,72883.802787
-176.389491,25,72892.966101
-99.697156,21,72901.365878
-92.608928,29,72912.722586
-117.032725,39,72928.196589
-196.152908,18,72936.600565
-204.506002,22,72945.012268
-88.023273,25,72955.13808
-200.298524,27,72966.466507
-195.252626,26,72977.220834
-236.485439,16,72983.387356
-64.051807,29,72995.812987
-110.241458,27,73006.60828
-123.734826,27,73017.369744
-162.565833,30,73029.059633
-114.163835,25,73038.573626
-151.859618,24,73047.822216
-121.059518,34,73061.505959
-91.876313,30,73074.898897
-51.530724,37,73090.044049
-139.263019,24,73099.101235
-127.604143,25,73108.289148
-140.271128,26,73118.576399
-83.434094,31,73130.749234
-113.719393,25,73140.436082
-116.852873,29,73151.77743
-123.140893,27,73162.385326
-73.395658,31,73173.848122
-160.186217,30,73185.543186
-67.360662,37,73200.788169
-88.813097,27,73211.935162
-139.427058,27,73222.138079
-119.022613,26,73232.128166
-118.781994,24,73241.838038
-132.153378,26,73251.612972
-128.161543,33,73265.281221
-133.501493,29,73276.448379
-92.046763,32,73288.864399
-255.448705,23,73297.813578
-104.074096,36,73311.978782
-182.097139,23,73320.168278
-105.638829,26,73330.711544
-110.962821,22,73339.393932
-168.116026,27,73351.361923
-182.58915,29,73362.479294
-139.177665,32,73375.179821
-221.409626,19,73383.848569
-179.76767,29,73394.907305
-127.827736,12,73586.668293
-131.138437,36,73600.678608
-120.671581,30,73612.123422
-146.282576,29,73623.942484
-216.687442,25,73633.96556
-194.428143,20,73643.99909
-63.786677,34,73657.313128
-65.693292,51,73676.722579
-118.450831,19,73684.150625
-221.764,18,73691.605202
-140.577753,31,73703.470663
-143.137079,35,73717.576387
-133.254119,23,73726.02131
-149.868644,33,73738.333743
-146.964068,24,73747.870949
-68.418772,42,73764.230127
-188.292516,26,73774.936128
-186.174736,24,73784.008663
-122.836909,36,73798.540381
-109.057138,25,73807.991111
-65.678553,31,73819.158557
-163.506437,27,73829.340348
-101.69214,35,73844.058437
-229.094804,19,73852.495868
-160.753753,27,73862.815115
-122.5457,26,73872.644824
-263.450523,29,73884.057222
-145.57131,27,73894.129492
-138.028208,24,73903.153912
-145.486785,28,73914.009623
-121.010333,28,73924.729107
-266.249997,26,73937.049655
-251.557505,16,73945.575535
-188.311949,30,73958.208821
-97.153473,25,73967.77186
-149.570672,32,73980.3549
-116.999958,34,73993.731467
-183.898978,34,74007.04097
-141.79836,32,74020.677832
-210.070527,27,74031.183592
-177.531733,36,74046.780272
-167.976665,36,74059.99595
-117.504253,30,74071.509365
-147.5798,28,74082.50952
-124.635398,27,74093.375306
-163.798785,31,74105.755132
-182.11757,25,74117.370641
-97.174351,31,74129.138348
-189.375196,37,74144.205659
-79.645029,35,74157.389641
-141.288431,35,74172.169197
-218.049075,27,74182.539867
-100.014869,28,74192.748745
-168.543635,23,74200.384744
-187.396846,24,74208.260085
-96.52236,37,74221.733035
-156.129953,24,74230.311999
-72.19488,25,74238.795299
-100.977848,29,74247.926645
-180.876303,24,74255.632493
-112.614233,16,74261.634634
-109.177869,38,74273.995559
-214.671613,21,74280.899675
-98.390263,28,74289.90017
-112.465355,26,74298.136641
-164.428083,23,74306.520118
-75.849847,33,74317.248214
-178.08977,27,74326.20543
-153.60211,36,74337.822632
-77.69405,35,74349.169905
-189.19517,20,74355.564433
-98.161262,33,74366.305322
-238.986974,18,74372.73196
-114.986157,22,74380.014618
-82.985946,28,74388.938961
-144.258408,30,74399.575879
-144.053948,33,74409.890389
-123.66985,35,74421.87332
-164.533692,22,74429.158972
-162.306459,26,74437.737447
-78.22951,26,74445.953661
-148.060356,27,74455.075175
-82.356844,31,74466.038309
-88.692356,29,74475.519518
-120.372584,25,74484.039724
-186.053307,23,74491.717287
-123.40951,32,74502.112284
-146.793752,33,74513.067168
-103.045334,29,74522.724715
-105.604784,27,74532.318172
-172.147319,25,74541.607873
-151.72522,25,74551.076296
-115.810073,32,74561.490246
-148.715819,31,74571.506792
-145.559,25,74579.277528
-183.092751,24,74587.745292
-137.697509,23,74595.471899
-50.881583,33,74606.634167
-211.002627,35,74618.22569
-79.98709,33,74628.791381
-71.608799,38,74640.773398
-124.970864,23,74648.118068
-185.406631,27,74657.398939
-236.063936,25,74665.426456
-67.200316,29,74674.761999
-132.146617,26,74683.295364
-75.01142,25,74691.680378
-70.043183,30,74702.143853
-142.707139,24,74710.558966
-155.765974,27,74719.593811
-115.897645,38,74732.955406
-108.37588,25,74741.175114
-166.067346,26,74749.462205
-120.642151,28,74758.834404
-51.631902,43,74772.97399
-137.758135,30,74782.646002
-107.886105,26,74790.885406
-88.422458,17,74796.638009
-155.31079,25,74804.577101
-229.258582,23,74812.290372
-66.962451,32,74822.698921
-117.490698,29,74832.937399
-103.995401,30,74842.682654
-110.887459,26,74850.79162
-153.360813,25,74860.111204
-116.230002,25,74868.532735
-96.24901,32,74878.777389
-146.839967,22,74886.697382
-161.050602,27,74895.639511
-79.35427,29,74904.978943
-190.006265,25,74913.151464
-96.938946,27,74921.982722
-109.902241,29,74931.234466
-98.150044,35,74943.223347
-133.326028,28,74952.835435
-182.656762,30,74962.304135
-204.780693,23,74969.983027
-203.890162,23,74978.503278
-145.286702,28,74987.604923
-79.627146,40,75000.661375
-167.520291,31,75010.803604
-112.919143,27,75019.641224
-122.827086,33,75030.545645
-93.584145,24,75039.064696
-134.148818,24,75047.138342
-115.459815,37,75059.170617
-151.020252,27,75067.90792
-69.491739,34,75079.515068
-143.808115,27,75088.157162
-148.329063,36,75099.725537
-50.456215,36,75111.509962
-109.404223,29,75120.836587
-96.477744,30,75130.852637
-186.419698,30,75140.346525
-194.25775,24,75148.075437
-135.817222,23,75155.503016
-70.325059,28,75164.753485
-110.343964,30,75174.468021
-139.129683,40,75187.462062
-143.987537,34,75198.849568
-72.771385,33,75209.350439
-114.394686,29,75218.980694
-189.482312,24,75227.032095
-55.118926,37,75238.973686
-95.653504,33,75249.66868
-193.17431,23,75257.532068
-167.033859,25,75266.011484
-87.025496,40,75278.689342
-111.474636,35,75290.691496
-129.17232,28,75300.135997
-128.731239,30,75310.658463
-143.21193,24,75318.715929
-123.995597,30,75328.538555
-166.508451,21,75336.15014
-53.175847,41,75349.313709
-111.280281,25,75357.58918
-176.559897,26,75365.936352
-102.422586,27,75375.485335
-108.173212,37,75388.047705
-157.510251,22,75395.164098
-87.202611,29,75404.616767
-97.217251,32,75414.958714
-48.184845,37,75427.240588
-126.144047,21,75433.923471
-104.434869,26,75442.821781
-126.599587,29,75452.382778
-204.588965,27,75461.184307
-163.265081,33,75471.906809
-218.107874,20,75479.332864
-174.998805,25,75487.531592
-126.746866,30,75498.441579
-170.97639,36,75510.143938
-90.049041,32,75521.103871
-112.43847,25,75529.208446
-176.017283,25,75537.311291
-166.333972,29,75547.137746
-89.341506,25,75555.276134
-174.22696,35,75566.913512
-68.380429,34,75578.091386
-308.201584,21,75585.711677
-73.794748,31,75596.414784
-155.201234,27,75604.990488
-132.394428,26,75613.928424
-157.155694,28,75623.27245
-153.878033,28,75632.77825
-205.083363,24,75640.528272
-148.594726,25,75649.127872
-160.329818,30,75658.723955
-90.758585,44,75673.061703
-77.471809,36,75684.830405
-192.529004,25,75694.053742
-223.645484,17,75700.361026
-18.844137,50,75716.924474
-114.192619,23,75724.474217
-76.662856,40,75737.434888
-91.816133,27,75746.315897
-125.504097,27,75755.20574
-95.037085,31,75765.353063
-117.315769,28,75775.061019
-83.775204,24,75782.794968
-174.880778,24,75790.726438
-170.01586,19,75798.225295
-113.077645,39,75810.85287
-72.693281,46,75826.625294
-96.568027,44,75840.725608
-208.621928,22,75847.819566
-144.062416,26,75858.776079
-139.023078,26,75867.329687
-287.824847,15,75873.179747
-171.499129,27,75882.329161
-193.968842,28,75891.552672
-92.686891,34,75902.474405
-205.520526,25,75910.353802
-130.826204,26,75918.943623
-127.635455,27,75927.916908
-157.096895,26,75936.459382
-120.175107,32,75946.929707
-184.820973,25,75955.315877
-114.487147,38,75967.593529
-221.754418,25,75975.771327
-139.353398,27,75984.076558
-150.441337,31,75994.197539
-141.240197,21,76001.563258
-106.036507,29,76010.959862
-164.372331,25,76019.668376
-71.822037,34,76030.520896
-190.300794,30,76043.858444
-105.576373,30,76053.532608
-98.583288,42,76066.94974
-154.005261,28,76075.995688
-114.308085,32,76086.090237
-217.293188,18,76092.324343
-77.120287,26,76101.158197
-154.658312,25,76109.083988
-93.60119,20,76115.59504
-149.46268,24,76123.706115
-118.754562,36,76135.103819
-85.849903,40,76148.089568
-203.815491,28,76157.768167
-105.270333,26,76166.732993
-111.246298,34,76177.47831
-156.822493,28,76186.383172
-168.870478,33,76196.989482
-137.837854,30,76206.983641
-257.919597,22,76214.571967
-237.446643,19,76219.837818
-166.807037,24,76227.724837
-107.889968,23,76235.39308
-116.209398,22,76242.258348
-132.58008,24,76250.173902
-192.035324,25,76258.265749
-108.320205,27,76267.607416
-97.133299,36,76279.110623
-169.628574,23,76287.174174
-183.389671,20,76295.038261
-114.127793,24,76302.8333
-119.66195,43,76316.369057
-140.661302,23,76324.545774
-235.363472,23,76332.285716
-167.882625,26,76341.410895
-163.138793,32,76352.321586
-83.070357,31,76362.157624
-138.921543,26,76370.312876
-89.669586,27,76379.019494
-204.692977,17,76385.47783
-129.816729,32,76395.668383
-116.750322,40,76408.610575
-77.998045,30,76418.285422
-82.331728,30,76427.981382
-199.151378,29,76437.481909
-124.395211,30,76447.762748
-77.357387,51,76627.590244
-100.898853,23,76635.208377
-158.257724,28,76644.140988
-115.968713,29,76653.42357
-143.8675,26,76662.125042
-85.984572,20,76668.928037
-233.267088,20,76676.379998
-175.519467,28,76685.407203
-149.669571,27,76694.085353
-121.119706,29,76703.211365
-114.70938,24,76710.89777
-114.086153,24,76719.470025
-72.532928,29,76728.998035
-106.513581,41,76742.178569
-87.096362,37,76754.512859
-104.664508,26,76763.349522
-134.021853,28,76772.357345
-201.039063,26,76780.930179
-117.136329,33,76791.72745
-153.884194,33,76802.251319
-73.184538,30,76812.24138
-197.090707,30,76821.697068
-78.997895,28,76830.788553
-79.687781,33,76841.847358
-70.675097,33,76852.587881
-111.071357,36,76864.665174
-107.947357,30,76874.548849
-22.54241,56,76892.90452
-99.337305,29,76901.903308
-153.079198,25,76910.104881
-53.730782,35,76921.516509
-158.367401,33,76932.590676
-178.382452,27,76941.671362
-84.154371,28,76950.879534
-88.614453,29,76960.468155
-74.365341,27,76969.051189
-149.980318,28,76978.251675
-129.210805,29,76987.985481
-72.369594,41,77001.632204
-101.131019,46,77016.150521
-113.019449,42,77030.093926
-196.409935,23,77037.529213
-103.103075,33,77048.28694
-96.90833,26,77057.803025
-160.209221,33,77068.262416
-179.06302,30,77078.195845
-54.706752,33,77088.684764
-194.564631,25,77096.768057
-121.30799,36,77109.318993
-230.475353,22,77118.607079
-97.89083,21,77125.288135
-50.596211,36,77137.581813
-131.530768,24,77146.776171
-117.186816,32,77156.726978
-69.313757,38,77169.244205
-163.79418,28,77178.57584
-162.170341,33,77189.543878
-81.467406,32,77199.891563
-141.207799,28,77208.89542
-171.599506,24,77216.80109
-84.816093,46,77232.481463
-84.745419,33,77243.308495
-77.261062,23,77250.440758
-48.168176,39,77263.339689
-123.736943,36,77275.140729
-81.454871,29,77284.909211
-118.669766,25,77294.025045
-101.572942,28,77303.279847
-132.105732,35,77314.569241
-121.09194,33,77325.340738
-88.024915,30,77335.135445
-189.153607,28,77344.450603
-186.473271,23,77351.926009
-61.2682,40,77365.666324
-156.266936,40,77378.478697
-119.64323,40,77391.846119
-82.501046,38,77404.386263
-132.005894,39,77418.222054
-177.981533,22,77425.429489
-44.034132,39,77438.572855
-96.315832,27,77447.058136
-132.791813,32,77457.182784
-71.895782,36,77469.341819
-221.044385,23,77477.333078
-184.679145,24,77485.71404
-146.214431,33,77496.380567
-152.639696,29,77505.568642
-135.939874,25,77513.635655
-91.214291,38,77525.856405
-174.953918,24,77533.709874
-176.060257,23,77541.318736
-164.610218,30,77552.023997
-163.459441,25,77560.305348
-138.256262,36,77571.859652
-131.917078,27,77580.372288
-70.099934,43,77594.517469
-211.876081,27,77603.280147
-95.912401,36,77615.507001
-97.356068,39,77629.29328
-123.896482,24,77636.970745
-80.842305,42,77650.631608
-148.8641,34,77662.806337
-99.441776,40,77676.269459
-136.773158,35,77687.536512
-132.548863,32,77697.733168
-79.291347,32,77708.01747
-167.561745,20,77714.729054
-84.741568,30,77724.050803
-178.093904,28,77733.309952
-102.091137,25,77741.402136
-64.870168,55,77759.116096
-87.846143,29,77768.707557
-112.53594,25,77776.99733
-74.265014,36,77788.851776
-121.044234,22,77796.243541
-194.488932,22,77803.532036
-121.062918,33,77814.384522
-41.113227,35,77825.874414
-183.018697,37,77838.321257
-178.807483,26,77847.246852
-48.985491,32,77857.284776
-166.265015,29,77866.774076
-109.955765,35,77879.036771
-65.659617,43,77894.516139
-113.273625,33,77905.081986
-134.309641,31,77915.868206
-75.4334,47,77931.13443
-117.436324,26,77939.354107
-173.81593,28,77948.402282
-160.14765,24,77957.691371
-125.472967,28,77966.425879
-56.641729,32,77976.736807
-170.20293,29,77993.591983
-124.141556,25,78004.893574
-188.188007,25,78014.212416
-104.777967,24,78023.927447
-209.082745,19,78032.073341
-62.115102,34,78045.802786
-97.953683,37,78059.991831
-181.556795,21,78067.63701
-172.345728,35,78080.295829
-70.889559,38,78092.948691
-166.764995,27,78101.948525
-146.429662,31,78112.937471
-174.73533,25,78121.146952
-120.879762,29,78130.528335
-199.755613,27,78139.531199
-119.504732,26,78148.055227
-177.719609,30,78158.543983
-75.71651,33,78169.341032
-147.506414,35,78180.853591
-82.183369,44,78195.800129
-106.911964,30,78205.816007
-156.250032,25,78214.09441
-80.68181,56,78232.869421
-89.586261,26,78241.37866
-41.568787,51,78259.41094
-140.766168,32,78270.487075
-137.576739,26,78279.113988
-186.713678,24,78287.532654
-116.488799,34,78298.825702
-114.467372,31,78310.383188
-171.752567,23,78318.02512
-166.148802,28,78327.342099
-92.795163,26,78335.558044
-103.595654,24,78344.452509
-97.810848,31,78354.665829
-102.795364,29,78364.307646
-54.988757,42,78378.161424
-114.166367,28,78387.635538
-114.621074,36,78399.726144
-149.536474,26,78408.959959
-205.090872,24,78417.04099
-105.945443,38,78429.154425
-86.761421,23,78437.27559
-94.680439,43,78450.713104
-123.697548,25,78459.013334
-116.525669,39,78472.061351
-134.980916,28,78481.626495
-185.405798,44,78496.034754
-73.636356,40,78508.945549
-172.207986,36,78520.542979
-190.144076,17,78526.278117
-207.726514,19,78532.676856
-83.257487,47,78547.674014
-81.424481,48,78563.689978
-162.97752,31,78573.617087
-86.196798,36,78585.790776
-105.367526,42,78599.729875
-168.642359,26,78608.236263
-94.243822,26,78616.543485
-26.632434,46,78631.360199
-138.177831,34,78642.273252
-95.078104,31,78652.416145
-193.159658,25,78660.313516
-116.527227,27,78669.011336
-62.6624,36,78681.081914
-64.011308,48,78696.689897
-107.901525,36,78708.538971
-63.415097,39,78721.563188
-141.78319,25,78729.624272
-91.220381,34,78740.771816
-122.443324,28,78749.239229
-225.203677,24,78758.130735
-133.565585,27,78767.325995
-147.929865,34,78778.872225
-135.712152,26,78787.120051
-59.312295,35,78798.834255
-33.908781,40,78811.906049
-175.689109,36,78823.041451
-62.658966,42,78836.843439
-101.184434,37,78849.00475
-82.833937,28,78858.840772
-256.393998,23,78866.535962
-153.555237,27,78875.142903
-137.506004,30,78884.684785
-103.403542,32,78894.943776
-154.253109,30,78904.583717
-144.211318,28,78913.569304
-56.259792,35,78925.022829
-113.55871,30,78934.87143
-83.433472,30,78944.230372
-69.592855,34,78955.669055
-146.421071,41,78968.740653
-60.880282,33,78979.79192
-71.89565,29,78989.248936
-112.50848,34,79000.62394
-120.039257,29,79009.799464
-171.077605,28,79019.291276
-79.278223,30,79028.979276
-86.10213,37,79041.151466
-72.075094,36,79052.672226
-166.52015,36,79064.251409
-70.415959,37,79077.352434
-164.486673,31,79087.245987
-63.073698,49,79103.347197
-101.039468,25,79111.200949
-81.028457,27,79120.96398
-134.402503,38,79133.629967
-85.733085,35,79145.088276
-121.003188,39,79158.30048
-101.611521,31,79168.827914
-86.172124,39,79181.175451
-84.868812,31,79191.42288
-84.690201,39,79203.539905
-287.740553,19,79209.84802
-98.692832,29,79219.853449
-118.945065,35,79231.142439
-151.853852,32,79241.451233
-52.959808,43,79255.422724
-89.562853,27,79264.243917
-193.766082,23,79272.05863
-190.466413,22,79279.118563
-151.971685,26,79287.364834
-126.836355,34,79298.28773
-90.657948,24,79305.922536
-57.063229,44,79320.20503
-85.66672,26,79328.523684
-219.342213,27,79337.427692
-166.957262,30,79347.42959
-113.215322,28,79356.476952
-19.561705,51,79373.098716
-61.486538,42,79386.325416
-93.362023,41,79569.925918
-101.093207,39,79582.625528
-147.030938,25,79590.905269
-85.456568,36,79602.340793
-107.033662,27,79611.150466
-133.338853,32,79622.360554
-103.354014,30,79632.397207
-29.103928,42,79646.18439
-54.886771,39,79658.897515
-58.685487,35,79670.30953
-116.888101,28,79678.965277
-135.043474,27,79687.637733
-155.170288,30,79697.225709
-218.907595,32,79707.516292
-107.497526,38,79720.570064
-143.850877,30,79730.530256
-144.832222,34,79741.922576
-173.212419,26,79750.833718
-90.181498,31,79760.852767
-62.230967,30,79770.565915
-132.248201,51,79786.651307
-205.091213,33,79797.427725
-131.710455,30,79807.311937
-175.244515,24,79815.446399
-61.997819,35,79826.566521
-70.199718,40,79839.964039
-181.940868,21,79847.556833
-86.087955,35,79858.8241
-59.687489,43,79872.917787
-44.872583,40,79886.037302
-159.751473,20,79892.518514
-77.669706,44,79906.678499
-87.957859,43,79921.05183
-122.073217,39,79933.709004
-92.6688,28,79942.621764
-98.482547,41,79955.574875
-107.460914,24,79963.397689
-196.411894,27,79973.249557
-53.72131,40,79986.415476
-104.999472,46,80001.993441
-150.771348,37,80014.01722
-116.876939,36,80025.665986
-144.953484,30,80036.600148
-117.421584,37,80049.510402
-57.581035,45,80065.515429
-74.840216,31,80076.32488
-154.210121,31,80086.10041
-126.396215,27,80094.513546
-122.670699,41,80108.012447
-83.568096,39,80121.024366
-101.886988,51,80137.540673
-80.843691,27,80146.509484
-210.153113,28,80155.996134
-42.058473,41,80169.435427
-73.386812,33,80180.469474
-116.811296,29,80190.391327
-61.893267,42,80204.091447
-127.646576,30,80213.939557
-88.410748,26,80222.562908
-112.484025,19,80228.745902
-78.863609,33,80239.413014
-176.178475,38,80251.647443
-152.973994,26,80260.307886
-97.537613,28,80269.464583
-147.352146,31,80279.380137
-151.987031,32,80289.531248
-119.020431,23,80297.655865
-152.988953,30,80307.153611
-151.287537,29,80316.210743
-102.274132,32,80326.99919
-29.442546,47,80342.186506
-111.127222,30,80352.545783
-57.384105,30,80363.394614
-158.017854,33,80375.049412
-60.518726,35,80386.664423
-171.607899,27,80395.461075
-60.634488,36,80407.560909
-139.008895,52,80425.490908
-114.680864,31,80435.777864
-135.630009,29,80444.487595
-70.334792,33,80455.393824
-141.64332,33,80466.055181
-138.076233,37,80478.054046
-185.600417,28,80487.49368
-105.455811,29,80496.785343
-64.85617,38,80509.053629
-97.662923,38,80521.372267
-47.917847,38,80533.617433
-175.121486,46,80548.557649
-163.453524,35,80559.656423
-45.972611,43,80573.902503
-103.245023,24,80581.66175
-90.201257,37,80594.163666
-63.983891,45,80608.796917
-75.919536,32,80621.499764
-125.128287,23,80629.785865
-183.890107,26,80638.424198
-22.049827,46,80654.568137
-184.986679,27,80663.186652
-98.177305,26,80671.887988
-156.033022,15,80676.946903
-110.580201,25,80685.081151
-182.033147,24,80693.070106
-104.054437,38,80705.323658
-238.401861,23,80713.020965
-74.810681,37,80724.759772
-104.534223,24,80732.579787
-142.826999,32,80743.098192
-120.147846,36,80754.553293
-52.525279,42,80768.808412
-103.452249,39,80781.567747
-105.667625,42,80795.822194
-173.302183,29,80805.225179
-105.80479,29,80814.378905
-75.169269,38,80826.692171
-205.299164,25,80834.78842
-118.212565,31,80844.868191
-137.094172,42,80858.151088
-134.454753,32,80868.348969
-161.839342,43,80882.749951
-140.385462,25,80891.049701
-46.445076,52,80907.384506
-115.312944,35,80919.234206
-168.862174,28,80928.003397
-111.991424,29,80937.293771
-145.08024,30,80947.328299
-120.849579,25,80955.737852
-67.893905,27,80964.433045
-112.031231,35,80975.738327
-58.305461,38,80987.895157
-235.240766,31,80998.33029
-98.242099,38,81010.781582
-152.918555,28,81020.268595
-136.67544,39,81032.914832
-214.198213,19,81039.765158
-76.675593,32,81050.579423
-57.441612,34,81061.863397
-121.263321,21,81068.793018
-111.420881,37,81081.466792
-55.137634,47,81096.554324
-68.045094,39,81109.431129
-131.351261,32,81119.809853
-44.437547,43,81133.951842
-23.268733,49,81149.766811
-106.904479,25,81158.075513
-70.490835,35,81170.038427
-151.118664,29,81179.421682
-110.347138,38,81191.900513
-93.436715,36,81203.668723
-119.026178,45,81218.881383
-79.43472,26,81227.247307
-64.350066,29,81236.978052
-141.426418,29,81246.498779
-192.5746,21,81254.375322
-88.062399,36,81266.34541
9.57455,56,81285.099774
-96.131718,30,81295.073796
-134.568164,26,81303.342973
-132.868997,46,81318.680338
-86.443693,33,81329.155197
-186.026053,26,81337.624281
-151.016988,29,81347.033491
-116.993569,37,81359.234879
-172.657558,28,81368.442236
-79.359891,40,81381.41772
-127.474893,30,81391.632567
-96.890266,34,81402.515873
-112.887166,32,81413.40745
-44.112064,41,81426.996975
-44.604542,45,81442.180344
-152.948295,32,81452.532448
-87.873717,26,81461.057066
-113.123781,34,81471.806953
-204.671452,27,81480.937846
-57.570088,56,81498.86839
-74.615323,32,81509.413988
-80.314422,36,81520.937028
-75.682773,35,81532.575551
-86.974444,30,81542.565547
-123.18117,46,81558.392629
-58.741426,31,81568.463505
-205.743598,17,81574.509585
-194.261829,18,81580.203562
-9.483524,55,81597.698186
-117.454413,30,81607.517566
-106.160116,22,81615.086672
-72.389534,31,81625.116784
-54.59923,42,81638.447771
-69.430853,50,81654.876762
-80.830549,28,81663.83113
-178.26393,23,81671.433719
-113.660753,29,81681.064413
-103.388119,31,81690.862417
-116.403327,31,81700.737529
-102.560207,36,81712.50927
-82.75587,35,81723.951383
-116.718342,36,81735.701485
-136.984825,36,81747.448231
-70.091188,29,81756.977907
-68.392822,34,81768.249614
-177.743653,29,81777.402935
-169.434919,26,81785.913076
-186.1451,33,81796.924758
-101.395021,23,81804.087771
-103.244949,26,81812.75235
-64.18882,38,81824.735659
-103.395646,25,81834.06524
-213.709053,25,81842.057182
-91.750047,24,81850.616354
-93.577946,36,81862.551487
-187.695923,23,81871.652068
-202.945047,20,81878.749687
-115.62693,31,81888.993654
-73.630919,39,81901.889653
-70.951311,36,81913.899117
-147.93408,27,81922.450295
-77.252233,37,81934.268817
-111.564065,23,81941.944681
-94.451086,33,81952.85484
-162.547855,34,81963.733834
-77.165302,33,81974.670236
-148.76782,41,81987.869412
-81.995059,36,81999.685305
-0.061332,53,82016.601554
-188.365081,28,82025.584055
-80.61831,44,82040.86881
-85.354701,41,82054.008825
-114.476982,22,82061.115598
-102.602909,40,82074.198286
-90.921907,29,82083.918876
-84.333983,34,82094.95479
-124.030234,31,82104.768131
-82.672504,31,82114.723787
-124.879439,30,82124.604381
-66.548441,43,82138.247502
-117.877243,35,82149.719606
-76.165931,41,82163.1461
-71.831238,33,82173.907617
-94.415591,26,82182.55596
41.381803,65,82203.470688
-121.874031,33,82216.305153
-137.390251,34,82226.913448
-81.810019,27,82235.999001
-64.694168,32,82246.336072
-156.580524,26,82255.380391
-92.124138,30,82264.982583
-165.276636,32,82275.089442
-130.630695,28,82284.240591
-133.723123,40,82297.529704
-32.944014,43,82508.544617
-116.26966,37,82521.384543
-179.357353,27,82530.384615
-56.938375,42,82544.716563
-128.245957,33,82555.57536
-114.752126,18,82561.325717
-99.78701,42,82575.189579
-81.544328,36,82586.789279
-6.233152,61,82607.14634
-160.787329,30,82617.388811
-56.703328,40,82630.947966
-79.892737,30,82641.291699
-97.385323,52,82657.958189
-32.901482,46,82673.393745
-80.588335,32,82683.870391
-93.249856,40,82696.984804
-7.57303,59,82715.852503
-99.875053,32,82726.275909
-140.100198,39,82738.5911
-122.498051,31,82748.820011
-83.167264,34,82760.372791
-61.474141,38,82772.555892
-56.798201,51,82788.85738
-119.56879,32,82800.086061
-117.53248,37,82814.819889
-93.639775,29,82825.647677
-115.819751,33,82838.200131
-106.563769,30,82850.212168
-100.765577,30,82862.658138
-103.083746,25,82872.056697
-71.090893,47,82889.649493
-100.994868,44,82906.087749
-37.944951,43,82920.87659
-48.221258,44,82936.062558
-80.644778,36,82947.773803
-88.024845,35,82959.285239
-117.846061,37,82971.284582
-87.458592,26,82980.133074
-154.197098,30,82989.819947
-133.438312,31,83000.106945
-73.351684,32,83010.310425
-55.242874,36,83021.954272
-68.398299,46,83037.552734
-83.955702,37,83050.139534
-172.88102,30,83060.237956
-85.344652,37,83072.819681
-162.089499,36,83084.488066
-60.564248,36,83096.056826
-146.838368,34,83106.815638
-79.985736,38,83119.811623
-117.06718,38,83132.507281
-173.407494,29,83141.864624
-225.607327,14,83146.690938
-89.551159,33,83157.432957
-86.164414,43,83171.542654
-110.319779,24,83179.617134
-95.932247,35,83190.726837
-59.258973,38,83203.024325
-101.398457,31,83212.815649
-78.23637,39,83225.930833
-60.23809,49,83241.432496
-54.283429,41,83254.756573
-67.114959,34,83265.894028
-31.002789,47,83281.395496
-91.575732,29,83290.721413
-64.442327,31,83300.649959
-156.058454,30,83310.69659
-85.495576,27,83319.749225
-154.94095,29,83329.260432
-89.041354,24,83337.384914
-80.097583,28,83346.549474
-93.705084,33,83357.488264
-85.698964,24,83365.12469
-56.559478,38,83377.833597
-124.064889,29,83387.249249
-117.876235,38,83399.613448
-48.504563,52,83417.697507
-83.832078,33,83428.654939
-95.422411,30,83437.876703
-185.691859,20,83444.429722
-143.445498,36,83456.123281
-178.825264,21,83463.251837
-136.975935,27,83472.047797
-93.806722,34,83483.201824
-66.207747,27,83491.972233
-82.93019,44,83506.098276
-31.971279,47,83521.099825
-179.574033,44,83538.148476
-84.027167,32,83548.383885
-94.540945,37,83560.229773
-77.790012,33,83570.682731
-94.659657,31,83580.628359
-20.581399,56,83599.184171
-160.862966,27,83607.869019
-66.594007,37,83619.660731
-84.599591,25,83628.055695
-70.564333,31,83637.774482
-64.423865,32,83647.910199
-92.950807,26,83657.422049
-102.589746,42,83671.645195
-86.485164,32,83681.930096
-97.855672,23,83688.931437
-169.967495,23,83696.410753
-62.024564,38,83708.759089
-76.877195,34,83720.076562
-33.840404,46,83734.615424
-96.666824,42,83748.160412
-37.556537,38,83760.748487
-90.165709,31,83770.680198
-123.25384,26,83779.090332
-111.688301,41,83792.605464
-99.671892,37,83804.611821
-77.261008,38,83816.556091
-103.512857,28,83825.842761
-86.926823,42,83840.049255
-84.661849,31,83849.840645
-112.697646,38,83862.122491
-155.329616,36,83873.650746
-195.704951,22,83880.530725
-93.024098,28,83889.523724
-97.529554,34,83900.250744
-103.643705,37,83912.881013
-78.117844,39,83925.254265
-29.429566,45,83939.52278
-91.828111,43,83954.242881
-39.778529,65,83975.512462
-75.436983,46,83990.193185
-72.458037,39,84002.816954
-204.304597,24,84010.639581
-58.606018,39,84023.160964
-282.672622,24,84030.879172
-85.963897,46,84046.617291
-89.716731,38,84058.71689
-51.15048,41,84072.088862
-88.221615,38,84084.152332
-35.559839,48,84100.16273
-83.258543,38,84112.582574
-11.282236,52,84129.479554
-132.265352,30,84139.283933
-216.759529,27,84147.791546
-302.86895,15,84152.97437
-51.77768,41,84166.416061
-156.139075,25,84174.518065
-126.474263,37,84186.577672
-21.732233,45,84201.133126
-50.796007,40,84214.104892
-54.903483,40,84226.692927
-70.284111,52,84243.777201
-96.700464,33,84255.047424
-57.751162,50,84271.086607
-144.236348,36,84283.444552
-94.393234,39,84295.824742
-86.632106,39,84308.63197
-116.8637,41,84322.166044
-61.693196,38,84334.493879
-88.806078,34,84345.625809
-71.287183,31,84355.327034
-61.85006,40,84368.471916
-71.325639,32,84378.932257
-2.232564,51,84394.937242
-63.765883,31,84405.172369
-45.349606,42,84419.219759
-101.567687,26,84427.411596
-63.943691,43,84441.503983
-122.720547,25,84449.776943
-75.729973,50,84465.997372
-144.248541,42,84479.882592
-209.291294,22,84487.104657
-92.38344,28,84496.46574
-85.388404,48,84511.7774
-100.144597,33,84522.252149
-118.038898,28,84531.901409
-158.876152,27,84540.994667
-64.68314,29,84550.716425
-75.014665,43,84566.755404
-108.548251,33,84577.328235
-86.134364,32,84588.073969
-29.615073,49,84603.819291
-86.47617,45,84618.561929
-67.460467,44,84633.185679
-111.22675,39,84645.700332
-50.801425,35,84657.508678
-59.317062,39,84670.238213
-49.038956,44,84684.720778
-52.062621,40,84697.340918
-49.996723,37,84709.670822
-186.777843,30,84719.416162
-197.672604,17,84726.241243
-145.527737,28,84735.730895
-46.96905,38,84748.120099
-164.562688,30,84758.122431
-19.596952,46,84772.838624
-39.655349,62,84792.824107
-72.887648,51,84809.102483
-42.146677,51,84825.712207
-50.483552,42,84839.249107
-56.616427,33,84850.745152
-122.798867,39,84863.947612
-72.716768,35,84875.854383
-96.656148,25,84883.810309
-2.745974,57,84902.407643
-27.713811,41,84915.712915
-72.861297,31,84926.07023
-95.869574,42,84939.484851
-93.404376,43,84953.044665
-59.480936,40,84966.094489
-121.654473,40,84979.086948
-84.586362,34,84989.681527
-28.0824,47,85005.214989
-45.452598,38,85017.088605
-26.376513,72,85039.568179
-67.95525,36,85051.249076
-98.831539,29,85060.677409
-67.735777,40,85073.526531
-177.109191,29,85082.67369
-68.203269,45,85097.390408
-32.593261,45,85112.024518
-55.862573,38,85124.242417
-15.9772,54,85141.42187
-118.509568,31,85151.511556
-87.57062,53,85168.82914
-181.598287,26,85177.24128
-15.660355,56,85195.225188
-30.505616,57,85214.682719
-149.607987,30,85224.656527
-85.516521,39,85236.841252
-156.360741,29,85246.643114
-102.242389,40,85441.969224
-61.605405,38,85454.926383
-144.920968,28,85464.347092
-54.850624,40,85477.028639
-124.005179,30,85487.605296
-42.500852,53,85504.218788
-52.1428,41,85517.710316
-165.545539,26,85527.126895
-116.174906,35,85538.36694
-90.254538,49,85554.50289
-101.263353,45,85569.372711
-163.495278,31,85579.663108
-109.339864,29,85588.61209
-12.570117,61,85608.498598
-78.406279,45,85622.806182
-142.38799,41,85636.308805
-126.343056,33,85647.149119
-147.449012,28,85656.27805
-30.186453,47,85671.5932
-129.43298,34,85682.285835
-60.713148,42,85696.295489
-69.363323,33,85706.972787
-58.103388,37,85719.094482
-50.219953,41,85731.955614
-103.350855,40,85745.537795
-119.053137,38,85758.120643
-27.79406,44,85771.983895
-86.250392,38,85784.54001
-78.766638,33,85794.704292
-49.122856,33,85805.253261
-13.111173,50,85821.617193
-97.686002,32,85832.054448
-90.34329,35,85843.260811
-100.408693,30,85852.963961
16.226754,73,85876.994853
-84.531554,30,85886.897265
-35.345682,51,85903.268505
-63.475972,40,85915.941522
-56.223167,33,85926.577852
-129.598929,34,85937.75032
-18.416822,56,85955.595942
20.618816,60,85975.120497
-190.513144,28,85984.317451
-15.431698,57,86003.00765
-70.811553,38,86015.280199
-73.726577,28,86024.493088
-22.567286,51,86041.410878
-18.021111,63,86061.913079
-94.853526,19,86068.210641
-92.482162,53,86085.678443
-106.283169,36,86097.572698
-100.180655,31,86108.186718
-117.580442,42,86121.693693
-108.251592,36,86133.483073
-46.467078,58,86152.400034
-63.366633,35,86163.947512
-81.005029,57,86182.902155
-104.316039,30,86192.506351
-18.961546,49,86208.597226
-71.745923,27,86217.644795
-60.074367,46,86232.929472
-18.88321,47,86247.831695
-72.882379,28,86256.770963
-74.124441,32,86267.045163
-55.363403,57,86285.759777
-107.645376,33,86295.817875
-89.571646,26,86304.883967
-54.604429,48,86320.430397
-83.289999,47,86335.907503
-60.62351,35,86347.259063
-100.411236,29,86356.816379
-49.868685,44,86371.006012
-89.193258,27,86379.748847
-44.953753,41,86393.138637
-72.827368,41,86406.357645
-138.649385,33,86418.169483
-35.608823,48,86433.483795
-107.237833,39,86446.504204
-144.881138,25,86454.443161
-40.998078,43,86468.791235
-55.645191,36,86480.284763
-47.815244,44,86494.408485
-99.057495,28,86503.614795
-116.042881,32,86513.987046
-138.603404,30,86523.704153
-64.933776,34,86534.814681
-45.794638,43,86548.542768
-149.537529,38,86560.960573
-94.185204,26,86569.892652
-213.500129,21,86576.781461
-77.443547,39,86589.439584
-122.386083,26,86598.052615
-77.00121,33,86608.968797
-21.012177,54,86626.404422
-60.973502,41,86639.561238
-58.131426,42,86654.143982
-66.050637,35,86667.393747
-121.092077,43,86681.296564
-73.435692,45,86696.346027
-74.465065,30,86706.394354
-18.916303,49,86722.05031
-75.925041,30,86732.495404
-101.00958,47,86747.755474
-162.949859,34,86758.964107
-104.233312,34,86769.97756
2.928564,58,86788.782605
-57.141725,40,86802.15183
-174.017792,30,86811.40484
-127.759555,32,86821.847796
-66.21143,33,86833.31289
-69.340359,49,86848.683344
-78.492539,60,86868.448398
-109.271869,25,86876.341651
-71.590508,44,86890.747374
-199.197131,30,86900.333174
-7.709839,71,86923.821822
-102.26299,24,86932.147683
-92.075872,41,86945.055579
-49.403529,67,86967.386188
-90.501739,24,86974.836168
-142.165216,21,86981.799191
-86.006114,35,86992.609542
-47.508491,49,87008.330995
-67.630161,45,87022.857056
-41.488196,42,87036.452097
-102.013234,35,87047.814679
-72.033183,45,87062.505784
-80.171854,52,87079.551252
-86.263252,31,87089.977808
-97.947101,36,87101.358295
-88.734727,35,87112.087593
-55.561383,40,87124.991814
-117.140469,37,87137.081799
-82.169357,50,87153.123593
-21.658802,48,87168.574752
-65.841799,33,87179.079372
-93.42507,43,87192.967014
-78.144593,34,87204.043339
-33.659565,60,87222.877052
-135.441631,46,87237.910177
-49.756849,37,87250.195596
-115.078687,26,87259.964562
-46.821086,38,87272.350441
-68.384572,37,87284.075031
-93.344485,32,87294.138752
-12.678791,48,87310.107897
-48.298502,48,87325.709538
-86.515869,29,87335.172877
8.547681,74,87359.243046
-93.897675,31,87369.079559
-89.988244,30,87378.492892
-142.992628,27,87387.301008
-66.684766,32,87397.926961
-76.056989,41,87411.849133
-81.455533,31,87422.214089
26.988708,70,87445.092316
-44.031116,44,87459.289005
-86.086594,46,87473.764158
-78.327789,34,87485.065624
-76.760349,36,87496.656826
-39.569732,49,87512.26049
-15.983493,43,87526.237653
-91.107393,44,87540.564943
-59.991772,37,87552.442244
-73.561429,53,87569.569028
-135.994262,35,87581.124847
-95.744198,39,87593.676369
-9.594718,55,87612.018416
-47.220284,42,87625.000344
-38.101881,44,87638.927502
-68.405995,43,87652.579416
-63.44215,46,87667.311382
-21.757864,52,87684.059832
-130.634328,37,87696.08147
-119.325942,30,87705.623689
-3.697102,64,87726.193297
-104.888186,37,87738.553551
-62.415623,32,87749.00511
-74.023377,38,87760.810111
-84.819975,43,87774.497638
-99.610355,29,87784.032889
-50.713727,43,87798.342652
-57.575939,45,87812.83508
-57.474091,58,87831.925144
31.121684,63,87852.358525
-101.069834,48,87868.393435
-12.706619,61,87888.669891
-119.419185,32,87898.685217
-65.278697,59,87917.810111
-47.161254,38,87930.015876
-105.66379,37,87942.051643
-50.892484,43,87956.122171
-33.045944,45,87970.722203
-27.059145,49,87986.553476
3.86829,55,88004.372298
-45.103321,56,88022.480029
-74.551303,37,88034.27261
-63.304964,45,88048.548549
-7.890828,52,88065.26014
-45.218949,38,88077.517835
-41.452392,39,88090.293294
-64.892845,41,88103.136366
-50.323412,40,88115.976696
-99.27458,41,88129.102882
-27.295727,47,88144.354556
-115.179103,44,88365.316695
-87.890859,31,88375.706927
-57.405616,48,88391.079978
-181.555846,31,88401.393739
-65.454209,50,88418.653968
-120.171885,42,88433.456498
-26.620993,51,88450.567393
2.233528,58,88470.609775
-12.423891,50,88487.02566
-107.082387,46,88501.824236
-49.467582,41,88515.141125
-29.477389,43,88529.055901
-18.344044,50,88545.503948
-83.453574,33,88556.28361
-42.598511,42,88569.690726
-46.883848,47,88585.311878
-57.360685,39,88597.659353
20.11872,73,88621.486534
-103.542984,37,88633.935249
-50.196304,49,88649.702366
-60.865498,58,88669.067106
-46.103259,40,88681.828443
-45.397312,54,88699.036773
-142.09925,36,88710.317954
-0.888363,71,88733.605096
-80.81555,39,88746.377537
-127.665517,37,88759.446213
-11.83958,55,88778.502101
-142.403067,29,88787.771104
-86.812925,37,88800.034736
-111.194794,22,88807.255013
-35.468488,45,88821.907864
-84.533847,23,88829.731486
-13.864238,53,88846.955075
-47.813515,42,88860.767514
-13.504863,62,88880.500201
-87.904276,39,88893.242399
-64.960749,42,88906.642938
-83.014923,30,88916.249399
-68.01021,36,88927.791737
-37.420245,42,88941.533107
-32.588415,54,88959.25951
-118.828852,25,88967.308541
-145.493886,29,88977.203196
-86.883888,38,88989.676211
-85.044264,43,89003.516769
-87.670648,50,89020.121285
-21.525843,50,89036.153892
-21.485597,50,89052.585575
-140.918643,37,89065.007625
-59.591378,41,89078.236512
-35.168418,55,89095.565813
-64.728671,35,89106.999166
-15.843471,44,89121.356546
-47.015537,40,89134.358378
-19.307759,51,89150.729736
18.061,63,89171.506586
-100.963425,31,89181.599658
-66.136297,38,89193.621022
-61.131614,48,89208.924567
-17.523587,45,89223.661932
-53.222048,37,89235.725039
-74.247237,30,89245.408333
-73.973926,34,89256.167766
-145.217318,27,89265.162869
-48.991743,44,89279.37723
3.581399,52,89296.892956
-0.830724,62,89317.322575
23.501855,68,89339.303918
-114.001281,34,89350.884872
-52.894871,31,89361.231303
-149.785303,30,89370.902802
-114.661328,45,89385.775574
-40.767453,43,89399.378475
-82.521885,43,89414.243886
-28.633101,63,89434.446087
-44.075347,41,89447.401767
-61.817278,59,89466.743801
-69.826067,40,89479.666417
-89.733773,25,89487.50372
-44.805521,54,89505.498043
-60.925386,35,89516.918053
-84.913067,32,89527.009361
-81.560583,39,89539.632871
-80.201625,37,89551.303217
-97.30514,46,89566.649541
-24.75785,45,89581.102936
-85.368171,38,89593.507144
-10.705884,55,89611.505817
-90.676707,42,89624.948011
-35.251045,50,89641.476329
-25.035999,43,89655.8929
-134.257002,42,89669.413582
-108.01581,38,89681.953766
-127.612475,42,89695.305387
-53.409338,35,89707.289018
-71.414605,54,89725.104555
-66.255479,32,89735.452568
-27.053244,46,89750.382678
-54.855736,39,89763.123156
-101.130823,30,89772.799591
-41.672672,43,89786.913533
-7.825621,51,89803.312808
-4.547187,57,89821.146603
-103.120845,29,89830.486002
-50.634304,50,89847.024781
-136.088529,38,89859.006265
-59.303624,41,89872.448606
-51.700485,40,89885.143158
-46.176446,41,89898.829091
-110.562952,52,89915.838988
-100.747805,27,89924.466096
-14.275173,47,89940.038659
-119.456523,36,89951.618603
-11.437797,60,89971.152486
-48.105138,45,89985.515518
-89.834424,31,89995.505005
-31.188778,45,90010.057602
-47.400404,33,90021.284695
21.636041,82,90047.775449
-69.249066,42,90061.234962
-72.49547,41,90074.956025
-21.662938,56,90093.317598
-70.718142,48,90108.410056
-18.632044,44,90122.682824
-120.368913,40,90136.077271
-5.286859,60,90155.579032
-22.630168,61,90174.865669
-93.74569,30,90184.652123
-34.9774,44,90198.895221
-28.353911,42,90212.344976
-38.213407,54,90229.857011
5.825493,68,90252.450693
-79.462408,52,90269.854821
6.627889,53,90286.802188
33.974594,72,90310.27198
-10.87314,74,90334.134912
-19.519326,60,90353.36255
-94.726985,32,90364.430008
-76.746121,33,90375.502052
-74.3863,30,90385.268344
19.075799,60,90404.729542
-95.087104,22,90411.720431
-71.255192,42,90425.504542
-49.122283,41,90438.892399
-27.34028,49,90454.759422
-58.381965,39,90466.963697
-48.140278,37,90479.01757
-41.260028,38,90491.229636
-99.055343,45,90505.561576
-47.814766,39,90518.491995
-86.885643,56,90536.129635
-56.26034,42,90549.668158
94.649123,85,90577.240678
55.985583,79,90603.473666
-84.28588,43,90617.465161
-19.204503,54,90635.113735
-35.575317,44,90649.230401
-87.573752,33,90660.04663
-48.656287,45,90674.956124
-65.834531,33,90685.571368
6.855307,59,90704.60042
-45.284684,47,90719.716465
-42.657037,41,90733.248665
38.295714,68,90755.055066
32.526024,74,90779.825763
-72.113867,34,90790.63034
-159.324132,31,90801.162379
-57.742507,45,90815.681353
-87.635153,30,90824.996016
-25.715642,45,90839.519201
-91.441594,42,90854.149687
3.164131,60,90875.185957
-48.478162,42,90889.32914
-40.900788,42,90902.608411
-69.470157,36,90914.279144
-58.909453,50,90930.31398
-108.683024,36,90942.226902
-43.982104,64,90962.935414
-229.695982,26,90971.539578
-77.915007,36,90983.11362
-40.281461,45,90997.358896
-69.831548,35,91008.670391
-40.707332,58,91027.497746
-107.260823,28,91036.26686
-25.079526,47,91051.701911
-20.346087,54,91069.083095
6.33522,58,91302.034571
-84.248534,49,91317.921494
-73.522648,45,91332.346057
-76.36103,40,91345.505519
-54.298965,42,91359.240797
0.178496,58,91377.464626
-56.643169,49,91393.228587
35.412649,75,91417.679303
-42.405043,44,91432.253588
-17.227446,46,91447.192172
32.208486,67,91470.068412
-59.167066,54,91487.563701
-45.944095,37,91499.385613
-34.294485,38,91511.618144
-154.120454,33,91522.245436
4.188395,65,91542.740182
-13.724307,57,91560.970278
-116.132725,34,91572.003935
-84.991734,40,91585.017772
-16.251776,53,91602.497349
-65.813204,40,91614.882128
-131.48171,37,91626.795707
-54.801026,38,91639.299932
-20.66949,52,91656.011259
-73.883694,31,91666.066466
-58.714987,34,91677.392406
-45.84999,43,91691.016618
-15.356766,60,91710.416048
-6.484311,68,91732.41723
59.268556,74,91757.276242
-4.055235,56,91775.670191
-60.582226,43,91789.297228
-90.629575,30,91799.236717
-73.507903,35,91810.856514
-64.171623,43,91824.587882
-24.784622,48,91839.805914
-83.498551,52,91856.428452
-71.8892,26,91864.68979
-62.350954,34,91876.277409
-43.675758,50,91891.711711
-30.663693,55,91909.671915
-67.118263,47,91924.885254
18.526138,63,91945.229971
-68.777004,38,91957.37584
-90.507382,52,91973.94564
25.112778,75,91998.278691
-17.542947,48,92013.750297
-3.760303,49,92030.016836
8.090617,64,92050.998115
5.825929,55,92069.296116
-75.488912,36,92080.970246
59.39919,77,92105.871606
6.469301,73,92129.695282
-30.130642,54,92147.393535
-56.150838,44,92161.096492
-98.423614,41,92174.593132
-24.223918,54,92192.994752
-46.004405,47,92208.168622
14.823317,72,92231.779922
-59.661792,42,92245.67224
-99.293658,32,92255.889549
-61.34678,41,92268.960287
-39.476505,41,92282.550137
-39.691321,45,92297.061034
-38.59905,40,92309.971508
13.404851,58,92328.7562
-74.448364,48,92344.290265
7.003873,58,92363.869239
-20.522584,50,92380.202725
-33.431944,37,92392.064176
-12.397708,55,92410.149632
-135.966939,42,92423.951157
-62.40779,59,92443.280696
-78.718311,32,92453.717158
-23.25024,52,92470.371682
-116.20527,33,92480.84496
-39.38556,83,92507.119293
-36.155603,43,92521.36096
-62.009482,46,92536.339005
13.113078,62,92556.096635
-17.328783,67,92577.649065
-49.04459,39,92590.46393
-61.966306,60,92609.531064
-29.749671,37,92622.147818
20.660883,67,92644.407903
23.816917,72,92668.051772
-23.782684,64,92688.621282
-68.183603,64,92709.392737
12.343226,66,92730.850754
-59.044823,36,92742.434178
-21.212072,51,92758.731864
27.808479,76,92783.231195
-49.721435,42,92796.262236
-58.721194,52,92812.730999
-7.414334,61,92832.868453
-49.177294,37,92844.808492
32.1338,63,92865.748352
-0.807253,61,92885.32692
44.345482,70,92907.728261
-68.667947,44,92921.707898
-38.697572,41,92934.898192
-1.359908,57,92954.796602
197.655644,116,92994.477213
-96.76046,37,93006.327237
34.208315,76,93031.030433
14.292177,61,93050.692486
-31.789356,48,93066.561215
-16.512194,57,93085.074647
2.909518,67,93106.895024
42.88508,69,93129.550834
-10.458273,55,93146.722963
-52.507352,35,93158.402045
-20.336914,52,93174.910072
-80.541868,40,93187.727384
-28.814739,48,93203.415637
62.930147,71,93226.513316
176.594422,112,93263.183704
-27.237337,51,93279.682464
-13.003188,54,93297.208622
-49.442899,47,93312.402298
33.302703,67,93333.914018
-45.412832,50,93349.745706
-83.838278,34,93360.419357
-64.556271,43,93374.478261
13.422865,57,93392.900965
-76.346587,42,93405.85704
5.818887,55,93424.107624
-49.323485,44,93438.329344
-66.346149,52,93454.680308
7.456093,68,93476.420743
-73.416658,31,93486.340848
-98.809422,50,93502.404477
-20.005758,46,93516.840986
-20.293946,51,93533.825558
-16.278186,58,93552.519938
-13.090417,57,93570.86756
-43.167327,61,93590.196882
80.133625,83,93617.217539
-17.126744,46,93631.656217
-73.633933,42,93645.324948
-37.402228,58,93663.807949
-44.926138,62,93683.855561
-79.521953,37,93696.010105
-82.582113,62,93715.551596
15.134125,64,93736.61396
11.614834,57,93755.063393
30.527686,63,93775.07011
-19.055534,49,93791.034923
-21.914241,43,93804.733015
84.215353,90,93833.567847
-25.091342,48,93849.366873
-18.253686,53,93866.602484
-31.972975,62,93886.813772
-47.472802,34,93898.451682
-61.141887,40,93910.859126
-101.105705,34,93921.81793
2.11135,62,93942.196381
9.256336,57,93960.378207
25.71383,78,93986.223667
-30.292013,51,94242.388802
17.9433,68,94263.99439
60.831477,78,94290.028018
26.030366,64,94310.858478
-26.559774,43,94324.406277
-25.419035,49,94340.449453
5.601392,67,94362.112608
5.856249,65,94383.224865
-29.428708,58,94401.674403
-45.616839,38,94413.543968
16.303741,59,94432.757552
11.152387,61,94452.971602
17.403168,68,94475.506393
36.636404,75,94500.220716
43.522296,71,94523.232972
60.963907,79,94548.563177
-1.422245,60,94568.028743
99.765912,78,94593.51892
-33.997149,53,94612.003098
60.219965,76,94636.67906
-60.829887,57,94655.129918
-30.964665,48,94670.877375
125.114279,94,94701.445044
74.986595,88,94729.320139
-27.82999,48,94744.985272
-3.929364,68,94768.198383
-61.735852,43,94781.73066
10.054255,59,94800.781551
-103.122924,41,94814.136718
89.000394,83,94840.632418
-39.949541,52,94857.449888
131.33302,94,94887.681509
-21.407436,45,94902.067913
-23.540022,48,94917.530941
16.350364,59,94936.205924
-63.22584,41,94949.394557
-24.293593,59,94968.877262
58.801331,76,94993.219165
-52.275341,39,95005.43718
29.417482,66,95026.810263
65.493839,87,95056.448486
-18.080105,47,95073.264302
-28.207826,58,95091.94388
-23.463072,56,95110.174182
-85.697285,30,95119.848376
-12.300382,61,95139.652011
-44.228076,57,95158.469048
-50.02959,44,95172.160242
-19.678893,55,95189.594145
-26.796278,43,95203.57369
-17.011446,61,95224.04957
-51.273048,59,95243.540295
142.202402,108,95277.925478
-50.18492,42,95291.839797
33.80303,83,95318.513249
51.467855,79,95343.76929
12.507598,57,95362.012012
74.836541,89,95390.413491
80.987295,86,95420.483489
60.491178,79,95452.801403
-3.313654,63,95473.438055
-29.399021,47,95488.525513
60.787696,75,95512.346549
15.308742,63,95533.004884
-41.389551,40,95545.73688
7.951162,66,95567.123268
-43.239374,44,95580.98243
-15.22573,50,95597.506376
14.018979,57,95615.297722
-23.78114,48,95631.142015
36.457797,74,95655.661893
-37.497497,39,95668.229698
-67.512764,36,95680.260711
20.203197,60,95699.957662
218.491557,120,95738.306417
-41.293157,42,95751.989349
-66.159613,51,95768.591237
76.347356,79,95794.212649
-68.729545,42,95807.737037
40.046248,59,95826.695922
-19.826029,52,95843.593104
-41.656532,48,95858.854167
40.38008,68,95880.552892
117.94098,95,95911.412053
-6.386047,62,95931.289196
32.349257,69,95954.460573
56.495725,82,95980.979928
69.569849,90,96010.123493
-34.817039,54,96027.917997
53.366285,78,96052.989486
45.72741,83,96079.24809
32.666762,76,96103.482465
15.059454,60,96123.161753
-8.028318,52,96140.401223
81.754842,81,96167.2167
89.34389,88,96195.426482
-73.991763,38,96207.492305
88.700798,81,96233.649582
40.088897,69,96257.198384
55.751485,74,96281.269623
-33.687548,47,96296.608177
5.488853,62,96316.68327
163.74848,96,96347.738349
-9.314081,55,96365.411847
-11.996487,54,96382.811898
65.1975,73,96406.840154
128.122485,90,96436.177353
-30.671569,45,96450.483019
1.56631,59,96469.703789
-32.872148,46,96484.365951
15.414908,71,96506.884408
424.777414,170,96562.522399
54.593775,74,96586.803543
-32.623661,44,96601.25654
268.629062,128,96643.416171
73.049331,83,96670.585683
121.362528,86,96699.039909
154.905503,105,96733.03291
92.052882,86,96760.575896
41.496921,70,96783.54716
125.772546,92,96813.235133
-17.950139,47,96828.199668
-0.955358,51,96844.822264
6.10541,65,96866.821153
38.051037,65,96888.378027
-27.426887,44,96902.918811
52.842823,78,96927.627636
45.910063,67,97223.56774
-20.881113,51,97240.535413
32.052975,75,97265.417771
116.749894,94,97296.007735
6.041831,65,97316.848619
100.980793,86,97344.420671
8.52112,54,97362.087374
42.955545,62,97382.253543
20.782414,61,97401.992608
168.928482,112,97437.29476
79.352619,70,97461.032241
89.609132,81,97487.890442
35.9934,67,97509.384338
169.815841,111,97545.301713
-20.394308,53,97562.188363
59.169416,89,97590.677387
10.545995,62,97610.963963
-19.753032,53,97628.130423
134.165753,91,97657.678061
43.926691,69,97680.166315
-29.137442,57,97699.033409
61.703576,93,97728.922934
-8.692157,54,97747.155968
86.033922,79,97773.760563
10.33422,56,97791.497692
57.823332,68,97813.899676
141.697379,102,97846.829744
4.505654,60,97866.169769
37.500337,66,97887.70332
-31.705162,57,97905.424671
-33.452729,44,97919.655536
-33.342435,40,97932.659131
57.741917,80,97958.636561
32.894148,66,97979.965589
74.043443,77,98004.602225
-26.80437,52,98021.443719
76.010915,73,98045.085988
47.789808,68,98068.326333
-18.460538,55,98086.01998
41.243546,68,98107.956893
7.859934,58,98127.406133
-33.537064,43,98140.902031
79.17521,84,98168.498491
55.233632,71,98191.384983
9.730788,62,98211.765606
95.848607,86,98239.80455
-30.698852,43,98253.438616
46.789572,71,98276.461925
-64.151917,46,98291.380408
12.149168,58,98310.227984
54.758211,72,98333.447422
45.252087,69,98355.88425
12.96768,80,98381.499904
51.311792,78,98406.946307
-7.839697,48,98422.703155
22.411973,68,98444.633354
-6.027382,55,98462.131617
41.704453,66,98483.378235
11.098414,60,98502.525044
504.094743,192,98564.30543
-4.952301,52,98580.704692
-22.971152,62,98601.402773
124.613084,99,98633.450131
62.610945,75,98657.992248
115.193449,86,98686.080667
63.938477,73,98709.455292
91.028538,83,98736.644806
2.826241,84,98763.165008
61.723259,79,98788.86581
50.763979,76,98813.354383
132.03505,97,98844.75137
141.804988,110,98879.578249
104.109724,88,98907.974072
31.034387,64,98928.281177
17.77876,63,98949.051981
114.937508,104,98983.003827
32.967068,67,99005.071018
27.205632,69,99027.815125
74.484473,77,99052.754908
-15.590852,49,99068.391743
175.003732,101,99102.195172
1.992554,53,99119.159934
143.715643,97,99150.719914
86.399543,84,99177.882707
232.698106,134,99220.874328
-23.519235,51,99237.370383
-45.342101,42,99250.757056
0.378733,58,99272.53759
3.7427,60,99292.619901
74.691538,79,99318.43673
119.017167,84,99345.158346
125.456641,97,99376.189519
-62.374457,30,99385.803855
18.598199,61,99405.14054
-1.013209,63,99425.081957
-16.420426,55,99442.772621
-34.153766,43,99456.561048
61.136528,80,99482.890585
27.096258,63,99503.470061
84.790689,85,99530.751929
105.695255,84,99558.121962
11.08279,66,99579.836699
5.15524,66,99601.069206
29.925043,71,99623.546613
90.506709,94,99653.652184
-5.483855,56,99672.037319
27.165726,64,99692.391721
37.664891,65,99712.872183
-35.764624,57,99731.576157
66.213565,91,99760.457179
44.183203,68,99782.310448
20.335307,79,99807.665501
58.380544,74,99831.893888
-94.644998,36,99843.510481
60.528656,72,99867.683993
-26.857281,54,99886.53489
30.630929,65,99907.137347
38.927983,64,100169.420421
26.675515,61,100188.835351
-81.201214,37,100201.651049
235.385105,116,100240.710958
248.897687,127,100281.800812
-43.347302,52,100298.73845
55.422494,86,100326.051733
21.476885,58,100344.957387
285.702457,136,100388.630567
59.208716,69,100410.584519
-35.217355,38,100422.670783
33.710799,72,100445.973289
8.064623,70,100470.642739
17.943181,65,100491.798885
184.545246,116,100530.450289
85.047446,83,100557.102154
135.211398,92,100586.278658
263.897504,135,100629.929644
30.317445,77,100654.316385
-30.618259,44,100668.78997
-27.945924,63,100688.754141
-40.003638,43,100703.013728
133.195443,101,100735.234473
107.653113,86,100763.719253
315.37051,146,100810.924192
82.958579,77,100836.064609
-37.557616,50,100852.31108
-10.417311,49,100868.335675
-109.01547,26,100876.927521
37.466059,68,100899.224982
-25.542563,59,100918.095488
519.41478,182,100977.27572
108.215968,98,101008.609071
134.407505,92,101038.45214
-16.075477,48,101054.559986
112.670357,83,101081.809016
285.894262,147,101130.454732
76.723274,77,101156.269135
120.98703,91,101186.449327
151.913046,102,101219.327085
93.059668,87,101247.921923
272.674637,134,101290.603572
-27.670859,46,101305.006641
145.223429,98,101337.083953
-26.027521,40,101351.907812
203.024116,112,101390.147379
47.095079,75,101414.475122
94.869919,88,101443.597365
12.378753,68,101465.559464
105.706294,91,101495.155598
763.9194,237,101571.927204
175.875655,117,101610.490736
9.902494,57,101628.460769
22.172513,63,101649.49746
36.961228,65,101671.228546
57.265056,77,101695.736251
205.423429,118,101734.779136
284.073888,137,101779.100563
4.239431,60,101798.054498
43.966626,67,101820.300639
-42.071571,44,101835.006696
129.133729,102,101867.609431
18.928955,64,101887.855291
69.523552,73,101912.016644
23.315105,66,101933.018775
74.307788,75,101956.994494
38.684484,61,101976.875819
-4.596464,53,101994.019843
-9.60239,64,102014.429075
401.205216,156,102066.43031
246.789414,131,102108.785424
227.331929,114,102145.553797
55.025267,68,102167.886218
29.350597,64,102188.773588
178.759166,113,102225.417273
26.695069,68,102247.357967
232.95555,137,102293.222252
56.887564,78,102318.375243
113.222688,84,102345.759203
108.714771,93,102375.750942
24.769564,60,102394.822178
150.833872,106,102429.282775
271.77812,129,102471.365789
25.595147,66,102492.719539
235.462433,122,102531.938082
-22.365732,51,102549.096568
-13.21715,55,102566.391964
65.147218,78,102591.779754
291.447577,133,102636.575201
12.332108,59,102655.950267
0.863795,65,102676.474644
35.193899,64,102697.297216
28.030214,65,102717.842889
-57.349167,39,102730.629368
210.69313,107,102766.004082
83.250124,96,102796.759362
-3.667776,54,102814.187997
-5.271963,50,102830.59499
81.487524,92,102861.388722
-13.673134,50,102877.430121
130.277271,98,103177.462387
42.710478,70,103200.866175
-3.134542,50,103216.631893
92.070376,83,103243.197654
61.547667,85,103270.170479
-36.326378,46,103285.731602
54.475878,74,103309.182661
45.408504,77,103334.218734
58.126121,75,103358.088322
45.49651,77,103382.417451
198.194189,106,103417.223707
134.508196,103,103450.833743
23.846458,67,103476.295067
183.56418,109,103512.470423
-8.474517,53,103529.839606
39.091247,67,103551.439859
53.788744,76,103576.239054
30.411863,68,103598.613286
121.97888,99,103630.853961
95.036393,79,103656.497844
50.557288,78,103681.887769
286.233321,137,103726.820251
39.732202,64,103747.858911
-11.203529,59,103767.343984
-15.843428,53,103784.542948
3.852438,58,103803.09345
1.361994,70,103826.3967
-24.375052,46,103841.346271
8.582914,56,103858.67673
-36.871284,43,103872.752344
108.644881,106,103906.940911
142.787024,105,103941.402377
161.203488,107,103975.745673
8.860939,62,103995.656508
37.043794,89,104024.182335
206.610312,120,104063.371993
147.554537,89,104092.399964
46.882652,85,104119.094481
-34.196416,52,104135.807143
-7.128275,59,104155.264221
430.954061,176,104215.991285
-20.856676,47,104234.428111
267.646692,130,104279.03817
57.712086,75,104303.193935
107.9199,90,104331.943123
-28.412879,45,104346.709615
273.68296,127,104388.690074
25.611947,65,104409.563051
105.15598,96,104441.109314
31.913832,64,104461.758314
126.311152,98,104493.169179
207.141087,122,104535.482772
28.499698,69,104557.982481
20.309098,65,104578.689539
215.749465,120,104617.414673
122.215082,93,104651.171005
-15.44996,62,104675.984994
-8.570988,57,104695.613386
98.292906,84,104729.063833
46.64144,77,104754.641999
183.177886,111,104791.077573
93.616522,88,104819.937349
42.904964,77,104845.135336
-1.191156,55,104862.803417
182.959458,109,104897.34787
8.704344,55,104915.173404
-30.044543,50,104931.213329
81.849633,86,104959.850472
183.224372,111,104995.750508
69.04445,76,105020.425243
186.702923,115,105057.096274
150.191245,99,105088.92555
43.313512,71,105111.894178
95.091149,94,105142.398185
109.182147,87,105170.97937
312.312329,136,105215.078206
40.910346,72,105237.98013
117.255608,85,105266.912374
1.188214,66,105287.609851
488.90675,185,105347.246836
343.116091,141,105392.746254
-9.984389,52,105409.499701
-20.609003,51,105426.128105
147.295111,113,105462.850202
68.980688,79,105487.872697
95.179935,79,105513.137221
-25.711384,44,105526.813764
-10.968207,49,105543.17043
84.144497,86,105573.649715
151.810897,112,105609.89962
160.526405,109,105644.793541
119.562161,92,105674.854621
262.601668,128,105715.992359
61.905778,72,105739.113427
121.422586,87,105766.574419
338.327613,148,105813.799803
-45.645764,43,105827.401953
-15.897908,48,105843.256754
-76.724163,35,105854.862025
-21.962251,49,105871.235202
142.472438,99,106225.159053
92.192343,78,106250.308511
147.29524,98,106282.202351
127.545485,96,106313.320921
492.028016,182,106370.961196
108.415628,88,106399.598712
348.580198,148,106447.066849
-1.389233,68,106470.042054
-17.359029,50,106486.130077
287.233232,145,106533.751484
54.034364,70,106556.305781
77.335262,77,106580.804367
-43.644745,46,106595.825804
13.536083,61,106615.13834
319.689834,137,106659.584648
127.579847,91,106688.841269
14.253505,63,106709.603692
41.683406,67,106730.627421
-39.491989,50,106745.982779
199.762296,106,106780.973954
146.974776,95,106811.935376
136.36167,105,106846.050088
52.809586,79,106871.966228
67.382521,75,106895.73938
16.685863,81,106921.851809
64.545391,71,106945.270056
33.432066,60,106964.726722
68.573294,89,106993.526631
94.274695,109,107028.85952
168.777823,110,107065.950514
1.729916,60,107084.917935
85.09656,83,107111.773563
244.346968,126,107152.434574
15.583178,61,107171.793987
131.858376,97,107202.523099
-56.642537,43,107216.383607
47.116291,75,107240.441585
114.930609,102,107272.946867
-9.680697,56,107290.659627
77.845631,86,107318.471097
11.826605,68,107341.207569
77.194614,76,107366.031192
121.440014,97,107397.777858
-28.575843,48,107413.328268
-30.603141,48,107428.703888
28.283358,60,107447.84468
-40.689217,61,107467.441863
196.180227,118,107504.295397
35.726018,77,107529.949476
123.427134,98,107560.839504
322.20203,134,107603.932136
364.320034,147,107651.282435
234.497957,117,107695.075885
12.913737,72,107719.455859
285.43692,147,107769.77056
298.380775,140,107818.052918
227.774135,127,107860.397145
636.598124,208,107926.98282
400.996145,165,107980.666737
-18.56257,55,107998.294765
-46.11963,47,108013.22207
132.402295,96,108043.860919
158.750805,111,108078.457704
199.601803,111,108114.319817
238.734269,120,108153.055247
96.78976,88,108181.191175
116.543266,103,108213.843034
70.419788,84,108240.832582
149.064096,99,108273.611018
148.732873,97,108305.088309
21.705352,62,108325.598114
164.18724,100,108357.618345
232.092071,129,108399.157026
133.168626,112,108436.074418
169.253766,107,108470.612948
103.204542,98,108501.320971
102.598647,93,108530.892686
414.755746,160,108581.915044
70.804804,86,108609.354514
14.620389,69,108631.793949
69.971934,83,108658.724658
31.159387,59,108677.195242
315.073841,139,108721.804385
-34.135697,47,108736.826467
-25.40756,47,108751.271738
403.705723,168,108806.038447
21.042193,70,108828.261555
114.204105,105,108862.171572
116.799937,93,108892.385752
70.618954,84,109244.644319
197.876164,112,109281.068349
335.138522,136,109325.622763
38.380004,69,109348.44989
135.279422,98,109379.930239
81.624943,91,109409.45171
139.53489,99,109441.243677
252.054409,125,109484.081951
-45.526839,38,109496.220676
71.856451,72,109519.483597
-6.754653,54,109536.758921
261.444831,132,109579.988957
304.489239,132,109622.985059
130.591325,101,109655.501869
83.450778,88,109683.552702
200.799511,104,109717.110618
116.758443,91,109745.847155
98.703855,82,109775.052685
197.94277,119,109814.402556
19.367263,75,109839.395949
77.204194,87,109867.27196
146.583438,111,109902.863676
233.183123,117,109940.980742
135.71956,117,109977.977942
0.337572,68,109999.962096
-28.613107,63,110020.110307
169.08985,109,110056.564075
283.519706,141,110101.511115
447.085722,165,110154.842002
31.003352,73,110177.793345
174.182168,116,110214.665279
52.937007,74,110238.609754
-33.957954,47,110253.402551
347.5723,157,110304.66353
17.582251,62,110324.344977
43.658102,79,110350.264886
36.632555,67,110371.93406
183.984846,108,110406.862409
268.562422,126,110447.945822
174.340079,115,110485.19327
289.388724,131,110527.262415
-69.148429,28,110536.435519
42.384404,68,110558.131275
116.480992,99,110591.132896
75.741326,86,110618.585569
51.57368,70,110640.94649
42.177676,71,110665.711464
632.636606,208,110732.930295
171.407149,115,110770.804329
20.319388,74,110794.4506
10.802795,71,110817.466489
61.164279,78,110842.657099
48.096739,75,110867.402877
87.582766,91,110896.496619
128.019666,106,110930.167879
181.401735,116,110967.133754
78.251001,90,110995.469358
63.683345,77,111019.676891
234.869482,135,111062.849379
27.263701,72,111086.150096
139.414342,115,111122.477897
91.328966,83,111150.039682
47.236435,82,111176.27774
47.683819,72,111199.008355
138.89619,103,111231.895526
227.755622,121,111272.543243
465.762058,172,111328.210273
-8.206208,67,111349.531162
90.515161,92,111378.871211
348.379642,155,111428.453929
28.349696,83,111454.859617
184.743901,106,111488.792912
34.230762,73,111512.83427
169.428217,106,111546.499189
17.606227,62,111567.171545
223.469126,123,111606.87701
164.546433,99,111639.178367
63.239545,70,111661.266525
132.489627,101,111693.46901
375.425468,157,111744.832857
225.530594,122,111784.306759
62.283645,74,111808.028659
265.712082,127,111850.840033
173.599842,110,111888.019405
71.90652,91,111917.975413
61.150531,75,112354.244621
74.431741,70,112377.41259
32.706883,79,112402.361496
76.660454,77,112427.387224
130.360883,119,112467.000598
1162.882834,298,112564.445264
267.606275,135,112607.664091
350.932694,166,112662.018897
356.118865,157,112712.366061
329.374915,145,112759.043937
38.417037,77,112784.250299
28.102338,71,112806.995457
374.486767,154,112857.831904
72.017751,87,112885.487764
118.063566,105,112918.960795
32.046023,68,112940.696431
525.905556,188,113000.895507
144.912137,106,113034.837009
84.333923,82,113062.627456
145.181502,97,113094.012428
161.427442,97,113125.046814
158.841217,106,113159.980863
-7.732974,52,113176.505588
104.152655,98,113208.836474
144.934328,107,113243.279719
206.790711,121,113282.16793
97.307792,83,113309.133885
358.405196,159,113361.38598
270.386307,140,113407.225568
178.312965,109,113442.695558
457.297271,168,113495.973528
505.492283,184,113555.327883
14.67209,63,113575.292025
245.508283,128,113616.260528
419.793122,160,113670.409697
348.664543,158,113720.901165
61.610193,67,113743.000422
149.649259,98,113774.369809
167.380499,113,113809.537217
7.541752,65,113830.859572
196.353195,131,113872.739677
113.570071,90,113902.236801
91.185492,87,113929.671682
-0.858496,60,113949.157265
65.653092,80,113976.24669
283.316106,148,114024.587508
838.838642,231,114097.540347
66.281147,81,114123.036132
25.176736,70,114145.607701
69.904831,81,114171.772919
142.82855,97,114202.387686
85.090585,113,114237.874096
94.991788,95,114268.811473
79.229237,80,114294.709148
185.400961,117,114331.924998
-19.303677,58,114350.78576
193.211984,113,114388.340885
286.088236,135,114432.482876
80.359089,91,114461.374326
39.264405,63,114481.638349
83.629256,87,114509.58528
116.943483,99,114541.450437
85.553974,93,114571.728365
177.852044,112,114608.351089
59.3124,96,114638.662951
430.532212,174,114694.016964
14.971519,65,114714.435757
52.857889,77,114739.531967
501.327704,183,114798.635901
310.451442,152,114847.701087
160.294472,108,114883.222604
98.870701,83,114910.164774
188.479459,118,114948.118944
-72.57886,43,114961.476933
895.538908,256,115436.275797
100.742846,81,115463.971507
716.017413,217,115534.926761
83.209065,81,115561.003616
239.46574,127,115602.885362
2.731069,70,115625.561027
204.149476,106,115659.774326
75.069203,95,115690.224782
916.056342,259,115773.554009
220.246197,123,115813.322602
188.787233,116,115850.124621
61.331127,70,115873.239547
108.783569,106,115907.449686
653.109818,214,115974.97462
124.491661,85,116003.410091
795.308085,241,116083.002912
53.952407,73,116106.260091
604.171702,210,116172.914727
387.165627,152,116221.720341
147.095601,105,116255.908143
547.370247,206,116321.392441
155.024052,106,116355.19644
71.079747,86,116382.438451
57.653004,75,116405.722567
544.416937,196,116469.016781
496.72025,189,116530.745167
372.860887,149,116578.833415
246.803314,125,116619.253724
1518.125806,352,116733.458568
1011.386532,270,116819.600251
121.366268,84,116846.80215
46.788732,73,116870.547396
102.671496,87,116898.6587
65.80704,73,116922.450379
57.839798,70,116944.532459
145.596574,111,116979.880151
82.934975,81,117005.719419
296.665298,140,117052.011947
26.86746,65,117072.736199
239.298841,123,117112.609813
101.836871,97,117144.036931
138.029038,94,117174.80415
-9.975166,55,117192.254565
217.848516,113,117228.769815
645.955444,207,117295.605764
217.753982,114,117332.070337
455.953263,171,117388.779762
356.825292,155,117438.784212
353.358051,155,117488.219124
128.503578,99,117520.728685
43.541292,67,117541.86285
18.116884,74,117566.987503
164.093055,111,117603.075581
113.022624,93,117633.71671
78.135938,72,117657.243512
166.487397,121,117695.401262
113.57455,102,117727.559746
77.463189,87,117755.068681
323.373185,145,117801.325161
102.908884,82,117827.589439
-1.307201,66,117848.116053
598.079355,200,117914.526686
165.054671,106,117948.758862
975.583053,259,118032.123494
1075.888383,265,118116.46184
426.535031,172,118663.346207
169.248867,111,118698.84911
91.04832,93,118727.941629
57.2549,75,118752.318373
46.537995,67,118773.802909
328.829579,148,118822.787506
-7.387348,64,118844.003907
106.807466,86,118871.008257
194.680623,117,118908.51947
67.910722,94,118938.13366
249.104728,144,118984.49028
15.482951,70,119006.755335
1066.779453,278,119098.437314
137.422266,102,119130.472364
-0.967609,51,119146.731062
115.630579,84,119174.16685
368.343065,165,119227.57637
270.174941,138,119271.930011
134.87414,88,119300.550169
657.231384,207,119366.314238
269.542658,145,119413.478776
166.863895,114,119449.353664
982.102147,277,119540.373913
264.699575,128,119581.808059
735.890794,239,119659.801664
197.473245,123,119698.846192
101.027745,94,119729.834948
103.881564,89,119758.500794
755.9554,226,119831.556149
258.963031,129,119873.036079
658.8515,220,119942.864606
358.309911,162,119994.850301
572.485563,201,120059.294863
-16.863921,96,120090.422666
305.703873,140,120135.195418
64.338463,80,120160.92592
334.417056,146,120207.71276
289.75032,142,120254.67884
11.438719,91,120284.900422
59.720177,85,120311.867927
102.873437,89,120340.633121
352.466161,160,120391.940145
28.450468,71,120414.787971
58.348695,87,120441.897836
185.399876,125,120482.7485
581.488934,202,120547.950505
380.269488,167,120601.140004
175.985067,109,120636.946827
444.900824,170,120691.487259
2311.192809,431,120836.685358
422.939325,169,120896.925212
327.170228,145,120946.426253
149.596046,107,120980.169336
1117.71332,282,121071.500154
195.328959,120,121110.03182
614.366591,199,121175.401324
21.125816,66,121196.542841
414.356428,165,121249.587619
145.201703,98,121281.303619
199.18884,125,121985.185301
576.897407,202,122053.136149
139.094849,114,122090.925371
323.894542,141,122137.382783
542.936541,186,122198.413503
809.463477,231,122272.252214
166.18476,111,122308.155439
1258.504961,307,122411.142222
899.149074,247,122491.223246
189.596769,110,122526.780291
308.996817,149,122575.216179
236.448272,135,122618.383434
-5.140579,61,122637.940374
394.510581,173,122694.867318
530.290028,185,122755.323614
496.687649,192,122815.14473
53.654359,87,122843.401104
139.160901,89,122872.895385
661.156502,225,122944.968586
137.19386,109,122994.163352
550.528318,186,123066.398868
207.856926,126,123115.43049
297.55774,138,123168.656841
237.160745,128,123217.040751
612.964417,204,123298.664043
89.963176,84,123331.43044
376.17816,160,123392.412209
0.340448,75,123420.99585
-24.57145,58,123442.251639
413.534787,155,123501.642953
88.180705,86,123533.61908
236.553014,124,123582.187847
275.173654,141,123635.323274
440.395516,177,123702.20443
316.748716,157,123761.880647
322.169092,134,123814.209094
365.582327,156,123874.399037
236.39624,131,123924.386609
54.55277,77,123954.134212
275.47691,120,124000.726151
878.435678,253,124099.181948
414.083243,174,124165.534772
674.781813,233,124255.015147
68.148582,73,124283.676159
20.033494,64,124308.351334
147.062779,105,124349.646255
181.92019,109,124390.127928
199.682131,117,124436.550425
398.068835,156,124506.849061
109.866372,99,124545.795557
208.489607,121,124592.484688
166.528667,105,124633.253098
1.913359,81,124662.987118
58.26137,87,124696.201925
181.842918,113,124739.494004
106.695528,95,124774.781489
184.907452,121,124820.473509
447.225195,177,124887.80509
465.990031,191,124962.017799
184.471064,110,125002.854573
1.546823,72,125634.232821
241.524312,126,125682.747552
1023.649692,270,125788.010275
23.955246,67,125813.746117
44.152928,88,125846.729753
59.593577,76,125875.731182
945.249474,258,125973.795513
232.865158,139,126027.215037
366.44403,151,126085.157106
209.491397,127,126132.570752
1262.346268,306,126251.176704
917.448728,253,126346.196546
38.854274,87,126380.224396
157.463565,101,126420.073141
388.512637,171,126484.531522
622.181254,197,126559.7127
16.42844,64,126583.561784
136.478437,108,126624.809679
173.444667,115,126669.147234
228.189464,123,126717.018183
60.163685,83,126748.00865
399.910632,166,126807.759485
461.063233,178,126876.399282
206.944323,118,126921.667352
248.657453,143,126976.854225
123.512823,96,127012.8195
207.123838,107,127054.395748
240.255349,130,127104.869413
322.202333,139,127157.879168
65.190507,90,127193.959285
507.77328,180,127264.011103
-15.096516,50,127283.098516
275.108652,138,127335.233926
488.461844,177,127405.230815
361.00576,158,127510.244616
719.097609,221,127596.991035
706.274458,196,127672.659606
158.532749,118,127716.77837
669.575867,230,127805.115882
115.73858,95,127841.563131
164.026572,109,127882.597467
-11.205445,83,127913.736336
261.880884,140,127966.01008
961.881183,272,128069.736069
192.139363,107,128111.781671
1263.835382,306,128229.006569
346.420393,150,128287.920905
253.064268,126,128336.842606
324.790089,145,128392.301652
145.399344,89,128426.825451
739.534537,214,128510.244206
150.323055,101,128549.918669
62.304094,80,128581.126393
441.060747,170,128645.600514
676.487786,201,128725.748519
695.355009,226,128815.298811
1166.647349,295,129637.280939
416.72932,174,129704.361941
176.405625,117,129750.072042
450.862989,177,129819.170842
742.988558,229,129906.732233
793.268605,239,130002.405808
1361.779023,314,130125.237789
266.241513,149,130182.696421
67.778379,78,130211.34537
745.909046,229,130299.902537
275.608944,137,130353.597649
344.122701,154,130412.065018
66.019529,79,130440.816543
598.387593,204,130519.580015
291.99353,129,130569.157802
1906.184149,386,130718.355948
225.907832,117,130763.639083
199.530302,113,130807.742895
472.694872,159,130869.425315
513.056164,173,130937.068866
115.030341,94,130974.539455
122.506721,99,131011.71009
591.604038,209,131089.792951
70.972251,83,131122.235199
181.548595,112,131165.571944
164.795778,111,131208.497104
326.816933,143,131265.34896
154.42336,113,131309.80262
47.396711,72,131337.10432
1248.348442,310,131456.39933
153.764523,111,131499.347126
356.802961,166,131563.918095
379.337465,172,131630.451861
728.263366,235,131720.554139
136.60566,96,131758.782295
118.677401,100,131797.076628
103.315407,99,131835.729839
127.603132,103,131876.396646
145.62855,118,131922.44803
247.950102,128,131971.005647
141.60918,110,132011.983695
216.084315,132,132063.658963
339.219038,142,132119.015803
392.895838,160,132180.23789
779.432089,225,132268.249755
577.393947,220,132353.84669
433.388377,175,132421.230359
32.764866,63,132446.067169
196.375445,132,132495.560554
274.804429,122,132544.121952
178.120295,125,132591.521968
417.506472,167,132655.255424
268.227344,138,132709.077805
476.758329,180,132778.346402
540.867798,178,133727.120403
436.623051,180,133799.025458
191.487057,121,133846.208989
692.907517,207,133928.001569
395.021646,172,133994.343422
509.126145,196,134067.884608
532.227287,184,134139.331246
189.680455,144,134192.870542
203.642575,118,134237.455965
421.134773,164,134300.896055
181.428049,110,134343.702944
1987.285426,387,134493.591122
691.926167,218,134579.724882
145.485833,104,134618.32279
474.618224,165,134682.168636
174.650172,115,134726.007595
287.269106,139,134780.458562
1628.163332,335,134907.97822
277.149072,122,134956.179558
96.686306,89,134990.865035
109.733481,100,135028.08317
693.83755,216,135111.11715
4.727196,58,135133.478655
896.504592,250,135230.204332
239.303618,116,135272.660227
512.808129,178,135340.214333
259.315336,135,135391.119048
512.552239,179,135460.437389
541.126151,194,135534.751101
391.24871,155,135594.227053
208.167079,114,135637.993446
366.416899,149,135694.313149
247.100567,133,135746.44311
1640.380283,350,135879.981445
543.709114,188,135952.549878
1316.81343,326,136078.343456
57.524262,88,136113.428952
263.256035,132,136165.044193
255.844524,136,136217.118367
877.695341,259,136315.745646
1437.325278,320,136440.457276
1096.480674,277,136546.564831
156.289393,109,136588.131711
485.505399,187,136659.976765
8.150175,71,136688.481986
146.401401,111,136730.079267
412.595329,161,136791.598325
498.290126,168,136856.360452
586.929681,202,137979.451761
631.480786,217,138062.940667
772.898097,233,138152.59689
439.407067,175,138220.954975
1405.529079,320,138344.786735
41.489174,69,138371.192114
41.1407,81,138402.363076
212.72198,129,138450.701028
139.260418,104,138490.246313
217.718723,111,138532.7591
80.14521,96,138569.330117
442.08977,165,138631.294252
49.744874,81,138661.770587
346.223174,131,138712.752117
122.659827,80,138744.144093
374.591682,164,138808.379236
192.013595,113,138851.261365
652.381681,206,138928.758254
427.042989,172,138999.953483
1198.812958,304,139116.548026
57.028392,73,139145.380089
4.355327,64,139169.73599
669.059946,223,139254.925869
342.994893,155,139314.790055
509.034604,176,139385.192536
1195.417998,259,139483.98181
407.557227,167,139549.399113
357.795851,171,139616.169975
997.96792,268,139716.793074
942.742494,260,139816.482389
408.160011,155,139877.165064
98.349734,100,139916.334578
668.100288,205,139994.673043
398.591195,169,140059.467858
897.334665,258,140158.916768
427.644738,170,140225.090742
112.765795,92,140261.168892
116.46013,102,140300.921074
423.504507,179,140370.128772
705.535455,221,140454.717188
869.026325,242,140548.956372
895.853288,258,140647.062197
-13.188931,78,140675.736756
789.152856,231,140766.080283
212.462392,129,140815.221008
17.528773,72,140842.531234
2422.479231,434,141010.318932
1317.863083,312,141128.22749
470.517781,179,141971.910133
351.559098,146,142028.091974
1008.797759,268,142133.582233
197.375515,115,142177.348116
2482.483645,440,142349.139514
589.305704,194,142425.012183
763.028261,233,142513.621708
300.10543,137,142566.534484
1543.665874,343,142697.637375
405.269237,161,142759.817186
654.635318,206,142839.234622
535.185953,184,142910.184852
697.722798,214,142992.523479
297.311187,146,143047.384939
418.61864,161,143108.670933
203.003979,137,143161.85116
118.106444,107,143200.660521
83.846067,110,143242.93057
812.345303,233,143332.162518
6.602078,67,143357.725367
2096.577938,404,143515.346915
48.151574,71,143542.537412
61.638196,70,143569.180266
1114.107599,266,143672.133647
651.424362,218,143757.101447
442.558835,191,143830.692507
-12.945274,61,143853.913314
288.877285,136,143906.644129
1672.420854,358,144043.667191
585.828689,217,144128.658296
339.96541,151,144185.674934
113.956988,94,144221.568014
106.504705,79,144250.029444
869.61408,252,144347.641412
2486.484063,448,144519.361478
645.571645,215,144600.918303
1863.435955,372,144742.949883
1039.064406,269,144847.82999
122.464953,98,144885.523798
126.460418,121,144932.528621
246.038437,125,144980.830165
968.138558,273,145085.696338
53.003878,70,145111.805783
618.266262,194,146108.164464
396.365918,162,146169.923469
713.074126,222,146256.751293
268.909405,132,146308.044862
105.663859,114,146351.834002
69.08179,83,146383.370701
1315.728672,312,146502.642334
129.587408,116,146546.231054
530.618588,191,146619.982914
832.196774,246,146712.324028
77.562957,85,146746.636017
163.962287,109,146788.370063
699.724734,209,146868.1053
546.223381,188,146941.199665
262.26929,128,146989.972666
706.042318,213,147071.440328
373.3644,153,147131.757848
301.031839,162,147192.680385
519.600719,182,147262.572413
1752.663504,358,147401.612395
290.896681,143,147457.226655
120.58246,90,147493.560399
178.815702,109,147534.181983
470.101743,186,147606.870198
-22.923859,52,147625.418568
288.249379,134,147676.657367
95.01233,90,147711.554531
221.415955,115,147756.560365
65.077008,86,147788.699573
510.398601,184,147857.903538
223.714774,114,147900.779781
2455.327035,423,148061.50237
353.40463,146,148117.916384
441.707305,151,148174.618033
576.435583,205,148252.434702
208.976714,99,148290.264683
742.695999,205,148368.974209
871.55244,247,148465.599379
256.068817,149,148523.38181
88.594988,81,148553.769104
190.961295,115,148596.394612
734.916828,230,148683.189169
1265.876297,302,148799.928972
219.695257,116,148846.178448
503.516473,201,148924.521383
86.664933,89,148960.041994
581.187368,199,149037.724999
2375.708878,429,149204.479277
1050.072574,274,150377.391587
1373.849677,311,150498.204816
145.666133,107,150540.8382
471.804912,172,150607.171933
461.935284,185,150679.854836
89.579185,119,150726.866179
195.486083,113,150769.370895
251.584702,124,150817.596054
670.235412,218,150900.063617
2410.448741,435,151069.520071
175.708166,111,151114.071504
1336.607948,322,151236.621343
117.560027,99,151274.637158
1524.567508,304,151392.577803
397.769929,159,151453.89637
522.651415,181,151522.120377
-2.506697,84,151553.823644
68.31462,79,151583.096016
466.785993,162,151646.404926
298.079181,143,151701.148583
267.625507,137,151752.445204
115.428844,95,151789.081531
1174.375072,285,151898.990894
172.714636,114,151942.889189
34.344006,64,151966.291358
210.697994,124,152014.94323
1031.428321,270,152118.338034
749.32945,224,152203.552025
1085.271833,280,152321.598607
238.818959,126,152372.815644
776.368497,236,152465.392809
183.531029,124,152514.846291
392.403944,163,152578.413538
215.705227,127,152628.448284
289.429768,147,152684.437825
995.615944,262,152786.695129
1941.543634,397,152938.778135
1323.292877,300,153053.153974
2586.507742,436,153221.099512
309.845074,147,153275.853411
454.161433,180,153347.505521
1015.273286,271,153450.095096
232.98801,128,153498.069426
353.749241,156,154556.250005
79.40996,87,154590.870873
99.303047,76,154621.190991
559.695424,187,154693.219803
1405.933676,309,154813.700003
464.312729,195,154888.057348
1647.834742,351,155023.326151
95.713762,94,155072.071656
87.99369,112,155115.20727
110.337254,103,155154.805349
2020.299675,396,155308.987905
1147.361159,288,155419.182133
1214.240852,297,155534.577428
737.586357,219,155622.058437
376.014426,162,155695.224711
1323.402601,320,155817.654443
80.281793,96,155854.450578
131.685376,106,155896.225961
393.578835,143,155950.956732
1156.191178,285,156060.151265
982.734684,274,156164.429681
260.283014,131,156215.45825
876.514373,248,156321.977121
1113.116138,286,156428.95051
52.878632,99,156467.34967
134.930832,114,156510.914898
937.489137,242,156603.513855
1343.393934,322,156727.919496
1184.473607,294,156845.532907
56.616446,76,156881.521143
72.710093,73,156910.13803
612.863664,217,156994.441025
593.386235,198,157068.641893
1108.359314,260,157168.081904
1397.180461,290,157280.506548
849.367774,248,157376.346323
1642.441958,341,157517.780673
207.895702,126,157568.697657
795.501956,245,157665.631518
441.97202,171,157731.484341
2141.267038,410,159137.278277
63.979213,90,159174.380114
78.874534,89,159208.666475
148.870438,102,159257.764064
453.656229,182,159332.772802
1284.624071,297,159447.371049
353.362336,152,159505.965382
180.763693,120,159553.970709
126.987697,111,159598.445334
1206.812384,281,159708.084727
1174.452992,290,159821.875546
698.896156,227,159919.780565
119.394156,92,159956.83701
110.0791,100,159995.658936
1847.213874,373,160142.265542
339.280619,145,160198.130879
723.437496,229,160285.284398
773.0258,231,160373.889539
242.473929,135,160425.314914
479.44007,180,160506.259195
182.32257,123,160554.871741
332.876573,145,160611.473893
1624.80923,334,160740.765388
412.882771,171,160805.567286
1576.839191,341,160937.248832
190.384228,125,160985.442291
1097.009348,283,161105.828844
2012.905897,393,161256.616085
818.780509,255,161355.092588
609.23375,191,161428.804866
790.410663,238,161520.33723
1222.986539,263,161621.905525
690.331771,215,161714.982654
182.649429,114,161759.927706
214.225633,121,161806.541242
481.815504,171,161872.076431
2017.00593,361,162013.344091
42.732947,70,162040.358834
420.052096,162,162103.730298
1117.041648,287,162213.845106
799.02253,238,162316.602761
340.965635,152,163503.203286
683.006348,219,163592.616759
504.24501,180,163663.835992
132.617277,115,163708.660019
566.031606,194,163784.587935
551.12896,198,163859.619104
626.216833,201,163938.048067
1755.696981,360,164090.278513
408.122697,166,164154.192524
529.599474,186,164228.650208
384.298651,168,164292.325351
983.65123,259,164389.682261
1807.999758,359,164528.644081
2251.459708,422,164700.866975
14.906152,97,164737.678279
143.767416,115,164782.907919
1386.631689,311,164902.63066
664.660789,216,164986.620265
1876.180009,337,165118.949018
592.009788,216,165202.72026
218.299841,121,165249.581689
2324.258568,413,165417.099268
252.942108,128,165459.355689
341.471914,161,165511.550043
613.685731,217,165581.347559
1344.411673,303,165682.105957
137.899506,105,165715.811711
1698.582774,377,165839.073412
34.716152,89,165869.460123
510.390668,163,165922.517783
312.677948,145,165986.236313
2148.759929,388,166112.609492
104.728994,100,166143.930928
1491.770351,331,166257.686665
1437.523991,318,166377.338928
96.127176,86,166410.847933
450.847903,181,166496.988571
1347.585979,308,166617.77499
1443.31492,321,167810.178284
831.136713,256,167910.640251
543.922877,202,167991.107892
925.762961,242,168087.913083
1030.681259,268,168191.447007
1955.046196,385,168352.877102
23.229602,59,168375.719506
310.383262,156,168436.454352
905.812115,257,168535.901868
307.019292,140,168589.495788
1220.751228,286,168699.654372
79.805262,81,168731.384555
1143.356632,293,168846.825535
850.385124,245,168949.725335
152.461655,136,169003.350914
983.874732,268,169106.552666
114.35663,98,169144.040976
383.463338,156,169203.966354
1019.465943,274,169309.129582
766.086234,234,169397.037841
263.583512,150,169464.883049
402.811234,176,169533.944822
2128.624414,405,169687.931754
1286.401651,292,169800.094354
578.348101,209,169880.278004
69.950858,82,169912.394754
644.09229,207,169993.223658
686.590399,215,170086.284365
3022.954982,433,170252.626672
303.910507,140,170305.929941
1429.335013,325,170433.617625
1306.153785,293,170548.294724
1028.452205,273,170662.442849
100.393604,101,170700.962337
834.990268,240,170794.604835
2360.842101,424,170958.690023
-70.96585,42,170975.260448
397.421214,152,172148.083129
418.359619,167,172213.960667
33.979118,53,172235.348583
2148.646043,396,172391.160601
1770.783202,371,172547.965923
351.070803,147,172604.616013
282.755928,152,172663.556593
143.347522,98,172701.750721
315.432795,156,172761.479526
1171.800329,288,172874.767712
353.918704,153,172934.617353
230.067078,127,172984.409187
948.030999,262,173095.92968
193.416157,140,173150.814271
476.384998,188,173224.612329
1169.716721,266,173327.618506
1236.249306,304,173444.462031
1672.28782,341,173576.489716
570.627906,197,173662.084153
419.484036,170,173728.414612
-66.257114,51,173748.333562
2415.328481,426,173915.142871
121.653848,94,173951.104082
452.555492,177,174018.262317
296.784883,149,174073.335525
52.511944,88,174107.0212
344.81322,159,174169.887178
1120.357474,289,174291.01126
309.052514,145,174345.729784
812.306296,227,174433.229064
532.080222,174,174501.310465
1111.483854,280,174610.568506
897.639255,235,174701.023497
796.634101,232,174790.259775
105.291517,92,174824.438277
657.905985,217,174922.080916
319.801316,150,174980.516663
982.558782,255,175080.083843
95.036503,101,175119.001111
801.149197,224,175204.979533
488.424872,189,175277.484907
397.963234,167,175343.103634
360.095569,137,176434.28307
939.535199,262,176541.684086
1332.711988,312,176673.543906
897.8344,235,176763.659541
1029.237238,251,176862.537109
192.602889,127,176913.442331
213.902408,133,176964.73693
788.411203,245,177058.587383
153.699845,110,177100.400896
294.917442,173,177165.724316
921.991973,245,177273.980713
620.691026,212,177356.953865
804.037759,235,177448.294179
1928.553098,384,177593.451114
466.663771,200,177672.326741
893.118081,229,177761.39508
986.856305,268,177873.530288
1413.49381,316,177995.748273
771.32951,234,178086.358552
301.302196,140,178138.760386
1147.305952,284,178247.281485
312.353378,149,178305.719224
2475.749275,424,178479.766917
2592.475315,426,178646.600699
773.052495,240,178741.164022
-58.474964,71,178769.071922
347.929067,162,178832.709139
1283.285899,291,178947.124223
67.753044,112,178989.871983
341.316739,154,179057.211741
342.955015,154,179123.114974
1111.789121,264,179226.487616
203.807912,114,179270.862019
1826.48105,371,179412.54336
638.299749,201,179490.699305
185.916606,104,179530.682127
463.002454,177,179601.160723
512.589299,187,179684.811262
198.273748,114,180920.849986
516.268584,168,180993.245519
234.766696,142,181048.967101
134.588354,100,181087.996805
895.877216,261,181189.848564
306.093974,145,181247.335527
236.447942,125,181297.950842
311.787776,136,181350.481297
267.534006,135,181403.225399
839.784582,247,181508.38944
135.420917,104,181547.756062
1018.957295,266,181650.200239
3013.705081,496,181846.066811
96.302981,100,181885.402488
720.939745,230,181975.822272
667.434458,221,182072.9563
1544.51647,338,182203.017355
1274.761166,314,182324.302979
942.338393,256,182420.848673
563.760473,200,182499.017484
269.342004,132,182550.406071
2671.723374,439,182728.945866
737.578946,228,182816.625395
238.555565,136,182868.954997
389.059098,171,182934.076597
1152.092484,291,183044.337402
2042.266306,394,183197.075387
2443.741365,441,183374.167619
242.796559,136,183428.49912
201.252133,111,183472.497408
616.723863,210,183553.541681
2491.91182,432,183722.416751
674.495553,217,183806.884747
713.350968,242,183911.590176
191.831654,160,183972.034707
590.272387,200,184051.828005
1402.429732,315,184172.917875
922.404865,256,185324.593181
245.847318,130,185375.702895
1615.884768,344,185510.923588
702.162544,223,185597.575044
1780.89849,372,185755.46663
610.662688,197,185831.860384
178.766868,118,185877.866095
214.246532,142,185931.932589
585.748978,179,186001.566443
237.051552,125,186049.295485
659.610654,177,186117.527919
457.156433,170,186183.066311
1057.04557,276,186301.510016
485.843847,179,186369.702049
438.423947,177,186437.398988
202.769515,120,186484.379414
683.758634,203,186564.686004
580.824419,198,186641.605533
252.053862,138,186694.811553
74.319901,94,186731.343645
80.367768,91,186767.46626
574.652835,205,186850.686468
371.209876,156,186916.189324
2390.220444,437,187085.411692
582.131935,217,187166.59915
-18.323946,64,187191.515727
641.788057,211,187272.906269
1470.226915,320,187395.449242
603.813913,202,187483.335633
433.122205,163,187545.998322
219.522874,126,187593.954168
896.457107,241,187690.116978
837.138055,247,187789.843009
44.926923,92,187824.389645
152.153012,102,187863.24672
586.08641,206,187942.084372
2719.809106,464,188129.458771
928.597149,254,188227.180582
1240.777629,299,188342.606595
58.70746,96,188381.231098
1134.22265,279,188488.265364
649.564102,217,189693.363181
581.269397,201,189775.187949
1114.219441,292,189890.149271
352.409736,162,189953.055157
1425.550486,298,190069.018263
1870.999142,365,190207.016711
2364.425819,428,190373.986794
538.964831,199,190451.844216
188.990392,110,190495.078398
229.13736,112,190538.037375
1139.565919,278,190648.714148
243.997981,134,190701.20054
1320.4225,321,190825.330852
2535.930079,437,190997.22402
2442.878167,427,191160.799686
221.9816,125,191208.319005
1225.510939,289,191321.389984
343.236738,144,191376.263497
1091.167803,277,191482.207682
1718.641825,350,191616.80299
1433.226346,324,191740.489009
2078.407107,402,191895.947292
2571.974603,454,192070.019104
848.20673,239,192161.686959
203.014799,113,192204.340141
2550.054928,412,192363.31696
1122.124288,293,192477.644896
521.156915,186,192549.269599
861.084516,234,192639.774414
2297.1196,379,192782.139613
107.62987,95,192818.815735
2090.480818,355,194146.398085
105.170871,93,194180.401156
1048.526527,266,194284.327224
2176.1256,400,194440.00806
929.499143,250,194536.476413
43.448037,70,194563.335574
1603.148946,347,194697.719986
1271.045261,303,194813.930953
167.566927,121,194860.049906
181.5123,124,194907.490533
266.730682,135,194959.552424
1199.476561,286,195072.033421
1308.020116,303,195189.917206
1279.819341,294,195304.453956
347.239155,155,195364.397393
1621.539141,342,195499.007832
728.350949,231,195585.862481
532.999119,184,195654.959454
193.818304,115,195699.247232
131.696597,91,195734.155624
1111.523131,281,195841.675677
2344.837387,410,195999.567571
211.250832,120,196046.525885
1325.298369,285,196154.424589
2776.535074,446,196328.954822
2506.871678,442,196498.151325
-68.102303,67,196523.299478
226.722456,141,196575.642463
984.866512,269,196681.159276
571.110647,191,196754.659923
162.307129,121,196800.157417
525.381025,188,196872.352721
444.941784,171,196935.44975
2386.151875,419,197097.951812
-24.479988,50,197117.438296
962.046733,267,197221.554523
869.488175,243,198538.699122
526.577974,186,198613.492873
2030.167666,404,198769.587389
993.020859,270,198873.122252
1306.679034,332,198997.571472
1367.334443,293,199116.883029
1607.646681,359,199258.201834
616.986485,206,199339.619538
99.0543,85,199372.901328
465.986453,171,199438.139807
2565.790549,411,199599.476443
1253.56057,304,199719.974837
890.400235,255,199817.461618
2229.376036,430,199982.989706
552.920515,193,200055.693158
965.139999,254,200153.415801
-17.292567,54,200174.966917
281.886629,127,200224.340709
836.996696,252,200320.643147
1502.315788,334,200448.697888
208.782741,99,200486.946826
470.39202,181,200557.628861
692.561357,219,200642.584349
372.653398,152,200701.090242
868.019559,231,200790.969083
1417.277008,308,200908.933477
1081.041575,288,201020.108291
633.273787,209,201100.64155
626.3239,209,201181.35749
1453.789979,324,201306.810588
1219.449791,295,201419.144014
2787.260977,467,201598.779677
1565.176687,352,202997.168302
1693.189256,336,203131.527324
2245.417942,409,203290.752079
2022.724323,371,203433.756875
1236.548273,287,203545.848172
-1.375856,79,203576.732825
-62.816266,38,203590.678078
1663.021587,340,203721.711873
716.213333,227,203809.57673
1470.393547,340,203940.63428
128.014742,108,203982.576059
1270.307021,310,204102.235745
1440.003274,324,204230.815892
1307.859269,311,204348.031083
2348.675406,433,204517.176371
3016.974395,437,204686.154976
1124.907306,284,204794.6867
1402.71194,320,204916.691878
491.47962,192,204990.951862
1028.05952,285,205100.400709
1001.504398,279,205205.796346
1534.072854,344,205337.883168
1567.026829,339,205469.033323
30.154669,98,205508.583681
1010.730814,267,205612.150323
1247.26423,303,205729.548337
325.173822,146,205785.887876
624.277193,203,205864.617333
817.987504,227,205950.669967
2704.572781,461,206127.701931
70.899708,89,206162.651128
888.178037,255,207472.006464
799.393526,234,207561.691662
1222.953681,301,207677.546925
1523.9209,329,207807.915317
486.647502,199,207882.101841
126.729025,107,207923.695958
444.949635,146,207981.289081
585.828677,204,208061.603598
1100.392484,281,208170.338675
987.277231,258,208271.577322
759.392215,229,208359.68304
129.779887,98,208397.597585
1552.9874,327,208523.37373
148.078368,107,208564.764425
1702.778653,339,208696.586904
-87.198543,41,208712.381607
861.121348,235,208803.767693
390.102489,153,208862.358663
1194.710314,289,208975.554219
615.592914,209,209056.244504
688.638365,210,209136.172421
223.263708,111,209176.935061
479.747767,172,209243.645347
622.028905,201,209320.951514
1748.830905,375,209465.678258
960.585023,256,209562.93719
589.595609,199,209641.141417
819.765656,242,209736.913938
874.001043,227,209829.248761
1688.553049,356,209975.878815
1556.035544,329,210102.089601
734.510909,232,210194.343607
990.405362,260,210292.910989
140.462374,102,210332.059666
1239.506583,298,210446.694165
2492.382839,433,210613.741816
735.491292,221,211892.728785
1485.062083,295,212010.693998
1977.77573,392,212161.030352
156.345278,108,212203.763431
1182.878168,304,212317.71302
624.207944,209,212398.425932
1880.157474,371,212544.82206
1380.220033,311,212664.912492
428.550452,187,212737.46182
181.062316,123,212784.720655
815.224454,242,212877.675291
1030.475582,280,212985.62998
2771.651621,446,213155.179972
81.682624,88,213188.752965
1284.448178,283,213297.203968
81.786741,102,213337.13406
1367.761038,320,213459.401942
1512.096561,346,213592.661597
497.503587,181,213662.83795
1137.418775,280,213769.684679
1320.647595,303,213883.829249
165.287667,117,213928.521025
389.478741,165,213992.047592
1253.456565,288,214103.075508
367.398214,155,214163.47065
1410.796104,325,214287.233937
585.288239,197,214363.21576
219.897183,120,214409.684904
786.359373,233,214497.621812
505.120124,189,214569.921281
455.509413,175,214638.047192
805.036705,235,214727.975595
348.583035,150,214785.028425
204.645259,132,214836.235537
225.201491,116,214881.879828
1046.17011,285,214991.747388
183.448118,115,215035.701384
1292.926678,292,216378.222817
1026.356028,259,216482.680789
2326.048665,423,216646.741088
1780.332074,374,216790.30384
1262.150164,269,216893.05323
481.188821,177,216961.332798
1444.564128,320,217082.146833
665.984405,216,217163.991436
915.236753,256,217263.666572
180.525629,124,217311.21494
1346.297587,309,217431.313973
8.491717,84,217462.539085
1548.826665,342,217592.927423
761.017533,243,217686.379627
416.393533,168,217751.419265
1481.309789,326,217877.853337
914.511663,249,217973.077709
1365.38814,295,218085.70103
377.504228,159,218146.804793
936.552953,229,218236.307109
1254.327316,277,218343.365086
1195.316186,291,218454.649183
308.510237,157,218515.494856
322.053778,157,218576.053259
49.788964,77,218605.923914
976.773745,271,218708.596259
2332.041261,410,218863.803998
528.281691,188,218936.601111
1592.963731,339,219068.450414
297.74632,141,219124.127052
263.466215,134,219176.75799
1072.084681,274,219280.688477
1096.075305,277,219387.956171
815.787923,240,219479.678886
111.954452,97,220655.694318
430.482362,175,220729.810122
1261.024205,289,220848.363381
58.295713,80,220878.479177
-34.608637,56,220900.603867
3199.656197,457,221078.664138
244.764671,125,221127.650785
1209.802533,311,221247.209076
800.301104,228,221334.412997
552.702904,199,221409.015716
1359.233374,281,221518.177393
430.08682,183,221588.678655
391.707961,155,221646.43088
1350.68783,322,221770.068074
197.255955,116,221813.296875
486.017257,185,221885.028076
1253.073632,281,221994.502502
1271.795575,301,222111.261218
48.399073,82,222143.197804
2397.91139,433,222310.540944
1858.077378,388,222458.968505
633.513062,199,222537.503165
102.833954,96,222573.758135
816.70668,236,222664.854733
353.747547,164,222730.026645
749.642674,230,222820.463722
1818.632426,364,222962.923
1260.626277,287,223073.577987
1502.260721,338,223203.977076
379.451322,155,223262.156972
1498.823882,331,223389.646304
2386.088282,424,223554.327604
893.627478,249,223650.793425
2494.3887,443,223820.571752
1917.455135,379,225139.726075
353.812517,161,225202.55975
-38.002519,57,225224.927188
389.579859,164,225288.115375
518.411571,185,225358.627534
2546.433957,442,225532.794122
492.119815,172,225599.449207
1753.973204,363,225742.623076
1702.764841,361,225882.934966
2446.338056,421,226044.265451
475.864525,180,226113.320052
977.715301,257,226212.50382
2453.833534,430,226381.436445
813.439034,234,226471.266352
1581.158,352,226606.021993
1225.160175,296,226720.935516
1519.474975,335,226850.488033
359.14525,158,226911.032548
362.648608,146,226968.308675
8.189505,84,227000.240829
67.724851,65,227024.727258
13.666265,78,227053.499443
529.686637,192,227126.799306
43.947701,53,227147.438373
286.494063,137,227199.407265
1394.249078,324,227325.378837
1352.812987,306,227443.673027
171.518468,114,227487.771347
588.880356,192,227562.733989
201.247323,112,227606.135879
2626.130697,449,227779.235462
1336.756968,319,227901.840196
994.359357,256,228000.028569
173.467153,124,228045.843501
116.696501,93,228082.238425
959.809606,265,228185.750279
1655.90196,350,229526.722995
372.864,164,229589.783484
823.331978,254,229687.783709
157.088369,123,229733.496785
1096.888504,267,229838.863688
1995.610014,396,229991.911219
638.450063,214,230075.140801
189.325357,129,230124.163561
1648.469422,367,230263.883753
435.559308,171,230334.773453
237.05542,113,230379.888612
1420.476911,317,230503.049068
1427.876565,326,230629.064992
2148.048804,403,230781.265325
1095.138446,274,230889.778192
291.995206,141,230943.976897
540.830469,159,231006.514269
1045.506252,256,231105.147842
639.566006,207,231186.35159
1405.685979,329,231312.470748
1480.420454,339,231443.268297
2711.866636,453,231619.642093
210.501605,124,231666.093295
65.883838,83,231698.05792
607.622283,194,231773.296067
36.721138,68,231799.530689
485.520006,169,231861.825311
341.194375,147,231919.07403
10.645783,62,231943.114912
106.329448,73,231971.221449
1009.931537,257,232071.268843
1869.225706,361,232208.585773
1081.235705,282,232314.735118
762.771351,228,232400.846464
1310.719676,303,232514.923497
481.528176,176,232583.760556
2365.362901,432,233904.065421
232.447326,140,233957.980725
485.160452,185,234027.524423
15.784466,71,234055.680999
1693.120835,343,234188.881961
1146.497968,285,234294.793474
174.084042,120,234340.495836
730.272952,229,234427.701744
1086.725832,278,234534.636491
566.321445,194,234609.163463
1473.424178,332,234735.500507
1710.970771,335,234862.675484
797.303602,248,234958.947801
286.822789,136,235011.678741
2103.485232,382,235161.648399
1138.226139,280,235271.122368
1647.470039,338,235403.088258
521.397007,181,235471.964239
1591.452783,317,235594.149185
1828.944076,372,235738.737725
1469.122084,325,235863.702785
347.589568,152,235922.729661
2108.707383,400,236076.936628
1725.959798,330,236205.100549
2196.109304,398,236359.20186
1511.772377,335,236489.100975
2078.624652,400,236642.293345
1817.128557,376,236788.235632
1018.034496,273,236895.047021
592.80909,197,236970.76767
1788.197644,366,238336.573352
35.092445,89,238370.277978
227.630983,127,238417.599531
542.264284,204,238495.068834
2027.203187,387,238645.570213
230.670668,127,238694.97148
1291.695523,300,238812.452344
1217.816384,281,238921.650492
1646.051716,340,239054.287511
1045.72129,272,239157.973351
1390.147749,306,239278.211774
1599.947522,345,239409.950907
-14.610383,63,239433.310723
638.611556,206,239513.27522
2182.88403,405,239669.531307
651.385924,212,239750.684017
2747.674544,428,239918.208791
1072.988428,267,240021.959118
336.878206,154,240080.756608
829.84112,233,240170.619332
1579.522984,339,240299.689562
1115.747308,267,240405.437004
2537.159121,431,240568.23432
252.647562,143,240624.803281
525.67533,200,240702.184842
828.524755,244,240797.03541
667.242,221,240883.48444
1260.470408,274,240988.854039
799.229817,237,241082.302297
241.372184,132,241132.075152
777.469922,232,241220.688934
656.496743,221,241306.043503
657.17153,213,241388.205237
689.916516,222,241473.103273
2270.296199,425,243088.346737
514.544821,183,243159.62698
386.531436,148,243219.482646
454.661196,164,243282.000544
1570.715778,345,243415.495493
948.398566,256,243514.791569
522.663012,183,243586.31574
288.504098,137,243638.519638
492.112701,181,243708.793796
1412.034484,312,243829.094928
1220.524356,291,243941.878986
596.74238,209,244023.138551
1791.225765,363,244159.548066
1095.184123,295,244274.360625
1561.65437,321,244398.368776
1586.420654,361,244535.030803
262.115535,138,244588.089117
-79.085447,43,244604.268253
2401.933829,421,244765.682664
25.351465,79,244797.315277
2394.247967,423,244959.344543
786.327906,235,245049.4426
1329.780672,317,245170.963939
189.972808,112,245214.105842
961.410222,250,245312.408329
526.495395,193,245389.839648
812.058576,243,245494.987774
1300.528574,301,245619.673045
293.852746,146,245679.468611
1307.28768,311,245803.717178
578.975632,210,245893.001267
1382.365942,312,246025.121274
1434.720081,327,246155.064371
861.898698,241,247551.445005
1129.709182,288,247666.4451
449.454748,176,247735.224614
1016.294271,276,247838.133624
2976.085713,434,248007.042675
885.805327,253,248102.91001
1536.280366,334,248231.890139
462.788959,192,248306.819797
1028.859122,273,248412.576859
140.583113,116,248456.331411
2870.550309,458,248633.873764
-63.694388,59,248656.316737
1062.466662,268,248760.148129
1884.200073,365,248901.39872
1231.689453,301,249016.730898
1121.493875,282,249126.130012
2542.917803,438,249291.85748
797.99726,230,249380.857888
2265.919656,404,249536.947796
2039.739301,398,249691.055555
250.306959,135,249742.057513
379.128613,161,249802.803916
1301.849943,310,249922.482623
2022.486462,400,250078.119081
2741.913332,449,250254.452708
1378.094307,317,250376.152851
264.234505,130,250426.224512
2038.358902,370,250568.784062
692.636572,228,250658.485695
381.938968,180,250728.646383
2543.646741,430,251955.511273
2088.452539,375,252079.521685
1287.435123,305,252178.752381
1278.238069,294,252274.296157
74.410321,122,252314.065427
1394.567605,300,252410.536669
572.549025,188,252469.887475
1417.223342,320,252573.6564
2912.864669,426,252712.514113
1258.582442,308,252830.300214
1390.746035,321,252953.854175
726.957935,237,253043.149523
63.254486,82,253075.058018
1000.161354,258,253174.257785
1223.921069,300,253287.137413
1673.587952,362,253428.294692
159.32886,100,253467.217283
1125.246622,285,253586.200548
2363.650126,425,253749.450591
1568.699728,360,253887.833929
818.769975,243,253980.594354
373.532612,153,254038.147027
2463.778392,425,254215.434287
1178.101648,293,254332.294035
691.052184,218,254418.230051
454.522186,180,254488.6573
597.585273,199,254566.41368
1435.88998,321,254703.699253
2256.345773,426,254868.602979
-101.107715,44,254884.609896
1206.289053,296,256245.72878
837.347744,237,256337.162708
1269.764555,302,256468.148446
1569.730029,338,256600.808547
76.785237,93,256636.331459
775.444258,217,256719.363082
349.103997,152,256777.119499
730.665787,219,256862.285753
595.364071,212,256945.503757
316.439448,146,257002.18919
738.32626,213,257099.325426
2354.003313,428,257272.83053
416.401278,165,257339.768311
1824.123813,349,257478.352324
287.818189,156,257540.281302
2541.119459,431,257720.334505
2119.882901,397,257880.501197
1278.883132,308,258003.982192
1328.52243,307,258122.99999
1641.262521,356,258274.413298
2949.216678,471,258459.795149
681.032119,212,258542.850832
154.141648,120,258589.422508
1331.469345,317,258713.919126
1689.389017,364,258853.442425
600.051012,195,258941.097822
1726.976095,360,259079.739269
-8.722073,70,259107.801362
1089.321954,275,259212.92676
2504.646877,422,259376.642739
135.010017,121,259423.77741
2665.718219,444,260844.635526
979.877794,260,260947.639002
833.267804,227,261034.019858
1212.255535,286,261145.594849
593.744708,192,261218.999017
462.445063,167,261296.589694
1329.089167,320,261421.847561
646.037794,220,261507.426905
2635.780124,425,261673.016893
2111.064698,397,261824.857506
401.641592,161,261897.963404
1751.490798,364,262039.143577
1252.569574,292,262152.380037
1063.894516,271,262255.92304
2746.306181,437,262423.468873
539.907212,188,262508.867472
636.214271,210,262589.34321
2397.553874,432,262756.269105
1357.673471,317,262877.542058
668.314137,205,262957.149252
125.787876,113,263000.496039
2827.83178,460,263190.319908
2631.124144,432,263360.444261
2726.248373,454,263536.710036
1595.910535,349,263680.948469
1014.354197,267,263784.826298
2655.456505,448,263958.117908
243.780191,129,264007.990974
772.212177,230,265431.655932
25.588755,82,265463.088707
796.923118,224,265551.513874
231.707317,123,265599.436158
1523.826036,341,265733.643221
1197.560634,289,265843.571599
1192.337816,301,265959.648768
2073.198728,371,266102.102029
1089.911775,263,266203.42144
-57.067386,42,266219.567789
403.11772,166,266285.22754
1656.018395,349,266419.082531
989.725734,271,266522.896895
786.900763,227,266608.676979
269.504443,139,266660.78181
272.563594,130,266710.047226
147.833581,104,266751.287254
170.722331,114,266796.526234
1153.077179,299,266912.083077
2306.365621,432,267079.613898
1687.925298,360,267217.904016
2569.041018,431,267384.470198
1372.206824,303,267501.912098
-48.109178,41,267517.357551
537.256412,193,267590.059378
658.340988,221,267676.910211
147.293003,101,267716.706381
1490.019797,330,267843.711697
2613.568636,444,268016.069457
2377.907965,425,268180.106118
1566.341113,350,268321.207852
2492.595122,421,268497.292688
2019.704427,389,270015.886902
-14.151477,48,270034.507293
2777.39434,462,270216.541316
478.40444,170,270282.09702
1697.747876,361,270422.771357
1511.960479,332,270552.02134
147.685958,104,270592.6607
2333.910333,428,270757.050974
1684.262214,372,270898.318431
439.984564,172,270964.538052
2566.676798,442,271136.176331
250.908657,135,271187.439932
618.483306,203,271266.15234
358.016701,135,271318.723678
860.006334,253,271417.422647
1387.197006,316,271539.613661
2414.680065,427,271705.269265
1414.122537,321,271828.203816
403.226161,163,271889.113236
301.429372,155,271948.432385
1312.045316,304,272067.225117
2109.720006,397,272218.902783
471.450434,197,272294.121152
1082.892215,283,272404.108758
152.546483,113,272447.90028
604.212656,205,272527.524153
1458.650052,313,272647.911427
566.147522,214,272731.474537
1518.803313,333,272858.582662
125.316083,107,272900.870379
1534.64003,324,273027.602426
54.333992,82,273058.746058
1000.275451,258,273159.155741
840.174144,230,274564.797602
1026.770307,247,274662.082469
256.90147,150,274718.990905
966.356311,276,274828.209906
148.942994,110,274873.89335
169.004773,109,274916.489504
236.872157,140,274971.406233
311.198054,141,275026.902679
1039.575207,262,275126.977397
903.882765,262,275225.905402
1603.27286,318,275350.854167
2479.114822,427,275514.161044
1370.960312,320,275637.482767
2368.685961,432,275803.65806
-80.270906,63,275829.26692
64.656855,69,275855.982436
1144.012082,282,275966.583599
152.918386,107,276007.096867
1206.17114,299,276121.185983
1266.691006,304,276238.656823
268.796515,145,276294.249983
2342.146557,414,276453.827266
1975.873376,393,276605.150928
26.623742,67,276630.743996
350.565588,141,276684.620026
372.092772,158,276746.736054
163.767248,122,276792.37851
1683.616596,351,276941.530551
865.013687,253,277041.509111
2317.893303,426,277205.658611
1322.372625,326,277325.71214
1400.781138,318,277448.838566
115.230071,94,277482.838774
1328.199748,296,277597.754871
1347.277386,304,277716.120866
2639.249549,427,279113.438011
389.218705,154,279174.953498
376.633977,146,279232.010595
539.523799,187,279302.120525
606.85215,192,279377.210388
525.242471,184,279448.488098
2118.218068,414,279611.338969
2430.433284,427,279776.932183
1632.653256,322,279901.609314
611.734145,200,279978.328901
2507.876333,406,280134.95139
275.589027,140,280188.621591
227.53593,119,280234.546993
1006.050839,257,280332.989422
1888.628362,371,280476.82594
203.779513,129,280526.413502
684.260691,230,280615.448049
1026.828406,259,280717.448598
429.05011,180,280786.34029
1728.462662,354,280921.544414
1205.800868,296,281036.727591
1497.411496,332,281165.947347
289.435169,121,281212.573812
1465.842129,331,281340.062482
463.733048,173,281405.608865
422.907285,170,281471.05915
916.782,250,281567.710639
558.623784,207,281644.925685
244.495644,139,281709.006296
2620.498475,421,281870.552649
2004.855031,381,282020.397198
1778.12659,359,282158.947576
2928.142245,466,283713.728734
506.531916,181,283783.040103
565.570243,199,283858.693949
1280.195106,306,283977.48727
1796.164369,356,284114.740629
234.702469,139,284167.762996
709.50234,221,284250.86517
-9.353918,51,284269.41816
1375.732943,303,284386.231268
1362.649096,323,284510.959362
975.378071,261,284610.194044
291.908971,148,284665.15296
2578.054914,439,284834.088974
1028.094142,268,284938.597082
565.598151,199,285015.23338
2027.261396,400,285167.555093
864.889093,248,285261.638682
2846.791886,461,285439.575768
1061.673019,268,285542.997916
781.769629,233,285634.216908
1367.723945,313,285756.737122
1755.526643,334,285896.766018
2362.731386,433,286064.410164
1080.914111,275,286172.776321
966.087479,269,286275.045621
2205.767558,417,286438.72105
1228.773281,303,286554.501799
125.362373,108,286596.592377
1094.608168,274,286703.20478
713.568004,220,288206.963136
-6.55958,62,288232.185259
2221.772038,415,288392.444963
1141.681964,288,288506.278867
1197.722009,292,288614.15067
2350.687425,378,288757.780177
2203.327805,398,288911.409286
1796.662592,374,289055.267194
1090.358972,276,289160.639185
2429.93785,427,289326.161015
1841.943709,383,289474.933454
2638.278244,431,289643.643235
390.73863,166,289708.32756
1658.457337,348,289841.483452
2397.986883,428,290006.23244
3126.035744,491,290193.006357
2419.54158,425,290358.133156
2377.355096,427,290524.254848
859.23112,250,290621.529342
235.316082,118,290677.002753
1834.77948,379,290820.362134
646.89872,210,290901.060433
1932.986805,382,291050.800531
1133.157334,289,291164.296585
602.759331,195,291239.375744
765.086185,222,291327.345688
422.756006,178,291393.875982
766.644511,231,292815.280455
813.764204,244,292920.78202
210.149122,117,292970.928685
249.813019,130,293024.376534
2538.658315,442,293195.520947
1110.498898,277,293304.679039
2058.952932,398,293457.483267
2386.769364,437,293625.974822
134.547543,120,293672.823557
466.842135,189,293745.447306
970.015097,270,293850.867698
447.449871,183,293919.338398
1.831524,74,293947.659615
718.548563,229,294035.083649
2663.140955,455,294210.621394
1277.848586,307,294326.322378
475.38492,186,294398.638727
7.084592,63,294423.000532
2599.862475,441,294590.840127
1233.262277,301,294707.756432
2035.892843,388,294856.436099
1886.565472,378,295003.141137
1649.843565,347,295137.392551
1306.352306,313,295258.513514
1783.664611,357,295395.718939
153.208299,110,295438.347655
877.654212,251,295532.263268
3026.186484,448,295703.525573
107.538121,113,295745.905352
2642.355956,448,295917.656713
1952.895944,377,297431.076093
2353.300438,427,297599.204732
1763.821377,369,297741.78467
1498.353207,324,297866.281111
2362.996261,429,298030.702685
2017.17298,386,298180.517528
-10.690487,82,298212.513524
164.103648,106,298254.46986
461.613149,182,298323.211548
1632.542254,349,298459.388948
2528.523094,445,298640.640213
390.300802,157,298701.801952
539.967969,189,298776.437545
871.662652,246,298872.955248
1906.974412,382,299022.019123
94.325266,92,299057.745006
1138.076525,295,299171.722026
2902.042387,470,299353.912646
508.658394,202,299430.646372
393.831989,170,299496.122919
557.678608,202,299574.927891
1969.869996,373,299720.634656
774.122418,231,299811.127561
703.26616,232,299897.72929
2288.833423,398,300050.942813
144.127376,109,300092.048544
89.38863,106,300131.43163
2440.885731,437,300300.366853
1065.599028,260,300402.791305
1868.220865,360,300543.740762
133.291495,100,300581.012041
156.799558,118,302076.740119
308.769944,141,302134.267787
-82.801681,50,302153.270685
2809.703567,449,302332.8593
129.746105,96,302369.847778
2602.901132,445,302539.324005
1893.128373,366,302679.589425
481.339385,183,302749.698076
1031.245771,267,302853.966549
455.784043,188,302927.032544
497.490269,183,302997.810928
2257.957919,408,303156.904846
296.940943,148,303212.834498
1004.166368,271,303328.532726
319.211005,144,303384.387179
306.923911,137,303436.625985
2594.701035,426,303603.715677
494.286576,176,303670.708253
2195.026964,371,303818.107257
1664.441944,359,303956.996825
883.011365,250,304052.733489
169.446919,108,304094.657983
1364.126585,322,304217.874567
661.969811,219,304303.450533
2422.22729,399,304457.683199
2165.35657,400,304612.543811
1562.714071,314,304735.466017
139.237393,90,304770.896265
2187.715224,408,304929.078476
1479.127511,325,305054.977412
846.138494,257,305155.489196
1488.778245,329,305282.658442
1558.807473,345,306705.992667
270.294135,146,306762.035898
2830.955571,457,306937.909719
1216.619371,290,307049.390487
260.079176,144,307103.254878
2487.825091,429,307269.990982
2674.92918,427,307449.305458
574.097226,200,307531.35015
2473.056004,431,307698.629893
2271.483739,406,307858.368508
-79.682577,30,307870.192594
532.197567,168,307935.411972
220.010352,122,307983.285968
226.490161,130,308033.754833
2380.919923,433,308197.906814
2477.533755,401,308351.818815
712.865236,217,308436.32457
1098.677432,274,308543.876764
338.614502,138,308597.679203
129.054951,99,308636.905701
78.02394,112,308679.565119
1292.162359,302,308797.312166
1315.766734,309,308917.312732
925.533159,252,309013.251302
551.203265,199,309091.456367
1328.206064,321,309215.181246
1860.518993,375,309358.88044
2181.175136,416,309520.784781
399.395389,156,309579.444508
685.525483,209,309658.983483
677.594996,221,309743.58528
276.69796,136,309795.743528
1025.354606,258,311436.872177
611.946923,200,311515.827461
770.45529,226,311604.734346
2010.018703,387,311769.537693
2357.230967,435,311938.414416
1388.287959,319,312064.067868
2313.487728,426,312228.439846
2597.993087,443,312410.482819
1756.539841,337,312541.856412
1728.85656,329,312667.011836
1024.038336,263,312767.360952
637.164984,210,312850.588209
2592.43476,453,313043.522229
1851.231129,373,313188.401209
2880.515335,446,313359.17706
763.793448,218,313444.996221
478.336592,178,313523.312745
1338.275165,325,313649.40223
2089.449911,395,313800.426098
341.163085,155,313860.869177
2642.093723,452,314033.606375
588.214816,197,314129.557679
2801.611664,430,314293.910293
2451.223244,382,314438.280051
910.240255,258,314538.733007
708.959332,237,314630.701718
381.037303,161,315963.738655
215.153282,134,316017.6695
305.912323,138,316071.403784
407.711538,164,316136.306409
2074.731782,402,316288.364453
1113.425752,288,316399.809273
2577.073315,442,316587.047943
1492.793115,321,316711.897211
1064.994601,275,316814.133207
1794.99636,381,316962.617605
202.503772,125,317010.67184
248.69499,131,317072.933108
2592.898556,434,317243.055468
2649.936508,445,317415.649699
154.775378,119,317460.801495
1219.981156,287,317572.754181
2501.34331,443,317754.053444
199.076941,132,317803.792644
1724.430578,357,317944.880113
796.153347,235,318036.882072
533.597202,174,318104.415251
1173.870373,296,318216.707355
471.978736,197,318304.374952
1255.984671,295,318415.963837
404.6933,160,318477.587839
1305.744907,298,318594.84582
2714.229891,443,318768.208493
780.587543,211,318850.398773
303.645454,127,318908.638763
132.576695,120,318954.19097
2595.380422,440,319124.945233
1416.274821,325,320832.024026
385.536055,164,320896.777948
298.362779,141,320954.212361
1058.709759,275,321060.941996
1220.06403,294,321174.346216
2459.499763,442,321354.930717
2917.942904,472,321535.792969
1715.701305,323,321662.464794
2672.754863,431,321830.142759
65.702667,73,321870.202588
783.202795,230,321959.82585
1196.721624,287,322072.63793
826.623355,240,322165.442709
1699.358757,351,322299.244076
1485.977793,339,322429.212989
1499.349576,333,322568.307791
583.455768,196,322645.566021
423.920636,166,322709.730191
1921.892178,383,322857.894028
1119.72742,275,322964.321805
1831.735127,352,323112.87804
-92.508003,58,323134.28553
2423.209632,427,323297.821552
1339.035137,310,323417.803614
658.921298,208,323497.658882
976.88427,272,323599.168012
1229.22437,293,323723.540312
2430.961085,430,323891.804677
561.614361,182,323960.796548
2529.204235,437,325546.777432
1307.141245,309,325666.192908
823.447945,241,325759.883494
680.750536,207,325839.703687
503.138588,192,325914.23331
1817.949524,369,326060.326582
431.22899,151,326127.218551
2933.657476,452,326301.500256
280.714221,138,326354.926942
2521.344337,427,326519.647263
1734.768808,350,326665.950058
895.062129,265,326766.078109
873.446031,260,326867.23159
831.342003,236,326957.753057
2649.733232,441,327126.549298
1847.035624,363,327279.154766
1082.511494,267,327384.89331
882.91432,243,327478.866829
1303.997894,305,327596.307139
2401.526623,430,327760.817275
610.340887,207,327840.535728
444.045596,180,327921.920382
1898.682811,340,328053.048626
1272.457902,294,328165.816481
1764.239705,356,328304.884331
2109.24267,417,328478.564154
2664.480456,457,328655.453728
540.695944,199,328732.507264
294.312772,147,330161.25948
1937.871518,385,330325.175179
2838.669627,438,330496.721567
-44.796498,37,330511.062568
1185.963101,286,330618.710204
175.956972,110,330662.448679
36.547335,77,330691.501157
102.255087,99,330729.854798
276.4528,148,330788.086103
1134.252634,265,330903.432478
1027.831539,266,331008.013214
2922.64485,449,331181.548208
2428.057203,426,331346.826619
73.859814,96,331382.563758
963.074843,255,331493.409396
2829.774491,440,331665.344241
673.30903,227,331752.021327
2536.521453,436,331922.160511
545.105718,189,331994.818721
394.915806,172,332073.807331
2330.236394,376,332220.043663
1087.414656,279,332329.101348
1765.089111,362,332470.402797
2496.705238,436,332641.827049
2445.701835,439,332821.463563
1931.7732,387,332972.095874
383.94032,171,333037.071373
1822.217607,367,333179.100201
651.720622,183,333259.966335
3320.997926,461,334823.857523
1109.342248,272,334937.033738
1887.488785,384,335099.737488
100.54816,97,335138.313204
953.67452,267,335243.447986
612.116862,212,335325.232558
1162.313853,278,335430.294464
2584.57752,440,335602.758189
84.555831,94,335638.30538
2400.841977,431,335814.117938
1197.914988,310,335934.975343
361.370383,164,335997.117058
1150.782063,288,336108.494945
221.891129,121,336154.151106
2407.493451,439,336334.569368
983.559304,279,336452.847799
256.182519,131,336506.974097
325.382421,144,336565.631471
2870.657647,432,336731.569527
511.033239,181,336798.968731
2449.630375,428,336974.52316
1114.667661,284,337084.211991
617.896018,196,337160.288785
1719.021051,348,337294.137068
1273.565896,304,337411.391936
2618.692044,452,337597.909638
2826.742801,452,337773.884235
1917.355226,383,337921.86901
1296.007542,309,338042.792056
541.043145,203,339485.643177
1050.352979,274,339605.017878
2524.087787,459,339783.573424
2471.842894,426,339963.348705
691.472773,224,340050.808006
1294.174836,304,340169.441483
1145.2932,288,340281.278046
664.455541,207,340362.968559
361.925273,150,340420.342201
892.812748,258,340531.239185
2164.186298,402,340685.701084
2674.333982,436,340854.658793
1251.073246,283,340963.920668
3471.731822,505,341170.550091
1913.471761,375,341312.87744
2344.136304,432,341478.789144
2587.438368,448,341657.182317
209.511345,133,341715.039469
818.504839,247,341811.048488
2292.4293,387,341961.456816
407.455539,157,342021.80695
2943.068368,443,342193.436305
1142.390605,288,342315.943036
1188.729919,295,342431.828895
338.080963,145,342488.666724
1043.951659,250,342586.650513
1073.509188,277,342691.925812
1114.37802,276,344215.963241
191.94201,111,344261.046781
1269.418319,287,344360.907063
1252.512487,303,344460.087453
2010.035467,379,344584.653277
1791.151851,364,344720.60135
1050.533025,263,344808.036324
1827.634358,352,344921.10086
1999.094976,390,345047.27678
1951.758897,379,345191.803092
1820.606587,362,345341.407223
1594.847558,344,345474.423161
1017.057868,266,345578.046439
7.457844,93,345613.141277
1474.778049,320,345737.844054
2058.982593,394,345900.953568
1641.553497,341,346032.691461
-24.583199,52,346052.965531
1195.820595,280,346162.506273
488.168063,193,346235.51582
854.440577,235,346326.8752
257.327525,149,346382.775151
372.393718,159,346442.732878
635.934615,203,346532.836717
1804.431307,368,346676.495137
236.030956,123,346723.274649
2715.727487,442,346894.034578
754.031986,236,346984.881027
3788.923959,516,347196.996104
800.487609,236,347289.02814
3376.90561,460,348813.342985
2365.983821,431,349125.004121
722.015377,224,349279.01867
18.974014,69,349342.245288
2742.197017,427,349854.905645
239.810497,129,349909.415392
1247.079498,303,350063.701398
284.547352,137,350133.112088
2567.500994,429,350327.145715
2103.529716,411,350522.837387
1505.490758,333,350710.603894
370.504125,168,350795.543861
2801.596639,461,351002.645039
2066.666248,401,351170.286585
2159.51713,390,351378.038512
2272.448994,421,351585.15045
1040.446563,277,351723.164147
1832.550523,364,351974.934855
784.889729,219,352084.831497
1358.237025,308,352224.918787
371.072037,146,352292.638944
712.411631,232,352413.830704
1514.295197,336,352677.738972
2908.078835,448,353016.994004
2759.920576,457,353716.340369
1348.242825,317,354084.207545
491.370429,196,357366.524706
3200.377364,461,357663.086765
741.155722,236,357788.234752
966.982796,250,357942.442403
1467.973506,319,358115.040801
359.623002,158,358190.314889
301.243655,135,358246.18614
1436.140535,329,358386.802054
2061.719194,397,358630.889578
1232.703306,311,358755.373122
2461.958036,416,358923.084021
830.36293,239,359013.546573
689.021202,214,359112.511636
2364.820239,425,359275.011862
2090.332134,398,359431.089326
662.896379,211,359516.56546
1243.161465,299,359631.781088
925.877976,253,359754.341205
1094.580103,279,359865.433674
2067.050886,376,360009.729274
383.019514,171,360073.966053
2816.288311,442,360262.240737
2238.858461,428,360427.887306
1272.035014,290,360540.232091
2554.270023,433,360709.769726
778.819343,216,360793.666777
2438.294385,429,360975.469128
1692.480964,362,362410.16404
983.702445,256,362515.477544
1941.40782,376,362677.28126
2223.453355,417,362839.465847
2346.894757,422,363002.38624
2584.214931,424,363166.238498
540.717459,201,363241.881067
94.80352,77,363271.395557
877.957263,274,363379.474736
193.016664,113,363428.363471
1789.020257,366,363572.346757
901.505585,270,363677.070411
454.429679,175,363742.049965
505.768475,171,363807.623486
47.996755,94,363843.773514
2607.485179,440,364012.629162
2244.577916,419,364170.446742
195.284981,139,364223.209944
2478.922266,442,364391.238314
266.604062,134,364441.90966
1521.302507,334,364569.371925
1634.317091,355,364701.963905
2478.931936,443,364873.583367
1430.544968,322,364996.682274
1534.440333,339,365125.021332
599.858159,190,365198.506784
1027.084573,280,365306.324018
875.725881,239,365397.915389
2526.395146,422,365559.832811
591.45171,199,367188.997592
2095.531783,401,367349.5883
1991.598413,372,367512.107936
1434.178406,302,367630.121637
2635.17852,428,367793.389831
2203.777659,418,367955.105335
966.588452,263,368055.257214
2985.966364,440,368223.978829
2229.454696,409,368379.348436
330.527796,144,368435.047915
1670.672178,348,368570.919456
1102.31931,284,368678.241291
1115.588164,268,368779.665882
2542.007012,441,368950.428741
153.296996,107,368990.351586
1272.711294,309,369106.952091
1747.37173,356,369243.851026
914.26748,247,369338.666842
1006.040979,275,369441.885057
290.368937,148,369500.31608
1288.996911,284,369608.578274
1293.784255,313,369727.314028
1435.565837,297,369840.129564
1857.956433,377,369983.372148
622.621933,198,370058.380725
1524.462883,331,370184.206199
665.348955,207,370264.961104
247.188084,152,370322.75787
1710.849207,325,371904.302864
1221.513793,300,372022.220477
1832.598532,376,372167.272711
1988.278603,375,372311.210449
181.727512,109,372352.407916
1267.907108,293,372465.716586
2524.428382,445,372637.958616
1910.360226,374,372780.926835
982.353905,263,372881.245956
568.63147,188,372954.074802
25.321203,87,372987.983754
392.230075,190,373060.354146
517.735476,181,373129.608965
2643.068659,402,373286.369156
2108.827784,406,373443.324133
642.95086,204,373518.918424
1808.986445,379,373662.977237
1133.221628,291,373773.057191
666.914673,215,373855.802879
1561.788654,324,373980.121036
1657.08728,352,374112.179904
2511.92828,419,374274.485551
2704.816279,457,374462.595291
258.061808,136,374515.918591
2414.105061,429,374678.773581
1484.173638,326,374806.184671
2594.130505,450,374978.137509
725.877016,232,376476.12822
910.00007,269,376583.960173
1577.835594,350,376717.71121
3252.534397,439,376885.179533
2593.455315,447,377061.534576
2509.37211,432,377229.437343
1744.891279,350,377365.076445
704.616009,215,377448.418443
1769.441019,346,377580.400334
317.572628,147,377635.3313
544.237974,189,377706.756132
2971.691882,438,377872.185213
2130.720846,389,378020.01585
2192.626164,415,378178.309013
977.260339,238,378283.979436
1040.813554,290,378395.151816
1241.887307,295,378507.377236
909.77846,262,378606.588238
637.742858,210,378686.537059
975.346817,256,378784.72096
1339.652322,287,378893.866408
956.563714,261,378994.242719
1148.220367,289,379103.182222
213.506593,124,379149.358485
2310.145431,425,379311.772121
824.517511,240,379405.20399
704.229367,233,379490.774872
531.199674,180,379559.366786
2452.818896,426,381109.66103
2253.012574,370,381256.416907
-18.758735,61,381280.909787
862.983945,248,381378.315066
1904.061698,363,381520.438141
1559.363136,311,381638.336296
600.82499,196,381714.985961
2406.530075,431,381876.969943
1179.440072,283,381987.401539
-24.104411,61,382011.125419
1809.406502,354,382147.694863
1201.447569,280,382254.4238
25.534973,79,382282.638859
1282.144942,315,382401.817773
374.611853,157,382463.302945
2058.381978,402,382618.61148
320.244518,158,382678.74589
2964.559263,481,382862.078944
-75.456676,34,382874.273566
2530.084264,427,383037.764987
3119.339999,445,383208.771723
1855.814497,359,383349.189764
2477.006649,437,383515.870407
291.90006,143,383568.9029
1710.431138,352,383718.740852
2823.804722,451,383893.268972
189.211213,121,383939.281046
745.238002,229,384026.115995
2268.891644,417,384197.589346
1202.358741,288,385848.357654
1191.835185,278,385960.356966
234.445891,140,386013.995593
1878.808822,351,386153.349588
3842.475955,485,386340.420917
7.247491,70,386366.268216
879.154637,244,386461.097932
2504.640485,437,386627.886682
1381.535737,333,386753.82209
1167.252401,285,386864.790231
2551.737027,431,387029.054798
1452.010146,323,387152.637445
1702.182221,341,387279.250113
1860.945622,355,387413.953952
1363.15333,286,387525.611098
677.282009,225,387610.441547
989.243601,272,387713.301894
2433.686331,429,387892.645605
1673.743289,359,388029.890184
2499.162673,429,388187.324999
658.804086,202,388265.905254
2385.405223,433,388436.878352
1876.646357,384,388586.018659
2579.127296,442,388752.852745
1530.63312,340,388883.91482
1898.146937,393,390508.472742
2521.967787,444,390686.157474
422.326624,164,390747.542937
878.446329,264,390848.126315
957.364988,267,390951.63552
1151.974604,290,391062.549139
1838.519223,344,391194.66501
1225.888029,305,391315.043884
2687.482809,441,391483.604055
2471.622232,436,391648.235739
1512.283052,318,391769.499713
201.982889,126,391818.80635
447.833832,183,391888.422533
1370.747397,321,392010.269938
1466.373218,310,392149.012175
3089.122563,478,392333.835627
2286.564388,425,392496.386545
663.269315,206,392574.628035
-75.456676,34,392587.983361
235.508375,120,392634.977504
1204.725836,294,392748.150861
1799.471898,372,392889.040222
2645.585388,451,393061.042963
397.257402,164,393124.971919
1383.405591,315,393246.540325
432.57295,169,393309.332758
2548.041839,432,393474.574302
514.883724,183,393545.119601
15.940889,69,393571.135647
2478.764196,435,395047.525661
293.329673,139,395101.79484
2099.083553,386,395233.433091
2013.678935,379,395359.567574
309.650993,148,395408.447033
116.121289,118,395447.18815
2340.741405,427,395586.364836
140.200743,101,395619.581286
128.459315,100,395652.400442
1228.173299,285,395747.444496
2358.481964,432,395887.233931
976.422992,252,395969.592243
1877.822558,376,396092.788695
1321.159764,281,396185.211727
2353.499125,425,396342.535928
1598.946104,349,396455.274845
2621.342698,416,396591.130893
1665.580931,343,396704.142409
2143.975538,405,396834.657912
501.858564,186,396897.052394
1096.058261,282,396989.975144
1895.593327,377,397111.114622
946.855831,256,397195.595155
1278.435214,285,397288.543851
2555.450807,439,397431.197038
1271.234959,328,397536.718384
1664.329683,353,397650.470557
3001.537325,463,398999.276155
3918.321361,528,399178.28685
2230.094902,412,399313.461937
1034.075434,245,399394.168945
97.187103,91,399423.61537
307.279938,151,399472.878735
1185.703859,279,399563.278319
437.639795,180,399623.637467
1700.214257,362,399740.913231
1767.626503,357,399856.227497
2244.606048,426,399994.478019
765.931826,226,400067.209702
511.965405,187,400127.893424
1488.348126,328,400235.300052
2292.564876,414,400368.692957
1459.249998,319,400472.044047
972.166703,264,400556.221405
2471.673583,426,400693.206547
265.726921,139,400738.358406
180.184751,109,400773.794581
1571.653389,326,400876.989599
1469.050358,332,400982.61766
918.421787,250,401080.521941
1864.846187,350,401196.683073
1639.559978,344,401306.255556
2345.964681,431,401444.926012
2453.045968,433,401586.620933
399.890595,162,401640.106471
135.492454,96,401686.085587
